text,label,language_tag
eka iwarayi jek un koheda giye kiyala,0,singlish
hondayi wadda kiyanna oyata eyalagen ahanna ona kiyala mama ina kola enduma gannam mama hithanne me nambar eka tikak wegawath kiyala winadiyak inna,0,singlish
mama meeta pera kawadawath prasiddhiye netuwe nehe oba wishishta lesa natanawa,0,singlish
me wage weda bari athal danne nathuwa tikak hithapan oya wage kenek.,0,singlish
oba nana kamarayata ya yuthu bawa obata semawitama pewasiya heki thak kal mama sadayen iwath wanne keseda yanna paripurnayi,1,singlish
"ane manda uba, mole kalpana nathi wage behave wenne ai? hariyata behave karapan.",0,singlish
balanna oba heta rathriye newatha nagarayata peminenu etha api rathree aharaya ganimu eya katha karamu mama apasu noennemi mama etlanta dhawanaya illa sitimi,0,singlish
"oya hariyata awajathaka  wage wada karanawa, boruwata katha karanne.",1,singlish
oya monawada methana karanne ethakota paththare kiwwa weda tikak lihil wela thiyenawa kiyala hithuwa ekak ithuru weyi kiyala,0,singlish
balanna e begaya eya regena eliyata a eya kisi dinaka eyata atha nothebu athara mama kohen eliyata aweda netha,0,singlish
"uba, meka nam gon harakek level ekak. oya wage aya nisa thamai mehema wenne.",1,singlish
me video eka balala comment karana eka ta kiyanna one boru karaya wage wada nawaththanna kiyala.,0,singlish
api oyawa balanna awa wediya karadarayak nethnam apita kema tikak odar karanna puluwanda,0,singlish
mechchara kal karnal oya dannawane mata mokakda kiyala,0,singlish
eya uru nowe nam eya akuru hathak wiya,0,singlish
mama guruwarayage surathal niyojithayeku laba ganimin sitimi mama e gena karadara nowannemi mehi awata sitina boho minisun owunge guruwarun surathal sathun bawa oba sithiya yuthuya,0,singlish
oya monawada karanna yanne kiyala kalin balaganna,0,singlish
manusheeya pariwarthanaya matha randa pawathina ekak oba asala wadi wee sitina wishayaya,1,singlish
minisun etharam sarala netha oba pewaruma sampurna nokalahoth obata dawasa sandaha binduwak lebenu etha,0,singlish
uba nam awajathaka wage ne hariyata.,1,singlish
mama apahu enakota apita me gena katha karamuda ow jefri,0,singlish
dennage nattuma maru ane oyla videos danakm man balm ino ane harima lassani man kamathi oya dennatama man gaguli thrushika ️️drnnma parissamen inna ..budusaranai,1,singlish
"hariyata baluwoth me comment eka danapu eka awajathaka  wage ne, poddak mole pawichchi karapan.",1,singlish
awasana washayen samanya buddhiyen oba adahas karanne kumakda yannayi,0,singlish
"uba, meka nam wikarayak level ekak. meka nam athi.",0,singlish
ewita mama kisiwak wenas nokala yuthuya netha mama kisiwak wenas nokarami,0,singlish
eya andina de mata kamak netha eya obawa ridaweemata hethu wiya,0,singlish
owun eththatama eyawa paripurna kala,1,singlish
parissam wenna sanda enna mama keti wela,1,singlish
uba nam mole nathi ne oya wage aya nisa thamai mehema wenne.,0,singlish
"ane oya ge reply eka, gon hariyata behave karapan.",1,singlish
oba kawuda mage nama kasim,0,singlish
e wage napuru belmak thiyena eya pudumayi neda oyata mama dakinna one monawada kiyala,0,singlish
"ane me wage wada karana aya, gon athal karaya hariyata.",1,singlish
me wage wada karana aya mehema karanne awajathaka wage nisa da? hariyata.,1,singlish
oyata be mata e muthu gannath oyatath be,0,singlish
"me comment eka danapu eka, meka nam gon level ekak. meka nam athi.",1,singlish
oya gon boruwata katha karanne.,1,singlish
api dennata pramanawath tharam winoda wenna oh ehema godurak wenna epa,0,singlish
mehema wada karana eka mehema karanne awajathaka wage nisa da? hariyata.,1,singlish
oh margaya obe nama mokakda e,0,singlish
pasugiya sathiye ejansiye kshethra niladhariyek rusiyanu jathikayekugen rusiyanu jathikayeku miladee geneemata giyeya,0,singlish
oya ge reply eka ge me wage gon harakek comment dakkama epa wenawa.,1,singlish
sathiyak api balan hitiya niyama welawa enakam mata hengenne mawa paripurna minisek bawata path kala wage,1,singlish
oya kohomada miniho narakak neweyi narakak karanne,0,singlish
me video eka balala comment karana eka mehema karanne gon harakek nisa da? ne.,1,singlish
ikman karanna mata mokada den oya eyata kiwwe neththe,0,singlish
oya ge wada ge kathawa ahuwama boru karaya kiyala hithenawa.,0,singlish
oya wage kenek ge kathawa ahuwama gon athal karaya kiyala hithenawa.,1,singlish
oya ge post eka ta kiyanna one gon athal karaya wage wada nawaththanna kiyala.,1,singlish
oya keptan puduma keptan ekka monawada kale,0,singlish
"""godak lassanai akki e wagema oyath godak lassanai hadhawathinma subha pathanawa",0,singlish
"ane manda me wage wada karana aya, gon harakek wage behave wenne ai? kata wahagena inna.",1,singlish
ohu chayarupaye pawasanne ohu heta ekolahata katha karana bawayi ewita apasu noenne eyi saha obama sawan denna oh api newatha ennam obata eya ottu thebiya hekiya,0,singlish
oba sathuwa mudal thibiya yuththe dolar kihipayak pamani,0,singlish
"ane me comment eka danapu eka, awajathaka wage me wage wada nawaththapan.",1,singlish
"uba hariyata gon wage wada karanawa, machan.",1,singlish
"ane mehema wada karana eka, weda bari kata wahagena inna.",0,singlish
"hariyata baluwoth oya awajathaka wage  ne, meka nam athi.",1,singlish
eyi mama hekiyawan soyanne neththe,0,singlish
yesus kristhus api negitinawa,0,singlish
wathayata athurudahan wana de karanna,0,singlish
samawenna yaluwane api ape prawaha seerumaru karanawa nam hondayi,0,singlish
oba pariwasa bharayata path wu da sita oba motar rathayak pedawuye netha yana prashnayata pilithuru denna,1,singlish
kappam gonuwa eyayi sthuthiyi newathath ema enduma andinna epa mmm mata oba noesu de,1,singlish
oba mulinma karana me chithrapatiya mokakda heree mama ekata uththarayak dennam,0,singlish
e mokada oya ekaparatama mahansi wenna theeranaya kale ude hayayi,0,singlish
parana lakunu nirakaranaya kireemen obata paligeneemak yeyi pewasiya hekiya eya apawa siragatha karana gon katha godak weni ya,1,singlish
kamak nehe adaraneeya ohuta dukkitha thathwaya etha mistar konwe mama me sthanayata kemathi nehe mama eyata kemathi nehe eya adbhutha wediyi,0,singlish
e jesee thawamath padinne yeyi minisun sithana thak kal kalliyata thibu keerthiya nisa apata lebiya yuthu gaurawaya kisida nolebenu etha,0,singlish
kumak sandaha obe dora arinna,0,singlish
eththa washayenma mama oba gena sathutuyi oba obe sarthakathwaya sandaha boho wehesa mahansi wee weda kala ow mata godak amaruyi thaththa katha kala,0,singlish
api thawa tikak uthsaha karamu api oba mata wiwekayak dennemu,0,singlish
mama obawa mehi thabanne netha mama obata pawasana paridi oba perani eka wetha langa weemata uthsaha karanu etha,1,singlish
"oya ge post eka hariyata awajathaka wage  wada karanawa, kiyala therenneth ne.",1,singlish
eya lokaye sitina apuruma kanthawa eyawa mage manasin iwath kala noheka eya pudumayaki eya mata sithuni,0,singlish
samanya minisek obata penena paridi wipakaya pasupasa yana wita wenath welawaka api yannemu,1,singlish
mokuth ne kiyanna ochchara wihilu monawada kiyala,0,singlish
oba sandahan karanne meya apata eththatama sudusu deyak deyi sithanna,0,singlish
apirisidu kaha mee awajathakaya eya obe idiriyata thallu nokaranna ema pirimi lamaya obata adaraya karayi minisa,1,singlish
api mokada karanne minihekwa ethanata rahas niyojithayek yawanna,0,singlish
"ane oya wage kenek, gon athal karaya poddak mole pawichchi karapan.",1,singlish
ohu nengenahira shantha luyis hi ohuge mawa samanga nenda keneku beleemata giya athara ohuge mawa thaniwama yana bawa mata aranchi wiya,0,singlish
ane mage padaya nidi enna api yamu,1,singlish
"ane manda oya ge idea eka, awajathaka wage  behave wenne ai? tikak igena ganin.",1,singlish
thuwakkuwak pa course malawata wedi thebiya yuththe eyi kiya oba polis niladhariyata wedi thebeema,0,singlish
sohon kollakaruwan wiya hekiya,0,singlish
gona ehenam mama inne oya math ekka inna salli walin,1,singlish
mama wihiluwak lesa penunada etharam hurubuhuti ikman wee enda pelanda nositi bawa itha wiwthawa pewasee ya,0,singlish
heyi api me ude pandara palliye jarawa gena katha kala yuthuyi den api betalu petawa matha sitimu,0,singlish
uru katussa nethi wee yayi bala sitinna uru katussa pariwarthana paripathaya sakriya karana lesa owun thawamath japa karanne eyi,1,singlish
oya wage kenek nam gon ne lajja nadda.,1,singlish
eya obe mudal ya oba pitathata yana wita eya masa hayakin mehi peminenu ethi athara oba mata pawasanne obata mema mudal kisiwak awashya nowana bawayi,0,singlish
me comment eka danapu eka gon me wage wada nawaththapan.,1,singlish
mama illanne dolar wisipahak watina begaya niw york wetha gena yamata pramanawath ges pamani namuth mata begayak lebuna mage birinda mata naththalata dunna,0,singlish
"ane manda mehema wada karana eka, moda wage behave wenne ai? hariyata.",0,singlish
siyaluma warga lekanaya honda hethuwa mata obawa newatha dekeemata awashya netha,0,singlish
obata panayak awashya yeyi mama nosithami ebewin obath ese nokala yuthu ya,0,singlish
loku balaporoththu gena oya monawada hithuwe mama balaporoththu wune eka neweyi,0,singlish
oba sitiya nam eya athiwishishta wiya eya eethar wilbar pamani,0,singlish
oya ge reply eka ge kathawa ahuwama gon athal karaya kiyala hithenawa.,1,singlish
me video eka balala comment karana eka mehema karanne gon athal karaya nisa da? ban.,1,singlish
oya ge post eka mehema karanne kata witharai wada nisa da? kata wahagena inna.,0,singlish
oya ge wada mehema karanne gon nisa da? meka dakka gaman hina yanawa.,1,singlish
"ane manda oya ge idea eka, wal buruwa wage behave wenne ai? kata wahagena inna.",0,singlish
eya hedee wedee miya giyaya,0,singlish
eya jeewath wana ege pawule mama mithuran mama danimi,0,singlish
ow hondayi oba ma samanga gaman kireema gena sema witama oba eththatama adahas kale ma bawa oba dena sitiya yuthu netha,0,singlish
obata kala hekke obata kala heki de pamanak wana athara pasuwa steew ema thuwala wu desin oba desa balanne oba daruwan gena thekeemak nokarana lesaya,0,singlish
me wage gon athal danne nathuwa tikak hithapan me comment eka danapu eka.,1,singlish
oyala tham inne dubaida. yuddaya thama thiyenawada. wisthara tikak kiyannakoo ilaga vlog eken kiyannakoo. parissamin inna.,1,singlish
oya ta kiyanna one wikarayak wage wada nawaththanna kiyala.,0,singlish
menna mama wayu sameekarana yanthraya prathikshepa karannam eya wayu sameekarana yanthraya nowe mawa seethala karanne kisiwak mehi chalanaya nowe obe kurullan pawa,0,singlish
seeya oba amaru deyak gena sithanne nam obata penena paridi eya sidu kala hekiya,1,singlish
me wage awajathaka wage athal danne nathuwa tikak hithapan me wage wada karana aya.,1,singlish
oba sathuwa pensalak saha kadadasiyak ethnam mama eya obata laba ganne keseda yanna mama obata kiyami,0,singlish
oba mema gamanedee paththayin regena giyada pirimi lamayinta yuwalak lebee etheyi mama wishwasa karami,0,singlish
ne mama hithanne mathdrawya nobona eka moda wachanayak,0,singlish
mama kiyanne awurudu hatharak gathawee ethath oba thawamath obe dikkasada pathrikawata wasara thunakata athsan nokala bawa pamanayi,0,singlish
ohu koheda oba thula ohu sengawee sitee,0,singlish
den kohomada oyage mathakaya nethi wenne kiyala mama danne nehe oya monawa genada katha karanne kiyala,0,singlish
eyi mokakda weredda oba danna paridi watina paribhogikayek,1,singlish
eka barapathala deyak neweyi oyage prashne mokakda mama oyata kemathi ne,0,singlish
mama kemathiyi obe swabhawika dakshatha mata thibuna nam dewiyan wahanse oba gayana karana wita saha natana wita ek warak pamanak ema sancharaya karayi,0,singlish
mokakda me umbala ge gon wada? machan.,1,singlish
e welawe neweyi ithin kawadada apiwa ekkan yanna enne,0,singlish
hudakala weema kesedeyi mama danimi,0,singlish
oya ge idea eka nam gon harakek ne thamuse.,1,singlish
mehema wada karana eka awajathaka wage kiyala therenneth ne.,1,singlish
mama biyata wada lejjawak nodanimi mama mema wesmuhuna pelanda sitinne sengaweemata nowa arakshawa sandaha ya,0,singlish
kunatuwak hama ena wita api methenin pitawiya yuthu yeyi keemata apahasuya,0,singlish
ow sar paripurnayi,1,singlish
"umbala, uba nam gon danawada mokakda kiyala.",1,singlish
"me wage wada karana aya, meka nam gon athal karaya level ekak. hariyata wada karapan.",1,singlish
mama hondin sambandhayi royi kol oba adahas karana obe therewkara wanchawa karagena yana apata itha watina boho pudgalayinta mawa handunwa dunneya,0,singlish
"me wage wada karana aya, meka nam gon harakek level ekak. danawada mokakda kiyala.",1,singlish
mata oyagen luthinan kenekgen deyak ahanna puluwanda oya kohomada meka karanne kiyala mama kiyanne api tikak kuthuhalayen inne api kawuda kiyala,0,singlish
hondin athata atha deema mage birindata wedi yamak nokiyayi,0,singlish
oya ge reply eka ta kiyanna one gon athal karaya wage wada nawaththanna kiyala.,1,singlish
oyage merunu yaluwa jek ow eya kiyanawa mama thawa dawas dekakin rakusek wenawa kiyala oya mokada hithanne,0,singlish
"me comment eka danapu eka hariyata awajathaka  wage wada karanawa, machan.",1,singlish
eka thamayi mama apahu ennam eka moldewiyanu bhashawen ralu pariwarthanayak,1,singlish
"mehema wada karana eka, uba nam gon meka dakka gaman hina yanawa.",1,singlish
den pasugiya masaye kisiwak netha pasugiya wasara kihipaya thula kisiwak netha kisiwak netha,0,singlish
owun oba weni nidahas nidahas sewakayekuta langa wu wita owun mata katha karayi oba obe jeewithaya awadanamata lak karanne mandeyi mata wikalpayak netha,0,singlish
oya ge reply eka ge kathawa ahuwama gon kiyala hithenawa.,1,singlish
mata thawath ne halo halo oyawa goda kalekin dekke ne,0,singlish
oya ge post eka nam hariyata therumak nathi ne.,0,singlish
oya ge idea eka ge kathawa ahuwama awajathaka wage kiyala hithenawa.,1,singlish
"oya ge reply eka, meka nam awajathaka wage level ekak. me wage wada nawaththapan.",1,singlish
"hariyata baluwoth mehema wada karana eka weda bari wage ne, ane.",0,singlish
mehema wada karana eka ta kiyanna one gon wage wada nawaththanna kiyala.,1,singlish
chithrayen dekwenne shathawarsha gananawakata pera jeewath wu sankara nam pujakayeku liyawille pawasanne kumakda yannayi,0,singlish
e nisa api winadi thuna begin sampurna kuda tenki dekak laba gaththemu,0,singlish
"""ape scl eke akkila denek ??eda idn a yalu kama tynw adath ekta dakkiddi ?? sathutui??",0,singlish
oya ge wada ge me wage weda bari comment dakkama epa wenawa.,0,singlish
oya ge reply eka nam awajathaka wage ne kiyala therenneth ne.,1,singlish
"uba, meka nam moda yakku wage level ekak. machan.",0,singlish
oya hithanawada eya arakshithayi kiyala,0,singlish
hondayi pehediliwama kawuruwath oba dewa gena karadara wiya yuthu netha mage nama dewamaya nowe eya hondayi,0,singlish
"ane oya ge post eka, gon harakek ban.",1,singlish
"""lankawe kiyala adura gatthe jathika kodiyan.harima lassanai",0,singlish
"oya ge idea eka, uba nam awajathaka wage oya wage aya nisa thamai mehema wenne.",1,singlish
mata nethi wuna mistar apassata yanna baba mata mokuth penne ne,0,singlish
saha loku de gena kumak kiwa hekida ohuta awasanaye yameku ohuwa soya geneemata yayi ewita owun apawath soyannata patan ganeewi,0,singlish
oya wage kenek ge kathawa ahuwama gon kiyala hithenawa.,1,singlish
"oya ge kathawa, meka nam wada nodanna level ekak. meka dakka gaman hina yanawa.",0,singlish
mama diwa aharaya manga heriyemi puthata kemata pramanawath wiya,0,singlish
mama ada ohuta sadharana lingikathwaya pilibanda sanwedeethawa pilibanda ohuge palamu padama laba dunnemi eya karanna epa awajathakaya,1,singlish
"ane oya wage kenek, gon lajja nadda.",1,singlish
mama obata iwathwa yamata awasthawak dena bawa api danimu,0,singlish
wekum kleenar wikineema obata thibiya heki hondama sudanama nowana bawa mama salakami,0,singlish
mama janelayak gena eseemata akamethiyi mama eya wesikiliyen soda demuwemi,1,singlish
parissam wenna parissam wenna,1,singlish
oya ge post eka nam gon tikak igena ganin.,1,singlish
obata metharam kalayak gatha wu de mage dath burusuwa soya geneemata noheki wiya,0,singlish
mata puthun innawa kiyala oya kohomada denagaththe mokada oyata denna lamayi nethnam oya mankolla kanne nehe kiyala,0,singlish
pipireemata pera ho pasuwa mama nodanimi,0,singlish
"oya ge wada hariyata awajathaka wage wage wada karanawa, hariyata.",1,singlish
oba eya ganan gaththe netha eya kisi witekath mage mudal nowe,0,singlish
"oya ge post eka, uba nam gon poddak mole pawichchi karapan.",1,singlish
adaraneeya semiya adaraneeya birinda,0,singlish
"me video eka balala comment karana eka, uba nam weda bari lajja nadda.",0,singlish
"ane me wage wada karana aya, gon ban.",1,singlish
mona minisekda eyi oba honda hathare ashwayek namuth obata bim margayaka ya noheka,0,singlish
oya ge post eka nam gon poddak mole pawichchi karapan.,1,singlish
meka gon wedak machan mama me awurudde supiri pandu yawanna inne oya ekka ho nethuwa den oya katha karanawa,1,singlish
api ehema karanna ona ne oya mokada karanne kiyala mata kiyanna,0,singlish
ohuta eya wikineemata awashya nowuye eyideyi mama nodanimi samaharawita sengawee siteemata awashya wiya,0,singlish
mokakda me me wage wada karana aya ge gon harakek wada? oya wage aya nisa thamai mehema wenne.,1,singlish
aparade apita eyawa peyakata penna be peyak yanakan hellenna be,0,singlish
"ane oya ge kathawa, loku talk karana moda meka dakka gaman hina yanawa.",0,singlish
obata awashya siyalla laba gatha heki bawa winadiyak denna,0,singlish
obata kiyanna behe janadhipathithumata janadhipathiwa apahu path kala kiyala den api ahala balamu mage hithawath janadhipathithumani,0,singlish
mage pek eke thiyena gon penuma,1,singlish
ne jon mata pena ekak neweyi ehenam mama kisima deyak wenas karanna epa,0,singlish
"hariyata baluwoth me video eka balala comment karana eka gon athal karaya wage ne, hariyata behave karapan.",1,singlish
oba sithanne eseya sar obe daruwanta adambara wiya heki yamak owunta pewaseemata sahathika wiya yuthuyi,0,singlish
mata mahal niwasayak thibe obata kumana akaraye ballek sitiyada mage balla danne kohedeyi mata hariyatama mathaka netha,1,singlish
oba me wage deyak haraha yanawa oba obe jeewithaye niweradi kanthawak siteema agaya karayi ow oba saha debee saha paripurnayi,1,singlish
mata methanin yanna denna methanin pita kenek ne oyawa meruwa mathaka nedda,0,singlish
oba eththatama mata asabhya charitha resakata sambandha wee sitinawa noweda oba gerisan mahatha karunakara prashnayata pilithuru denna,0,singlish
balanna eka thamayi mama kiyana de mama kiyala mama dannawa oya kawuda kiyala,0,singlish
ginnak ethi wuwahoth mema sthanaya his kireemata thathpara this hatharak pamana gatha we,0,singlish
ow sar eththenma,0,singlish
"me wage wada karana aya hariyata gon athal karaya wage wada karanawa, machan.",1,singlish
dolar miliyana dahayak thibune nehe kappam mudala dahayayi,0,singlish
"oya wage kenek, uba nam gon athal karaya meka dakka gaman hina yanawa.",1,singlish
obata den hondada meelanga pura pasaloswaka pohoya mama obata danwannam,0,singlish
ohu monawada kiwwe dewid kiyanawa jek eyata awawada karanna enawa kiyala,0,singlish
oba kawuda mama mehi jeewath wemi,0,singlish
kisiweku obata ridaweemata kemathi netha peech ikmanin nathara karanna,0,singlish
woltar barns munagesena thuru kisiwak nokala boho pirimin mama danimi karunakara adaraneeya siyalla hari eka dethun hathara pansiyayak parissamen inna petiyo,1,singlish
"ane manda oya, pissu wage  behave wenne ai? thamuse.",0,singlish
eyata es ugura mukaya ehi awadanam lapa netha,0,singlish
oba addekeem adu tharunayeki kalaya kumak kala hekideyi oba nodanee eya ma nowana siyalu adaraya anukampawa adu karanne kesedeyi,0,singlish
oba kawada ho manasika awapeedanayak gena asa thibeda mithura pawasana ema rupiyal dahaya samanga oba nopeminiye nam eya obage wanu etha,0,singlish
"hariyata baluwoth oya ge idea eka gon athal karaya wage ne, machan.",1,singlish
uba gon athal karaya kata wahagena inna.,1,singlish
kamak nehe mama oyage peththe innawa kiyala mama denagena hitiya mama eyata kiwwa,0,singlish
oya nam gon athal karaya ne comment karanna kalin hithapan.,1,singlish
ese nam ohu mawa post mosart wetha path nokaranne eyi oba wiyanawe ekama nirmapakaya nowe,0,singlish
oba obe endum ayiththam kattalaya wenas kala wahama obe paurushaya wenas kara raththal thihak pamana adu kala wita den kamak netha,0,singlish
mata labana awurudde wissayi sar mama oyawa ada hawasa kemata balaporoththu wenawa kapithan hemiltan kristhus wenuwen nanna,0,singlish
"uba, meka nam awajathaka wage level ekak. hariyata behave karapan.",1,singlish
mokakda me oya ge idea eka ge gon athal karaya wada? tikak igena ganin.,1,singlish
me video eka balala comment karana eka moda yakku wage ne.,0,singlish
poddak inna sabhapathi mokada karanne eyi sabhapathi resweemwala mulasuna ganne,0,singlish
ow owun perani mithuran oba sithanne ehi kisiyam jeewithayak ethi bawayi,0,singlish
eka harima adambarayak neda thaththata,0,singlish
oya magul buru walawal kawuda oya kiyanne magul buru hilak kiyala me awajathaka enda thamayi oyage magul prashnaya,1,singlish
"ane oya ge wada, moda meka nam athi.",0,singlish
"oya ge kathawa, uba nam gon athal karaya ane.",1,singlish
den mama eya pompa karannam oba yantham hendl harawanna obata umang marga suwanda wilawun sigarat kolon kapat chesnat yu hima yu,0,singlish
ada reta yanna thiyena thena koheda,0,singlish
nidageneema nengita bebaleyi,0,singlish
mama uthsaha karanne oba hondin kreeda nokarana kreedawak kireematayi,0,singlish
"oya ge kathawa, meka nam hitha nathi level ekak. thamuse.",0,singlish
saha awastha dekedeema e sandaha honda mudalak laba gaththa jayagrahee parshwaya obata meeta wada honda mudalak gewanu etha,0,singlish
uba ge me wage gon harakek comment dakkama epa wenawa.,1,singlish
api obe kussiye ethi de iwath kale netha eththa washayenma eya nethi wee etha,0,singlish
apoyi eyala mage kamare balala eyalage chithrapatiyata mawa rugatha karanna ona wuna,0,singlish
"ane me wage wada karana aya, mole nathi ane.",0,singlish
mama obata kiwwa meya sarala manasak ethi natyayak bawa samahara wita ohu ada rathriye ohuge upandinaya wana wita newatha peminenu etha,0,singlish
obata dinapotha awashya netha thaththa makas sathuwa sithiyama thibe dinapothe sithiyamata wada boho de etha,0,singlish
ohu nethiwee gos mata kisidaka kireemata awashya nowu ohu samanga adarayen bendeemata salaswa ethi thathwaya thula eya itha sanwedee yeyi mama sithami,0,singlish
mama eyawa dala yanakota eya nirupadrithawa eyage ende hitiya oya eyata wada dunna oya eyata wadha dunna awajathakaya eya koheda,1,singlish
"ane manda umbala, ballek wage  behave wenne ai? meka nam athi.",1,singlish
oba kemathi paridi siyaluma yuropaya meya asanu etha,1,singlish
paripurna kol padinna ida denna,1,singlish
namuth polisiya polisiya danne obata wada aduwen,0,singlish
oya nikamata mama kiwwe oya mata kiyapu widihata mula idan patan ganna api balanawa kathawe layin eka hedenne kohomada kiyala,0,singlish
oya ge kathawa awajathaka wage danawada mokakda kiyala.,1,singlish
"me video eka balala comment karana eka hariyata awajathaka wage wage wada karanawa, boruwata katha karanne.",1,singlish
e gollo ada re mawa maranna heduwe owun mata ella kale preethi savariyaka lamayi,0,singlish
selasum kala paridi sidu noweeya eya maha wyasanayak oba hathara denekuge jeewitha winasha kala siyalu gaurawaya ethiwa mama obata gabsa kireemata keewemi,1,singlish
mata eya thawaduratath esenne netha ema sulangin wessen kisiwak esenne netha,0,singlish
mokada mama eka kiyana de dannawa samaharawita oya eka kiyana deta bayayi,0,singlish
eya besa yana wita eya mehi sitiyaya,0,singlish
mokakda me oya ge reply eka ge gon wada? kata wahagena inna.,1,singlish
hondayi mama hithanne mata eya mathaka nehe eyata eya daraganna puluwan nam mata eya sellam karanna puluwan,0,singlish
oya lassana kellek ithin oya den kiyapu hemadema,0,singlish
oya ge idea eka gon athal karaya hariyata wada karapan.,1,singlish
parewiya kawuda samawenna,0,singlish
oba eyata kemathiyi siyalla hari,0,singlish
oba ohuta kemathi nehe oh ow namuth e sandaha kalaya gathawe,0,singlish
"hariyata baluwoth oya ge idea eka gon athal karaya wage ne, hariyata behave karapan.",1,singlish
jenaral lee newathath sadarayen piliganimi sar eeta wada wediyen apa ha ekweemata theeranaya kireema gena mama sathutu wemi sar mage kongrasayen,0,singlish
"hariyata baluwoth oya wage kenek gon athal karaya wage ne, machan.",1,singlish
eyata boho wita mehum awashya wanu etha mama wisi karannemi,0,singlish
lokka ho ohuge sahodaraya mata boru kiyanna epa,0,singlish
me wage wal buruwa athal danne nathuwa tikak hithapan uba.,0,singlish
mata obe wathura tikak laba denna puluwanda upadeshakaya samanga,0,singlish
oya ge idea eka nam gon athal karaya ne danawada mokakda kiyala.,1,singlish
me wage gon athal karaya athal danne nathuwa tikak hithapan me video eka balala comment karana eka.,1,singlish
"ane manda oya, gon wage behave wenne ai? oya wage aya nisa thamai mehema wenne.",1,singlish
mama newathath jorjta adaraya karana bawa mata hengena paridi obata handuna geneemata apahasu weema mage selasuma wiya,1,singlish
"oya ge post eka, meka nam wikarayak level ekak. hariyata.",0,singlish
kawuruhari denatamath ege newehi sitee nam eya ape nowe nam eya owunge gon kamaki e bottuwa wasara panahak thisse washpa kara nethi bawa apata hamu wiya eya eya apeya,1,singlish
shuwar pradhaniya mama hithanawa mama inna athare mama ekak gannam oyage welawa ganna,0,singlish
mona magulakda minisata gonata andanna kirigarunda wedikkaruwan oba enathuru bala sitee,1,singlish
ow gon pat apiwa balanna samahara wita oba warthamana siduweem gena nonawathwa sitiyath api buruwo payin gehuwa yaluwa,1,singlish
ko tin eke keran e salli,0,singlish
oya ta kiyanna one hariyata therumak nathi wage wada nawaththanna kiyala.,0,singlish
oba kos gena katha karanne kumana kalliyada mata polis lipi gonuwak kiyawa mata jek yeyi keema nathara kala hekiya,1,singlish
namuth obata bomba bokka thula pupuruwa heriya noheka eya oba modayeki oba apa siyallanma mara damanu etha eyata hethuwak netha mama winadi nawayakin pupurawa hereemata wedasatahangatha kara etha wedasatahangatha welawata pipireemak siduwanu etha,0,singlish
oya ge kathawa mehema karanne gon nisa da? me wage wada nawaththapan.,1,singlish
ow winadi pahalowak sita peya bhagayak dakwa dushkara ha gemburin mata eya gatha kala hekke winadi pahalowak dakwa pamani manda mata kammeli we,0,singlish
oya ge post eka nam gon athal karaya me wage wada nawaththapan.,1,singlish
ethakota api modayi api merenne nehe hemoma gedara weda karanawa nam gedara dewal kohomada,0,singlish
"me wage wada karana aya, meka nam chater level ekak. lajja nadda.",0,singlish
oba den keewe kumakdeyi mama nodanimi namuth eya eththenma lassanayi shekspiyar ohu yuropeeya jathikayek,0,singlish
me comment eka danapu eka mehema karanne gon athal karaya nisa da? tikak igena ganin.,1,singlish
the uthsawayak wage me wage nehe,0,singlish
oba jeewath wanne koheda thembili nawa jarsi,0,singlish
oba obe honda peththa sellam karanawa wihiluwak wenna epa,0,singlish
mage prathishakthikarana paddhathiya pahatha wetee ethi bawa siyalu dena ekanga wana nisa eya bowana nisa samahara wita oba eya alla ganu etha,0,singlish
"""githayata riddanne nathuwa parissamin kiyanawa aheddi api cool math wenawa. ekatama hariyanna kalum ayyath set wenawa. watina kama kiyanna ba. nadeemal is best of best. nada band ekatai oba depalatai teruwansaranai",1,singlish
api palamuwenna we yeyi sitheemata kisiweku dedunu palama tharanaya kara netha,0,singlish
oya ge reply eka ge kathawa ahuwama awajathaka wage kiyala hithenawa.,1,singlish
oba ohuwa ho obe mithura wishwasa karanne kawurunda yanna ohu oba gena pawasanne eyayi,0,singlish
"me comment eka danapu eka, uba nam awajathaka wage machan.",1,singlish
hodayi mama danne nehe mama minihata eyage salli dunna kiyala eyage gamanedee ewwa oya eyata salli dunna,0,singlish
mama oyawa danne nehe mama hithanne nehe,0,singlish
mema potha minisun kiyaweema athyawashya wanne eya sathyaya wana nisath samahara wita niwaduwen pasuwa eya danne ma pamani,0,singlish
eelangata wathura godak bonna,0,singlish
nehe eyi mama sem samanga siteemata kemathi wanne edam saha rayan hata thawaduratath kala heki de adu nisa owun kammeli weemata mama akamethiyi,0,singlish
ahanna oyata adare karanna onada adare karanna,0,singlish
"oya ge kathawa, uba nam hariyata therumak nathi danawada mokakda kiyala.",0,singlish
oba itha pahasuyi mata kiyanna puluwan oba boho de kiyaweemata kemathi bawa mata ottuyi mudranaya da miya gos etha,0,singlish
oya e gena hithanawada mama danne nehe mama inne naraka manobhawayakin kiyala,0,singlish
eya pahasuwen sakas kara ethi namuth palamuwa endata yama wedagath we,0,singlish
parissamen mama oyata kiyanne mata kisima deyak penne ne kiyala,1,singlish
mata oyawa pannanna one,0,singlish
mage amma gihin koheda inne,0,singlish
oya ge post eka nam gon oya wage aya nisa thamai mehema wenne.,1,singlish
sthuthiyi mama uthsaha karanawa api hemoma uthsaha karanawa oba sarthaka wenna,0,singlish
"ane manda oya ge reply eka, mole kalpana nathi wage behave wenne ai? danawada mokakda kiyala.",0,singlish
oyagollo hitapu room eka ac da,0,singlish
oh adaraneeya oh adaraneeya oba alu hisakes mahalu judas,0,singlish
mokada eya mage yaluwek nisa mata eyagen ho eya honda kenek athin merenna ona ne neda,0,singlish
"oya ge kathawa, meka nam awajathaka wage level ekak. me wage wada nawaththapan.",1,singlish
"me wage wada karana aya, uba nam wada nodanna ban.",0,singlish
hari oyata enna puluwan oh sthuthiyi obata sthuthiyi mama mehi yam deyak itha weradiyi,0,singlish
mama obe abhimathaya paridi weneesiye mahal niwasayak nadaththu karami eya hondayi sthuthiyi,1,singlish
balan inna oya mokada kiwwe kiyala karunakarala eyalata riddanna epa eka eyalage waradak neweyi mama hamudapathi neweyi mama kisima deyak danne nehe,0,singlish
oya wihilu karanawa ne mama mage amma mata igennuwe nehe,0,singlish
"uba hariyata chater wage wada karanawa, machan.",0,singlish
lesar eken balaya nethi wela mokada une,0,singlish
e gena wada wenna epa nikan endata wela duk wenna oya honda ura merunama eka gena,0,singlish
mokakda me oya ge idea eka ge gon wada? meka nam athi.,1,singlish
mama kiwwa kisima athapasuweemak nehe machan mama upadhiya hondayi mama eyata ingi walin pamanak rupiyal siyayak dunna,0,singlish
oya ge wada mehema karanne awajathaka wage nisa da? poddak mole pawichchi karapan.,1,singlish
telar mage adaraneeya hiyubat eya bala sitiya noheka,0,singlish
oya ge post eka nam gon athal karaya meka dakka gaman hina yanawa.,1,singlish
obata eya kala noheka samuhayage manobhawayata sawan denna mata awashya e awajathakaya merenna,1,singlish
mama kristhus wahanseta balaporoththu wenawa eya apen me dewal andinu etheyi apeksha nokaranu etha eya kumak wuwath eya karanna api wedi wediyen kreeda karana tharamata apata apayen midenu etha,0,singlish
mama hithanne eya thuwakkuwak mage muwata erehiwa obana bawa oba den sithuwa niga mage ugura wate sita obe deth ganna,0,singlish
hondayi eyi mama e gena thekeemak karanne eyi obata awashyada eya obata moda lesa penenu etha,0,singlish
bob larsan obata kussiyak asannaye wasa nogath wesikiliyak thibeema ullanghanaya kireemak da,1,singlish
"oya wage kenek, uba nam gon harakek ne.",1,singlish
e kiyanne api ekata giye nehe,0,singlish
"oya wage kenek, uba nam gon hariyata wada karapan.",1,singlish
"mehema wada karana eka hariyata gon wage wada karanawa, oya wage aya nisa thamai mehema wenne.",1,singlish
oya koheda yanne mama mage samen badagagena yanawa,0,singlish
"ane manda mehema wada karana eka, awajathaka wage wage behave wenne ai? boruwata katha karanne.",1,singlish
eya ketharam ihalata gos thibeda yannayi,0,singlish
"me comment eka danapu eka, meka nam loku talk karana moda level ekak. meka dakka gaman hina yanawa.",0,singlish
oba hariyatama api soyana wargaya nowe oba adahas karanne mama kalu ya,0,singlish
eya kala yuthu wanne kalathurakini mama kisiwekuta wedi thaba eththe kalathurakini,0,singlish
mama me ballata kiwwa mama ada eyata burusu deka thihakata pamana katha karanawa eya ahanna oba ada re math ekka enna onada nethnam oyata me balla ekka yanna ona,1,singlish
api katha nokara imu eka moda wedak,0,singlish
"umbala, uba nam awajathaka wage meka nam athi.",1,singlish
"oya ge post eka, uba nam gon harakek meka nam athi.",1,singlish
obata kisiwak netha api owun samanga kumak karanneda mema pudgalayin gena kumak arambha kala yuthuda yanna api nodanimu,0,singlish
pthiwiya wiwtha wee minisun gila damayi,0,singlish
"ane manda me comment eka danapu eka, gon athal karaya wage behave wenne ai? machan.",1,singlish
oya ge reply eka mehema karanne pissu wage nisa da? thamuse.,0,singlish
mokakda me oya ge post eka ge gon athal karaya wada? ban.,1,singlish
"oya ge wada hariyata pissu wage wage wada karanawa, poddak mole pawichchi karapan.",0,singlish
"oya wage kenek hariyata gon athal karaya wage wada karanawa, me wage wada nawaththapan.",1,singlish
"uba hariyata wadak nathi wage wada karanawa, oya wage aya nisa thamai mehema wenne.",0,singlish
mama newatha uthsaha kara weradi de therum gaththa,0,singlish
oya ge idea eka ge kathawa ahuwama gon harakek kiyala hithenawa.,1,singlish
"mehema wada karana eka hariyata weda bari wage wada karanawa, oya wage aya nisa thamai mehema wenne.",0,singlish
api e kurulla pasupasa ya yuthuyi,0,singlish
oba sampurnayenma kalakanni bawa obata eka reyakata amathaka kala hekida,1,singlish
ohuge mahal niwasaya sorakam kara thibe nam eththa washayenma eya wesikili bhanda athurudahan wee nothibuni,1,singlish
eya mehi netha ehi ethi de,0,singlish
eya nowe eya nikamma pitawa yama gena mata pudumayi oba eya wethata nopemini eya nortan mahathage niwasata giyaya,0,singlish
"hariyata baluwoth oya wage kenek gon harakek wage ne, boruwata katha karanne.",1,singlish
"uba, uba nam wada nodanna lajja nadda.",0,singlish
rachana tharangayak jathika tharangayak wana athara eya itha sith edaganna sulu ya mata eyata wedi yamak kireemata sidu noweeya,0,singlish
uba wadak nathi boruwata katha karanne.,0,singlish
me video eka balala comment karana eka awajathaka wage boruwata katha karanne.,1,singlish
mama enawa oyawa mata ona ne,0,singlish
obata bonna yamak awashyayi mama denatamath mage supurudu seemawa ikmawa sitimi oba dannawa eya wihiluwak bawa mata hengenne mama obawa wasara gananawak thisse handunana bawayi,0,singlish
oba kopamana mudalak oba samanga regena yanawada mata dolar panseeyak thibe,0,singlish
oba thawamath kiyubanuwan gena prashna karanawa dew oba dannawa me para yanne kothenatada kiyala,0,singlish
eka hondayi ow mama hithanne mama ohuta kendi laba deemata ho prathikara karannanta udaw karannam,0,singlish
mage dewiyane upa janadhipathi saha ekabaddha pradhaneenta eya kala nohekkaki,0,singlish
oya ge reply eka mehema karanne wada nodanna nisa da? me wage wada nawaththapan.,0,singlish
"oya ge reply eka hariyata gon wage wada karanawa, hariyata.",1,singlish
mama danne nehe samahara awul sahagatha kuda seereem oba dannawa e gonkama oba dannawada ohu giye koheda kiyala,1,singlish
me sinduwa mama meeta kalin ahala thiyana loke beraganna,0,singlish
"ane oya ge idea eka, gon athal karaya meka nam athi.",1,singlish
eya mata katha kireemata awashya satanaki namuth den mama mehi sitina bewin oba kanthawak samanga katha karayi,0,singlish
hamuweemak wiya yuthuya ewita chipaya koheda,0,singlish
ow e serama wenna puluwan sar,0,singlish
frenk giya ow eth methanin yanna eya apahu enawa,0,singlish
netha netha ohuta awashya wanne samanya minisata kuda niyojanayak lebenu dekeemata ohu samajawadiyeki,0,singlish
wesi saha awwa sahitha kala parichchedayan api mehi peminiye kalagunaya gena katha kireemata nowe,1,singlish
"hariyata baluwoth oya gon athal karaya wage ne, kiyala therenneth ne.",1,singlish
mama mage oluwata udin innawa oya godak hondin innawa kiyala,0,singlish
obata dasadahasak awashya wiya obata dasa dahasak lebuna eya samanga ganna chali,0,singlish
oya ge post eka nam gon harakek oya wage aya nisa thamai mehema wenne.,1,singlish
"me video eka balala comment karana eka, uba nam gon harakek ne.",1,singlish
klod men mama barapathalayi mata ema yathuru denna,0,singlish
oya kiwwa oyata mokada wune kiyala denaganna ona kiyala mama oyata eththa kiyanne upadhiwalata mokada wune kiyala,0,singlish
oya ge idea eka hariyata therumak nathi tikak igena ganin.,0,singlish
oba mata durin siteemata udaw kala yuthuyi,0,singlish
oba dhawana pathayata eliyata awoth mawa danne nehe api dhawana pathayata pahara denne nehe beech joduwa lassana awanhal,0,singlish
eya mage paribhogikayata obe paribhogikayata sudusu wiya yuthuyi,1,singlish
mineemaruweku samanga pala yamata hethuwa kumakdeyi matawath wishwasa netha,0,singlish
oba adahas karanne dikkasadaya sandaha gonu kara ethi pawule gnathiyeku nomethi bawayi,1,singlish
mama eya ka samangada kalemi eya pahasuya,0,singlish
"me video eka balala comment karana eka, meka nam weda bari level ekak. ban.",0,singlish
kolla oya eththatama hondayi eeye re api katha kala,0,singlish
oba sithanne ohu apirisidu yeyi mama nodanimi namuth mama hithanne oba hari ohu boru kiyanawa,0,singlish
"ane manda uba, gon wage behave wenne ai? lajja nadda.",1,singlish
mama oyawa hewwa mama dannawa oya mawa hoyaganna onama deyak karanna ethi kiyala mama dannawa oya mama wenuwen merenawa kiyala,0,singlish
owun sankramanika sankramanikayan ya,0,singlish
owun sathuru wunoth mokada wenne kiyala mata denuna sar,0,singlish
me wage gon athal danne nathuwa tikak hithapan oya ge post eka.,1,singlish
ithin oyage prashnaya mokakda api ekata yamu oya oyage magul hitha wenas karanna yanne ne ne ne api udata yamu,0,singlish
mama hithanawa samahara wita mata ekata yanna denna puluwan weyi kiyala eka kada wetenawa wage,0,singlish
"hariyata baluwoth oya wage kenek gon athal karaya wage ne, meka dakka gaman hina yanawa.",1,singlish
"hariyata baluwoth oya wage kenek awajathaka wage wage ne, ne.",1,singlish
kata wahagena gedara yanna epa sar mama methanama innam,0,singlish
oba sithanne eyayi ow mama sithanne eyayi,0,singlish
oya ge post eka nam gon meka nam athi.,1,singlish
"ane oya ge reply eka, wikarayak hariyata.",0,singlish
steew baya wenna epa eya peya ganakata kalin api eyawa gedara yewwa jees mona kathawada,0,singlish
"me wage wada karana aya, uba nam awajathaka wage ne.",1,singlish
mokakda me oya wage kenek ge wal buruwa wada? ban.,0,singlish
"oya ge post eka, meka nam loku talk karana moda level ekak. ane.",0,singlish
mata samawenna oyata mawa maranna ona kawuda kiyala,0,singlish
"hariyata baluwoth me comment eka danapu eka gon wage ne, meka dakka gaman hina yanawa.",1,singlish
obata hondin netha mama wisheshayen kohewath padinchi nowemi mama digatama gaman karami,0,singlish
hondatama pichchuna mama oyata dunna hodama kat eka mata badagini ne,0,singlish
adahasa mokakda kamak nehe merila sellam karanna,0,singlish
rajadrohee chodanawa sambandhayen ohuge nadu wibhagaya wolas wanne kawadada heta nadu wibhagayak netha ohuta chodana ella wee pasuwa kriyathmaka wanu etha,0,singlish
eya pene namuth eya ese nowe,0,singlish
me wage gon harakek athal danne nathuwa tikak hithapan me comment eka danapu eka.,1,singlish
oh machan oyata ethana mokak hari peddenna puluwan nam mama oya wenuwen onama deyak karannam yaluwane mata oya ekka weda karanna one yaluwane mata oyawa ethanata genwa ganna puluwan mata denis telar ekka katha karanna,0,singlish
kadisara awajathakaya ohuta ugula amathaka noweda ohuwa pupurawa damanna,1,singlish
api adarayen bendee sitiyemu namuth adaraya yanu kumakdeyi mama nodanimi adaraya yanu semawitama wenas wana minisun men ma ya,0,singlish
jo parissam wenna mata deyak nethi wuna mata eka apahu ganna wenawa,1,singlish
hondayi sar samahara welawata gedara wissak withara hitiya eth ekkama wissak withara un ekka monawada kale,0,singlish
ohuta ma gena thekeemak netha ohu kuthuhalayen sitinne oba kawudeyi dena geneemata pamani,0,singlish
oya ge post eka nam gon harakek kiyala therenneth ne.,1,singlish
"me wage wada karana aya, uba nam awajathaka wage meka dakka gaman hina yanawa.",1,singlish
hondayi dakunu kolla mama hithanawa oyata dorata pahasu goniyak awashya bawa saha eya wiwtha karana sema awasthawakama hulanga ena wita sthuthiyi ne mama eka gannam,1,singlish
oba yanne koheda yanna gena nisekawama sathutu wanna,0,singlish
oya ge post eka nam gon harakek ne hariyata.,1,singlish
oya ge post eka nam gon athal karaya poddak mole pawichchi karapan.,1,singlish
"ane manda oya, awajathaka wage wage behave wenne ai? kata wahagena inna.",1,singlish
oba dannawa samahara rasawath pudgalayan ohu gonata enduwe netha ekko pasuwa ohuta weda thahanam kara wishrama yamata sidu wiya,1,singlish
mokakda me oya wage kenek ge gon wada? meka dakka gaman hina yanawa.,1,singlish
odel e sandaha yayida mama ohuta ohuge mudal emarikawata gena emata udaw karami obata ohuwa maga herunu adahasata ohu kemathiyi,0,singlish
"ane manda oya ge kathawa, hitha nathi wage behave wenne ai? ane.",0,singlish
iskole ada brahaspathinda mata amathaka wuna,0,singlish
ow heta anidda,0,singlish
oba eththatama meya bala kireemata yanne oba ma samanga ho mata wiruddhawa nowe,0,singlish
me wage mama mage begaya gannam,0,singlish
"""lassanai patta lassanai",0,singlish
"ane oya ge kathawa, awajathaka wage boruwata katha karanne.",1,singlish
"""godak rasawinda",0,singlish
"hariyata baluwoth oya ge kathawa gon athal karaya wage ne, hariyata behave karapan.",1,singlish
"""kochchara watina manik paladuwath api mila kala nohaki manik me loke kochcharanam hangila thiyanawada",0,singlish
oya ge post eka nam gon hariyata.,1,singlish
mona sallida mawa gonata andanna epa,1,singlish
me video eka balala comment karana eka mehema karanne gon athal karaya nisa da? ane.,1,singlish
api rajathumata nayayi ekasiya panahayi apita siyayata panahak lebenawa api rajugen nidahas wenawa,0,singlish
gini balaya onema kenekuta onema mudalak weya we,0,singlish
mage seemawasika puhunuwa kal ikuth wu pasu oba yamak athheriya yuthu ya,0,singlish
"oya ge wada, meka nam gon athal karaya level ekak. ban.",1,singlish
oh embar oya mokada methana karanne meri balanna ena ekama kena oya wage,0,singlish
mokakda me me wage wada karana aya ge chater wada? me wage wada nawaththapan.,0,singlish
oba adahas karanne api merila nehe dewiyange shalawata pa thebu palamu jeewamana minisun api bawayi,0,singlish
thawama ne senet sabhika wedanawa sangawagena nehe ho pirimi lamaya kiyanna adahas karana pirimi lamaya nil pata atak pahak nehe,0,singlish
"oya hariyata boru karaya wage wada karanawa, hariyata wada karapan.",0,singlish
"ane umbala, awajathaka wage me wage wada nawaththapan.",1,singlish
oba wenath sahakaruweku regena ohuwa puhunu kireemata theeranaya kara etha oba wenuwen bhara geneemata hekiwana paridi irida pasal endumen serasee sitina pudgalaya elimahane karanne,1,singlish
tomee oya yanna kalin podi upadesak denawada kiyala mata hithenawa,0,singlish
"ane manda me wage wada karana aya, gon wage behave wenne ai? comment karanna kalin hithapan.",1,singlish
ne mama oyawa maha re duwanna denne ne oya gedara enawa eth thaththa,0,singlish
oba nidaganna yanawada ow sar oyata ammawa eherawanna berinam mata thattu deke banku thiyenawa,0,singlish
oba dakina paridi ewita obata ethul wiya noheka,1,singlish
"ane me wage wada karana aya, gon athal karaya hariyata wada karapan.",1,singlish
ewita mata eya etharam pahasu nowana bawa therum geneemata awashya bawa therum geneemata mata udaw karanna,0,singlish
ohe yanawa mage duwata yanna denna nethnam mama oyawa eliyata gannam,0,singlish
uba mehema karanne gon harakek nisa da? hariyata behave karapan.,1,singlish
ma samanga manasikawa wetenna epa e gena manasika kisiwak obata pahasu netha,0,singlish
ow ow mata eyawa balanna ona oya kata hari riddana eka mata karanna be,0,singlish
me comment eka danapu eka mehema karanne weda bari nisa da? me wage wada nawaththapan.,0,singlish
mata tikak denna mama para medadee oyawa badaganne nehe oyata pissu juliyas wenna ethi,0,singlish
me video eka balala comment karana eka ge me wage awajathaka wage comment dakkama epa wenawa.,1,singlish
oya wage kenek gon athal karaya tikak igena ganin.,1,singlish
den karadara wenna epa parissam wenna,1,singlish
mama danne nehe mama eka sampurna widihatama karanna yanawada kiyala eka kamak nehe,0,singlish
api monada eken rasa windinne ayubowan kiyanna,0,singlish
mata mehema eliyata yanna be,0,singlish
"me wage wada karana aya hariyata gon wage wada karanawa, danawada mokakda kiyala.",1,singlish
mokakda me me comment eka danapu eka ge gon harakek wada? boruwata katha karanne.,1,singlish
hmmm pena widiyata wessa wage,0,singlish
"mehema wada karana eka, meka nam awajathaka wage level ekak. poddak mole pawichchi karapan.",1,singlish
mama danne nehe namuth mata ethanata yanna wenawa oyata pissu,0,singlish
oya ge post eka nam gon lajja nadda.,1,singlish
eya aniwaryayenma naraka deyak nowe ow mama sithanne ese nowe namuth thawama keneku obbata gaman kireemata kemathi wanu etha,0,singlish
mama ada rathriye esurum kireema awasan karanawa mama eya heta kawada ho welawata gena ennam,0,singlish
oya wage kenek ta kiyanna one gon harakek wage wada nawaththanna kiyala.,1,singlish
eyin adahas karanne mama pitathayi,0,singlish
aruta kelawenwa,0,singlish
"ane me wage wada karana aya, moda poddak mole pawichchi karapan.",0,singlish
e katahanda hurupurudu bawa mama dena sitiyemi eya kothenakawath wegayen yanne keseda eyi oba agulu dama mata sab ekak miladee noganne,0,singlish
hondayi mata dukak denune netha mama paripathayata ma thebuwe weradeemaki,1,singlish
eyata dena geneemata awashya netha mama nodanimi mama pamanak,0,singlish
mata angal haye paharakin minihekwa wattanna puluwan oya mokada kiyanne,0,singlish
thawama kalayata eka karanna behe mata meka wenuwen nidaganna behe,0,singlish
yanna kalin bada dagena yanna thaththe ne,0,singlish
mokakda me oya ge gon harakek wada? ane.,1,singlish
"""chilaw class ekak patan ganna baida",0,singlish
e gena katha karanawa ow ow,0,singlish
"oya ge reply eka, uba nam moda lajja nadda.",0,singlish
oya ge post eka nam awajathaka wage ne hariyata behave karapan.,1,singlish
oya ge idea eka ge me wage gon harakek comment dakkama epa wenawa.,1,singlish
hondayi apata begaya hisata udin thaba geneemata uthsaha kala hekiya apage mawata beg haraha penena paridi obawa idiripasin pitathata gena yanna,1,singlish
mama hithuwe oya mage engen passe kiyala mama denagaththa oya awankayi mata oyawa wishwasayi kiyala,0,singlish
meksi pawasanne ohu thada newak dhawanaya karana bawayi,0,singlish
ohu eththatama kotharam pilikul sahagatha lesa lakunu kalada kiya mata wishwasa karanna behe,0,singlish
oya hondatama dannawa mama eya diha balanakota mata hondatama puka denawa kiyala mata hithennewath ne eya niyama lassana kenek kiyala oya kohomada eksath janapada hamudawe niladhariyek gena oya wage deyak kiyanne,1,singlish
gon katha ithihasayak netha ikmanin ho pasuwa akunu sera wedee obata eya wadina wita mata awata siteemata awashya netha,1,singlish
oba ohu samanga sitiye eyi mama ohuge mudal apasu laba deemata giye ohuta mehi pemineemata sidu nowanu etha,0,singlish
"""wow damithi akki harima lassanai",0,singlish
"me comment eka danapu eka hariyata gon athal karaya wage wada karanawa, meka nam athi.",1,singlish
mama tikak daradandu nowuna nam oba apuruyi,0,singlish
oba wolt karanne keseda api nayit kep ekak wedana rahithawa wath kireemata sawi karamin sitiyemu,0,singlish
me video eka balala comment karana eka mehema karanne gon harakek nisa da? hariyata.,1,singlish
ekayi oya patan ganna kalin eyala ehema kiwwe neththe,0,singlish
ewaye ethi pagamana desa balanna,0,singlish
gon ganu thopi aththen aththata pana pana ganikawo wage idapalla.jara ganu unge nisi wayasata badapallako kollek hoyan naki eun hoya gaththa,1,singlish
mama pradhana bhumiya wiya hekke keseda yanna ma kee paridi hariyatama soyagena etha meya narakama prawththi nowe yeyi mama biya wemi,1,singlish
eya akarshaneeya bawa pene eeye obata kisiyam rasawath pudgalayin hamu wuwada owun newatha owunwa masa kihipayakin deka netha mata parissam wiya yuthuya,1,singlish
mokakda prashne wage oyata tikak kalabalayi wage mama mama sar,0,singlish
ow oya monawada mama nagara shalawe weda karanne,0,singlish
me wage moda athal danne nathuwa tikak hithapan mehema wada karana eka.,0,singlish
ne uba kondam pawichchi kale newiyan witharayi kondam pawichchi karanne machan,0,singlish
oya ge kathawa nam awajathaka wage ne danawada mokakda kiyala.,1,singlish
gonnu kawuruhari ahambayak nethi deyak awaranaya karanawa eyi oya ehema kiyanne,1,singlish
hondayi wishwasayi eya wenas bawa ganan noganee,0,singlish
ne mama kiwwe oyage sambandhaya api adaren hitiya eth mata wishwasa ne adaraya kiyanne mokakda kiyala,0,singlish
heyi mata honda prathilabha lebenawa honda ikman wishrama selesmak kisiwek mata karadara karanne nehe ow namuth thawamath,0,singlish
me wage gon athal karaya athal danne nathuwa tikak hithapan oya ge wada.,1,singlish
obe mawa ho piya kawada ho wenath sthanayak gena sandahan kara thibeda kisi witekath kisiwak netha,0,singlish
obata eya lebunada ow namuth mata eya kumakdeyi obata kiwa noheka,0,singlish
ane dewiyane mata oyata kiyanna be mama kochchara kalabala welada kiyala mata eeye re nidaganna beri una den oya parissam wenna one,1,singlish
oba ottu allanawa api innawa kiyala mata oya ekka katha karanna behe den api sambandha wenna one,0,singlish
obata mage mithuran beleemata awashyayi samawenna welawak nehe,0,singlish
"oya ge idea eka hariyata awajathaka wage wage wada karanawa, ne.",1,singlish
reks samanga wyuha widyathmakawa niweradi weemata awashya netheyi mama kee wita ma adahas karanne kumakdeyi oba dannawa,0,singlish
"mehema wada karana eka, meka nam hariyata therumak nathi level ekak. me wage wada nawaththapan.",0,singlish
mama kiwwe seethalayi kiyala mama hithanne eya mata kemathiyi eya oyawa dannewath nehe,0,singlish
me wage gon athal karaya athal danne nathuwa tikak hithapan oya.,1,singlish
meya thallu kireema wiya hekiya eya pahalata thaba ganna,0,singlish
me video eka balala comment karana eka ge kathawa ahuwama moda kiyala hithenawa.,0,singlish
"hariyata baluwoth oya wage kenek gon harakek wage ne, danawada mokakda kiyala.",1,singlish
me video eka balala comment karana eka ta kiyanna one gon wage wada nawaththanna kiyala.,1,singlish
richad oba newatha richad bhawitha karanawa dekeemata mata sidu wiya api newatha perisiyata pemina sitimu,0,singlish
awanka wiya yuthuyi oba saha karnal apasu yana sthanaya samanga oba kala deta mama kemathiyi,0,singlish
oya ge reply eka mehema karanne chater nisa da? poddak mole pawichchi karapan.,0,singlish
hari api eyawa obe piyage langata gena yamu mayik ehi sitina akaraya balaganna,0,singlish
apata oba samanga niweradiwa siteemata awashya onema welawaka,0,singlish
oya koheda yanne apita me newen bahinna wenawa,0,singlish
mage minisa obata obe niwasata penwanu etha,0,singlish
mata ohuwa awashya nehe obata obe balla awashya nethinam eyi oba ohuwa raththalakata damanne neththe,1,singlish
oba itha hadisiye meleriya wasangathaya weda kireemata giwisum gatha wiya,0,singlish
oya ge kathawa gon athal karaya hariyata behave karapan.,1,singlish
eth eyi oyama awadanamak ganne me pawula pramanawath tharam duk windala nethnam mata wena karanna deyak nehe,0,singlish
ne baba ehema deyak ne balanna paren eha peththe thenak thiyenawa apita ethanata yanna puluwan mokakda mage thene prashnaya,0,singlish
oya ge idea eka nam gon athal karaya ne tikak igena ganin.,1,singlish
meri oya mokada methana karanne eya howardta udaw karanna awa,0,singlish
"ane me wage wada karana aya, gon athal karaya boruwata katha karanne.",1,singlish
"oya ge idea eka, meka nam gon athal karaya level ekak. machan.",1,singlish
oya wage kenek chater me wage wada nawaththapan.,0,singlish
"umbala, meka nam wada nodanna level ekak. thamuse.",0,singlish
"me video eka balala comment karana eka, meka nam gon harakek level ekak. hariyata.",1,singlish
me comment eka danapu eka ge kathawa ahuwama wada nodanna kiyala hithenawa.,0,singlish
"oya ge wada hariyata awajathaka wage wage wada karanawa, lajja nadda.",1,singlish
oba oya gon pataya genawe kawada sitada me kadaya fesist palanayak bawata path wune,1,singlish
mokakda me me video eka balala comment karana eka ge gon athal karaya wada? poddak mole pawichchi karapan.,1,singlish
"ane manda mehema wada karana eka, wada nodanna wage behave wenne ai? meka nam athi.",0,singlish
obata awashya magen kumak kireematada ape minisunta mawa awashyayi apatath obawa awashyayi,0,singlish
oya kohomada eka parissamen denagaththe kiyala mata kiwwa,1,singlish
owun mawa ira demu nisa oba rawata etha,0,singlish
mona ponnayekda mea isuruasahanayak thiyenawanam spa ekata palayan kello amaruwe danna epa,1,singlish
thuwakkuwak oba desata ella karanawada mata thuwakkuwa lebuna,0,singlish
apoyi obata apata wiruddhawa neethi adhara awashyayi mulu dema mata penenne itha sarala itha sarala bawayi,0,singlish
mokada wune mama danne nehe,0,singlish
uba mehema karanne wikarayak nisa da? ne.,0,singlish
mata eeye re nidaganna beri wuna mata oya ekka tharaha wenna ethi eth mata ehema ne,0,singlish
ko lamayi sem eyalawa film ekakata ekkan giya,0,singlish
ow sar eyata kiyanna pramada wenna epa kiyala,0,singlish
"ane manda me wage wada karana aya, gon wage behave wenne ai? meka dakka gaman hina yanawa.",1,singlish
mama peya bhagayakin eliyata giye nethnam parana rik eka paripuraka waidyawarun genwanna,1,singlish
"umbala, meka nam gon level ekak. ban.",1,singlish
eka ethi neda oya adahas karanne,0,singlish
mama obata adareyi suruttu parinamayak oba yalpena giya suruttuwak sahitha sarala mas kadakarayan samanga obawa wihilukarayek kara etha,1,singlish
"""wedagath deyak",0,singlish
jalanala karmikayeku lesa oba sithanne mama emarikawata peminiye apa wisin arambha karana lada weda kireemata obatath heki bawayi,0,singlish
eya regena yanne kumakdeyi owun soya gath wita owun neethyanukula de gena etharam unanduwak nodakwanu etha samahara wita oba ape bottuwa kada demeemata pera oba sithannata etha,0,singlish
hondayi eya pitathata yanne keseda apata katha kireemata siduwe,0,singlish
"oya ge post eka hariyata wikarayak wage wada karanawa, ane.",0,singlish
pujakawaru niwaduwata yana samanya kramaya thamayi api niwaduwakata yanne nehe api mehewaraka inne,0,singlish
me video eka balala comment karana eka mehema karanne awajathaka wage nisa da? hariyata behave karapan.,1,singlish
"hariyata baluwoth oya ge wada gon harakek wage ne, hariyata wada karapan.",1,singlish
ow owun kopamana deyi wishwasayi,0,singlish
eyi eya mokuth kiwwe neththe,0,singlish
mokakda me uba ge gon wada? me wage wada nawaththapan.,1,singlish
me comment eka danapu eka ge kathawa ahuwama gon athal karaya kiyala hithenawa.,1,singlish
"ane manda uba, wal buruwa wage behave wenne ai? meka dakka gaman hina yanawa.",0,singlish
namuth mulinma oba asana onema deyak mata pewasiya yuthuya,0,singlish
"oya ge idea eka hariyata gon wage wada karanawa, ban.",1,singlish
eththa washayenma ohu kadakappal wuye netha ohuge demapiyan ohuge motar rathaya regena gimhanaye ithiri kalaya thula ohuwa bayisikalayak padinna salaswa etha,0,singlish
eya hondin nam meya tikak pissu wete,0,singlish
"oya ge kathawa, uba nam awajathaka wage ne.",1,singlish
hondayi oya eka patan gaththa mama kiwwe mata oyawa dushanaya karanna hithune nehe kiyala,0,singlish
obata awashya nam eya wenas kala heka,0,singlish
onna oya barnad oya oyage dewal ekathu karagaththoth hondayi api pitath wenawa,0,singlish
oba sithanne kumak nisa oba siyallanma paripurnayi,1,singlish
"""onaama geethayak gayanna oba rasayen paripurrnaiy, ahaninna aasaiy. naada istharam rasaya upareemaiy.",1,singlish
pudgalika wisthara ne eka hari,0,singlish
ne ne oya thama pethi bonawada ow eththa washayenma kalabala wenna deyak ne,0,singlish
mama hithanne apata thuwakku awashya bawa ohu nokiyannata ethi,0,singlish
awajathakayo mama kiwwa wissayi winadi kihipayak yayi kiyala,1,singlish
mama pradhana paudgalika pudgalayeki mata samawenna sar mata amanthranaya karana wita mama sithuwe api samana lesa katha kala bawa obata mathaka ethi,0,singlish
oya ge post eka nam awajathaka wage machan.,1,singlish
oya ge post eka nam gon danawada mokakda kiyala.,1,singlish
oya ge idea eka nam gon ne kata wahagena inna.,1,singlish
eka api keti wela merenna yanne meyin ekak,0,singlish
oyath ow mamath cheena kadeka inna gon harakek,1,singlish
mehema wada karana eka ge kathawa ahuwama gon kiyala hithenawa.,1,singlish
ohu ma sithana paridi kramawath jeewithayak gatha kaleya ohu samabala ahara welak anubhawa kaleya oba den laba dee ethi thorathuru hera ohu kebandu pudgalayekda,1,singlish
senet sabhika wedanawa mama mehi sitina atharathura mata e eka deyak pamanak kala heki nam mama obawa newethwiya yuthu de sondars obata e sandaha upakaree wanu etheyi mata henge,0,singlish
eya koheda inne eyi oya dannawada eya amma kenekta saha lamayi dennekuta sahayogaya dena deyak oya e gena monawada danne,0,singlish
"hariyata baluwoth umbala awajathaka wage wage ne, meka nam athi.",1,singlish
eya digu kathawaki ya hiyun murthi,0,singlish
oba kuda kala sitama wenath pirimin wetha akarshanaya wee etha,0,singlish
eseth nethinam thuwalaya owunge es saha engili thaba geneemata owunta ida denna oba honda mawak,0,singlish
hondayi eya apeksha kireeme kreedawak wana athara eya sundarathwaya mama eyata kemathi netha,0,singlish
"oya wage kenek hariyata gon harakek wage wada karanawa, ne.",1,singlish
oba jon bakinhem mata sudusu netha,0,singlish
digatama mama bayayi mata thiyenne winadi kihipayak witharayi namuth mama kemathiyi,0,singlish
mama athsan karanne kothenatada liyapadinchi wanna,0,singlish
mama tayar eka putuwaka wadiwela rupawahiniya narambana heti dekka puduma magulak mano,0,singlish
meya peminiye kohenda yanna apage thakseruwa wiya,0,singlish
ow oba sansunwa sitina wita mama koheda inne ethulata ewith mawa balanna,0,singlish
boho minisunta nida geneemata nidahas wanna mama nida nogannawa nam wada hondayi mama oba samanga nida geneemata ikman wedi yeyi mama sithami,0,singlish
den filis oba mata aradhana nokaranne nam mama kese ho ennemi moda wenna epa siril me gaurawaneeya minisun owun samaharawita obawa maranayata path karannata etha,0,singlish
"uba, uba nam chater comment karanna kalin hithapan.",0,singlish
eyage ofis eka oya kiyanne mage parana ofis eka hondayi mama hithanne eka thamayi eya kiwwe kiyala,0,singlish
oba sihina dakinne kumakda mama boho wita maranaya gena sihina dakimi,0,singlish
me wage gon athal karaya athal danne nathuwa tikak hithapan oya ge kathawa.,1,singlish
"ane oya ge kathawa, mole kalpana nathi me wage wada nawaththapan.",0,singlish
kopral hiks mema meheyuma hamuda bala pradeshaya yatathe pawathina athara hiks eelangata anadeeme ayithiye damaya we,0,singlish
oba sithanne meya mema sathwaya newethweemata ahinsaka minisun mara demeema sadharaneekaranaya karana bawayi,0,singlish
"ane manda oya ge reply eka, awajathaka wage wage behave wenne ai? ane.",1,singlish
"ane me wage wada karana aya, mole kalpana nathi ban.",0,singlish
mokakda me uba ge gon wada? kiyala therenneth ne.,1,singlish
"me video eka balala comment karana eka hariyata gon harakek wage wada karanawa, me wage wada nawaththapan.",1,singlish
meya durakathana potha men nowanu etha eththa washayenma nowe,0,singlish
obe manasa ehi nomethi bawa men unanduwak nodakwayi,0,singlish
oyage wayasa keeyada keptan mata labana awurudde wissayi sar,0,singlish
anthimaya thaththa thamayi lokuma shakthimathma,0,singlish
api methanin yamu me thena mawa asaneepa karanawa ada re apita winodayak karanna wenawa mama mage moda wede patan ganna kalin me mage nidahase awasan sathi anthayayi,0,singlish
oya ge wada ge me wage awajathaka wage comment dakkama epa wenawa.,1,singlish
"""harima lassanai.?",0,singlish
mama hithuwa oyage mura ballanwa bendala denna kiyala mama oyagen illuwa eyawa methanata enne nehe,1,singlish
mata kamak ne eka hondata yanawa balanna,0,singlish
mama hithanawa pariganaka weradiyi kiyala denagena ethi namuth ape pareekshana ampannawala iwaseeme hekiyawa adu wediyi,1,singlish
"ane umbala, hariyata therumak nathi comment karanna kalin hithapan.",0,singlish
eya neethi wirodhee ya,0,singlish
"ane manda oya wage kenek, mole kalpana nathi wage behave wenne ai? kata wahagena inna.",0,singlish
arakshitha paripathaya asarthaka weema nisa apata wayugolaya ahimi we,1,singlish
amathaka wenne nehe mama amathaka karanne nehe,0,singlish
oba kanthawak men his ya mama lihil leaf walata wada dakshayi,0,singlish
nikotin sandaha beda hereeme upakaranayak nikotin sandaha beda hereeme upakaranayak eya obe mukaye thaba eya alokamath karanna ewita obata obe wisanduma lebenu etha,0,singlish
mewa mul pitapath ow sar ohu pitapath karanne nehe,0,singlish
uba mehema karanne gon nisa da? meka dakka gaman hina yanawa.,1,singlish
"ane mehema wada karana eka, hitha nathi hariyata wada karapan.",0,singlish
oya wage kenek ge me wage awajathaka wage comment dakkama epa wenawa.,1,singlish
oya ge reply eka ta kiyanna one gon harakek wage wada nawaththanna kiyala.,1,singlish
me video eka balala comment karana eka mehema karanne gon harakek nisa da? comment karanna kalin hithapan.,1,singlish
"oya ge wada, uba nam gon harakek kiyala therenneth ne.",1,singlish
"oya ge reply eka, meka nam pissu wage level ekak. meka dakka gaman hina yanawa.",0,singlish
boho denek awadhanayata lakwiya yuthu namuth agaya kireema eeta wada deyak mata agaya kala hekke ma adaraya kala kenekuta pamanak ewita oba kisida adaraya nokala obe hadawatha his ya,0,singlish
ma samanga sitinne kawurunda yanna apata wada hondaya,0,singlish
hondayi mama obata bart nogewanne nam eya adak we,0,singlish
den eya honda lamayek api danne nehe ohu kawuda kiyala,0,singlish
pupurana drawya wisanyojanaya wisanyojanaya ese nokaranu etha,0,singlish
obata eyata pahara deemata noheki wiya heki namuth e mohothe mama nodanimi,0,singlish
diya agala langata bahina eka hondayi ayiye api ethule hetiyata hondayi,0,singlish
mema pathweem mage adahasak nowe mathaka thaba ganna api ewa nathara kala yuthuyi,0,singlish
umbala nam wal buruwa ne tikak igena ganin.,0,singlish
ohu owun samanga hondin giye netha mama eya piligannawa eya eseema gena mama sathutu wemi,0,singlish
api palliye upadeshakayeku samanga giyahoth samahara wita owun mama obata thawaduratath adaraya nokaranu etha,0,singlish
mata matama udaw kala noheki bawa mata sekayi mama obe parikalpanaye rupayak pamanak wana athara ewita obata mata samanya lesa kriya kireemata igena gatha hekiya,1,singlish
"""ma nowana mama ,.. mn me hoyamin balanwa. parana episode. ada tharuñnye adaraneeya handak. praweenayn pilibanda ohuge adahas age karanwa.",0,singlish
mokakda me me comment eka danapu eka ge awajathaka wage wada? meka nam athi.,1,singlish
edahiya noheki tharam oba jarawen piree etha,0,singlish
oba mata wiyali pirisidu karannage grend pahalowak saha thawath yusha wisi hathsiyayak nayayi,0,singlish
oba honda sanchitha kreedakayek tikak wasanawanthayi,0,singlish
saha sagaraya kandu panthiyak ma pawasana paridi karanna,1,singlish
mama mage yowun wiyedee boho wita owunwa gaman karami,0,singlish
"ane mehema wada karana eka, gon athal karaya kata wahagena inna.",1,singlish
oya nam awajathaka wage ne tikak igena ganin.,1,singlish
eeye rathriye obata honda kalayak thibe,0,singlish
eya ohuta onewata wada wedi wanu etha ebewin karunakara ohu karana akarayatama ohuta sithannata ida denna oba ohuwa beleemata gedara sitina bawa bohoma sthuthiyi,0,singlish
mokakda me mehema wada karana eka ge gon athal karaya wada? ban.,1,singlish
oba ohuta kiwwa oba ohuta kemathi bawa mage kapat pirisidu kireeme wen rathaya nethi weemata pera,0,singlish
oba obe kalaya nasthi karanawa ahanna mama awurudu dahasayak thisse me kunu gode siti athara mama ekadu pariwarthanayak kara netha,1,singlish
"ane manda oya ge wada, gon athal karaya wage behave wenne ai? oya wage aya nisa thamai mehema wenne.",1,singlish
hari mokakda e hathares eka,0,singlish
mama kawadawath hithuwe nehe mama meka kiyannam namuth mata den wedata yanna puluwanda api eya pek karamu peya hatharakin paribhogikayeku sitiye netha,1,singlish
hondayi obata obe balla awashya nethinam eyi oba ohuwa raththalakata damanne neththe ohuge bara awunsa dahayak pamanayi,1,singlish
oba balaporoththu wirahithayi mama da eya dakina akaraya eyayi,0,singlish
me wage wada karana aya mehema karanne gon harakek nisa da? ban.,1,singlish
pitatha chithrapatayak ow namuth eya den kaluwara nisa sema witama wasa etha,0,singlish
mama ehemayi ow hondayi,0,singlish
oba obe weda katayuthu podi weemata avashya netheyi oba seheemakata pathwe netha,0,singlish
eya sorakam karana ladee kristeen eya sorakam kala mage buruwa obe ammage rodawalin but kala,0,singlish
oya ge wada mehema karanne wikarayak nisa da? ane.,0,singlish
mona wihiluwakda oya mawa dannawada puthe,0,singlish
"""ane akshaya dannawa natanna ?? natanna berinam inna ona be kiyala apita meka balanna epa karannethuwa",0,singlish
mehema wada karana eka mehema karanne hariyata therumak nathi nisa da? oya wage aya nisa thamai mehema wenne.,0,singlish
denata epamanayi,0,singlish
oya ge idea eka ta kiyanna one gon athal karaya wage wada nawaththanna kiyala.,1,singlish
oya ge kathawa ge kathawa ahuwama gon harakek kiyala hithenawa.,1,singlish
mama eka dannawa eth oya me gedara weda karana kenata adaraya karanawa,0,singlish
"me video eka balala comment karana eka hariyata gon harakek wage wada karanawa, comment karanna kalin hithapan.",1,singlish
geta panahakata asanna pramanayakin kelinma kanuwa wethata apata den kala heki kisiwak netha,0,singlish
endarsan saha riyaduru ghathanaya kale ohu polis niladhariya bawa meya barapathala arakshawak kada kireemak bawata pathwemin thibe,0,singlish
oba eya sapa ke bawa pene eya kamak netha samahara wita mama yameku sipa ganimin sitina athara ohu mawa sapa kewa,0,singlish
oya ge wada nam mole nathi ne kiyala therenneth ne.,0,singlish
"ane me video eka balala comment karana eka, gon harakek oya wage aya nisa thamai mehema wenne.",1,singlish
oya ge post eka ge kathawa ahuwama gon harakek kiyala hithenawa.,1,singlish
samahara wita namuth mama hithanne kaha minisa mathdrawya panaya karayi mama hithanne ohuta awankawama sapayanawa oh ow,0,singlish
me wage wada karana aya mehema karanne gon harakek nisa da? lajja nadda.,1,singlish
oyage padaya ridenawa neda mata kisima deyak denenne nehe garu,1,singlish
eyi mama kiyanne oya hemadama methana innawa kiyala,0,singlish
oya ge reply eka mehema karanne gon harakek nisa da? thamuse.,1,singlish
oya ge reply eka gon boruwata katha karanne.,1,singlish
"ane manda oya, awajathaka wage wage behave wenne ai? meka dakka gaman hina yanawa.",1,singlish
klod eka thamayi mage nama klod eka oya hurathal wenna kalin kawadawath sidu nowunu deyak oyata salli thiyenawa,0,singlish
"ane manda me comment eka danapu eka, gon harakek wage behave wenne ai? hariyata.",1,singlish
"""patta??",0,singlish
"ane manda oya ge idea eka, gon harakek wage behave wenne ai? tikak igena ganin.",1,singlish
he he he mama hithanne kata hari aluth endum tikak thiyenawa api sappu sawari giya mage kolla pare bambayak wage duwanawa ethi,0,singlish
sehelluwen minisun petral ginnakata wisi karanawa wage,0,singlish
ne mama ekata ida thiyanne ne oya mawa nidahas kala jek,0,singlish
kohomahari mama kawadawath hithuwe nehe oyage jeewithaya me tharam udyogimath kiyala oya puduma weyi kiyala,0,singlish
eya pasugiya masaye wiwaha wiya,0,singlish
oya ge wada gon hariyata wada karapan.,1,singlish
ow mama hatha wasare indan jarnal thiyagena innawa waaaw monawa hari kiyewwa,0,singlish
adareyi dennatama,0,singlish
"me comment eka danapu eka hariyata gon wage wada karanawa, thamuse.",1,singlish
uba gon poddak mole pawichchi karapan.,1,singlish
oya kohomada methanata ethul wenne dora erala thibuna,0,singlish
"me comment eka danapu eka, meka nam awajathaka wage level ekak. kiyala therenneth ne.",1,singlish
"ane oya ge post eka, gon harakek boruwata katha karanne.",1,singlish
hayi helan macho oya niyamayi brayan wage,0,singlish
hondayi eya mota mata samawenna namuth sapaththuwa gelapenne nam,0,singlish
jek saha masi themenne owun ma sithana thena nam nowe,0,singlish
nawaththanna kiyaddi nawaththuwanam hari,0,singlish
"me video eka balala comment karana eka, meka nam boru karaya level ekak. hariyata.",0,singlish
pariganaka wedasatahanaka nawa lokaya,1,singlish
"ane oya ge wada, boru karaya ne.",0,singlish
yana dekama dhawanaya wanne ma unandu wanne kumakdeyi mama danimi siyalu dena danna de aluth kireema sandaha apayak men uthsaha karanna obatath anek siyallantama samana awasthawak thibe,0,singlish
"oya ge idea eka, uba nam gon athal karaya kiyala therenneth ne.",1,singlish
semin gaman kara nishshabdawa gaman karanna,0,singlish
ow oba mama oben asannata yanne asamanya yeyi hengena prashnayak,0,singlish
"ane manda oya ge reply eka, hariyata therumak nathi wage behave wenne ai? machan.",0,singlish
owun pitawa giye eyideyi keemata boho de netha,0,singlish
ow api mulu dawasama saha guwan yanayaka ekata sitimu,0,singlish
me wage gon athal karaya athal danne nathuwa tikak hithapan me wage wada karana aya.,1,singlish
namuth obata etharam wagakeemak thibuna mama kisima wagakeemak illuwe nehe,0,singlish
oya pudumayi pakar mahathmaya mama oyata kiwwa oya monawada karanne kiyala,1,singlish
parissam wenna mama ada re oyata katha karannam,1,singlish
mata therenne ne ada ude mawa ayin kalada koheda mama eka aran yanne kiyala,0,singlish
fedaral benkuwa eya sakshi owun athata path wu pasu eya sakshiyak wiya heki namuth den eya mudal pamani,0,singlish
eyi oya mata hema welawema warjiniya warjiniya kiyana thena danne,0,singlish
karl smith eweni aya wyaparika kadpath thabanne kalathurakini,0,singlish
mama obe buruwa mawa regena yamata sudanamwa siti mama dumriya sthanaye sita peyak owun pasupasa giyemi,0,singlish
oya gon harakek hariyata behave karapan.,1,singlish
"ane manda mehema wada karana eka, gon wage behave wenne ai? poddak mole pawichchi karapan.",1,singlish
me wage gon athal danne nathuwa tikak hithapan oya ge wada.,1,singlish
"hariyata baluwoth oya ge wada gon athal karaya wage ne, comment karanna kalin hithapan.",1,singlish
eya amathaka karana de thallu karanna,0,singlish
oya ge post eka mehema karanne weda bari nisa da? ne.,0,singlish
api ayeth ona welawaka ennam,0,singlish
"me comment eka danapu eka, uba nam wikarayak danawada mokakda kiyala.",0,singlish
mama obawa ehi thebuwemi mama obata dos nokiyami,0,singlish
nawa weeraya obayi mama senangata waira karanawa mata kisima chamathkarayak nehe,0,singlish
"me comment eka danapu eka, meka nam loku talk karana moda level ekak. boruwata katha karanne.",0,singlish
den pitathata yana de obe palamu wamata ganna,0,singlish
uba ge me wage gon comment dakkama epa wenawa.,1,singlish
mama obawa dumriya sthanayen regena yana wita oba kee de siduwemin pawathee,0,singlish
"ane manda umbala, gon harakek wage behave wenne ai? boruwata katha karanne.",1,singlish
gibs mahathata anukampa karanna me paripalanaya thrasthawadeen samanga sakachcha karanne nehe,1,singlish
mehema wada karana eka nam gon ne kiyala therenneth ne.,1,singlish
oya ge post eka nam gon kata wahagena inna.,1,singlish
eyi oya mage ofis ekata horen giye oh mama oyata kemathi una mama oyawa chek karanawa,0,singlish
babek hemadema hadanna yanne ne erenna mama thaththa kenek wenna lesthida kiyala mama danne nehe namuth oya wayasayi,0,singlish
ewita oba ohuwa dutu bawa pehediliya,0,singlish
"ane oya wage kenek, loku talk karana moda thamuse.",0,singlish
oya ge wada nam gon athal karaya ne machan.,1,singlish
api patan gaththe oyatath puluwan mama hire iddi salli okkoma wiyadam kala den oya mata kiyanawa wesikili hadana rassawak karanna kiyala,1,singlish
"oya ge reply eka, uba nam mole nathi machan.",0,singlish
eya kisi witekath sidu nowanu etha oba onewata wada hondin eliyata demeemata kemathiyi,0,singlish
oya kohomada meka danne eeye re mama yudha kawunsilaye samajikayek ekka nidagaththa,0,singlish
me wage hariyata therumak nathi athal danne nathuwa tikak hithapan umbala.,0,singlish
uba ge kathawa ahuwama gon athal karaya kiyala hithenawa.,1,singlish
ohuge rewula rathu wu kalaka sita oba ohuwa handunanawa,0,singlish
oba ehi sitina wita mata endak genenna api parewiyeku yawamu,0,singlish
oba sithanne eya kumak wiya noheki bawayi,0,singlish
"oya ge idea eka, uba nam gon harakek kata wahagena inna.",1,singlish
eya apawa kendaweemata madhyayak wana athara eya oba kawudeyi wilapa winyasaya lesa hendinwe,0,singlish
obata wisheshitha gehenu lamayeku thora geneemata thibeda oba hondin wanu etha,0,singlish
eya kumakda mama sampreshanayata sawan dee siti athara hustan pariwarthanayedee wereddak kara etheyi mama sithami,1,singlish
oyata monawada ona mata oyawa riddanna ona,0,singlish
wetupa honda nam obata obe sinhasanaya athhera mage yudha nayakaya weemata heki wana paridi obe mahimaya oba jeewath karaweemata mama adahas karami,1,singlish
jastin ma thula ethi andura gena yamak keewe ohu eyin adahas kale kumakda yannayi,0,singlish
apata vikandana transistara pariwarthanaya kala heki aropana awashya we,1,singlish
newa surakshitha wu pasu api obawa piligatha noheki newata gena ennemu,0,singlish
mama obata mage mulu hadawathinma adareyi don eya don nowe,0,singlish
"oya ge idea eka hariyata gon wage wada karanawa, oya wage aya nisa thamai mehema wenne.",1,singlish
eya kedunu muhunak weemata asannayi meya sadakalika nowe jonee api newatha samanya thathwayata path wana thuru parissam wiya yuthuya,1,singlish
"oya ge idea eka, uba nam gon lajja nadda.",1,singlish
ma langa oba nila endumak gena netha,0,singlish
piyu akkai heshan aiyyi lassanai,0,singlish
"ane umbala, mole kalpana nathi meka nam athi.",0,singlish
mehema wada karana eka ge me wage kata witharai wada comment dakkama epa wenawa.,0,singlish
sammuka pareekshana sandaha owun nitharama ma pasupasa enawa,0,singlish
oya ge idea eka ge me wage gon comment dakkama epa wenawa.,1,singlish
oya ge post eka ge kathawa ahuwama moda kiyala hithenawa.,0,singlish
"oya ge idea eka, meka nam awajathaka wage level ekak. hariyata behave karapan.",1,singlish
niyama kathawa den api mokada karanne ape hella karayo eliyata genalla pittaniyata danna,0,singlish
e es ed eka bel durakathana maru kireeme anshaye weda karana obata mokada wune,0,singlish
ohu kiyayi me ohu me ohu ya,0,singlish
mara demu betalu petawa asala siti pudgalaya pewasu de mathakayi sanda eya nawathwanna parissam wanna,1,singlish
eyi oyata mawa bandinna ochchara ona nam mawa edagena yanne neththe eyi mama oyawa edagena yanne neththe hari mama le pareekshana karala iwara welama ennam,0,singlish
hari mama e siyalla wishishta lesa gannam api mastar kad saha emarikan ekspras piligannawa,0,singlish
"umbala, uba nam gon poddak mole pawichchi karapan.",1,singlish
oba winadi pahakata pera oba dakinawa oba mata adareyi kiwwa den oba mata waira karanawa namuth mama meyata kemathiyi mama obata waira karanawa oba mawa sipa nogena iwathwa yana nisa epamanayi,0,singlish
eka dawasak yamek panapitin wedata yana wita eya amuthu deyak wana athara pasuwa kisiwak netha,0,singlish
"ane manda oya ge post eka, gon harakek wage behave wenne ai? lajja nadda.",1,singlish
meya sathiyak kopamana kalayak siduwee ethdeyi api niyama welawa enathuru bala sitiyemu,0,singlish
oba ohuwa iwasanne kesedeyi mama nodanimi ohu nasa pawathwagena giye etakatu siyalla welalee ethi thena ohu danna bewini,0,singlish
me mage leli wera saha wera leliya bawa obata therenne netha,0,singlish
heree oba thawamath e minisun samanga karanne kumakda ohu mata nayata pansiyayak laba deyi,0,singlish
mehema wada karana eka awajathaka wage lajja nadda.,1,singlish
ohu eya wikunanne kohedeyi oba igena gannawa,0,singlish
me ayye please reply karanna koo oya harima lassana i anee akki oya patta,0,singlish
owun kopamana warayak hondin sitinawadeyi oba puduma wanu etha ohu ohuge piya hamuweemata ma thallu kala namuth mama eya kal damami,0,singlish
nehe api eya pitupasa midule thabamu eya niwase etha karunakara mata samawenna,0,singlish
eya sathyayak nowe mata oswald nam kisiwaku muna gesee netheyi obata keewe pissu wiya yuthu namuth ohu yowun wiyedee ohu obe siwil guwan mura sanchara ekakaye sewaya kala bawa oba dannawa,0,singlish
oya ge wada mehema karanne gon nisa da? danawada mokakda kiyala.,1,singlish
mage chekpatha karunakara mata obata anathuru engaweemata siduwe sar mama oben ayadinawa,0,singlish
mama hithanne oba den ya yuthuyi yathura bima thiyenawa mama yanne nehe oya dannawa mama mata methana inna denne nehe kiyala,0,singlish
"ane manda uba, gon athal karaya wage behave wenne ai? oya wage aya nisa thamai mehema wenne.",1,singlish
mama mokatada ehema karanne mokada miniha paribhogikayek den moda eyage buruwa mata ayithiyi,1,singlish
eka thamayi mama danne eth,0,singlish
adhunikayan owun rate hondama rahas pareekshaka ejansiya sar,0,singlish
"oya ge reply eka, meka nam wadak nathi level ekak. tikak igena ganin.",0,singlish
mama hithanne nehe oya wayasayi mata oyage parikalpanaya pawichchi karanna tharam mahathayi kiyala,1,singlish
"oya ge reply eka, meka nam gon harakek level ekak. comment karanna kalin hithapan.",1,singlish
mama matin samanga wiwaha wuwemi eya oba hereege aluth eka kiyawana purna kaleena rekiyawak wu athara ohu pawasanne eya ohu kiyawa ethi hondama deya bawayi,0,singlish
oyage putha hodatama marti oya hithana widiyata kellek ekka me gedara innawada kiyala,0,singlish
oba wyaparika ghoshawa elawa damanne elesa ya ow oba mehi gena giya alankara wathawaranaya binda damayi,0,singlish
mokakda me me video eka balala comment karana eka ge gon athal karaya wada? thamuse.,1,singlish
"""srilankan brabu dewa??",0,singlish
dewiyane mama hithanne josh apita godak parinathayi kiyala mama dannawa eya wahana padawana widiha balanna eya wayasaka kenek wage,1,singlish
aniwaryayenma balanna oba eya newatha gayana karana athara mama oba samanga hasyajanaka lesa karannam eya honda nam wada hondaya,0,singlish
oba kopamana welawak krees hi rendee sitimin kisidu selasumak nothibuni,0,singlish
kalakanniya,1,singlish
"""amal kiyanne supiri gayaka yek . nihatha mani gayaka yek. samaharak obata mona mada gasuwath oba supiri gayaka yek.. jesu pihitai amal obatath obe putha nadimal tath ..",0,singlish
mama kiwwa eka hari kiyala mama hithanawa ow kiyala,0,singlish
me video eka balala comment karana eka ge kathawa ahuwama mole kalpana nathi kiyala hithenawa.,0,singlish
pramanawath tharam wishesha kisiwek netheyi oba adahas karanne kawurun ho esu bawayi,0,singlish
oya ge post eka gon athal karaya poddak mole pawichchi karapan.,1,singlish
eyalata mokada une mama loku una,0,singlish
"ane manda oya ge reply eka, awajathaka wage wage behave wenne ai? hariyata behave karapan.",1,singlish
sathi hayak dakwa mama hithanne api kohomada muhuna denne kiyala,0,singlish
samawenna sar eya eseema gena mama sathutu wemi namuth oba sithanne mowun wideshikayeku weema kumak wiya hekideyi mama igena geneemata kemeththemi,0,singlish
oh sthuthiyi sthuthiyi sthuthiyi,0,singlish
oya ge idea eka hitha nathi hariyata wada karapan.,0,singlish
"ane manda oya ge reply eka, awajathaka wage wage behave wenne ai? tikak igena ganin.",1,singlish
kakulak kadanna wasanawa kiyanna ona,0,singlish
"me wage wada karana aya, uba nam gon athal karaya me wage wada nawaththapan.",1,singlish
oba ada eya bhawitha nokarana udunak thibe,0,singlish
oba sithanne ese yeyi eththa washayenma piligatha heki paridi den wasara deseeyakata asanna kalayak brithanyaya wisin indiyawa palanaya kireemata kalaya gatha we,1,singlish
heyi machan api pehedili lingika kriya wisheshangayak sandaha wikashaya karanawa,0,singlish
apiwa diranna methana dala giya paththara wala weerayo karapu de hari hari nishshabdawa inna,0,singlish
obata dunna kapa gatha hekiya oba adahas karanne kumakdeyi mata therune netha,0,singlish
mokakda me uba ge loku talk karana moda wada? ane.,0,singlish
ohuta awashya mama karyabahula weematayi dewiyane eya hari,0,singlish
mata wishwasayi mama kiwwa namuth mata kiyanna beri wuna,0,singlish
"""??galle valath clz ekk krnnako",0,singlish
"oya ge kathawa, uba nam moda yakku wage machan.",0,singlish
hayi petiyo wishwasa karanna amaruyi mama dannawa oya nitharama nangila kiyala weradiyata therum aran kiyala,0,singlish
oba kawada ho miniseku samanga snanaya kireemata pera mama meeta pera miniseku samanga kara nethi boho de etha,0,singlish
kohomada wede hondada mama ada oyata wedata katha kala eyala kiwwa oyata gedara asaneepayi kiyala,0,singlish
me wage wada karana aya nam gon athal karaya ne hariyata behave karapan.,1,singlish
"hariyata baluwoth uba gon harakek wage ne, lajja nadda.",1,singlish
umbala mehema karanne gon nisa da? lajja nadda.,1,singlish
mokakda me me wage wada karana aya ge gon wada? hariyata behave karapan.,1,singlish
mama tikak nidagena innakota oya math ekka innawada mama oyawa dala yanne ne,0,singlish
eyata kiyanna oya babek benat kiyala eyata kiyanna oya eyagen hutapatayak heduwa kiyala mama ada eya ekka dawalta kanawa eya uththarayak balaporoththu wenawa eka lassana weyi kiyala,0,singlish
obata awashya nam obata eya wenas kala heka api rupawahiniya nerambiya yuththe mandeyi mama nodanimi,0,singlish
"""paw muge thatha mu kewa kudu dealing",0,singlish
ow oba eya wenuwen wetuna mama obata kiwwa mata hengeemak thiyenawa kiyala,0,singlish
owun sihinen ehi ihalata pamanak jeewithaya saha mehi pahala lesa hendinwuha,0,singlish
jesee mage depa wewlanawa sem toni mehata enna,0,singlish
anduru minisun widesha rekiya sandaha giya bawa oba dena sitiye netha,0,singlish
hondayi ohu den kumakda ohu pudl bhagayak saha mura ballagen adaki,1,singlish
eya nawathwanna jek parissam wanna sanda pura sanda dewid obata dina dekak thibe,1,singlish
umbala ge me wage gon harakek comment dakkama epa wenawa.,1,singlish
sajan methanin yanna,0,singlish
uba ge me wage awajathaka wage comment dakkama epa wenawa.,1,singlish
"oya ge reply eka, uba nam gon meka nam athi.",1,singlish
dewiyanta sthuthiyi oba apa wetha langa wu wita obata mathaka ethi paridi api arambhaye sita arambha karamu,1,singlish
obema wyaparaya gena sithanna eya mage wyaparayayi eya mage namayi,0,singlish
"oya, meka nam awajathaka wage level ekak. thamuse.",1,singlish
eth wela inna neththam raththaran nisa,0,singlish
oba dedena negee siteeme kriyawak arambha kala yuthuya manda oba obe hasyaya ma kerehi nasthi karana nisa eya sathyayak nowe,0,singlish
mata wedi thebeemen obawa kothenakawath gena noyanu etha oba danna deyak waidya jons oba hariyatama hari,0,singlish
hondayi api mehi sitinne kawuda obata mathakada mage neethigna alma wilasithawan,0,singlish
oh oba hondin uthsaha kala mama kuda chithrayak andinawa,0,singlish
obata balapathrayak thibeda namuth mage ballata ewa miliyana gananak thibe,1,singlish
oya ge reply eka mehema karanne moda nisa da? meka dakka gaman hina yanawa.,0,singlish
oya wage kenek nam kata witharai wada ne hariyata behave karapan.,0,singlish
oya wage kenek mehema karanne awajathaka wage nisa da? me wage wada nawaththapan.,1,singlish
siyalu pragathiye swabhawaya eyayi wiliyam obe sahodarayata obawa wenath akarayakin niweradi kireemata ida nodenna,0,singlish
uba nam gon harakek ne me wage wada nawaththapan.,1,singlish
oya hitha hadaganna meya jarawak karayida neththam mulinma apiwa marayida meya jarawa karanawa eeta passe apiwa marayida,0,singlish
me wage mage diha hondata balanna apita methana inna be,0,singlish
"oya ge kathawa, uba nam wadak nathi danawada mokakda kiyala.",0,singlish
owun apata kumak karayida oba kema ka rupiyal dahayakata wada athaharinna oba mapatengillak desa balanawa ethi,0,singlish
obata ma samanga eya dushkara bawa gena awadhanaya yomu kala noheka,0,singlish
neegro leegaya etharam honda mudalak gewanne nethi athara oba semawitama sitinne desi samanga soda noganna pareya,0,singlish
obe pawulata obe pawulata,0,singlish
mama oya diha balagena innawa mata oya digatama methanama balagena inna ona,0,singlish
"ane manda oya ge kathawa, gon athal karaya wage behave wenne ai? comment karanna kalin hithapan.",1,singlish
ow besil parissamen,1,singlish
balagena innako den oyata kannadi awashya wage es dekath piyagena inne kohomada kiyala,0,singlish
oya ge kathawa ge me wage gon athal karaya comment dakkama epa wenawa.,1,singlish
me video eka balala comment karana eka ge kathawa ahuwama gon harakek kiyala hithenawa.,1,singlish
oya parissam wenna mata oyawa maga herenawa api dawas dekak yannam,1,singlish
"""meka supiri",0,singlish
unta wahallu wage denenna one nehe den gihin gaurawanwithawa awwe badinna,0,singlish
me wage mata methana siwurak nehe mage eka ganna,0,singlish
oya ta kiyanna one awajathaka wage wage wada nawaththanna kiyala.,1,singlish
"oya ge reply eka, meka nam gon harakek level ekak. boruwata katha karanne.",1,singlish
namuth ese nam oba kohomada mama shabdayata akamethi wanne puhunuweem puhunuweem paripurna karayi,1,singlish
obata den eya lebee thibeda kapu samagama,0,singlish
oya mehema karanne gon athal karaya nisa da? hariyata wada karapan.,1,singlish
mama obata newatha pemineemata ida demi obawa hamuweema sathutak,0,singlish
"oya hariyata gon harakek wage wada karanawa, kata wahagena inna.",1,singlish
oya ge post eka ta kiyanna one gon wage wada nawaththanna kiyala.,1,singlish
uba mehema karanne awajathaka wage nisa da? me wage wada nawaththapan.,1,singlish
eya etharam pahasu nam sema kenekuma owunwa wardhanaya nokaranne manda yanna honda prashnayaki,0,singlish
"ane manda oya ge kathawa, gon athal karaya wage behave wenne ai? ne.",1,singlish
umbala nam gon harakek ne kata wahagena inna.,1,singlish
"me comment eka danapu eka, meka nam gon level ekak. meka dakka gaman hina yanawa.",1,singlish
mehema wada karana eka ta kiyanna one gon harakek wage wada nawaththanna kiyala.,1,singlish
hondayi oba sithanne kumakda mata kisiwak netha namuth oba mulinma kesablenka wetha pemini wita mama sithuwemi,0,singlish
"""maru aiye??",0,singlish
posparas athbombaya gena kumak kiwa hekida ekak kriya wirahitha wu namuth eya ohuta sparsha noweeya oba meya dannawa yeyi mama sithuwemi,0,singlish
"ane manda me wage wada karana aya, gon harakek wage behave wenne ai? boruwata katha karanne.",1,singlish
oya ge kathawa ge me wage gon comment dakkama epa wenawa.,1,singlish
obata obema kurundu tost sediya heki yeyi mama wishwasa karami,0,singlish
"ane oya ge reply eka, awajathaka wage thamuse.",1,singlish
mokakda me wins saha jastin,0,singlish
saki tikak balaganna mama eka mata,0,singlish
edriyan oyata apahu apayata enna wenawa thaththe asaneepayi eya asaneepayi,0,singlish
lokka kale ho ohuge sahodaraya kawuda lokka,0,singlish
"me video eka balala comment karana eka hariyata gon wage wada karanawa, kiyala therenneth ne.",1,singlish
umbala ge me wage wadak nathi comment dakkama epa wenawa.,0,singlish
oya ge reply eka mehema karanne boru karaya nisa da? ane.,0,singlish
ne thaththe oya awurudu hathalihak kala mata oya ekka inna thibuna nam,0,singlish
hondayi mama hithuwa oyata theruna kiyala mata eka maga heruna eya magulak kiwwe nethi de,0,singlish
api mokuth karanne ne eyi oya mechchara moda,0,singlish
me wage awajathaka wage athal danne nathuwa tikak hithapan oya ge reply eka.,1,singlish
obata mage mudal lebune nethnam yanna eya ma asamasamayi,0,singlish
pereesiye bhayanaka dutha mehewara jeewithaya saha maranaya yana tharunayan dedenekuta kisima gini pupurak denune netha oba adahas kale mata dinayak awashyada yannayi,0,singlish
"uba, meka nam gon harakek level ekak. kata wahagena inna.",1,singlish
mehema wada karana eka gon athal karaya comment karanna kalin hithapan.,1,singlish
"oya ge wada, uba nam wikarayak oya wage aya nisa thamai mehema wenne.",0,singlish
api itha barapathala mudal prawaha getaluwaka addara sitinne kawadadeyi owun obata danwanu etha,0,singlish
ow sar mama thamayi medam bonapat ge puhunukaru ketuwa giya pariwara hamudawata ana deemata obata pewaruwe ohu ya,1,singlish
ohuge sithe ethi de pewaseemata ohuta wachana nomethi nisa mama mata garu karami manda oba modayeku nowe,0,singlish
mama hithanne oba pahath bawa herunu wita oba boho durata paripurnayi oba samanga thawath ek deyak pamanak weradiyi,1,singlish
namuth mama pradarshanaye ana dena niladhariya mama pariganakayata katha kara eya kiyana de newatha kiyami ewita owun godananga eththe eyayi,1,singlish
hondayi eya kar eke etha eya motar rathaye etha itha hondayi sar mata eya gena ennam potar kenek,0,singlish
me video eka balala comment karana eka mehema karanne awajathaka wage nisa da? poddak mole pawichchi karapan.,1,singlish
"ane manda oya ge idea eka, awajathaka wage wage behave wenne ai? ban.",1,singlish
mama ekata kemathiyi mama thawamath hithanne api owunwa mulinma munagehenna thibuna,0,singlish
oya ge idea eka ta kiyanna one chater wage wada nawaththanna kiyala.,0,singlish
obe hasyaya nethi wee nethi bawa dekeema gena mama sathutu wemi eya uthsahaye aduwa nisa nowe,0,singlish
oya ge post eka gon tikak igena ganin.,1,singlish
poddak inna mata hayiyen andanna ona de mage enden eliyata enna,0,singlish
ma desa balanna mama seethalayi oba rathu unusum ya ehi yanna mata thawath ayis laba gatha yuthuyi,0,singlish
mama sathutuyi mama dewiyan wisin eya obe mawa e lilee,0,singlish
sathura prawegayata gelape sathura prawegayata gelape,0,singlish
para aine kada noda kele kada dannada pako,1,singlish
mama kopi eka iwara karala ikmanata lesthiyi,0,singlish
kawuda den eka dweshasahagatha boruwak kiyala oyata lamayi kee denek innawada kiyala,0,singlish
oh eththenma hondayi owun hema witama penune palamu jesus wahanse saha mariya damaya gena,0,singlish
hadisi alokayak mata hondin denenawa,0,singlish
hondayi oba mata nayayi nam obe buruwa kandata damanna mata obata udaw kireemata awashyayi namuth mata motar rathayaka kande sirawee siteemata awashya netha,0,singlish
"ane uba, gon harakek ne.",1,singlish
obata obe hadawathe pinthurayak lebune mage hadawatha pamani,0,singlish
namuth mama dakinawa eya awurudu ganan wayasin wedi bawak adahas nokala bawa oba sema witama kudayak regena yana athara eya ada udesana tharamak walakulu piri bawak penuni,0,singlish
"me video eka balala comment karana eka, uba nam awajathaka wage boruwata katha karanne.",1,singlish
hondayi mama hondayi oba ema pathraya watina panthiyata awasan kalada thawamath netha mama eeye rathriye eya tikak weda kireemata uthsaha kala namuth mata awadhanaya yomu kireeme getaluwak thibe,0,singlish
"hariyata baluwoth umbala loku talk karana moda wage ne, danawada mokakda kiyala.",0,singlish
e obe balla eya ape balla eya apata ayithi ya,1,singlish
oya gem gahanna asayi neda peetar eya heta ekolahata katha karannam kiyala foto eke kiyanawa eyi apahu enna epa oyama ahanna kiyala,0,singlish
e eya kohomada oya danne mama eyata liwwe sanduda kiyala eyalata eyawa hambune angaharuwada merila kiyala,0,singlish
mehema wada karana eka wadak nathi poddak mole pawichchi karapan.,0,singlish
mage thaththa uththara nodena lassana thalayak mata eyawa hoyagena yanna wenawa,0,singlish
"uba, meka nam gon athal karaya level ekak. poddak mole pawichchi karapan.",1,singlish
oba mage karya mandalaye kenekuwa mara demu nisa mata newatha kiyannata ida denna,0,singlish
wasanawa thawath ahambayak,0,singlish
karunakara e pramanawath mama obatath adaraya kala oba dannawa mama hondin kala kiyala,0,singlish
neethi sampadanaya kara eththe da kada kala minisun weemata ya,0,singlish
umbala ta kiyanna one gon athal karaya wage wada nawaththanna kiyala.,1,singlish
mama apahu yanne oya nethi kar eke neweyi,0,singlish
monawa hari karanna mama nodanna de karanna mama mekata honda ne,0,singlish
mokakda me oya ge post eka ge weda bari wada? hariyata.,0,singlish
api ohuwa bhumadana kala yuthuyi e mokakda kiyala,0,singlish
eya upandina kek ekakda ow,0,singlish
samahara wita apita e walakule ewa nethi wenna puluwan mama hithanne eka walakulak kiyala,0,singlish
eyata wetenna epa eya trelar dekak pahalin jeewath wana nisa pahasu wanna,0,singlish
oya hondin innawa neda thaththe ne mama ne mama tikak wela indala mama denatamath merila,0,singlish
eka thamayi mama karanna thibune mawa thama ellala nehe,0,singlish
owun wiwaha giwisagena nethi bawa ohu sithanne owun mata ese keewa kiyaya,0,singlish
eya kumakda surathal satheku ohu pala kara etha mama ohuta bhayanaka wiya,0,singlish
deyiyane mama oyata kawadawath waira kala kiyala mata wishwasa karanna be oyata pissu wenna ethi,0,singlish
nikan beela ne eth eka hari oyage kar eka koheda mama ada ude eka wikunuwe mama methen sita keb ratha ganna yanawa,0,singlish
eyi oya apahu nidaganne neththe mama eliyata gihin apita ude kema tikak aran dennam parissamen,1,singlish
dolar dahayayi dolar dahayayi,0,singlish
kisiwakuta mathaka netha owun mathaka thaba ganna asarthakathwaya owunta amathaka wu jayagrahana bawa ya,0,singlish
hari ahawal ekata kiyanna kata wahaganna hari hari sar,0,singlish
mama eka uda padipele thiyanne dewiyan wenuwen benjamin oya oya widiyata hesirena eka nawaththala mata pars eka genath denawada,0,singlish
mama kamak ne oya kalabala wela wage innawa ahanna mata ona ne,0,singlish
oba weradiyi ewita mata ohu pitathata gos den wyayamayak kireemata ida denna,0,singlish
sthuthiyi sar mama karannam oyata yanna puluwan keptan chals,0,singlish
mokada une eya wetila wetenawa,0,singlish
boltik parishuddha pati gena oba kala deta mama kemathi wuwa itha narakayi wena kisiweku eya kale modakamaki mage rekiyawa mama sambandha wana pudgalayin mama eya samanga mehi sitimi,1,singlish
oya ada paththara beluwada ow sar mama beluwa,0,singlish
obata pradhaniya weemata awashya eya hari,0,singlish
mata wishwasa karanna be me beg wala mila apita nomilaye thibuna nam apita karanna thibune oyage sahodariyata denna witharayi,0,singlish
"ane oya ge post eka, gon athal karaya lajja nadda.",1,singlish
"oya ge post eka, meka nam gon harakek level ekak. boruwata katha karanne.",1,singlish
"me comment eka danapu eka, uba nam awajathaka wage ban.",1,singlish
mokakda me oya ge kathawa ge gon harakek wada? oya wage aya nisa thamai mehema wenne.,1,singlish
mama samahara welawata matama payin gahanawa namuth karanaya nam mama ohuge jeewithaya gatha karamin kalakanni wannata etha ebewin mama ya yuthu yeyi oba sithanawa,1,singlish
oya ge kathawa ge me wage gon harakek comment dakkama epa wenawa.,1,singlish
wikthi wee eththe ewita ohu awasanaye suwa kala noheki bawa mama upakalpanaya karami ow sar,0,singlish
oya ge post eka nam wikarayak machan.,0,singlish
me wage gon athal karaya athal danne nathuwa tikak hithapan umbala.,1,singlish
ow matath oya cheena kadeka inna magul gonek meka magulak,1,singlish
"ane oya ge post eka, gon athal karaya tikak igena ganin.",1,singlish
api eka mandala kamarayedee sakachcha karamu,0,singlish
e geni thamayi ara genu lamaya embarila herila thiyenne ethi tharam geniwa kamak ne eyi oya yanne neththe,0,singlish
oba anathuru engaweeme paddhathiya bhawitha kale apa mehi sitiye pasugiya palamu rathriye nowa awasan deke bewini,0,singlish
obe pareekshawa sampurna karanna owun kisiwak nowa pirimi lamayin eya heta ghathanayak wanu etha,0,singlish
me wage awajathaka wage athal danne nathuwa tikak hithapan oya ge idea eka.,1,singlish
"umbala, meka nam chater level ekak. thamuse.",0,singlish
mama ada udesana asaneepa wuwan emathuwa guwan sewaya danna paridi mama thawamath oba langa sitina bawa,1,singlish
karnal reed jorj newatha pemineema itha hondayi,0,singlish
"mehema wada karana eka, uba nam loku talk karana moda tikak igena ganin.",0,singlish
ane duppathata witharak ida denna mama obe upades ehuwe nehe,0,singlish
weradi pilithurak api ape kathawa kelinma therum gaththemu namuth api kisiweku meru nisa nowe e mama ohuta tharjanaya kala nisa ya,0,singlish
mama welala iwarayi ethakota oya mokada methana karanne enna minissu api yamu kupar kalisam tikak endaganna,0,singlish
mama thaniyama yanawa meka bhayanaka wenna puluwan hari mage sonduru subha rathriyak,0,singlish
oya ge wada mehema karanne kata witharai wada nisa da? ane.,0,singlish
"me comment eka danapu eka, meka nam gon level ekak. me wage wada nawaththapan.",1,singlish
royi oyage oralosuwa kedila lassanata yanawa raththaran eka aluth,0,singlish
mata meka godak durata epa wela,0,singlish
"hariyata baluwoth oya ge kathawa wikarayak wage ne, hariyata.",0,singlish
hayi ithin mokada wune,0,singlish
welawa ekolahayi mama pasuwa ennam,0,singlish
umbala ge kathawa ahuwama gon kiyala hithenawa.,1,singlish
ow oya thamayi oya tep heduwe,0,singlish
obawa dekeema sathutak obawa dekeema sathutak,0,singlish
eka ridenawa aho jesus wahanse wethirila inna bobee,0,singlish
pasugiya sathi thuna eya arambha kireemata naraka thenak nowe,0,singlish
oba mage hadawathata porondu wenawa,0,singlish
jana netum wala durwalathawayak mata kawadath thibuna eya mehi ema kriyawen gelawee ya heki namuth eya kisi dinaka eya sebe rathree samaja shalawakata noyanu etha,0,singlish
oba adahas karanne hondin apasu yanna pehediliwama apata apasu ya yuthuyi,0,singlish
samawenna adaraneeya eka kamak ne,0,singlish
ye niruwathin ayudha hera owun siyalloma praweenayan wuha,0,singlish
balanna genu lamayi mama pitipassen innam oyage ithuru tika egollanwa nawaththanna eka nisa ilen oyata pissuda,0,singlish
oba ehi sitina wita owun ese nokaranu etha karunakara kreedawak wanna karunakara oba metharam kalabala wanne mandeyi magen asanna,0,singlish
samawenna mama hithuwa eka his kiyala kamak ne,0,singlish
"oya wage kenek, meka nam gon level ekak. lajja nadda.",1,singlish
oya wage kenek gon comment karanna kalin hithapan.,1,singlish
ah hiru eliya oba ikman nowee ikmanin wenas wuwahoth oba pramada wanu etha,0,singlish
sweedanaya gena etharam honda kumakda eya itha pirisidu itha shishta sampanna saha seethala sundara rataki,0,singlish
mokakda me oya wage kenek ge gon harakek wada? meka nam athi.,1,singlish
oya wage kenek nam awajathaka wage ne kiyala therenneth ne.,1,singlish
eya mage nowe eya itha kalathurakini ehi kalaya thula etharam sulabha deyak oba dannawa me wasara gananawa hondin bala gaththa,0,singlish
api ekata ida denne nehe kiyala winodayak gaththa,0,singlish
oya wage kenek nam moda yakku wage ne machan.,0,singlish
oh mayils mama adahas karanne obe dhanaya sampurnayenma araksha kara ethi bawayi,0,singlish
me wage gon athal danne nathuwa tikak hithapan oya wage kenek.,1,singlish
oya ge wada mehema karanne gon athal karaya nisa da? boruwata katha karanne.,1,singlish
me comment eka danapu eka ge me wage gon harakek comment dakkama epa wenawa.,1,singlish
mama hithanne oba sameepawa nida gatha yuthuyi mama arakshawa sandaha adahas kale ema sarpaya samanga nidageneema wada arakshithayi,0,singlish
mage hadawatha haras kara mereemata balaporoththu wanna,0,singlish
"umbala, uba nam gon hariyata behave karapan.",1,singlish
ohu ohuwa laba gaththa ohu sema witama karanne awasanayedee mama mehi sitinne kesedeyi ohu danee,0,singlish
obe manasa palanaya karanne kawurun ho rajaya owun sema kenekugema manasa palanaya karanne oba eya dena geneemata noheki tharam modaya,0,singlish
ane dewiyane oya hondin,0,singlish
mama hithanne mata nethi wuna oyawa mada wela kiyala,0,singlish
katahari salli salli salli ona kiyala oya hithanne mokakda kiyala mama oyata kiwwa mama e ganudenuwata kemathi nehe kiyala,0,singlish
brithanyayan jenaral lee wenuwen welandamak kireemata sakachcha karana bawa oba asa thibeda ohuge ballan athishayin preethi wanu etheyi mata wishwasayi,1,singlish
misis robinsan mama me benjamin danna danne nehe,0,singlish
eyi mama nowanne mama kumakda awasana kriyawa eeta pataheniwa mata awashya oba haniyakin thorawa paripurnayi,1,singlish
mama iwarayi iwarayi,0,singlish
oya ge kathawa ta kiyanna one gon harakek wage wada nawaththanna kiyala.,1,singlish
dorathi eya kemathi paridi mata adaraya kalath nethath hondama de ohu ege wishwasaya wiwaha kara geneemata pera ma samanga satan kireemata siduwanu etha mama hithanne oba obe wachanaya rakina kollek,1,singlish
"oya wage kenek, uba nam kata witharai wada danawada mokakda kiyala.",0,singlish
mage sathuta eya awama washayen ahasa tharam honda wiya,0,singlish
oya ge wada mehema karanne awajathaka wage nisa da? thamuse.,1,singlish
apiwa mankolla kewa hari eyage pars eka ganna,0,singlish
eyi oya eka karanne mama awajathakayanta mawa biththiyata udin nengitinna denne nehe eka nomana kriyawak,1,singlish
peetar anathuru angawanne eyi oba ohuwa handunanne,0,singlish
"oya wage kenek, meka nam wikarayak level ekak. ban.",0,singlish
kolla issaraha hondatama ne,0,singlish
"umbala hariyata awajathaka wage wage wada karanawa, danawada mokakda kiyala.",1,singlish
pahugiya then dekedeema kiwwe meka wenna one,0,singlish
subha sandhyawak itha hondayi obata sthuthiyi saha obata bohoma sthuthiyi mata oba wenuwen yamak thibe jon mata wishwasayi oba eya rasawindina bawa eya itha janapriyayi,0,singlish
eyata ganudenuwak kireemata awashya wanne kumakda yannayi,0,singlish
oyata mawa wishwasayi mama oyata gewannam,0,singlish
"uba hariyata gon wage wada karanawa, comment karanna kalin hithapan.",1,singlish
naraka nehe sawan denna api obe aganthuka sathkaraya agaya karanawa namuth eththatama apita wedi kalayak nehe,0,singlish
itha lassana penumak ethi kanthawak eya mata hondatama ethi athara mama gedara gos mage birindata kiyanna nam,0,singlish
doktar kiwwa oyata udeta balanna puluwan kisima deyak oyata denna epa mage oluwa misak,0,singlish
"oya wage kenek hariyata awajathaka wage wage wada karanawa, ne.",1,singlish
lassana kadala kola bottuwaka honda rathriyak misis peel,0,singlish
"oya, meka nam wal buruwa level ekak. tikak igena ganin.",0,singlish
oh mama den kalpana karamin sitiye minisa bayit pewasu deyak gena oh fredee ema kalakanni wempayar obata karadara kireemata kumak kiwa hekida,1,singlish
"ane uba, gon hariyata.",1,singlish
"ane me wage wada karana aya, gon ne.",1,singlish
oba werala wasa ethi salakunu sangawa thebuwada apata kisida getaluwak nothibuni,0,singlish
uba gon harakek tikak igena ganin.,1,singlish
ne eka witharak neme mamath oyata adareyi mama dannawa mama hari hari mama dannawa oyath karanawa kiyala,0,singlish
eya pusthakalayak men penenne netha eya pariwarthanaya karana lada palliyak men pene,1,singlish
mata mawa methanin geniyanna ona ikmanata enna,0,singlish
oba soyanne kumak deyi mama nodanimi namuth arambhaye sitama mama obata honda bawa apata pehediliya,0,singlish
"ane manda mehema wada karana eka, gon wage behave wenne ai? thamuse.",1,singlish
thaththe kohomada oyata hodayi mama den methana inne,0,singlish
mama kumariyak obata me kele gena mata ana kireemata ayithiyak netha oba samanya wesiyeki den nihanda wanna sebe rajakeeya praweshayan,1,singlish
"hariyata baluwoth oya ge idea eka gon wage ne, boruwata katha karanne.",1,singlish
aduma tharame api gedarata kisima deyak genawe nethnam mata eththatama modakamak denenawa,0,singlish
ma adahas kale oba wenuwen sakachcha kireemata neetheegnayeku lawa katha karana bawayi,0,singlish
mama oyawa dekka nam mata oyage birinda gena kanagatuyi owun mata kiwwa sthuthiyi mata samawenna oyata boru kiyanna siddha wuna eka amaru wenna ethi,0,singlish
oba dannawada eka miniththuwakata pamanak kopamana thorathuru beda heriya hekida yanna mama mema itha wedagath karya mandala resweema gena methek dena sitiye netha,0,singlish
oba pamanak nowana bawa mata hengena andamata ullanghanaya wee etha,0,singlish
menna eya kriyathmaka wana akaraya oba magen prashna asanna oba weradiyi nam mama obata kiyami,0,singlish
ne eka sthree dushanayak neweyi ehenam eka iwarayak karanna,0,singlish
obe kalisam kakula osawanna oba eyata udaw karanna mama kale eya samanga pitathata ewideema pamanayi,0,singlish
hondayi e nisa eyata katha karanna eyawa methanata genwa ganna eththa washayenma eya awashya nowe,0,singlish
mama eka karanne oya naraka kollek,0,singlish
mokakda me umbala ge gon harakek wada? meka nam athi.,1,singlish
kohe hari hoyagaththa,0,singlish
oba pohosath lesa penenne keseda yanna oba sithanne eyayi,0,singlish
jesuni mata eya kriyathmaka wiya,0,singlish
"oya ge idea eka hariyata awajathaka wage wage wada karanawa, tikak igena ganin.",1,singlish
oya ge kathawa ge kathawa ahuwama gon athal karaya kiyala hithenawa.,1,singlish
mata inna denna thaththa kiyanawa,0,singlish
ewita jalayen adak gos ethi athara ithiriya kunu wee ethi bawa oba dannawa jesu mariya mama obata kisidaka ehumkan nodiya yuthu bawa,0,singlish
ganudenuwak gena kohomada api obata karal saha pem dala yanna dennam,0,singlish
eya kiwwa eya ekka katha karanna yanawa kiyala eya kiwwa mawa me naduwata danna ona mata eka karanna be kiyala,0,singlish
eke anthima tika okkoma loku mahaththayage kamare his mama oyata udaw karannam,0,singlish
"ane oya ge post eka, gon athal karaya oya wage aya nisa thamai mehema wenne.",1,singlish
mata therenawa ehenam ow meks kiyanna mata therenawa,0,singlish
"oya wage kenek hariyata gon wage wada karanawa, meka nam athi.",1,singlish
eka thamayi mama adahas karanne abhirahas mistar konwe mama e minisata kemathi nehe ohu apehedili wediyi api ohugen boho thorathuru laba gaththe nehe neda api bob,0,singlish
eyalata mawa geniyanna denna epa steew mama oyawa katawath aran yanna denne ne,0,singlish
mehema wada karana eka ta kiyanna one awajathaka wage wage wada nawaththanna kiyala.,1,singlish
me naliyata mokata kemathi unada me kella,0,singlish
mata tep ekak ona ne,0,singlish
eka loku deyak mama ohuwa wesikiliya thulata pethi gasamin sitiyadee alla gaththa oba kantenaraya pareeksha karana bawa ohu dannawa,1,singlish
api den ya yuthuyi samahara wita api kristi mahatha enathuru bala sitiya yuthuyi,0,singlish
oba eyata kee de eya kalaya,0,singlish
mata awashya wune oya kohomada mage penuma kohomada kiyala balanna witharayi,0,singlish
ow eyi oya mage punchi adara katha walata badha karanne,0,singlish
mama sudusu yeyi sithana paridi kriya kara etha sar mama brithanya niladhariyek,1,singlish
mathakayata nengena palamu wachanaya thula shareera newum ya,0,singlish
meya theewra wana athara eya sema dinakama sidu wana athara samahara wita mama obata mage thoppiya dewathawak diya yuthuya minisun balanna mata pare jara kireema kamak netha namuth obata wesikiliyak bhawitha kala yuthuya,1,singlish
"""lassanai damithri akke",0,singlish
ekolos siyaya eya mage aduma deemanawa wana athara mama anuwakata wada sathayak noganimi,0,singlish
"ane oya ge kathawa, mole nathi meka nam athi.",0,singlish
owunta sebe de pitathin lebee ethi awasanaya pamanak apata dekiya noheka,0,singlish
bas ekata naginna molee eyage kamare nethi thena,0,singlish
oyata monada ona podi chali samahara wita,0,singlish
"me comment eka danapu eka hariyata weda bari wage wada karanawa, oya wage aya nisa thamai mehema wenne.",0,singlish
oya ge post eka mehema karanne gon athal karaya nisa da? kiyala therenneth ne.,1,singlish
"me comment eka danapu eka, meka nam gon athal karaya level ekak. comment karanna kalin hithapan.",1,singlish
mama danne nehe fred ohuwa ghathanaya kala ema polis niladhariya kisiwaku galawa nogath bawa owun denagathahoth eya galawa geneemata den mama obata kiyana paridi karanna,1,singlish
oya ge post eka nam gon ban.,1,singlish
oba tharam dedi nowe ha oba wiya yuthuya,0,singlish
musu dewal nehe mama me kandayama pawathwagena yanawa aho obayi obawa kalamanakaru kale,0,singlish
mama anumana karanawa kiyala oyata kohenda ehuna,0,singlish
"ane oya, gon tikak igena ganin.",1,singlish
"hariyata baluwoth oya ge post eka wikarayak wage ne, hariyata behave karapan.",0,singlish
eya ashcharyayaki,0,singlish
me comment eka danapu eka nam loku talk karana moda ne hariyata.,0,singlish
"ane me video eka balala comment karana eka, awajathaka wage ane.",1,singlish
gon pat eka thamayi ubata geni ganna thiyena ekama kramaya,1,singlish
me comment eka danapu eka nam awajathaka wage ne kata wahagena inna.,1,singlish
oba awul wee ethi obe chikithsakaya dena ganna,0,singlish
bobee oya monawada katha karanne o neel mata kiwwa eka harima hondayi kiyala mama wishwasa karanne nehe,0,singlish
kisima widihak ne eth eka,0,singlish
mage punchi leliyata me thada kessa hedila oya eyawa doktar kenek gawata geniyanna,0,singlish
hondayi e wage honda kanthawak mama thani wargayaka pirimi lamayeku nowana bawa anumana kireemata oba awadhanayen sitiya yuthu netha,0,singlish
me comment eka danapu eka ge me wage moda comment dakkama epa wenawa.,0,singlish
hoda wede,0,singlish
arl oba newatha kisi dineka ese nokala yuthuya ane mata harima mahansiyi mata thawath me wage dawasak gatha karanna beri wuna,0,singlish
welawa keeyada mama oyata kiyapu deyin oyata hitaganna welawa,0,singlish
mokakda me uba ge awajathaka wage wada? meka dakka gaman hina yanawa.,1,singlish
eya prashansawak wiya yuthu nam mama obata sthuthiwantha wemi,0,singlish
mama kawadawath denagena hitiye nehe oya dumpanaya karanawa oya kawadawathma dekke nehe,0,singlish
me video eka balala comment karana eka awajathaka wage tikak igena ganin.,1,singlish
mama hithanne meeta kalin e widiha ahambayak wage,0,singlish
mawage upades paridi api sema witama mawage upades pilipadinnemu,1,singlish
mama sampala gannakota gon mora mawa hurala demma,1,singlish
"uba hariyata gon harakek wage wada karanawa, meka nam athi.",1,singlish
mage dewiyane ohu paripurna kuduwa pasupasa yanawa obata kathandarayak awashyayi baba obata ekak lebuna,1,singlish
oya wage kenek ta kiyanna one gon wage wada nawaththanna kiyala.,1,singlish
ohu boho wita epal kedeemen etharam mudalak upayanne netha,0,singlish
obata ada rathriye apasu ehi ya noheka,0,singlish
oya eyata gehuwa mama wasanawanthayi,0,singlish
oba danna paridi ikman thalluwa sandaha oba therapuma alla noganna,1,singlish
mama boru kiyanna honda nehe honda wenna,0,singlish
oya wage kenek nam gon athal karaya ne hariyata wada karapan.,1,singlish
mehema wada karana eka ge kathawa ahuwama wikarayak kiyala hithenawa.,0,singlish
api tikak methana innam api wiweka ganna kemathiyi eththenma obata inna puluwan meka minissunta ayithi deyak,0,singlish
umbala ge kathawa ahuwama weda bari kiyala hithenawa.,0,singlish
owun obata mehi siteemata kopamana mudalak gewanawada mata samawenna obe nama kumakda putha,0,singlish
obata eya samanga sitiya heki bawa keewa prashnayak nehe nik san nehe kisiwak kiyanna epa kisiwak karanna epa kristhus wahanse wenuwen samawa illanna epa,0,singlish
oya kohomada toronto walata kemathi wune eka hari,0,singlish
eelanga wathawe oba niwaduwata yana wita mata udawwak karanna eya sidu wanne kothenadeyi apata danwanna,0,singlish
hayi obata awashya nam mata obata gamanak denna puluwan namuth kamak nehe sthuthiyi,0,singlish
mama oyawa balanna awe gonnu mama oyawa awurudu pahalowak thisse dannawa oya balanna giye ne,1,singlish
mata oyawa ona ne api mokuth karanne ne,0,singlish
deyiyane eya oyata monawa hari kiwwada eka daraganna ethi,0,singlish
oya nam gon ne hariyata.,1,singlish
me wage kata witharai wada athal danne nathuwa tikak hithapan oya ge wada.,0,singlish
mata baba gena katha karanna ona eka gon kathawak kiyala nawaththanna,1,singlish
oba dannawa oba kawadawath mata asathya kisiwak nokiyana bawa herennata mata oba duwili pisa demeemata awashya netha mata oba niw york dekeemata awashyayi,0,singlish
e gena karadara nowanna eya naraka athata herena wita api soya balamu,0,singlish
oba metharam rahasigathawa sitinne mandeyi mama danimi oba kisiwekuta oba asalata noyanne mandeyi mama danimi ohu obata kala de oh ow,0,singlish
"ane oya ge wada, awajathaka wage ne.",1,singlish
ohu mata penune kelin sitina tharunayeku lesayi ow owun oben pitawana thuru owun siyalloma kelin sitithi,0,singlish
samawenna machan eth godak sthuthiyi e gena duk wenna epa,0,singlish
hari hari saha mama monawada kiyanne awashya nam puduma sahagatha ha hasyajanaka boruwak kiyanna,0,singlish
me wage gon harakek athal danne nathuwa tikak hithapan oya ge idea eka.,1,singlish
mama kapati saha wegawath wkaya wemi mama dombakaraya kadisara ha uthum ya,0,singlish
umbala nam awajathaka wage ne ne.,1,singlish
ohu padayata wedi thabagena ho samanyayen sidu wana deyakata wada mama jek wenuwata obata ewiya yuthuya,1,singlish
wada hondayi ethakota ukussa oyata wiski dik denna kemathi nehe api kawuda wiski dik,0,singlish
me kade fesist palanayak wune koyi kale indalada manapa prakasha karana eka gon kathawak wenne,1,singlish
oba potha kiyawiya yuthuya mama oba wenuwen thaththage parichcheda pawa salakunu kalemi eya pintharu kireemata ikman wedi yeyi mama sithami eya mage mathayayi,1,singlish
ne meka wenna be puthe oyage uparimaya karanna,0,singlish
mama ekakata kemathiyi namuth ehi netha apata guwan thotupale hiltan hi nathara wiya hekiya,0,singlish
liyoge nama magee leyisthuwe thibunu nisa hondin karagena yanna,0,singlish
oh ow eththa washayenma namuth api yanne koheda mema sithiyama obata penwanu etha eya andina ladde ah,0,singlish
me wage gon athal karaya athal danne nathuwa tikak hithapan oya wage kenek.,1,singlish
oba ostin seethala yuddhayen midunu da sita boho de siduwee etha dewiyanta sthuthiwantha wannata e dhanapathi ballan awasanaye minisunta erehi aparadhawalata wandi gewanu etha he sahodarawaruni,1,singlish
mama pitathin weda kireemata kemathi eya honda netha mata pahasu deyak thibiya yuthuya ewita obata wehesa mahansi wee weda kireemata awashya netha,0,singlish
oya mata kiyanna yanne ne oya badu aran yanna giyama apita tikak wen wenna ona kiyala,0,singlish
ohu mathdrawya jawaram karayeki me ohuge uparima welawan oba mehi sitina bawa ohuta nokiyanna,0,singlish
"oya ge idea eka, meka nam gon harakek level ekak. poddak mole pawichchi karapan.",1,singlish
me wage wada karana aya ta kiyanna one gon harakek wage wada nawaththanna kiyala.,1,singlish
mama kiwwe oyata kiyanna deyak thiyenawa kiyala mata ehuna ekayi,0,singlish
mata oyawa thiyenawa oyawath ura bonawa,0,singlish
owun owunge janawala sirakaruwan wana athara ballan da we,1,singlish
oya nam awajathaka wage ne kata wahagena inna.,1,singlish
api sema dina hatharakata warak pareeksha karanne eyi hatharak saha thunak ho pahak nowe,0,singlish
hondayi oba eyata kemathi wanne keseda mama nodanimi kammul tikak penenu etha,0,singlish
"ane uba, gon tikak igena ganin.",1,singlish
api ohuwa meruwa oba ohuwa meruwa,0,singlish
urumakkaraya ellee sitinne kawudeyi dena geneemata awashyayi,0,singlish
wihiluwak ne wena kawuru karayida mama mewa heduwe,0,singlish
e magula mokakda mama hithanne api tayarayak pupuruwa harinawa,0,singlish
eya kora noweda oba yamak idiripath karayi,0,singlish
supurudu paridi labana sathi anthaye obawa hamuwemu gowi mahathmaya mage niyamitha mudala mata denna,1,singlish
"oya wage kenek, uba nam hitha nathi kata wahagena inna.",0,singlish
"me video eka balala comment karana eka, uba nam awajathaka wage ane.",1,singlish
swabhawikawama mata samawenna mahaththayo eke samanya deyak nehe,0,singlish
mata eya hamu wiya mama eya wasa dama mawa methenin iwath kalemi,0,singlish
e gena karadara wenna epa mama salli ekathu karannam ow ko,0,singlish
mama wththeemaya wemi mama mage rajakariya karanawa mamath bharakaruwan gena mata kiyanna,0,singlish
ithin menna mage apekshakaya oba sithanne kumakda namuth pasal wartha homarta kisidu diplomawak nometha,0,singlish
"oya ge wada hariyata gon athal karaya wage wada karanawa, tikak igena ganin.",1,singlish
wisipaha ko oyage demawpiyo,0,singlish
api ekath eka thathparayak hari hadamu,0,singlish
obata awashya kumakda yanna mama jeewithaye soya gena eththe kenekuta awashya deya kenekuta awashya de tharamma wedagath nowana bawayi,0,singlish
me sandaha apata kisida ayaweyak netha ebewin dora salakunu karana lada mulika ekakayak obe wam kelaware pahalin thibiya yuthu bawa obata penenawada,0,singlish
eya parimanaya oba nisekawama sithanne netha,1,singlish
eththa washayenma owun genumkaruta parissam weemata ida dunneya,1,singlish
api eya manga harinna eya kese ho kisiwak nowe krist jeree apata kisiwak nopene den eya anduru wediyi api eya amathaka karamu,0,singlish
oya apu welawa yaluwane mokada wenne,0,singlish
ow eththa washayenma karunakara luthinan asanayak laba ganna sthuthiyi sar,0,singlish
kruurura lesa hesirena oba den wayasayi,0,singlish
me video eka balala comment karana eka mehema karanne awajathaka wage nisa da? me wage wada nawaththapan.,1,singlish
oba kopayen sitina wita mama obata adareyi ow ma nomethiwa siteemata uthsaha karanna,0,singlish
enna pakar mahathmaya mokada wenne,1,singlish
kese wethath eyage prashnaya kumakda eya eththatama obata kiwwada oyata mawa penna be ne ne ne hariyatama eyata therenne ne oya wage kenekwa mama kohomada danne kiyala,0,singlish
gon pat oya eke kotasak wagema eyalath kotasak,1,singlish
mokakda me mole anthaya,0,singlish
oya nam gon athal karaya ne thamuse.,1,singlish
me enthani edams mistar henri meka honda nehe,0,singlish
eweni deyak pewathiya heki deerghathama kalaya eya deguna kala heki yeyi sithanne mahimaya anumana kireemata mata adahasak netha,0,singlish
ne sar samawenna oya monawada kiwwe kiyala,0,singlish
eka godak narakayi oya mokada kiyanne godak narakayi,0,singlish
saha oba ohuta eya thaba geneemata salaswanne keseda ane sar ohu kisima deyakadee mata akeekaru wee netha karunakara obage karunawa ohuta thawath ek awasthawak denna,0,singlish
"me comment eka danapu eka, meka nam hariyata therumak nathi level ekak. tikak igena ganin.",0,singlish
me oyage kamaraya melkam mama dannawa oya eka pirisiduwa thiyagannawa me melkam ape aluth amuththa api eyata sahodarayek wage salakamu,0,singlish
mama kiwwa api sampurnayenma nawayata deka wenkarala thiyenawa paripurnayi kiyala,1,singlish
"umbala hariyata chater wage wada karanawa, tikak igena ganin.",0,singlish
ne oyata hoda nethuwa ethi,0,singlish
mama eyata eththatama adareyi mamath eya kawudeyi danna saha mama poth sappuwaka weda karana ayawa munagesenne netha,0,singlish
mama hithanne oya giya nam hondayi kiyala api balamu kawuda thawa duratath methana inne kiyala,0,singlish
mata samawenna ona wune eya wenuwen,0,singlish
oba mehi tika welawak sitimin benkuwaka ethi warada kumakdeyi owun eya wartha karayi,0,singlish
"uba, uba nam gon harakek lajja nadda.",1,singlish
oya kiyanne ada ude indan ne mama kiwwe kawada indalada kiyala,0,singlish
mata atha denna mama adahas kale obata obawa mara demiya heki bawayi,0,singlish
eththada ow sar kollo un heh un kiyanne parana medaya nikanma es dekata wedi thiyayi kiyala,0,singlish
namuth mata eththatama tikak nidaganna ona,0,singlish
mata hondatama badagini eyi oyata rassawak lebenne neththe oya badagini nam eyi oyata rassawak lebenne neththe,0,singlish
ne eyalata hoda ne oya kawadada me hemadema theeranaya kale,0,singlish
polge wayasa awurudu dolahak wana ohuta minis adi shabdayak nikuth kala heki athara eya bihisunu handaki,0,singlish
ow eka hondayi sar kemathi nisa eka godak thiyenawa,0,singlish
mama hithanne oba daru prasuthiya hesiraweemata kemathi yeyi mama sithami,0,singlish
saha obata eya lebune nam ahambu hani,0,singlish
amme mata bayayi baya wenna deyak ne hemadema hariyayi kiyala,0,singlish
oya mawa maranna ona kiyala eya kiwwa mama karanawa kiwwe kawuda oya karanne kiyala,0,singlish
mokakda me oya ge kathawa ge pissu wage wada? ban.,0,singlish
rubi mahathata eya kala noheki wiya,0,singlish
oba weradiyi oba modayek,0,singlish
balanna matath weda karanna yanna wenawa oya dannawa oya mata katha karayida kiyala,0,singlish
eken adahas wenne mama eththatama bahira wishwaya mona wageda kiyala hariyatama danne nehe,0,singlish
wadadiya apa samanga ethi bawa sithanna,0,singlish
ema chedawala alokaya etharam honda netha mama obata kiyanne mama yameku dutuwemi e kawudeyi mama nodanimi namuth mama yameku dutuwemi,0,singlish
satana den elimahane awasan bawa sahathika wana athara meyin yam kotasak elee ethnam apata erehiwa mahajana mathaya mathu kireemata ohuta heki nam,0,singlish
"hariyata baluwoth oya ge idea eka loku talk karana moda wage ne, ban.",0,singlish
"oya ge post eka hariyata wikarayak wage wada karanawa, meka dakka gaman hina yanawa.",0,singlish
mata samawenna mama tikak bihiri kenek obata newatha kiyanna puluwanda hari ah oba kan ethi ponnayek saha eththenma naraka kondayak,1,singlish
"oya ge idea eka, uba nam gon boruwata katha karanne.",1,singlish
oya me awata prasiddhayi mata guruwarayage surathal niyojithayek lebenawa,0,singlish
"ane manda oya ge kathawa, gon harakek wage behave wenne ai? poddak mole pawichchi karapan.",1,singlish
"me wage wada karana aya hariyata gon wage wada karanawa, comment karanna kalin hithapan.",1,singlish
hathalis pahak mulu hathalis pahama mama hithuwe eya thihak pamanak wiya yuthu bawayi,0,singlish
"""harima vinithai lassanai mama hitanawa eyage passale kale lassana mataka yan athi kiya eya goodak parissamin katha karanne eya thoragana athi sindu nisai hitenne-",1,singlish
"ane manda me wage wada karana aya, gon wage behave wenne ai? hariyata behave karapan.",1,singlish
ow hari mawa kapa damanna epa meka hadisi deyak,0,singlish
"oya ge idea eka, meka nam mole nathi level ekak. hariyata.",0,singlish
kristal mawuntan wetha hamuda pariwara kandayamak sanwidhanaya karanna sar wahama obawa arakshitha sthanayakata gena yana lesa mama tharaye nirdesha karami,1,singlish
mama adahas kale samahara wita oba niweradi wiya heki namuth mama ow yeyi pawasanu etheyi oba sebawinma apeksha kaleda mama nodanimi mama e gena sithuwe netha eththa washayenma eya eseemayi wedagath deya,0,singlish
oba apage hondama saha ekama mithura obata sthuthiyi,0,singlish
re oya math ekka methanin giyoth mama oyata wesikili sudda karana rassawak karannam,1,singlish
"me wage wada karana aya, uba nam gon harakek poddak mole pawichchi karapan.",1,singlish
oba sithanne nedda apata pramanawath bawa ow aniwaryayenma pramanawathya,0,singlish
mata ne oyata onada,0,singlish
mama hithanne mama bimata kemathi nehe,0,singlish
"ane manda me wage wada karana aya, gon athal karaya wage behave wenne ai? hariyata wada karapan.",1,singlish
awajathakaya nishshabdayi den kamak ne awankawama methana innawa,1,singlish
eyi oya hithanne eya eka kala kiyala eka eyata wediyi kiyala,0,singlish
ne ne ne ne ehema prathichara dakwanna oya godak honda kollek,0,singlish
mokakda me uba ge gon athal karaya wada? danawada mokakda kiyala.,1,singlish
mark eththatama obata kemathi nisath ohu mage mithura ohu mage mithura nisath mata mehi amuthu hengeemak dene,0,singlish
oya ge kathawa ahuwama wada nodanna kiyala hithenawa.,0,singlish
ow sar obata nagaradhipathiwaraya atata lebuna pasuwa nawa thihata sammuka sakachchawak sangarawe mul pituwata,0,singlish
mata ekak nehe mata kalin mage thaththa wage mama dol eke yanawa,0,singlish
mama hithuwe oyage ammayi thaththayi ithaliye kiyala,0,singlish
baron yanu biyakaru minisek bawa owun pawasana paridi ohu muka awaranayak pelanda sitina nisa kisiwakuta ohuge muhuna nopene yayi kalu hat uchitha lesa nam kara etha,1,singlish
ikmaninma obata obema kopayak ethi wewi,0,singlish
obata eya kopamana mathakada eya newatha pemine mage nama delweyi,0,singlish
oya ta kiyanna one chater wage wada nawaththanna kiyala.,0,singlish
oya ge post eka nam awajathaka wage danawada mokakda kiyala.,1,singlish
"ane manda oya ge reply eka, gon athal karaya wage behave wenne ai? kiyala therenneth ne.",1,singlish
"hariyata baluwoth me video eka balala comment karana eka awajathaka wage wage ne, ne.",1,singlish
"oya ge idea eka hariyata awajathaka wage wage wada karanawa, hariyata wada karapan.",1,singlish
yanna epa api den apasu ya yuthuyi,0,singlish
ohuta ohuge thuwakkuwa bima thiyanna kiyanna eyata yanna denna eyata yanna denna,0,singlish
oba eya karanna mata kala heki pramanayata wada obata eya wisi kireemata heki wanu etha,0,singlish
api heki uparimayen niwasa gena sodisiyen sitimu,0,singlish
ne ne mata oya nethuwa jeewath wenna ona ne,0,singlish
eya mama pirinemeema agaya nokarana bawa nowe mata udawwak karanna e gena sithanna eya onewata wada illanna,0,singlish
"oya wage kenek, meka nam gon level ekak. danawada mokakda kiyala.",1,singlish
honda pothak hah hah ow eka thamayi,0,singlish
oya ge kathawa gon athal karaya thamuse.,1,singlish
mehema wada karana eka mehema karanne pissu wage nisa da? meka nam athi.,0,singlish
eya rasawath gamanak wiya yuthuya ewita mama obata porondu wemi,0,singlish
oba parakkuyi mata samawenna,0,singlish
me video eka balala comment karana eka nam gon athal karaya ne thamuse.,1,singlish
meka kohoma amathaka karannada mata wishwasayi eka me hema chithrapatayakma ura bonawa kiyala,0,singlish
ah oyata kamak nedda mama balagena innawa nam mata eththatama eya ekka katha karanna one kiyala oyata wishwasada eya ethana hitiye nehe samahara wita eya oben hengila ethi,0,singlish
oya ge wada hitha nathi thamuse.,0,singlish
sathi sathi ganak wage penune mata kawadawath kiyanna beri tharam bhayanaka heenayak oya mudda gena kiyapu de misak wena heenayak,0,singlish
oba sithanne eya mage wargaye misis peel ya,0,singlish
mudal minisa boho kalayak mehi sitiyeya,0,singlish
obawa metharam kuthuhalayata path karanne kumak deyi mama nodanimi ohuge wanshaye mawa kawudeyi obata adahasak thibe eththa washayenma mata kuthuhalayak netha asaneepa nowe,0,singlish
kisima deyak pasuwa unusum nowe mama obata gon katha ewannemi,1,singlish
oba boru kiyana awajathakayek bawa mata wishwasayi,1,singlish
api ekineka dekala kochchara kalda kiyala oya dannawane,0,singlish
eka gon jef oya rel peellata thel gehuwa,1,singlish
oya ge kathawa gon poddak mole pawichchi karapan.,1,singlish
"umbala, uba nam gon lajja nadda.",1,singlish
"ane manda me comment eka danapu eka, gon harakek wage behave wenne ai? tikak igena ganin.",1,singlish
ada rathriye apata kisidu pinthurayak lebena bawak nopene baba ohuwa newatha math kala yuthuyi,0,singlish
mata gon katha araksha kireemata boho de etha,1,singlish
saha eya monawada kiwwe eya honda welawak balagena innawa kiwwa kiyala,0,singlish
kolla ada re gedi pitayi e badagana kena oyata katha karanawa eya mata doktar kiyala katha kala,0,singlish
eya ohu matha wath karanna,0,singlish
"hariyata baluwoth oya ge kathawa gon harakek wage ne, meka nam athi.",1,singlish
mata hasyajanaka hasyajanaka geetha gayana kala heki bawa sahathikayi eya kese siduweda yannawath oba nodanna bawa mama ottu allami,0,singlish
oya mehema karanne gon harakek nisa da? lajja nadda.,1,singlish
durakathanayata pilithuru denna epa kamak nehe kamak nehe adaraneeya hadawath oba koheda inne katawath mukuth wenne nehe,0,singlish
me wage awajathaka wage athal danne nathuwa tikak hithapan oya ge kathawa.,1,singlish
apata apasu ya noheka,0,singlish
oba mehi pasupasa parawal gaththe eyida yanna nowe ewa anarakshitha bawa oba dannawa oba selasum kale nam,0,singlish
eeye ho pasugiya sathiye ho pasugiya masaye kisiwak wenas wee netha pilithura thawamath netha oba etharam anaweki kiwa noheki ya,0,singlish
"""pre shoot cgarges kohomda.oalage pakage monvda tienne",1,singlish
mata awashya wuye ma sadahatama prathikara sandaha yeweemata mata sampurnayenma hani kala heki de pamani,0,singlish
ram saha ayis karunakara oba mema kelifoniya pirimi lamayingen thawath keneki obe mithura mehi apata mathdrawya jawaramkaruwan gena kiyayi,0,singlish
"ane manda me wage wada karana aya, chater wage behave wenne ai? comment karanna kalin hithapan.",0,singlish
poddak inna mata be be,0,singlish
owun watinne kumakdeyi mama danimi mata panahak dee owunwa eliyata ganna namuth oba sathuwa thibiya yuthuya,0,singlish
oya ge wada mehema karanne hariyata therumak nathi nisa da? danawada mokakda kiyala.,0,singlish
eyi neththe oya ekka hari nam mata badagini ne,0,singlish
oba obe kadpatha niweradiwa wadanaya kalahoth obata eyin yam mudalak laba gatha hekiya,0,singlish
"oya ge wada hariyata gon harakek wage wada karanawa, machan.",1,singlish
mehema wada karana eka ge me wage gon harakek comment dakkama epa wenawa.,1,singlish
oyata sellam karanna be deyiyane puthe eka magen iwarayak wenna one methana inna ekenma oya oyage ammawa maranawa wenna puluwan gonnu mama ayeth hema dema sarwa sampurna kalama mama oyata thepel pathak ewannam,1,singlish
ethulatha rathree nagaraya,0,singlish
"ane oya ge reply eka, gon athal karaya thamuse.",1,singlish
obe wehesata ha asaneepa apata awashya netha eya obage dushitha bawa api kiya sitimu,0,singlish
mehema wada karana eka nam chater ne oya wage aya nisa thamai mehema wenne.,0,singlish
oya ge kathawa mole kalpana nathi kata wahagena inna.,0,singlish
oba mema sthanayen pitaweemata margayak danne nam saha oba ehi umagak allagena sitinne nam mata gonata keemata epa,1,singlish
"ane manda oya ge wada, wikarayak wage behave wenne ai? kata wahagena inna.",0,singlish
"hariyata baluwoth oya ge post eka gon harakek wage ne, comment karanna kalin hithapan.",1,singlish
mudal gena kumak kiwa hekida mema thathwaya gena oba sithanne mata den ema prashnayata pilithuru diya hekiya,0,singlish
oba asa sitiye netha samawenna me siyalla mage oluwe gehenawa eyi mama obawa newatha apa wetha gena noyanne,0,singlish
ohu thuwakkuwa athata gena ohuge niwase chithrapata nerambeemata hindagaththe me siyalla obage prakashaye ethi lara ya,0,singlish
steewan meka gon wedak eya oyage thaththage departhamenthuwata karana de oya mata eka iwara karanna denna one,1,singlish
wishala wiyadam karanna oba kisiwak deka netha,0,singlish
mata perani dukkitha awajathaka sangeethaya awashya netha mata nosalaka heriya heki yamak awashyayi namuth eya mage nawa tep mage sanduda udesana tep eka mama eeye rathriye eya heduwe adata pamanayi,1,singlish
eth seeya oya kiwwa mama piligannawa mama bala kala kiyala eth kohomada yakshaya kiyala,0,singlish
oya nam awajathaka wage ne hariyata.,1,singlish
"oya ge idea eka, uba nam awajathaka wage ban.",1,singlish
ow saha obata eyin kisiwak nolebena athara eya oba danna paridi mata thawa kopamana pramanayak mehi bob kala hekida yannayi,1,singlish
oba sithanne apawa elawa damanu ethi bawayi,0,singlish
me wage gon athal danne nathuwa tikak hithapan mehema wada karana eka.,1,singlish
lassana kar eka eya mage baba,0,singlish
kawuda oyage thaththa kawuda oyage thaththa,0,singlish
oba kos kola kos men kurullan pawa mihiri lesa gayana nokarayi oba ese mata samachchal nokala yuthuya,0,singlish
oya ge post eka mehema karanne gon nisa da? tikak igena ganin.,1,singlish
oba minis kanak kala ow mama eya me begaye thiyenawa mama eya oba wetha gena a yuthuyi kiyala,0,singlish
me video eka balala comment karana eka ge me wage gon comment dakkama epa wenawa.,1,singlish
owun eya kriyadamaye gon katha mawapanawa eya oba saha mayik karanna yanne kumakda yanna amathaka kara etha,1,singlish
ethana thamayi oyata katha karapu lokka ehema kiwwe oyama biththiwala thiyena wikata pinthura wala oya jeewath wenawa kiyala,0,singlish
mata dos kiyanna epa mata ehi hondin siti bawakwath mathaka netha mama obata sthuthi nokarami,0,singlish
oba newatha warak apage ganudenukaruwan samanga ese katha kireemata mata awashya netha,0,singlish
nehe oba eya ese nokaranu etha namuth eya mata pahara dunne eyi mama eya samanga ganudenuwakata noyami,0,singlish
eya ekama peranimiththak nowe,0,singlish
eya wada mila adhikayi,0,singlish
mama masa thunakin ahannada thaththe,0,singlish
pradhaniya dannawa eyata kiyanna eyage rata harima lassanayi kiyala eyata kiyanna api methana minissunwa dala balakotuwak hadanna kiyala,0,singlish
mama maru wenna yanne nehe methana deshana karanna thenak nehe den neweyi ithin oya mama kiyana widiyata karanna,0,singlish
oya dannawada deyiyane oyata kochchara durgandhayak denenawada mata nawathenak hoyaganna be,0,singlish
hathalis pahak ma sithuwe eya this thihak pamanak wiya yuthu bawayi mulika mila gasthu badu ingiya e siyalla ekathu karayi,0,singlish
ithin mata udaw karanna senet sabhika obata den obata awashya siyalla katha karanna,0,singlish
oya ge kathawa ge kathawa ahuwama wikarayak kiyala hithenawa.,0,singlish
obata ude aharaya geneemata kohe ho yamata awashyada mama sithanne nehe api balanna one kiyala oya mata sampurnayenma porondu wenna one oya me gena bekeeta kiyanne nehe kiyala,0,singlish
mama kohewath nidagena hitiye nehe baba boru kiyanna epa oya eliyata giya kiyala mama dannawa,0,singlish
mata samawenna eya awasanawantha wachana thereemak wiya,0,singlish
netha namuth ohu sitiye muwar matha ya eya purna sandaki sanden parissam wanna,1,singlish
namuth obata puluwan mata puluwan,0,singlish
karya mandalaya kedarakamen pissu wetee wal ballan men pebarawari palamu warata mara demeema gena ekineka athara randu wee etha,1,singlish
mawa gedara geniyanna me oya merila inna oyage gedara,0,singlish
kohomada bob he jeksan kohomada wede wenne,0,singlish
"hariyata baluwoth mehema wada karana eka mole nathi wage ne, thamuse.",0,singlish
eya kumakdeyi mama nodanimi jeewitha kiyaweem parimanayen behera wiya,1,singlish
mata badagini obe parikalpanaya pamani,1,singlish
sira kathawa,0,singlish
oya ge wada nam gon ne lajja nadda.,1,singlish
mokakda me oya ge idea eka ge pissu wage wada? oya wage aya nisa thamai mehema wenne.,0,singlish
mata honda nethi pirimin samanga sambandha weema newethweemata mata awashyaya,0,singlish
den mawa gedara ekkan yanawada mata samawenna mama oyawa ethanata ekkan giyata,0,singlish
"hariyata baluwoth umbala gon wage ne, kata wahagena inna.",1,singlish
oya ge wada ge me wage gon harakek comment dakkama epa wenawa.,1,singlish
mokada oya amaruwe wetila inne kohomada oya danne,0,singlish
heyi daruwa obe mithura thamawa wishishta tharuwak bawata path kaleya,0,singlish
bruurus me wana wita apasu peminiya yuthuya woltar oba newatha kisiwak uthsaha nokaranne oba modada oba sithanne mata mema kathawen pasuwa obata heki yeyi oba sithanawa,0,singlish
hodayi yanna thaththe apita awasthawak denna,0,singlish
oh apata pare poliskarayan awashyayi apata owunwa ashwayan matha awashya netha ohu sithanne kumakdeyi mama nodanimi,0,singlish
bala sitimu owun peyak ethulatha mema sthanaya kada damayi,0,singlish
ewita weradune kumak da obata thawath upakrama awashya nam mama obe minisa namuth wishala prashna sandaha oba wenath thenakata ya yuthu nam eya sidu wuye eyi,0,singlish
me wage gon athal danne nathuwa tikak hithapan oya ge idea eka.,1,singlish
"ane manda oya ge idea eka, awajathaka wage wage behave wenne ai? hariyata behave karapan.",1,singlish
oya nam awajathaka wage ne thamuse.,1,singlish
"mehema wada karana eka, meka nam gon harakek level ekak. poddak mole pawichchi karapan.",1,singlish
uge gedara uda mama danne nehe mokada wenne kiyala eth mama dannawa ekata me lamaya ekka monawa hari sambandhayak thiyenna one kiyala,0,singlish
oya mage yaluwa nisama eka karanawada mage hondama yaluwa hondayi ow hari,0,singlish
eyi oya hina wenne oya wishwasa karanne nedda eya mata igennuwa kiyala mama wishwasa karanne nehe oyata amma kenek innawa kiyala,0,singlish
he he mama obata katha karanawa pareekshaka peya wisi hathara rahas pareekshaka,0,singlish
mokakda me oya ge post eka ge awajathaka wage wada? meka dakka gaman hina yanawa.,1,singlish
oya eyata katha kalada ow mata adahasak awa api durakathanayakata yamu,0,singlish
oba sesiyak pewethwiya yuthuwa thibune nam eya me mohothe ethi wu uththejanayaki,0,singlish
mage thaththa dakshayek ne kollo hondayi subha rathriyak,0,singlish
ohu wada hisa wasa nositeema lejjawaki,0,singlish
mokakda me oya ge kathawa ge chater wada? ban.,0,singlish
"oya ge reply eka hariyata gon athal karaya wage wada karanawa, ban.",1,singlish
kumana hethuwak nisa ho owun ma wetha noenne mandeyi oba wadath piligatha heki yeyi mama sithuwemi,0,singlish
api e gena kisima kalabalayak ethi kara gatha yuthu yeyi mama nosithami,0,singlish
kamak ne mata doktar kol karanna puluwan eka mata wedagath,0,singlish
mama wiski minisek wemi mama oben ena mathdrawya walin apata etharam karadarayak netha,0,singlish
"ane mehema wada karana eka, gon harakek hariyata behave karapan.",1,singlish
ahamben me hotalaye kesino ekak thiyenawa,0,singlish
mema minisage yojanawa gena unandu weemata rajyayata yam hethuwak etha obage shreshtathwaya winishchaya apage ya,0,singlish
eyi oba balla usulagena yanne ohuge depa keti wee ohuta ewideemata nohekiya,1,singlish
mama oba gena danne nehe yaluwane namuth mata mehi eththatama lingika kampanayak denennata patan gena ethi athara sidu wu deya mama sithuwe api sathyaya ho editharawa kreeda karana bawayi,0,singlish
eya mokada karanne mama hithanne eya ekata katha karanawa kiyala,0,singlish
heshan ponnaya okata naginne na,1,singlish
mata oyawa maga heruna kris mata pakar mahaththayata oyawa epa wuna,1,singlish
"hariyata baluwoth oya ge reply eka gon harakek wage ne, hariyata behave karapan.",1,singlish
"oya ge post eka, uba nam pissu wage ne.",0,singlish
"ane manda me wage wada karana aya, gon athal karaya wage behave wenne ai? comment karanna kalin hithapan.",1,singlish
obath lassanayi,0,singlish
kawada ho eyawa munagesee ho owun eya gena katha kara netha,0,singlish
me wage moda yakku wage athal danne nathuwa tikak hithapan me comment eka danapu eka.,0,singlish
"me comment eka danapu eka hariyata awajathaka wage wage wada karanawa, kiyala therenneth ne.",1,singlish
"oya ge kathawa, meka nam chater level ekak. ane.",0,singlish
oya ge post eka nam awajathaka wage thamuse.,1,singlish
obata udaw kireemata awashya nam obe awula wasa noganne nam udaw karanna,0,singlish
kamuka darshanawala rekiyawak netha ohu mata miniseku beleemata hamuweemak niyama kale kumak deyi mama nodanimi,0,singlish
api itha hondin katayuthu kara thibenawa oba ebbehi dok gena tikak dannawa,0,singlish
oya ge post eka nam hariyata therumak nathi meka dakka gaman hina yanawa.,0,singlish
"me video eka balala comment karana eka hariyata gon athal karaya wage wada karanawa, machan.",1,singlish
eya theggak wiya eya kisisethma watinne netha manda eththa washayenma eya obata dolar pansiyayak pirinemiya hekiya,0,singlish
oya parissamen kata wahagena inna oya kohomada ara thuwakku kollata engilla dik karanne kiyala,1,singlish
"oya, meka nam awajathaka wage level ekak. comment karanna kalin hithapan.",1,singlish
oya ge wada ta kiyanna one hitha nathi wage wada nawaththanna kiyala.,0,singlish
ne oya eyata wayar dapu thenata mama enne ne kiyala eya mama eyata wayar karanne nehe,0,singlish
mama eya etharam theewra weemata adahas kale netha mata samawa denna mata kamak nehe mata thawath eseemata awashyayi,0,singlish
pare senagak innawada sar,0,singlish
mage amma irida rathree kema welehi pawasana paridi enna belli oh mama eya laba gannemi mama siyalla hondin karami mata thathpara kihipayak gatha wiya hekiya,1,singlish
soft ball hard ball kiynne dekk,0,singlish
"umbala hariyata gon wage wada karanawa, ane.",1,singlish
eeye rathriye ohu mata e gena katha kireemata obe karyalayata katha kala wita miris palmer obata mage pitapatha penweeya,0,singlish
"ane oya ge idea eka, awajathaka wage kiyala therenneth ne.",1,singlish
"oya ge kathawa, uba nam awajathaka wage hariyata behave karapan.",1,singlish
umbala awajathaka wage danawada mokakda kiyala.,1,singlish
mata samawenna samahara wita mama yanna hondayi dorathi ow frenk,0,singlish
"ane manda umbala, awajathaka wage wage behave wenne ai? comment karanna kalin hithapan.",1,singlish
ow apita pahak nethi wuna oya wasanawanthayi mata ethana thihak nethi wuna,0,singlish
oyata pissu nehe winadiyak inna epa oya pehedili karanna yanne mata pehedili karanna denna,0,singlish
api obe gaurawaya mayi mistar,0,singlish
obata moda durakathanayak thibe nam ho mata obe trak rathaya bhawitha kala heki nam amma mata mudal tikak laba denu etha oba ehi weda karana wita obata mudal lebenu etha,0,singlish
"oya ge post eka, meka nam gon harakek level ekak. comment karanna kalin hithapan.",1,singlish
kisiwak bala siteema ha beleema weni deyak nowe,0,singlish
oba eya nokalahoth mama eya karannam,0,singlish
namuth den ma desa balanna eyi oba oba desa hondin bala etha oba pirisidu kara etha obata wththiyak thibe,0,singlish
he bombaya pawathina ekama deya mamaya,0,singlish
oba kok ho wenath yamak kemathida ane,0,singlish
mama hithanne e mage kella,0,singlish
me comment eka danapu eka nam gon athal karaya ne ban.,1,singlish
inoka akka wage hi kiwwa vidiya,0,singlish
wiliyams mahathmiya kek ekata sthuthiyi awasanaye obawa jefri hamuweemata lebeema sathutak,0,singlish
oba mage begaya wathaye dee suwapath wanawata amatharawa onewata wada gilwa eliyata demiya noheki wana paridi welum patiyak demiya yuthuya,1,singlish
mama niyamayi mama kiyanne mama eththatama honda nethi bawa mama dannawa namuth oba mage aluth enduma hondin kemathi akaraya mata loku sathutak denenawa oba eya reli weteema gena karadara wiya yuthu nehe,0,singlish
"hariyata baluwoth umbala wal buruwa wage ne, oya wage aya nisa thamai mehema wenne.",0,singlish
api hemotama ude kemata eliyata yanna weyi kokiya eeye ayin una oya geniyek neda,0,singlish
mawa polambawanna epa mama mulinma wedi thibboth mama wedi thiyanne nehe,0,singlish
meheyuma adheekshanaya kireemata ma wisinma giyada kisiwaku sameepawa siteemen etharam prayojanayak noweeya,0,singlish
oya ge post eka nam moda yakku wage hariyata wada karapan.,0,singlish
dawas hatharak mama hithuwa oya oyage ballata mokada kale kiyala,1,singlish
obage nama bargar norweejiyanu saha obage sewaye sar,0,singlish
aho gon oba weradi lesa asa ethi bawak nopene,1,singlish
mokakda me oya ge idea eka ge gon harakek wada? hariyata behave karapan.,1,singlish
"ane me video eka balala comment karana eka, awajathaka wage meka dakka gaman hina yanawa.",1,singlish
obata ma samanga katha kala hekke ma sithu deyayi ebewin mata eya me akarayen thebeemata ida denna,0,singlish
oya mata thuwakkuwak dik karanawa godak hondayi michel michel,0,singlish
oya ge idea eka mehema karanne gon athal karaya nisa da? poddak mole pawichchi karapan.,1,singlish
hondayi oba kedee giya mata eyawa dekeemata awashya wiya eya kisiwekuge wyaparayak nowe,0,singlish
eka hondayi eka hondayi ben thanabim paththareta pinthura gannawa sahathikayi,0,singlish
oya ge kathawa mole kalpana nathi ne.,0,singlish
uba mehema karanne wada nodanna nisa da? ane.,0,singlish
namuth obata mathaka nethi ewa monawadeyi mama ewa mage dinapothe liya thebuwe mata mathaka thaba geneemata awashya nowana paridi ya,1,singlish
peminili karanna behe apita katha karanna godak dewal thiyenawa,0,singlish
mage awasana parichchedaya ehi ethi athara aparajitha yanthraya hira wee etha api balamu,1,singlish
enna ethulata enna oh oyata riduna neda kepillak,0,singlish
kamak ne eka polis bhatayek apita hatha ekolahata nawaththanna berida,0,singlish
thawath bhuthayan netheyi mama obata keewemi owun nethi wee yayi mama wishwasa nokarami meya ashcharyayak mayikal ashcharyayak,0,singlish
ronald oba sampurnayenma sudanam bawa sahathikayi,0,singlish
mama danne nehe eka kedunoth mokada wenne kiyala,0,singlish
dewid pawasanne jek ohuta anathuru engaweemata peminena bawayi,0,singlish
oba newathath me ginnen gini ganee,0,singlish
obata awashya paridi eyawa meyin iwath karanna,1,singlish
oya ge idea eka ge me wage awajathaka wage comment dakkama epa wenawa.,1,singlish
obata wishwasada ow eya ganna,0,singlish
uba ge me wage gon athal karaya comment dakkama epa wenawa.,1,singlish
umbala ge kathawa ahuwama gon harakek kiyala hithenawa.,1,singlish
mama kawadawath katawath adare karala ne mama kawadawath kath ekkawath yahanata gihin ne,0,singlish
kalu esak sengaweemata aw kannadi,0,singlish
mama kisima deyakata patalawagena nehe oba monawada katha karanne oba wenath deyak kireemata tharam daksha lesa mata pahara denna,0,singlish
ithin me he baba ane mukuth ne oya monawada kiwwe ahanna machan apita eththatama one,0,singlish
mata pissu nehe hari weredda athara wenasa mama dannawa eka hondayi,0,singlish
oyata nanawa ehuna neda oya mata eken wedak ne me para mata kuliya ganna wenawa,0,singlish
obata penenne madhya meya heta wana wita pupurawa harina deyak nowana bawayi,0,singlish
oba honda kalayak gatha karanne nedda oh mama danne nehe mama kiwwe watapita balanna meka winodajanaka thenak noweda,0,singlish
mata be ehenam eyi mawa dala yanne neththe eyala gawata gihin pehedili karanna,0,singlish
mama chithrapata narambana wita saha dayaka nowee sitina wita eya waira karana kisiwak netha,0,singlish
oba mage begaya ethulata gena ethi bawa obata wishwasayi,0,singlish
oya ge post eka nam weda bari me wage wada nawaththapan.,0,singlish
mona rassawath wedak ne ehenam eyawa ayin karanna,0,singlish
"ane manda oya ge kathawa, moda wage behave wenne ai? ane.",0,singlish
eka hari sekakaruge nama,0,singlish
mama kiwwe sadacharathmakawa mare mage yaluwa mare merila,0,singlish
eya ma pitupasin sita mama heree eya giya eya kohe ho sitiya heka diyath kireemata klek eka sudanam karanna mama eyawa soya gannemi,0,singlish
"""shok akkiyo parissamata digtma krgana yanda mama oyata godak adare akkiyo ??",1,singlish
ohuge samagama wisin apawa ohuta sandahan kireemata mama sathutu wemi,0,singlish
mama eyata mgaya dekiya heki weradi chedaya thora gaththemi,0,singlish
oya ta kiyanna one wadak nathi wage wada nawaththanna kiyala.,0,singlish
"oya ge idea eka hariyata gon wage wada karanawa, machan.",1,singlish
me wage wada karana aya nam gon harakek ne kiyala therenneth ne.,1,singlish
mata podi adahasakwath ne mama oyawa wate balannam,0,singlish
eya obata wasanawa gena enu etheyi mama balaporoththu wemi,0,singlish
mukuth karanna epa pol mama dannawa oya kiyanne mokakda kiyala,0,singlish
oyata wishwasayi mama eka kala ne sthuthiyi mama hondayi sthuthiyi,0,singlish
"uba, uba nam awajathaka wage thamuse.",1,singlish
oya ge idea eka mole kalpana nathi tikak igena ganin.,0,singlish
mama samawa illanawa mama awurudu thihak thisse sheethalen hitiya machan mata mage keli saha keli thama weda karanawada balanna one,0,singlish
itha hondayi mata udawwak wiya heki mithureku sitee ohu amathyanshaye sitee api parissam weema hondaya mama awashya kanthawak bawa mama danimi,1,singlish
oba doj karana de gena genumkaruta parissam weemata ida denna,1,singlish
oya ge post eka nam wal buruwa danawada mokakda kiyala.,0,singlish
oya ge kathawa gon ane.,1,singlish
oyata duwek innawada mama baya ne,0,singlish
eya itha sisil ya oba kamaraye kamaraye sitina wadathma sanwedee pudgalaya we,0,singlish
mawa adareyata palla danna epa ban,0,singlish
honda poliskarayek naraka poliskarayek e wage deyak,0,singlish
oba hondin dannawa eladenun saha awasanawantha lesa wewlamin sitina bawa oba kiyaddee doktar napura pena gos ethi bawa,0,singlish
eka neweyi moda awajathakaya eyi neththe,1,singlish
oya ge wada mehema karanne mole nathi nisa da? hariyata wada karapan.,0,singlish
owun mage mithuran nowe oba eya itha ikmanin mata nodunnoth owun obe sathura nowanu etha,0,singlish
mata katha karanna be hadsan,0,singlish
oba ema guwan yanayata goda wana nisa mata oba gena kumak deyi therenne netha,0,singlish
"oya ge post eka, uba nam gon harakek ane.",1,singlish
mage ipeyeem siyalla wesikiliyata wetenawa balanna,1,singlish
me video eka balala comment karana eka gon harakek ne.,1,singlish
"oya ge post eka hariyata hariyata therumak nathi wage wada karanawa, hariyata behave karapan.",0,singlish
ne mata oyawa denaganna ona eka neweyi,0,singlish
ow mama danne nehe eken monawa karannada kiyala mama hithanawa pariganaka weradiyi kiyala denagena ethi kiyala,1,singlish
mama thawamath obata pasugiya sathiye rachanawak nayayi,0,singlish
kawuruhari ohuge mudu engilla hondin kapa demu bawa pene,0,singlish
me wage wada karana aya gon athal karaya danawada mokakda kiyala.,1,singlish
namuth nisekawama oba denagatha yuthuyi mama obata adaraya karana nisa oba mata adaraya karana nisa oba mata adareyi,0,singlish
mama e rupayata kemathiyi oba dannawa mama pasugiya sathi anthaye ohuge naraka balla ewidimin gatha kala akaraya,1,singlish
wattakka mokakda waradak ne,0,singlish
oya polisiyata katha kalada ow eyala mata gedarin yanna kiwwa,0,singlish
mama dewiyanta diwuranawa mama pena yamata uthsaha nokarami mama obawa meksikowata gena yamata mage uparimaya karannemi oba eya sidu kireema wada hondaya,0,singlish
ne oya hithanne ne ehema wenna be kiyala,0,singlish
hamuduruwane oya echchara naraka ne api oyawa doktar kenek gawata aran ennam,0,singlish
nikamata hinawela e kema daraganna mata puka karanna yanawa wage denenawa,1,singlish
"hariyata baluwoth me wage wada karana aya awajathaka wage wage ne, kiyala therenneth ne.",1,singlish
hari ostin mama hithanne oba ya yuthuyi,0,singlish
halo nenda theresa halo thomas obata kohomada denenne,0,singlish
me wage wada karana aya gon harakek lajja nadda.,1,singlish
oya ge idea eka gon hariyata.,1,singlish
mama sadakalikawama balan hitiya meka iwara karanna oya mata deela thiyena prayojanaya mokakda podi puthe,0,singlish
oya ge post eka mehema karanne gon harakek nisa da? hariyata.,1,singlish
ewita meya obage athsana nowe senet sabhikayage penuma penena paridi,1,singlish
mama merila ho magulak karanakota pol kiwwa oya hondatama asaneepa wela kiyala,0,singlish
mama obe mulika adu adhyakshawarayata weda karamin sitiya noheki athara kamuka darshana honda wikalpayak lesa nopene honda thaththwaye asabhya darshana lokaye eyata thenak thibe,0,singlish
samawenna moyi mata kiyanna behe wet mama wage dewaduthayek oya ket wage oya dewaduthayek wage,0,singlish
uba nam gon athal karaya ne machan.,1,singlish
eyi oya mage miniha wenuwen mage oluwa uda natanne neethi widyalaye indan api tharabaruyi deen oya mawa kon karana nisa mama woran komisamata oyage sakshiya kiyewwa,0,singlish
me grahalokaye ho wenath kisima magulak nethi nisa mama yam magulaka siti,0,singlish
"""koheda me pansalaa.thiyenna.",0,singlish
"ane oya ge kathawa, gon hariyata.",1,singlish
"""oni welawaka katata kamak nadda",0,singlish
ohu ow yanna,0,singlish
mm ow shuwar mama hithanne oya godak anumana karanawa ethi,0,singlish
oyata duka hithuna oyage nama mokakda jesika kiyala,0,singlish
owun punaruthpaththiya wishwasa karanawada mama punaruthpaththiya wishwasa karanawa owun tiyulip wishwasa karanawa,0,singlish
"ane oya ge wada, awajathaka wage meka dakka gaman hina yanawa.",1,singlish
"""baluwt epa wenne nathi pissuvk karwna tharmk.2m awith apiay ay balno",0,singlish
mama ewidagena yaddi ke gahana saddayak ehunama oyage minissu awa oya godura dannawada kiyala,0,singlish
oya mokada karanne eya uththara denne ne,0,singlish
"hariyata baluwoth me comment eka danapu eka gon harakek wage ne, hariyata.",1,singlish
oya ge kathawa ahuwama gon athal karaya kiyala hithenawa.,1,singlish
kohethma ne ape yaluwa,0,singlish
api sambandha wee sitimu api sthanayata sambandha wee sitimu,0,singlish
ehi golakara wu kepital golakara wiya,0,singlish
api yamu nik apita be,0,singlish
oya ge post eka nam gon athal karaya ban.,1,singlish
"oya ge reply eka hariyata weda bari wage wada karanawa, poddak mole pawichchi karapan.",0,singlish
polisiya apita katha kala ow eyalata monawada ona kiyala,0,singlish
hari mama lingikathwayata kemathiyi,0,singlish
thaththe api adu wedi washayen gehuwada putha mata samawenna eyala apiwa gaththa,0,singlish
obata hengenne eya ese nam namuth eya ese nowe,0,singlish
"me video eka balala comment karana eka, meka nam gon harakek level ekak. tikak igena ganin.",1,singlish
mama hemadama andinne mehemayi eth oya oyage kapithan lamayage nila enduma gelewwa,0,singlish
mama dannawa ammi kiyana de mama ada barawa hitiyath kamak ne ithin oyata ona de api dennam oyata ona de,0,singlish
mehema wada karana eka mehema karanne gon nisa da? poddak mole pawichchi karapan.,1,singlish
hari e nisa obata athiwishala wartha ekathuwak thibiya yuthuya ow obata pemina eya beleemata awashya nam mata eya obata penwiya heka,0,singlish
mama oba samanga arambha kireemata obata udaw karannemi mama ipadune mehi deyi dena geneemata ma mehi karanne kumakdeyi dena geneemata kemathiyi,0,singlish
oba kohomada ethanata ethulu wanne eya obage sadayaki,0,singlish
macho katha karanne badu geniyanne nethi jarawak genaya,0,singlish
menna rasawath athdekeemak mama ekata bonnam,0,singlish
"oya ge idea eka hariyata hariyata therumak nathi wage wada karanawa, kata wahagena inna.",0,singlish
oba adahas karanne jodu wage ow adaraya karana aya wage,0,singlish
ekthara widiyakata api sahodarayo wage mata eyawa inna be mata oyawa ona eka lassanayi,0,singlish
oba kawada ho durin eya igena gaththe kohenda yanna pudumayi,0,singlish
e gena passe katha karamu mata babek hadanna ona ne mata babek lebenna ona,0,singlish
awajathakayanta mawa biththiyata udin nengeemata mama ida nodemi eya nohobina kriyawaki ow mata eya wetahenawa,1,singlish
kurulla balla kurulu balla kurulu balla biyakaru balla idiriyata yanna kurulla balla,1,singlish
oba wiwahakayi dikkasada wela,0,singlish
"ane oya, gon athal karaya meka dakka gaman hina yanawa.",1,singlish
mehi sitina kawurun ho yathurak nomethiwa kisidu lamayeku pitathata nogiya bawa sahathikayi me deya binda demeemata apata masayak gathawanu etha,0,singlish
"""amal ubanam kiyanade kelimma kiyanawa",0,singlish
oya ge idea eka moda meka dakka gaman hina yanawa.,0,singlish
oya mehema karanne gon athal karaya nisa da? ban.,1,singlish
kristof prathama godanegille teras apata hotalayak lesa wedasatahan kara etha,0,singlish
"oya wage kenek hariyata gon wage wada karanawa, kata wahagena inna.",1,singlish
eyi oya amaruwe wetila mama diha ehema balanne,0,singlish
uba nam weda bari ne ban.,0,singlish
mama hithanne naththala minisunge narakama de gena eyi mama hithanne ron thawama katha kara netha,0,singlish
thaththa langata enna meka wenne ne,0,singlish
me comment eka danapu eka mehema karanne chater nisa da? meka dakka gaman hina yanawa.,0,singlish
inna balagena inna,0,singlish
mata puluwan mokada mama eka thoranawa mama oyawa thahanam karanawa,0,singlish
eththenma e mal mata bred wiya,0,singlish
ape pariganakaya frits kriya wirahitha weema nisa apata getaluwak ethi wiya eya niweradi kireemata dewid newatha peminiyeya,1,singlish
ow sar hondayi mama obawa piligeneemedee hamuwemu,0,singlish
eya mulinuputa damanna klayiw eya alla geneemata pera e gena sithuwoth wal peleti mek wardhanaya we,0,singlish
mata samawenna medam api eksath janapadaye parithoshika piliganne nehe eya dakunu aprikawe wenas bawa oba dannawa mama kohenda kiyala,1,singlish
eya nopenena athara yam akarayaka unanduwak netha,0,singlish
murakaru oba pudumayata path wu wita wadi wenna,0,singlish
"ane manda me wage wada karana aya, gon wage behave wenne ai? ane.",1,singlish
ohu oben gelaweemata uthsaha karana sathurek nowana bawa oba dannawa ohu oba yojana karanne sathek pamanayi,0,singlish
oba sithanne ewita mama mema bekari welandasela thawamath wiwthawa ethi bawa dutuwemi ebewin mama upandina kek ekak milata gaththemi,0,singlish
uba gon athal karaya danawada mokakda kiyala.,1,singlish
ekath eka kalavak tamai .hemotama ba.,0,singlish
konfiyusiyas pewasuwe ohu itha pragnawanthayeku bawa owun hondinma pawasana bawayi ebewin ohu sathuwa thibiya yuthu bawa mata wishwasayi,0,singlish
methana parissam wenna oyata wikara wenna wenawa,1,singlish
ane amme mata e sinduwa godak mahansiyi ane mata oyawa denna ona eka mata godak sathutuyi,0,singlish
oya ge post eka nam wal buruwa ne.,0,singlish
oya ge idea eka mehema karanne gon harakek nisa da? machan.,1,singlish
oya ge idea eka nam wal buruwa ne ane.,0,singlish
hari eka sadharana mineemerumak ow namuth ohu poliskarayek,0,singlish
nawaye pahe deke dolarayak ow mama obata payin geseema sandaha yuwalak lesa sellam karannam,0,singlish
katha kireema nawathwanna obata nirapeksha binduwak etha,0,singlish
udaw karana thenin oba karunakara dewiyan mata udaw karayi,0,singlish
pramada wediyi samaharawita paripurnayi,1,singlish
eya chalanaya kala noheka newathath athathiya api niwaduwak gatha karamu,0,singlish
"hariyata baluwoth oya ge kathawa pissu wage wage ne, me wage wada nawaththapan.",0,singlish
mewa maskat saha nila endum saha bayineththu sapayayi,0,singlish
hondayi mama ada oyata wedata katha kala eyala kiwwa oya gedara asaneepen kiyala mama dannawa mata hithanna dawasa ganna wenawa kiyala,0,singlish
juliya mage dewana birinda wasanawantha minisa,0,singlish
"""maarama lassanai ,mama nan godakma aasa guleba dans ekatayi.roudy baby ekatayi",0,singlish
mama kiyanne apita winadi dahayak withara udin thiyenawa katha karana eka nawaththala ikmanata weda karamu kiyala,0,singlish
"uba hariyata moda wage wada karanawa, hariyata wada karapan.",0,singlish
ohu apawa dakinne netha,0,singlish
ow oya dannawa magul oya kawadahari adaraya donald karala thiyenawada kiyala,0,singlish
"oya ge reply eka, meka nam gon athal karaya level ekak. poddak mole pawichchi karapan.",1,singlish
mehema wada karana eka ge kathawa ahuwama moda kiyala hithenawa.,0,singlish
mokakda me umbala ge moda wada? poddak mole pawichchi karapan.,0,singlish
oba sangeethagnayek ow mama hithuwe mage birinda kiyala,0,singlish
mage gedara ow jon,0,singlish
"oya wage kenek hariyata gon wage wada karanawa, hariyata.",1,singlish
me wage wadak nathi athal danne nathuwa tikak hithapan me comment eka danapu eka.,0,singlish
"ane oya ge reply eka, gon harakek danawada mokakda kiyala.",1,singlish
ardha mura balla ow ohuta eththe eka esak pamani,1,singlish
mata pariganaka pariganaka pamanak pilithuru deemata uthsaha kireemata mata ida denna,1,singlish
me wage moda athal danne nathuwa tikak hithapan me video eka balala comment karana eka.,0,singlish
"hariyata baluwoth oya wadak nathi wage ne, meka nam athi.",0,singlish
samahara wita owunge newa apasu noena wita owun siyallata pasu mehi nopemineemata theeranaya karanu etha namuth owun oba karanne nam,0,singlish
frenk ohu adahas kale nehe ohuwa thani karanna enna kiyala ohu adahas kale nehe kata wahagena inna kiyala oyage thol alepanaya denna eyi lassanayi,0,singlish
wachanaya asaneepayi tee itha itha asaneepayi mama wesikiliya mage muhunata pipiruna yeyi pewasuwahoth oba kumak kiyayida,1,singlish
"oya ge post eka, meka nam gon level ekak. meka dakka gaman hina yanawa.",1,singlish
mokakda me oya ge gon athal karaya wada? oya wage aya nisa thamai mehema wenne.,1,singlish
eththa washayenma wolteyar karana eka hondayi,0,singlish
ema surya sulaga delwemin pawathina namuth mama ewa mage kandanka bawata path kara gath athara mama katha kale apa ekata weda kireema gena ya,0,singlish
elsa kisidaka wishwasa kale netheyi eya sithuwa eyata thyagayak lebuni oba thaththa soyagaththe kumakda kiya,0,singlish
ow namuth kalabala wenna epa hema deyakma palanaya yatathe thiyenawa oba ape sepayum sakas kara thibenawada oh ow eththenma namuth api koheda yanne,0,singlish
"hariyata baluwoth me comment eka danapu eka gon harakek wage ne, ban.",1,singlish
me wage wada karana aya nam wadak nathi ne thamuse.,0,singlish
eyi mama akarshaneeya nehe swami namuth eyi dinakata eka welak,0,singlish
me antharalayada nethnam mekata udin eelanga ekada,0,singlish
oya api gena denagena hitiya samawenna mama dannawa kiyala oya hithuwa,0,singlish
mama eya newatha kala oba eya newatha kala kiyala,0,singlish
oya wage kenek nam wal buruwa ne oya wage aya nisa thamai mehema wenne.,0,singlish
oya dannawane eke kotas mama dannawa kasala kiyanne mokakda kiyala,0,singlish
"oya, meka nam gon harakek level ekak. comment karanna kalin hithapan.",1,singlish
oya kohomada danne eka mata gadol ton ganak gehuwa kiyala,0,singlish
saha anek rangana shilpiya oba wes muhunu yanthraye sitina minisa bhawitha karana yakshaya wiya yuthuya,0,singlish
me wage wal buruwa athal danne nathuwa tikak hithapan oya ge reply eka.,0,singlish
dewiyane oba boho hadawath binda damanu etha owun niweradi karanu etha,0,singlish
tharabaru minisa bankuwa matha paripurnayi,1,singlish
parimanaya kumakda sethapum dahaya sethapum siyayak metharam,1,singlish
api ekata muhuna demu api mehi winoda wemu mama mage jeewithaye kisi dineka metharam katha kara netha,0,singlish
oya ge post eka nam awajathaka wage meka dakka gaman hina yanawa.,1,singlish
oya ge post eka nam gon harakek ane.,1,singlish
balanna yanna nawathinna epa lamayinwa kelinma gedara geniyanna mama heta puluwan tharam ikmanata ennam,0,singlish
"oya ge post eka, uba nam awajathaka wage oya wage aya nisa thamai mehema wenne.",1,singlish
aduma tharamin api diyamanthi soya gaththemu,0,singlish
biththara thunak mama hithuwa thawa thiyewi kiyala oya hari,0,singlish
ege kredit kadpath samanga mama kopamana durak laba gatha yuthuda samahara wita sen frensisko ho sent luyis dakwa aluth arambhayak,0,singlish
eka mokakda mama hondin mokuth ne mama heta oyage dawal kemata ennam,0,singlish
kohoma hari thiyaganna mage gedara thawa ekak thiyenawa sthuthiyi,0,singlish
kristof niweradi godanegili modiyula selasum kireema bharawa sitiyeya,0,singlish
"hariyata baluwoth oya ge wada gon wage ne, kata wahagena inna.",1,singlish
"oya ge wada, meka nam moda yakku wage level ekak. ban.",0,singlish
lilee saha mama tikak katha karanawa oba dannawa lilee kopi kade pawathwagena yanawa nehe mama eyage lassana kanthawak dekala thiyenawa,0,singlish
mage diha balanna re oya kiyanawa oya diha balanna kiyala,0,singlish
umbala ta kiyanna one chater wage wada nawaththanna kiyala.,0,singlish
"""anith kena malki da?",0,singlish
mage mulu jeewitha kalayatama kawadawath pothak kiyawanne nehe samahara wita oba arambha kala yuthuyi,0,singlish
mokakda oya kiwwe mama wipathata path kanthawak kiyala,0,singlish
me comment eka danapu eka ge kathawa ahuwama loku talk karana moda kiyala hithenawa.,0,singlish
lilee negitta dewiyane,0,singlish
oba hella gena duk wu kisiwak keewe netha,0,singlish
kethee kawuda kethee neweyi,0,singlish
mata obata yamak penweemata awashya nam oba thawath pitathata ya yuthuya,0,singlish
mama ese sithanne netha namuth owun eya danne netha mama obawa munagesenne kesedeyi owun dena sitiyath eya wedagath nowe,0,singlish
nodakin nnp kalakanni,1,singlish
ammapa ane mata wiwekayak denna epa oyata miniha gena dukak denenawa kiyala mata kiyanna epa,0,singlish
kisiwek magen illuwe netha owunta pramanawath tharam wishesha kisiweku netha,0,singlish
"ane oya ge kathawa, awajathaka wage ane.",1,singlish
"ane me video eka balala comment karana eka, gon harakek meka nam athi.",1,singlish
"me video eka balala comment karana eka, uba nam gon harakek tikak igena ganin.",1,singlish
"ane manda oya ge reply eka, gon wage behave wenne ai? tikak igena ganin.",1,singlish
ohuta obe benkuwen mudal awashyayi mama eya ohuta dennam api ehi yamu,0,singlish
api eya semin ganimu,0,singlish
heta samaharawita pawul heththewak sonduru jesuni,0,singlish
obata eya awasan kala heki yeyi oba sithanne nam mama adata pasuwa eya sudanam karami,0,singlish
mistar pakar obata eya udaw karanne nam mata ke gesiya hekiya namuth mama obe jeewithaya awadanamata lak nokarami eya awadanamata lak kireema mage ya,1,singlish
eya ketharam gemburata ema jalaya seethala wana athara mata eya peenanna behe mage jyeshta jeewitharakshaka kadpatha ma sathuwa thibe,0,singlish
hayi mata enna puluwanda ow ikman karanna,0,singlish
ane dewiyane eya eyawa ira demma eyawa meruwa ne hadawatha thama gehenawa,0,singlish
owunwa mara damanna obe lokkata watina de owunwa mara damanna,0,singlish
oya ge wada ta kiyanna one gon wage wada nawaththanna kiyala.,1,singlish
oya ge wada mehema karanne boru karaya nisa da? danawada mokakda kiyala.,0,singlish
"me comment eka danapu eka, meka nam gon harakek level ekak. hariyata wada karapan.",1,singlish
mokakda me minissu bhanda ha sewa miladee geneemata bhawitha karana mudal,0,singlish
oba kiyu obe mura ballan pasuwa iwath kala yuthu bawa sakachcha kireemata apata one tharam kalaya thibe,1,singlish
oya ge reply eka ta kiyanna one awajathaka wage wage wada nawaththanna kiyala.,1,singlish
me video eka balala comment karana eka nam kata witharai wada ne meka dakka gaman hina yanawa.,0,singlish
apoyi eka amathaka karanna meken wedak wenne ne oyata magen monawada one kiyala,0,singlish
dora wiwthawa thibeema gena obawa pudumayata path kireema gena apata kanagatuyi ebewin api apata ethulata giyemu,0,singlish
me video eka balala comment karana eka gon danawada mokakda kiyala.,1,singlish
"ane umbala, gon harakek poddak mole pawichchi karapan.",1,singlish
owun kohe giyath mama yanawa ow mama dannawa oya hitapu thena kohomada kiyala,0,singlish
wenath nidana kamarayak netha mama adahas karanne eya shabda arakshana kamarayak lesa bhawitha karana bawayi,0,singlish
kristhiyani prathisanskaranaya eya landesi kelwinwadee nikayaki owun punaruthpaththiya wishwasa karanawada mama punaruthpaththiya wishwasa karami,0,singlish
e minihawa mama dannawa eya kawuda kiyala,0,singlish
"""sir yoga class karanawada koheda thiyenne kohomada sambanda wenne",0,singlish
mama balanna yanne mokakda me wela thiyenne kiyala pena widiyata methana rewatune oya witharayi,0,singlish
me wage weda bari athal danne nathuwa tikak hithapan oya ge wada.,0,singlish
me wage gon athal danne nathuwa tikak hithapan uba.,1,singlish
e nisa oba rewatuna nehe owun mata wedanawa saha sathuta wen kala noheki seemawan ikmawa athdekeem laba dunna,0,singlish
oba sithanne weli minisun mata wenath margayak nomethi bawayi api owunta eththu ganwannemu,0,singlish
"ane me comment eka danapu eka, awajathaka wage poddak mole pawichchi karapan.",1,singlish
obe theggata sthuthiyi mata samawenna mari e mokakda kiyala,0,singlish
"ane manda me video eka balala comment karana eka, gon wage behave wenne ai? meka dakka gaman hina yanawa.",1,singlish
oya wage kenek ta kiyanna one awajathaka wage wage wada nawaththanna kiyala.,1,singlish
neh mama giye koheda kiyala mama eyata kiwwe nehe oyala hemotama hithanna puluwan ami eeye re apahu awe nehe samahara wita eya karadarayaka,0,singlish
matath ehema kiyanna puluwan nam nidaganna beri wuna,0,singlish
mama hithanne e oyawa dekkama mage hadawatha gehenna patan gaththa nisa wenna ethi,0,singlish
ow mama obata payin paharawal sandaha yuwalak lesa ranga dakwami hari mithraya,0,singlish
monawada eya kiwwe thaththe eya kiwwa de thamayi neethiya oyata denna puluwan daduwam denna puluwan kamare ethule,0,singlish
mama oba wenuwen balakotuwa soyana kalaya meyayi,0,singlish
"anunge paul kedichcha ewa hoya hoya unata hinawena aya thamange geni hari miniha hari hariyata innawada kiyala issella hoyala balanna.thamange paul jiwithe lassana karaganne nethuwa anunge jiwitha hadanna yanne thamange jiwithe dihath herila balanna.thaman karanne hari deyakda kiyala.dawasaka thamantath thamange paule kenekuta hari,thamange lamayektatha mehema wenna puluwan kiyala hondata mathaka thiyagena anunge kunu hodanna.",0,singlish
oya wage kenek gon harakek hariyata.,1,singlish
mata meri ewidinna awashya weemata hethuwa mata oba samanga katha kireemata awashya wu nisa yamu hari yamu,0,singlish
api eka labana sanduda hondata karamu mokakda eke theruma,0,singlish
oya mata rusiyanu bhashawa amuthuwen katha karanna epa,0,singlish
e nisa kohomath mama methaka sita dutu biyakaru sihinaya eyayi oba sithanne eyata leelage asamanya lesa kesanga sirura samanga yam sambandhayak etheyi oba sithanawada,0,singlish
"""sathara watin??",0,singlish
oya ethana innawa hemoma merenawa oya eyala ekka yanawa eth oyata mathaka nehe mama denatamath merila kiyala,0,singlish
mokakda me oya ge kathawa ge gon wada? tikak igena ganin.,1,singlish
den nawa mathkawak thibe obata maligawe kireemata owunta pramanawath nowe,0,singlish
obata ma kumak kireemata awashyada steewan ma samanga katha karanna ginnak ethi wita mama kumak kala yuthuda yanna apata mehi rekiyawak thibe api eya samanga yamu,0,singlish
hari eka weradiyi ekayi,0,singlish
ohu udyanaye sitee nam apata ohuwa bera gatha yuthuwa etha den ohuwa bera gatha hekke wasanawa pamani,0,singlish
"oya wage kenek, meka nam wadak nathi level ekak. hariyata behave karapan.",0,singlish
oya hari bob ne mata hdayabadhayak thiyenawa eththenma mama hari eken adahas karanne mokakda,0,singlish
hondayi obata ya noheki bawa oba danna thuru hari hari,0,singlish
oba adahas karanne mata eya samanga katha kireemata awasthawak lebenu ethi bawayi obata eya samanga mage mithura samanga kepawiya hekiya,0,singlish
meya unusum dhawanayaki oba pramada wee mama emathumata peminiyemi,0,singlish
oya ge wada mehema karanne gon nisa da? meka nam athi.,1,singlish
"ane uba, hariyata therumak nathi ane.",0,singlish
"hariyata baluwoth uba gon wage ne, oya wage aya nisa thamai mehema wenne.",1,singlish
api soyanne kumakdeyi soya balanna,0,singlish
"oya, meka nam gon athal karaya level ekak. kata wahagena inna.",1,singlish
"ane ban ubalata mokada une kiyana dewal apita wadak ne ay hutho mewa madyata dane owa nawathapan ban , dushantha baduwa uba eki tiyagena nikam hitiyada karana one dewal uba karane malith patta waseyak ban",1,singlish
mokakda me me comment eka danapu eka ge awajathaka wage wada? kiyala therenneth ne.,1,singlish
gon nik saha mata kiyanna epa me siyalla chali gena pamanak bawa eya nowe eyi oba ganan ganne,1,singlish
oliw hariyatama koheda mama napuru sihina wala anduru nagaraya mama gona,1,singlish
ow enam obe samanya gasthuwen pitatha eya kopamana amathara mudalak weya weda yannayi,0,singlish
obata wiliyams mata wedi thiyanna,0,singlish
newathee sitinna pareekshaka nethnam mama wedi thiyannam e thuwakkuwa hari jek hari,0,singlish
mehema wada karana eka ge me wage gon comment dakkama epa wenawa.,1,singlish
oba sithanne kumakdeyi ma sithanne ma guwan hamudawata bendiya yuthuwa thibu bawayi,0,singlish
me wage wada karana aya nam gon ne oya wage aya nisa thamai mehema wenne.,1,singlish
eka gon kathawak neweyi mama kiwwa api denna adareyi ow kohomath mama hotal walata kemathi ne wediya minissu hemotama yathura thiyenawa mama ekata kemathi ne,1,singlish
uyanna deyiyane uyanna oya den napuru kenek den minissu e wachanaya pawichchi karanne nehe,0,singlish
me comment eka danapu eka nam gon harakek ne kiyala therenneth ne.,1,singlish
nowa ow eya harima mihiri penumak ow den paripurna kanthawak innawa,1,singlish
mehi ethi thogaya kapa damanna mehi beralaya oba eya gonu kireemata waga bala ganna,1,singlish
"oya ge reply eka, meka nam gon level ekak. meka nam athi.",1,singlish
mata kiyanna epa apita sathwaya maranna ona nam api apahu ethanata yanna ona,0,singlish
niweradi ankayak meneemata apahasu wanu ethi athara eya ese wanne eyi,0,singlish
andure kolla eyi ehema karanna one mokada hiru eliya eyawa ikmanata marayi kiyala den mata yathura denna,0,singlish
mama ottu allanawa oba newatha niw york wetha yamata itha kadimudiye sitina bawa obata suba rathriyak noweda mistar won,0,singlish
ne eya methana inne jarawa eya gena duk wenna epa oya gena hithanna,0,singlish
mokakda me mehema wada karana eka ge gon harakek wada? kata wahagena inna.,1,singlish
enna mata oba samanga satan kireemata awashya netha,0,singlish
ohu pasupasa noyanna ohu herenu etha,0,singlish
eyata kiyanna oyata mama monawada kiyanna ona kiyala mage thaththata kiyanna mata oralosuwa gena kanagatuyi,0,singlish
eka namak witharayi wedi deyak karanna epa mata puluwan de mama hoyagannam,0,singlish
"oya ge reply eka, meka nam gon harakek level ekak. ban.",1,singlish
hah hah ne issella athal ganna ehenam hina wenna den kasade amathaka karanna tika dawasak yanna,0,singlish
mokakda me umbala ge loku talk karana moda wada? lajja nadda.,0,singlish
"hariyata baluwoth oya ge wada kata witharai wada wage ne, comment karanna kalin hithapan.",0,singlish
mata ona oya den ralu wenawa kiyala mata tharjanaya karanawa mama heta wenakota honda wenawa nethnam mage kakul kedenawa kiyala,0,singlish
api laba ganna widyathmaka daththa gena sithanna api methenin yamu oba yana thuru mama yanne nehe,0,singlish
mama eka poronduwakata apahu ennam,0,singlish
mokakda oyata kiyanna deyak thiyenawa kiyanna eka mokuth kiyanna epa,0,singlish
mama eyata wayasa wediyi mage yaluwanta kiyanna epa mama eyalata wediya katha karanne nehe eyata namak thiyenawada kiyala,0,singlish
mata samawenna me honda dahawal oba mata karadarakaree kara ethi namuth e wage penumak,0,singlish
obata sampurnayenma pissu anek athata pissu minisunta dewal sidu we mama obata penwannam,0,singlish
awurudu hara dahasak perani ewidina katha karana mala sirurak samanga hamuweemak ethi weema kenekuta pariwarthanaya kireemata nemburu we eya amathaka kara api shalawen besa doren besa giyemu,1,singlish
krist mata awashya nehe eya wetenawa dakinna eya hithanawa mama ehema karayi kiyala namuth mama eka gannawa me gonuwa thawamath wiwthayi,1,singlish
oya ta kiyanna one gon wage wada nawaththanna kiyala.,1,singlish
"oya ge kathawa hariyata gon wage wada karanawa, hariyata wada karapan.",1,singlish
eya koheda inne mata eka oyata kiyanna be,0,singlish
mehema wada karana eka mehema karanne gon nisa da? tikak igena ganin.,1,singlish
meya woltar samanga kisidu sambandhayak netha owunta awashya woltar miya ya yuthuya,0,singlish
ohu sema witama men ehi sitee,0,singlish
oba pathra gena kumak karannada kawurun ho ewa regena ya yuthuyi eya ma samanga kamak netha mama tharka nokarami,0,singlish
"oya, meka nam boru karaya level ekak. hariyata behave karapan.",0,singlish
gon katha okkoma hari den pitipasse,1,singlish
eyi me thena gena mata wachana dekak nokiwwe janadhipathithumani piligatha heki prathikshepa kireemak,0,singlish
ithin oya wihilu karanawada mata nitharama pransha widesha hamudawata bendeemata awashya wiya,0,singlish
eya weli weli wiya heka mama mage maranayata ura bonnata etha mema sthanaya idikatu nimnaya asala wanantharayak,0,singlish
me wage wadak nathi athal danne nathuwa tikak hithapan uba.,0,singlish
"ane manda me video eka balala comment karana eka, gon harakek wage behave wenne ai? hariyata wada karapan.",1,singlish
me wage wada karana aya ta kiyanna one gon athal karaya wage wada nawaththanna kiyala.,1,singlish
duppath bebi awajathakaya,1,singlish
oba adahas karanne abe henri dwithwa haras pareekshanayen oba paripurna lakunu laba gaththa kiyayi,1,singlish
apaya ow eya harima pirisiduyi ane eka thamayi hondama,0,singlish
"me comment eka danapu eka, meka nam awajathaka wage level ekak. danawada mokakda kiyala.",1,singlish
weda kala mata keeyak lebenawada kiyala,0,singlish
wasare ithiri kalaya sandaha oba daksha pirimi lamayek wana athara itha kadawasam,0,singlish
obe weradi newatha kireemata tharam mama moda nehe mama hithanne mama obawa araksha karanawa kiyala,0,singlish
traveling valata dubai enna ajansi monawd aiyhe,0,singlish
hondayi jerald mama hithanne oya bayayi hondayi jim mama hithanne oya jarawen pirila kiyala,0,singlish
oya wihilu karanawada eka lejja wenna deyak ne,0,singlish
namuth oba mawa kalakireemata path karanne eyi ema obata anumana kala noheka e siyalla oba wenuwen wiya,0,singlish
baya wenna epa baba oya nikan nidagena kar eken hari kanna giyoth oyata dawas pahakata wada gatha wenne nehe,0,singlish
mama hithanne miliyana dekakata oyata magen awasara ganna one monawada kiyala oyata eyawa miliyana dekakata lom karanna puluwan nam eka karanna petiyo,0,singlish
awajataka ponnayak rajakarata topita dan sapada,1,singlish
"me video eka balala comment karana eka, meka nam gon harakek level ekak. ban.",1,singlish
me comment eka danapu eka nam gon ne me wage wada nawaththapan.,1,singlish
oya koheda hitiye eya,0,singlish
ne mata wishwasa karanna be oyata enna puluwan kiyala,0,singlish
"mehema wada karana eka, uba nam gon boruwata katha karanne.",1,singlish
oba ese kala nisa amathara athurupasa,0,singlish
umbala ta kiyanna one gon wage wada nawaththanna kiyala.,1,singlish
oba eya deka netha ho oba deka netha,0,singlish
balanna mata obe guwan yanaya gena kanagatuyi namuth mata eya amathaka karanna pramada wiya nohekiyi,0,singlish
"mehema wada karana eka hariyata gon wage wada karanawa, hariyata wada karapan.",1,singlish
ohu pasuwa asanne kumakdeyi dena geneemata mama kemathiyi,0,singlish
"hariyata baluwoth oya ge kathawa gon harakek wage ne, boruwata katha karanne.",1,singlish
richee oya hari mama merila ne eth mata aniwaryayenma wedi thiyanawa mama oyata kiwwa awajathakaya kiwwa apita udaw karanna kiyala,1,singlish
mama hithanne nehe oyage kebin eke pariganakayak nehe kiyala,1,singlish
mata meshin eken ayis tikak thiyenawa eka genna,0,singlish
eyi neththe,0,singlish
mata oba samanga siteemata awashya nowana athara kepaweema yana wachanaye theruma therum ganna keneku samanga siteemata mata awashyaya,0,singlish
mlechchathwaya yanu eya anathuru engaweemak lesa hendinwiya hekiya,0,singlish
oba uthsaha kara ethi bawa penenawata wada ewa kireemata apahasuya,0,singlish
dora diha balan inna kisima deyak mata ehune ne oya mokada karanne kiyala ayeth thathweta enawa,0,singlish
owunta kanna denna kema nethi nisa ali ethun wikunanna aran giya,0,singlish
adipadawaraya ow mage thaththa eeta passe oluwe hitiye nehe,0,singlish
mokakda e lipiya,0,singlish
lipiya mokakda akura,0,singlish
eya agulu dama ethi athara oba eya eda noganne nam eya binda damanna peedanaya adu kireemata yana new,0,singlish
oba pashana apaya ukas karanawa ow apata jemeyikawe igeneemata awasan tharanga thibe,0,singlish
oya ge wada ge kathawa ahuwama mole kalpana nathi kiyala hithenawa.,0,singlish
iwan awadi wenna oh karunakara nawaya dahaya awadi karanna oba awadiyen obe es arinna apoyi,0,singlish
etharam wegawath nowe luyis kisiwaku athadanguwata geneemata yanne netha thawa tika kalakata oba obe sihikalpanawen niwadu laba gena netha,0,singlish
"ane mehema wada karana eka, moda yakku wage ne.",0,singlish
obata mawa dekeemata welawak soya geneemata heki weema gena mama sathutu wemi mama ada udesana mage pudgalika jet yanayen denwar sita pahalata piyasara kalemi ow obe lipiyen engawuye oba ohu ehi thel wyaparayaka nirathawa sitina bawayi,0,singlish
namuth mama eya mage upandinaya dinata gannawa nam hondayi apata bala siteemata siduwanu etha,0,singlish
"""a unata oyage marriage eka kelaunane",0,singlish
samuhaya palanaya samuhaya palanaya awadi karanna yaluwane ow ow,0,singlish
"ane me video eka balala comment karana eka, awajathaka wage hariyata.",1,singlish
e aya kawuda luthinan e ayawa ethanin ayin karala mama ekka innawa,0,singlish
mokakda me oya ge idea eka ge gon athal karaya wada? ne.,1,singlish
oya ge reply eka nam gon athal karaya ne boruwata katha karanne.,1,singlish
ada obata kohomada hondayi mama hithanne,0,singlish
owun gena kumak kiwa hekida ewa pehediliwama dhawana tharanga sandaha nirmanaya kara netha,0,singlish
me video eka balala comment karana eka wikarayak poddak mole pawichchi karapan.,0,singlish
obath nala giyada mokuth wune ne,0,singlish
oba sithannata newathune mata hdayabadhayak hedunoth oba mata hondin penenawa heree mehata ewith wadi wenna oba mokada kale kiyala mata kiyanna,0,singlish
pahan kanuwak badagena wage apita welawak denna,0,singlish
mokakda me oya ge idea eka ge mole kalpana nathi wada? hariyata.,0,singlish
sathya niladhari upadhi sema witama oba honda miniseki,0,singlish
eya puduma sahagathayi oba sithanawada mama sudanam bawa oba eththatama wishwasa karanawa oba honda parinatha theerana ganu etheyi mama wishwasa karami oba nisi de karanu etheyi mama wishwasa karami,1,singlish
newatha newatha wishleshanaya kireema therumak nethi rinathmaka ya,0,singlish
oba sithanne ow,0,singlish
uba awajathaka wage meka nam athi.,1,singlish
idiripasa obe dath bhawitha karanna perani purudu samawenna,0,singlish
"""dakshsthawayen paripurna sangeetha dediyek. obathumanta jayenma jaya. bs.",1,singlish
mama obata kuliyata nayayi eya motar rathayak pamani oba obe potha wikunana thuru mata eya newatha laba gatha hekiya,0,singlish
upangaya den bhara denna nethahoth mama obe newa winasha karannemi sawan denna mama kemathi namuth awankawama eya kohedeyi mata wishwasa netha,0,singlish
e mage gon wedakaraya kohomath ahagena inna un giya,1,singlish
subha udesanak oba sithanne me jarawa wihiluwak kiyayi,0,singlish
"""wenama lokayak dukata sapata jiwath karawanawa l love you and you miucek",0,singlish
sebe wikramaya sathi thunaka hamuda kandawuraka arambha wana wita duppath baba adaraneeya peni ukussa,0,singlish
oya wage kenek mehema karanne gon athal karaya nisa da? meka dakka gaman hina yanawa.,1,singlish
"hariyata baluwoth oya wage kenek awajathaka wage wage ne, kiyala therenneth ne.",1,singlish
"""amal aiya budusaranai",0,singlish
mage shareerayen obata awashya paridi karanna obata kisida mage athmaya himi nowanu etha obe athmaya me tharam sochcham sulu deyakata ma karadara wanne eyi,1,singlish
mokakda me oya ge reply eka ge gon wada? danawada mokakda kiyala.,1,singlish
batahirata yathra kireemen asiyawa soya gatha heki bawa oba kiyayi ow obage uththamaya muhudu gamanata sathi hayakata ho hathakata wada gatha nowiya yuthuya,0,singlish
ohu ganudenuwen iwath wu bawa mama nodanimi namuth oba sithana paridi ohu apawa dum damanu etheyi mama ottu wemi,1,singlish
ne jon mata oyawa balaganna be eth mata oyawa saneepa karanna be mama hithuwa tharam,0,singlish
magulak kiwwata harida den kawuda merila inne,0,singlish
heyi nona oyata katha karanna puluwanda oya kawuda me weda karanne nehe kiyala wena deyak gena hithanna hari hari mata eka theruna mama dannawa langin inna mata selasumak thiyenawa,0,singlish
netha awama washayen acharasheelee samajaye neethireethi anuwa nowe ohu wishishta yeyi mama sithami,0,singlish
"oya ge kathawa hariyata gon wage wada karanawa, comment karanna kalin hithapan.",1,singlish
mokakda me me video eka balala comment karana eka ge boru karaya wada? ane.,0,singlish
den eya mata pitupasin siti de mama herunemi eya gos etha eya onema thenaka sitiya hekiya,0,singlish
hayi luwee mama hithuwe beheth kade kiyala,0,singlish
"""superb akki.. oyge dancing cover ekak enakan baln inne mama ??",0,singlish
"hariyata baluwoth oya wage kenek awajathaka wage wage ne, tikak igena ganin.",1,singlish
me wage gon harakek athal danne nathuwa tikak hithapan oya ge reply eka.,1,singlish
hondayi mama danne nehe mama heta ethanadee udaharanayak lesa owunwa iwathata wisi karanawa,0,singlish
oba sithanne jek ohuta hondin wedi thebuwe eya anathurak bawayi,0,singlish
"ane oya ge post eka, pissu wage lajja nadda.",0,singlish
jordan api heta dawal kema welen meka karamu mata katha karanna godak asayi eth den amaruyi oya mawa set kalada mawa fel balanna witharada,0,singlish
"me comment eka danapu eka, meka nam gon harakek level ekak. machan.",1,singlish
sthayee api pahala wissa desa balamin sitinne bata wyasanayen ethi wu weteema salakana wita eya honda sankyawak bawa oba danna bawa mama adak sithanne ohu meya hithamathama mata kala bawayi,0,singlish
"ane manda me video eka balala comment karana eka, gon harakek wage behave wenne ai? boruwata katha karanne.",1,singlish
oya nidagena hitiya eya oyata kiwwa oya eyata eka karanna dunna,0,singlish
darshanika ewa parikalpanaya menma buddhi parakramaya da awussana ewa,1,singlish
me wage gon athal danne nathuwa tikak hithapan me wage wada karana aya.,1,singlish
oba mema paribhogikayata tharjanaya kalada nethahoth kisiyam akarayakin asabhya wachana bhawitha kalada ow sar,1,singlish
me video eka balala comment karana eka mole kalpana nathi boruwata katha karanne.,0,singlish
me video eka balala comment karana eka awajathaka wage ban.,1,singlish
"hariyata baluwoth oya wage kenek mole nathi wage ne, meka nam athi.",0,singlish
ow eka wisheshayi owun thawaduratath owunwa me wage hadanne nehe kiyala mama ehuwoth kamak ne oyata eka lebune kohenda kiyala,0,singlish
eyata sihiya nethi namuth owun sithanne eya obawa suwapath karayi kiyaya,0,singlish
oya den nidaganna mata gedara yanna ona,0,singlish
oya kawuda kiyala eyala danne kohomada kiyala ehuwa e kawuda kiyala,0,singlish
oya ge post eka awajathaka wage ne.,1,singlish
"umbala hariyata mole kalpana nathi wage wada karanawa, meka nam athi.",0,singlish
mama thawama ellila nehe punchi awajathakaya,1,singlish
oya wage kenek ge me wage gon comment dakkama epa wenawa.,1,singlish
me video eka balala comment karana eka nam loku talk karana moda ne oya wage aya nisa thamai mehema wenne.,0,singlish
eka thamayi bilee iwara karanna ida denna,0,singlish
oba etharam kalabala wiya yuthu netha oba kalabala wiya yuthu bawa hondin danee mama tikak kalabala wee sitimi mama adahas kale oba newatha sitina wita sansunwa siteema tharamak apahasu bawayi,0,singlish
oba adahas karanne oba kala yuththe apa wenuwen dewal kihipayak sakas kireema pamanak wana athara ithiriya api karannemu,0,singlish
shuwar ada re ehenam karunakarala mage thena inna sera oya dannawane mama goniye echchara honda ne kiyala,1,singlish
issara wage na,0,singlish
maknisada yath eya wetenu etheyi obata wishwasayi,0,singlish
mokakda me mehema wada karana eka ge gon wada? lajja nadda.,1,singlish
ne mage raththaran oya weradiyata hithanna ethi apoyi gona,1,singlish
mata randu karanna ona ne oyata pissu hedenawa kiyanna oya kemathi ne mama oyage ammata salakana widiyata oya mata kiyanna oya kemathi mama kawadawath gedara enna epa kiyala,0,singlish
mama hariyatama wishwasayi eya sameepawa penena akarayata apa athahera demu pasal bas rathayak pasukara giya namuth mama danne nehe,0,singlish
mama dekka mewa anith ewa thama gabadawe thiyenawa amme mama oyata kiwwa mata ewa okkoma one kiyala,0,singlish
api biththara wathura belun saha wesikili kadadasi rol dusimak gaththa mama mage thaththagen biyar hatharak sorakam kala,1,singlish
namuth apata ohugen prashna kireemata siduwe oba sathuwa sigarat thibune netheyi sithu mama e sandaha boru keeweya,0,singlish
mata nidahase katha karanna puluwan oba wenath akarayakin katha kireemata nemburuwak penwanna epa,0,singlish
mosart ithali opera ithali nawa operawak liyayi,0,singlish
oya awajathaka wage hariyata.,1,singlish
"oya, uba nam loku talk karana moda meka dakka gaman hina yanawa.",0,singlish
"ane mehema wada karana eka, weda bari hariyata.",0,singlish
"ane mehema wada karana eka, gon harakek hariyata wada karapan.",1,singlish
obata wishwasayi eya pawasanne eyayi,0,singlish
oya ge wada wikarayak comment karanna kalin hithapan.,0,singlish
eka thamayi mama kiwwe eth apita monawada karanna puluwan,0,singlish
wedi undawalin mawa paliha ganna owun siwil wesiyanta wedi thiyanne nehe,1,singlish
mokakda me mehema wada karana eka ge hariyata therumak nathi wada? thamuse.,0,singlish
ohuta awashya kumakda ohu keewe netha sar,0,singlish
mehema wada karana eka ta kiyanna one wadak nathi wage wada nawaththanna kiyala.,0,singlish
oba mage trak rathaya sorakam karanna yanawa obama gedaradeema hadaganna,0,singlish
"ane oya, gon athal karaya hariyata.",1,singlish
"mehema wada karana eka, uba nam gon thamuse.",1,singlish
"ane manda oya ge idea eka, hariyata therumak nathi wage behave wenne ai? ban.",0,singlish
me wage mole kalpana nathi athal danne nathuwa tikak hithapan oya ge reply eka.,0,singlish
"uba, uba nam gon tikak igena ganin.",1,singlish
wenath kenekuta ohuwa dekiya hekida mama nosithami eya rupawahinee madhyasthanayak ha samana wana athara owun mage ekata susara kara ethi athara wena kisiweku nowe,0,singlish
mistar wels oba itha ikman ya mama ese weemata uthsaha karami,0,singlish
me video eka balala comment karana eka nam awajathaka wage ne poddak mole pawichchi karapan.,1,singlish
mata awashya supiri weerayek weematayi mama adahas karanne nayit royi yannayi,0,singlish
mama kshanika bath tikak gannam,0,singlish
oba saha met wiwaha weemata yanne kawadadeyi apata benkuwa kepa kireemata siduwanu etheyi anumana karanna eyi hondayi mama,0,singlish
eya gedarada ow mokakda,0,singlish
mama lingika jayagrahana yana padaya bhawitha kalada nethahoth eya obe akaraya mama nodanimi,1,singlish
bandune saha silindaraye anukramika anka anumana kireemata mama sema dina hatharakata warak pareeksha karamu,0,singlish
sema deyakma randa pawathinne mama danna menchestar ekabaddha kireema matha ya,0,singlish
oba hereege aluth eka kiyawanawa ohu pawasanne eya thama methek kiyawa ethi hondama de bawayi,0,singlish
oba dannawa eya ma ohuwa pareeksha nokala bawa ohu eya pilissum karyalayata dama ethi bawa mama nodanimi,0,singlish
mokakda me mehema wada karana eka ge awajathaka wage wada? hariyata behave karapan.,1,singlish
ne mama hithanne kamak ne oyata wishwasayi,0,singlish
apata pitupasin thawamath eththe yathurupediyak pamani,0,singlish
"ane manda mehema wada karana eka, awajathaka wage wage behave wenne ai? me wage wada nawaththapan.",1,singlish
mata ohu samanga hondin katha kireemata ida denna namuth eya samanya minisunta wishala hethuwak lesa ohuta idiripath karanna,0,singlish
oya ge post eka nam gon athal karaya boruwata katha karanne.,1,singlish
dhairyaya thiyenawa nona ow mama dannawa mama ewa thiyaganna kemathiyi,0,singlish
ammo dan nam soft ball diyunuvanam supiri bn,0,singlish
ow oba mata anugrahaya nodakwana thak kal mama eya karannemi obata anugrahaya dakwana namuth mama obata adareyi,0,singlish
ohu pariganakayak ethi ohuge pariganakaye obe pilithuru pareeksha kireemata gos etha,1,singlish
oya ge post eka nam gon harakek ne poddak mole pawichchi karapan.,1,singlish
"hariyata baluwoth me comment eka danapu eka gon wage ne, boruwata katha karanne.",1,singlish
oba kisi dineka wiyatnamayata gos nethi yuda hamudawe wartha karyanshayata ma katha kale apaya yanu kumakda yannayi,0,singlish
obata ada kalaye onema thenakata yamata awashya nam oba siyalu prawththi samanga sambandhawa sitiya yuthuya mama semawitama kiyanne eya hari ya,0,singlish
eya ape balla eya apata ayithi apa kisiwek netha,1,singlish
eya hondin sitinu etha eyata tikak thigesmak ethi wiya me rosa hondayi,0,singlish
me comment eka danapu eka awajathaka wage ban.,1,singlish
"me video eka balala comment karana eka hariyata gon harakek wage wada karanawa, hariyata behave karapan.",1,singlish
mama eyawa dala yanakota eya giya eyage ende parissamen,1,singlish
netha eya wiyapath wuwa wiya hekiya samaharawita bhinnonmadayen pasuwiya heka mama mage maranaya e esin dutuwemi eya ese nowe,0,singlish
kamak nehe owun sathuwa denuma deerghayusha wargeekaranaya kara etha,0,singlish
"ane oya ge reply eka, awajathaka wage hariyata.",1,singlish
mata therenawa samahara welawata oyata mama monawada karanne kiyala denaganna beri eka e widiyata hondayi kiyala,0,singlish
mu ponna avajathakaya iru renota kello denawa munta nadu danna one,1,singlish
oyata ayithiyak ne oyata magulak ne hari awajathakayo methanin eliyata yanna nonage endum endaganna,1,singlish
halo thomas mata me winadiyedee babata ninda giya,0,singlish
mehema wada karana eka mehema karanne gon nisa da? ban.,1,singlish
mama kohomada hondin balanne oya hondin wage,0,singlish
karunakara oba ma sathutin sitinawa dekeemata kemathi netha,0,singlish
oba danna paridi mage semiya meeta sathi dekakata pera abhawapraptha wu bawa den mage shokaya,1,singlish
mata eththatama eththatama yanna awashyada namuth mage sahodariya giyahoth misa mata behe,0,singlish
eththa washayenma me minisun etharam sarala nam owun wenath deyak pasupasa hamba yayi mage dewiyane,0,singlish
apata thuwakku awashya bawa ohu keewe netha ohu eya engawum kaleya,0,singlish
kawadawath gon katha kapanna denne ne kiyala,1,singlish
"oya ge reply eka hariyata gon wage wada karanawa, hariyata wada karapan.",1,singlish
"uba, uba nam gon athal karaya oya wage aya nisa thamai mehema wenne.",1,singlish
miniththuwak bala sitina mama niyojitha rahasak nowana athara wenath akarayakin saha mama pamanak oba thaniwama nowe namuth oba apehedili saha apage hekiyawan samanga,0,singlish
eth api kochchara parissam wunada eka thallu karala api kammeli wuna,1,singlish
oba ege penumata kale kumakda eya hondin eya kalabala wee eya kegesuwath den eya hondin,0,singlish
ow apata bayibalayak thibe eya laba gena eya mehi gena enna,0,singlish
e ape minisa ohu enawum kireemata sedu kenek bawa mama nodanimi,0,singlish
bayi troyi bayi edam,0,singlish
mesa newathath naraka athata heree ethi bawa pene eththatama kuda awajathakaya mara nodamanna mama selakilimath wana de balanna,1,singlish
"oya ge kathawa, meka nam gon level ekak. kata wahagena inna.",1,singlish
eyi eya e wargaya nisa,0,singlish
"ane manda umbala, gon harakek wage behave wenne ai? ne.",1,singlish
"mehema wada karana eka hariyata gon harakek wage wada karanawa, boruwata katha karanne.",1,singlish
"ane manda me video eka balala comment karana eka, wikarayak wage behave wenne ai? thamuse.",0,singlish
digu anduru umagak awasanaye alokaya kese ho eya ohuta newatha jeewath weema kamak netheyi penwu athara owun eya regena giyaha,0,singlish
palikawa e ohu nowe e sira mediriye siti fred medisan nowe eththa washayenma e wena kawurun wiya hekida medisan,0,singlish
"ane me wage wada karana aya, awajathaka wage tikak igena ganin.",1,singlish
"""hadawathinma kiyanne. man asama gaikawa??",0,singlish
eyata awashya kumakda mama nodanimi,0,singlish
oya ge kathawa nam pissu wage ne meka dakka gaman hina yanawa.,0,singlish
"ane manda mehema wada karana eka, wadak nathi wage behave wenne ai? boruwata katha karanne.",0,singlish
ohuwa kepa karanna ow eka hithanawa,0,singlish
oh eya sulu mohothakin siduwanu etha ow eththenma mata pudumayi ohu mata e mudal siyalla ithiri kale eyi kiya mata awashya nehe,0,singlish
wedi wedeemak gena mata obata awawada kireemata eka deyak thibe ow mama dannawa mama dannawa,0,singlish
hondayi eya mage selesma api ekata sitimu namuth eya mage mudal wana athara mata sahakaruweku awashya nowe,0,singlish
"oya wage kenek, meka nam awajathaka wage level ekak. ne.",1,singlish
idiripath kireemata wada honda deyak samahara wita ohu negitinne netha,0,singlish
oya ge kathawa ahuwama gon kiyala hithenawa.,1,singlish
api meya kala yuthu netha eya pradarshanaye thibu nisa eya mehi eththe mandeyi tharkanukula therumak netha,0,singlish
ayubowan ohe ow mage putha,0,singlish
podi deyak tikak mama balaporoththu wenawa oba tikak yamak ithiri karayi kiyala,0,singlish
"uba, uba nam awajathaka wage me wage wada nawaththapan.",1,singlish
prashnayak ne eyage endum galawanna epa ewa aluth ewa,0,singlish
eyin adahas wanne ema paraposhithayan bohomayak siyayakata wedi ek ek pudgalaya sandaha sudusu ekak aduma washayen ow yannayi,0,singlish
den eka hari neda oya ottuyi,0,singlish
mage wachanaya matha sar mama hithanne oba itha sisil lesa kriya kara ethi bawa mata hengena paridi mama kriya kalemi,1,singlish
oya beela ne mama puka dunna mama prathikshepa kala eka loku winodayak,1,singlish
mama parissam wemi mama mage awasthawa enathuru bala sitiyemi oba obe awasthawa enathuru bala sitiya oba mahathmayek weema obata karadarayi,1,singlish
"ane manda oya ge reply eka, wadak nathi wage behave wenne ai? meka dakka gaman hina yanawa.",0,singlish
kawuda danne oyata mewa thiyenne oya saha foto leb eka witharayi kiyala,0,singlish
masa gananak gatha wee etha eya ohu men nowe yamak weradee ethi bawa mama danimi hembarg sita dakunata kolarawa pethira yana katakatha mama asa etha,0,singlish
me comment eka danapu eka ta kiyanna one wadak nathi wage wada nawaththanna kiyala.,0,singlish
oyata therenne ne ne mata therenne ne oya mata mokuth kiyanne nethi nisa,0,singlish
pasuthewili wanna pasuthewili wanna pasuthewili wana pudgalaya pasuthewili wana theneththa pasukara yanu etha,0,singlish
adaraya adaraya oba eya gena oba danne kumakda eya peminenne kohenda obata awamangalya uthsawayakadee eyawa munagesuneya,0,singlish
hondayi oba karana thuru mata obata pewasiya hekke oba denatamath danna de owun sammuka pareekshanayak wikashanaya nokaranu ethi bawayi,0,singlish
eya ohuge wishama lingikathwaya kisida oppu wee netha,0,singlish
"me wage wada karana aya hariyata weda bari wage wada karanawa, danawada mokakda kiyala.",0,singlish
hayi heree oba natyaya beluwada mata eya maga here yeyi oba sithanawa,0,singlish
oya ge wada ta kiyanna one hariyata therumak nathi wage wada nawaththanna kiyala.,0,singlish
namuth ohu nawa yowun wiye sitiyadee ohu obe siwil guwan mura sanchara ekakaye sewaya kala bawa oba dannawa etha ohu mata mathaka neth nam mata ohuwa mathaka netha oba danna paridi boho daruwan ehi siti bawa,1,singlish
hondayi oba dekeema gena mama sathutu wemi eya hudek mudal pamanak lesa dewal kedee yama gena kanagatuyi,0,singlish
sthapitha podu prawesha praweshayata sambandha wanna,0,singlish
oya den yanna ona oyage kamareta yana gaman parissamen yanna mama yannam oyata adareyi mama e kochchiye ennam mama salli gannam,1,singlish
"oya wage kenek hariyata mole nathi wage wada karanawa, comment karanna kalin hithapan.",0,singlish
mokakda me uba ge chater wada? meka dakka gaman hina yanawa.,0,singlish
mama obage karunawe chodana prathikshepa karana athara oba rawata eththe kesedeyi mama nodanimi,0,singlish
me wage awajathaka wage athal danne nathuwa tikak hithapan oya ge post eka.,1,singlish
mawa allanna epa ehemath nethnam mata udaw karanna oya mokada karanne oyata karanna puluwan de baya wenna deyak ne,0,singlish
eya monawada kiwwe mata yanna denna kiyala,0,singlish
me wesi dakkma matath epa wenawne,1,singlish
ekata yanna deela oyata math ekka nidaganna kiwwada,0,singlish
charithaya ow sahathikayi,0,singlish
kamak ne eka wenne ne eth thaththa ehemayi,0,singlish
namuth sampurnayenma sithagatha noheki nowe mama sithanne eya tharkanukulawa kala noheki deyak nowe,0,singlish
oya thawath birindak kiyala hithuwa samaharawita mata wayasa awurudu dahayak withara ethi,0,singlish
"oya ge post eka, uba nam awajathaka wage ane.",1,singlish
kawadada bahinne heta ude weyida den kawuda danne,0,singlish
"ane me video eka balala comment karana eka, gon hariyata.",1,singlish
gon jarawak ne,1,singlish
oba kiyanne kawuruhari obata ape sewikawa weemata mudal gewana bawath ohu kawudeyi apa dena geneemata awashya nethi bawath ow mata obata awashya paridi ho pitatha jeewath wiya heka,1,singlish
oba kerat kana deta eya athullanna awashya nehe,0,singlish
samawenna mata durakathanayen emathumak geneemata awashyayi,0,singlish
mama eththatama susan lesa penune eya itha sudusu yeyi mama nosithana athara eya den samanya puruddaki,0,singlish
mata therenne nehe mata awashya eyi kiyala eya mata nokiyanne eyi kiyala eyata kawadawath eka thiyaganna widihak nehe oyata pissu kiyala,0,singlish
owun mage balka deka garajaye thibee soya gaththe kawada sita obe niwase tharadiyak thibeema aparadhayakda yanna sema kenekutama tharadiyak thibe,0,singlish
owungen ekeku eliyata ganna owun siyalloma apata erehiwa pela gesenne owun siyalloma ekawara miya giyahoth nowe,0,singlish
"oya ge idea eka, meka nam gon level ekak. thamuse.",1,singlish
"hariyata baluwoth me comment eka danapu eka gon harakek wage ne, meka nam athi.",1,singlish
mama obawa handuna gaththe nehe mata samawenna,0,singlish
poddak hitapan prasangaya patan ganne winadiyakin,0,singlish
abhimathaya paridi sar mama redde minihek sthuthiyi,1,singlish
mata owunta yamak pewaseemata sidu wiya oba kala yuthu nam misa kisi witekath kisiwak nokiyanna,0,singlish
digatama ow mata mathakayi oba e gena sandahan kala mata e kalema mage eka lebuna,0,singlish
oba poliskarayek noweda mama esuwoth oba mata pewasiya yuthuyi mama poliskarayek nowe,0,singlish
mama thawamath jeewathun athara sitiya nam mama boho wita oba bhayanaka lesa penenu etha,0,singlish
ow kapithan obata kiyannata awashya onema deyak thibeda mama purawesi baras karami,0,singlish
"ane oya ge post eka, mole nathi ban.",0,singlish
oya nam gon athal karaya ne kata wahagena inna.,1,singlish
palamu nagasaki den ude aharaya birinda gena mehemayi,0,singlish
me wage wada karana aya mehema karanne hariyata therumak nathi nisa da? hariyata.,0,singlish
oya ge post eka ge me wage gon comment dakkama epa wenawa.,1,singlish
"umbala hariyata gon athal karaya wage wada karanawa, hariyata wada karapan.",1,singlish
oya wage kenek ge kathawa ahuwama gon harakek kiyala hithenawa.,1,singlish
oba mage sathuta sandaha idunu wita mama dakina aswenna mama bhukthi windinnemi,0,singlish
mata obe thoppiya denna,0,singlish
"ane umbala, gon me wage wada nawaththapan.",1,singlish
mata oya nethuwa paluyi ow,0,singlish
"oya ge reply eka, meka nam gon level ekak. oya wage aya nisa thamai mehema wenne.",1,singlish
oya monawada danne,0,singlish
oya oyage oluwe inna podi kollek ekka katha karana kena apita eka thaniyama karanna weyi oya kiyanne mokakda api,0,singlish
eya mata mathak kale mage balla koli thawamath awata sitina bawaya,1,singlish
oya ge post eka ge me wage awajathaka wage comment dakkama epa wenawa.,1,singlish
hondayi eya eththenma wedagath deyak nowe namuth eya karadarakaree deyaki,0,singlish
mata weli newethwiya noheka eya awasan weemata pera kalaya newethwiya noheka,0,singlish
"ane me video eka balala comment karana eka, gon kata wahagena inna.",1,singlish
mokakda me mehema wada karana eka ge gon wada? oya wage aya nisa thamai mehema wenne.,1,singlish
inna rene oyage nama mokakda kiyala,0,singlish
obata itha lassana siwilimak thibe mama obata siwilimata kemathiyi sthuthiyi,0,singlish
me video eka balala comment karana eka nam gon ne kiyala therenneth ne.,1,singlish
kawadawath anukampa karanna epa mata den eyage oluwata gahanna thibuna,0,singlish
mama ahannam heyi eya gimhanaya sandaha nagara wesiyanta oba wethata yamata ida deyi,1,singlish
matath e widiyatama denenawa eelangata oba waha pitawa yanne kumakda eelangata kumak siduweda yanna eththenma meya kage niwasada yanna gena prashnayak netha,0,singlish
obe piya kapararu kara etha,0,singlish
pawum thunsiyayak idiriyata yanna,0,singlish
oya ge wada ge kathawa ahuwama awajathaka wage kiyala hithenawa.,1,singlish
"ane oya ge reply eka, gon athal karaya danawada mokakda kiyala.",1,singlish
me wage wada karana aya awajathaka wage ane.,1,singlish
me video eka balala comment karana eka ta kiyanna one gon harakek wage wada nawaththanna kiyala.,1,singlish
"mehema wada karana eka, meka nam gon harakek level ekak. hariyata wada karapan.",1,singlish
ane deyiyane eka patan ganne sadayak witharayi thaththe,0,singlish
"ane manda oya, gon harakek wage behave wenne ai? poddak mole pawichchi karapan.",1,singlish
oba hellayan gena dukata keewada ow namuth mama eyata frenk gena anek dewal gena keewoth,0,singlish
mark twen wisin athar rajuge usawiyedee oba kanektikat yenki kiyawanne kumak da yannayi mama,0,singlish
oya wage kenek mehema karanne gon athal karaya nisa da? thamuse.,1,singlish
mama methana weda karanawa re oyata penawada mata makeup tikak one kiyala,0,singlish
me comment eka danapu eka ge me wage gon athal karaya comment dakkama epa wenawa.,1,singlish
arambhayak sandaha mineemereemak netha pehediliwama ghathanayak nometha,0,singlish
rosa patata kithi kewenna ethi gee mama balaporoththu wenawa ithin me monawada kiyala,0,singlish
meya siduweemata mohothakata pera enden beseemata frenk obata upades dun athara ohu ohu pasupasa yana lesa pewaseeya,0,singlish
mama den karya bahulayi eka wedagath,0,singlish
oyata puluwan oyata ona nam mama oyata kiwwa mata aluth pemwathiyak innawa kiyala,0,singlish
amme amme menna baba methana,0,singlish
"me comment eka danapu eka, meka nam boru karaya level ekak. comment karanna kalin hithapan.",0,singlish
ithin oya ehema kiwwoth eya oyawa rewettuwa,0,singlish
lipiyak netha,0,singlish
oba koheda kiwwe wesi saha dewal heyi oba kuda nowe,1,singlish
mama eladenak pihiya mathata helami ohu matha kandak helami apata apage hamuda awashya nowanu etha,0,singlish
mata oba wetha akarshanaya weemata kisisethma kramayak nomethi bawa obatath wetahenawa ethi,0,singlish
mama obata kiwwa kadadasi adu getalu adu mama eya matha weda karanawa,0,singlish
samawenna steew samaharawita meelanga wathawe saha ape aluth amuththa oba thula padinchi wanne keseda mawa sakasayi,0,singlish
"me wage wada karana aya, uba nam awajathaka wage kiyala therenneth ne.",1,singlish
mama sathiya purama e dewal walata asha kala athara eya laba geneemata apahasuya,0,singlish
"oya ge reply eka hariyata gon athal karaya wage wada karanawa, poddak mole pawichchi karapan.",1,singlish
subha sandhyawak oba dakinawa menna api newathath pemina sitimu eya semta karana lada wishala prashansawak lesa mama sithami ohu obata preethimath dina peris,0,singlish
"oya ge reply eka hariyata loku talk karana moda wage wada karanawa, thamuse.",0,singlish
oya mehema karanne gon nisa da? ne.,1,singlish
oya ge kathawa ge kathawa ahuwama gon kiyala hithenawa.,1,singlish
hethu dahayak samahara wita pahalowak wiya heki athara mata ehi yamak thibeda oh ow mama eya kopamanadeyi sithuwemi,0,singlish
me comment eka danapu eka awajathaka wage me wage wada nawaththapan.,1,singlish
mama den loku prashnayak gannam ikmaninma owun paribhogikayan wetha yanawa,1,singlish
ohu samanga sema rathriyakama rathu,0,singlish
api den nidagannawada eka hari,0,singlish
"mehema wada karana eka, uba nam loku talk karana moda danawada mokakda kiyala.",0,singlish
"umbala, meka nam loku talk karana moda level ekak. me wage wada nawaththapan.",0,singlish
ne sthuthiyi mama bonne ne ow mata amathaka wuna,0,singlish
siduwanne kumakda yanna ohu sawan dena bawak nopene,0,singlish
kad eka ganna oh sthuthiyi,0,singlish
oh oba mage poth kiyawa etha oba thawath boho de karayi mage pothwalata ethi sambandhaya kumakdeyi mama dutuwemi ohuge jeewithaya his wu miniseku mama dutuwemi,0,singlish
e kella mama oyawa puchchanawa payin oya winasha wenawa,0,singlish
"hariyata baluwoth oya ge post eka pissu wage wage ne, hariyata.",0,singlish
oba adahas karanne kumakdeyi ma gena unanduwak dakwana wenath aya,0,singlish
oba yamak waradawa watahagena ethi athara api eya owunta kelinma pehedili kireema wada hondaya mama methenin iwath wemi,0,singlish
api ehi sitimu hondayi,0,singlish
oba eya samanga nowa eya samanga wishishtayi,0,singlish
oyata ammi inna ona mama apita mokuth wenna denne ne,0,singlish
oh mama hithanne obata denatamath jayagrahakaya etha paryeshanaya sudanam wana thuru apata kisiwak kala noheka,0,singlish
thuwakkuwa mesaya matha his karanna itha parissamin balanna me kumakdeyi mama nodanimi,1,singlish
oya neweyi mata oyawa mage peththen awashyayi,0,singlish
"umbala, meka nam gon level ekak. danawada mokakda kiyala.",1,singlish
oba pera dhanawath wuye mama dhanawath wu palamu awasthawa meyayi gedara gos wenasak sandaha oba ketharam pohosath deyi owunta penwanna,0,singlish
hondayi oba eya hondin karanna mama eya karanawa,0,singlish
oba saha weeto den ema wetup lekana karyaya eda geneemata yanne obata me dewal selasum kala yuthuya,0,singlish
"me video eka balala comment karana eka hariyata gon harakek wage wada karanawa, meka nam athi.",1,singlish
"ane oya, awajathaka wage boruwata katha karanne.",1,singlish
meka wenna be oya merila ne kolla eka piliganna,0,singlish
mokakda me oya ge wada ge hitha nathi wada? me wage wada nawaththapan.,0,singlish
don me mage amma amma me mage lokka don palmer oh obawa hamuweema sathutak,0,singlish
"""marama lassanai akki ??",0,singlish
e mokakda mama danne nehe mama methana karanne mokakda kiyala mama danne nehe,0,singlish
march haweku men mata pissu netha,0,singlish
"ane manda oya, hitha nathi wage behave wenne ai? ban.",0,singlish
"ane umbala, moda yakku wage boruwata katha karanne.",0,singlish
mama adahas kale meya kireemata pawa danna mata obawa hamu wu kisiwekuta mama pawasa netha samahara wita eya sathyayak wiya hekiya ewita eya tep eke mage handa wiya hekiya,0,singlish
kollo dewal eyi mudrana yanthraye theentha obe naharawala duwanne jef oba hariyata obe piya wage thamayi sar,0,singlish
uba nam pissu wage ne machan.,0,singlish
hari parissamen hari weli,1,singlish
oba wyakula wee etha eya wyakulathwaya nowe kaweddeema itha siyum ya eya boho wita nosalaka hera etha,0,singlish
kedeli huh oba thotilla hadanna hadanne athu saha kela walinda oba potha kiyawiya yuthuyi mama oba wenuwen thaththage parichcheda pawa salakunu kala,1,singlish
"umbala, meka nam gon harakek level ekak. hariyata.",1,singlish
"hariyata baluwoth oya ge wada awajathaka wage wage ne, hariyata behave karapan.",1,singlish
"oya hariyata gon athal karaya wage wada karanawa, thamuse.",1,singlish
namuth maharaja me pujaneeya gala ganne eyi kiya owun pawasana paridi api owunge napuru dewiyanta yagna kala yuthu yeyi api kiyamu,1,singlish
"ane manda oya ge reply eka, gon harakek wage behave wenne ai? oya wage aya nisa thamai mehema wenne.",1,singlish
eya tikak duwili sahitha lassanayi,0,singlish
mata kanagatuyi namuth sapaththuwa gelapenne nam saha oba ohuwa yam akarayaka pati rahitha deyakin dakinu etheyi mama sithami,0,singlish
eelangata enne nedda ow ow oya ada re karana de karanawa filis,0,singlish
ne api meka thaniyama karanna ona jorj kiyana de karanna,0,singlish
oba wihiluwak karanne mama digukaleena apekshawan gena unandu wemi,0,singlish
oya kawuda danne punchi panuwan abhilashaya,0,singlish
owun narumayan samanga padam karanawa,0,singlish
umbala mehema karanne gon nisa da? ne.,1,singlish
oba mejar dakinawa oba etharam wenas nowana bawa mata wenath wikalpayak nothibuni,0,singlish
oya ge post eka nam awajathaka wage me wage wada nawaththapan.,1,singlish
kukula kuda awajathakaya mama hithanne ohu naraka kenek bawa mata wishwasayi,1,singlish
mokakda me oya ge hitha nathi wada? meka nam athi.,0,singlish
oba mage hisa kada nodemeemata porondu wuwahoth mama obata sthuthi kireemata kemathiyi eya amathaka karanna mama eya oba wenuwen nokalemi ohuge katahanda mage snayu walata wetuni,0,singlish
me wage wada karana aya nam pissu wage ne me wage wada nawaththapan.,0,singlish
meya sidu wuye keseda mama weralata wegayen pahalata yamin siti athara yamak lissa gos siyalla hira wiya,0,singlish
"umbala, meka nam awajathaka wage level ekak. ne.",1,singlish
eya meetin ekaka innawa eyata kalabala wenna be mata samawenna petiyo,0,singlish
sanath kalakaruwek kiyala danne adane,0,singlish
oba dannawa puduma niwun daruwan wage owun hema deyakma katun bedagannawa,0,singlish
oba itha thadin sitina bawa oba dannawa ohu wathure dee wadath parissam wiya yuthu bawa,1,singlish
oya nam gon harakek ne danawada mokakda kiyala.,1,singlish
"umbala hariyata gon harakek wage wada karanawa, hariyata wada karapan.",1,singlish
eka kelin arthika widyawa me genu lamaya deyiyane yawapu magulak eyata puluwan apiwa loku dawasak karanna puluwan dawasaka oya wage katha nawaththanna,0,singlish
oya mokakda kiyanne oya dannawa mama adahas karanne mokakda kiyala babo eka ethi apita nawathwanna puluwan,0,singlish
pradhana ramu pariganakaye sampurna kattalayak balanna enna api eththatama unandu nehe henri,1,singlish
"mehema wada karana eka, meka nam wada nodanna level ekak. boruwata katha karanne.",0,singlish
sidu wu de gena mata mathak kireemata awashya netha,0,singlish
"mehema wada karana eka, uba nam gon me wage wada nawaththapan.",1,singlish
apita ona misis peel merenna mama bayayi,0,singlish
oya ge kathawa ge me wage awajathaka wage comment dakkama epa wenawa.,1,singlish
me wage wada karana aya ge me wage gon athal karaya comment dakkama epa wenawa.,1,singlish
jorj eya obawa dikkasada karanne netha obe sahakaru jeewitha kalayatama mathaka thaba ganna eya itha pragathisheelee bawa mata wishwasayi eya eya salaka balayi,0,singlish
ehema unoth samahara wita eyata udaw karanna puluwan ow mama oyata awashya hemadetama udaw karannam mama mathdrawya walata waira karanawa,0,singlish
onema deyak denenawa suwandak netha,0,singlish
ko elis elis kawuda,0,singlish
eya amathaka karanna mama kuthuhalayen sitimi,0,singlish
eyin adahas karanne jeewitha oralosu walata pitatha balayak nomethi bawayi,0,singlish
he re mama oyawa hewwa menna mama,0,singlish
mata mage motar rathaya newatha kamaraya idiripita newethwiya hekiya,0,singlish
oya ge reply eka gon athal karaya ane.,1,singlish
oba e gena etharam udyogimath nowana bawa penena karanaya kumakda eya idimee ethi bawa mata wishwasayi,0,singlish
"oya ge wada hariyata boru karaya wage wada karanawa, machan.",0,singlish
"me video eka balala comment karana eka, uba nam gon harakek machan.",1,singlish
mama oyawa pichchuwe ne mama oyawa katawath dunne ne meka mage birinda issaraha mage gedara mage daruwo apita monawada thiyenne,0,singlish
oya wage kenek ge kathawa ahuwama hariyata therumak nathi kiyala hithenawa.,0,singlish
me wage awajathaka wage athal danne nathuwa tikak hithapan me video eka balala comment karana eka.,1,singlish
e konwe methanata ayithiyi wage penuna eththatama eyawa methanata genna kenek ewanna kiyala yojana keruwe e wichithrawath adahasa thiyena mawa meheta genna kiyala,0,singlish
hondayi mama tikak rath karannam oba newatha dekeema sathutak herald obe awamangala rathaya kohomada,0,singlish
"oya, uba nam gon athal karaya tikak igena ganin.",1,singlish
oya gedara innawa oya thamath methana lamayi godak innawa mata methana inna ona ne mama oyata adareyi thaththe mama karanawa eth mata gedara yanna one,0,singlish
"hariyata baluwoth oya wage kenek gon wage ne, ane.",1,singlish
eya koheda don don mawa allaganna,0,singlish
samahara wita apita labana sathiye dawasaka diwa aharaya gatha hekiyi oba dannawa mama boho wita wol weediya asannaye sitina bawa oh mama danne nehe wiktoriya mama nitharama weda karanawa,0,singlish
oba idiriyen sitina weediyo siyalla mehi nomile,0,singlish
"ane me video eka balala comment karana eka, awajathaka wage boruwata katha karanne.",1,singlish
pissu yakkeuk muu nan ekay ratta mehema deyak une,0,singlish
mama owunta kiyannam nopehedili lesa hada wada gaththe eyi kuda aya ohuwa hada wada ganee yeyi wishwasa karanne,0,singlish
mama hithanne mama tikak witharayi oya adahas karanne,0,singlish
den kawuda kuriru wanne kerapoththan saha ashwarohaka kakuluwan weni jeewamana posilayak,0,singlish
swayankreeya rile paripathawala kothenaka ho mata tharanga saha mage puwaruwa boho durata maga here,1,singlish
kamak ne api wadi unoth mama kemathiyi oya mama godak karyabahula ne,0,singlish
mistar gordan ohe layitar wedak nedda mata e hemadema amathaka wuna ath kohomada kiyala,0,singlish
"ane manda me comment eka danapu eka, gon wage behave wenne ai? comment karanna kalin hithapan.",1,singlish
me wage hariyata therumak nathi athal danne nathuwa tikak hithapan uba.,0,singlish
oba kawuda haskam wishwasa karana kenek,0,singlish
ohu desa balanna ohuta ingreesi therenne netha ohu satheku men gaman karayi eya paripurnayi,1,singlish
eya mathakayan sandaha sthuthiwantha wana thuru eya itha honda ya,0,singlish
mokakda me me comment eka danapu eka ge gon wada? meka nam athi.,1,singlish
"ane manda me video eka balala comment karana eka, moda wage behave wenne ai? hariyata.",0,singlish
ow oya niw york yanawa salli api kohenda salli genne,0,singlish
namuth mama obawa soya gaththa siyaluma ingi mawa methenata gena giya eththa washayenma mama eyath selasum kala,0,singlish
"ane oya ge idea eka, boru karaya tikak igena ganin.",0,singlish
me wage wada karana aya ge me wage gon harakek comment dakkama epa wenawa.,1,singlish
oyata apahu katha karanna awajathakaya oyata monawada one mata katha karanna one,1,singlish
me wage gon athal danne nathuwa tikak hithapan me video eka balala comment karana eka.,1,singlish
eyi metharam apehedili eyi ohu ese maga harinne apage prashnaya nowa unusum keneku wiya hekiya,0,singlish
ne mama oya ekka yanne ne eyi neththe,0,singlish
thawama ne mage mithraya e oyage thakkali thamayi merenne oya mokakda oya apoyi eeta wada honda nehe mama hitiya leega siyayak ethulatha thawath honda thakkali nehe,0,singlish
"ane oya ge post eka, gon athal karaya meka dakka gaman hina yanawa.",1,singlish
"oya ge reply eka hariyata awajathaka wage wage wada karanawa, comment karanna kalin hithapan.",1,singlish
eka hondata giyada petiyo ow godak hondayi mama hithanne kello ende innawa kiyala,0,singlish
gamana atharathura kisiyam akarayaka dushkaratha ethi wuyeda sar kisiwek netha,0,singlish
oya ge wada ge kathawa ahuwama gon kiyala hithenawa.,1,singlish
"mehema wada karana eka hariyata awajathaka wage wage wada karanawa, me wage wada nawaththapan.",1,singlish
eya thawamath nishchithawa sandahan kara netha eya oba enathuru bala sitee eya mage naduwa bawa eya danee,0,singlish
tho kapati awajathakaya oya meka karanne mawa thushnimbhutha karanna neda oya bayit eya asaneepen inne,1,singlish
ow namuth mama uthsaha kalahoth oba mata sinaseemata ida nodenna,0,singlish
oya ge post eka nam awajathaka wage poddak mole pawichchi karapan.,1,singlish
eya uthsaha kale nam mama eyata ida nodenne eyi mama liyo mulika washayen mage mudal labagena obe buruwa bera geneemayi,0,singlish
me wage gon athal danne nathuwa tikak hithapan oya.,1,singlish
mokakda me uba ge wada nodanna wada? ban.,0,singlish
mokakda oya mokuth kiwwe neththe,0,singlish
oba misisipi pranthaya wenuwen dumkolawalata erehiwa naduwak gonu kala oba eya niweradi noweda,1,singlish
mata ematheemata kanagatuyi namuth mata e dewal awashyayi eya niwase gonuwe ethi bawa mata wishwasayi mama eya soyagath wita mama obata katha karannam pasuwa api katha karamu,1,singlish
"ane manda oya wage kenek, gon athal karaya wage behave wenne ai? meka nam athi.",1,singlish
mokakda me oya ge reply eka ge gon harakek wada? ban.,1,singlish
hondayi mama eya kisi witekath nokiyami eya sathya nowanne nam mata pasuwa sitiya hekiya,0,singlish
oya ge post eka nam gon harakek comment karanna kalin hithapan.,1,singlish
nawa gabadawa mama obata keewemi eya obata sathutak nam api eya kala yuthuyi,0,singlish
"oya ge wada, uba nam hariyata therumak nathi hariyata wada karapan.",0,singlish
mama dannawa trak ratha riyaduran kihipa denek mama kemathiyi oba kawada ho hamuweemata enna wadi wenna sthuthiyi mage thelunu biththara,0,singlish
oya thathpara dahayakin gihin mokada une kiyala mata loku layit ekakin weduna,0,singlish
"""nangi mama oyta harima kamathi oyage ahinsaka kamatai oyage sinawata oyata jesu pihitai",0,singlish
oya harima lassanayi bruurus oya hithanne anith hemoma oh eya neweyi oyata miniha kiyala mata eka penawa eth mata eya wage godak chamathkarayak lebuna,0,singlish
api hondin pareeksha kara netha mata gaurawaya kireemata ida denna eya keti karana athara mata yamak awashyayi,0,singlish
oya ge me wage gon athal karaya comment dakkama epa wenawa.,1,singlish
mokakda me oya ge kathawa ge chater wada? ne.,0,singlish
oya wage kenek nam gon athal karaya ne thamuse.,1,singlish
amanaya balanna mata obata wada hondin tharjanaya kara etha netha obata methek tharjanaya kala hondama theneththa mamayi,0,singlish
"oya ge wada, uba nam hitha nathi meka dakka gaman hina yanawa.",0,singlish
hodama de api hondatama therum gaththa mama awajathakayek namuth obata daruwan ata denek sitina wita obata sathuran ethi kara gatha noheka,1,singlish
ow mama kage hari gedarak kollakanna agulak thoraddee eyata eka kiyanna,0,singlish
thawama nehe adaraneeya sahodaraya owunwa yawanna,0,singlish
mama monawa karannada mama merila debee pissu hedila okkoma iwara karanna yanawa mama eyawa nawathwannam oya eyawa nawaththanna,0,singlish
"ane oya ge kathawa, weda bari danawada mokakda kiyala.",0,singlish
oya ge post eka nam gon athal karaya ane.,1,singlish
oya ge idea eka ge me wage gon athal karaya comment dakkama epa wenawa.,1,singlish
mama rayifalaya methana thiyanna puluwan nam saneeparakshaka pahasukam bhawitha karanna,0,singlish
"ane mehema wada karana eka, gon harakek machan.",1,singlish
ese nam ohu wenuwen handanne eyi oba ohu piya saha mawa nowe api karunawen ohu ohuge dewiyangen mama mage sita,0,singlish
hari methana mokakda,0,singlish
minisekuge watinakama winishchaya kala hekke ohu sathu de ho ohuta gewiya yuthu pramanaya anuwa pamanak wedagath wana athara bankoloth bhawaya samaja stharayata ma path karanne kothenada,0,singlish
"oya ge idea eka, uba nam kata witharai wada comment karanna kalin hithapan.",0,singlish
salli kiyanne jarawak neweyi oyata ehema denenawa kiyala,0,singlish
"uba hariyata gon wage wada karanawa, me wage wada nawaththapan.",1,singlish
balanna kawuru gaththath api eka kala kiyala kawuruth danne nehe,0,singlish
"""meeke original song eka ewannko??",0,singlish
oba eya kara etha mama mage tharuna kalaye boho wita owunta manga penwami,0,singlish
ohuge usaskama thawamath birindak gena netha mama hithanne ohuta sudusu kanthawak hamu wee netha,0,singlish
"ane oya, wada nodanna kata wahagena inna.",0,singlish
eyi ehema kale kiyala balanna oyata anumana karanna puluwanda kiyala,0,singlish
mokakda awula jekta oyage prathiwirodhaya ganna amathaka wenawa deyiyane,0,singlish
aneka paripurnawa weda karayi,1,singlish
mata pudumayi ohuta pissu hedila eththatama bas ekak enawa kiyalada nethnam eyi oya eyagen ahanne neththe kiyala,0,singlish
oya eyawa dekkada mama sathiyakin eyawa dekala ne,0,singlish
ayiye drone yavanna barida,0,singlish
netum obe anagathaya gena wihiluwak wana wita anagathaya gena sithana wita eya ma biya genweemata puruduwa sitiye eya thawaduratath kamak netheyi anumana karana bawayi,0,singlish
oya sigarat genawa shuwar,0,singlish
ah eya winodayak wanu etha ow mineemerum kauthukagaraya winodajanakayi,0,singlish
eththatama ohu ada obata keewe mata opadupa tikak denna obata har mosart muna gesunu bawa mata aranchi wiya,0,singlish
oya mokada karanne kiyala eya awa,0,singlish
ohu pala yamin sitinne ohu mage dayawa matha kisida dayawa penwanne netha,0,singlish
re kemata yanna ona ne,0,singlish
eya apita kalin awoth parakku wediyi oya kiwwada mage nangiwa maranna kiyala,0,singlish
obata rathriya alokaya gena emata amathaka wee ethi bawa mata pene eyata kisidu sambandhayak netha,0,singlish
"hariyata baluwoth me video eka balala comment karana eka gon wage ne, hariyata.",1,singlish
"ane manda oya ge post eka, loku talk karana moda wage behave wenne ai? ne.",0,singlish
"hariyata baluwoth uba moda wage ne, oya wage aya nisa thamai mehema wenne.",0,singlish
mata niyamitha welawata eya kala noheki wiya oba adahas kale obata noheki ho obata noheki wanu ethi bawayi,0,singlish
mama bekan gedarata genewith mage gabadawa upayagena honda rekiyawak karanawa mama ese keewoth eya weradi kshethrayak bawa oba moda lukas gowipala nagaraye anek peththe ya,0,singlish
ow eka ape hemogema yuthukamak namuth ohu thawamath pirimi lamayek,0,singlish
"me comment eka danapu eka hariyata gon wage wada karanawa, hariyata behave karapan.",1,singlish
awajathakayo apahu mehe ewith mata muna deela baldi gannawa,1,singlish
ohu ema wyaparayama bala ganna bawa mata kiyanna mama wiyalee giya wahama mama balagannam,0,singlish
pissuda miniha kiyanne swameenee ballanta suwandak thiyenawa mage suwanda kawuruhari eyalata denna ethi,1,singlish
"oya ge idea eka, uba nam gon athal karaya ane.",1,singlish
pasal adhyapanaya tikak thibuna,0,singlish
mokakda me oya ge idea eka ge gon athal karaya wada? ban.,1,singlish
me wage wada karana aya gon athal karaya ban.,1,singlish
oya ge post eka ge kathawa ahuwama awajathaka wage kiyala hithenawa.,1,singlish
dolar atak naraka netha,0,singlish
"hariyata baluwoth oya wage kenek kata witharai wada wage ne, poddak mole pawichchi karapan.",0,singlish
oba ma samanga sitina wita mata babek awashya yeyi oba sithanawa oba eweni dewal gena karadara wiya yuthu netha eyi e,0,singlish
ow eki hithan inne oya ponnayek kiyalada eya ehema kiwwe,1,singlish
"""ammo eka supiri",0,singlish
oya koheda yanna hadanne grem ekak ganna mama yanawa mama yanawa,0,singlish
"oya wage kenek, uba nam awajathaka wage boruwata katha karanne.",1,singlish
oya ge post eka nam gon ne.,1,singlish
jorj meya sikurada jalanala karmikaya pitathata yamata niyamitha thunwana awasthawayi,0,singlish
oya mawa nogena inna eka gena oyage amma eththatama sathutu wenna ethi oyata pissuda eyi oyata pissu,0,singlish
oyata wikalpayak ne amme,0,singlish
eka sadharana nehe oba mata kiyanna yanne obata ehi yamak denune nehe kiyala,0,singlish
mama eya dena sitiyemi mama eya karya mandalaye welanda namayen dena siti athara mama karadarayaka sitina athara apata obe udaw awashyayi,0,singlish
"oya ge post eka, meka nam gon level ekak. ane.",1,singlish
koridowe kisiweku netha namuth api pariganakayata anuwa nowe,1,singlish
oya mage ekama putha mama danna thaththa,0,singlish
"oya wage kenek, uba nam awajathaka wage me wage wada nawaththapan.",1,singlish
oba ese kiyanne oba siyalu denama apa wenuwen gayana karanne nam api itha kthagna wemu,0,singlish
obata obe besama lebuna obata obe snanaya lebuna,0,singlish
"ane oya ge post eka, awajathaka wage oya wage aya nisa thamai mehema wenne.",1,singlish
oya ge kathawa ta kiyanna one awajathaka wage wage wada nawaththanna kiyala.,1,singlish
obata mema jalaye sema weediyakma obe pariganakayata laba deemata mata awashya de mata awashya we,1,singlish
ohuge wayasata gelapena kuda sehellu kiyaweeme karunak hondayi dakune pirimi lamaya obata dorata pahasu goniyak awashya yeyi mama sithami,1,singlish
mama illa asweema prathikshepa karanawa ewita mama obawa sewayen paha karanawa mama siyaluma kotas thaniwama karannam,0,singlish
oba eya ma wetha gena eyida mama ese nokarami,0,singlish
"ane oya ge kathawa, gon athal karaya tikak igena ganin.",1,singlish
mokada oya hithanne mage ammayi thaththayi ehema hithuwe ammayi thaththayi oya dannawane,0,singlish
me magulata mokada mama hithanne sinama tharu walata adaraya karana eka pirimiyekuta wayasata yanakota wena deyak,0,singlish
eyi mata ethi weredda mama pujakayek mama jeewithayata sewaya karanna methana inne oyata karanna ona eka winasha karana eka witharayi,0,singlish
den eka thamayi mama winodaya kiyanne bhayanaka kuriru anawashya kiyala,0,singlish
hondayi mama hithanne ohu thawamath ohuge muweku laba gath bawa ohu keewe eyayi,0,singlish
oya nam gon athal karaya ne meka dakka gaman hina yanawa.,1,singlish
hari magulak wenna one mehema weyi kiyala mama denagena hitiya nam oya mokada karanne kiyala,0,singlish
wedapola ow wedapola,0,singlish
"me wage wada karana aya hariyata gon wage wada karanawa, thamuse.",1,singlish
api ewa thabamu oba ewa thaba ganna,0,singlish
oba welendata geweemata kalaya gaththa mata sidu wuye kumak kala yuthu deyi mama nodanimi,0,singlish
eya bhayanaka adahasaki eya mata kanagatuyi namuth eththa washayenma oba denagatha yuthu waidyawaraya we,0,singlish
mata gedara yanna ona oyata be,0,singlish
mama kale eya samanga pitathata yama saha oba eya kale mage unanduwa araksha kireematayi,0,singlish
"me video eka balala comment karana eka, meka nam gon level ekak. hariyata wada karapan.",1,singlish
eya siyadiwi nasageneeme uthsahayak nowe eda eya kumakdeyi pewaseema gena mama kanagatu wemi,0,singlish
"me comment eka danapu eka, uba nam awajathaka wage poddak mole pawichchi karapan.",1,singlish
eyi oyata hemadema amaru karanna ona,0,singlish
ane ikmanata enna api koheda inne,0,singlish
"oya ge kathawa, meka nam wikarayak level ekak. tikak igena ganin.",0,singlish
mama koheda inne mokada une api hemoma sansun wela koheda giye lamaya nishchalawa innawa,0,singlish
oba balaporoththu wana paridi mage shareeraya samanga oba kisi witekath mage athmaya himikara noganu etheyi apekshawen oba kalabala noweema gena mama sathutu wemi,1,singlish
mama obawa gamanagamana adhikariyata wartha karanne kumak da yannayi,0,singlish
mata wishwasa karanna be tomee thamath math ekka kenthiyen innawa kiyala eya dannawa mama denmama ayin wenawa kiyala eya methaka indan eththatama amuthu widiyata hesirenawa eya thawath mage es diha balannewath nehe,0,singlish
mokakda me oya wage kenek ge gon wada? ane.,1,singlish
ohu yahane rahas nokiya sitiya yuthuya ah oyi ingreesi jathikayan diwak yanu kumakdeyi nodanee,0,singlish
oya ge post eka gon thamuse.,1,singlish
ohu yam pragathiyak labanawada waidyawaraya ow pasugiya sathiye mada godawal thibune mepamanayi,0,singlish
"ane manda mehema wada karana eka, gon athal karaya wage behave wenne ai? kata wahagena inna.",1,singlish
oba upadhiya laba gaththoth oba mawa hamba yayi,0,singlish
ko oyage thuwakku papuwe sakkuwa,0,singlish
yaluwane math ekka tika dawasak inna yanna epa,0,singlish
"me comment eka danapu eka, meka nam weda bari level ekak. hariyata.",0,singlish
mama oyage putha mama oya tikak inna,0,singlish
ena samanga wiwaha wu oba eyawa karadarayata path kale netha api pawa netha,0,singlish
mokakda me me comment eka danapu eka ge gon wada? lajja nadda.,1,singlish
mokakda me umbala ge awajathaka wage wada? me wage wada nawaththapan.,1,singlish
mama dannawa oya koheda yanne kiyala mama nidaganna yanawa mata heta weda karanna one mage wiwekaya one,0,singlish
hema gonkamata yatin adaraya mathaka thiyaganna,1,singlish
samahara wita yakshayo eththada manda eka mona gon wedakda,1,singlish
obata pahasu lesa penena paridi mama eya elluwe netha,1,singlish
mama hithanne e oba saha mama pamanayi ow ow mama hithanne e pirimi lamaya oba saha mama pamanayi,0,singlish
me wage wada karana aya nam gon harakek ne thamuse.,1,singlish
"oya, meka nam weda bari level ekak. ban.",0,singlish
mama hariyatama danne nehe,0,singlish
menna mage birindage pinthuraya itha honda penumak ethi kanthawan,0,singlish
uba ta kiyanna one gon athal karaya wage wada nawaththanna kiyala.,1,singlish
hondayi kohomada oya e tep eka genawe,0,singlish
oya monawa hari kiyanawa ow mama oyagen ehuwe oya mehe hitiyada genu lamayek ekkada kiyala,0,singlish
"umbala, meka nam awajathaka wage level ekak. meka nam athi.",1,singlish
apoyi mama praweenayange bahira rogee wedasatahane hitiya eya mawa dannawa oyage nama mokakda kiyala,0,singlish
"oya ge kathawa, meka nam gon athal karaya level ekak. meka nam athi.",1,singlish
eya mawa pissek kala thaththe,0,singlish
hathara hatha hathara hatha eyawa meruwe obawa,0,singlish
supiri habai parakku wuna man,0,singlish
"ane oya ge wada, gon athal karaya tikak igena ganin.",1,singlish
"mehema wada karana eka, uba nam gon athal karaya boruwata katha karanne.",1,singlish
"ane me comment eka danapu eka, gon athal karaya comment karanna kalin hithapan.",1,singlish
"oya ge idea eka, meka nam gon level ekak. oya wage aya nisa thamai mehema wenne.",1,singlish
ohu goda basee,0,singlish
balanna mata pare yana eka kamak ne namuth oyata wesikiliyak pawichchi karanna wenawa hari eelanga wathawe mawa niweradi dishawata yomu karanna,1,singlish
eka kochchara lokuda mama kiyannam,0,singlish
oya katawahagena innawada deyiyane podi lamayi dennek kar eke innawa wage hari thaththe,0,singlish
eyi oba eya ege ugurata hira nokale eya etharam sarala deyak nowe mama mage kalaye sirakaruwan samanga katayuthu kala namuth meyayi,0,singlish
me wage gon athal karaya athal danne nathuwa tikak hithapan uba.,1,singlish
eya koheda oba eyawa deka thibeda richad mahathmaya mata eyawa soyagatha noheka,0,singlish
saha putuwa hari yanawa obe putuwa rok karanna mama karana de karanna,0,singlish
umbala ge me wage gon comment dakkama epa wenawa.,1,singlish
"ane me video eka balala comment karana eka, wadak nathi boruwata katha karanne.",0,singlish
mama nehe kiyanawa saha sthuthiyi mama mage gamana pramanawath tharam wegawath kale nehe eka neweyi mama gaurawanwitha wune,0,singlish
"ane manda me video eka balala comment karana eka, gon harakek wage behave wenne ai? hariyata.",1,singlish
peya kihipayakata pera kaputa me margayen gaman kala bawa apata pahasuwen pewasiya hekiya,0,singlish
"me video eka balala comment karana eka, uba nam gon athal karaya ne.",1,singlish
umbala ta kiyanna one awajathaka wage wage wada nawaththanna kiyala.,1,singlish
oya ge post eka nam gon athal karaya ne kata wahagena inna.,1,singlish
"oya ge idea eka, uba nam gon hariyata.",1,singlish
e gena wada wenna epa api oyata kannadi tikak aran dennam mokakda diya kiyanne e gena duk wenna epa eththa washayenma mama e gena karadara wennam mata magulak balanna be,0,singlish
e wagema eya oyata apahu adareyi neda eya tikak narak wela namuth mama dannawa eya ehema karanawa kiyala,0,singlish
mokakda me oya ge idea eka ge gon athal karaya wada? boruwata katha karanne.,1,singlish
kirana eya wishwasa kala namuth oba thawamath ohuta guwan thotupaledee mudal penwiya yuthuya,0,singlish
oba eththatama ese noke yuthu seeni eya obata honda netha awama washayen mama wedena pudgalayek,0,singlish
eyata mawa balanna ona wune eyi eya gedara neththe eya baya wela kiyala,0,singlish
hondayi mama bala sitimi obata lebunu thorathuru monawadeyi balamu oba samanga siti bawa,0,singlish
"me wage wada karana aya hariyata gon athal karaya wage wada karanawa, me wage wada nawaththapan.",1,singlish
"hariyata baluwoth oya ge reply eka gon athal karaya wage ne, ban.",1,singlish
"umbala hariyata gon athal karaya wage wada karanawa, hariyata behave karapan.",1,singlish
oya kohe hitiyath kamak ne api den koheda inne kiyala,0,singlish
narambannange abhimathaya paridi obata tep eka awashya bawa upades dunneya,1,singlish
ohu thawamath obe piya wuwada prasangaya arambha weemath samanga mata gelaweema dushkara wanu etha,0,singlish
"hariyata baluwoth oya ge reply eka awajathaka wage wage ne, danawada mokakda kiyala.",1,singlish
mama neweyi owu ow oya,0,singlish
oya ge idea eka ta kiyanna one gon harakek wage wada nawaththanna kiyala.,1,singlish
"hariyata baluwoth oya wage kenek loku talk karana moda wage ne, boruwata katha karanne.",0,singlish
ohu mata mulinma apahasa kale ohu mata modayek lesa hendinwuye oba mema paribhogikayata tharjanaya kalada nethahoth kisiyam akarayakin asabhya wachana bhawitha kalada,1,singlish
"me comment eka danapu eka, uba nam gon harakek poddak mole pawichchi karapan.",1,singlish
oba ohuwa kohe hari weediye dutuwahoth ohuta kiyanna ohuwa nerapa hera ethi bawa mata dena geneemata awashya wanne eyayi,0,singlish
ow shel wedi silindarayaka haya denekuta wishala wediyi obata awashya netha namuth ekak dekak netha,0,singlish
me wage tikk diga videos hamadama danna..,0,singlish
namuth supurudu paridi eya owunta yahapath nowanu etha martha oba mawa wishwasa kala yuthuya oba kisidaka nositi moda jorj nowe,1,singlish
oya ge reply eka mehema karanne gon athal karaya nisa da? hariyata wada karapan.,1,singlish
obata meya lebune keseda yanna mama pasugiya masa haya thula obe wiyadam ginumata ethulath kalemi,0,singlish
ohu paripurna besbol kreedakayeki ohuta wada emarikanu wiya heki namuth ohuta pawulak ethnam mama prarthana karami,1,singlish
"oya, uba nam gon thamuse.",1,singlish
dewiyane namuth mama eya darukamata hada geneema sandaha athahera damami mama denatamath paripurna pudgalayin soyagena etha,1,singlish
ohu koheda giye obe pilithuru ohuge pariganakaye pareeksha kireematayi,1,singlish
oya ge wada mehema karanne boru karaya nisa da? comment karanna kalin hithapan.,0,singlish
oba koheda mama oba samanga mehi sitimi,0,singlish
niw york sema thenakama jeeweengen piree ethi athara boho dumriya sthana wasa etha ewa yakshayan men ya,0,singlish
adahagatha noheki athara lilee thama ballata ohu namin nama thebuwe meya kireemata oba kebandu pudgalayek wiya yuthuda yannayi,1,singlish
"umbala hariyata gon athal karaya wage wada karanawa, danawada mokakda kiyala.",1,singlish
karunakara lokka api yamu obata karadarayak misa wena kisiwak nowe eya apasu eyi mama dannawa eya apasu ena bawa,0,singlish
oyala denna koheda yanne api mage chuti duwawa aran ennam,0,singlish
oya ge idea eka mole kalpana nathi ane.,0,singlish
adhika udyogimath bharakaruweku wisin meratata hora rahase gena a yakshayin palawa harinne kese wethath pilimaya his wiya,0,singlish
oya wage kenek mehema karanne loku talk karana moda nisa da? machan.,0,singlish
"uba, meka nam gon level ekak. boruwata katha karanne.",1,singlish
"me video eka balala comment karana eka, meka nam hariyata therumak nathi level ekak. me wage wada nawaththapan.",0,singlish
me comment eka danapu eka nam awajathaka wage ne ne.,1,singlish
mama e kar ekata asa karana hondama de,0,singlish
"""matanam dan's karanne oni kiyala hitanne na. me sinduwata",0,singlish
saha ema athmaya owun samanga me polowe siti pudgalayage kotasak ganna bawa sadharana upakalpanayaki,0,singlish
eka wihilu karanna deyak neweyi samawenna samaharawita loku wattakka ewa kewa wenna puluwan,0,singlish
awasanawantha lesa nirdoshee bawa oppu wana thuru mama weradikariyaka wu peel mahathmiyata adaraya kireema gena kanagatuyi,0,singlish
mama ayisek mama thunayi mama moris pakar mama thun denekuta wada wedimal obe demapiyange niwasayi,1,singlish
paripatha adhika lesa patawa etha obata methenin paniwidayak laba gatha heki akaraya mama danna kramayak danimi,1,singlish
"me wage wada karana aya, uba nam gon athal karaya meka dakka gaman hina yanawa.",1,singlish
"oya ge idea eka hariyata moda yakku wage wage wada karanawa, meka dakka gaman hina yanawa.",0,singlish
eya oba ma kiyawana sankeernaya thula ya,0,singlish
oya wage kenek mehema karanne boru karaya nisa da? ane.,0,singlish
eya awurudu pahalowak pamana pawathinnata selasum kara etha apoyi moda minisun saha obe dewal dewal dewal,0,singlish
eka thiyanna mama kiwwa eka oyata mokuth ne ane mata samawenna mata samawenna oya mata monawada aran thiyenne eka iwarada,0,singlish
ow owun obe palamu sambandhaya gena dena siti nisa owun eyawa pahathin gena giya eya itha klanthawa sitiya mata eya wetha langa weemata apahasu wiya,0,singlish
lidiya manushyathwaye siyum nidaarshaka walin ekak nowiya heki namuth eya ende sitina wisha sahitha rakshayek namuth wisha sahitha ya,0,singlish
"oya wage kenek, uba nam gon athal karaya meka nam athi.",1,singlish
gloriya mama obata gloriya yeyi kiwa hekida eyi eththenma,0,singlish
pariwara obata mathakada ohu ehi wadi wee siti akaraya obata mathakada,1,singlish
"hariyata baluwoth me comment eka danapu eka gon harakek wage ne, lajja nadda.",1,singlish
oya ge kathawa weda bari danawada mokakda kiyala.,0,singlish
esenam oba uganwanne neththe eyi oba wishwa widyalayaka neththe eyi mata igenweemata apahasuya,0,singlish
feks yanthra mata samawenna,0,singlish
ne oyata ona ne apiwa ganna,0,singlish
warjiniya walin wena monawada mama den meken oyata karadara karanna kemathi nehe,0,singlish
eya kiyawa pissuwen men ohu pawasanne wiliyams pissek nowana bawa ohu hondinma danna bawayi namuth mama,0,singlish
oya gena mokada mama thaththa passe yanne,0,singlish
ekayi mama andanne me kawuda kiyala oya dannawa ethine,0,singlish
obata mehi amuthu rekawak ethi bawa oba dannawa eya ketiyi,0,singlish
apa methek bhawitha kara eththe adak seesee pahak seesee ya,0,singlish
oya ge post eka ge kathawa ahuwama gon athal karaya kiyala hithenawa.,1,singlish
e nisa oba mata udaw nokaranu etha mata obata udaw kala noheka kisiwakuta purwadarshayan kisi witekath weradi netha,0,singlish
oba hondin ow mama hondin,0,singlish
eya koheda inne kellek eyata lebunu pirimiyek sudu kollek monawa hari tok kala,0,singlish
mama honda dawasak neweyi lamayi gedara geniyanawa,0,singlish
oba owun samanga katha karanna owun adahasata kemathi bawa pene,0,singlish
"mehema wada karana eka, uba nam awajathaka wage hariyata behave karapan.",1,singlish
wisha wayuwa adshyamana bawa amathaka karanna epa mama porondu wenawa echcharayi,0,singlish
mokakda me me comment eka danapu eka ge wadak nathi wada? me wage wada nawaththapan.,0,singlish
ohuge depa sheetha wee ethi athara oba ohuwa anubhawa karana wita ohuta ewideemata nohekiya,0,singlish
kapithan mama methanin awe oyage palama uda indaganna neweyi mata e newe inna one newa araksha kalata passe api oyawa newata ekkan ennam,0,singlish
minisun siya gananak ma wishwasa karayi mama meya sithuwe netha mama oba widyawen kala yeyi nokiyami api sema witama saralama pehedili kireema soyamu,0,singlish
"oya ge post eka, uba nam mole kalpana nathi kata wahagena inna.",0,singlish
oya dannawane mama loku unama mata mage ayiyala ekka besbol kreeda karanna puluwan mokakda kiyala,0,singlish
"me wage wada karana aya, meka nam gon athal karaya level ekak. ban.",1,singlish
"ane manda mehema wada karana eka, gon athal karaya wage behave wenne ai? poddak mole pawichchi karapan.",1,singlish
elis amme me eka para wiwekayak denna,0,singlish
obata ema shabdaya newathath ese,0,singlish
me comment eka danapu eka nam awajathaka wage ne me wage wada nawaththapan.,1,singlish
"ane uba, awajathaka wage lajja nadda.",1,singlish
oya mehema karanne moda yakku wage nisa da? boruwata katha karanne.,0,singlish
oya wage kenek mehema karanne mole kalpana nathi nisa da? kata wahagena inna.,0,singlish
ow mama adahas kale kalisama saha weda karana endum saha ema bhayanaka motar rathaya eya dhawanaya karana itha honda motar rathayaki,0,singlish
mokakda me uba ge hariyata therumak nathi wada? meka nam athi.,0,singlish
eyata manushyayeku lesa kriya kireemata heki de karanna,0,singlish
eya monawada karanne mama hithanne eya gonata endaweemata serasenawa,1,singlish
me wage wada karana aya nam gon harakek ne me wage wada nawaththapan.,1,singlish
ow sar oyata wishwasada,0,singlish
ohu pasubessa namuth ohuge sinahawa pitupasin ohu pawasanne fk yu jek mata eya hayiyen saha pehediliwa ese,0,singlish
me video eka balala comment karana eka ge me wage gon harakek comment dakkama epa wenawa.,1,singlish
"me video eka balala comment karana eka hariyata awajathaka wage wage wada karanawa, machan.",1,singlish
jathika pirimi kandawurak ek mohothaka senet sabhikayeku bawata path kireeme panath ketumpatha eyi oba panathak idiripath kireemata yana bawa mata therenawa,0,singlish
apita owa wadk na yako,0,singlish
adipadawaraya oskar adipadawaraya alla gath pasu mama mage piyata weda bhara gaththe hariyatama mathaka netha,0,singlish
karya sadhanaya karya sadhanaya karya sadhanaya sandaha kalayayi,0,singlish
api den gedara yamuda karunakara obata ballage namin nam kara ethi balla,1,singlish
eka ethulata giya heti hondayi kohomada methanin yanne,0,singlish
"oya, uba nam gon kiyala therenneth ne.",1,singlish
hotalayak eya udu mahalak,0,singlish
oba ese kale mage unanduwa araksha kireemata ow,0,singlish
mata kiyanna oya kom eka gena oya kawadawath ahala ne,0,singlish
ithin oba katha karana wita minisun pariganaka ha samana we yeyi prarthana karana wita eya eda ho ada saha den wiya namuth den nowe,1,singlish
saha mema gabada pahasukama mema parishraye pihita thibe nam ow,1,singlish
obata awashya paridi sebe lesa unusum ho seethala theth ho wiyali oba kemathi onema deyak seemawan etha,1,singlish
"oya wage kenek, meka nam chater level ekak. poddak mole pawichchi karapan.",0,singlish
samahara wita eya eththa kiyanawa samaharawita eya ehi kotasak nowe mama diwuranawa mama ese nowe,0,singlish
mema niwase ethi ekama rasawath deya eya pramada wee ethi welawa kumakdeyi mama kalpana karami,0,singlish
ithin mama thamayi mulinma ethulata yanne ethakota samaharawita oyata mawa ehune nethuwa ethi,0,singlish
"oya ge post eka hariyata gon athal karaya wage wada karanawa, hariyata wada karapan.",1,singlish
"me video eka balala comment karana eka, meka nam wal buruwa level ekak. comment karanna kalin hithapan.",0,singlish
mokada mama hithanne eya mawa oyage kutiyata ewwe oya mata udaw karanna hithamathama mata udaw karanna kiyala mama denagena hitiya oyata pissu kiyala,0,singlish
eya mama eya bhukthi windinne netha mama eya balaporoththuwen sitimi eya mama oba desa bala sitiya yuthu eka deyaki eya pewasiya yuthu netha,0,singlish
mama ohuwa peheragena giye darana niladhariyeku lesa ohu eya athahera demiya yuthu netha obe labha lokka mahathmaya newatha athadanguwata gath bawa oba danne nehe,0,singlish
me wage wada karana aya ge kathawa ahuwama gon harakek kiyala hithenawa.,1,singlish
enna mama anka deka gena katha karanna kemathiyi,0,singlish
ow adaraneeya mama ekama ekama geheniya wewi,0,singlish
mata eththatama amaru benjamin kiyala hithanna be,0,singlish
mokakda eya mata kiwwe handata piyambana magulak ganna kiyala,0,singlish
maknisada yath ohu yuddhayen saha kollayen mudal upayanne eseya,0,singlish
"me video eka balala comment karana eka hariyata mole nathi wage wada karanawa, machan.",0,singlish
mokakda me me comment eka danapu eka ge gon wada? thamuse.,1,singlish
namuth eya ada rathriye siduwanu etheyi mama wishwasa nokarami halo ohu thama achchi samanga diwa aharaya gath bawa oba dannawa ohuta parwathaya lebuni,0,singlish
oya mata kiyanawa oyawa maranna epa oyawa meruwa kiyala,0,singlish
ohu gini niwana bhatayeku wanu etha babo obata eya samanga satan kala noheka mawa wishwasa karanna mage amma uthsaha kala,0,singlish
"ane mehema wada karana eka, gon harakek me wage wada nawaththapan.",1,singlish
kawuruhari dekkada magul machan mamath prasiddhiye pracharaka palakaranna ethi,0,singlish
me wage gon harakek athal danne nathuwa tikak hithapan me video eka balala comment karana eka.,1,singlish
oba awasan warata oba mata prasiddhiye awaman kala oba mata sekayi eeta amatharawa mata mata udaw kala nohekida mama obe parikalpanaye rupayak pamani,1,singlish
eya obata aluth saha wada honda ekak mila dee gatha heka,0,singlish
obata kiyanna puluwan eya eyawa parissam kala kiyala eyage nanakamaraye me kudu saha kreem siyallama thibuna,1,singlish
warjiniya ho elisabeth warjiniya,0,singlish
"""mewa natunda ban pissu hukanawa",1,singlish
mama hithuwe eka beheth kade kiyala oyata asaneepayakda luwee,0,singlish
mage kar saha mehi ethi wikata potha ohuwa gedara gena yayi,0,singlish
oba danna siyalla magen obata awashya de eya amathanna,0,singlish
"mehema wada karana eka hariyata gon wage wada karanawa, comment karanna kalin hithapan.",1,singlish
"ane me comment eka danapu eka, gon athal karaya meka dakka gaman hina yanawa.",1,singlish
"me comment eka danapu eka hariyata gon harakek wage wada karanawa, hariyata behave karapan.",1,singlish
ow eth oya kiwwa mama kiwwa de mata wedak ne mata eyage gela mirikanna be kiyala,0,singlish
minimerum saha kollakem gena kumak kiwa hekida eya amu noweda oba ewa kala yuthuyi,0,singlish
owun mata wiruddhawa kalli gesenne eyideyi mata wishwasa netha namuth mama sithanne owun oba gena kanassallata pathwa sitina bawayi,0,singlish
"ane manda me video eka balala comment karana eka, gon wage behave wenne ai? ban.",1,singlish
eya enathuru mama mehi bala sitimi obata wishwasayi,0,singlish
oya ge kathawa mehema karanne gon athal karaya nisa da? machan.,1,singlish
enna eya merila,0,singlish
mama wetunu thenata asannawa nidagaththa ema suwisheshathwaye anapekshitha thathwayan oba apeksha karayi,0,singlish
api lewakana athara ohuta petawun lebe,0,singlish
"uba, uba nam chater kata wahagena inna.",0,singlish
me pitupasa apata kala heki yam mudalak awashya wiya hekiya,0,singlish
hondayi namuth mama obe kefe eka miladee geneemata kemathiyi eya wikineemata netha,0,singlish
me wage wada karana aya nam gon ne meka nam athi.,1,singlish
mama meeduma nisa hemoma kata wahagena hitiya nam eyalage prathicharaya kohoma weyida,0,singlish
"ane oya ge idea eka, awajathaka wage ban.",1,singlish
hema deyakma weradiyi nehe hema deyakma nehe hiru thawamath payanawa eya lassana dawasak samahara dewal hari,0,singlish
hondayi mama ohuwa denuwath kireemata uthsaha karami eya pudgalika kisiwak nowe mama hithanne oba wenuwen api mihiri sandaha ya yuthuyi,0,singlish
owun peya bhagayakin ehi peminenu etha oba dedena hamuweema sathutak,0,singlish
"hariyata baluwoth uba gon wage ne, danawada mokakda kiyala.",1,singlish
umbala nam gon harakek ne hariyata.,1,singlish
kenekuta awashya de obata awashya de tharamma wedagath nowana bawa mama jeewithaye soya gathimi,0,singlish
"oya ge wada hariyata gon harakek wage wada karanawa, me wage wada nawaththapan.",1,singlish
heyi oba honda hathare ashwa lamayeki namuth obata ashwayan hathare sita bimata ya noheka,0,singlish
"ane oya wage kenek, gon harakek boruwata katha karanne.",1,singlish
"mehema wada karana eka hariyata wal buruwa wage wada karanawa, hariyata behave karapan.",0,singlish
eya neethiyak lesa thibiyadee mama eya obata watinawa,0,singlish
owunta owunge parikalpanaya bhawitha kala hekiya owun me gena sithanne yeyi mata sekayi oba mema warnaya apuruyi,1,singlish
oya ge wada awajathaka wage comment karanna kalin hithapan.,1,singlish
mata eya hesirawiya hekiya owunta awashya oba muslimwarungen iwath weemata ho owun obe tiyushan nogewanne eya nowe,0,singlish
oba adahas karanne oba me minisunta saha senet sabhika wedanawata kumak kala yuthu deyi pawasana bawayi ow mama wasara wissak thisse senet sabhika wedanawata keewemi,0,singlish
"oya ge kathawa, uba nam gon athal karaya comment karanna kalin hithapan.",1,singlish
uba gon ban.,1,singlish
ohu jeewamana awatharayak,0,singlish
me video eka balala comment karana eka nam gon athal karaya ne comment karanna kalin hithapan.,1,singlish
oba agathiyata path wu kenek nowe,0,singlish
uba ge kathawa ahuwama awajathaka wage kiyala hithenawa.,1,singlish
"me wage wada karana aya hariyata gon wage wada karanawa, me wage wada nawaththapan.",1,singlish
samahara wita nikamma nikamma hmm api ihalata ilakka karamu,0,singlish
"ane mehema wada karana eka, gon athal karaya lajja nadda.",1,singlish
mehema wada karana eka ta kiyanna one wada nodanna wage wada nawaththanna kiyala.,0,singlish
"ane manda oya ge kathawa, gon harakek wage behave wenne ai? ne.",1,singlish
"ane manda oya ge post eka, gon harakek wage behave wenne ai? tikak igena ganin.",1,singlish
namuth kawuruhari obe enduma ganne nedda ewita obata tharanga kala noheki bewin ema reethiya abhibawa yamata samawenna mama neethi hadanne nehe,0,singlish
"oya ge kathawa hariyata gon harakek wage wada karanawa, hariyata.",1,singlish
me widiyata indaganna me widiyata hondata allaganna,0,singlish
me comment eka danapu eka mehema karanne awajathaka wage nisa da? ne.,1,singlish
oya wage kenek ta kiyanna one hitha nathi wage wada nawaththanna kiyala.,0,singlish
obe aradhanaya lesa pelambenne netha mata thawa eka deyak kiyanna sonduru minisa,0,singlish
ow igena ganna amaruyi,0,singlish
oya moda babek mata eyawa ayeth dakina eka daraganna beri una,0,singlish
meka bhayanakayi ekko mage kussiye rakusek innawa nethnam mata sampurnayenma pissu wage eka oyata senaseemak nam mama hithanne ne oyata pissu kiyala,0,singlish
wena ekek gahala mattu athi ekai galapenne naththe dan,0,singlish
me wage wada karana aya ge kathawa ahuwama awajathaka wage kiyala hithenawa.,1,singlish
oba upades paridi obe pariwasa niladhariyata wartha kara thibeda mama ohuwa kisi dineka deka netha eyi ohu nopeminiye,1,singlish
umbala ta kiyanna one gon harakek wage wada nawaththanna kiyala.,1,singlish
hemoma api enakam balagena inna hemotama katha kalada eth api me sihina dewal oba saha ma athara thaba ganimu,0,singlish
thaththe mama saha oya koheda yanne,0,singlish
mama hithanne ohuwa hamuweemata haniyak nowanu etha ohuge nama newathath acharya homar wels,0,singlish
mama balaporoththu wune mama obe mithura mage oba mithura wiya heki bawayi,0,singlish
ow sar mata awashya wune sahathika karaganna,0,singlish
obath esema dekeema sathutak,0,singlish
umbala nam gon ne comment karanna kalin hithapan.,1,singlish
oya ge me wage gon comment dakkama epa wenawa.,1,singlish
oya ge post eka nam gon harakek ban.,1,singlish
ane mata yanna denawada oyata den pissuda eka thattu dahatharak,0,singlish
"uba, meka nam loku talk karana moda level ekak. thamuse.",0,singlish
mewa obata wasanawa gena enu etha mama ikmanin obawa hamuwemu,0,singlish
ingreesi katha karanna hari mama iskoledi kale loku pinthurayak,0,singlish
mama oyata kiwwa api nishchithawama danne nehe ethakota api danne nehe dewiyan sudu kiyala,0,singlish
sidu wu de obata penwayi,0,singlish
oya ge post eka gon danawada mokakda kiyala.,1,singlish
oya ge kathawa hariyata therumak nathi hariyata behave karapan.,0,singlish
oba obe jeewithaya paraduwata thaba nonesee pawathinu etha obe karya mandalaye jeewitha akalika we,0,singlish
"oya ge wada, meka nam awajathaka wage level ekak. me wage wada nawaththapan.",1,singlish
eka niyama lassana oralosuwak sar oya ethanata apu lassana parana deyak podi thalayak pawa wadanaya karanawa ow eka wisheshayi owun ewa thawaduratath me wage hadanne nehe,0,singlish
oya dikkasada wenawa eththada sahodaraya eyi podi awajathakayek,1,singlish
oya ge post eka nam loku talk karana moda meka nam athi.,0,singlish
uba gon athal karaya kiyala therenneth ne.,1,singlish
mata eththatama dukayi den eya weseema,0,singlish
mokakda me oya ge gon wada? machan.,1,singlish
helo thaththe mage barban,0,singlish
hari deyiyane balanna mama eyata katha karannam mama eyawa ape piten ayin karannam oya hari eya mage prashnaya duradiga gihin,0,singlish
oh kisiwak netha amathara weda godak ethulath amathara gasthu netha eya nowe,0,singlish
eeye owun newatha owunwa masa kihipayakin dutuwe netha mama parissam wiya yuthuyi obata hamu wu rasawath pudgalayin gena mata kiyanna,1,singlish
mokakda me me comment eka danapu eka ge gon harakek wada? oya wage aya nisa thamai mehema wenne.,1,singlish
sajan sajan api hithuwa oya mawa merenna dala giya magulata,0,singlish
liyo saha mama hediyan eeye rathriye regena giya hediyan monawada api owun samanga ada rathriye dinayak laba gaththemu,0,singlish
oya ge wada awajathaka wage ane.,1,singlish
hondayi mama sawan denawa mama samahara aya balaporoththu wenawa oba meweni sthanayaka diwa aharaya kireemedee wishala ganudenu kihipayak sidu kala yuthuya,0,singlish
den oba kuppiya thulata noyanu etha,0,singlish
mokakda me umbala ge awajathaka wage wada? oya wage aya nisa thamai mehema wenne.,1,singlish
the uthsawayak weni perani japan uthsawayak,0,singlish
oya patta boru karayek oya mawa aran giya awajathakaya den mama oyawa gannawa,1,singlish
eya newethwiya yuthu namuth aradhana denatamath nikuth wee etha,0,singlish
me wage wada karana aya ge me wage awajathaka wage comment dakkama epa wenawa.,1,singlish
e kella kawadawath eyawa dekala nehe mama kawawath danne nehe mama me kade ayithikaraya kawuda kiyala hoyanna uthsaha karanawa,0,singlish
"ane manda me video eka balala comment karana eka, gon harakek wage behave wenne ai? poddak mole pawichchi karapan.",1,singlish
"hariyata baluwoth uba gon harakek wage ne, kiyala therenneth ne.",1,singlish
api oben illa sitinne siragedarata yana lesayi namuth mama kisi dineka sewaya kale netha,0,singlish
teligraf karyalaya namuth api itha parissam wiya,1,singlish
kema hondayi samahara welawata mama eka kanne nehe apahasayak mariya eya ballata lissa yanawa mama obata mohothak katha kaloth obata kamak netha,1,singlish
me comment eka danapu eka ge me wage gon comment dakkama epa wenawa.,1,singlish
dahayen ekakata ho obe asamathulithathawaya etharam honda netha mata wada naraka wiya,0,singlish
"""mn oyata godaak asai ??",0,singlish
oya oyage mulu jeewithema thanikadayek wenna hithagena inne jesee jems mata hariyana kellawa hambunoth neweyi,0,singlish
oya wage kenek mehema karanne gon harakek nisa da? hariyata.,1,singlish
apata thawath wetaleeme yanthra suthra saha digu parimana inimanga awashya wanu etha manda winasha wu biththi pathal nokaranna,1,singlish
"hariyata baluwoth mehema wada karana eka wal buruwa wage ne, poddak mole pawichchi karapan.",0,singlish
mama ewa sediya yuththe kothenada nana kamaraya bhawitha karanna,0,singlish
eya sathya nowe nam mama eya kisida nokiyami,0,singlish
me wage wadak nathi athal danne nathuwa tikak hithapan oya wage kenek.,0,singlish
ane ow sar eya hodin innawa eya godak mahansi wenawa mata thawa sathi dekak denna,0,singlish
mata me welawe menchestar gena kisima prakashayak karanna be mahaththayo,0,singlish
"me comment eka danapu eka, uba nam gon oya wage aya nisa thamai mehema wenne.",1,singlish
wilee gena oba adahas karanne eya digu kathawaki,0,singlish
eya eyayi saha obata wesikiliyata yamata awashya wee etha ow mama eya dutuwe netha,1,singlish
""""""" ma nowana mama"""" program eka godakma asawen balana ma kamathima program ekak,,a atharinuth ma balapu hodama lassanama """" ma nowana mama"""" program eka nadeeka guruge inna me program eka, harima asawen baluwa wagema thawath balannama ona meka again and again, thank you so much dear yuwani and tv deranata,",0,singlish
oba ingreesiyen pitathata pemineemata awashyayi,0,singlish
eya kumakdeyi mama sithanne oba meya obama dekeema wada honda bawayi,0,singlish
mama bobee hayi baba oya mokada karanne awadiyen ko amma,0,singlish
oya ge reply eka nam gon ne hariyata behave karapan.,1,singlish
mona magulakda oya dorata thattu karanne deyiyane polisiya wage wedi thiyanna balan innawa mama hithuwe oya nidi ethi kiyala,0,singlish
oya ge post eka gon ne.,1,singlish
ow nona mata eya innawa mama balaganna one,0,singlish
oh wadi wenna miniho oya monawada rasa balanne mama miladee gannawa mama oya ekka unu pisso bonne nehe enna sem,0,singlish
oya ge kathawa hariyata therumak nathi hariyata wada karapan.,0,singlish
mage bhatayan prathipaththi hondin karanne nehe e wenuwen owun merenawa,0,singlish
uba ta kiyanna one gon harakek wage wada nawaththanna kiyala.,1,singlish
itha wihilu smart buruwa he payippa dumkola mata me siyalla awashya wanu etha me idimeema,0,singlish
and.mis.oyata.budu.sarani.,0,singlish
ane mata mathakayi me yanna ona mata babek hadanna ona,0,singlish
mage pawula sitina thena api pahara denawa,0,singlish
eya amathaka karanna josh ohu jeewath wana thena obata dekeemata awashya nowe,0,singlish
"ane me wage wada karana aya, gon harakek boruwata katha karanne.",1,singlish
ithin mata ninda apahasa karanna epa oyawa mata gena enne nengita herenna,0,singlish
mata awashya oba me deriya desa balannata eya mehi yam asabhya dewala sitiyaya nehe endi danne nehe daruwa,0,singlish
oya ge post eka nam awajathaka wage ne meka dakka gaman hina yanawa.,1,singlish
"ane me video eka balala comment karana eka, gon athal karaya meka nam athi.",1,singlish
marama,0,singlish
matath bayibalaye kotas niyamayi mulu wahalaye thoppiya megneesiyam tungston mishra lohayakin nipadawa etha,0,singlish
mokakda me me comment eka danapu eka ge gon harakek wada? ban.,1,singlish
api kawuda kiyala eyalata kiyanna oya hithanne nedda eyalata kenthi yanawa kiyala,0,singlish
aniwarryen ane me huththiyo bara gnn oni thram ewun innw,1,singlish
ane ne balanna mama oyata kemathiyi mama oyata akamethi nam mama digatama methanata enne nehe namuth eya obata asaneepa nam,0,singlish
den balanna karunakara ben mama hithanne api shishta sampanna minisun dedenek kiyala oba sithanne ekinekata tharjanaya kireema avashya bawayi,0,singlish
oya ge post eka nam chater thamuse.,0,singlish
oya magen ahanawa mata oppu karanna deyak thiyenawada oyata oppu karanna deyak thiyenawada kiyala,0,singlish
obe spaknkna bhashawa hondatama pramanawathya,0,singlish
hondayi yanna ehenam obata pilithuru diya noheki nam obata sambandha wiya noheka mama danne ekak pamani,0,singlish
oba thawamath ohu gena selakilimath wanne mandeyi mama nodanimi ohu thawamath obe piya wuwada thaththa oba samanga netha,0,singlish
me comment eka danapu eka ta kiyanna one hariyata therumak nathi wage wada nawaththanna kiyala.,0,singlish
e mokakda ane e mage duwa nana kamaraye,0,singlish
mata samawenna besil mama hithuwe eya minisek kiyala machan oya mage amma gena katha karanawa,0,singlish
niw york saha dakunu dekota,0,singlish
wesikili pirisidu karana de karanne kumak deyi mata obata sahathika wiya noheka namuth mama mage jeewithaya gena diwuranawa mama obata rekiyawak soya dennemi,1,singlish
bindee yame adahasak nethi deyak oba tikak ithiri kara ganu etheyi mama balaporoththu wemi,0,singlish
ne mata bade amaruwak awa,0,singlish
"ane oya ge kathawa, gon harakek meka nam athi.",1,singlish
hayi samawenna mama methana inne mistar ruban balanna oya bobee hari,0,singlish
ohu thawamath apasu pemina nethida klod ethenata peda giye ohu kisi dineka nopemini bawa owun pawasana paridi kalaya ahimi wee ethdeyi beleemataya,1,singlish
"oya ge reply eka, meka nam gon athal karaya level ekak. meka dakka gaman hina yanawa.",1,singlish
ow sar gloriya mama yanna akamethi nisa mata methana inna pissu,0,singlish
"""una nowana uba thamai. kalakanniya.",1,singlish
mata me ketha newe eka wedak thiyenawa eka moda wedak namuth mama eka karanna yanawa prashnayak ne kiyala sahathikayi,0,singlish
"hariyata baluwoth me wage wada karana aya awajathaka wage wage ne, machan.",1,singlish
shubharanchiya nam api obe motar rathayata nopemini namuth naraka aranchiya oba eya niweradi karanne kawadadeyi mata kiyanna,0,singlish
eka lassana kegahana geniyek oya film wala inna ona harida oyata salli thiyenna puluwan namuth eka methana ne mata eka ganna yanna wenawa,0,singlish
mama muhudu werale wegayen pahalata yamin siti athara yamak lissa gos siyalla hira wiya puwatha honda netha daruwa me tikak menna balanna eya kedee etha obata aluth ekak awashyayi,0,singlish
oya gon harakek meka dakka gaman hina yanawa.,1,singlish
den mama kawawath dakinne nehe oya gena mokada kiyala mata be mage amma mata pemwathun inna denne nehe,0,singlish
"ane uba, gon machan.",1,singlish
oh oya ehenam oya eka kiwwa,0,singlish
ow manda owun obata esata muhunata kanata wedi thabana athara samahara wita eya boho welawak gatha wana athara oba kata kapayi,0,singlish
"hariyata baluwoth me video eka balala comment karana eka awajathaka wage wage ne, danawada mokakda kiyala.",1,singlish
endum ow hema deyakma,0,singlish
ne mata ewidinna ona mehe enna den,0,singlish
oya ge wada mehema karanne wal buruwa nisa da? comment karanna kalin hithapan.,0,singlish
oya ge reply eka ta kiyanna one gon wage wada nawaththanna kiyala.,1,singlish
hari oba deweni bemma ethanata yanawa ethanata wada tikak niweradiwa salakunu karanna oba selasum karanawa,0,singlish
mata aranchi wuna oya mata wayasa awurudu this pahak hathalihak withara eya oyata tikak wayasayi wage,0,singlish
uba ge me wage wada nodanna comment dakkama epa wenawa.,0,singlish
"hariyata baluwoth me wage wada karana aya gon wage ne, me wage wada nawaththapan.",1,singlish
mehema wada karana eka ge me wage chater comment dakkama epa wenawa.,0,singlish
eya mage jeewithaye edahiya noheki kathawaki,0,singlish
mama guwanata ena wita eya nethi wee giye oba noweda pokuna miduna,0,singlish
dekata nawayata paripurna ada rathriye mesa nometha poroththu lekhanayada sampurnayenma wenkara etha,1,singlish
"oya ge kathawa hariyata gon wage wada karanawa, meka dakka gaman hina yanawa.",1,singlish
hari mama porondu wenawa eya me gena kawada ho denagaththoth mama mage wachanaya piligannawa kiyala mata eke awasanaya kawadawath ahanna lebenne nehe,0,singlish
ege kuda deriya hondin sitina bawa dena geneemata eyata awashya emathuma laba denna,0,singlish
meya obata luthinan this ata anukaranaya kala hekke keseda yannayi,0,singlish
eyi sarta mama udaw karanne sar ethanin negitinna mata ona ne mage kalisame kelawara allagena inna kenek ethanin negitinna,0,singlish
samahara wita bedee giya paurushaya umathu wiya heka,0,singlish
helo relf he mati winadiyak mehata enna,0,singlish
fred honda netha jesan obata eya mara demeemata siduwanu etha eya hondin mara damanna mama adahas sandaha wiwthayi,0,singlish
indaganna ilen me bomba upakramaya kriyathmaka wunoth apita eka karanna puluwan sayiman den eliyata danna modayek kiyala,0,singlish
oba eeye rathriye oba sitiye kohedeyi mata nokiyanne eyi oba diksan mahathmaya oba ath noharinne,0,singlish
wankagiriya wenas wee ethi bawa ohu pawasanne wankagiriya wenas wee ethi bawa mata nisekawama denagatha yuthu bawayi,0,singlish
mama dannawa ada re mama ehe yanawa oyata subha dawasakda kiyala,0,singlish
mama oyata kiwwa patta wachanayak kiyanna epa kiyala,0,singlish
katawahagena inna tomee ayiyo den eka prashansawak,0,singlish
oba weni pirimiyeku oba niwase damwelakin benda ethi niruwath kanthawak kalak men swamiyage nama nogatha yuthuya,0,singlish
"oya, uba nam gon harakek meka nam athi.",1,singlish
oh ow oya kalin awa,0,singlish
mama sampurnayenma barapathalayi ow hondayi,0,singlish
eya wedagath deyak kiwwoth mama methana innawa mama eka hithe thiyagannam oya ethulata yanne nethuwa mata eyagen godak dewal lebenawa,0,singlish
oya ge post eka nam gon harakek meka nam athi.,1,singlish
kristeen meeta pera kisiwek ma matha miya gos nethi tharam watinawa,0,singlish
me video eka balala comment karana eka ge kathawa ahuwama awajathaka wage kiyala hithenawa.,1,singlish
oya ge kathawa ta kiyanna one gon athal karaya wage wada nawaththanna kiyala.,1,singlish
ohu wkayek kiwwada ow mama wishwasa karanawa ohu kala kiyala,0,singlish
ow jim mata sekayi ken enawada kiyala,0,singlish
"ane manda oya ge idea eka, gon harakek wage behave wenne ai? danawada mokakda kiyala.",1,singlish
sema deyakma piliwelata penena paridi ganudenuwa awasan kireemata apata sidu wiya,1,singlish
meya kanagatudayaka puwathaki eya sathyayak wewa duk nowanna jek obata preethiya laba deemata ma samanga mehi netha,0,singlish
umbala ge kathawa ahuwama gon athal karaya kiyala hithenawa.,1,singlish
niwasa newatha his nam eya ege theentha alepa kara sangeethaya esena wita mama nodanimi eya hondin sitinu etha mama me ayawa danimi,0,singlish
ohuge nama kumakda mage mithura mage mithura lora gehenu lamayek gehenu lamayek wana mithuriyak,0,singlish
me video eka balala comment karana eka ta kiyanna one loku talk karana moda wage wada nawaththanna kiyala.,0,singlish
"oya ge post eka, uba nam wada nodanna poddak mole pawichchi karapan.",0,singlish
mama obata wisil walata pilithuru demi obata mul namak lebee etha,0,singlish
samawanna,0,singlish
oya ge reply eka gon tikak igena ganin.,1,singlish
"ane me comment eka danapu eka, kata witharai wada boruwata katha karanne.",0,singlish
lipiyak nethi deta api ath akuru wisheshagnayek genwa ganimu,0,singlish
mama eeye re gedara ewith mage kondaya sodagena eya lassanayi kiyala mata balagena inna beri wuna,0,singlish
mata samawenna eyawa thani karanna,0,singlish
eya rasa beleemata oba eya rasa beleemata hethuwa rasa balanna,0,singlish
raththaran walata wada samahara wita eya eeta wada wedi wiya hekiya,0,singlish
"ane umbala, gon athal karaya hariyata wada karapan.",1,singlish
uthsawayata badha kireema gena kanagatuyi dew namuth mama hithanne apita getaluwak thiyenawa e mokakda kiyala,0,singlish
eya sathyayak nowe ow jek ow eya owun oba wenuwenma ehi sitiya oba eya desa balana nisa eya ethanama sitiya,0,singlish
"ane manda me video eka balala comment karana eka, gon athal karaya wage behave wenne ai? ban.",1,singlish
obata obage widyala athdekeem kihipayak gena mata pewaseemata awashya onema deyak,0,singlish
den mata lejjayi hondayi mama mohothakata sithuwemi kamaraye sitina ekama lejjawa mama bawa,0,singlish
yamek wisi asu deka thula sengawee siteemata sthanayata kemathi wiya diwi galawa gath boho denek pena yamata owunge pahasukam polowa yatata gena giyaha,0,singlish
wedasatahane nama newatha nengiteema,0,singlish
namuth eya thawamath oba enawada nedda kiya katha karayi,0,singlish
"uba hariyata gon athal karaya wage wada karanawa, kiyala therenneth ne.",1,singlish
eyin iwath weemata oba nawayak amathanna,0,singlish
machan umbe prekshakayo nethi wenawa hari me mama kasada bandinawa,0,singlish
oyata kar eka onada mama ehata mehata yannam,0,singlish
oya ge wada nam gon ne ne.,1,singlish
"ane oya ge kathawa, awajathaka wage meka dakka gaman hina yanawa.",1,singlish
ahanna mama oyata kiwwa mama e ganudenuwa gena unandu nehe kiyala mata denaganna ona eyi kiyala,0,singlish
mehema wada karana eka nam wal buruwa ne poddak mole pawichchi karapan.,0,singlish
"me comment eka danapu eka, meka nam hariyata therumak nathi level ekak. meka dakka gaman hina yanawa.",0,singlish
"ane oya, mole kalpana nathi comment karanna kalin hithapan.",0,singlish
heta thawath dawasak gena yamak oba kotharam dannawada yanna penwayi,0,singlish
"oya ge post eka hariyata wada nodanna wage wada karanawa, hariyata wada karapan.",0,singlish
mokakda me mukuth ne,0,singlish
edahiya noheki puduma sahagatha saha lilee ege balla ohuge namin nam kalaya,1,singlish
jeewithaya eya oba sadahatama jeewath wu thegga saha jeewithaya pilibanda awabodhayayi,0,singlish
me wage gon harakek athal danne nathuwa tikak hithapan oya ge post eka.,1,singlish
ohu boho wita mawa padipelen payin gasanu etha mama balaporoththu wanne ohu ese karayi kiya mama obawa wenath rekiyawakata damayi,0,singlish
obe sangarawe ethi akuru saha bhugoleeya pothak obe elisabeth lassanayi kiya ma mara dama eya kala,0,singlish
"ane manda me comment eka danapu eka, awajathaka wage wage behave wenne ai? thamuse.",1,singlish
"me video eka balala comment karana eka, meka nam gon harakek level ekak. thamuse.",1,singlish
hathalis ekedee ege priyathama ankal,0,singlish
niweradi margaya saha weradi margaya namuth kopamana kalayak,0,singlish
ow enna inna,0,singlish
mehema wada karana eka mole nathi meka nam athi.,0,singlish
mata nikamma yanna behe obata ewidinna behe,0,singlish
oh mata kanagatuyi yaluwane mage padaya kapannata niyamayi,1,singlish
api eththatama sithanne ohu raja wiya yuthu bawath otunnak pelandiya yuthu bawath owun sithana sema deyakma ma sithiya yuthu bawath owun sithiya yuthu bawath owun sithiya yuthu bawath owun sithiya yuthu bawath ma raja wiya yuthu bawathya,0,singlish
minissu methana dala yana jekat walata mokada karanne api ewa thiyagannawa,0,singlish
"uba hariyata gon athal karaya wage wada karanawa, poddak mole pawichchi karapan.",1,singlish
ow dami salli mama jeewitheta kawadawath ewata gewwe ne,0,singlish
oya hondayi mama awurudu dolahaka indan drayiwin karanawa,0,singlish
onema wasanawak ethi namuth e siyalla naraka wiya,0,singlish
boho wita bayibalaye suba rathriyaka,0,singlish
paripurna eyayi mama obatath matath api kemathi de,1,singlish
mama monawada wiwekayen karanne mata meka karanna denna,0,singlish
mokakda me me wage wada karana aya ge awajathaka wage wada? kiyala therenneth ne.,1,singlish
mata oba den newatha hotalayata yamata awashyayi mama obata keb rathayak amathannam eththenma mama me peyedee mehi nositiya yuthuyi,0,singlish
mokada une ko ithuru tika mama hithanne echcharayi,0,singlish
eththenma ese nam eya thawamath netha,0,singlish
eththa washayenma ohu sathuwa yathuru thibuni purawththaya sithannata kemathi namuth kisiweku sathuwa yathuru netha obe wankagiriya dhawanaya wiya,0,singlish
oya mawa mekata hasuruwa eka gon jef,1,singlish
harima wihilu elis,0,singlish
mama eya bhawitha karana namuth anek aya eya bhawitha karana wita mata eya therenne netha ewita oba rendee sitinu etha,0,singlish
"hariyata baluwoth mehema wada karana eka chater wage ne, hariyata wada karapan.",0,singlish
mama chayarupaya deka ethi bawa mama danimi meya chayarupayak nowe,0,singlish
mama hithanne mata eya daragatha nohekiyi mata mage thaththa gewanna awashya nehe api eya sakas karamu,0,singlish
ne mata oyage weda awul wenna ona ne mage sahayakaya ada ayin una hari eya wyapthiyata godak watinawa,0,singlish
mage jeewithe kawadawath eyawa dekala nedda oya meka polisiyata kiyala,0,singlish
methana hodayi mata karanna puluwan de thamayi oyawa polawe thiyanna,0,singlish
smith atha bhawitha kara apawa ema entena pokurata agulu damanna eya bara usulana wyuhayak nowe parissam wanna,1,singlish
mokakda me oya ge post eka ge gon wada? boruwata katha karanne.,1,singlish
obe kopaya itha wishala balayak namuth eya obe hadawathata obawa andha karayi mage hadawatha boho kalakata pera miya giyeya,0,singlish
obe kanthara dupatha samaja shalawe ho niwase palamu pas dena oh kolla,0,singlish
mata oya endagena inna kot eka ganna,0,singlish
oya wihilu karanawada ne mata hondata mathakayi oya mage doren eliyata giya kiyala,0,singlish
"hariyata baluwoth mehema wada karana eka wadak nathi wage ne, kiyala therenneth ne.",0,singlish
oya mokada karanne endagena mata yanna one,0,singlish
mama mage ende nidaganna yanawa adaren enna owun awulaka hitiye saha,0,singlish
"me video eka balala comment karana eka, meka nam awajathaka wage level ekak. comment karanna kalin hithapan.",1,singlish
ow sar mama ikmanata ennam,0,singlish
obe palamu wathawa eya honda bawa obata semawitama mathaka etha,0,singlish
me comment eka danapu eka ge kathawa ahuwama gon harakek kiyala hithenawa.,1,singlish
hondayi mama nam boho wita nokiyami namuth obata onewata wada parissam wiya noheka ma pasupasa hamba gos ethi bawa mata pawasa etha mata eya awashya netha,1,singlish
gemburu minisunta dedi lesa balapa ethi bawa oba danna pramanayata wada eya obata upakaree wiya,0,singlish
"""niwedaka mahatha hina wenne naththe ay. orawagena ne katha karanne.",0,singlish
bellige puthe oya mawa kon kala oya hina weyi,0,singlish
oya ge post eka nam gon harakek danawada mokakda kiyala.,1,singlish
"me video eka balala comment karana eka, meka nam wada nodanna level ekak. oya wage aya nisa thamai mehema wenne.",0,singlish
gedara kollo awurudden awurudda bada iringu waga karanawa ape gowipalawalata,0,singlish
meya pramanawath tharam dura gos etha mema badhawa awama washayen hondin kiyannata ninda sahagatha wanne eyi aduma tharamin pawasa eya awasan nokaranna,0,singlish
oya ge post eka nam gon harakek hariyata wada karapan.,1,singlish
gon rathu patiya mama obata kohomada kiyala,1,singlish
eth wela inna neththam oyata mata monawada karanna puluwan,0,singlish
eya pi,0,singlish
me wage gon athal danne nathuwa tikak hithapan umbala.,1,singlish
eka hari ne mage stayil rejee oya puduma amuthu poliskarayek shuwar ekata oya wage thawa methana duwanawa nam hondayi,0,singlish
mehema wada karana eka awajathaka wage oya wage aya nisa thamai mehema wenne.,1,singlish
me comment eka danapu eka gon harakek ban.,1,singlish
me comment eka danapu eka ta kiyanna one awajathaka wage wage wada nawaththanna kiyala.,1,singlish
oba siyalu ayudha galawa arakshaka gona yatathata path kala yuthuya,1,singlish
meya pissu daiwaya boho wita penenne oba mawa wiwaha kara geneemata yana akarayayi,0,singlish
oba mage nama dannawa oba mage nama dannawa,0,singlish
oba obe awasthawa enathuru bala sitiya oba mahathmayek nisa obata ethi prashnaya mama obata kiwwa mama ada reta muthu laba gannam kiyala,0,singlish
api kawuruth nehe ow innawa,0,singlish
me video eka balala comment karana eka ge me wage hariyata therumak nathi comment dakkama epa wenawa.,0,singlish
lassana udesanak me welawe samakameewa hema witama lassanayi,0,singlish
ohu itha wineetha minisek herald api hemoma,0,singlish
mama hondin danne nehe mama nehe kiyala,0,singlish
obath baya nehe mama kisi dekata baya nehe,0,singlish
mama adaraya gena katha karana obe kasa paharata wada obe wachana thiyunu lesa dashta karayi oba sithanne kasa pahara gena pamani,0,singlish
oya ge kathawa gon harakek ban.,1,singlish
"oya ge kathawa, meka nam awajathaka wage level ekak. boruwata katha karanne.",1,singlish
ow eka hari loku jon oya hithanne me kolla kadimudiye inna kenek kiyala,0,singlish
"oya ge post eka, uba nam boru karaya oya wage aya nisa thamai mehema wenne.",0,singlish
"me comment eka danapu eka hariyata gon harakek wage wada karanawa, hariyata.",1,singlish
oya nam wal buruwa ne me wage wada nawaththapan.,0,singlish
namuth obata kawya sadharanayak itu noweeya,0,singlish
"oya ge kathawa hariyata boru karaya wage wada karanawa, meka dakka gaman hina yanawa.",0,singlish
eya elimahane siteemata kegasana bawa nodanee,0,singlish
me wage gon athal karaya athal danne nathuwa tikak hithapan oya ge reply eka.,1,singlish
oya ge post eka nam gon machan.,1,singlish
mata therenne nehe oya eyawa dushanaya kala kiwwada kiyala,0,singlish
uba gon machan.,1,singlish
"ane manda oya ge idea eka, awajathaka wage wage behave wenne ai? danawada mokakda kiyala.",1,singlish
kawuruhari dakinu etha owun ese nokaranu etha,0,singlish
"hariyata baluwoth oya ge idea eka gon athal karaya wage ne, ane.",1,singlish
"ane manda oya, gon harakek wage behave wenne ai? ne.",1,singlish
"hariyata baluwoth oya gon athal karaya wage ne, oya wage aya nisa thamai mehema wenne.",1,singlish
oyata magen monawada one oya kiyapu de mama kala eyata oyage wesikiliya pawichchi karanna denna kiyala kisima kadayak eka karanne nehe,1,singlish
meke theruma mokakda kiyala mata denna,0,singlish
"me wage wada karana aya hariyata gon harakek wage wada karanawa, oya wage aya nisa thamai mehema wenne.",1,singlish
oya ge post eka mehema karanne gon harakek nisa da? ban.,1,singlish
umbe minissu denagena hitiya methana wenne mokakda kiyala,0,singlish
mama eya piligannawa mama sema dinakama eya samanga katha nokalath mema gonuwa thawamath wiwthawa pawathee mama thawamath sema dinakama eya samanga katha karami mama adahas karanne kumakdeyi danee,1,singlish
me mohothe abhirahasak,0,singlish
ohu kisiwiteka kisiwekuta amanapa wee netha ohuge rep apa danna prachandathwayak nopenwayi,0,singlish
"ane manda oya ge post eka, awajathaka wage wage behave wenne ai? boruwata katha karanne.",1,singlish
mokakda me mage mahal niwasaya,0,singlish
thanathura agulu demiya noheka,0,singlish
samahara wita mata ohuwa mila dee gatha hekiya mata ma samanga katha kala yuthuya obata mila dee gatha noheka,0,singlish
eka thamayi apoyi e tharamma narakayi,0,singlish
oyala denna athare monawada wenne kiyala,0,singlish
oba kanthawan dahathak mara dama ethi athara owungen ekolos denek ahamben obath pelambe,0,singlish
mama tika welawakin eliyata yanawa oyata kar eka onada,0,singlish
"""ane akkiyoo oya thama mage aaasama niliya. .. godak lassani e wagema oya ekka katha krnnath godak aasai,mata oyage no eka tibunanm kiyla hetenwa,,,eth oyata eka mehema denn be kiyla mn dnnawa..",0,singlish
sewikawa ema sthanayen iwath weema obata pradhana nidana kamarayen arambha kala heki awul sahagatha bawaki,0,singlish
oba jesee jems mata obe nama keewa yeyi mama wishwasa karanawa oh oba jesee samanga katha kala,0,singlish
me wage chater athal danne nathuwa tikak hithapan oya.,0,singlish
oya ge post eka nam loku talk karana moda ne hariyata behave karapan.,0,singlish
hathara hatharak warthawak oba e gena etharam sathutu nowana bawa pene,0,singlish
mokakda me oya ge wada ge moda yakku wage wada? danawada mokakda kiyala.,0,singlish
eya gemburuda mama nodanimi mama beluwe netha oba ma saha le danee,0,singlish
oba nayakathwaya awahira karanne kage wedi paharin wuwada kemara madhyasthanayata yanna,0,singlish
kaha kamaraye sangeethaya wadanaya wana athara kanthawan sangeethaya wadanaya wana athara kanthawan sitina thena,0,singlish
mata therenawa eka methana kiyala,0,singlish
"hariyata baluwoth mehema wada karana eka awajathaka wage wage ne, kiyala therenneth ne.",1,singlish
ewita mage sthanaya wasa damanna,0,singlish
hondayi digatama karagena yanna hondayi eya ema gawuma gelawu wita eya yata enda sitiye kumakdeyi obata kisida anumana kala noheka,0,singlish
ha akarshaneeya eththa washayenma akarshaneeya bawa gena katha nokaranna etharam moda nuwanak ethi nisa mama obawa akarshanaya kala yuthuya,0,singlish
ow e mokakda mama yuri,0,singlish
ane hari dukai. ewasiliwantha..kenek,0,singlish
apoyi api parakkuyi api obawa ehidee hamuwemu,0,singlish
gon ganu may kupadiyata ahuunane,1,singlish
marry kranna kalin ohoma una eka hodai..harinam e kella sathutu wenna oni u gana bandinna kalin dangena ain wenna puluwan una ekata..,0,singlish
e nisa mage kamaraye obe selasum kunu kudayata damanna mama hithanne nehe thaththata oyawa gedara inna ona kiyala,0,singlish
"hariyata baluwoth uba gon athal karaya wage ne, kata wahagena inna.",1,singlish
"oya wage kenek, uba nam kata witharai wada ane.",0,singlish
patta lankawa,0,singlish
"me video eka balala comment karana eka, meka nam gon athal karaya level ekak. meka nam athi.",1,singlish
mata den hondak denenawada nethnam mata e gena hithanna welawak thiyenawada den eyata pahara denna,0,singlish
"me video eka balala comment karana eka, meka nam gon athal karaya level ekak. thamuse.",1,singlish
oya ge post eka gon harakek comment karanna kalin hithapan.,1,singlish
eeta passe mama aye kawadawath oyawa ehema ekata dekala nethi nisa mama hithuwe mama dewal hithin mawa gannawa kiyala,0,singlish
oya den ewith mawa balanna kiwwata passe mama oyawa bessuwa,0,singlish
waaaw obata obema niwasaka mulu kamarayak lebewi eya obawa digu patiyak matha thaba etha ehi wasa damanna,0,singlish
"monawada ban meke isuru kiyala thiyenne, boru huththawal noda hitapan",1,singlish
sahathika shatha dahayak oh enna mama obata me sandaha dolar dahayak dennam obata ithiriya ma rekabala ganna siyalla sandaha laba diya hekiya,0,singlish
oya ge kathawa ge kathawa ahuwama awajathaka wage kiyala hithenawa.,1,singlish
oba mehi karanne kumakda mama mage ayojanaya araksha kireemata peminiyemi obata bohoma sthuthiyi,0,singlish
tho awajathaka duppath baba,1,singlish
naki wilkins kisi dinaka ema nanakamarayen pitathata nopeminiye elwis men jarawa mathama miya giyeya,0,singlish
mokada wenne oya ada ude katha kala,0,singlish
kandu wu palliye wahalak aluthwediya kireemata awashya ayata sthuthiyi,0,singlish
obata mathakada oba jeewath wu sthanaya eya unusum wiya mama sagarayen pitatha sitiyemi,0,singlish
"oya ge reply eka hariyata wal buruwa wage wada karanawa, me wage wada nawaththapan.",0,singlish
oya ta kiyanna one gon athal karaya wage wada nawaththanna kiyala.,1,singlish
mokakda ethakota mankollakem kappam peherageneem ihatha kee kisiwakata sthuthiyi,0,singlish
meya iwasiya noheki ya meya sameepa wiya hekiya,0,singlish
"oya ge wada, uba nam wada nodanna boruwata katha karanne.",0,singlish
yahapathkama netha oba mata e gena pawasana deyin eya nisekawama etharam akarshaneeya bawak nopene eya etharam naraka netha eththa washayenma samahara adiyarayan tikak naraka ya eththa washayenma eya apeksha kala yuthu deyaki,0,singlish
thibu de lassanayi,0,singlish
eyi api anith ayath ekka methana kema kanne neththe eya dom eke innawata kemathiyi,0,singlish
kawuruhari me lachchu mehi bhawitha karanawa he he he kisima hekiyawak ne oyata methana inna be oyata mage langama nidaganna be,0,singlish
rob hayi samawenna mata obe wyaparaye emathuma maga heruna oba dannawa eya lebena akaraya,0,singlish
umbala mehema karanne pissu wage nisa da? kiyala therenneth ne.,0,singlish
obe pissu guwan niyamuwa koheda ohuta hdayabadhayak ho samaharawita guwan yanaya godabaswana wita dum pitawennata ethi ohu miya gos sitiyeya,0,singlish
oya ge post eka nam gon harakek poddak mole pawichchi karapan.,1,singlish
eka lejjayi kamak ne eka echchara naraka nethi nisa eka digatama wedenawa,0,singlish
ohu eya wata diya agalak rus benda ethi se oba danna paridi araksha kara etha,1,singlish
"hariyata baluwoth oya ge reply eka gon athal karaya wage ne, boruwata katha karanne.",1,singlish
oya monawa genada katha karanne mama meka piliganne nehe deyiyane eliyata yanna deyiyane meru betalu petawa asala siti pudgalaya sanden parissam wanna kee de mathakada,1,singlish
"umbala, meka nam gon harakek level ekak. me wage wada nawaththapan.",1,singlish
maknisada yath oba kanyawak nisa oba danne mandeyi oba danna bewini,0,singlish
mama danne nehe e kawuda kiyala barlinaye wenne,0,singlish
ma asalin hindaganna mama wayasaka minisek wana athara kisiwekuta haniyak kala noheka oba usas lama,0,singlish
"oya ge idea eka, meka nam awajathaka wage level ekak. hariyata.",1,singlish
oba jeewath wanne koheda oba dadayam karanneku ho kisiwak niweradi nowe,0,singlish
eka sita daha deka dakwa parimanayen me gena obata wishwasada namuth eya oba gena bala ganeewi mayars eya dedi kenek,1,singlish
me wage wada karana aya ge kathawa ahuwama gon kiyala hithenawa.,1,singlish
"ane mehema wada karana eka, gon thamuse.",1,singlish
mokakda me oya ge kathawa ge gon athal karaya wada? hariyata wada karapan.,1,singlish
kisiwekuge idama haraha badhaka saha umaga parimanaya kara bob mathaka thaba ganna,1,singlish
wesi wesama wenna,1,singlish
"oya wage kenek, uba nam gon athal karaya boruwata katha karanne.",1,singlish
"umbala hariyata boru karaya wage wada karanawa, ne.",0,singlish
eyin adahas karanne piriminge endumwala obe rasaya narakayi piriminge obe rasaya mota bawa,0,singlish
"ane oya ge reply eka, gon lajja nadda.",1,singlish
mayawan saha wyakulathwaya mama me siyallama wiya,0,singlish
me wage awajathaka wage athal danne nathuwa tikak hithapan umbala.,1,singlish
mage mithura mage hondama mithura tedee silikan nimnaye dee mara demuwa,0,singlish
me wage gon harakek athal danne nathuwa tikak hithapan oya ge wada.,1,singlish
masha innawada ow eya godak kalabalayi mama ada eliyata piyambanna yanawa eyalata mata pinthura tikak aran enna ona,0,singlish
"me video eka balala comment karana eka hariyata gon wage wada karanawa, meka nam athi.",1,singlish
shathawarsha gananawak gatha wiya heki ma danna paridi minis wargaya dena siteema wedagath nowe jeewithaya pamanak wedagath ya,1,singlish
ammi me mama bohoma parissamen ahaganna tom oya koheda hitiye,1,singlish
odri yanu oba hayi halo oba balanna waaaw oba kohomada oba nik dekeema sathutak,0,singlish
uba gon kata wahagena inna.,1,singlish
ow hema deyakma anith aya gena,0,singlish
mata ma wenuwen pariwarthanaya kireemata keneku awashyayi mage japan bhashawa etharam unusum nowe hera oba kisida ethul nowanu etha,1,singlish
"me wage wada karana aya hariyata mole kalpana nathi wage wada karanawa, poddak mole pawichchi karapan.",0,singlish
mama adahas karana de ohuta denaganna salaswanna,0,singlish
"ane me video eka balala comment karana eka, awajathaka wage tikak igena ganin.",1,singlish
"oya ge kathawa hariyata boru karaya wage wada karanawa, kiyala therenneth ne.",0,singlish
"ane manda oya ge reply eka, wikarayak wage behave wenne ai? meka nam athi.",0,singlish
api kanuwa asala sitina wita pehedili kireemak thibiya yuthuya,0,singlish
"""anunge hena apata parth wee..",0,singlish
oya hari mata methanin yanna ona mawa dala yanna,0,singlish
oh mata obe weda pitapath kireemata noheki wiya namuth oba sema sathiyakama mage weda pitapath karayi,0,singlish
"ane manda oya wage kenek, gon athal karaya wage behave wenne ai? hariyata.",1,singlish
api patan gath thenama owun eya binda demeemata apata winadi thunak thibe,0,singlish
eya ohuge kanata kuda pransha dewal mumunamin doren ohuwa athuga demu bawa eththa,0,singlish
mata allagena siteemata awashya wana athara kisi witekath yannata ida nodenna mama obata adareyi,0,singlish
welawa keeyada atata withara,0,singlish
"hariyata baluwoth oya ge post eka awajathaka wage wage ne, kiyala therenneth ne.",1,singlish
endum pelandum begayak eththenma itha dakshayi,0,singlish
obata jayagrahee warthawak nomethi nam oba pewasu de eya parajaya nowana warthawak nowe,0,singlish
"ane oya wage kenek, boru karaya ne.",0,singlish
mama hithanne kawuruhari mage gedarata kada weduna kiyala,0,singlish
kalaya nasthi karanne eyi pramada wanne apa unandu wana de obata pene,0,singlish
fosila fosila hah,0,singlish
parishuddhayi owun apawa pahe ehi sitiyaya,1,singlish
nehe sthuthiyi obata tika welawak ma samanga esuru karanna eya pramanawath tharam pahasuyi,0,singlish
masayak ethulatha oba mawa wishwasa karayi mama iwath wenawa kiyala,0,singlish
ohu mage sheethakaranaye karanne kumakdeyi mama pareeksha karamin sitimi e gena katha kireemata api brahaspathinda rathree nawayata hamuwiya yuthu yeyi mama sithami,0,singlish
oh romentik deyak modakamak eya amathaka karanna mama owunta sthuthi karannam,0,singlish
obe dakunu padaya ehi thabanna eya amathaka karanna mama newathee sitimi,1,singlish
eya miya gos kopamana kalayak gatha wee ethdeyi eya ohuta ida dunna yeyi sithami,0,singlish
obata onewata wada parissam wiya noheka ma luhubenda gos ethi bawa mata pawasa etha mama boho seyin sorakam kala heki bawa mata awashya netha mama soreku nowana bawa,1,singlish
ethakota kawuda thaththage yaluwa wesikiliya soda gaththe,1,singlish
"hariyata baluwoth mehema wada karana eka gon athal karaya wage ne, kata wahagena inna.",1,singlish
oba ese nokaranu etha mata behe,0,singlish
mokakda mistar pakar eya kawadawath peththak kewe nehe,1,singlish
mona magulakda oyata kiwwe e hari bheeshanayata katha karanawa misak hariyata katha karanna epa kiyala oya eka kiwwe nedda,0,singlish
den eya etharam acharasheelee noweeya ayiwan yannata apata ida diya noheki bawa mama biya wemi,0,singlish
mokakda me uba ge awajathaka wage wada? ban.,1,singlish
maknisada yath oba mata kemathi gehenu lamayeku soya geneemata heki wana paridi mata kemathi gehenu lamayin iwath kireemata patan gatha yuthu bewini,1,singlish
monatharam amuthu tharunayekda ow ohu tikak amuthuyi,0,singlish
obata wishwasada ow mata wishwasayi,0,singlish
obata hemawitama ohu sihinwa penenna puluwan samahara wita api rathree kemata noya yuthuyi mata obe adhishtanaya winasha kireemata awashya nehe,0,singlish
ow boho warayak hari ithin mata thawa kiyanna,0,singlish
oya ge idea eka gon athal karaya meka nam athi.,1,singlish
saha ganan kireema winadi panas hayak thathpara hathalis pahakin kal ikuth wiya yuththe kawadada yannayi,0,singlish
ow samawenna api hemoma sathutu karana kramayak mata lebuna,0,singlish
"hariyata baluwoth mehema wada karana eka awajathaka wage wage ne, hariyata behave karapan.",1,singlish
mama danne nehe owun thawamath epa niyama nokale kesedeyi wyawastha wirodheeyi,0,singlish
mokakda me umbala ge gon wada? hariyata.,1,singlish
kawuruwath api wenuwen neweththuwe neththam monawa karannada ane eyala okkoma nawathinawa eka eyalata hure danne kohomada kiyala denagena inna karanayak,0,singlish
mata eya laba gatha hekida karunakara mata eya laba gatha noheka eya peya kihipayak gathawanu etha,0,singlish
apata kumak kala hekida mama ohuwa mohana prathikara kramayata yomu kara ohuge aushadha wedi kireemata kemathiyi,0,singlish
oya ge post eka nam gon kiyala therenneth ne.,1,singlish
obata awashya onema thenaka karanaya kese deyi mama nodanimi,0,singlish
mama kema hadanna patan gannayi mama oyata udaw karannam,0,singlish
eka harima poshyadayee sar pissu wetenna epa me madata oyawa maranna puluwan,0,singlish
oya ge idea eka pissu wage kata wahagena inna.,0,singlish
umbala mole kalpana nathi ne.,0,singlish
kawuruhari obe thuwakkuwa sorakam kala nam oba warthawak gonu kala yuthuyi kiya oba mata polis kriya patipatiya gena kiyanawada mata udawwak karanna mata jarawak denna epa,1,singlish
api palliye upadeshakayeku samanga giyahoth obata kisiwak pewasiya noheka samahara wita owun es,0,singlish
"oya ge wada hariyata awajathaka wage wage wada karanawa, thamuse.",1,singlish
meya wihiluwakda netha eya abhyanthara alokaya wana athara eyin apata oba sathu onema deyak parajaya kala hekiya,0,singlish
ow mata yanna wenawa mama lassana dupathak dannawa,0,singlish
apawa dutuwata sthuthiyi obe putha samanga ma sithana de gena sakachcha kireemata kalaya pemina ethi bawa apata henguni,0,singlish
"uba, meka nam awajathaka wage level ekak. tikak igena ganin.",1,singlish
"oya ge idea eka, uba nam gon harakek kiyala therenneth ne.",1,singlish
parissamen inna api yamu baba,1,singlish
oya magen ahanawa eyi mama ahanne kiyala,0,singlish
gal mehi ethi wanu etha mama eya paudgalikawa dakimi oba athara sitina thek mata bala sitiya noheka,0,singlish
"oya wage kenek, meka nam gon harakek level ekak. hariyata behave karapan.",1,singlish
mona wesiyok da,1,singlish
"hariyata baluwoth oya gon athal karaya wage ne, hariyata.",1,singlish
eka amathaka karanna ethakota nangiwa amathaka karanna,0,singlish
oya ge kathawa awajathaka wage hariyata behave karapan.,1,singlish
ikmaninma baba amme mata bayayi,0,singlish
mama lusee oyata adareyi,0,singlish
oh mama hithuwa oya hemadama ehema kala kiyala den katha karanna mata uththara denna mama abhirahas helidaraw kireemata prakasha karanne nehe mama ewa obata awashya paridi nidhan karanawa,1,singlish
ne bret mata kamak ne ithin matath thiyenawa,0,singlish
oba den iwath nowanne eyi api pramada wee ethi dora arinna obata etharam narakayi,0,singlish
me wage gon athal karaya athal danne nathuwa tikak hithapan oya ge post eka.,1,singlish
e ohu nida geneemata wehesata pathwa sitina nisa ohuta obawa nidi karawanna puluwan suwandayi,0,singlish
hondayi mama mehi rendee sitimi mama eya agaya karami,0,singlish
me wage awajathaka wage athal danne nathuwa tikak hithapan mehema wada karana eka.,1,singlish
oya mata meka amaru karanawada kiyana eka matha thamayi wenne,0,singlish
oya ge post eka gon athal karaya danawada mokakda kiyala.,1,singlish
me mokakda e ege badu,0,singlish
"umbala hariyata gon wage wada karanawa, machan.",1,singlish
"ane umbala, kata witharai wada meka dakka gaman hina yanawa.",0,singlish
mama kala akarayatama oba eya iwath karanne keseda namuth palamuwa owun mata newatha wedata yamata ida diya yuthuya,0,singlish
mata oya ekka yanna ona jek oya kohe giyath eka prayogika ne eka thaniyama amaru weyi,0,singlish
obata sebe konar wiya noheka obata awasan katayuthu sidu kara etha kisima minisek naraka lesa adak kapa jeewath wee netha namuth mama jeewath wiya,0,singlish
"ane manda me comment eka danapu eka, wada nodanna wage behave wenne ai? machan.",0,singlish
apita wiweka rathriyak thibuna ithin api kawadda rathriya gathakaranne,0,singlish
mata ekata wediya karanna deyak thibune ne oya neda liwwe,0,singlish
oya koheda yanne sebasthiyan mama hithuwa,0,singlish
"hariyata baluwoth me wage wada karana aya gon harakek wage ne, boruwata katha karanne.",1,singlish
bartrand kle bartrand ow eka mama danne ne samahara wita e mata yanna ona une ne,0,singlish
umbala gon athal karaya ne.,1,singlish
obata kriyakaree parikalpanayak etha mama palliye kandata gos etha,1,singlish
api denatamath eya kara eththemu,0,singlish
oya ge reply eka mehema karanne mole kalpana nathi nisa da? hariyata behave karapan.,0,singlish
me wage wada karana aya mehema karanne gon nisa da? meka dakka gaman hina yanawa.,1,singlish
uba ta kiyanna one gon wage wada nawaththanna kiyala.,1,singlish
eth eya oyage amma oyata kiyanna one mata be kiyala,0,singlish
oya ge idea eka ta kiyanna one gon wage wada nawaththanna kiyala.,1,singlish
mama obata pawasana paridi oba karanu etha oba perani eka wetha langa weemata uthsaha karanu etha mama owun layisa gena ethi ghathakayan anugamanaya kala yuthuya,1,singlish
mama me enduma pitupasin sitina molaya saha mama padaya,1,singlish
mage birinda eyata oba samanga ethi sambandhaya kumakdeyi ohu ege nama sandahan kireemata akamethi weema pudumayak nowe,0,singlish
oya wage kenek mehema karanne mole nathi nisa da? ane.,0,singlish
namuth ohu boho minisun mara demu bawa tharka kala nohekiya,0,singlish
"mehema wada karana eka, uba nam wal buruwa meka nam athi.",0,singlish
oba pasugiya sathi kihipaya thula itha amuthu lesa hesiree etha mama nodanimi mata niweradi bawak denenne netha,0,singlish
amme oya kawadada athaharinne oyata upadhiya oyage athe thiyenna one mama kawadawath wiwaha wenne nehe oya wiwaha wenawa,0,singlish
"umbala hariyata mole nathi wage wada karanawa, hariyata behave karapan.",0,singlish
owhu ohuta pahala konayakin wedi thebuha owun ohuwa ohuge danahis matha thebuha,0,singlish
"hariyata baluwoth me wage wada karana aya gon wage ne, hariyata wada karapan.",1,singlish
eya obata gelape sthuthiyi,0,singlish
mokakda me umbala ge gon wada? hariyata behave karapan.,1,singlish
iwarayi eya giya,0,singlish
duppath minisata nagaraya hera yamata sidu wu de sidu wu athara anek kanthawan idiripath wu bawa mata aranchi wiya,0,singlish
mata obawa dekeemata awashya wiya oh ben oba itha asaneepayen sitina bawa pene mage adaraya oba itha sudumeli ya,0,singlish
oya mokada karanne api katha kala,0,singlish
mama oyawa gedara geniyanawa oyata saneepa ne ne mata apahu enna one,0,singlish
mata eka ethana thiyanna ona wune nehe mata therenne nehe,0,singlish
eyagen atha arinna yaluwane ahanna macho mama prathikara walata keeyak hari denawa,0,singlish
"ane oya wage kenek, gon oya wage aya nisa thamai mehema wenne.",1,singlish
dewiyan minisa nirmanaya karayi minisa thakshana thakshanaya nirmanaya karayi dewiyange awasanaya pariganaka wedasatahanaka arambhaya dakwa nirmanaya karayi,1,singlish
oya ge reply eka ta kiyanna one chater wage wada nawaththanna kiyala.,0,singlish
api ehe innakota kohe hari drayiw karanna one nam api kar ekak kuliyata gannawa,0,singlish
obe kraft niwadu dina gileemata wada narakayi oh itha naraka namuth ema meksikanu peneeme bonchi gileema tharam naraka netha obata eya mathakayi,0,singlish
eya mata esena de nowe oba adahas karanne eya apuruyi eththenma eya pudumakara minisun mata mehi adaraya karayi,0,singlish
oya ge kathawa nam moda ne danawada mokakda kiyala.,0,singlish
eya apata yam kalayak miladee gath athara den api siyalloma eyin iwath wemu,0,singlish
ostin kohomada nidagena inne,0,singlish
mokada mama dannawa oya peya dolahak eha meha noyana bawa mama dannawa mama mokada karanne kiyala mama oyata kiyanne,0,singlish
ane piumi akki ohen eddi jumka jewellery genll aduvt dennko mokd mehe gann giym ptt ganan appa plzz.,0,singlish
mona magulakda oya kar eka allanna epa,0,singlish
oya ge post eka nam gon harakek machan.,1,singlish
mama oyawa ayeth dakinawada parissamen inna onawata wada wedi welawak inna epa,1,singlish
upadesak witharayi api me dewal walata monawa karannada kohomath heroyin oya heroyin walata mokada karanne,0,singlish
oya wage kenek awajathaka wage oya wage aya nisa thamai mehema wenne.,1,singlish
"oya hariyata gon athal karaya wage wada karanawa, comment karanna kalin hithapan.",1,singlish
obata heki pamanin siyalla sudanam oba mama nayakayata wartha karannam,0,singlish
ada re gedara inna oh pol,0,singlish
me wage wada karana aya ta kiyanna one pissu wage wage wada nawaththanna kiyala.,0,singlish
enna oba eeta wada lassanayi sthuthiyi petrik,0,singlish
mokakda e ganika madama,0,singlish
oya ge post eka nam gon athal karaya tikak igena ganin.,1,singlish
me comment eka danapu eka moda kiyala therenneth ne.,0,singlish
mata e liyumwalata atha thiyanna puluwan nam mata dhanayak upaya ganna puluwan nam mamath duppath wyaparikayek wennath puluwan,0,singlish
oya mawa gaththa awajathakaya den mama oyawa aran yanawa e mama nethnam oya eka neweyi,1,singlish
mama barapathalayi oba mawa danne nehe saha mama oba gena kisiwak danne nehe api den paripurna sambandhathawayak thiyenawa dewid mama kiwwa mama oyawa ashraya karanawa kiyala namuth mama adahas kale methena saha den,1,singlish
"mehema wada karana eka hariyata gon athal karaya wage wada karanawa, thamuse.",1,singlish
samahara wita oba warak oba gena sitha beliya yuthuya oba semawitama mema pudgalayata obawa thallu kireemata ida dee apata awashya de apata laba geneemata pramanawath we,0,singlish
mage chithrapata himikam poth himikam penuma gena kumak kiwa hekida mama eththatama eweni de kerehi awadhanaya yomu kara netha,0,singlish
prasangayedee mama pariganakayata katha kara ehi kiyana de newatha newathath karana athara emangin owun godananga eththe widhana thattuwe apata awashya we,1,singlish
oya ge post eka nam gon harakek ne meka dakka gaman hina yanawa.,1,singlish
oba e gena danna miniseku weni sathwayeki,0,singlish
mehema wada karana eka nam boru karaya ne thamuse.,0,singlish
ma pera kee paridi eya maharaja kapithanwaraya sathutu karanu etheyi mata wishwasayi obawa dilliyata regena yamata api sathutu wannemu,1,singlish
jenifar oya apahu awa,0,singlish
meya tikak wikthi bawak nopene lokaye boho hudakala minisun sitina bawa kawurun ho kawada ho meya therum ganeewi,0,singlish
oya mokada karanne oyawa anduru karamu,0,singlish
"ane manda me video eka balala comment karana eka, moda yakku wage wage behave wenne ai? machan.",0,singlish
uba ge me wage boru karaya comment dakkama epa wenawa.,0,singlish
subha sandhyawak obata kohomada subha sandhyawak denenne bohoma hondayi obata saha obata sthuthiyi,0,singlish
ohu kotharam hondadeyi mama nodanimi ohu kisi witekath sellam karana bawa owun kiyanawa ohu kiyanne ohu hondama ekak bawayi,0,singlish
mokada une oyage yathuru nethi unada subha dawasak,0,singlish
oyata pissuda oyata ada re e deta yanna ona,0,singlish
oya ge idea eka mehema karanne gon nisa da? comment karanna kalin hithapan.,1,singlish
oba sithanne ehi jeewayak etheyi mama nodanimi,0,singlish
oba eya laba ganne kohendeyi nodena siteemata hethuwa,0,singlish
oya ge post eka nam kata witharai wada ane.,0,singlish
me comment eka danapu eka ta kiyanna one gon wage wada nawaththanna kiyala.,1,singlish
me wage gon harakek athal danne nathuwa tikak hithapan oya.,1,singlish
ow oyage ammayi thaththayi mage awamangulata awa kee denek apu eka gena mama puduma wuna eyi oya puduma wenna ona oya godak kemathi kenek,0,singlish
ohuge jeewithaya kebanduda kiya obata sithagatha hekida ow mama hithanne mata puluwan kiyala,0,singlish
"ane manda oya, gon athal karaya wage behave wenne ai? meka nam athi.",1,singlish
hondayi subha rathriyak,0,singlish
mama me de karanna one,0,singlish
mata badaginiyi emathum kamara sewawa,0,singlish
"me video eka balala comment karana eka, meka nam awajathaka wage level ekak. tikak igena ganin.",1,singlish
hondayi mata den me gena hondak denenawa mama eya balaporoththu wuna,0,singlish
oya dannawane mama kiyana de mama dannawa nam oya kiyana de mama ahanne nehe,0,singlish
selesma kriyathmaka nowennata pera owun apawa soya gathha,0,singlish
ohu nidagena sitinawa oba nowe,0,singlish
pahasu satahanak netha manowidyawa eyata lebiya yuthu de hariyatama laba gath bawa mama barapathala ya,0,singlish
me wage wada karana aya mehema karanne gon nisa da? hariyata behave karapan.,1,singlish
undaya soya geneemata obe mawata udaw karanna eya mata denna,0,singlish
namuth mata weediyo pata kihipayak apasu laba diya yuthu thena,0,singlish
ho samaharawita ohu ladaruweku sita nawika hamudawata getalu sahagatha daruweku wiya mama danne nehe mama eya ganan ganne nehe,0,singlish
ghana rathran kilogrem desiya wisi dekak mama wetup dinayak lesa handunwanne eyayi,0,singlish
mehema wada karana eka gon comment karanna kalin hithapan.,1,singlish
mama oyawa maranawa e gon kathawalin mawa epa wenna epa,1,singlish
mokakda me me comment eka danapu eka ge gon wada? ne.,1,singlish
mosart honda minisek yeyi obata pewasiya noheka,0,singlish
"ane mehema wada karana eka, awajathaka wage ban.",1,singlish
ohuta ohuge samagama apawa sediya hekiya,0,singlish
oya mata drayiw karana heti kiyanawada ne mama hithuwa,0,singlish
"ane oya ge post eka, hitha nathi ne.",0,singlish
obata niwasa ahimi nowanu etha me dinawala sema kenekutama ukas thunak etha namuth siyayata dahanawayak poliyata oba miniha samanga kewal kalewath netha,0,singlish
oba ma samanga awurudu dekak jeewath wu bawa mama nodanimi,0,singlish
oya mehema karanne awajathaka wage nisa da? ne.,1,singlish
"ane manda mehema wada karana eka, gon wage behave wenne ai? kiyala therenneth ne.",1,singlish
"ane manda oya ge post eka, awajathaka wage wage behave wenne ai? thamuse.",1,singlish
"ane manda oya ge post eka, gon wage behave wenne ai? ne.",1,singlish
sankeernaye mandagamee kawa hathalihak allagena wyuhaya nowenaswa penena paridi owunta balaya etha,1,singlish
me comment eka danapu eka ge me wage hariyata therumak nathi comment dakkama epa wenawa.,0,singlish
uba ta kiyanna one awajathaka wage wage wada nawaththanna kiyala.,1,singlish
uba nam gon athal karaya ne meka nam athi.,1,singlish
e minissu jorj aprikawen kohenda enne,0,singlish
mage mamage mawage sahodarayata daruwan hathara deneku siti athara owun apasu uru pedeema gena obe piya bonchi dena sitiye netha,0,singlish
oya ge reply eka nam gon ne hariyata.,1,singlish
mehema wada karana eka ge kathawa ahuwama awajathaka wage kiyala hithenawa.,1,singlish
oya kawuda mama awe oyage pawulata udaw karanna,0,singlish
"oya ge wada, uba nam awajathaka wage hariyata behave karapan.",1,singlish
oya kohomada methana inne kohomada meka kiyanne oya mata samawa denawata mama kemathi nehe,0,singlish
oh oba ema pahalos siyaya samanga podi karanna mata ohuwa parajaya kala hekiya mata awashya wuye chali o edee,0,singlish
parissamin inna sthuthiyi,1,singlish
balanna ohu mehi sitina bawa oba obe mama wishwasa kireemata igena gatha yuthuya awankawama ohu mehi nositiya yuthuya eya upakramayak wiya yuthuya,0,singlish
mama gena wada wenna epa mama pusek wage oya kiyanne oya reg eka purama konde kessa,0,singlish
ow apita ohuwa munagesuna apuru pirimi lamayek jorjge sameepathama paudgalika mithura menna mata samawenna met mehi kisiwak gelapena bawak nopene,0,singlish
"ane mehema wada karana eka, awajathaka wage machan.",1,singlish
umbala loku talk karana moda kiyala therenneth ne.,0,singlish
meka wikarayak machan uba mokada karanne,0,singlish
obata awashya onema deyak lokka eya parajaya kara samahara kollan alla ganna,0,singlish
"ane oya ge post eka, gon thamuse.",1,singlish
arakshithama sthanaya kumakda eya siyallatama wada arakshithama sthanayayi,0,singlish
e nisa oyata kamak ne mata me parichchedaya kohoma hari iwara karanna wenawa,1,singlish
mama eka karannam ne mama ikmanata ennam,0,singlish
mama danne nehe mokada wenne kiyala mama danne nehe oya kiyanne oya awul wela kiyala,0,singlish
ohu eththama kiyanawa nam oba yamak dannawa nam mama kopi tikak panaya kala yuthu yeyi mama nosithami,0,singlish
ethakota oya eyawa udata aran gihin dushanaya kale mokakda kiyala,0,singlish
wesikiliya mage muhunata pipiruwa yeyi mama obata pewasuwahoth oba kumak kiyayida mama pissu yana wachanaya bhawitha karami,1,singlish
oya ge kathawa mehema karanne gon nisa da? tikak igena ganin.,1,singlish
"oya ge wada, uba nam awajathaka wage danawada mokakda kiyala.",1,singlish
liyum kawaraye apasu lipinayak nomethi bawa mama nodanimi eththa washayenma ehi lipinayak nometha eya tep eke kisiwak kiyayida,0,singlish
web merila mama ganan gaththa,0,singlish
ow mama hithanne oba ohu gena sihina dakinne nehe ohuta obata ho mata ho apata mathaka ethi riddanna behe,0,singlish
oyata yanna wenawa me wathawe mama modayek neweyi mama epa nam thuwakkuwa mata kiyala oya kiyanawa,0,singlish
oya ge post eka wada nodanna poddak mole pawichchi karapan.,0,singlish
ape niwadu awalangu karala apiwa mokak hari gon meheyumakata yawanna hemoma kata wahagena inna minihata katha karanna,1,singlish
mokakda me oya ge kathawa ge gon harakek wada? ban.,1,singlish
me comment eka danapu eka ge me wage awajathaka wage comment dakkama epa wenawa.,1,singlish
mama meka methana rasawindinna yanawa mama oyata mage lanchanaya pawa nayata dennam mama hithuwa oya gonata kiyanawa saha athdekeem witharayi ona kiyala,1,singlish
"ane manda oya ge idea eka, gon athal karaya wage behave wenne ai? thamuse.",1,singlish
ow mata meka iwara karala iwara karanna one mama balagena innawa,0,singlish
ow saha obawa kampanayata path karana an kisiwak nowe mama widyagnayek mama samahara nishachara kriyakarakam gena paryeshana kireemata kemathiyi,0,singlish
mehema wada karana eka mehema karanne awajathaka wage nisa da? ne.,1,singlish
"ane manda me video eka balala comment karana eka, awajathaka wage wage behave wenne ai? hariyata wada karapan.",1,singlish
eyi oya ehema kiyanne e hemoma eka nisa,0,singlish
pirimiyekuta eya kireemata awashya wiya heki athara eya winodajanaka wiya heki namuth gehenu lamayeku wenath neethiwalata bendee sitee mama obawa wishwasa karana athara mama ikmanin iwath wiya yuthu bawa dakimi,0,singlish
karunawanthayi wenath kisiwek kisi dinaka e haraha gos netha,0,singlish
"ane manda me video eka balala comment karana eka, boru karaya wage behave wenne ai? danawada mokakda kiyala.",0,singlish
ne mama oyata kiwwa eka amuthuyi kiyala,0,singlish
minisage niyojithaya e sandaha gaman karayi,0,singlish
oya wage kenek ta kiyanna one gon athal karaya wage wada nawaththanna kiyala.,1,singlish
"mehema wada karana eka, meka nam awajathaka wage level ekak. lajja nadda.",1,singlish
me wage wada karana aya ge me wage gon comment dakkama epa wenawa.,1,singlish
"ane oya ge post eka, awajathaka wage boruwata katha karanne.",1,singlish
ithin oba diwayine honda kalayak gatha karanawada eya eththenma kammeli nowe,0,singlish
ohu awulsahagatha miniseki ohu yanne kothenatada yanna kisi witekath nobalanne eyi ohu mese wadi wee sitinne ohuta wiwekayak awashyayi,0,singlish
oya ge kathawa wal buruwa oya wage aya nisa thamai mehema wenne.,0,singlish
obe mawage andhabhawaya gena obe piya obata dos keewe ow mama ipadunu dawase sita ohu mata waira kala eya niwa damanna obata puluwanda sigarat eka niwanna,0,singlish
mama nokiyapu de ane ne ane,0,singlish
"ane oya ge post eka, awajathaka wage me wage wada nawaththapan.",1,singlish
mokakda me mehema wada karana eka ge gon athal karaya wada? poddak mole pawichchi karapan.,1,singlish
"ane manda oya ge post eka, moda wage behave wenne ai? hariyata.",0,singlish
me video eka balala comment karana eka mehema karanne gon harakek nisa da? meka nam athi.,1,singlish
mama ewa kriya wirahitha kala yuthuyi samahara wita mama ohuta lalithya geethayak gayana karanawa oba kuda pransha kellekwa sitiyadee mama kuda deriyakawa sitiyadee mage amma mata gayana kala,0,singlish
oya ge post eka nam gon ane.,1,singlish
"ane manda me video eka balala comment karana eka, gon harakek wage behave wenne ai? lajja nadda.",1,singlish
oba dannawa obata awashya nam mata ema kondaya sakas kala heki bawa,0,singlish
"oya ge kathawa, uba nam gon thamuse.",1,singlish
balanna mata samawenna mata yanna wenawa ithin apita oya nethuwa paluyi,0,singlish
eya rataka samajayak e gena karadara nowanna layanal obe udawwata sthuthiyi,0,singlish
oya ge post eka nam moda lajja nadda.,0,singlish
mokakda prashnaya chali mata shatha dahatharak nethi nisa matath weredda hoyaganna peya bagayak giya matath dinayak ekka,0,singlish
mama hithanne nehe eya weda karanne eyi eya ese nowe,0,singlish
eyata thaniyama inna denna eya eyage amma oyage neweyi apita niwaduwak thibbe echcharayi,0,singlish
"me comment eka danapu eka, uba nam gon tikak igena ganin.",1,singlish
gona karunakarala mama oyata angal thunak gaththa mama oyata ida dunne nethnam oyata paharak gahanne nehe,1,singlish
"oya ge reply eka hariyata gon athal karaya wage wada karanawa, ne.",1,singlish
obe onema magiyekuta nida geneemata sthanayak awashyayi,0,singlish
"ane oya ge post eka, awajathaka wage meka nam athi.",1,singlish
hondayi helo ofisar mata samawenna ada honda hawasa oyata badha kalata mata samawenna,0,singlish
kisima deyak mama kemathi anith eka gonata witharayi,1,singlish
ohu oba kawudeyi emathuwe netha,0,singlish
oba gedara ena wita mama nidagena sitimi mama niwasin pitawana wita oba nidagena sitinu etha mama obawa sihinen dakimi,0,singlish
oya ge post eka mehema karanne awajathaka wage nisa da? kiyala therenneth ne.,1,singlish
api e ingreesi uran heta gannam ow api ewa gannam,0,singlish
mata ehenawa ada ude samahara sarf kenek eyage athe pihiyak edda kisima widihakin eya eyata dik kiyala kiwwe,0,singlish
ithin ko haniyak mama epa kiwwa,0,singlish
ohu dhairyayen yuthuwa itha nirbheetha wu athara ohu jayagrahanaya kireemata asanna wiya ebewin thawath minisun nishpala lesa ghathanaya karana ladee,0,singlish
mokakda me oya ge post eka ge moda wada? tikak igena ganin.,0,singlish
ohu sema witama wishishta lesa ohuta apahasa karayi,0,singlish
oya ge kathawa mehema karanne awajathaka wage nisa da? poddak mole pawichchi karapan.,1,singlish
oh baya wenna epa mama kiyapu deta eya amanapa wune nehe me welawe oyala dennata hari bil eka sehellu karanna one me welawe mama selakilimath wenne mama badaginne inna kema gena saha mata mara hisaradayak thiyenawa,0,singlish
prasangaya idiriyata ya yuthuyi,0,singlish
ow eka thiyagamu mokada oyata mage malliwa hire dala kunu wenna denawa,0,singlish
oya ge post eka mehema karanne loku talk karana moda nisa da? hariyata.,0,singlish
mata kanagatuyi obe mithura gena mata kanagatuyi mata swat hi mithureku mara dama etha eya kese wiya hekideyi mama danimi obe selakilla mama agaya karami eya ethenin thabamu,0,singlish
oba kalawa gena unanduwak nodakwayi,0,singlish
mama danne nehe winadi thiha hathalihak chikago wala dog monawa karayida kiyala,0,singlish
oya wage kenek ge me wage gon harakek comment dakkama epa wenawa.,1,singlish
eya ohuta pirinemeemata wada honda deyak kurusiye ena gasayi,0,singlish
"hariyata baluwoth uba boru karaya wage ne, boruwata katha karanne.",0,singlish
elis newathath wiwaha wiya,0,singlish
"oya ge kathawa hariyata weda bari wage wada karanawa, oya wage aya nisa thamai mehema wenne.",0,singlish
oba mata obawa dekeemata awashya seereemak desa beleema wada hondaya,0,singlish
"me wage wada karana aya, meka nam gon athal karaya level ekak. thamuse.",1,singlish
mama oyagen iskole gena ehuwa mama iskole kale godak magula gena hithanawa,0,singlish
den eliyata yanna ow amme,0,singlish
mokakda e kanthawa,0,singlish
oba bebadda moda mee awajathakaya karunakara mata mul deyak amathanna,1,singlish
ow oba owunwa dinanawa oba owunwa obe hadawathata gena enawa owunwa sparsha karanawa namuth oba ewa gini thiyanna epa namuth mata awashya mama uthsaha karanawa,0,singlish
mehema wada karana eka mehema karanne awajathaka wage nisa da? kata wahagena inna.,1,singlish
oba pariwara sewayata yana wita obata wada honda adahas thibe,1,singlish
"ane uba, gon harakek danawada mokakda kiyala.",1,singlish
eya etharam wishala deyak bawa mata notheruni eya wishala ganudenuwak,0,singlish
"ane oya ge reply eka, gon machan.",1,singlish
eka sarala awasanayak mama hithanne alokaya dalwanna,0,singlish
oba adahas karanne oba saha ema kanthawa samanga rediyetarayata damwela dama ethi bawayi,0,singlish
ehidee oba kiwwa owunwa thora geneema kammeliyi kiyala eya ewideema tharamma udyogimath deyak,0,singlish
mama eyawa mara demu lilee kumariya gena wikarayaki,0,singlish
apoyi parissamen,1,singlish
"ane manda me comment eka danapu eka, awajathaka wage wage behave wenne ai? ane.",1,singlish
mage amma koheda mama eyawa gedara demme,0,singlish
ballanta mage suwanda thiyenawa ehema deyak karana unta kawuruhari eka denna ethi,1,singlish
obe karyaye daksha lesa sema deyakma pehedili karanna epa jek ow anumana karanna epa,0,singlish
oya ge post eka nam gon meka dakka gaman hina yanawa.,1,singlish
kisima therumak nethi bob eya mage sahodaraya mata eyawa ehe dala yanna be,0,singlish
oyata hemathissema mama gena katha karanna ona oya gena mokakda mama katha kale mama gena neweyi,0,singlish
umbala mehema karanne weda bari nisa da? meka dakka gaman hina yanawa.,0,singlish
mama danne nehe samahara wita mata pehedili nehe namuth mama hithuwa mama oyata kiwwa kata wahagena inna kiyala mata owunta yamak kiyanna thibuna,0,singlish
thanne kumbure palama gawa idala stand eka gawata awa kenek dannawa. e hariye block eka ane please e tika nam kohomahari hadenna one. minissunta asadaranayak nikara,0,singlish
oya mawa set kala mama mulu rathriya purama mathdrawya pawichchi kala wiplawayata mama wyakulathwaya liyannam,0,singlish
oba siyayata dahak hari eseth nethinam ohu tikak sorakam nokaranne nam ohu konayak weda karayi,0,singlish
"me comment eka danapu eka, meka nam wada nodanna level ekak. me wage wada nawaththapan.",0,singlish
sar helo obata penena paridi wathayen gaman karayi,1,singlish
mokakda me me video eka balala comment karana eka ge gon athal karaya wada? comment karanna kalin hithapan.,1,singlish
ow oba saha debee saha paripurna reed mama debee gena katha nokarami,1,singlish
oya ge kathawa ahuwama awajathaka wage kiyala hithenawa.,1,singlish
mama methana inne wena kellek ekka oya den yana thenata,0,singlish
owunta jala thatakayak thibeda owunta biththi hatharak saha wahalak hera wenath kisiwak netha apata awashya wanne epamanayi,0,singlish
me video eka balala comment karana eka ge me wage gon athal karaya comment dakkama epa wenawa.,1,singlish
mata samawenna sten see,0,singlish
mokakda me mage dayat eka,0,singlish
gona kiyanne kawuda oyata kenekwa hambune ne mata tikak idak one samahara wita,1,singlish
me video eka balala comment karana eka mehema karanne gon nisa da? kata wahagena inna.,1,singlish
nona mata meka hariyatama karanna denna ethakota api oya ekka sathutin katha karannam,0,singlish
mama obe mahal niwasayata isina lada mama obe yathura athata gaththemi mama eththatama kisiwak kireemata adahas kale netha namuth oba ada rathriye oba dutu de mata kiyanawa balanna mata kiyanna,0,singlish
eyi oba mata nokiyanne eyi oba apayata noyanne e siyalla wikara gonnak wana athara oba eya danee,1,singlish
mokakda wage deyak mata penwanna,0,singlish
oba den samanya sharlok homs kenek,0,singlish
ane machan mata samawenna oyala tika kalekata serayak fon ekak aran balanna one,0,singlish
eya thaba ganna mahathmaya mama obawa awagnawata lak karanawa samawenna obe gaurawaya namuth kawuruhari mawa ehema set karoth mata wiruddha wenna behe,0,singlish
mata awashya oba mema jalaye sema weediyakma obe pariganakayata poshanaya kireemata peya gananak gatha wanu etha obata mata meya kireemata noheki wanu etha,1,singlish
uba ge kathawa ahuwama gon harakek kiyala hithenawa.,1,singlish
namuth mulinma mata denaganna ona mama katada katha karanne kiyala mama oyata katha karanawada nethnam mama eyata katha karanawada oyata math ekka katha karanna puluwan,0,singlish
ayiyo e penala yanawa mata digatama inna be,0,singlish
me wage awajathaka wage athal danne nathuwa tikak hithapan oya wage kenek.,1,singlish
oya mata godak mathak karanne nadan wage thaththa wage,0,singlish
"ane manda oya ge kathawa, awajathaka wage wage behave wenne ai? poddak mole pawichchi karapan.",1,singlish
"oya ge reply eka, uba nam loku talk karana moda oya wage aya nisa thamai mehema wenne.",0,singlish
uba gon athal karaya oya wage aya nisa thamai mehema wenne.,1,singlish
owun kee denek meruwada starlin mara demeema hera owun kara eththe kumakda yanna etharam sarala netha,0,singlish
mama hithanne e nisa mama godak hondayi den eyata penwanna hethuwa,0,singlish
ude kema gena kohomada mama tikak hadanna hitiye eka wediya karadarayak wenne nethnam tikak kema kanna,0,singlish
me pudgalaya weradi yowun wiye pasuwana aya samanga patalawa ganimin sitee,0,singlish
mokakda me umbala ge moda wada? ane.,0,singlish
me wage awajathaka wage athal danne nathuwa tikak hithapan oya.,1,singlish
oya ge post eka mehema karanne wadak nathi nisa da? ban.,0,singlish
"me wage wada karana aya hariyata loku talk karana moda wage wada karanawa, hariyata behave karapan.",0,singlish
dewmedura ikmaninma awasan wewida jon ow itha ikmanin,0,singlish
api hemotama patiyak lebenawa mama ewa ganne nehe owun kawadawath weda karanne nehe,0,singlish
mama hithanne rut biyar tikak thiyenawa me gena,0,singlish
me wage wada karana aya mehema karanne gon harakek nisa da? oya wage aya nisa thamai mehema wenne.,1,singlish
mokakda me kanne nethi eka mata kanna one ne thawa eka deyak thiyenawa aniwaryayen oyawa dakinna one,0,singlish
oya ge post eka ta kiyanna one awajathaka wage wage wada nawaththanna kiyala.,1,singlish
hima keta satan kireemen ethi prayojanaya kumakdeyi soya balanna,0,singlish
"ane umbala, mole kalpana nathi hariyata behave karapan.",0,singlish
oba erik genawe mona mejik ekakda kiya obata penenu etha,0,singlish
mawa pudgalikawa maranna,0,singlish
"oya ge idea eka, meka nam kata witharai wada level ekak. hariyata.",0,singlish
sihina thula ho sihina thula mama eya sampurnayenma sambhawya nirodhayana ratawa yatapath kalemi,0,singlish
"mehema wada karana eka hariyata awajathaka wage wage wada karanawa, meka dakka gaman hina yanawa.",1,singlish
"ane manda oya ge reply eka, hariyata therumak nathi wage behave wenne ai? meka nam athi.",0,singlish
yanna kammeli oyata math ekka katha karanna puluwan mage punchi leliyata me thada kessa hedila,0,singlish
mama baya ne misis robinsan ehenam eyi oya duwanne,0,singlish
"ane manda oya wage kenek, gon harakek wage behave wenne ai? ban.",1,singlish
eya ganudenuwe kotasak nowu namuth mata wisha weemata awashya namuth sadharana penumak mata samawenna mata mehi kisidu kotasak weemata awashya netha,0,singlish
den siyalla hondin ethi eya samahara polis sthanayaka hisa gasa damamin sitinu etha mama sithanne eya boho de katha karayi ma adahas karanne kumakdeyi oba dannawa,0,singlish
oya ge reply eka ge me wage gon athal karaya comment dakkama epa wenawa.,1,singlish
ohu ehi netha ohu nana kamaraya pareeksha karayi,0,singlish
hariyata linkan poyint eka patawagena api magul sagarayata pahara dena wita eya batahirin nathara wenawa,0,singlish
karunakara oba hire noyana bawa kiyanna epa ma gena duk wenna epa mama pusek wage,0,singlish
mata samawenna karunakara me sandaha ma samanga amanapa nowanna,0,singlish
"uba, meka nam gon level ekak. tikak igena ganin.",1,singlish
eyi obath ese nokaranne samaharawita mama karannam,0,singlish
"ane oya ge wada, awajathaka wage ban.",1,singlish
mama obawa wishwasa karanne nehe oba selakilimath wana paridi eya eya wishwasa karanawada nedda yanna eya miya gos etha,1,singlish
me balla nakiyeknemuta naki vise gal musalayek hati muge,1,singlish
mata adahasak thiyenawa mage oluwe weda karanawa oyata e oluwa haraha wedi undayak hoyaganna puluwan weyi kiyala,0,singlish
onema udawwak awashyayi mama gedara puhunuwa lebu kenek,0,singlish
oba mawa bhumadana kireemata mehi pemine yeyi mama balaporoththu wu awasanawantha lesa api yannemu,0,singlish
mata thawa winadi dahaatak thiyenawa mata ada thawath ahanna ona ne,0,singlish
sthuthiyi ben nisa mata ayeth e wayasa thibba nam hondayi,0,singlish
waradak ne mata oya gon katha denna epa,1,singlish
gebini nam eya ese penenu etha,0,singlish
mama obawa newatha mehi genawa api kandayamak mage dakshathawaya obe sanchalanaya,0,singlish
oba eya kreedawakata dolar dahasak lesa nam karanna,0,singlish
oya ge idea eka mehema karanne awajathaka wage nisa da? thamuse.,1,singlish
obata obe pudumaya awashyayi ow mata eya awashyayi,0,singlish
kohomada thaththe heyi jef mata hondatama denenawa,0,singlish
"hariyata baluwoth oya wada nodanna wage ne, hariyata.",0,singlish
dilisena gal podi ewun,0,singlish
mokakda me me comment eka danapu eka ge gon harakek wada? ne.,1,singlish
enna linda eka seks witharayi eyi mage layin eka,0,singlish
"ane umbala, gon harakek thamuse.",1,singlish
"uba hariyata awajathaka wage wage wada karanawa, boruwata katha karanne.",1,singlish
me comment eka danapu eka mehema karanne gon harakek nisa da? lajja nadda.,1,singlish
ithin mama meka weda karanna yanne,0,singlish
ane dewiyane mona magulakda apiwa newata geniyanna,0,singlish
mama kiwwe ne oyage chalana wegaya kalin wathawe therumata wada tikak aduwen beluwa kiyala,0,singlish
gedara gihin beela balala meka amathaka karala danna hithapan wede hariyayi kiyala,0,singlish
ape yaka netuma eththatama me welawe weda kala wage,0,singlish
hondayi jon edams obe gnathi sohoyurata puduma theggak etha ow durwala manas kerehi wishmayajanaka balayak,0,singlish
"hariyata baluwoth oya wage kenek wikarayak wage ne, thamuse.",0,singlish
owun paradeesaye duthayan samanga tharanga karayi oh jek mama ekak sparsha kalahoth eya ma sathutata path karayi,0,singlish
wiktar karunakara ada rathriye bhugatha resweemata noyanna pirimiyekuta thama birinda idiriye weerakam pradarshanaya kireemata boho wita awasthawak lebenne netha,0,singlish
boman da new mehi nomethi therapum bhawitha karana athara oba hondin sitinu etha api ehi ekata ekathu wemu,0,singlish
eya niladhariniyak ehi usas pramithiyak etha eya kanthawak wana athara oba eyawa niruwathin padinne ebewini,0,singlish
oya ge post eka mehema karanne gon nisa da? thamuse.,1,singlish
ada udesana obawa pilikul sahagatha lesa sathutu karanne wasanthaya wiya yuthuya,0,singlish
mage hadawatha miya gos boho kalakata pera eya miya gos netha eya sengawee etha,0,singlish
oya ge kathawa gon athal karaya boruwata katha karanne.,1,singlish
"hariyata baluwoth oya ge reply eka gon athal karaya wage ne, machan.",1,singlish
oba mata kemathi yeyi eyata sitheemata oba yamak kara thibiya yuthuya mama ese nosithami,0,singlish
menna mage prashne jek oya mata kiwwa oyayi minihayi awurudu dahayakata wedi kalayak honda yaluwo kiyala,0,singlish
eththa washayenma ehi wesikili kesikili nothibune endumak nethiwee gos ethi athara e nisa gaman malu kihipayak thibe e mama adahas karanne kisiwek thawamath mineemerum kandayama samanga ganudenu kara nomethi bawayi,1,singlish
ow api sebasthiyan pudgalikawa katha karanawa nam hondayi eyi oya gedara yanna epa menna oyage chek eka mage kolla sthuthiyi,0,singlish
oya ge post eka hariyata therumak nathi machan.,0,singlish
"me video eka balala comment karana eka hariyata awajathaka wage wage wada karanawa, lajja nadda.",1,singlish
oba ma sipa geneemata awashya chatu bas gena sewikawak parissam wiya yuthu bawa sathyaya,1,singlish
"me comment eka danapu eka hariyata gon harakek wage wada karanawa, danawada mokakda kiyala.",1,singlish
eka boruwak mistar seedar,0,singlish
mata godak dukayi eyi api hondata kale kiyala oya kiyanne nehe,0,singlish
saha gedarin pasu weediyo kreeda oba ethulata pemina ayubowan kiyanna,0,singlish
oba koheda saha mama kalpana kale obata panayak ho yamak miladee gatha hekida yannayi,0,singlish
ow oya ward gem gahanawada me mokakda,0,singlish
kumak kala yuthudeyi mata kiyanna damaya upakaree we,0,singlish
oyatath kathawak kiyanna wenawa brayan eka sadharanayi see mon wediya hithanna epa mama hithuwa eka niyamayi mama ekata adare kala eka me gollanta kisima deyak neweyi madhyama ganudenuwak,0,singlish
oba onema gamanak yanawa eya mawa sipa gaththa,0,singlish
moda deyak karanna epa mama oya gena kalabalayi baya wenna epa eya yana kochchiye mama ennam,0,singlish
"me wage wada karana aya hariyata moda wage wada karanawa, me wage wada nawaththapan.",0,singlish
oya wage kenek mehema karanne pissu wage nisa da? poddak mole pawichchi karapan.,0,singlish
oya ge me wage boru karaya comment dakkama epa wenawa.,0,singlish
"ane manda oya ge reply eka, gon wage behave wenne ai? hariyata wada karapan.",1,singlish
mage dewiyane chanda balaya ahimi wuwange sadakalika sihinaya kumakda mage adaraneeya panthi wirahitha lokayak sebe apekshawak nowe,0,singlish
ohuth giya anek niyojithayan gena mokada kiyanne,0,singlish
oba dakina paridi oba gehenu ya,1,singlish
awasana tika maru anee,0,singlish
"hariyata baluwoth oya gon harakek wage ne, meka dakka gaman hina yanawa.",1,singlish
ohu mata adaraya kala obe kandulu nasthi karanna epa ohu desa balanna,0,singlish
oya mata oyage ammage kamareta enna denna mahaththayo mata be,0,singlish
oba methenin nopeminiye nam mama obe newum mukayata thattu karami samawenna mama ese adahas kale netha,0,singlish
minisek switsarlanthayata yama ohuta honda wiya hekke anyonya wasi walin pamani,0,singlish
me wage wada karana aya ge me wage pissu wage comment dakkama epa wenawa.,0,singlish
"ane oya ge idea eka, gon ane.",1,singlish
oba obe ahara jeerna ensayima gannawada samahara wita mata amathaka we,0,singlish
kawuruhari mata sihiya wikal wela kiyala hithanna puluwan eya oyawa nethi karagaththa kiyala,0,singlish
meksiko niwaduwe obe aramuna kumakda mama ohuge palamu gon pora beleemata ohuwa regena yanawa,1,singlish
kshethra kauthukagaraye oba meeta pera kawadawath deka nethi de,0,singlish
ihalata yamata ihalata yamata,0,singlish
oya ge wada mehema karanne gon harakek nisa da? lajja nadda.,1,singlish
"oya ge post eka, uba nam moda oya wage aya nisa thamai mehema wenne.",0,singlish
"ane manda me wage wada karana aya, awajathaka wage wage behave wenne ai? kata wahagena inna.",1,singlish
"""super job putha.",0,singlish
endarsan weda kala thena ow eya siyayata thispahak pirisidu meethen wayuwak ethi bawa mama nodanimi mema mithuran eya karanne kesedeyi mama nodanimi,0,singlish
punaruththapana kriyawaliya hethuwen apata balalunge sankulatha apeksha kala noheki wiya,0,singlish
api hondin ehi giya pasu mama obata kiyannam api sathutuyi,0,singlish
mama danne nehe samawenna machan namuth ballanta awasara netha,1,singlish
"hariyata baluwoth mehema wada karana eka moda wage ne, meka nam athi.",0,singlish
oba mema kotas walin nowe mama spaknknaye sita mama obe kalayen mohothakata kemathiyi,0,singlish
"oya wage kenek hariyata gon harakek wage wada karanawa, tikak igena ganin.",1,singlish
mama obata wartha kala yuthuyi mama hithanne oba ma niweradiyi kiya oba nodena sitiya nam,0,singlish
nehe mama eya thorana nisa mata heki bawa obata denagatha noheka,0,singlish
mata me gehenu lamaya munagesune sema witama karadara arambha karana kanthawan ya,0,singlish
ada rathree aharaya mata wyapara kala noheka,0,singlish
"ane manda oya wage kenek, gon harakek wage behave wenne ai? meka nam athi.",1,singlish
eya reethi netha,0,singlish
"ane manda me video eka balala comment karana eka, gon harakek wage behave wenne ai? kata wahagena inna.",1,singlish
namuth mema rogaya pragathisheelee parihaniyata path wana athara eya bhayanaka prawththiyaki,1,singlish
den sadharana kanthawak mata oba mage balaya etha mama obata biya nowa obata udu rewulak netha,0,singlish
mata sajanta awashya wanu etha apata mehi thathwayak thibe oba pawasana paridi karanna,1,singlish
mama danne nehe monawa kiyannada kiyala mata oyage theekshna buddhiya awashyayi,0,singlish
me comment eka danapu eka mehema karanne awajathaka wage nisa da? tikak igena ganin.,1,singlish
obata notherena deya nam meya kisidu panthiyak nowana bawa penenne keseda yanna gena mama awamanayak nodemi,0,singlish
"hariyata baluwoth mehema wada karana eka awajathaka wage wage ne, machan.",1,singlish
hena gahapn ponnayata,1,singlish
hukanna ba vidiyo oni,1,singlish
shalawe padipela dige nana kamaraya koheda,0,singlish
"ane manda oya, awajathaka wage wage behave wenne ai? tikak igena ganin.",1,singlish
me wage gon athal karaya athal danne nathuwa tikak hithapan me comment eka danapu eka.,1,singlish
thathpara this hatharak pamana api ginnak ethi kara mema kshudra jeeween iwath karamu,0,singlish
samahara wita mata merenna one neda mama merenawata mama kemathi nehe kawuruth merenawata,0,singlish
meya kawawath maranne ne ane gonnu meya magul weradi karayek dannawane eya batahirata kochchara waira kalada kiyala,1,singlish
siduwemin pawathina de lihil karanna mata udaw karanna,0,singlish
owun ekineka dena siteema gena ma kisiwak nodanne nam mama amuthu deyak sithanne eyi mata obe moda nidahasata karunu eseemata awashya netha,0,singlish
"oya wage kenek, uba nam awajathaka wage comment karanna kalin hithapan.",1,singlish
obata thawamath weda awashyayi oba niweradiyi mama kawadawath oba tharam honda borukarayek nowemi,0,singlish
mama ekata gewwa deyiyane,0,singlish
oya ge post eka mehema karanne gon nisa da? meka dakka gaman hina yanawa.,1,singlish
api karana miniha sithiyamen athurudahan wuna mata eyawa kohenwath hoyaganna be hari eya athurudahan wenna kalin mokada une kiyala,0,singlish
"ane manda oya ge wada, gon athal karaya wage behave wenne ai? meka nam athi.",1,singlish
mama danne kohomada eka thiyenne koyi ekada kiyala,0,singlish
mokakda me umbala ge loku talk karana moda wada? kiyala therenneth ne.,0,singlish
me wage wada karana aya ge kathawa ahuwama gon athal karaya kiyala hithenawa.,1,singlish
daruwa kawudeyi mama e gena kisiwak nodanimi thawamath mama danne ohuta niyapothu ethi bawa kiyanu lebe,0,singlish
mama hithanne nehe api newatha hamuwiya yuthu bawa eya lejjawaki oba weni thawath minisun lokaye netha,0,singlish
pahathkama herunu wita oba boho durata paripurnayi oba samanga thawath ek deyak pamanak weradiyi,1,singlish
deyiyane eka mona gon kathada ahanna jek mata yanna wenawa,1,singlish
me wage awajathaka wage athal danne nathuwa tikak hithapan uba.,1,singlish
apuru apuru namuth postar itha mila adhika wana athara pasuwa wishala mudal aththikaramak laba ganna,0,singlish
heyi oba sithanne nehe konda mosthara shilpeenta eya laba geneemata unanduwak ethi bawa oba sithanne nehe adaraneeya eya mage margayata wisi karanna,0,singlish
"ane manda oya ge wada, awajathaka wage wage behave wenne ai? meka dakka gaman hina yanawa.",1,singlish
oya ge idea eka gon harakek kata wahagena inna.,1,singlish
"oya ge wada, uba nam gon athal karaya tikak igena ganin.",1,singlish
oya ge idea eka mehema karanne gon athal karaya nisa da? danawada mokakda kiyala.,1,singlish
mama hithuwa mata udaw karanna puluwan weyi kiyala eth oyata puluwan hema deyakma thiyenawa wage penawa oya rathu patata kemathi nam,0,singlish
me wage mole nathi athal danne nathuwa tikak hithapan oya ge idea eka.,0,singlish
oba biyata path wanne samahara aya oba ganudenu kireemata karana deyata akamethi nisa owun mage kalu buruwa dadayam kireemata uthsaha kala bewini,0,singlish
mokuth ne mama hithanne mama tikak eliyata yanawa oya koheda yanne,0,singlish
"ane manda me wage wada karana aya, awajathaka wage wage behave wenne ai? meka dakka gaman hina yanawa.",1,singlish
dhanushka bro. ekenma oluwa pahath karala respect sinhayek ekenma,0,singlish
obata motar rathayak thibeda mama obawa ehi regena yanne netha uthuru emarikawe anka eke sonduru reethiya motar rathaye aganthukayan netha,0,singlish
"ane oya, awajathaka wage hariyata.",1,singlish
ohu adak pudl saha adak mura balla adak mura balleki,1,singlish
me comment eka danapu eka gon harakek ane.,1,singlish
"me comment eka danapu eka hariyata gon athal karaya wage wada karanawa, boruwata katha karanne.",1,singlish
"ane oya ge kathawa, gon machan.",1,singlish
oya ge idea eka ge kathawa ahuwama gon athal karaya kiyala hithenawa.,1,singlish
api digatama yannemu oba eya methenin pitathata gena yanu etha obata kisidaka nathara kala noheka,0,singlish
mehema wada karana eka nam wal buruwa ne me wage wada nawaththapan.,0,singlish
kawuda oyata me mahimaya kiwwe prashna ahanna eka oyage thena neweyi eka eththa,0,singlish
eyi oya ehema kale mata balanna ona dawasak mona wageda kiyala,0,singlish
oba ema kos walin sedu de eya napurak pennum karayi,0,singlish
nehe karunakara mama oben ayadinawa janelaya langata yanna,0,singlish
mata wishwasa nethi athara obe birinda obe kriyakarakam gena dannawa ho sakshi thibe,0,singlish
mage sahayakaya ada ayin wuna hari eya wyapthiyata godak watinawa ane baba mata samawenna oyata wena kenekwa ganna berida,0,singlish
eya thamayi den eyawa weerayek karanne kiyala,0,singlish
mokakda me oya ge awajathaka wage wada? lajja nadda.,1,singlish
ohu thatakaya asala wadi wee biyar bomin ha gon katha karana bawa soya geneemata mama wehesa mahansi wee weda karami,1,singlish
mokakda me oya ge post eka ge gon athal karaya wada? ne.,1,singlish
ow mata kiyanna eyi oya oya moda banis enduma endagena inne eyi oya e moda miniha enduma endagena inne kiyala,0,singlish
mata mage de palanaya kara geneemata noheki wanu etha lejja sadhakaya ma thallu nokara mata ahimi wanu etha,0,singlish
sanwedi e sanwedee de ahanne nethuwa minissunta denena heti kiyanna puluwan,0,singlish
thopi rallata chande dela den sanepada,0,singlish
saha eya weradiyi saha weradi de kiyanne kawuda,0,singlish
rosa karunakarala oyata mokuth kiyanna be,0,singlish
oya ge kathawa ta kiyanna one gon wage wada nawaththanna kiyala.,1,singlish
oya ge post eka nam weda bari machan.,0,singlish
"oya ge wada, uba nam gon oya wage aya nisa thamai mehema wenne.",1,singlish
eya semawitama agulu dama etha namuth menna oba ethule oba nowe,0,singlish
"ane me video eka balala comment karana eka, awajathaka wage thamuse.",1,singlish
mokakda me oya wage kenek ge gon wada? ban.,1,singlish
obawa greesiyata yewwe kawudeyi mama nodanimi,0,singlish
me wage hitha nathi athal danne nathuwa tikak hithapan uba.,0,singlish
keyla vidakna.,0,singlish
oya ge kathawa gon harakek tikak igena ganin.,1,singlish
oya ge post eka nam hariyata therumak nathi oya wage aya nisa thamai mehema wenne.,0,singlish
oya ge wada ta kiyanna one gon athal karaya wage wada nawaththanna kiyala.,1,singlish
"hariyata baluwoth oya awajathaka wage wage ne, ban.",1,singlish
mama obata udaw kireemata kemathiyi samahara wita oba yamak sithanu etha,0,singlish
ow mata therenawa mama hithanne oya den yanna one yathura bima,0,singlish
oba nisekawama mama siyalu kamara saha wesikili pareeksha kalemi,1,singlish
oya mokada kiyanne oya dannawada eya oyata kiwwa eya mata hondata yojana karanawa kiyala,0,singlish
"ane manda oya, gon wage behave wenne ai? hariyata behave karapan.",1,singlish
mama kemathi ethana api ekata sitiya yuthuyi,0,singlish
mata balanna denna eka allanna epa eka bhayanakayi eka dora erenawa,0,singlish
mama danne nehe pare thanayamak ho yamak thibedeyi balamu handen parissam wanna,1,singlish
oya gon katha mata epa wenna epa oya kohomada mawa mehe hoyagaththe,1,singlish
mokakda me oya ge gon wada? comment karanna kalin hithapan.,1,singlish
mama paswana abhyawakasha madhyasthanaye innawa adaraneeya oyata kohomada mama hondin thaththe oya kawadda gedara enne,0,singlish
"ane me video eka balala comment karana eka, weda bari comment karanna kalin hithapan.",0,singlish
samahara wita hondayi mama selakilimath wuna,0,singlish
oya ge reply eka nam gon harakek ne ane.,1,singlish
eka karana loku eka,0,singlish
"hariyata baluwoth oya ge idea eka gon wage ne, hariyata.",1,singlish
niw york wala wenas wenna puluwan samahara wita mama balanna awoth apita denaganna puluwan,0,singlish
eyi eya giya masaye wiwaha wune neththe,0,singlish
ballage rathree bhojana sangrahaya awata siduwana de sparsha karana bawak dene,1,singlish
hari hari eth wena monawa hari unoth oya mata porondu wenna one mata katha karanawa kiyala,0,singlish
ow mama ethek dumriye sitimi,0,singlish
oya eyage nambar eka gaththada mama dannawa e kawuda kiyala,0,singlish
ohu wathayata athurudahan wee netha,0,singlish
thawath adahas ow mewara oba udaw karanu etha,0,singlish
oya ge wada mehema karanne awajathaka wage nisa da? danawada mokakda kiyala.,1,singlish
obata hondin awashyada mama adahas karanne nehe mata puluwan kiya ho apata katha kala hekiyi kiya,0,singlish
oba eththatama sithanne mehi yamak weradee etha,0,singlish
"hariyata baluwoth oya ge kathawa awajathaka wage wage ne, hariyata behave karapan.",1,singlish
kopaye midi oba pudumayi,0,singlish
mokakda me wiwtha karanne kiyala,0,singlish
mokakda me oya ge post eka ge gon harakek wada? meka dakka gaman hina yanawa.,1,singlish
apu gaman balanne bari una sorry,0,singlish
thawath ek hereemak eyayi,0,singlish
hondayi jeewithaya sadharana netha e siyalla sapeksha bawa api danimu matath mudal awashyayi,0,singlish
obata warin wara satan kireemata siduwee etha eththa nowe,0,singlish
ehema neda babala enne kiyala mama kiyanne minissu babala oya ethule hedenawa neda eka wenas petiyo,0,singlish
umbala awajathaka wage hariyata behave karapan.,1,singlish
mehema wada karana eka nam wikarayak ne comment karanna kalin hithapan.,0,singlish
dedi udu tholak thaba geneema epamanayi,0,singlish
"oya ge wada, meka nam gon athal karaya level ekak. thamuse.",1,singlish
oya wage kenek mehema karanne gon athal karaya nisa da? kiyala therenneth ne.,1,singlish
ane deyiyane oya mokuth kale ne mama eyawa meruwe ne,0,singlish
"hariyata baluwoth oya ge wada wadak nathi wage ne, comment karanna kalin hithapan.",0,singlish
ammo ow luyis ada re mata katha karanawa mata e wattakka gediya ganna gedara inna ona,0,singlish
ohu adahas karanne siragatha nowana chithrapata wargayaka ow api balamu,0,singlish
parissam wenna oya koheda yanne kiyala,1,singlish
masa hayak pamana obe rudhiraye thibu purogameenge abhimanawath jangama log kuti mata awashya tharam wardhanayak saha abhiyogayak idiripath kale netha,0,singlish
"hariyata baluwoth oya ge idea eka mole kalpana nathi wage ne, me wage wada nawaththapan.",0,singlish
mama nokala deyak karanna math ekka sellam karanna epa thawath kiyanna deyak nehe,0,singlish
meetar nawaya atak wenna be eka kamare ethule,0,singlish
mama kiwwe oya magen wen wuna neda oya wihilu karanawada kiyala,0,singlish
mokakda me oya ge kathawa ge gon harakek wada? thamuse.,1,singlish
obe awadhanayata lakwiya yuthu miniseku obata muna nogesunu minisa thawamath ipadee nethi bawa,0,singlish
paripurnayi sar,1,singlish
oya ge wada mehema karanne gon athal karaya nisa da? lajja nadda.,1,singlish
saha yam akarayaka tharamak asaneepa hengeemak ethi wana athara eya obata wesikiliyata yamata awashya we,1,singlish
mata thathparayakin asarthaka arakshitha lakunak matha pariganaka kiyaweemak awashyayi,1,singlish
mata eyawa nethi kara ganna beri una jim balayi mama oyata kiwwa,0,singlish
"ane manda oya, awajathaka wage wage behave wenne ai? hariyata wada karapan.",1,singlish
oya ge reply eka ge me wage awajathaka wage comment dakkama epa wenawa.,1,singlish
oya ge idea eka awajathaka wage boruwata katha karanne.,1,singlish
ehenam mokada wenne mama ada doktar gawata giya,0,singlish
hoda wade okunta parawal aine minissunta karadara wenna kada danawata,0,singlish
oya wage kenek hitha nathi oya wage aya nisa thamai mehema wenne.,0,singlish
"mehema wada karana eka hariyata gon athal karaya wage wada karanawa, danawada mokakda kiyala.",1,singlish
"""puluwan nm. me pansala gana weda satahank krnnn",0,singlish
kunatuwak hama yamen bereemata apata methenin pitawa ya yuthu athara api ithihasayayi mama obata kiyanne obata ema widuli pankawa elesa dhawanaya kireemata awashya netha,0,singlish
oyata honda welawa mokakda kiyala mama danne nehe mata thawama karanna ona dewal thiyenawa kiyala,0,singlish
ane wasantha aiyage oyage paula laban atme ekatama ipadenna oni oyalage jewethe lassanai,0,singlish
oya ge post eka nam gon athal karaya kata wahagena inna.,1,singlish
oba magen balaporoththu wana de oba bala sitinu etha,0,singlish
oya apiwa saththu wage dadayam kale mokakda kiyala oya dannawada oya kee denek meruwada kiyala,0,singlish
"ane oya ge wada, gon harakek danawada mokakda kiyala.",1,singlish
wiwidha ginum pahakin mema chekpath paha ekathu kala wita ewa oba wihilu karana dolar miliyanayakata samana we,0,singlish
ohu kala deta pasuwa pawa obe minisa samanga ketharam mihiri sthawarayak thibeda oba yamekuta adaraya kireeme wishala kotasak ohuta samawa deemata heki wana paridi itha awabodhayen katayuthu karana pudgalayeki,1,singlish
namuth bererum wanna sonduriya oba anathure sitina athara oba peris hera ya yuthuya netha netha api pitawiya yuthuya,0,singlish
"oya, uba nam hariyata therumak nathi poddak mole pawichchi karapan.",0,singlish
isuru kiyanne sakkiliyek u hirhan inne u hari porak kiyala paka hukanawa ath harinawa pandethakam dhodawanawa amu gawaya,1,singlish
idiriyata yanna kurulu balla oba siyalla pehediliyi,1,singlish
sathi dekakata kalin oyawa genapu welawe indan oyata sihiya ne,0,singlish
oya ge post eka nam gon ne kata wahagena inna.,1,singlish
deyiyane eka lassana namak oyata beemak aran denna api uda thattuwata gihin katha karanna puluwanda methana godak hayiyen,0,singlish
ow mama eya asa eththemi obata thawath onema deyak awashya bawa mama danimi oba wenath kenekugen illanna,0,singlish
namuth mata ema poth awashyayi oba mata obe piya mathak kara denawa ohu kawadawath chayarupa elbamayak illa nositiyath ohu nitharama kegesuwa,0,singlish
eya mage da nowe eya oba apasu peminiye kumak sandaha ya,0,singlish
ne mata mage lokkawa maranna ona apayen eliyata enna asaneepa awajathakaya,1,singlish
oba ema mineemerum sidu kala pudgalayan samanga katha karanu etha eya honda adahasaki awasanawakata owungen bahutharayak kriyathmaka kara etha,0,singlish
"ane me video eka balala comment karana eka, weda bari ane.",0,singlish
ow ithin mama yanna hodayi eka eththatama hondama welawa neme katha karanna oya kemathi oyage palaweni dawasedi eya ekka lingikawa ekathu wenna,0,singlish
samawenna mama neethi hadanne ne meka gon wedak,1,singlish
me wage wada karana aya mehema karanne wada nodanna nisa da? hariyata behave karapan.,0,singlish
"hariyata baluwoth oya wage kenek gon harakek wage ne, ban.",1,singlish
obata thereemak nomethi wita ese kireemata apahasu bawa pewaseema itha sarala ya,0,singlish
nadu wibhagayedee eya sidu wu akaraya gena mama oba gena sathutu wemi,0,singlish
okagen beruna unath loku deyak,0,singlish
"oya ge kathawa, uba nam moda kata wahagena inna.",0,singlish
pukarudayata jayen jayama wewaa.,1,singlish
me video eka balala comment karana eka ta kiyanna one chater wage wada nawaththanna kiyala.,0,singlish
api sandarshana keeyak karala thiyenawada ane manda,0,singlish
mama wasanawanthayi hisa papuwen berenna eeta wada naraka wenna puluwan,0,singlish
eya sihisunwa sitinne keseda namuth owun sithanne eya eya sarthaka wanu ethi bawayi,0,singlish
mama thawa monawada elawanne,0,singlish
"me wage wada karana aya hariyata gon athal karaya wage wada karanawa, tikak igena ganin.",1,singlish
"ane manda oya ge reply eka, moda wage behave wenne ai? thamuse.",0,singlish
parissam wenna eththa washayenma mama parissam wennam,1,singlish
mata awashya e awajathakaya merenawa obata samuhaya palanaya kireemata awashyayi owunge weeraya mara demeemen obata eya laba gatha noheka,1,singlish
medam bonapatge puhunukaru ow sar samanga pemini pariwara hamudawata ana deemata obata pewaruwe ohuda,1,singlish
"mehema wada karana eka, uba nam moda yakku wage kata wahagena inna.",0,singlish
samahara wita sathiyen pasu mulinma mata rekiyawak soya geneemata sidu wiya mee peni sandaha oba danna rekiyawak apata soya gatha hekiya oba abhinaya kala bawa apata bala gatha hekiya,0,singlish
mata paddhathi pariwarthaka hatharak awashya wanu etha ewa newatha mehi etha,1,singlish
eyi mama mokada karanne kiyala wedata yanna epa,0,singlish
oya ge kathawa mehema karanne gon nisa da? ane.,1,singlish
oya ge kathawa nam gon harakek ne kata wahagena inna.,1,singlish
mokakda me me video eka balala comment karana eka ge weda bari wada? poddak mole pawichchi karapan.,0,singlish
kawda thaththe kawuda oya kawuru unath methanata awa,0,singlish
thanikarama aushadheeya aramunu sandaha mama hithuwa oya ammata porondu wuna oya nathara kala kiyala,0,singlish
"ane manda oya wage kenek, awajathaka wage wage behave wenne ai? ne.",1,singlish
me video eka balala comment karana eka gon ban.,1,singlish
e nisa ballanta chalanaya wana kotas wishala pramanayak nometha,1,singlish
mark athharinna eya balaporoththu wirahithayi mama hithanne mama eyawa andinna patan gannawa kohomath tikak thiyenawa,0,singlish
mehidee obata wishwasayi,0,singlish
oba samanya wesiyeku wenuwen prashansaneeya lesa obawa araksha karayi,1,singlish
mama wishwasa kala wishala wenasak etha den mata etharam wishwasa netha,0,singlish
"oya ge wada, meka nam gon harakek level ekak. hariyata wada karapan.",1,singlish
yakoo meeka hindi sindu kiyanawane adenna.. mu indiyawe hitiyanam patta porak welaa aniwaa,0,singlish
meka karanna epa eka iwarayi,0,singlish
oba udu rewulak wawa gatha yuthuyi oba sebe minisek den mata udu rewulak wawanna behe eka kawadawath ekakarawa enne nehe,0,singlish
eth oyata wedi sadde ehune ne mokada oya nagena hitiya ow mama mage konde sodamin hitiya,0,singlish
ammi mata kshanika ahara kanna denne ne oya dannawa eka oyata narakayi kiyala oya dannawane apita hemawelema loku mek ekak saha cheri piriwetumak oya kemathima horen ganna puluwan oya monawada kiyanne,0,singlish
"oya, meka nam gon level ekak. comment karanna kalin hithapan.",1,singlish
eya kese penunath anugamanaya karanna namuth me eyi,0,singlish
sathayakwath nowa thispahe babunta hondin sawan denna,0,singlish
mama kalin nositi bawa oba dena sitiya neda oba ma samanga sitiye eyi mata awashya wu athara oba weli minisun mara demeemata hethu wuye obayi,0,singlish
ada re loku dinayak ow anumana karanna,0,singlish
thamusege edum edaganna oyata ayithiyak ne oyata magulak ne hari awajathakayo methanin yanna,1,singlish
oya ge reply eka pissu wage boruwata katha karanne.,0,singlish
akarshaneeya nana kamaraya,0,singlish
ane jesu oya dekkada dewiyane apita karapu de deyiyane ehema kale ne oya eka kale ape koken uru math drawya karayek,0,singlish
mama mulinma wedi thebuwoth mama hithanne nehe oya langa thuwakkuwak thiyenawa kiyala,0,singlish
"hariyata baluwoth uba awajathaka wage wage ne, meka nam athi.",1,singlish
hutto me wage comment damma asawen balana unta epa wenawa ube pake comment eken danagaghthe lankawa dinala kiyla e nisa balala wadak nane huto,1,singlish
ow sthanaya wasa demeemata kalaya itha honda namuth mata eya wasa demeemata nidahasata karunak netha,0,singlish
mama hithanne oba eya nomilaye karayi kiya oba ikmaninma obata kela gasayi eya mama karanne eya mage karyayayi,0,singlish
ne mama kiyanne oya oyage puthata me loke hemadetama wada adareyi,0,singlish
oya ge post eka nam gon boruwata katha karanne.,1,singlish
oyata mawa methana thiyaganna be meka gon jarawak meka magulak gon wedak apita eyalata ethulata yanna denna awadanamak ne,1,singlish
e wagema oyage amma godak lassanayi eya oya gena adambara wenna ethi eya kawadawath mawa wisheshayen selakuwe nehe,0,singlish
oba adahas karanne kumakda yanna pehedili netha,0,singlish
oya kohomada danne eka mechchara loku deyak kiyala mata therune ne kiyala,0,singlish
meeta wasara pahakata pera obe mawa miya yama gena eseema gena mata kanagatu wiya,0,singlish
ohuge spandanaya parissamin pareeksha kireemata mata udaw karanna,1,singlish
me comment eka danapu eka ta kiyanna one gon harakek wage wada nawaththanna kiyala.,1,singlish
"ane umbala, moda yakku wage hariyata behave karapan.",0,singlish
"ane manda me wage wada karana aya, wikarayak wage behave wenne ai? danawada mokakda kiyala.",0,singlish
me wage wada karana aya ta kiyanna one wada nodanna wage wada nawaththanna kiyala.,0,singlish
me wage wada karana aya nam moda ne ne.,0,singlish
eya magen sengawee sitinne eyideyi mama nodanimi,0,singlish
oba mage samagama gena asaneepayi mama adahas kale eththa washayenma nehe,0,singlish
"ane oya ge reply eka, mole kalpana nathi machan.",0,singlish
me kalabalayata path wu kenekuta samanya penumak laba diya noheka,0,singlish
owun obata ida denawada mata e gena katha kireemata awashya netha,0,singlish
"oya ge post eka, meka nam awajathaka wage level ekak. hariyata wada karapan.",1,singlish
ethulathin api ekata weda kala oba ethulatha mage kramalekhana kandayame sitiya,0,singlish
ohu methakadee winakiri walin piree etha ohu rekiyawak selasum karayi,0,singlish
"ane manda oya ge wada, gon harakek wage behave wenne ai? machan.",1,singlish
mata kellangen kollanta kiyanna be ow ow eka amaruyi wage,0,singlish
obe dethin ho obe diwen obata saneepa netha,0,singlish
awajathakayan apiwa abhibawa giya mama hithanne apita thawama awasthawak thiyenawa kiyala,1,singlish
oya mokada karanne thawa ekekwa maranna be mage yaluwo maranna be,0,singlish
dew oba dannawa mema margaya gaman karana sthanayata wada durin eya gaman karayi,0,singlish
jarmanu hamudawen adak apage waligaye sitina bawa mata mathaka thaba geneemata awashya nowana paridi mama ewa mage dinapothe liya thebuwemi obata ma barlinayata sinha guhawata yamata awashya we,1,singlish
mata hemadema eka parak thibuna nisa mokada une,0,singlish
eththa washayenma eya itha dushkara nowe samahara wita pelambaweema onewata wada wedi ya,0,singlish
oya ge wada ge kathawa ahuwama mole nathi kiyala hithenawa.,0,singlish
mata eththatama samawenna gonata oya apita waira karanawa oyata apiwa eyalata kanna denna idak hari adak thibuna nam,1,singlish
oya hithuwada eka lesi weyi kiyala oya hithuwada eya eka oyage pamula thiyanna yanawa kiyala apita oyage udaw ona,0,singlish
oba meya laba ganne kohenda eya kamak netha eya parama pirisiduyi,0,singlish
ude aharaya sandaha dolar siyayak ingiyak thabanna,0,singlish
oba barkli wetha peminena bawa eya danne netha eththa washayenma eya thawamath apa wiwaha wana bawa danne netha,0,singlish
mata samawenna mama kiwwa misee oyage rekiya mathkawa mokakda kiyala,0,singlish
oyata mokada wela thiyenne kiyala mama danne nehe mata me wage dinanna ona wune nehe,0,singlish
menna oba pohosath minisun dedenek mama kanassallata path wu awastha ethi bawa mama piligannawa mahathmaya,0,singlish
"ane oya ge reply eka, gon meka nam athi.",1,singlish
mata obata yamak penweemata awashyayi oba mulinma ma wenuwen yamak kala yuthuyi,0,singlish
eka kamak ne eka ganna mata oyage satha panaha ona ne,0,singlish
owunge charitha lakshana monawada nugath neerasa nuwanethi kammeli saha awasanawantha,0,singlish
eya thawamath wishalathama lakunu wanu etha,0,singlish
oya mage oralosuwe thundenek merila thiyenawa eka eliye nam eka merila oyata eka theruna,0,singlish
kawuda me mama saha mage thaththa,0,singlish
"oya ge wada, meka nam gon athal karaya level ekak. comment karanna kalin hithapan.",1,singlish
mage nama balaporoththu wanne meya wishwasaya punyayathanayak wana athara obata gehenu lamayin thideneku lebuni,0,singlish
heyi mama thamayi mulinma piliganne mama weradiyi kiyala ow anthima wathawa kawadada kiyala,0,singlish
"oya ge post eka, uba nam hariyata therumak nathi oya wage aya nisa thamai mehema wenne.",0,singlish
eyage le bima thibba mawa apahu kohenda genawe,0,singlish
oya wage kenek nam gon ne ne.,1,singlish
oya dannawane api sathi ekahamarak ekata yanawa saha mokakda kiyala,0,singlish
oba wiwaha wee wasara wissak gatha wu pasu dawasaka obata eya wetahenu ethi bawa mama piliganne netha,0,singlish
"oya ge reply eka, uba nam gon harakek hariyata wada karapan.",1,singlish
quran eka ( muslim ayage aagamika granthaya ),0,singlish
saha mama kiyana kreedawa kumakda me siyalla itha bhayanaka lesa widhimath ya mama obata doktar peel ematheemata ya yuthu ya,0,singlish
ow oya ayeth enna one ow shuwar,0,singlish
"""matakayan hada parawai..",0,singlish
oya ge post eka nam gon athal karaya hariyata behave karapan.,1,singlish
jeewithaya his wu minisek jeewithaya his wu minisek mama dutuwemi,0,singlish
feral hah sampurnayenma apirisidu nowu ohu desa balana wita ohuta ingreesi therenne netha ohu satheku men gaman karayi,0,singlish
oba gaurawaneeya lanchanayak lesa prakasha karana paryeshanaya jalaya unu karanne kumak deyi obawath nodanne e nisa api widyagnayin bandawa ganimu,0,singlish
kohomada atha hondin,0,singlish
"umbala, uba nam gon harakek meka dakka gaman hina yanawa.",1,singlish
"oya ge idea eka, uba nam gon tikak igena ganin.",1,singlish
oya ge kathawa nam hariyata therumak nathi ne ban.,0,singlish
"mehema wada karana eka hariyata gon wage wada karanawa, meka dakka gaman hina yanawa.",1,singlish
oba eyata kemathi netha oba hondayi eya tikak amu bawa pene,0,singlish
mata karadarayak ne ow oya mama dannawa minissu amaruwe wetenakota oyawa,0,singlish
ane eththatama ow eththatama mama magulak ne machan mama magul polis karayek,0,singlish
mata hariyata wame inna eka karadarayak,0,singlish
obata eya gatha noheka eyi neththe,0,singlish
sara lorans spandanaya kireema sandaha samana padayak wanne rate anek peththayi,1,singlish
mokakda me me wage wada karana aya ge boru karaya wada? me wage wada nawaththapan.,0,singlish
api hemoma thirisanun mage adaraneeya boho denek eya penweemata biya wana athara obath biya nowanna,0,singlish
mekaroni saha chees samanga kraft walin kisima wargayak nehe mama sathiya purawata e dewal walata asha kala,0,singlish
e mage kapat pirisidu kireeme wen rathaya nethi weemata pera ohu eya kapa harinu etha,0,singlish
"me video eka balala comment karana eka, uba nam gon harakek meka dakka gaman hina yanawa.",1,singlish
"ane manda mehema wada karana eka, gon harakek wage behave wenne ai? tikak igena ganin.",1,singlish
oya ge wada ge me wage gon comment dakkama epa wenawa.,1,singlish
"uba hariyata gon harakek wage wada karanawa, thamuse.",1,singlish
eya oba kala wishishta paharak wiya namuth oba mata tikak malakada gasa ethi bawak pene oba kumak karannedeyi kalpana kaleya,0,singlish
"hariyata baluwoth oya ge wada gon wage ne, comment karanna kalin hithapan.",1,singlish
oba mema godanegille jeewath wanne obama ya ow mama den mehi jeewath wanne thaniwamayi,0,singlish
samahara wita pasupasa pati ira demeema pahasu ya oba ballan nomethiwa hisa geneemata uthsaha kalahoth owun apayak men satan karanu etha,1,singlish
mokada eeye eya gedara awe neththe,0,singlish
oba adahas karanne kala sandarshanaya saha puwathpatha samanga mulu wyaparayama eya niyatha washayenma ya,0,singlish
eya karanna mama obata sathiyakata dolar siyayak dolar siyayak dennemi,0,singlish
mata onama deyak karanna,0,singlish
hari panu miniha kata hari e minissunwa weralen ayin karanna puluwanda mata samawenna mama methana monawada karanne kiyala mata kiyanna oya kemathida,0,singlish
samawenna sar mama oba samanga wachanayak kiyanna kemathiyi ane amme mata pramadayi,0,singlish
eyath den merila inne eya nenee kenek mokada karanne nenee,0,singlish
kurulu kurullek ohuta athaharinne nehe ohu rogathura wiya hekiyi ohu mage dewiyan wahanse mage dewiyan wahanse paripurna lesa hondin pene,1,singlish
ma aharayata gaththe ghana proteen proteen jeernaya jalaya bhawithayedee itha mila adhika wana malu pamani,0,singlish
ema bas rathaye hasyajanaka deyak dutuwa ow eyata awasan newathum hathara maga heruni,0,singlish
eya ma nowe mama kanassallata pathwa sitimi mama hondin karannemi,0,singlish
oya bayayi kiyala poddak inna,0,singlish
me kotuwalin wisil saddayak awada oya kohomada danne,0,singlish
namuth pasuwa eya eyata goda wu wita eya eththatama eyata ethul wuwaya eya hondayi ege puka ganda suwanda denune keseda,1,singlish
eth wela inna hem denna kolla mawa aran yanna,0,singlish
mama doren eliyata giyoth ada re methanata enne kawuda kiyala,0,singlish
mata miliyanayak awashya netha mata awashya ekak paripurna ekak nowe ankura,1,singlish
"oya ge kathawa hariyata gon athal karaya wage wada karanawa, meka nam athi.",1,singlish
mama hithuwa oyata den pemwathiyak innawa kiyala mama kawuruth dakinne nehe oya gena mokada kiyala,0,singlish
mokakda me oya ge gon harakek wada? kiyala therenneth ne.,1,singlish
"ane me video eka balala comment karana eka, wal buruwa meka dakka gaman hina yanawa.",0,singlish
mama eya karanawa namuth mama eya dakinne kamukathwayata path kireemata tharam pirisidu kara ethi yatharthaye fentasi anuwadayak lesa pamani,0,singlish
oya kohomada mama hondin karanne edam oya kohomada oyata honda karanne,0,singlish
thaththa jeewath wenna monawa karayida kiyala balanna oya kemathi nedda mata pahara denna,0,singlish
katahari thawa ekak onada oyata thawa beemak ona,0,singlish
e dewal kawadawath weda karanne nehe kawadawath api hemotama patiyak lebenne nehe,0,singlish
oya mata shapayak karanna epa honde yagna karana eka hondayi,0,singlish
polime yanna ayiye mama balan inna kemathi ne,0,singlish
mata mage miniha tika welawakin apahu one oya kohomada methanata awe,0,singlish
me comment eka danapu eka mehema karanne awajathaka wage nisa da? thamuse.,1,singlish
e siyalla mudal gena nowe eya semawitama nowe,0,singlish
oba ottu allanawa oba ese hesirenne nehe kiyala,0,singlish
oba obe wal peleti menma ran sannaha kos pelanda sitinne sebe kumarayeku men shura lilee mama obata adareyi,0,singlish
den ne ow sar,0,singlish
oya ge reply eka gon kiyala therenneth ne.,1,singlish
oyage hithe monawada thiyenne grem pahak ho mama weda karanawa,0,singlish
ghana satanaka dee rathu kopayata pamanak oba alla geneemata ida diya yuthu ya mama e siyalla dahas warak asa ethi bawa mama danimi,0,singlish
ne sar e kawuda neweyi,0,singlish
baya wenna epa mata eka theruna eka kohomada kiyala mata kiyanna,0,singlish
mama hithanne mamath oyata karanna one,0,singlish
thiyunu jekat ekak obawa hamuweema sathutak,0,singlish
mama kemathi ne amaru magulak balagena inna ayiye me miyami oyata math ekka monawa hari katha karanna ona,0,singlish
eyi oya mata kiwwe neththe mata eya gena oyage hitha hadanna oyata ida denna ona kiyala,0,singlish
"hariyata baluwoth me wage wada karana aya gon harakek wage ne, oya wage aya nisa thamai mehema wenne.",1,singlish
"hariyata baluwoth umbala awajathaka wage wage ne, danawada mokakda kiyala.",1,singlish
owun obata rathu lesa handunwanne kumakda saha mama ponnayek nowe,1,singlish
oya magen ahanawa eka harima lassanayi oyage nama mokakda kiyala apahu amathaka karanna,0,singlish
mama obata kiwwa neda mama ada barlin madiliya arambha kireemata sudanam bawa e akarayen obata badagini nethi bawa obata wishwasayi,0,singlish
mama danne nehe ohu kawadawath dadayam nokaranu etheyi mama balaporoththu wemi ohu kisi witekath wenath miniseku mara nodamanu etheyi mama balaporoththu wemi obath meya balaporoththu we,0,singlish
apoyi ithin mokakda prayojane oya ayeth ape paribhogikayanta ehema katha karanawata mama kemathi nehe,1,singlish
mokakda me umbala ge awajathaka wage wada? ban.,1,singlish
eyata obe mudal laba deemata awashyayi eya nositiye nam polis niladhariyek den dorata thattu karamin oba mawa soya ganne keseda,0,singlish
mata yanna denna debee mama oyata kiyanne mama amaruwen kisima deyak kale nehe kiyala,0,singlish
onna yaluwane mama peya bhagayakin eliyata giye nethnam paripuraka waidyawarun genwanna,1,singlish
mata thaniwa siteemata awashyayi eya ese nowe obata thaniwa siteemata awashya netha,0,singlish
oya ge wada ge kathawa ahuwama gon harakek kiyala hithenawa.,1,singlish
heyi balanna mata sen diyago hi weda tikak wetuna oba ma samanga enna kiyanna dina kihipayak inna heree mata behe,0,singlish
oya ge wada awajathaka wage kiyala therenneth ne.,1,singlish
oya dannawane mage putha ape hamuduruwo kiwwa oyage mahaththaya kiyala,0,singlish
hondayi mama eththatama danne nehe oba sampurnayenma pissu wiya yuthu bawa herennata kumak kiyannadeyi mama nodanimi ebewin oba sithanne mata pissu yeyi kiyaya,0,singlish
mama oyata tikak hadala dennam oya ada enna ethi,0,singlish
"oya wage kenek, meka nam gon athal karaya level ekak. ban.",1,singlish
ane metto adanna epa petiyo hemadema hariyayi,0,singlish
mokakda me oya ge wal buruwa wada? ne.,0,singlish
masa atak mama kolombiyawe sitiye watapita balamin namuth oba kopamana welawak kreem eke sitiyada yanna kisiwak rasawath bawak nopenuni,0,singlish
e nisa api eya ethenin thabamu ewita mama nodanimi,0,singlish
mokakda me me video eka balala comment karana eka ge mole kalpana nathi wada? thamuse.,0,singlish
mokakda me oya ge kathawa ge kata witharai wada wada? meka nam athi.,0,singlish
api hemadama mehi siti apata eya wenas ya,0,singlish
hondayi samahara lamayinta eya hesirawiya noheka obata eweni dewalin ekak eya thula wardhanaya wiya,0,singlish
oba nirmala nam ma nopenwanne nam ohu pala yanne netha eya kanyabhawaya pilibanda pudumakara pareekshanayaki,0,singlish
ow mama dannawa mama hondin dannawa ah oya dannawa eya thuwakkuwa kewa kiyala,0,singlish
"hariyata baluwoth uba awajathaka wage wage ne, oya wage aya nisa thamai mehema wenne.",1,singlish
eya pudgalika depalak wana athara ma sathuwa hektar hektar kisiwak nokaranu etha,0,singlish
hima wetenawa kiwwa nagula thiyena thenata ganna kiyala,0,singlish
ow eyi eya eeye benkuwe hitiye,0,singlish
"me video eka balala comment karana eka, uba nam mole kalpana nathi kiyala therenneth ne.",0,singlish
naththal dosha sandaha tharamak kalin yudewwekuta ohuge thegi dena wita ohuge hadawatha ohuta pewaseemata ida diya yuthuya,0,singlish
obage samanya gasthuwen paribahirawa eyata kopamana amathara mudalak weya weda amathara gasthu kisiwak netha,1,singlish
"me video eka balala comment karana eka, uba nam gon me wage wada nawaththapan.",1,singlish
uba mehema karanne weda bari nisa da? machan.,0,singlish
ada re ow eyage demawpiyo nethi nisa eka doshayak weyi,0,singlish
samawenna puhunukaru samawenna puhunukaru,0,singlish
"ane manda uba, boru karaya wage behave wenne ai? ane.",0,singlish
samahara wita sathipatha ho masikawa nikuthu thunak ho hatharak thula,0,singlish
nedakin puduma preshna anunge opadupa hoyanawata wada weda nedda unta hodainm apita mokada,0,singlish
"oya wage kenek, meka nam wikarayak level ekak. tikak igena ganin.",0,singlish
eya samanyayen obe pada yatin bima wetena wita oba danna pramanayata wada niweradi wiya heka,0,singlish
mama karnal blek oba sagayan den pasukara yana wita apata pewaree etha he,0,singlish
ane oya thawama mukuth dekke ne oyage ayiya yanna lesthida,0,singlish
mama danne nehe apata upades dunne eyawa geniyanna kawuda kiyala,0,singlish
"ane manda oya ge wada, mole kalpana nathi wage behave wenne ai? machan.",0,singlish
oya ge post eka ta kiyanna one gon harakek wage wada nawaththanna kiyala.,1,singlish
hari hari oyala denna dige yanawa mata one mawa athadanguwata ganna,0,singlish
oya ge wada gon athal karaya hariyata wada karapan.,1,singlish
oya ge post eka nam loku talk karana moda poddak mole pawichchi karapan.,0,singlish
obe thotillata ihalin bayineththu sahitha jangama durakathanayak oba sathuwa thibuna,0,singlish
eya barapathala deemanawak mama den wissak gewa eya apasu laba geneemata kemathiyi,0,singlish
"oya wage kenek, uba nam gon ane.",1,singlish
hondata endumak endala mage ehe gahagena hitiya,0,singlish
mokakda me oya ge kathawa ge gon athal karaya wada? lajja nadda.,1,singlish
mage sahodaraya saha benanuwan dina dekakata pera miya giya wita owunge piduru karaththaya peralunu wita api thuwala harana akaraya desa balamu,0,singlish
oya ge kathawa gon hariyata wada karapan.,1,singlish
oya ge post eka mehema karanne awajathaka wage nisa da? tikak igena ganin.,1,singlish
hari eka deka thuna hathara paha paha pansiyayak parissam mee peni mama sathutu wenna,1,singlish
oya ge wada mehema karanne gon harakek nisa da? ban.,1,singlish
mama masayak kuharaye gatha nokarami ewita obata preethimath gamanak ya hekiya ewa oben iwathata geneemata mata ida nodenna,0,singlish
oya ge reply eka kata witharai wada hariyata behave karapan.,0,singlish
obawa ahimi weema gena apata boho kanagatu wanu etha samahara wita mata obawa ada diwa aharayata gena ya hekiya eththa washayenma mama ada diwa aharaya nokami,0,singlish
muladee eya obata ridawanu etha namuth obata wetahenu etha api ekata shakthimath wanu etha obata pissu oba siyallantama pissu,0,singlish
eka mata lesiyi oyage poth kiyewwa oh oya mage poth kiyewwa oya mage poth walata thiyena dewal walata wada dewal karanawa,0,singlish
oya ge post eka nam gon harakek boruwata katha karanne.,1,singlish
ow mata gedarata katha karanna mama nambar eka dennam hari baba,0,singlish
e nisa oba mata ow kiyanna kemathi deyi dena geneemata awashyayi,0,singlish
mama danne nehe mona behethda eyata ridenne kiyala,0,singlish
mokada une kiyala mama danne ne oya gon katha tikak awul tikak,1,singlish
sidu wu deya owun obawa obe hotalayen pitawa yamata seleswu athara oba kalabalayak ethi kaleya,0,singlish
ne benjamin hondayi eya monawada kiwwe mama kuthuhalayen inne,0,singlish
mata me gena obe hondama minisa awashyayi sar karadara wenna epa sar mata niyama kena innawa,0,singlish
"ane oya ge wada, awajathaka wage oya wage aya nisa thamai mehema wenne.",1,singlish
obe aganthukaya adi hayak pahak deepthimath rathu peheyen yuktha wana athara rajayen aramudal sapayanu labana athara ohu adiyarak pasukaramin sitee,0,singlish
prasangaya sandaha eya heloween rathriya wana athara apage prasangaya sandaha welawa oh oba adahas kale rupawahiniye ya,0,singlish
me melkam ape aluth amuththa api ohuta sahodarayekuta men salakamu,0,singlish
methanadee podi gaurawayak labanna yaluwek karanna ona dewal oya niyama manussayek,0,singlish
oya ge post eka mehema karanne gon athal karaya nisa da? hariyata behave karapan.,1,singlish
mata awashya de gena nosithamu obata awashya onema thenaka keseda petrik mata mema theeranaya gatha noheka,0,singlish
eya prahelikawak nowana athara mama adahas kale apa ha ekwanna enna baba mama keewe e jarawa gewanne netha,0,singlish
me wage gon harakek athal danne nathuwa tikak hithapan mehema wada karana eka.,1,singlish
"oya, uba nam awajathaka wage oya wage aya nisa thamai mehema wenne.",1,singlish
eththa washayenma meya wiwahaka niwasak nowe eya upadhiyak wana obata nidana kamara hayak nomethi tharamya,0,singlish
samahara wita api gona katha karanna noya yuthuyi,1,singlish
"hariyata baluwoth me wage wada karana aya awajathaka wage wage ne, ban.",1,singlish
mama bargar parissam wenna danne monawada kiyala hoyaganna one,1,singlish
oya ge kathawa awajathaka wage boruwata katha karanne.,1,singlish
"ane oya wage kenek, awajathaka wage danawada mokakda kiyala.",1,singlish
kle bartrand mata wishwasayi ohu karthuwe pamana ena bawa mama dannawa ohu jo kawuda mama hema bar ekakatama gihin thiyenawa kawuruth katha karanna kemathi nehe,0,singlish
"hariyata baluwoth mehema wada karana eka wada nodanna wage ne, hariyata.",0,singlish
"oya ge idea eka, meka nam awajathaka wage level ekak. danawada mokakda kiyala.",1,singlish
mama hithanne eyata hondatama ridila merila kiyala,0,singlish
oya ge reply eka ge kathawa ahuwama gon harakek kiyala hithenawa.,1,singlish
obe athmaya mama metharam sochcham sulu deyakata karadara karanne eyi oba therum ganee yeyi mama balaporoththu nowemi,0,singlish
oba uthsaha kara honda kalayak gatha karanna ow ow mama karannam,0,singlish
oya nam moda ne hariyata wada karapan.,0,singlish
oya beelada digatama wathura bonawada oyata udeta hisaradayak hedenne ne ow kelle mama kalin methanata ewith,0,singlish
oya ge reply eka mehema karanne gon harakek nisa da? kiyala therenneth ne.,1,singlish
"oya wage kenek, meka nam moda level ekak. meka nam athi.",0,singlish
oba koheda yanne api obawa thanayamedee hamuwemu,0,singlish
umbala nam wikarayak ne kiyala therenneth ne.,0,singlish
obata nagaraye onema kanthawak sitiya heka obata eththatama awashya de jesika dena ganna,0,singlish
eya obata itha sulu doshayaki,0,singlish
"ane manda mehema wada karana eka, awajathaka wage wage behave wenne ai? meka dakka gaman hina yanawa.",1,singlish
owunta kisiwak lebune netha ohu thawamath apawa handunagena nomethi nam ohu itha thiyunu ya,0,singlish
mokakda me mehema wada karana eka ge gon harakek wada? me wage wada nawaththapan.,1,singlish
heyi jek apith ekka ekathu wenna sthuthiyi,0,singlish
mehe enna eya oya diha balagena hitiya,0,singlish
gha sewikawak chatu bas walin parissam wiya yuthuyi obata mawa sipa geneemata awashya yeyi sithanawata wada sathutu sithuwillak ahasa yata thawath netha,1,singlish
eyi oba apata udaw kireemata kemathi eyi mama warak oba wage nisa saha mata udaw kireemata kisiweku ehi nositi nisa,0,singlish
oba bawa mata itha sathutuyi,0,singlish
"ane manda mehema wada karana eka, wadak nathi wage behave wenne ai? lajja nadda.",0,singlish
pitatha dewana ghaye pitupasin obata wesi saha dewal soyagatha hekiya,1,singlish
eya kisiwak nowe eya pinthurayak pamanak nowe owun miya giye kesedeyi oba nodanna bewini,0,singlish
"oya ge wada hariyata hitha nathi wage wada karanawa, oya wage aya nisa thamai mehema wenne.",0,singlish
mokakda me oya ge awajathaka wage wada? poddak mole pawichchi karapan.,1,singlish
mokakda me oya ge idea eka ge chater wada? oya wage aya nisa thamai mehema wenne.,0,singlish
mama doktarta tikak inna dennam,0,singlish
oba gon katha gena katha karanne kumak deyi mama nodanimi oba owun tharamma ehi kotasaki,1,singlish
wiski oyata methanata enna be,0,singlish
balaganna heyi oyata bonna onada mata beema godak thiyenawa mata puluwan,0,singlish
ow nidaganna enna mata winadiyakin seethalayi,0,singlish
mage lom sahitha kapu mithura ma wenuwen nowe oba iwath kara etheyi mama sithuwemi,0,singlish
"ane me wage wada karana aya, gon athal karaya danawada mokakda kiyala.",1,singlish
"ane manda oya ge kathawa, boru karaya wage behave wenne ai? me wage wada nawaththapan.",0,singlish
ohu obata wishwasada mama eya pareeksha kara beluwa eya pirisidu bawa,0,singlish
oba anukampa wirahithayi obata mawa lebunath saneepa nowunath oba kisima deyak dunne nehe kawuda mata eka karana heti kiyala dunne,0,singlish
"oya ge wada, uba nam awajathaka wage comment karanna kalin hithapan.",1,singlish
ehema nethiwa mawa atherala demmoth eka kawahari marala danna puluwan deyak,0,singlish
oya ge wada ge kathawa ahuwama gon athal karaya kiyala hithenawa.,1,singlish
itha prachanda ches kreedawa jeewithaye prathibimbayaki jeewithaya prachandayi shakthimath shakthimath durwala winashayayi,0,singlish
mama obata adareyi oba wiwahaka bawa amathakayi,0,singlish
"oya, meka nam wal buruwa level ekak. ane.",0,singlish
oba eyata adaraya karana bawa eya dannawa pakar mahathata eya den dannawa mama mage dethin sagaraya sparsha karana thuru e siyalla wachana pamanayi,1,singlish
"uba hariyata gon wage wada karanawa, boruwata katha karanne.",1,singlish
adada first time match ekk blnne,0,singlish
"""oya badala na kiyala man hithan hitiye hathiluwe ..??",0,singlish
enna obata wathura asalata yamata awashya netha kar eka nawathwanna,0,singlish
"oya ge idea eka hariyata awajathaka wage wage wada karanawa, lajja nadda.",1,singlish
"""lassanay damiththri akke mama oyata gidak asay mata oyage wahtsapp number eka denna",0,singlish
ada re math ekka inna ona mata rathree aharaya ganna ona,0,singlish
eya apawa siragatha karana gon katha men pene,1,singlish
"oya ge post eka, meka nam moda level ekak. comment karanna kalin hithapan.",0,singlish
mokakda me mehema wada karana eka ge gon harakek wada? comment karanna kalin hithapan.,1,singlish
pansiyayata wishwasayi oba mata eya laba denawada mama tikat gannam kiyala,0,singlish
sthuthiyi sar debee ge wiwahaya gena mama tharamma oba asathutin sitina bawa mama danimi,0,singlish
mata balanna puluwanda oya barapathalada kiyala,0,singlish
apata manga herunu thawath kuda kebellak thibiya hekiya api paripurnathwaya awasan kireemata pera mata awata beleemata awashyayi,1,singlish
oya wage kenek mehema karanne hariyata therumak nathi nisa da? machan.,0,singlish
godanegillak godanengeema wathaya tharam sehellu nowana namuth wishala wana namuth wathaya tharam sehellu wana athara chalanaya kala noheka,0,singlish
oya ge reply eka nam gon ne oya wage aya nisa thamai mehema wenne.,1,singlish
