text,label,language_tag
මම කියන්නෙ ඒ විදියට ගත්තාම තෝ තොපිත් කුනුහරුප වෙලා ඒකනේ හාමුදුරුවන්ව හිරේ දැම්ම්මේ.,0,sinhala
"මුන්ට පොන්න පරපුර කියන්නේ නිකම්ද ඉතින්, මේ වගේ ගොබ්බ වැඩකට නම් ඒවි නැට්ට වන වන, නපුර්සක රැල. #lka",1,sinhala
සුවිස් රංගනය සහ රෙද්දේ මානව හිමිකම.ස්විස් නාඩගම අවසන්.. CCTV දර්ශණ සමගින් ආණ්ඩුව සියල්ල හෙලි කරයි. ස්විස් නාඩගමේ අලගිය මුලගිය තැන් ළගදීම රටට හෙළි කරන බව අමාත්‍ය ප්‍රසන්න රණතුංග මහතා පවසයි. රාජිත පසුගියදා කිව්වා මේ කාන්තාවගේ කටට පිස්තෝලේ ඔබපු විදිහ.,1,sinhala
", පුක දෙන එකෙක් වෙන්ටැ. අනිත් ඒව වැඩක් නෑනෙ.",1,sinhala
#ApiNodannaApsara RT : අපේක්ෂාවේ ගිනිසිළුව රැගත් චාරිකාව නුවරඑළියට #lka #TorchOfHope #Olympics,0,sinhala
අර දිනපු ලබ්බ දීල යව්නේනේ නැතුව.. අරැන් මොනවටද අර ඔච්චර නටන්නේ? හරියට නිකන් ටෙනිස් බොලෙන් ෆුට්බොල් ගැහුවා වගේ මුන්ගේ ෂෝ එක. පිස්සු නැත්තම් හොඳයි...,0,sinhala
"තොට නෙවෙයි රීච් හොයන අයට ...රීච් නොදි හිටපම් ,මටත් පස්සෙ මීටර් උනෙ",0,sinhala
ටහුඩු ඉමාශා පබ් ගිහින් පාර්ටි ඇනිමල් වෙලා,0,sinhala
බලපල්ලා උඹලා #ට්විටර්නාටකය3 කරලා රටේ •මැච් පරදිනවා •පෙට්‍රල් නෑලු •කුලාල් ආපහු එනවලු •කරන්ට් නෑලු •රටේ උන්ට කෑම ගිලෙන්නෑලු •හුස්ම ගැනෙන්නෑලු •වතුර බිව්වට පෙවෙන්නෑලු කොහෙද උඹලා මේ අයියා කියන එක අහන්නෑනේ.මෝඩ යක්කු Siri-Biri · 4 Dec 2017 මේ ගොන් ආතල් දෙන #ට්විටර්නාටකය3 වගේ එව්ව නවත්තල වට පිට බලපල්ලා ඔය රටේ මොනාද වෙන්නේ කියල. අපිනම් ගොඩ ගියා මෙහේට පැනල. උබල ඩේට ඉවර වෙනකම් ගොන්කන් කරපල්ල.,0,sinhala
අනෙඅම්මප.ආපු දවසේ ඉදන් වෙනසක් කරන එකමයි kale..,0,sinhala
මෝඩ හරකා... එක බෝඩ් එකක් ගලවලා තව එකක් ගැහුවා. අයෙ සල්ලි тнαяιη∂υ ツ · 8 Feb 2019 පොටෝ එක ඉවත් කරල වැඩක් නෑ. මොකටද ඔහොම බෝඩ් එකක් දාන්නෙ? නිකන් බොරු වැඩක් නේ. අනෙ මන්දා මේ බෝඩ් එක ගහන්නත් කීයක් යනවද?,1,sinhala
"කවදාවත් නැතුව ස්ටේටස් බලලා ""Adooo "" කියලා රිප්ලයි එකක් දාලා තිබ්බම පට්ට සතුටක් හිතුණේ Hamza · 4 May 2021 ෆලෝ කරන්නේ නැති, හැබැයි තමන්ගේ උසස් පෙළ ප්‍රථිපල ට්වීට් කරලා තිබ්බ ටිව්ට්ස් ගොඩකට සුබ පැතුවා. කවුරු වුනත් ජීවිතේ වටින කඩඉමක් පහුකරද්දි බොක්කෙන් සතුටුවෙලා, සුබ පතලා සප් එක දෙනවා තරම් සතුටක් ඒ අයටත් නෑ, අපිටත් නෑ.",0,sinhala
දැන් ඇති...මෙන්න වැන්දා,0,sinhala
අම්මට #කන්න #සිගේ පුතාලට චනදේ දුන්නේ ජාතිවාදය එලියට දාල රටවල් ගිනි තියල චන්දෙ කල් දාන්න නෙවේ පකෝ. චන්දේ... URL,1,sinhala
දැන් ට කොටිත් එක්ක ........ වෙනවා ඇති නේද ? ඉතිහාසයේ ඔබ වැනි පාවා දීමක් කල කිසිවෙකු නැති බව සටහන් කර තබමු. එපා ඔබ ඔය රජකමින් හම්බු කොරපුවා ඔබේ සනුහරෙටම කන්න දෙන්න සාප වේවි ඔබට මේ කරන පාවා දීම වලට. මේ රට ආරක්ෂා කොරගත්තු සෙබළු පාවා දෙන්න තරම් කැත හිතක් ඔබට තිබුනා නේද ?,0,sinhala
එක්කෙනෙක් අත්අඩංගුවට ගනින පූලූවන්ද,0,sinhala
අංක 5 දරණ මුදල් විශුද්ධිකරණ වැළැක්වීමේ පනත දැනටමත් ක්‍රියාත්මක යි.,0,sinhala
ලබ්බ තමයි ...,1,sinhala
යකෝ පිටිපස්සේ ඉඳන් දෙවනියට ඉන්නේ පොඩි හුජ්ජ කොල්ලෙක් නේ ඒකයි ඇහුවේ. එකත් හොඳ subject එකක්. මාවත් වෙලාවක මෝහනය කරහන්,1,sinhala
එයා මට කිව්වා .. එයා මට කිව්වාආආආආඅ . . . . . . . . . . . . . . . . . . . . . . . . . . . . . . . . . . . . . . . . . . . . . . . . . . . . . . . . . . . . . . . . . . . . . . . . . . . . . . . . . . . . . . . . . . . . . . . . . . . . . . . . . එයා මට කිව්වා පලයන් ##@$$$ කියලා,1,sinhala
"2015දි ඡන්ද වැඩ නවත්තන්න ඕනෙ දවසෙ දවල් හංසයා ගැන කියවෙන පට්ටම ලස්සන සින්දුවක් ගියා ටීවී එකේ. ඒකේ අන්තිමට දැම්මා ""sponsored by චන්ද්‍රිකා"" වගේ සීන් එකක් එතකොට තමා මීටර් වුනේ. ඒ සින්දුව අනිත් දෙකටම වඩා පට්ට මටනම්",0,sinhala
"සැරින් සැරේට ගැස්සිලා නින්දෙන් ඇහැරෙනකොට හීනෙන් වගේ උඹ ඇවිත් යනවා දැනෙනකොට ඇහැරිලා බලද්දී උඹ ඇත්තටම මගේ ලඟ නැති කොට ඒ වුණත් උඹ ඉන්නවාමයි හිතට හැඟෙනකොට ""මෝඩී, අස්සට ඇවිත් නිදියනව හැබැයි සද්ද එපා"" ඔය වචන දෝංකාර දෙනකොට ප්‍රේමයක් කොහෙන්ද උඹ තරම් මට මං හීනෙන් පවා ඇඬුව",0,sinhala
ආණ්ඩුව තුළ දැඩ් විහුළු කාරයෙක් ලෙස හැසිරුණා,0,sinhala
"ඔහේප් ... පලයන් ..... ඒ කතාව මොකක්ද .. ? ඒ කියන්නේ යකෝ රට පාවා දෙන සිංහලයෝ අර දොන් ජුවාන් ධර්මපාල නියායද මේ අනුගමනය කරන්නේ. ගෝල්ෆේස් පිට්ටනියට ගෙනත් සියලු දෙනාගේම දැනගැනීම දඬුවම පිණිස ""හරක් ගොම"" ගහන්න යෝජනා කරමු neetwit · 9 Dec 2019 #lka #sriLanka #SriLankanPolitics #Colombo",1,sinhala
යකෝ මේ කඩවල් වල පරාට හරි බිත්තර රොටි හරි කපල දෙන්න ඉන්න උන්ට ඔක්කොටම කලින් පිහියෙන් කපන හෑටි කියල දෙන්න ඕනෙ. යකො මුන් කපල තියෙන විදිහට එක පොඩි කෑල්ලක් අත්ට ගත්තම මුලු රොටියම අතට එනව රෙද්ද,0,sinhala
ඒ කියන්නේ ඔයා දැන් හෙන නාකි පොරක්,1,sinhala
ආගම විකුණලා මාකටිං කරන වේස හැත්ත. අයිෆෝන් වලටත් හදලා ඔහොම එකක් දැම්මනම් හමන්නලා ගන්නේ,1,sinhala
"තනියම යද්දී නම් කමක් නෑ. අම්මත් එක්ක යද්දී ජෝඩු දාලා යන යාලුවෙක් පහු කරන් ගියාට පස්සේ අම්මා බලන බැල්ම තමයි ඉවසන් ඉන්නම අමාරු Lady Boss · 17 Apr 2021 ඕන දුකක් ඉවසන්න පුලුවන්.. ජෝඩු දාල යන යාලුවො , පාරෙදි මූණට මුලිච්චි වෙන එක ඇර..",0,sinhala
ඉඡූ කියනකොට ඉරාඡ් දිව එන්නේ එක පිම්මට කුණු රෙදි ටික හෝදන්නේ නැට්ට වනා දෙන ගූ හැලි ලෙවක⁣න්නේ මැදමුලනේ කලු බල්ලා උඩු බුරන්නේ කටිටියම කවියක් කියමුද? #irajටකවියක් #කවියෙන්කවිය The following media includes potentially sensitive content. Change settings View,1,sinhala
ඒ වුනාට ආදාහනය කලොත් මැරෙන අය ස්වර්ගයට යන්නේ කොහොමද.,0,sinhala
අර ලබ්බ බලලා දැන් නිදිමතයි පාල · 19 Mar 2021 දැන් නන් නින්ද යනවා,1,sinhala
ට හුක අපේ උන් 2nd innings එකත් සෙල්ලම් කරනවා කියහන්කෝ එකත් කැතම ඕපනින් පාර්ට්නර්ෂිප් එකකුත් එක්ක අනේ දෙවියනේ... URL,1,sinhala
යාළුවා කියලා හිතන් සර් ගේ ඔලුවට රෙද්ද දාලා නෙලන එක වෙනමම ආතල් එකක් බන්. #childhoodmemories URL This Tweet is unavailable.,0,sinhala
ඇයි bro? Dictator film එකේ වගේ ඔයා ඔයාට කැමති දෙයක් කරන්න. ලංකාවේ දේශපේමී ජනතාව ඒක justify කරනවා ඔයාටත් වඩා හොදට,0,sinhala
#Youtube එකේ මැච් එක #live දෙනවා මැච් එකට වඩා පට්ට යන comments,0,sinhala
"Follow කරන අය විතරක් reply කරන්න ඕනනං බුකියට වෙලාම ඉන්න plis. කවුද යකෝ මෙහෙම නීති හදන්නේ? ට්විටර් පරුමක · 28 Sep 2019 කවුද බං උඹ? මම උඹව ෆලෝ කරන්නෙත් නෑ, උඹ මාව ෆලෝ කරන්නෙත් නෑ. පැත්තෙන් දෙන්නේ නැතුව හිටපංකෝ බං. උඹට ඕනේ දේ උඹේ එකේ කියාගනිං මගේ රෙද්ද අස්සේ රිංගන්නේ නැතුව.",1,sinhala
මෙතන study area එකෙ ජුන්නො පිස්සු හැදිලා වගේ පාඩම් කරනවා. අපි සෙකන්ඩ් ඉයර් එක ගොඩ දාගත්ත විදියට කරන්න නම් මුන් හීනෙක්න්වත් හිතන්නෙ නැතිවෙයි. නැද්ද ඩිංගිරි?,0,sinhala
මාත් අද ට්‍රේන් එකේ දැක්ක නාකි ලොක්කෙක් රටකජු කවරෙ රේල්පාරට විසික් කරනව.මාත් කල්පනා කරේ ඕකුන් ටික මැරිල ගියාම ඉතුරු වෙන පරම්පාරාවෙ ඔලුගෙඩි ටික හැදුවනම් හරි එයාලව වෙනස් කරන්න මහන්සි නොවී..මොකද කොච්චර කිව්වත් ඒ මිනිස්සුන්ගෙ ආකල්ප වෙනස් කරන්න බෑ,1,sinhala
"හිතේ හීන ටික පස්සෙ බලන්න හරි මං පරිස්සම් කරනව.. හිත අස්සෙ ගිනිකඳු පිපිරුණත් දුමක්වත් එළියට නොදා ඉන්නව.. දම්පාට හවසක උඹ ඇවිත් තමුසෙ නම් මෝඩයෙක්මයි කෝ මගෙ බටූස් මෙහේ එනව කියනකල්ම සද්දවහලා ඉන්නව.. එදාට, අර නොකියපු දේවල් උරහිසට බරවෙලා කියනව එතකල් උඹෙ පොඩිඑකී ඔව් මං මෙහෙම ලියනව",0,sinhala
අනුන්ගේ යහපත උදෙසා ක්‍රියාකිරීමට යාමෙන් අනුන් සමග තමන් තිබූ හොඳ හිත පළුදු වන බැවින් මින් පසු එම ගොනා සාධාරණ මිළකට විකුණමි.,0,sinhala
දැන් CW කොපිකරන්නෙ ඉන්දියන් සෝප් ඔපෙරා මොඩ්ල් එක. කැත නැතුව ඩබ් කරලා ලංකාවේ 7-10 බෙල්ට් එකේ දාලා පෙන්නතෑකි.,0,sinhala
"අම්මට දුක හිතිලා ඊට පස්සේ private කැම්පස් එහෙකෙට යැව්වා. සල්ලි තිබිල නෙමෙය් ඒත් ඉගෙනගන්නත් එපැයි. ඊට පස්සේ ගියා leadership camp එහෙකට. එතන හොඳටම rag වුනා. මොකෝ කොළඹ එවුන් පෙන්නන්න බැහැනේ. ඊට පස්සේ කැම්පස් ආවා. අවුරුදු 4ම rag වුනා. 'වේසි' ලු, 'බැල්ලි' ලු. ඔවා අහගෙන ඉතින් හිටියා.",1,sinhala
ළමා අපචාර කරන උන්දලගෙ බිජ්ජ කපලා කව්වන්න ඕන උන්ටම.. මූසල බල්ලො... මොන කාලකන්නිකමකට ඉපදුනාද මංදා,1,sinhala
"තකහනියේ ගෙනෙන ව්‍යවස්ථාව ඇතුලේ මේක නැතැයි කාට කිව හැකිද ? මේ මී හරකා ව්‍යවස්ථා සම්පාදන කොමිටියේ ඉන්න එකෙක්,... URL",1,sinhala
අඩො වයි බන් ඇයි ඔයා මේම,0,sinhala
මගේ බඩ තඩි නැහැ බොල සික්ස් පැක්ස් වලට තව තුනයි අඩු අනික් උන්ගෙ බඩවල් දැක්ක නං උඹ කලන්තෙ දායි තිමිර නලින්,0,sinhala
උඹත් පලයන්.. එහේ... ගැලපෙන්ව,1,sinhala
කොන්ද පණ තියන පිරිමි ආන්ඩුවක් ආවනම් බදියුදීන්ව අත්-අඅඩංගුවට ගනී නෙහ්! කොහෙද ඉතින් අඬන ජනාධිපති කෙනෙක් ඉන්න පොන්න ආන්ඩුවක් නෙහ් තියෙන්නේ! මෙච්චර මේ ගෙ අස්සෙ කෙල්ලෙක් දූශණය වෙලා පිච්චිලා මැරිල(මරලද දන්නෙ නැ) පාස්කු ප්‍රහාරයටත් චෝදනා තියනවා දැන්නම් හිතෙන්නෙ ඒවත් හරි ඇති කියල!,1,sinhala
"කරුනාවන්ත , සිරියාවන්ත අම්ම කෙනෙක් . ඔබ වාසනා වන්ත පුතෙක් .",0,sinhala
ඒක ඉතින් උඹලා කියන්න ඕනි ඈ... නොදකින් ! අවුරුදු 15 ගණුදෙණුකරනවට ගහන්න ඕනි අපිට මඩුවලිගෙන්,1,sinhala
"රටේ ජනතාවට හෙන ගැහුවත් මුන්ට ප්‍රශ්නයක් නෑ, විදේශකයො ගෙනැල්ල සාක්කු පිරෙනව නම්.",0,sinhala
පොරත්වය ලබා ගනු වස් උප්පත්තියෙන් උරුම කර ගත් ගොන්කම ප්‍රදර්ශණය කරන්නාවූ හුජ්ජ ලොල්ලෙක්.... #lka URL,1,sinhala
කෙල්ලෝ පස්සේ යන වෙලාවේ පලයන් චූන් පාන් එක පස්සේ අඩුම තරමේ පාන් වත් කත හැකි. . .,0,sinhala
බහුතර ජනතාවගේ එක් පැතුමක් එසේ ඉටු විය.,0,sinhala
"ඩීල් දාස ඔයා කොහොමත් නෝන්ඩ් වෙලානෙ හිටියෙ, Minister Post එකටත් ටික කාලයක් කෙලවෙලා නේද තිබුනෙ. ඔහොම තමයි ගොඩයන්න ක්‍රමයක් සෙට් වුනහම, #PoliticalDrama #PolitcalCrisisLK #CoupLK #LKA",0,sinhala
පිස්සු නියතයක් නෙවේ හැමෝටම පිස්සු නැනේ ලඝු වලින් පිස්සු මනින්නේත් නැනේ .එක නිසා මාන තියෙන්නත් පුළුවන් නැතිවෙන්නත් පුළුවන්,0,sinhala
බලන්නකෝ ජනාධිපතිගේ වැඩ,0,sinhala
+මිස් මිස් -ඉන්නව පොඩ්ඩක් පාඩමට අදාල දෙයක්ද +නැතුව මිස් වක්‍රව අදාල දෙයක් -ආ කියනව මොකද +මිස් ඉස්සරහ ටික ඩයි කරල පැත්තෙ ටික ඩයි කරන්න අමතක වුනා නේ - පලයං තොට පංතියෙ ඉන්න බැරිනං මුං වගේ එවුන් නිසා තමයි අනිත් ළමයෙක්ටවත් ඉගෙන ගන්න නැත්තෙ තමුසෙ කී වෙනියද මේසැරේ #NotInYourSchoolClass,1,sinhala
40 others ඒ ගැන දෙපාරක් නොහිතන්න කිසිදු දිනක මිලේච්ඡ LTTE සංවිධානයට සුදු හුනු නොගාමි ඒය ශාපයක් ඒ නිසා ඇතිවුන වේදනාවන් කවුරු හරි වෙන්දෙසි කරනවා නම් ඌ ශ්‍රිලාංකිකයකු නොව අවජාතක පරයෙක්මැයි.,1,sinhala
මහින්දගේ රෙද්ද අස්සේ දෙහි ගෙඩි 3 යි හොඬල අලයයි URL,1,sinhala
සිරාවටම දැන් හිතෙනවා අපරාදේ ගියෙ නඅත්තෙ කියලා..ගියිනම් ඔය හුත්තලාට හුකවලා එන්නෙ පක්කුන්ට.. අප්පච්චි ඇතුලෙ වෙන කේස් දන්න නිසා යන්න එපා ක්ව්වාකැම්පස් වල ඉන්නෙ දැන් මානසික ලෙඩ්ඩු ටිකක්..අසහනකාර පොන්න හැතිකරේ,1,sinhala
හිරුවා මට බල්ලා කිව්වා.මගේ ඇගේ මැක්කොත් ඉන්නවා කිව්වා දුකයි. ඉම්හි ඉම්හි,0,sinhala
ඌ සේරම කොල්ලො ටික බ්ලොක් කරලා කෙල්ලොන්ට ටෝක් දිදි යනවා කැරිම පිරිමි තමා.මුන් වගේ වේස කදන් අරුන්ගෙ මෑ ඇට ලෙවකන්න යන නිසා තම් sri lankan twitter pretty young girls ගගා උනුත් මේකෙ හැමිනෙන්න එන්නෙ,1,sinhala
ඇති යන්තම්... දැන්වත් ගස් ගල් ඇළ දොළ ගංගා පර්වත කඳු මුදුන් මූදු පතුල් පාර තොට අහස පොළොව පීරන එක නතර කොරයිනේ...,0,sinhala
මාර ගොං කතාවක්නෙ අයිසෙ. වේටරයට පඩි ගෙවන්නෙ නැත්නම් ඌට අපි ගෙවල හරියනවද? NowThis · 7 Apr 2021 This bartender worked 70+ hoursgot a $9.21 paycheck. ‘This is why you tip.’,1,sinhala
"ඇත්තටම මොලේ ඇති වැඩක් කියලද කිව්වේ , නැත්තන් ගොන් වැඩක් කියලද කිව්වේ කියල හිතාගන්න බැරුව ඉන්න මම",0,sinhala
හුත්තෝ හොරු අල්ලන්න ආවනම් හොරු අල්ලන්න ඕන.එහෙම නැතුව උබලගේ කාලේ උන හොරකම් වහගන්න ඌ අරූගෙ wedding එකට ආවා මුගේ wedding එකට ආවා කියලා ගොන් පෝස්ට් දාදා ඇත්තටම මේ ආණ්ඩුව කරපු දෙයක් නම් නෑ එක එකාට මඩ ගහපු එක ඇරෙන්න.අවුරුදු 4ට එක හොරෙක් අල්ලලා හිරේ දැම්මද?ඇවිත් ඊටත් වඩා හොරා කෑවා.,1,sinhala
"හෙහ් හේ ! • NaVe∃n MaYanThA · 22 May 2021 රටේ හරි විදිහට අපක්ෂපාතීව, නිවරදිව News කියන මාධ්‍ය ආයතනය කුමක් ද ? ( මිනිස්සුන්ට සත්‍ය පවසන මාධ්‍ය ) #lka Show this poll",0,sinhala
සෞඛ්‍ය උපදෙස් අනුගමනය කරන්න ඩාලින්,0,sinhala
"අැයි හද්දෙයියනේ අර ජනාධිපති අාරක්ෂක ජීප් එක ලයින් කපන් ගිහින් හැප්පෙනවා ඔයගොල්ලෝමනේ දැම්මේ, ලොල්",0,sinhala
ඒසී රිමෝට් එක වැඩ නැහැ . පට්ට රස්නෙයි. #නින්දයන්නැහැSL,0,sinhala
තොට ඇත්තන ඇට කැවිලද ගොං වස්සියෙ කොටි බෝම්බ ගහල මිනිස්සු මරනකොට උඹ හිටියෙ රුවන් තොටිල්ලෙද බොල URL,1,sinhala
සඟවා ඉමොජියේ දුක පෙන්නා කොල්ලා ගලවා දැමුවද ඇදිවත ඔය ගොල්ලා නරකයි එහෙම කෙරැවානම් තොපි හොල්්ලා මුල්ලෙන් තියනවා රිදවූවොත් මල්ලා 🅒🅗🅐🅝🅓🅤 · 15 Jun 2020 හොඳ වෙලාවට ඉමෝජිස් තියෙන්නෙ නැත්තං සමහර වෙලාවට හිතේ දුක හංගගන්න අමාරුයි,0,sinhala
සෙට් එකක් තැන හිතේ හැටියට කුනු දාන්නයි තා සෙට් එකක් ඒ කුනු අයින් කරල පොටෝ ගහල එෆ් බී දාන්නයි.. මේක හරියන් නෑ. . චීනෙදි වගේ පොලීසියට දිග බැටන් පොලු දීල ටොපියක් බිම දැම්මත් ගහන්න ඕනි පස්ස ඉදිමෙන්න.මතක හිටින්න..,0,sinhala
"අනාගතේ කියන්නෙ අපැහැදිලි විකාරයක්, චුටි එලියක් දිහා බලාගෙන හෙමින් ඇවිදන් යන එක තමා කරන්න පුලුවන්,පස්ස හැරෙන්න හිතුනත්, එපා, අර පොඩී එලිය උඹෙ හීනෙ වෙන්න පුලුවන්, හැබැයි පරිස්සමින් අර හපන්න පුලුවන් Location - Colombo #photography #LKA",0,sinhala
කරන කුපාඩි වැඩ ඔක්කොම කරලා උපන්දිනයට ආගමික වතාවත් කරානම් හරියයි කියලා හිතෙනවා... බූරු රැල... ඕකව අගමැති කියලා කියන්න පිට කොන්ද නැති නිර්ලජ්ජිත මාධ්‍ය.,1,sinhala
සොට්ටෙයාර් එකක් සල්ලි දීලා ගන්න ආන්ඩුව ලෝබයි. නාකි පොප්සියො උස පුටුවවලට යැව්වම ඕවා ලේසියෙන් වෙන් නෑ.,1,sinhala
"""එක පිරිමියෙකු ඉල්ලලා පාරේ 'කුණුහරුප කියන් ගහා ගන්නා' අපේ මෝඩ අක්කාලා ගේ වැඩ කැලි ටික හොරෙන් කැමරාවක සටහන් කරගනී"" URL",0,sinhala
නොදකින්..මේ වගේ කිසි වගකීමක් නැති කාලකණ්ණි ජඩ මාධ්‍ය නිසා තමයි ලoකාවට කෙලවෙලා තියෙන්නෙ..,1,sinhala
මුසලයා අරෑ අවුට් උනා බං,1,sinhala
සිස්ටම් එකට නමක් දාගන්න..වහාම සම්බන්ද වන්න.. Eg- හුජ්ජ පොඩි එකා,1,sinhala
අද 15 නෙවෙයි ද,0,sinhala
පස්ස තමයි ලොකුවට පෙන්නන්නේ,0,sinhala
ඒක තමයි ඕකට එන අයව අඳුන් ගන්න අමාරු.,0,sinhala
අද එංගලන්තෙට 500ත් පොසිබල් කියලා ග්‍රෑම් ස්වාන්කාරයා කියනවා වල් පරයා හිතේ ඇති 500ක් ගහන්න! අපි මුලින් ගහලා තොපිට 150ත් පොසිබල් නැති කරන හැටි බලන් හිටපං අවලම් බල්ලා,1,sinhala
කහපාට රෙද්දකින් තඩි පීප්පයක් ඔතා තිබූ ඒ අවස්තාව,0,sinhala
: හම්මට හුඩු !! : අඩො අඩො. මේ බලපංකො මේක : අහ්... ඇයි බං? 󾌴󾌴 URL,0,sinhala
අනිත් එවුන් පැයෙන් එන දුර අර පරට්ට ඩ්‍රයිවර් කාරයා පැය දෙකක් ආවනේ ටෞකන්ඩ!,1,sinhala
#FavoriteBuwa ඒක පට්ට! තරුණ අයියලගෙ හැකියාවල් හඳුනගෙන ඒවට නිසි තැන දෙන්න ඕනෙ..,0,sinhala
තෝ මොනාද කිව්වෙ?,0,sinhala
රටේ ආරක්ශාව පෙර පරිදි තහවුරු කර ඇත්නම් වැසූ ආයතන හා අනෙකුත් පොදු ස්තාන පෙර පරිදි වැඩකල යුතු නොවේද.. මහජනතාව මෙලෙස අපහසුතාවට පත් කිරීමෙන් අන්වශය පීඩනයක් රට තුල නිර්මාණය නොකරන්න... SL gov can u open back ur all services if security is ensure in country..,0,sinhala
"එහෙම වෙන්නැතුව මෙහෙම වෙයන් කියල තියෙන පෝස්ට් සෙයාකරන උන්ට දාන්න ""අනේ හුකාගනින්"" කියල.. තඩි ඉමෝජි කමෙන්ට් එකක් එනෝ නම් මරු..",1,sinhala
බලලා ට්වීට් කරපන් පකෝ,1,sinhala
"මොකටද....??? ""ජනතාවට දැනැන වෙනස"" කරපු එක කියල දීල ගම්වල ගිහින් මෝඩයන්ට පහදල දෙන්ට කියන්නද...???",1,sinhala
"""එළ හරකා - මී හරකා ආර්ථික ප්‍රතිපත්ති"" සහ ඩොලරයට සාපේක්ෂව පහළ වැටෙන රුපියල bbc.com ""එළ හරකා - මී හරකා ආර්ථික ප්‍රතිපත්තියක්"" - BBC News සිංහල ශ්‍රී ලංකා ආර්ථිකයේ තිබෙන ව්‍යුහාත්මක දුර්වලතාවක් හේතුවෙන් රුපියල අවප්‍රමාණවන බව ආර්ථික විශ්ලේෂකයෙක් පවසයි.",0,sinhala
ඕකා සිංහල දන්නේ නෑ නේ මං හිතන් එකා හිතන් ඇති ගොබ්බයා කියන්නේ පට්ට නමක් කියලා,1,sinhala
තිදරු මවකට විල්පත්තුව කැලෑවේදී නරුමයන් දෙදෙනෙක් කරපු කැත වැඩේ - Hiru Gossip URL,0,sinhala
මස් නොකන හරකා මස් කන බල්ලා දෙස උපේක්සාවෙන් බලයි.. මස් නොකන මිනිහා මස් කන මිනිහා දෙස ඉරිසියාවෙන් බලයි.,0,sinhala
"කෑම හදන කඩවල්වල,ආප්ප හදන කෑල්ල විතරක් ඇයි එලියෙන් දාන්නේ",0,sinhala
අතලගනේ බන්. අවුරුද්දකට සැරයක්වත් පලයන්. පොඩි එකා අරන් පලයන්.,0,sinhala
එක රටක් එක නීතියක් පුහ්ංංංංංංංං,0,sinhala
ඔය පොස් කියල කියන උන් ඉස්ටේටස් මේන්ටේන් කරනව කිව්වහම හෙන ලොකුයි... පට්ට. හදිස්සියෙ හරි අපි ඉස්ටේටස් මේන්ටේන් කරනව කිව්වොත් ඒක අපේ ලොකුකම... අලි ඔලුව සහ ගොංපාට්. අනේ ඔය ලොජික් අරන් පලයන් මහත්තයො යන්න.,0,sinhala
නැ නැ බොල මටත් මේ සීන් එකට කැමති කෙල්ලෙක් එක්ක affair එකක් තිබුනා ඒකි වෙන කෙල්ලෙක් එක්ක සෙට් වෙන්න කලින් ඒම වුනාම කොල්ලෝ පෙන්නන්නම බැ,0,sinhala
බිජ්ජ ඩයිනෝසර් වගේ කියන එකට,1,sinhala
කෙල්ලෙක් සෙට් වීගෙන ආවා. නුවර කෙල්ලො තමයි ලස්සනම කියල විතරයි කිව්වෙ ඒකි හොයන්නත් නෑ,0,sinhala
ඇමතිට මාධ්‍ය සන්දර්ශන ඕනද ඕකට එක දුරකථන ඇමතුමක් දුන්න නම් කරන්න තිබ්බා නේ. ජන්දය බලාගෙන කරන සන්දර්ශන.,0,sinhala
", මොංගල්ද ඩාලින්",1,sinhala
කයිය විතරයි.. පාර මැද ත්‍රීරෝද රථ සංගම් සභාපති ඝාතනය වුණා.. නීතිය වල් වැදිල,0,sinhala
ඇඟේ දුවන්නේ මොන ලේ ද කියලා වැඩක් නෑ..මේ රටේ දියුණුවට උඹ උදව් කරනවනම් උන් ලක් අම්මගේ දරුවො ..ආගම ජාතිය මොකක් වුනත්. #මේ රටට මේ පොළවේ මිනිස්සුන්ට වෛර කරනවනම් අයහපතක් කරනවනම් ඇඟේ දුවන්නේ මොන ලේ උනත් ඌ අවජාතකයෙක්..,0,sinhala
ඉස්සර කාලෙ සිගරට් බොනවා කියන එක හෙන රෙස්පට් දෙයක්.කෝට් බෑයක් ඇඳලා සිගරට් එකක් බොන ෆොටෝ ගෙවල් වල ඉස්සර හරි තේජසින් තිබිලා තියෙනවා,0,sinhala
වැසිකිලියෙ ඉන්නගමන් instagram එක බැලුවා බඩ ටිකක් බුරුල්වෙන්න කියලා. අර මෝඩ පේජ් කාරයොන්ගෙ insta account වලින් මිනිස්සු ට්‍රිගර් කරලා තියන හැටි දැක්කා. යකෝ ඒ ගොන් සිපයියොන්ට ඕනෙ likesreach. අපේ ගොං වාහෙලත් පෝලිමට දෙහි කප කප reach එක අරන් දෙනවා.,1,sinhala
ලංකාවේ බෝල ඇහිදින්න දාපු පොඩි කොල්ලා බෝලේ අල්ලලා දාන්න යද්දී විරාත් කෝලි කරපු කැත වැඩේ - Video... URL,0,sinhala
ඉයා පොප් තිසර උබ දැන් බඩුත් ගහනවද?? — feeling කොලු බඩුව at Gurukula URL,1,sinhala
රටේ දියුණුව සදහා කෙරෙන දෙවල් ජනතා අයිතියට දෙනවානම් එය විවෘත කිරීමට දෙශපාලකයන්ගේ මැදිහත් වීම අනවශ්‍යයි නේද ?????,0,sinhala
යාලුවෝ ඉන්නව නමට මුන් තු නොදකින් @$@#$#,1,sinhala
අෆ්ෆද බොල. රැකගන්න 'අපේ දේ',0,sinhala
ඒ කියන්නේ DIG නාලකව අත්අඩංගුවට ගැනීමේ මෙහෙයුමෙන් මුස්ලිම් අන්තවාදී දෙශපාලකයන් ඉන්නවා...,0,sinhala
අනේ පකෝ.ගෙදර ගිහින් බෙඩ් රෙස්ට් කරපන් පකක් කියවන්නේ නැතිව.,1,sinhala
සමස්ත ලංකා බෞද්ධ මහා සම්මේලනයේ ගෝරියක් කවුද මේ‘සක්කිලි‘ වගේ කෑගහන්නේ සමස්ත ලංකා බෞද්ධ මහා සම්මේලනයේ ගෝරියක් කවුද මේ‘සක්කිලි‘ වගේ කෑගහන්නේ ඊයේ 6 කොළඹදී පැවති සමස්ත ලංකා බෞද්ධ මහා සම්මේලනයේ 91 වැනි වාර්ෂික නිලවරණය තුළ ගිනුම් වාර්තා සම්බන්ධයෙන් ඇතිවූ වාදය… URL,1,sinhala
අපි පාරට ආවොත් බසුත් නෑ රෙද්ද,1,sinhala
වැඩක් නෑ බන්..කාලකණ්ණි මුන් සේරම සල්ලි පස්සෙ යන්නෙ.,1,sinhala
හායි කාංචනා ඩාලින්,0,sinhala
තිබ්බට බෙදන්ඩ දන්නේ නෑනේ....නිකම්ම හිටං ඉන්නවා,0,sinhala
"ඕක ගැන එක්කෙනෙක් දවසක් අහපු වෙලේ,මෙයාලගෙ පර්මිට් අලුත් කරනකොට ඕක check කරනව කියල දවසක් ඔය බස් සංගම් ලොක්කෙක් කිව්ව. එක්කො එහෙ බලන ගැප් එක හෙන පොඩියි, නැත්තන් මුන් පස්සෙ වෙනස් කරනව.",0,sinhala
අනේ ඔය අංකල් තරම් නම් නාකි නෑ,0,sinhala
දැන් සිස්සත්වෙ ලියන්නෙ දුවලා පුතාලා ද? නංගිලා මල්ලිලා නෙවෙයි ද? අඩො,0,sinhala
"කදීජා පදනමේ සභාපති එම්.එස්.එච් මොහොමඩ් මහතාගේ මූලිකත්වයෙන්,දෙරණ නාලිකාවේ මැදිහත්වීමෙන්,ජනතාවගේ මුදල් ආධාර මත සිදුකල වැඩේටත් තමන්ගේ නම ගහගන්න කාලකණ්ණි දේශපාලුවෝ ඉන්න රටක් මේක... මෛත්‍රී-රනිල්-රාජිත ලැජ්ජයි... URL",0,sinhala
රනිල්ගේ ලැට් හෝදලා දැන් සුද්දන් ගේ ලැට්වල අසුචි කකා හිටපිය රනිල්ගේ ගල කොල්ලා තොගේ තාත්තා තොට කියන්නෙ අවජාතකයා කියලා නේද නැත්තම් තෝ රනිල්ගේ පයිය කකා ඉඳීයිද අවලම් බල්ලා,1,sinhala
පලයන් යන්න ගෝන් හරකා,1,sinhala
එහෙනම් විමලෙව එකටම ගන්න වෙනවා..,0,sinhala
"අහක යන නයි රෙද්ද අස්සේ ගෙන දැන් කෑගහනවා කනවෝ කනවෝ කියල, ඉතින් දෙයියනේ අපි මොනා කරන්නද?",1,sinhala
සමහර යාලුවෝ සෝශල් මීඩියාවකින් හම්බුණා කියලා නෑ සහෝදරයො වගේ අපිට බැදෙනවා උඹ කරපු දේට Tweet එකක් දාලා ස්තූති කරලා වැඩක් නෑ ඒත් මේ වෙලාවෙ වෙන ස්තූති කරන්න හොද විදියක් නෑ උඹට වැඩි වැඩියෙන් හරියනවා සහෝ... මේ බොක්කෙන්මයි කියන්නෙ #බොක්කෙඋන්,0,sinhala
ඒ මොකද .පහු වෙනිදට නැගිටින්න අමාරු නිසාද,0,sinhala
ප්‍රභාකරන්ටත් උත්තමයෙක් කියපු රට කන තොපිලා මහින්දගේ හොරු රැලටම පලයන්....,1,sinhala
ipl එකෙ බොල හයකට ඔවර් කියක් තියනවද?,0,sinhala
ඌ මොකෙක්ද බන් අර රාමුවක් හදාගෙන එකෙක් පුක කැඩිලා වගේ දැඟලුවා මතක නැද්ද. ඌත් ගාල්ලේ ලු Dinal · 15 Jul 2018 ටහුකන්ඩ . මදූ රොක්ස් ගාල්ලේ එකෙක් ලූ. මන් හිතුවා,1,sinhala
‌පොල්පලා හුත්ත රත්තා · 7 Nov 2018 මල් හුත්ත twitter.com/maalupaan/stat…,1,sinhala
"සියලු ම සමාජජාලා ශ්‍රී ලාංකිකයනි! මේන් මේ වගේ ""කාලකණ්ණි අංගවිකල"" ජීවිත ගැන අවධානයෙන් ඉන්න.උන්ගෙ පටු පරමාර්ථ වෙනුවෙන් පෙනී නොසිටිමු! Nightwing® · 4 Dec 2021 මේ සිරි කාලක්ණ්නියා කොරෝනා හැදිලා ඉස්පිරිතාලේ ඉන්න ගමන්නෙ මේ. මේ වගේ මිනිස්සුන්ව වහාම අත්තඩංගුවට ගන්න.",1,sinhala
ඒකත් මහරාජා එකේ එකකට දුන්නම හම්මේ..අර ගඩොල් අරං රට වටේ ගියා වගේ බැලුම අරං රටවටේ යයි...,0,sinhala
"අගමැති පාර්ලිමේන්තුව අමතයි.. - ‘පිම්පියො, අහිකුණ්ටිකයො, වාඩිවෙනව අයිසෙ’ [Video] අද ඇරඹි පාර්ලිමේන්තු සැසිවාරය... URL",1,sinhala
ඕක මිනීමැරුමකට දෙන මහ ලොකු දඬුවමද? සල්ලි මිටි දෙක තුනක් එහාට මෙහාට විසි කරපු ගමන්ම අධිකරණයෙන් නිකම්ම ඇප ලැබෙයි..,1,sinhala
"ඥාණසාර හිටියනම්: ""අපි මේ කැප කිරීම් කරලා මේ පන්සල් හැදුවේ තොපි වගේ හුත්තිගේ පුතාලට දුවන්න ද, වහාම පන්සලෙන් එලියට පල පර බල්ලා""",1,sinhala
අපෝ දේශපාලනයට නම් එන්න එපා ඔයා පඹ යෙක්,0,sinhala
මගේ ඩාලින් සුබ උපන්දිනයක් පැටියෝඕ,0,sinhala
හම්මෝ බයවුනා... ඔන්න ඔහේ වැව හාරන්ඩ දෙන්න මුංට,0,sinhala
මරන්න ඕනේ බල්ලෝ.. ලංකාව කෑවා කාලකණ්ණි..,1,sinhala
96.1 FM or 96.3 FM Island wide.... -------------------------------------- ගවයින් එක කටට ගිලින යෝධ කිඹුලෙක්... URL,0,sinhala
කුරුණෑගල මහිංද රාජපක්ශ කාර්යාලය තුලදී පිස්තෝලයක් සමග හමු වූ සැක කටයුතු පුත්ගලයා පිලිඹද තොරතුරු කු/ගල පොලිසියට වාර්ථාවී නැත. එහෙත් එම 1/2,0,sinhala
අනේ යකෝ..උඹ තාම ඉස්කෝලෙ යනවා නේද. ඒකි ඉස්කෝලෙ ගිහින් ඉවරවෙලා අවුරුදු 6ක් විතර වෙනවා,0,sinhala
ලැබීම තියෙන එකාට කොහෙන්හරි ලැවෙනවා... ලැබීම නැති එකා⁣ට අතේ තියෙන දේ කටට දාගන්නවත් ලැබෙන්න නැ... #හා_නැද්ද,0,sinhala
notification ඔන් කරගෙන බොලෙන් බෝලෙට tweet දාන්න තරන් අපිට පිස්සු ය්කෝ #SAvSL,0,sinhala
අයි අයි අයි අයියො අම්මියො. මෙන්න බල්ලා හපනො අයියො. හපනවො බුරනවො එලව එලව බල්ලා හපනෝ... #Sajje #සිතුවිලි,0,sinhala
තම පක්ෂයෙන් ඉල්ලා අස්වී පැමිණ එය පරාජය කල පසු තමන්ට ජයගෙන දුන් ජනතාව අමතක කර තමා පරාජය කළ පක්ෂය යළි ජයගැනීම මිස වෙන වැඩක් නොකරන පිස්සා කවුද?,1,sinhala
% දේශපාලන කුහකයන්ට නිවැරැදි පිලිතුරැ,1,sinhala
"මල්ලි අහලා නැද්ද පරණ කවියක් තියනවා ""හුත්තට උඩින් පක තියලයි හුකන්නේ, එ්කයි පකෝ පක වැඩිමල් කියන්නේ"" කියලා? එ් අනුව මේ පුරුෂ මූලික සමාජයේ අපිට ලැබෙන නෛසර්ගික බලයක් තියනවා මල්ලි. එ් බලය යට කරන්න ප්‍රොෆයිල් පික්චර් එකකට පුළුවන් කියන්නේ මල්ලි අපේ නොහැකියාව.",1,sinhala
ලස්සන සමනලයෝ කොහෙන්ද ඔය පාට... ඈ බොල නිල මැස්සෝ තොට මොකටද ඒක?... නෑ මම නිකං ඇහුවෙ කින්ඩියටත් එක්ක... පලයං හැල ගෙම්බෝ මගෙ ගෙදරිං දොට්ට...,1,sinhala
Messi ත් ආතල් ගන්නවද කොහෙද ලබ්බ එකක් කියන්නෙ නෑ. අපි රත් වෙවී ඉන්නව,0,sinhala
මගේ ජිවිතේ පට්ටම පට්ට හතුරියක් ඉන්නවා.....ඉස්සර පට්ටම පට්ට ෆිට් දැන්..මව මරාගෙන කන්නමයි ඉන්නේ..මාත් ඒවගේමයි...,1,sinhala
"ඉතින් කොහෙද බන් මේ පකයල , අර්ජුන් මහේන්ද්‍රන් ගෙන්නන්නේ සින්ගප්පුරුවෙන්, උමුත් කියයි ඔකේ අනිත් පැත්ත .",1,sinhala
හැමෝම තමුන්ගේ පාසලේ හිටපු පට්ට ඩෑල් ගැන වර්ණා කරනවා..අපේ පාසලෙන් බිහිවුන හොදම පාතාල පොරක් ගැන මටත් වර්ණනා කරන්න ආසයි.,0,sinhala
පත්ත. පස්ස පැත්ත. අර කක්කා කරන්නේ?,1,sinhala
උපයාගත්ත ආකාරය ඔප්පු කිරීමට නොහැකි බව කියන කාරනාව වෙනන ඕනෙ මෝඩ යකා තුරුම්පුව කරගත්තෙ.,1,sinhala
ප්‍රිය ක්‍රීඩා ලෝලි අසන්නනි මද හිරු රැස් කෙමෙන් කෙමෙන් ක්‍රීඩා පිටියට පතිත වන ආකරයක් පෙන්නුම් කරනවා රෙද්ද අස්සෙන් සමාවෙන්න කාමරේට ආපු කෙනා ලයිට් එක ඕෆ් කරලා ගිහිල්ල නෑ මිතුරනි #SLvSA #Cricket #rain,0,sinhala
ඕකත් මේ රටට බෝ වුනොත් එහි සම්පූර්ණ වගකීම සෞඛ්‍ය අමාත්‍යාංශය සහ ආන්ඩුව භාර ගත යුතුමයි.,0,sinhala
තොපි වගේ එවුන් චීවරය ඇඳගෙන බුදු දහම විනාශ කරනවා. හෙන ගහනවා වලටත් මතක තියාගනින්.,1,sinhala
+ අඩෝ අර නිවුන්නු ඩබල මං- අපේ අල්ලපු ගෙදර ඩබල යකෝ ඔය +මැද යන්නෙ කවුද. මං- ඒ උංගෙ අම්ම +දුවල දෙන්නට වඩා අම්ම හොදයිනෙ ඕයි.. මං- ඔව් ඉතිං.,0,sinhala
"වහලුන්ටයි,බය්යන්ටයි, රිදෙන පොරකාසයක් මේක...!!!",0,sinhala
"පුලුවන් නම් ගහපල්ලකො අර ජෝන් බාස්ට, බදුර්දීන් වගෙ කාලකන්නි දෙශපාලුවෙකුට.. අහින්සකයන්ට ගහන්නෙ කාලකණ්ණි..තව යුද්ධයක් හදල තොපි යයිද හමුදාවට මැරෙන්න...?",1,sinhala
අඩො මෙන්ඩියා දැක්කෙමනෑ කුණු ගොඩක් නැද්ද මුකුත් අවුස්සලා ගන්න,0,sinhala
මෛත්‍රීපාල රනිල් උබලා ජාතක කරපු එවුන්ට හත්මුතු පරම්පරාවට හෙන ගහනවා මෛත්‍රීපාල උබ වගේ කාලකන්නි හුත්තිගෙ පුතෙක් හැදුවට වඩා හොදයි සරමේ පිහියදැමිමා නම්,1,sinhala
එකද ගල් පොන්නයා තෝ මේක සිංහල බෞද්ධ රටක් නෙවෙයි කිව්වේ මේ අත්මෙත් හරියට පිරිමියෙක් වෙලා ඉපදෙන්න බැරි උනෙත් එකයි ලබන අත්මේත් උරගයෙක් වෙලා තමා තෝ ඉපදෙන්නේ,1,sinhala
බඩ පලයන් වේසි. දවස් හතට පාට හතක් බඩ පල,1,sinhala
"වාඩිවෙන පුක රත්‍රං ද දන්නෙ නෑ ? යකො මෙහෙම ගැහිලි Azzam Ameen · 9 Aug 2018 “Rs 650,000 estimated cost of One Chair at the new western provincial council building” JVP complains to western province governor",1,sinhala
නෑ නෑ කොළොන්නාව නෙවෙයි.. කිරිබත්ගොඩ,0,sinhala
"විපක්සෙ මුන්ටලූස්ල හිතනව..""ආන් මණ්ඩලේ කචල්..! විමල්ට නෙළනව..!! කියල"" පිස්සුද අයිසෙ... උන් එහෙම වෙන් වෙනවද? උඹල වගේ මෝඩ නෑ. උන් නාට්‍යයේ තමුන්ට හිමි කොටස් නියම වෙලාවට රඟපානවා....",0,sinhala
මේවා දිලා ලංකායේ හමුදාවත් නැති කරයිද ?,0,sinhala
"අයිසෙ බයිසන්, තමුසෙ පේස්බුක් එකෙයි, මේකෙයි හැමතැනම නෝන්ඩි වෙනවා විතරනෙ! හැබෑට ඔහේ මේ කරන වැඩ වලට හොඳ කියන මිනිස්සුත් ඉන්නවද?",0,sinhala
සාධු සාධු අපි වදින්නේ දැන් මධුෂ්,0,sinhala
ඉතින් අනේ එයා ගැන මන් හොයන් නැතිව උත්තර ගෑණි හොයන්නද බොලං,0,sinhala
සෙල්ෆ් චෙකවුට් කරලා ඇඳුම් වගයක් ගෙනාවා... ගෙනල්ලා බලද්දි ඒවගෙ අර ප්ලාස්ටික් සෙක්‍යුරිටි ටැග් තියනවා. යාලුවෙක්ගෙන් ඇහුවා ඒවා ගලවන්න දන්නවද කියලා. මේකා අහනවා අපෝ යකෝ කඩවල්වලින් බඩු උස්සන්නත් පටන් ගත්තද කියලා... අන්තිමට YouTube බලලා වැඩේ ගොඩදාගත්තා...,0,sinhala
පයිය බිහි වීම. පුරාණ රාවණ සෙල් ලිපි වලට අනුව රාවණ රජුගේ ලිංගය විශාල යන්ත්‍රයක් වැනිය. පස් යොදුනක් දිග+ඉන්නක් වැනි+යන්ත්‍රය = පයිය මේ සෙල්ලිපි අද්‍යනය කිරීමෙන් පසු අපට හැගී යන්නේ රාවණා රජුගේ ලිංගය අති විශාල වූවා පමණක් නොව එය සීතා වැනි ස්ත්‍රියකට කිසි සේත් දරා ගත නොහැකි බවයි.,0,sinhala
හරි එහෙනන් අදට ඇති . සුභ සීතල රත්‍රියක් වේවා ඔබ සියලු දෙනාටම . ඇති හැකි අය තුරුළු වෙලා නිදාගන්න . අනික් උන් මම වගේ කොට්ටෙ බදාගෙන රෙද්ද පොරවගෙන නිදාගන්න. #GoodNightEveryone,0,sinhala
"අම්ම තාත්තගෙ වර්ගෙ ,හැඩේ හඳුනගන්න පහසුයි...ආදරය කරුණාව නොදන්නා මේ වගේ ලමයි තව කොච්චර ඇතිද? රන් පුතා · 29 May 2020 බලහන්කො මුං දෙන්නා මෙ අහිංසක සතාට කරන..සක්කිලි වැඩේ...",1,sinhala
"බොහෝ මිනිසුන්ගේ ජීවිත කාලකණ්ණි කල ඒ වචන දෙක: ""අද විතරයි""",0,sinhala
නාකි කැහුට්ටු ගොන් ගෙම්බා,1,sinhala
අම්මපල්ල මුන්ට පොල්ලකින් බෝලෙකට ගහන්ඩ බැරි හැටියක්! ඕක ඔචචර අමාරු විජ්ජුම්බරයක්ද බොලව්? කෑවා නෙවද සුද්දගෙන් ආයේ... URL,1,sinhala
"""මෝඩ චුන්"" අලි චෝක්... රට කෑවට, කදවුරු අයින්කරට, ෆෙඩරල් ගෙනාවට කමක් නැ සමුපකාර චන්දෙ දිනලානේ.. නේද ? #lka #srilanka",0,sinhala
"ඥාතීන් කියලා හඳුන්වන හැතිකරේට.. කට පුක පියාගෙන තමන්ගේ වැඩක් බලන් ඉන්න බැයිද.. පෙළක් තරුණ අය රටත් අතෑරලා විදෙස් ගත වෙන්න එක හේතුවක් තමයි මේ ඥාතීන්, අසල්වැසියන් කියලා හඳුන්වන හැත්ත..",1,sinhala
මාදම්පේ චානක දැවැන්ත කිඹුලෙකුගේ කටට ගිය හැටි මෙන්න Read more>>> URL #LK #Srilanka,0,sinhala
නමක් නැද්ද මේ කරන අයගේ?,0,sinhala
අර හරකෙකුත් දූෂණය කලේ පොල්ගහවෙල නේද යකෝ..සමහර විට ඒ හරකා ඒ මිනිහට අනින්න ඇති....:p මේවා සමකරන්න තියා copy... URL,0,sinhala
ලොල්. කෑල්ල නම් මන්දා...මම එදා හිටිය හිතූ මයි... කවදත් පොළොවෙ,0,sinhala
අපෙ ගෙදරටත් ආවා අක්කෙ පාර හිටපු බල්ලෙක්..අපෙ තාත්තා කන්න දිලා හැදුවා..පස්සෙ තාත්තා එක්ක හරක් බලන්න යන්න පටන් ගත්තා..එක දවසක් උගෙ පොලගෙක් කාලා තාත්තා අරන් ගිහින් බෙහෙත් කරා...ග්ලුකෝස් හිටන් දිය කරලා දුන්නා..කිරි ගෙනැත් දුන්නා..උගෙ හැම කැත කුනක්ම අත ගැවා..මාස එකහාමාරෙන්..,0,sinhala
පයිය කියන වචනය දෙමළ භාෂාවෙන් සිංහලයට පැමිණි වචනයක්. දෙමළ භාෂාවෙන් උරය හෝ මල්ල පයිය යනුවෙන් හඳුන්වනවා.,0,sinhala
අඩෝ විජිත හේරත් ජෙප්පා තෝ නිර්ධන පංතියේ එකෙක්. තෝ ඉන්න ඕනේ කටු මැටි ගහපු පැලක. එක්කෝ ගෙවල් ඉඩම් නැතුව කුලියට ඉන්න ඕනේ. තොපිට ඉඩම් ගන්න තහනම්. #SriLanka #JVP Shyamika warushamana · 1 Nov 2021 නිර්ධන පන්තියේ විජිත සහොදරයාට මාමන්ඩිගෙන් ලැබුනු තැග්ගක්ද මේ.,1,sinhala
ලැබෙන් නැති උනාම ඉතින් තැන තැන කියෝනවා බඩුව අරූට අල්ලනවා මූට අල්ලනවා අපිට තමා අල්ලන්න බැරි කියලා,1,sinhala
කොල්ලො කුරුට්ටෝ උනත් පළ ඇති රුකට ලු ගල් ගහන්නේ.... ඉරිසියා කාරයො මොනව කිව්වත් සැලෙන්න එපා සුදු මහත්තයෝ... ඔයා දබුල්ල දිනවලාම තමයි පස්ස බලන්නේ... ඒක මට විශ්වාසයි... එහෙම නොවුණොත් දබුළු ගල බොරුවක් රාස්පුටින් | Rasputin · 30 Nov 2021 Theme song එකට වුණත් පොරව ගත්තම වෙන්නෙ සින්දුව බාල වෙන එක විතරයි twitter.com/Aqibmzm/status…,0,sinhala
දුම් පානය තියා පාන් ගෙඩියක් ගන්න මිනිස්සුට සල්ලි නෑ. ඔයාලා මීඩීයා ගේම් ගහලා ගෙනාපු ආණ්ඩුව තමා.,0,sinhala
බොලව් යඛ්ඛයිනේ . . . . බිජ්ජ උල්ද?,1,sinhala
ඊයෙ කට්ටියට අර රෙද්ද සමරලා මහන්සි ඇතිනෙ . මොමුද සීතල වතුර වීදුරුවක්,0,sinhala
තොට මුන් දෙන්නගේ ම DPs awesome. මගේ DP එක ගැන වචනයක් කියලා තියෙනවද?,0,sinhala
ලක්‍ෂමන් කිරිඅැල්ලට මෙිකට සාධාරණ විසදුමක් ලබා දීමට උවමනාවක් නෑ.ඔහුගේ දරුවනුත් විදේශිය අධ්‍යාපනය ලැබු අයයි.,0,sinhala
හම්මට පොඩි යකෝ.. බිජ්ජො.. වේසි,1,sinhala
මල්ලි දැක පුක ල්,0,sinhala
අඩො මේ ටින් එකට අවුරුදු 20ක් යකෝ.... හැබැයි දැන් මැරිලා,0,sinhala
ව්දිනං රැවුල ගිනිඅරන් තියෙද්දි සුරුට්ටු පත්තු කරන්ඩ යන්ඩ එපා මහත්තයෝ #SriLanka,0,sinhala
", පලයන් යන්න.",0,sinhala
ඊයෙ රෑ ෆිල්ම් එකක් එහෙම බලලා ඉවර වෙලා පොඩි වැඩ ටිකක් තිබ්බා ඉවර කරන්න. වැඩ ටික කර කර ඉද්දි නිදාගෙන හිටපු අම්මා එක පාරට කාමරේට ආවා. මං ඇහුව මොකද අම්මෙ? අම්ම කිව්වා තමුසෙ මේ නෙට් එක දා ගන්නේ නෑ කියල මං දන්නවනෙ කවදාවත්. ඒක දාලා යන්න ආවෙ කියල. නැත්නම් මදුරුවො කයි කියලා.. #අම්මා,0,sinhala
මේක පියාගෙන් උන වැරද්දක් නෙවෙයි දරුවා.. පහළ වෙලේ උන්න තඩි මී හරකා ගෙන් උන වැරද්දක්. සංසාරේ හැටි...,0,sinhala
බයිසිකල් එක ගෙදර පටවන්න ඒක සුද්දකරල ගලවන්න ගියා.. බයිසිකල් සාප්පුවෙ බුවා රේසිං බයිසිකල් පෙරේතයෙක්.. බුවා මගේ සයිකල් එකේ පාට්ස් පවා අඳුරනෝ.. . ඌ ඒක ඩීසල් දාල පිස්සා.. හෙට ඔයිල් ගහල දෙන්නම් කිව්ව.. ඔන්නොහෙ තාටිකක් මෙහෙ ම පදිනෝ..,0,sinhala
නාකි විසේ ගෙටත් උසේ,1,sinhala
අයියෝ අපරාදෙ. අංක එකට ගේන්න රජය කොච්චර මහන්සි වෙනවාද,0,sinhala
තමුසෙගේ එකවුන්ට් එකට ගියාම බලාගන්න පුළුවන් තමුසේ මොන ලිංගේද කියලා..මට වේසි කියන්න තොට මොන හයියක්ද..මට වුන් මොනරෙද්දක් කර ගත්තත් කමක් නැ..මාගේ පොඩි එකා එක බලන් අහපු ඒවට මට උත්තර දෙන්න පුළුවන් ද..අනික මිනිස්සු දාහක්යන බස් එකක උන් උන්ගේ හැඟමි එලි පිට දාන් ගියාම මිනිස්සු බලන් නැද්ද,1,sinhala
"#Muslims ජන සමාජය ගැන බහුතර #srilankan යම් කිසි වචන හුවමාරුවක් වෙනවානම් වෙන්නේ මෙන්න මේ කරුම හේතු නිසයි. #සිංහල අපි නොදන්නවා නොවෙයි අතීතයේ ""හරක් හමක්"" එළාගන්න මේ රටේ කෑල්ලක් ඉල්ලලා වෙච්චි වැඩේ. ඒ වගේම යකෝ වෙනම සුවිශේෂී භූමියක් මුස්ලිම්වරුන්ගේ මිනි වලලන්න කියලා දුන්නොත් අනාගතයේ එය",0,sinhala
"නොදකින් මේ ලංකාවෙ උන් නම් අසරණ කෙල්ලෙක් ගෙ වීඩියො එකක් ලීක් කරගට්ටාම මුන්ට ඊට වඩා දෙයක් නෑ, උබලටත් නංගිලා අක්කල... URL",1,sinhala
උඹට එච්චර දෙයක් කරගන්ඩ බෑ.. අනිත් එක තෝ කොහෙන්ද යකෝ එන්නෙ මොන මගුලක්ද,1,sinhala
"කොටි හැත්ත ආපහු ෆෝර්ම් වෙලාද? Akila Silva · 20 Oct 2020 කතා කරේ භාශාව ගැන. ඒත් මේ ෆයර් වෙලා තියෙන විදියට හිතාගන්ඩ පුලුවන් තාමත් ඉන්නෙ ප්‍රභාකරන් මානසිකත්වයෙ කියල.. අපේ රට, අපේ භාශාව ගැන කතා කරන්ඩ සිංහල අපිටත් බැරිනම් කාටද පුලුවන් කියල මට තේරෙන්න නෑ. හොස්පිටැලිටි එක කරේ නගිනකොට මෙහෙම තමයි.",1,sinhala
"ප්‍රීතිපුර විශේෂ අවශ්‍යතා ළමා නිවාසෙට ගියා.. විශේෂ අවශ්‍යතා තියෙන ළමෝ 4කට වගෙ ඉන්නේ එක්කෙනයි. එයාල නාවන කවන පොවන වැඩ, කැත කුනු අයින් කරනෙක, ළමෝ ඉන්න තැන පිරිසිදු කරන එක. කෑම උයනෙක. රෙදි සෝදන එක.. ඔක්කොම කරන්නෙ ඉන්න 20ක් වගෙ සෙනග. ඒක ලොකු යුද්ධයක්.. URL",0,sinhala
මට ගෑණියෙක් නෑ. ගෙදර තියෙන බේසමක් දීලා ගෑණියෙක් අරගෙන ඒ ගෑණි දීලා භාජනයක් ගත්තොත් තමයි ඉතින්.,0,sinhala
එතන පාස් කරල චුට්ටක් එහාට ගියාම එන හුජ්ජ ගන්දස්සාරෙ . . . බුවෑක්,0,sinhala
භාරත ප්‍රභාෂණ තෙන්නකෝන් ගේ ‘ඊළඟ කෑල්ල ‘ සැප්තැම්බර් 1 වැනිදා ප්‍රසූත කෙරේ… – Lanka Lead News URL,0,sinhala
බෝට්ටුවේ න් වෙන්න ඇති යන්න ඉන්න ඇත්තේ,0,sinhala
Hoyagena neda... Hummm හැංගි මුත්තු හැංගියෝ පේන තැනක හැංගියෝ #නරිනාටක,0,sinhala
2013 ගත්තු මගේම පොටෝ එකක් දැකලා මේ දැන් අම්බානෙකට බයවුනා පට්ට කැතයි ඕයී ඒ කාලෙ #පශ්චාත්මැටිවරණප්‍රචන්ඩක්‍රියා,0,sinhala
හරි පකෝ එල.. Hiru News · 26 Apr 2019 අන්තවාදීන් 130දෙනාම අත්අඩංගුවට ගෙන IS සම්පුර්ණයෙන්ම රට තුළින් ඉවත්කරනවා - ජනපති #HiruNews #lka,1,sinhala
මොකද බං අර සින්දුවක් කියපු කෙල්ලෙක්ට මේ හුජ්ජ කොල්ලො මෙච්චර බනින්නෙ...? ඒ කෙල්ල කරපු වරද මොකක්ද...? මට නම්... URL,1,sinhala
"රැපියල් තෙන්නකෝන් බස් එකට ගොඩ වෙලා කොන්දොස්තගෙන් දවසක් ඇහුවලු "" දරුව මේ හම් පයිය කොහේ ඔබම්ද "" කියල",1,sinhala
"මදැයි wifi අලුත් වෙනකන් බලන් හිටියා, land line එක වැඩ නෑ රෙද්ද..",0,sinhala
Sampath Udagedara ලැජ්ජා නැද්ද බං කෙල්ලන්ගේ ෆොටෝ ඉල්ලන්න..වේසි වේසි කිය කියා...හයියෝ x හැමිනෙනවා :p :p :p,1,sinhala
මොන වලිද අයිසෙ මං නිදි,0,sinhala
පරණ ප්‍රයිස් එක ගහලා ඒත් 50% ඩිස්කවුන්ට් දෙන තැන් තමයි ගොඩක්ම වටින්නේ.. මොකද බබාලට බඩුව විතරක් ඇති වුනාට බබාලගේ අම්මලාට වටින්නේ ප්‍රයිස් ටැග් එක..,0,sinhala
"ඇයි අප්පා මේ මීමින්නෝ ටිකකුයි, ගොන්නු ටිකකුයි ,බඩ තඩි දිවියෝ ටිකකුයි බලන්න මෙච්චර සෙනග .. පළවෙනිදට පස්සේ ඇවිල්ල... URL",0,sinhala
ගෙදරකට බලු පැටියෙක් ගෙනල්ලා. බල්ලට කතා කරන්නේ ශැඩෝ මැණික කියලා. ගෙදර කොල්ලට බොල බූරුවෝ තෝ බල්ලා කියලා. බල්ලා වැටුනා කියලා පොඩි එකාට බනිනවා. කොල්ලා අඬනවා මම මෙහෙන් යනවා මට ඉන්න බෑ කියලා.,1,sinhala
හිනා උනේ පකෝ වරෙන් ඒක හාන්න,1,sinhala
කොරෝනා රෝගයෙන් සුව වූ චීන ජාතික කාන්තාවගෙ ටිකට් කැපීමේ ජාතික මහෝත්සවය සෞඛ්‍ය අමාත්‍ය ගරු පවිත්‍රාදේවී වන්නිආරච්චි මැතිණියගේ ප්‍රධානත්වයෙන් පැවැත්විණි. එය දෙවැනි වන්නේ පසුගිය unp රජය විසින් සිදුකල කහඉරි සුදු කිරීමේ ජාතික මහෝත්සවයට පමණි. #lka #පුකේඉදන්පිස්සු තෝ ඊට හපන්,1,sinhala
Facebook කියන්නෙ තනිකරම බොරැවක් මේකෙ ඇත්ත යුක්තිය කතාකරන්න බැහැ block කරලා දානවා. මාර්ක්.කාරයගෙ අම්මට හුකන්න ආයෙ හදන්නෙ නැහැ facebook.මේකෙ ඇත්ත යුක්තිය කතාකරන්න බැහැ මොන හුත්තක්ද අපි කන්නෙ බොන්නෙ මේ කිම්බ නිසාද.block කරන එවුන්ගෙ.අම්මලට හුකලා තියෙන්නෙ නරි.,1,sinhala
මනුස්සයා අනුරාධපුරෙ පුරවැසියෙක් වෙලා ඉන්නකොට ඔහොම අහන්නෙ මොන හිතකින්ද අයිසෙ,0,sinhala
හාල් කෑලි ෆෝම් කරන්නෙ නෑ යකෝ මෙහෙ. G. S. Vivek · 10 Dec 2017 It seems I am trending in Sri Lanka:) good but certain facts can't change. And I still stick to my wordsopinion about this Lankan side. #INDvSL,1,sinhala
󾆛 - ඉස්සෙල්ලම හදට අඩිය තිබ්බෙ කවුද.... 󾆞 - අර ලයිකා බැල්ලි නේද අනේ.. 󾍛 -හා....,0,sinhala
ඇයි යාපනෙ එක .මට ඇහුනෙ රනිල් මහත්තයා කියනවා ඉංදියාවෙ ඉදලා ප්ලයිට් එනවා කියලා යාපනෙ එකට,0,sinhala
බදු වැඩි කරනවා. පට්ට පට පට. #SLBudget16,0,sinhala
කුමන්ත‍්‍රණයකින් අගමැති වෙන්න යන එජාප ප‍්‍රබලයාට රවිගෙන් දරුණු ප‍්‍රහාර.. අම්ම-අප්ප මතක් කර බනී..[Video] URL,0,sinhala
කෝ එන්න අපි තාලෙට කියමු.. වැඩ කරන අපෙ විරුවා... 45හේ උපාධිධාරීයටත්.. රජයේ ජෝබක් දෙන කෙනෙක් නම්.. ඒ ඔබයි මෝඩ මිනිසා..,1,sinhala
කොල්ලො හොඳට කාල බීල ඉන්ඩොන. ලොකුවට මොකුත් නැති උනාට පට්ට රහයි,0,sinhala
ඒ අනිත් ලබ්බ. කොහොමත් මං සම්පත් එකේ තමයි වැඩියෙන් ගනුදෙනු වෙන්නේ. මුලින්ම ඒ දවස්වල හැම branch එකකම staff එකේ එක්කෙනෙක්ව දම්මල එන එන හැම customer කෙනෙක්ටම free sms alerts දෙනව කිය කිය activate කරවගත්තා. වැඩි කාලයක් යන්න කලින් ඒක අවුරුද්දකට Rs.50 කරා. දැං Rs.350++ But nice service,1,sinhala
වදින්න ගිය දේවාලේ ගොනා ඇනලා ගහෙන් වැටිච්ච මිහිහට ඉහේ කඩා පාත් උනා වගේ #lka,0,sinhala
මොකද්ද බන් මේ අලුත් විරුදු පදය... දෙක තන් තන් දෙක තන්,1,sinhala
නීතී නෑ රණ්ඩු නෑ කෝල් නෑ මැසේජ් නෑ තනිකඩ ජීවීතේ පට්ට බං පොඩි.බර්ටි · 13 Apr 2021 නීතී නෑ රණ්ඩු නෑ කෝල් නෑ මැසේජ් නෑ තනිකඩ ජීවීතේ පට්ට බං,0,sinhala
මුස්ලිම් මිනිස්සුන්ගේ ගෙවල් වල කඩු තියාගෙන හිටියේ ගෙවල් වල ඉන්න ගැහැණු උදවිය ආරක්ෂා කරන්නලු.ඒක එයාලගේ සිරිතක්ලු.අද රවුෆ් හකීම් එක්ක තිබුණ මාධ්‍ය සාකච්ඡාවේදී මවුලවී කෙනෙක් කිව්වේ.එක මුස්ලිම් ඇමති කෙනෙක් කිව්වා පල්ලි අවට වල් කපන්නලු කඩු තියාගෙන හිටියේ කියලා.දැන් එකෙක් කියනවා ගෑණු,0,sinhala
"ටහුඩු , මාව නෝන්ඩි කරල",0,sinhala
ඇපල බාගන්න පුලාන් වෙලා නේද නංගිට,0,sinhala
අශ්ව පඩ බැටලු පඩ අලි පඩ ඔටු පඩ ඩොල්ෆින් පඩ වඳුරු පඩ බැල්ලි පඩ පූස් පඩ කොටි පඩ කුකුල් පඩ බලු බඩ ඌරු පඩ මී පඩ මී හරක් පඩ පඩ පඩ,1,sinhala
""" : මුලතිව් ප්‍රදේශයේ රිය අනතුරකින් උතුරු පළාත් සභාවේ නියෝජ්‍ය සභාපති ඇන්තනී ජෙගනාතන් මරුට. #Srilanka""",0,sinhala
hirusha මේ පාර මතකද ? දැනට අවුරුද්දකට කලියෙන් වගේ අපිත් ගියාබන් නොකා නොබී පිස්සෝ වගේ කදු පල්ලම් අතරින් හරි මරු දිග කතා පිරුන ගමනක්. හිරුවා : යකෝ හිතුවට වඩා ලෙස්සනවා බන් පෙරලෙයිද ඊලග වංගුවේදී කිව්වේ අන්න එහෙම.… URL,0,sinhala
"මේක විශ්වාස කරන්න අමාරුයි.ඇයි ISIS Responsibility එක ගන්න පරක්කු වුණේ. මේක අනිවාර්යෙන් ලොකු උගුලක් වෙන්න පුළුවන්. අපේ රජය, ආරක්ෂක අංශ නොමග යවන්න කරපු උත්සහයක් වෙන්න පුළුවන්.",0,sinhala
අරා කතාවක් කිව්වා. කසාදෙට ඉස්සෙල්ලා ජෝඩුව අලුත් ගෙදරට යද්දි අලුත් බල්ලෙක් ලු ගේන්නෙ .බල්ලට මහත්තයා දවසට හවසට විතරක් දකින නිසා කන්න පනිනවලු මුල් දවස්වල.නෝනා ආදරෙයි. මහත්තයගෙ සපත්තු මේස් පවා නෝනා ගේනවා. ටික දවසක් ගියා ම නෝනා කන්න පනිනවා බල්ලා ආදරේ කරනවා.බෙස් ගෙන්නෙ බල්ලා.,0,sinhala
මේ යන විදියට රටෙහි සියලුම දේවල් තහනම් කරන්න #සිරිසේන අපේ රැවුල වලටත් අත් තියලා තමයි ඕකා පස්ස බලන්නෙ .... ඕකාට පුලුවන් ඔය වාගේ වැඩ විතරයි. #warningSL,1,sinhala
පට්ට සින්දුව :P,0,sinhala
රත්නපුරේ තේ කර්මාන්ත ශාලා 8ක් වැසියාමෙි අවදානමක...වතු හිමයෝ යහපාලනයට සාප තියයි...! URL,0,sinhala
11 others මොනා වැඩි උනත් මොනා උනත් මැති ඇමතිලට ප්‍රශ්නයක් නෑ.. මොකද ඒ සියලු දෙනාටම ඒ හැම දෙයක්ම නොමිලේම ලැබෙනව.. පෙට්‍රල් බෙහෙත් හැම දෙයක්ම.. ඉතින් උන්ට් සාමාන්‍ය මිනිස්සුන්ගේ අමාරු කම් දුක බඩගින්න තේරෙන්නේ නෑ.. තේරුම් ගන්න උව්මනාවකුත් නෑ.. වැඩේ කියන්නේ මේ කිසිම දෙයක් නොතේරෙනවා වගේ,0,sinhala
චීනය වගේ නොදියුණු නූගත් රටවල මේ වගේ මෝඩ තීරණ ගන්නව නේද ප්‍රෙන්ස්? URL,0,sinhala
""" : හොරකන් නවත්තන්න බැරිකමට ෆුල්ෆේස් තහනම් කරනවා වගේ. යකෝ ස්ත්‍රී දූශණ නැතිකරන්න බිජ්ජ කපන්නත් කියයිද ?""",1,sinhala
අඩු වෙලා තිබ්බේ ඔච්චරයි...,0,sinhala
රනිල්ව එලවන්න ගිය සජිත් පූස් පැටියෙක් වගේ අද රනිල්ගේ රෙද්ද අස්සේ ඉන්නවා (VIDEO) | Mahajanathawa URL,1,sinhala
හොඳ වෙලාවට කවුරුවත් උගේ ගෑණි ඉල්ලන්න නැතුව ඇති.,0,sinhala
ඕක ජනතාවට කියලා වැඩක් නැහැ.පාර්ලිමේන්තුවේ නාස්තිය අවම කරගන්න බලන්න.,0,sinhala
"දැන් ආගමත් එපාලු, නොදකින් මේ සිංහල උන් වගේ කාලකන්නි ටිකක්. බුද්ධාගම අතැරලා ඉගෙන ගනිල්ලා අර ශරියාද මොකක්ද මගුල. #lka",1,sinhala
"නන්නාඳුනන ලෙසේ මග තොට යලි හමුවෙලා, මහ මෙර හිසින් දරාගෙන අපි යමු දුරස් වෙලා... #SomethingsJustNeverMeantToHappen",0,sinhala
සල්ලි දීල කඩෙන් කන වහ වගේ නෙවෙයි ප්‍රෙන් අම්ම ගෙදර හදන කෑම #backTohome,0,sinhala
"සැබෑ ආදරය බලාගන්න ඕනනම් පල කණ්නාඩිය ඉස්සරහට,තොට තෝ විතරයි,මට මන් විතරයි..",0,sinhala
"""ඈ බන් පොඩි එකෝ....බැරි වෙලාවත් තොගෙ අම්මා වේසියක් වෙලා තොගෙ තාත්තා රස්තියදු කාරයෙක් උනානම් තෝ කව්ද?"" පොඩ්ඩක් වෙලා ඉදලා පොඩි එකා Driver කාරයට උත්තර දුන්නලු. ""එහෙනම් ඉතින් අන්කල් මම අද බස් Driver කෙනෙක් තමයි.""",1,sinhala
අනික් උන්ගේ ෆොටෝ අරං විකෘති වැඩ වලට යොදාගන්න අවජාතක වේසිගේ පුත්තු නම් වැහි වැහැලා. උන්ට බයේ තමන්ගේ දරුවෙක්ගේ ෆොටෝ නොදා ඉන්නවා නම් දරුවොත් නොහදහම ඉන්න ඕනේ බය වෙලා. එහෙම බැලුවොත් තරුණ කෙල්ලෙක්ට සමාජ මාධ්‍යවල ෆොටෝ දාන්නම වෙන්නේ නෑ.,1,sinhala
", මම නෑ උඹලගේ වල් කතා වලට",1,sinhala
කොළඹ කුමාරි කියන ගෑණි වයස 20 තරැණයන් විසාල පිරිසකට කුඩු වලට ඇබ්බැහි කරවලා...ලොකුවට ජාවාරම කරගෙන ගිහින්..වටිනා තරැණ ජිවිත.... මරණ දඬුවමට විරැද්ධ වෙච්ච මැති ඇමතිවරැ ඒ කාලකන්නි ගැනි පිටුපස ඉන්න පුලුවන්..එකෙක් දෙ⁣න්නෙකුට හරි මරන දඩුවම දියයුතුයි.,1,sinhala
"බලන් ගියාම වැඩිහරියක්ම මේකෙ උන්ට අමාරු වෙලා තියෙන්නේ චිත්ත ගැන නෙවේ, මට හම්බෙච්ච සපත්තු දෙකයි mage followers count එක මෙච්චර වැඩිවෙච්ච එක ගැනයි. සිපයියෙක් නොවී තැනකට වරෙන්, එතකොට අනුන්ගේ followers count එක ගැන හිත හිත කුහකයෝ වගේ TL එක පුරා හොටු පෙර පෙරා ඉන්න ඕන නැහැ.",1,sinhala
මෙක මහ කරුමයක් යකො රෙද්ද....,1,sinhala
නාකි ජෝඩුවක් මතක් වෙනව බම් මේ කෝලම් දැක්කම,1,sinhala
පලයව් යන්න තොපි තමා හෙනේ,1,sinhala
මේ වගේ වේස බඩුවක් අපේ රටේ ජනාධිපති වෙලා හිටියලු....හිටං... URL,1,sinhala
මුස්ලිම් මිනිස්සු හොඳ අය ඉන්නවා..අන්තවාදියෝ උනත් බෝම්බ ගහන්හරි සාප අහගන්න හරි එලිපිටකරනවා ඕන දෙයක්..ඒක වෙනයි ..ඒකට අපේඋන් කොලේ වහල යටින් ගේම ගහන්නේ..කාලකණ්ණි,1,sinhala
පරණ නිවුස් ගහන්න එපා .... ඊයා,0,sinhala
වැඩි කරන්න දෙයක් නෑනේ බං ඔවිවා නැතිම කරලා දාපල්ලා,0,sinhala
නොහික්මුණ රියදුරකු කල විනාශයක්,0,sinhala
පරිස්සමට අවුරුදු ගමන්. ..,0,sinhala
අප්පට හැමිනෙනවානේ ට්විටර් ඔයත්? කෝ පකෝ TL එකේ තියෙන්න ඕන ට්වීට්ස්? මගේ නොටිෆිකේසන්ස්? කෝ මගේ ෆලෝවර්ස්ලා? සිස්සටම් ෆේලියර් එකක්ද නැත්තම් මට විතරද,1,sinhala
Tornado එකක Video එකකට වෙන audio දාපු එකා මොකාද බොල.. Office එක මැද්දේ ඒවා play උනාම ඇති වෙන මෙව්වා එක වචන වලින් ගන්න බෑ මහත්තයෝ .. Volume එක full වැඩිකරලා තිබුනේ යකෝ phone එකේ..,0,sinhala
කෝම දාන්නද යකෝ................මේ දවස් වල ඒකිව හොයනව යුද්දෙ දවස් වල ආයුද සැපෙව්ව්වලු ..........කියල රිමාන් භාරයට ගන්න,0,sinhala
තව නෙලුම් කුලුනක් හදමු,0,sinhala
"අනේ පල පොන්න තම්බියා, ඇයි දැන් උබට පේන්නේ දෙමලු ලංකාව පාලනය කරනවා වගේද?උබ යකෝ රට ඉදන් ලංකාව ගැන බොරු හීන මවන්න එපා. තොපි බලන්නේම රටවල් බලෙන් අලන්න. හම්බෙයි උබලට ලංකාව. වරෙන්කෝ යුද්ද කරලා ගන්න. තොගේ ඉතුරු කාලත් නැතිකරගන්න තමා. උබලා මහලොකු ජාතියක්ද. ජරාජාතිය.",1,sinhala
"කෙල්ලෙක් සුයිසයිඩ් කර ගත්තොත් : ""අඩො පවු නේද ලස්සන කෙල්ල බං"" කොල්ලෙක් සුයිසයිඩ් කර ගත්තොත් : ""අඩො ඌ ඔච්චරටම පොංනයෙක් කියල මම නම් හිතුවෙ නෑ බං"" #අසම්මතේ_අපි #පොරෝපාරමාකටිං -Copied-",1,sinhala
අවුරුදු 4.5 ක් පොල් ගෑවද යකෝ... අඩුම තරමෙ විපක්ෂ කණ්ඬායම් ටික කරපු තරමෙ දෙයක්වත් කොරාද ?,0,sinhala
හංසයාගේ රත්තරන් බිජ්ජ ඉල්ලන් ගිය රාජ්‍ය සේවක නෝන මහත්තුරු ටිකට අවුරුදු කන්න පඩිත් නැතුව දැන් රන් බිජ්ජේ රස දැනෙනව ඇති,1,sinhala
සමහර ගැණු PMලගේ තියන ලයින් යකෝ අපි නිකම් මුන්ගේ ගෙවල් වල වැඩ කරන servant වගේ ඉන්න ඕන කියල හිතනවද දන්නේ නෑ,1,sinhala
"මං ජීවත් උන අවුරුදු 20ටම මගෙ හිතේ මහ දරුනු විදියට ආදරයක් ඇති උන ස්ත්‍රී ෆැන්ටසියක් තියෙනවා නම් ඒ ""නෝරි"" නෝරිගෙ ෆැන්ටසිය මාව පුරෝලා දැම්මා.නෝරි පට්ට බොලද උනත් මම නෝරිට පට්ට ආදරේයි!",0,sinhala
අද රෑට නින්ද යන එකකුත් නෑ.. #දෙවනිඉනිම නැනේ.. අයිසෙ එදිරිමුණි තවුසෙ අපිව පිස්සෙක් කරා නේ,0,sinhala
ජාතිවාදය අවුස්සාලා රට ගිනි තියලා තමන්ගේ දේවල් කරගන්න බලු හැත්ත.. ⁣බුද්ධාගම ත් විනාශ කරනවා කාලකණ්ණි තුප්පහි සක්කිලි දේශපාලුවෝ සහ උන්ට කඩේ යන හොර චීවර නඩ,1,sinhala
එතකොට පස්ස ලොකු එකක් තෝරා ගත්තාම හරිද? නොදන්නා කමට ඇහැව්වේ,0,sinhala
පාර වල් වල කෑ ගහපු උන් කඩල විකුනුවන්ම් අද ඔය ඉල්ලීම් උන්ටම දෙන්න තිබ්බ උන්ගේම සල්ලි වලින්.,0,sinhala
විවාහය අමු අඹ යකි.කෑ එකා ගේ දත් හිරි වැටි පසු තැවිලි වෙද්දී ....බලන් ඉන්න එකාගේ කටට කෙළ උනයි,0,sinhala
කියවා හැඩුවත් මටනම් කම් නෑ මගෙ හිත අද තද නින්දේ කියලා තමයි මටත් කවද හරි කියන්න වෙන්නෙ! කරුම නිදිමතක් අෆ්ෆා තියෙන්නෙ,0,sinhala
ඊයා බන් කෑම කකා හිටියේ නොදකු තෝ,1,sinhala
මෙවගෙ එවුන්න්ව පනුවො ගහල මරෙන්න ඔන සක්කිලි හැත්ත .... URL,1,sinhala
හුත්තෙ කැරි වේසි වාසුදේව,1,sinhala
සම්පුර්ණන්ම වැරදි heading එකක්නේ මේ news එකට දාල තියෙන්නේ. ක්‍රීඩකය නොවෙයි blackmail කරන්න හදපු කෙනානෙ අමාරුවේ වැටිල තියෙන්නේ.,0,sinhala
මොනාද අයිසෙ මේ ලැජ්ජ නැති වැඩ #එකළඟට්වීට්,1,sinhala
පුලුවන් කෙනෙක් ඉන්නවනම් Sunera hirumal madapage කියන චීත්ත කෑල්ල මගේ කලින් පෝස්ට් එකට මෙන්ශන් කරන්න.. ආතල් එකක් දන් නැති හුකන්නෙක්,1,sinhala
"ජය වෙිවා ,ආය කවුරුත් නැද්ද ,මමත් ඉල්ලන්න ඉන්නේ හිතුනොත් .",0,sinhala
කොටින්ම මුන් අද මැරෙන්නෙත් කසිකබල් ඉන්දියන් මෙගා වල වගෙ මැරෙන එකාම මැරෙන හැටි Video කරගෙන නොදකින් කාලකන්නි මනුස්ස ජීවිතයක වටිනාකමක් දන්නැති,0,sinhala
යකෝ පොඩි එකාට අකුරු කියවන්නත් කලින් facebook අකව්න්ට් එක හදල තියන අම්මලනේ ඉන්නෙ අද කාලේ.,0,sinhala
"මාර ආතල් ""බිඳවැටීම"" හලෝ. හරියටම පැයයි ""බිඳවැටුණේ"".",0,sinhala
එක මේ ඕ දෙක ඉස්සර දහම් පාසලෙ දෙබසක් කෙල්ලෙක් : මං දැක්ක තමුසෙ පුවක් කොට කෑල්ලක් කර තියං කටින පෙරහැරේ ඔලුව නමං හික්මීය වගේ යනෝ,1,sinhala
අගමැති විස්වාස කරන්න බෑ,0,sinhala
"පලවෙනි වීඩියො එකෙ අන්තිම හරි බස්කාරයෙක් පුක දෙනවා උගෙ ඇටේ තලලත් මදිනේ හරකා Sri Lanka Tweet · 29 Mar 2021 Elephants crossing a road. An elephant narrowly escaping a VIP vehicle collision while crossing the road in Gatadiula, Ambanpola. #LKA #SriLanka #Elephants",1,sinhala
""" රටම ගංවතුරෙන් යට වෙද්දී -පොලිස්පතිත් පිස්සු කෙළි..? "" | Medaperadiga URL",0,sinhala
"ගෑණියෙක් ගල පෙන්නලා තන පෙන්නලා හිට් වෙන්න එනකොට පේලියට ගිහින් ෆලෝ කරනවා. පස්සේ ඒ ගෑණු හැම රෙද්දටම තමන්ගේ ගලයි, පුකයි, තනයි පෙන්නන්න ගත්තම ""අපි මේව බලන්නද ට්විටර් එන්නේ"" කියලා අහනවා. ඒවා බලන්නනේ හුත්තෝ උඹලා උඩ දාගෙන ගිහින් ෆලෝ කළේ.",1,sinhala
පොහොට්ටු නිදහස් පක්ෂ වේසිගේ පුතාලාට වඩා සජිත් හොඳයි,1,sinhala
මොන ලබ්බ අයිං කරත් කමක් නෑ සිංහල බෞද්ධ කියන එක එහෙම අයින් කරොත් බලාගන්නම්.,1,sinhala
ශුමුදු මුදු දෙපා තුඩු වල පහශ නොදෙනෙනා යකඩ පයිය මගේ නුඹ ලඟ හඬා වෙලපෙනා... #සාජ්ජේ #කමෝන්_නානා,1,sinhala
"සමාජය විසින් 'පිස්සා' ලෙස හංවඩු ගැසුවේ, තමා විසින් මවාගත් ෆැන්ටසියක රජ සැප විදින අධිරාජ්‍යවාදී පාලකයෙකුටය!",0,sinhala
අඩො අඩො තොපි ඇහැරිලා ගැම්මක් තම අමොනා හරිකරමුතේ,0,sinhala
මුන්ට දෙමල අකුරක් කියා ගන්න බෑ ඒකත් සිංහලෙන් ලියාගෙන මූං ගේ එකම ආසාව යලිත් යුද්ධය කට යෑමයි ඒක වෙන්නෙ නෑ පර හැත්ත මේ කාලකන්නි වේසිගෙ පුතාලා ට තියෙන බඩේ අමාරුව දෙමල මිනිස්සුට නෑ,1,sinhala
ඉස්සර වෙලා මෙහේ බස් එකක ගිහින් ඊට පස්සේ කථා කරපං. ගොං හරකා.. හිතං ඉන්නේ ඔක්කොම දන්නවා කියලා..,1,sinhala
උබේ රෙද්ද නැතිවුනානේ අද,0,sinhala
මෙයකා ස්කාගාරෙකද අයිසෙ වැඩ කරන්නෙ Asitha Sahanpriya · 20 Dec 2019 සාමාන්‍ය අරක්කු වල සැර 35% උඩ තියෙන්නේ. බියර් හදන්නෙත් ඒ අරක්කුවලට අජින මොටෝ දාලා; සැර අඩු කරන්න සබන් වතුර දාලා සැර 8.8% දක්වා අඩු කරනවා. ඒ සබන් වතුර කැලැත්තුනාම බියර් එකේ පෙන එනවා.,0,sinhala
මෙකේ ඉන්නවා ගොන් සිපයියෝ ටිකක්. උන්ටත් ඕන නැති ලබ්බක් නෑ.,1,sinhala
පාන් කාලයි අරක්කු පැකට් එකටයි ලෙවකාගෙන වැස්සෙ තෙමීගෙන කඩේයන වහල් හැත්ත,1,sinhala
මාතර ශ්‍රී.ලං.නි.ප.ආසන රැස්වීමත් උණුසුම්වී හු....වෙන් නවතී ! අධ්‍යාපන ඇමති පස්ස දොරෙන් පලා යයි! URL,0,sinhala
අම්මෝ මහාලොකු කෙල්ලෙක්ද පරිස්සම් වෙන්න පිස්සා,0,sinhala
"ටහුඩු, ගිලිනව හාල්මැස්සි දැනගනු.",1,sinhala
"රටේ ඉදිරිගමනට විරද්ධව ජාත්යාන්තරයේ සිට කුරුමානං අල්ලන හතුරු රැල ට අයිති නාලිකා වල මේ වගේ බහුබූත දමන්නේ අරමුණ ""පොන්න මෝඩ"" විදිහට හිතන ජනතාවක් බිහිකිරීම බව පේනවනේ #lka #sriLanka #SriLankanPolitics #Colombo",1,sinhala
"ජාතික ආරක්ෂාවට ආහාර සුරක්ෂිතතාව, අධ්‍යාපනය සහ ආර්ථික ස්ථාවරත්වයත් අදාලයි. ඒ නිසා අනිවාර්යයෙන්ම ලංකාවේ ත්‍රිවිධ හමුදාව ඕනම අවස්ථාවකදි ජාතික ආරක්ෂාව තහවුරු කරන්න ඉන්නවා. ඒ නිසා රට කඩාවැටෙයි කියලා සැකයක් තියාගන්න එපා.",0,sinhala
ඒක හොද යි. අහල පහල ගසකින් ගෙඩි කැඩුවොත් අවුරුදු 2ක් හිරේ දාන්නකො,0,sinhala
අත පය නැතිව දරුවෝ මගෙ බඩගින්නේ රට ජාතිය ද බොල උන්හට කන්නට දෙන්නේ හිතේ ඇති ඇම්මටයි මං හමුදාවට බැඳුනේ බඩ වියතට වඩා වැඩියෙන් නෑ මැන්නේ,0,sinhala
ඉස්සර මුස්ලිම් ගෙවල් ගානේ පල්ලි ගානේ කැමරා උස්සන් ගියා නේද කාලකන්නි . දැන් කොරෝන වැඩිවෙලා තියන එකේ දිලිත්ගේ ගැනිගේ රෙද්ද අස්සෙ කැමරා දාල breaking news දාපන්,1,sinhala
"ඉතින් පොන්නයො තොට ඕන එකක් තෝ කියපිය අපිට මොකද , මේ වෙනකන් තොපි කිව්වේ කරේ අපිට ඕක එක නෙවෙයි නේ 2015 වෙනස පතපු මිනිස්සුන්ට වැඩිපුරම කෙලපු උන් තුන් දෙනා තමා රනිල් , මූ සහ රාජිත No excuses , ඊලඟ පාර උඹට මෝඩ UNP උන් උනත් ඡන්ද දෙන්නෙ නැහැ , ජාතික ලැයිස්තුවෙන් රින්ගන්න සෑර්",1,sinhala
හිතෙන්න දෙයක් නෑ හරිත තමයි.අපිත් ආසයි හුත්තො පේර යන්ඩ. කරුමෙට බෑනෙ. ඉතින් එතකොට අපි තොපෙ පුක හොද හෝද ඉන්ඩ ඔනෙද,1,sinhala
ඩ්‍රාමා එච්චර අමාරු ද,0,sinhala
ඊයේ බලෙන් කථාවට ඇදලා ගත්ත ගෑණි අද මගේ theory එක මට දෙනවා. මූණවත් බලන්නේ නෑ. බැරිද අර evil eye එකක් ගෙන්න ගන්න Oshanda ඔෂඳ Samarawickrama · 8 Jul 2020 කොට ගවූමක් ඇදගෙන ඉන්න තුර්කි කෙල්ලෙක් කියනවා එයාට සීතලූ. මම කිව්වා ජසියක් ඇදගන්න කියලා. යකෝ මාව පැය බාගෙක කතාවට අල්ලගත්තා. සීතල ගිය දූරක්,0,sinhala
අන්න තරා ගියා. දැක්කනෙ. නාකි වෙනකොට තරහ යනව කියල මං අහල තියනව.,0,sinhala
හුකනවා තමා.මටන කියලා බුකි එකවුන්ට් එකක් හදාගෙන මන් මැසෙජ් කරාම ඔයා කවුද කියලා අහන ජාතියේ පරට්‍ට උන්නේ යකෝ මෙකේ... URL,1,sinhala
අල්ලපු පන්තියේ මේස රෙද්ද අපේ මේසෙට දාලා මේස රෙද්ද ඔලුවෙ තියන් හිටියා #NotInYourSchoolClass,0,sinhala
අම්බෝ අම්බෝ ඡන්දයක් ලගයි,0,sinhala
"වාහන ආනයනයට කඩිනමින් වෙළෙඳපොළ විවෘත නොවන බව මුදල් අමාත්‍යංශය පවසයි. මුදල් අමාත්‍යංශ ලේකම්වරයා අද (13) පැවැති ප්‍රවෘත්ති සාකච්ඡාවකදී ඒ බව සඳහන් කළේය. ""අපි වාහන ගෙන්වීම පසුගිය මාර්තු මස නැවැත්තුවා. වාහන ගෙන්වීම සීමාකර තිබෙනවා. මම හිතන්නේ නෑ ප්‍රමුඛතාවය දිය යුතුයි කියලා.",0,sinhala
කොහෙන් ගියත් මූ යන්නෙ ගල විදපු තැනටනෙ.. ඈ බොල උගුඩුවෝ.. සුද්ද ගල විදිනකොට ලග ඉදලත් බොට චාන්ස් එක නොදීපු තරහ පිරිමහගන්න ට්‍රයි කරනව වහේ මටනම් පේන්නෙ.,1,sinhala
අපි ජීවත්වෙන්නේ ජනයුගයක නොවේ කාලකණ්ණි කළු යුගයකයි URL,1,sinhala
නිකන් දැම්මෙ ලයික් එකක් දන් පලයන්. #JustUpload #BlackAndWhite,0,sinhala
මේක කියවගන්නත් ටිකක් අමාරු වුනා,0,sinhala
"මට මතකයි.. දවසක් එයා කිව්වා .... ""ඔයා නැති දවසක මම නම් ජිවත් වෙන එකකුත් නෑ"" කියලා ඔය ඉන්නේ යස අගේට බොරුකාර මී හරකා... #copied",1,sinhala
Morden අම්මා=baby ටේක් ur breakfast අනේ...... අපේ අම්මා=පුතේ උදේට කාලා පලයන් නැත්තන් උබට ගෑස් වැඩිවෙයි.... #SLPoshTalks,0,sinhala
සුද්දා ගල විද්දින්න කලින් නුවර ඈයො කොම මුහුද ගැන හිතන්න ඇතිද නෙහ්,0,sinhala
අයියා දන්නවා හොදටම මං හිතන්නේ ඔය ගල ගැන,0,sinhala
මාවත් එක්කං පලයන්,0,sinhala
"මෙ හුත්ත එක්ක බෑ ,පයිය මන් යනවා යන්න",1,sinhala
"මන් උට කිව්වා රෙස්පොන්ස් කරන්න එපා කියලා. අරකි එක දිගට තර්ජනය කරනවා සල්ලි දාන්න කියලා. ඒ කිව්වත් වගේ ඒකි අර එඩිට් කරපු වීඩියෝ එක ෆැමිලි එකේ හැමෝටම ෆෝර්වඩ් කරලා. පාන්දර 2,3 වෙනකන් මේ යුද්ධේ. කොහොම හරි මන් ඌව බැලන්ස් කරා. ලංකාවේ ඕකට කේස් ෆයිල් කරලා හරියන්නෙත් නෑ.",0,sinhala
අහක යන ඒවට ඔලුව දාන්නෙ ඇයි මලේ නාකි ගෑණු වගේ,1,sinhala
මමත් හැමදාම කියන කතාව. නාකි සෙට් එක ගන්න දෙයක් නෑ. තරුණ කියන උන් ටික ඊට වඩා ගන්න දෙයක් නෑ. රටින් යන්න හේතුවක් උනොත් වෙන්නෙ දැන් ඉන්න අය නෙවෙයි අනාගතේ රට බාරගන්න ඉන්න අය දැක්කම,0,sinhala
බල්ලා නෙමේ ඒ බැල්ලි කෙල්ල අපේ,1,sinhala
ගම්පහ දිස්ත්‍රික් සංවිධායකද ? ගම්පහ ආසන සංවිධායකද ?,0,sinhala
ඔව් ඔව් ඒ පිස්සා ගැන තමා,0,sinhala
මූට පිස්සු අනේ..ඉස්සර කාලෙත් මේ වගෙ හැරමිටි අදහස් තිබුන අය හිටියා.. උදා:- හවස 6.00න් පස්සෙ ගෑණු ළමයෙක්ට ගෙදරින් එලියට යන්න බෑ.,0,sinhala
කොම්පැනි කන්නේ ඉගෙන ගත්තේ නැති එවුන් නෙවෙයි . වැඩ බැරි පුක දෙන එවුන්.,1,sinhala
ඔව්ම් තෝ බඩුවම් නේම්,1,sinhala
ඉස්සෙල්ලාම දුන්න පෙම්හසුනට ලැබුන ප්‍රතිචාරය තමයි. බූරුවා හරකා මට වදදෙන්නෙ නැතුව ඉන්න කියන ඒවා #පෙම්හසුන්_කතා,1,sinhala
උගතුන් කියන්නේ බත් කන වහල් හරකුන්ට ද උන්නැහේ...????,1,sinhala
මේ ටිකේ ඩයට් කරන්න ට්‍රයි කරනවා ඩාලින්,0,sinhala
ශා ඔයාලගේ බල්ලා නම් මාරයි ආආආ,0,sinhala
අර ගිය අවුරුද්දේ හැමිනිච්ච පොඩි උන් දෙන්නගේ පොටෝ එකට හැෆි චිල් රන්ස් ඩේ කියලා දාපූ ට්වීට් එකේ ss වටේ යවපු තොපිට හෙන ගහනවා. ආන්න තාත්තා දැකලා. සක්කිලි ෆලෝවර්ස්ලා. දැන් ඉතින් ආයේ වෙස්මාරු කරගන්න වෙනවා,1,sinhala
මෝඩ පකෝ. ඌ නෙමේ. තොපි ඉතින් ෆේක් එකක් නම් රසික රසික කිය කියා පොර වෙන්න දගලන ලොන්ත හැත්තනෙ.,1,sinhala
ඔය පලංචිය උඩ ඉන්න වේස බල්ලා පාරේ යනකොට ටිපර් එකකට හෝ යටවී චප්ප වේවා...අපේ ගෙදර තාප්පෙ උඩ සිටී මගේ චූටි පැටියාව මට්ටන් ලීයෙන් තල්ලු කර තාප්පෙ පල්ලෙ වැට්ටුවාට.,1,sinhala
140 තියෙද්දිත් ට්වීට් කියවන්න කම්මැලි එකේ 280ක් දුන්නම තම මොන කතාද අයිසෙ,0,sinhala
තනියම යන්නෙපා යකෝ අපිවත් එක්ක පලයන්,0,sinhala
මේම කිවුවේ ඉස්සර. ඒ ගොනා මම විකුණලා අහවරයි. හරිය....?,0,sinhala
මොනිකා : පරට්ටි තෝ මගේ අයියව රවට්ට ගත්තා,1,sinhala
"ඕකත් අර පොලොස්පෝති පත්වුණු ගමන් දුන්නු සාකච්චාව වගේ. දැන් හොදටෝම බලු වෙලා ඉන්නේ. මහින්ද,ගෝටා,ෆොනී හදපු හමුදාවේ නම කැත කොරන්න එපා කඩේ ගිහින්",1,sinhala
ආන්නේකයි මාත් ඇහුව මලය .... ඒ ගොං කතාව....නාකි හම්පඩ උගුස්සගෙ,1,sinhala
අපටත් දවසක ඉර පායනවා... මල හුත්තයි... අවුරුදු 8කට පස්සේ මේක මන් කරේ කියලා මෙන්න එකෙක් කියලා... උඹ කවුරු... URL,1,sinhala
"මං අද හොඳ පාඩමක් ඉගෙනගත්තා. තමන්ව ගණන් නොගන්න උන්ට ඕනෑවට වඩා කොතනකදිවත් පුක දෙන්න යන්න එපා කියන එක. මොකද සමහර මනුස්සකම් සමහර උන් දකින්නේ පාට කන්නාඩි දිගේ. Let the people to judge youdrop you, so you can do the same other way.",1,sinhala
මතක් වෙන සැරේකට කැටේට කීයක් හරි දාපං.. සරලයි ඒකෙන් අරං ගිහින් සිකරට් බීපං අන්තිමේට සරලයි උබට ඒකි මතක් වෙලා නෑ,0,sinhala
අඩො බලහන් මේ මූන දැක්කම උඹව මතක් උනේ .,0,sinhala
බලතල දීලා ඒකධිපතියෙක් හදනව කිවිිව හාදයෝ නේද මෙිි.,0,sinhala
මේ රටේ ලමයිට ඉගෙන ගන්න ඉස්කොල නැ. එ වුනට හදන්න යන්නේ ලොකු පිට්ටනි. දෙමාපියන් ගෙන් සල්ලි ඉල්ලලා පාසල් වල තින්ත ටික ගන්නෙ.ටොයිලට් එක හදන්නත් දෙමාපියන් සල්ලි දෙන්න ඔනි. එහෙම රටක් මේක. මම මගේ ලමයි 3දෙනා වෙනුවෙන් අවුරුද්ද ට කියක්ප පාසල් ට යවනවද. එක දන්නෙ අපි ව්තරයි .,0,sinhala
තොට මම ඇමතුම් කීයක් ගන්න ඇතිද,0,sinhala
අම්ම ඇහුව ඇයි තනියෙන් හිනා වෙන්නෙ කියලා :P,0,sinhala
“පිස්සා” ” පිස්සු” “මෙන්ටල්” “මොංගල්” යන වචන තවමත් සමාජ භාවිතයේ පවතියි. මානසික අසහනකාරී තත්වයනට ගොදුරු වන්නන්ව ඒ නිසාම දරුණු ව්‍යාධියකට තවදුරටත් මුහුණ දෙනු ලැබේ. සමස්ත සමාජයම මේ මාතෘකාව කෙරේ දක්වන්නේ ඇල්මැරුණු ස්වභාවයකි. URL #lka #WorldMentalHealthDay,0,sinhala
උබලට කරන්න වැඩක් නැත්තන් මෙන්න මෙකට කමෙන්ට් ටිකක් දාගෙන පලයන්,0,sinhala
"""අවසානයේදී එක් පිරිමියෙක් වස්තුව ලෙසද තවත් පිරිමියෙකු බඩුව ලෙසද ගැහැණියව වාස්තවීකරණය කරනු ඇත. එසේ වන්නට ඇයව රැජිණක් කලේද වෛශ්‍යාවක් කලේද තමාම බව ඔවුහු කිසිදිනක පිලිනොගනු ඇත"" Kuweni (කුවේණී) - Ridma Weerawardena ft. Dinupa Kodagoda | URL via",1,sinhala
"Bro , එහෙනන් ලබ්බටද යකෝ අවුරුදු 5ක් ඕව විසදුවේ නැත්තේ. -_-",1,sinhala
අක්කේ රටේ ආර්ථිකය සම්බන්ද ඇමතිකමක් ඉල්ලගනින්. පට්ට තියරි ඈ!!! අපි ක්‍රිබ් එකට යයි කියල භයට තමයි එහෙනම් වාහන මිල... URL,0,sinhala
"මේක ලංකාවෙ විනාශයකට මුල, නිය පොත්තෙන් කපන්න පුලුවන්දෙ බැකො දාහක් දැම්මත් විනාශ කරගන්න බැරිවෙන සේක.",0,sinhala
බොර දියේ මාළු බානවා..,0,sinhala
"යකෝ අලුතෙන් එකවුන්ට් එකක් හදපු එකෙන් ඉන්නවා, මූ රිප්ලයි කරලා තියෙන්නෙ ට විතරයිනේ :O මූ twitter ඇවිල්ලා තියෙන්නෙ ඒකටමද කොහෙද :3",0,sinhala
සෙක්කු වීදියේ කිම්බා දැක උඹ මට මතක් උනා... කයිමන් දොරකඩ ඉඳපං මං එනතුරු සෙලෙස්තිනා.... (Excuse any typos.),1,sinhala
බයියනි තොපි තෙල් ගැහුවද? තෙල් ගහන්න හරි ඉන්න රටක් තියෙනවා නේ....,1,sinhala
බලු සිරිසේනගේ අවජාතක පුත්‍රයා ගේ සවාරි යෑම් URL,1,sinhala
"5000ක් වගේ ඇති බං,ඔවු රෙද්ද හොර වැඩක් කලත් මුං ඉන්නවා කොහේ හරි ඔවු ඔවු,ඌ පට්ට ඩෑල් එකක්,උඹ ඌව දන්නේ NSBM වලින් ද?",0,sinhala
"නිශාන්ත ද සිල්වා පවුල පිටින් ස්විස් පැන්නෙ තානාපති කාරයාලෙ ගේම් එකකින්, ඒක වහගන්න තමයි දැන්ව්පැහැරගැනීමේ නාට්‍යයක් රග දක්වන්නේ - ස්විට්සරලන්ත තානාපති නිලධාරිනියක් පැහැර ගැනීම කෙප්පයක්, මාර්ගයේ කිසිදු CCTVවල එවැනි දර්ශන නෑ..!",0,sinhala
අම්මපා නාකි මටත් හිතෙන දේවල් කොහෙද ඉතිං මුංගේ මේව දැක්කම ඉන්නත් බෑ නොවැ,0,sinhala
"මෝඩියා පුස් පාට් දාන්නේ පකිස්තානයට, හැබැයි චීනෙට බයයි...",1,sinhala
ටහුඩු ඇයි ?,0,sinhala
හුකාපන් ගිහින් හුත්ත...මම මානසික අසහනකාරයෙක්. ඕන හුත්තක් හිතාගනිල්ල.. වේස ගෑණූ.. හෙන ගහපන් තොපි හැත්ත බුරුත්තටම..... URL,1,sinhala
"අර හොරි හැදිච්ච බල්ලෙක් ඉන්නේ. එයාගෙ නම ""හොරිබ"" ( හොරි බල්ලා) #thingsIhearathostel",0,sinhala
"ඔවු අයිසෙ ,කට වහගෙන හිනා උනෙ මන්",0,sinhala
නාකි කස්ටෙක් මට බැන්නා ඊයේ මන් සැලුනේ නෑ මිත්‍රෝරුනි හුම් එච්චර වයසට ගිහිල්ලත් මෑන්ස්ගෙ මොලේ තියෙන්නේ කොහෙද කියලා මට තේරුනා. මන් හිතුවෙ කෑගහපු හැටියට නහරයක් පුපුරලා මැරෙයි කියලා මට ඒකයි දුක හිතුනෙ තවත්.,1,sinhala
"නොම්මරේ ටැග් කරන්න දෙයක් නෑනෙ. උගෙ නොම්මරේට කෝල් එකක් දීල කියන්න තියෙන්නෙ ""හුත්තො මං තොගෙ ආ⁣ට් එක ශෙයා කලා, පුක නෙදී මෙන්න මේ ලිංක් එකට ඇවිත් රිප්ලයි එකක් දිපං පුක නෙදී"" කියල.",1,sinhala
ඔය ඉන්නෙ බං ඕකෙ... ඒකි තමා..,0,sinhala
යකෝ ගෝලීය උණුසුම සෑහෙන්න වැඩි වෙලා වගේ දැනෙන්නෙ...පට්ට රස්නයක් නේ :-/,0,sinhala
ඔවුන් සේරම එලවනේ නැතුව හදන්න වෙන්නේ නෑ...,0,sinhala
පිස්සු හැඳෙයි..,0,sinhala
උබලා ඒ කාලේ ඉදන් කරේ මුල් ගල් පැල කරන එක විතරයි කියලා ඕන එකෙක් දන්නවා යකෝ.. අවුරුදු ගානක් හදන් නැතුව අත ගගා තිබුන දේ ඉවර කරපු කෙනා විවෘත කරාම තියෙන අවුල මොකක්ද සමනල් මංගලයෝ,1,sinhala
තොපි මට කිව්වේ නෑනේ. හාකෝ.,0,sinhala
පලයන් පොන්න පකෝ. අලිපුකෙන් ඇවිත් වගේ කියවන්නෙපා,1,sinhala
කට් පිස්සා: Square Cut එකම නෙලන නිසා #ChildhoodNicknamesLK,0,sinhala
"ඔය මානව හිමිකම් කොමිසම හිතන් ඉන්නේ මේකත් ඇමරිකාව කියලා ද? රටකට අනන්‍යතාවය, ආරක්ෂාව වැදගත් නැද්ද?",0,sinhala
තැන් තැන් වල කක්කි කතා කිය කිය යන්න එපා ඩාලින් සපත්තු දෙක අරන් ගාන දැම්ම එක ඔයාලට අමාරුනම් කෙලින් ඇවිත් මාත් එක්ක ඒ ගැන කතා කරලා කියන්න ඔයාලට එහෙම දැම්මහම දරා ගන්න හරි අමාරුයි කියලා අපි ඒ ගැන කත කරමු එහෙම අව්ලක් නැ,1,sinhala
උඹ නාකියා වුනාට විහිලු නාකි වෙන්නැ ෆෙන්!,1,sinhala
"ගන්න පුළුවන්තාක් කිරි ටික ගන්න හරකා ..පැටව් හදාගන්න හරකා,ගොම ටික ගන්න හරකා... වැඩ අරන් අරන් වයසට යද්දී...මරාගෙන කනවද? අපෙනුත් කව්රු හරි වැඩ අරන් අරන් වයසට යද්දී අපිව මරන් කෑවොත්?",0,sinhala
ගණිකා වෘත්තීය නීතීගත කල යුතුයි.... මේ ප්‍රවෘත්ති දාන්නෙ හරිම කුහක විදියට....,0,sinhala
"මුo ටිකනම් ඇවිල්ලා සිරා පොන්න ඩයල් ටිකක්... කුමක් කරම්ද ""පොන්නයොත් මනුස්සයෝය""",1,sinhala
අඩි 12 ක් උසට බිත්තිය දිගේ පනින අපුරු බල්ලා හිතාගන්න බැහැ - සම්මානයකුත් දිනලා බලන්න මේ අපුරු බල්ලා මීටර් 4ක් එනම්... URL,0,sinhala
", පයිය කියන්නෙ මැට්ටො රවුම්, දිග, මහත, කලු එකක්. ඔයාගෙ සීනි කුරුල්ලට මගෙ තට්ටං දෙක පහුකරන්න බෑ . . . දිගමදි",1,sinhala
ගොවියා වැඩ කටයුතු කරන්නේ කෙසේද?ට්‍රැක්ටර් වෙල් වල කැඩිලා .... එ්වා හදන්න කෝ අමතර කොටස් ට්‍රක්ටර් වෙල් වල .... අපි කොහොමද රට බතින් ස්වංපෝෂනය කරන්නෙ!කෝ මේවට විසදුම්????,0,sinhala
එයා දන්නව ආයිත් මේ වගෙ ෆැමිලි සවාරි ලැබෙන්නෙ නෑ කියල. චීනෙ තියා ඉතියෝපියාව වත් මිස් කරන එකක් නෑ. ඒ නිසා අනිවා යනව. ආයිත් බස් හෝල්ට් එකක් විවෘත කරන එකක් මිස් කරන එකක් නෑ. අති ගරු කියල අහද්දි මාර චූන් එකක් එනව ඇතිනෙ.,0,sinhala
නැගලා නැගලා නැගලා බිජ්ජ... Ákhila Sudharaka ♕ · 29 Dec 2018 Nagaada nagaada nagaada baja...,1,sinhala
අඩො හැපි බර්ත්ඩෙ එකක් වෙවා...,0,sinhala
"මහරාජාගේ අම්ම⁣ට හැමනෙන්න, කැරි කොටි වේසිඟේ පුතා.. හොඳමම දක්ෂයෝ තරඟයෙන් අයින් කරනවා. මොන පකේ නාලිකාවක්ද හුත්තෝ සිරස කියන්නේ?",1,sinhala
RT UPFASL: මේ කරන්ට් දෙන එක තමුන්ගේ පස්ස පැත්තේ ගහගත්තනම් මොකෝ සිහිය එන්න..ඈ pcranawaka? #SriLanka #100my3days #lk… URL,1,sinhala
රෙද්ද බිමටම කඩාවැටිලා තියන වෙලාවෙත් මරු කියවලා නිකං ඉන්න අනිත් එවුන්ටත් කියල ඇරගන්න කොල්ලෙක් ඉන්නව නං ඒ සමන් තමයි. යකෝ ජාතියෙ අයිතිවාසිකං කතා කරන්න කලින් වෙලා තියන සිද්ධිය ගැන හිතල බලපං,0,sinhala
මෙයාගෙ කාලෙ තමයි පොලිසියෙ කියල කියන්නත් නිළධාරීන් බය වුනේ.,0,sinhala
එන්න ඩාලින් ඔයත් එන්න.තනියක් නැනේ එක්කන් යනවා,0,sinhala
කැළණිය බියගම පාරෙ නාගහමුල පාලම හදලදීල ඕන කාර්එකක් දාගන්ඩ!!!,0,sinhala
ඈත්ත කියනකොට මලපනිනවා නේද ප්‍රිසෙන්ටර් පකෝ URL,1,sinhala
"මට ආරංචි හැටියට කොටුවේ මේ දවස් වල ඩොලර් එකක් රැ. 152 නෙමෙයි, රැ. 155 කියලා විකුණන්නේ. ගන්න මිනිහා ගන්නවා. නොදකින්. :29 views",1,sinhala
මේකේ ඉන්න අවජාතක බල්ලෝ ඔක්කොම කැම්පස් වලට බෙදීගෙන මරාගන්වා. කොරෝනා ව්‍යාප්ත වෙලා ඉස්කෝල වහල. ඒ ගැන විස්තරයක් දැනගන්න විදිහක් නෑ. ටයිම් ලයින් එක මුන්ගේ පඩ ආතල් වලින් පිරිලා නවත්තගනිල්ලා,1,sinhala
මට පකය කිව්වොත් මම හුත්තී කියලා කියනවා,1,sinhala
මෙච්චර දවස් නැතිවෙන්න පායලා අද රෙද්ද වහිනවා .. වෙසක් කුඩු තෙමෙනවා ඉතිං,1,sinhala
කඩල ඇටය උඩවිසිකර කට දල්වා සිටින්නේය කටට වැටුණු විගස හෙතෙම හිනැහී ඔජ වඩන්නේය මෙහෙම දෙතුන් වරක් කළා - මව්ද සිටී සිනා සලා ඊළඟ එක හුටා පටා - කටේ නැතිව නහයෙ ගියා හුස්මත් ගන්නට බැරිවී ඔහු උඩපැන නටන්නේය හොඳටම බිය වී අම්මා යටිගිරියෙන් හඬන්නේය,0,sinhala
ඔන්න පටන් ගත්තා තව පිස්සුවක්.,0,sinhala
මෙ මන්ත්‍රී වරයා වැරදි කරුවෙක් නෙමෙද,0,sinhala
මහ මැතිවරනයක්. පැවැත්විය යුතුයි....,0,sinhala
නේම්චේන්ජ්ඩ් ගේ ලබ්බ ඉතා වේදනාවක් ගෙන දෙන්නකි #නිගමන  සෙප්‍රනෝ ඔකියෝපියර්ස්  · 9 Dec 2019 එක්කො මැරිලා යන්නෝනෙ නැත්තං මේ ලබ්බ හොඳවෙන්නෝනෙ,0,sinhala
ගොන්නුන්ට ඇන්දවීමේ මහා තරගය ආරම්භ වී ඇත...,0,sinhala
අනිවාර්යයෙන්ම... ඔබ වහන්සේලා මේදේ කරලා දෙන්න. එක්කෙනෙක් නෑර..,0,sinhala
"සර්ට් එකේ දිග කෙස් ගහක් තිබ්බම "" කාගෙද කියපන් මේ කෙස් ගහ "" එදායින් පසු දා සිට, • කොට කෙස් ගහක් අහු උණාම "" කවුද මේ බොක් කට් බැල්ලි "" • මයිල් ගහක්වත් නැති දාට ""කවුද අද තට්ටය...දැන් තෝ කොල්ලො ගහන්නත් පටන් ගත්තද "" #සැකpromaxlevel",1,sinhala
"පකෝ, මං කිව්වෙ කෝල් ගන්නකොට නෙවෙයි. නිකං හරි හෙණයක් වැදුනොත් කවුරු හරි මලාට පස්සේ ෆෝන් එක බැලුවොත් කියලයි. පොදුවේ",1,sinhala
", අනේ පුක. දැක්ක වෙලේ තමා පකෝ mention කරලම දැම්මෙ. SS දැම්මෙ ඕව නෝන්ඩි වෙලා යද්දි delete වෙන නිසා.",1,sinhala
පුක සුදු උනාට බෑ අනිත්වත් සුදු වෙන්න ඕනි,0,sinhala
උබලා ඉතින් චාජරෙන් හතර වටේ තියන පෝන් චාර්ජ් කලත් අන්තිමට හොයන්නෙ රිබන් එක හොද පෝන් අනේ යකෝ,0,sinhala
තිත්ත වෙලානේ උබව ඉස්සර වගේ නෙවෙයි චුට්ටක්වත් ලං කරගන්න හිතෙන්නේ නැති තරමට. ඒත් මොනවා කරන්නද තාමත් හිත කියනවා උඹට ආදරෙයිලු. මේ හිතත් හරිම හිතුවක්කාරයි. ඔලුව කියන හැම දේම හිතත් අහනවනම්. අද මං ගොඩක් දුර ඈත උඹ නැතුව. |ශා|න්| /03/18,0,sinhala
මම මෙච්චර කල් හිතාගෙන හිටියෙ කියන්නෙ තඩි මහත කෙල්ලෙක් කියල,1,sinhala
මා රස: අවජාතක කාල කළමනාකරණය URL,1,sinhala
ඉතින් ඕක අත්සන් කරන්න හැදුවෙ කව්ද,0,sinhala
හිරිවඩුන්න වජ්‍රාසනය පස් දමා වැසීමේ අනිටු ප්‍රතිවිපාක වික්ටෝරියා ඩෑම් එක පුපුරා යාමෙන් සිදුවිය හැක. වහාම පස් දමා වසපු වජ්‍රාසනය නැවත තිබු තත්වයට පත් කරණු. නැතිනම් හේතුවට ඵලය භයානක වේවි.,0,sinhala
ඇති යන්තම් අල්ලපු ගෙදර බල්ලා ගියා,0,sinhala
විභාගයට මෙවර පෙනී සිටි බව විභාග කොමසාරිස්තුමන් විසින් විශේෂ මාධ්‍ය සාකච්ඡාවක් පවත්වා සඳහන් කර ඇත. විභාගයෙන් විශිෂ්ඨ දක්ෂතා පෙන්වන පාර්ලිමේන්තු මන්ත්‍රීවරුන් හට ඇමති ධූර ලබා දීමට ජනාධිපති මෛත්‍රිපාල සිරිසේන මහතා බලාපොරොත්තු වන බවට තව දුරටත් ඔහු එහිදී ප්‍රකාශ කර සිටියේය. #NewsStory,0,sinhala
උත්තරිතර අධිකරණයත් කොල පාට වෙලා අනේ අපේ රටෙ අගාධයක,0,sinhala
"එ් පොටෝ එකේ ඉන්න ගස් බැල්ලි ව දැක්කම අප්පිරියත් හිතෙනවා. සික් ,",1,sinhala
ඒක ගල උඩින් තිබ්බ තැන පයියාගල කියමුකො.. කිඹිස්ස කියන්නේ කිම් කියලා සුදු කෙල්ලෙක් (වී) බිස්සක් උඩ ඉන්නවා දැකලා රජා කිව්වලු කිම් බිස්ස උඩ කියලා. ඒකෙන් තමයි කිම් බිස්ස කිඹිස්ස උනා කියල කියන්නේ,0,sinhala
ආදරණීය මල්සරා ඊතලෙ කෙලින් හිටවලා උඹ ඒක උඩ ඉඳගනින් #ලබ්බ #Copied #lka,0,sinhala
ඔවිනිට සිංගප්පූරු යන්න බෑ. ඒකි උසයි උඹටනං යන්න පුලුවං,0,sinhala
"මගේ බල්ලා ඔයාට කැමති නැත්තම් මාත් නැත Sophie · 13 Jan 2019 If my dog doesn't like you, I won't either",0,sinhala
ඕනම වෙලාවල් වලට තමයි ෆෝන් එක කැඩෙන්නෙත්. හුත්ත. ශික්.,1,sinhala
"රෙද්ද ,ගෙදර පොඩ්ඩක් පරක්කු වෙලා අවත් හිතන්නෙ කුඩුගන්න ගිහින් ආව කියලද මන්ද",0,sinhala
සල්ලි කාරයා වෙලා ...බැරි වේසි කීයක්වත් ණයට ඉල්ලා ගන්න,1,sinhala
ඇයි බොල ඔතන කෙල්ලෝ නැද්ද..,0,sinhala
"මන් සාප කරන්නෙත් නැ.. මන් එ ලස්සන හැකර් අයියට ආදරෙයි කැප්ටන් · 31 Aug 2021 අනේ මාත් ශාප කරන් නෑ 21,999,998. අහවල් ඉනිම twitter.com/im_suriyagoda/…",0,sinhala
"අනුර! දැන් උඹල යහපලනේට දත නියවල නියවල ඇරගත්තම, රෝසි මැඩම් පස්ස තියන කක්කුසියේ ගාන හොයපන්. කැගහපන්. ඇත්තටම තොපි අඩුකුලේ සක්කිලි බන්. නොදකින් නැන්දට කෙලින එකාගේ පක්සේ. #JVP #lka. DailyMirror · 17 May 2018 Rs.5.7m to refurbish toilets at Mayor's house: JVP URL",1,sinhala
අැන්ටිට...රොයල් ලොකුලූ..... අනේ මෙහෙමත් මෝඩ තකතීරැ අම්මණ්ඩිලෘ....,0,sinhala
"සරසවි අනධ්‍යයන සේවකයින් , රජයේ වෛද්ය නිළධාරීන්ගේ සංගමය , ආබාධිත රණවිරුවන් මේ පිරිස ඇතුලු ලංකාවේ කෙරෙන සෑම මහා පරිමාණ උද්ඝෝෂණයක් , පෙළපාලියක් , උපවාසයක් පිටුපසම දේශපාලන ගේම් එකක් ඇත",0,sinhala
ඒ දවස්වල රුපියල් 25ට වික්ක වී. කිසිසේත්ම රු50 ට වැඩි මුදලකට නොගත යුතුයි. උන් හදන්නේ නයාගෙන් දරමිටි බදින්න.,0,sinhala
මම නාකි නම් ඉස්ප්‍රා කොහොමත් නාකියි ඒක තමයි මගෙ එකම සතුට,0,sinhala
නොදකින් පර හැත්ත.. උන්ට තියෙන්නෙ පුදුම අමාරුවක්..,1,sinhala
මම මොකක් හරි වැඩක් කරන්න ගිහාම ඇයි ඔයා වද දෙන්නෙ ලබ්බ මැරියන් පරය ( Lap එක ),1,sinhala
ආවේ ෆ්‍රී වයිපයි දෙන්න. හයියෙන් පඩයක් ගියත් ෆේස්බුක් තහනම් කරනවා. ඉගෙනගත්තේ නැති බූරුවෙක් මුල් පුටුවට ගෙනත් වෙන මොනවා බලාපොරොත්තු වෙන්නද? මෙ අන්ඩුවෙ නොහැකියාව වහගන්න එක එක විකාර කරනව!,1,sinhala
අන්න ඒකනේ ගොඩක් ගෝත කරුම mute කරලා තියෙන්නේ,1,sinhala
"අනෙ තො හුක ,තොගෙ එක ඇහුනමනෙ නගින්නෙ මන් මෙන්සන් කොරනවා",1,sinhala
-ලේසිම එක පේල් නේ බන් -ඒක අව්ලක් නෑ බන් එතකොට අනික් එවා -ලේසිම එක පේල් නම් මොන රෙද්දටද යකෝ අනික්වා ගැන අහන්නේ #WhenALResultsAreOut,1,sinhala
මල්ලී කොමද ලොක්කගේ වැඩ.උඹලට හෝදලා මුගේ අසුචි වහන්න බෑ.දැන් පුක හපාගෙන මැරියල්ලා.මතක තියාගනිල්ලා උඹලා කන්නේ අපේ සල්ලී #lka,1,sinhala
"#SriLanka #lka #bylogic #hopeslive යහපාලන ආණ්ඩුව කාලේ පෙට්රෝල් ගහන්ට පෝලිමේ ඉන්නකොට, #පුකේඉත්තෑවෝ දුවපු, #හිරු,#දෙරෙන #ස්වර්ණවාහිනී #සිරස ට වොයිස් කට් දීපු හැත්ත,බුරුත්ත, දැන් ග්‍රාම සේවක හම්බවෙන්න්ටත් #මුඛපූට්ටුකොරන් පෝලිමේ යනවා..!!!! ""දැන් සැප ද..!!!""",1,sinhala
මීට පස්සේ කොහොමත් මම නං මේකෙ ගෑනු උදවිය එක්ක දේශපාලනය කතා කරන්න යන්නේ නෑ. ඊටවඩා හොදයි ඔළුව ගලක ගහගන්න එක.,0,sinhala
"පුදුම කෙළියක්නෙ අපිට උනෙ කබැල්ලෑවගෙ ගෙදරට උරැලෑවා රිංගත්ත වැඩේනෙ සක්කිලි කල්ලතෝනින්ට ඉන්න දීල අපි පලයල්ලා එළියට මැද පෙරදිග · 4 Oct 2016 ""හමුදාව උතුරේ ජනතාවගේ ඉඩම් කොල්ලකමින් මිනිසුන්ට වද දෙනවා.."" - විග්නේශ්වරම් ස්විට්සර්ලන්තයට කිය URL",1,sinhala
ඔව් ඉතින් ආදි කාලේ වුන ඒවත් පෙන්නුවනම් හොදයි නේහ්,0,sinhala
"පටන් ගන්න ඔබ.. නිමිත්ත 1 සායනයකට ආපු පවුලක් ගැන වෙන අම්ම කෙනෙක් ලියල තිබුන.. (ලංකාවෙ ) ාඇය highlight කරල තිබුන අම්ම makeup දාල ලමයත් අපහසු (නමුත් ලස්සන) ඇදුමක් ඇදල නමුත් ලමයට වමනෙ ගියහම පිහින්න රෙදි කෑල්ලක්, wet... URL",0,sinhala
ජංගි අඳින් නැති උන්ගෙ ලබ්බ බැහැල,1,sinhala
මට තේරෙන්නෙ නැත්තෙ බඩ පැලෙන්න කාලා කාලා අන්තිම කෑල්ල ඇස් වහගෙන අමාරුවෙන් බඩට දාගෙන කෑවත් පීසා එපා වෙන්නෙ නැත්තෙ ඇයි කියලා,0,sinhala
හා පලයන් සිගිති අවුරුදු කුමාරයො ටික.,1,sinhala
මොනාද බල්ලො තෝ කියන්නෙත් නැතුව රට ගියා. එද්දි එහෙම දෙයක්වත් ගේන්න බෑ තොට,1,sinhala
සමහරුන්ට දෙයක් #RT කරන්න එහි සංෂිප්ත සාරය උකහාගන්න ඕනිම නැහැ. රෝස්පාන් කෑල්ලකට බටර් ටිකක් ගෑවුනාම හොඳටොම ඇති. ඉදකින් මෝඩ හැත්ත,0,sinhala
මහජන සේවය හදන්න කලින් ආන්ඩුවක් හදන්න කෝ.....,0,sinhala
"බලපල්ලකෝ මේ පට්ට ගෑණි කියන කතාව.MR ජාතික වීරයෙක් අපි මොන වචනේ කිව්වත් MRට,පරගෑණුන්ට මොකක්ද ඒකට තියෙන අයිතිය? Lee Rhiannon · 18 Aug 2015 Ex Lanka Prez & war criminal Rajapakse defeated in elections. A step closer to have himhis brothers tried in The Hague for war crimes.",1,sinhala
දෙවියන් යනු හොඳ දේ දෙන කෙනයි.. දෙවි ලොව යන්නට පින් කල යුතුයි සොබා දහමට පිටුපා සක්කිලි වැඩ කරොත් ඇරෙන්නෙ අපයේ දොර විතරයි 𝙰 𝚂 𝙷 𝙰 𝙽__𝙼 𝙰 𝙳 𝚄 𝚁 𝙰 𝙽 𝙶 𝙰 · 3 Nov 2020 මදුරුවන්ට පුරුදු කරමු මල් පැණි බොන්න.... twitter.com/nam3chang3d/st…,1,sinhala
පැරදුනේ පක්ෂෙ නෙවේ මහින්ද රාජපක්ෂ.... මහින්ද මහත්තයට මේක තේරෙන්නැද්ද බබෙක්ද ? පක්ෂය මනුස්සයෙක් එක්ක නාකි වෙන්න... URL,0,sinhala
පරණ කුණු අවුස්සන එක කලාවක් නං එහි පිකාසෝ තමයි දෙරණ,1,sinhala
පට්ටම විලිලජ්ජාවයි නාවික සෙබළු සංවිධානාත්මක #Muslims මැරයින් අතින් ගුටි කෑම. රෙද්ද මෙහෙයුමකට යනවානම් යකෝ ගුටි කන්න බලාගෙන යනවාද ? මේක තුප්පහි #SriLanka වේ දේශපාලනයේ කුප්ප කම පෙන්වීමකි. චන්ද වෙනුවෙන් සිතා මතා සෙබළු 4 දෙනෙකු බරපතල ලෙස ප්‍රහායකට ලක් කිරීමකි,1,sinhala
ඒනම් මං සාප කන්නෝ ඉතිං,0,sinhala
මට නම් අයියා ඔය ලයික් හිගාකන වේසිගෙ පුතාලා පෙන්නන්න බෑ. ඊට එහා ඉරාජ් ට පුක දෙන මේකේ ඉන්න ජංගි අඳින පිරිමි ටික,1,sinhala
මම කීවානේ වොයිස් එක කැත උනාට ඔයා ලස්සනයි කියලා.. හැමදේම හොඳ පැත්ත විතරක් හිතන්න. ;),0,sinhala
ආ දෙවෙනි ඉනිමට කලින් මේක ඉවරවෙලා...ලස්සන ඩ්‍රාමා එකක් කාලෙකින් බලපු.....,0,sinhala
"පීරපු කොණ්ඩේ ආයිත් පීරගෙන ගිහින් කෙල්ලගෙන අහපන්. උඹට කෑල්ල සෙට් වේවා කියා බොක්කෙන්ම සුබ පතනවා. * කෑල්ලගේ තාත්තගෙන්, අයියගෙන්, කොල්ලගෙන්, කොල්ලා කියලා හිතන් ඉන්න එවුන්ගෙන් ප්‍රවේසම් වන්න. (9/9) පිටපත හා සටහන",0,sinhala
අයිසෙ තමුසෙත් තමුසෙ මමත් තමුසෙ කියල මුල් කොටසක් අඩුයි,1,sinhala
"උම්බ ඒකට කියන්නේ පුක දෙනවා කියලාද? අනික මගෙ පුක එකිට දෙන්න ඒකි කොල්ලෝ ගහනවාද?අනික කොහෙවත් යන එවුන් මට පලල් කරන්න ඕනත් නෑ... මේකේ ඉන්න ඔයිට වඩා කෑලි මට පලල් කරලත් තියෙනවා, තෝ වගේ රිලා පැටියෙක්ට පලල් කරේ නැති උනාට..",1,sinhala
"නිදහස් දිනේ සමරන්නෙ නැත්තන් සමරන්නෙ නැතුව ඉඳපන් ඕයි නිකන් පකේ ටෝක්ස් දෙන්නෙ නැතුව. මේක හරි එක නෙමෙයිලු, රණවිරුවො හොරුන්ට වඳින දවසලු අනේ බං තොපි හුජ්ජ දැන් ඇඬුවට අවුරුදු 133 ඉංග්‍රීසින්ට යට වෙලා හිටපු උන්ට අද ලොකු වෙන්න ඇති. ඇරත් පාර්ලිමේන්තුවේ ඉන්නෙ මේ සමාජෙන්ම ආපු එවුන් තමා.",1,sinhala
ගජ මිතුරෝ ඔක්කොම ගටාඩ දැම්මා දැන් කසිප්පු පුරවපු බාර් කාරයෝ ගොඩ!! මේකනම් ලෝකෙ කොහෙවත් නැති සක්කිලි රටක් කරා කාලකන්නි හැත්ත. Uniform ඇදැගෙන මාධ්‍ය ඉස්සරහට එන්න ලැජ්ජා නැද්ද? කියන දේ කෙරුවොත්නේ ඊලග තරුව IG post එක !!!,1,sinhala
"මේ මී හරක් එක්ක ලන්කාව දියුනු. කරන එක හීනයක්, එක්කො හමුදා රජයක්ම. එන්න ඕනෑ.",1,sinhala
අප්පටෛකේ යකෝ මේ ගෑණි ගිණිපෙනෙල්ලෙන් බැට කාපු උන් LED එකටත් බයයි කියලා කිව්වට මේකටත් ඩොනේට් කරන උන් ඉඳී කියලා සෑහෙන්න විශ්වාසයක් තියෙනවා මට නම්,0,sinhala
ගෑණි එක්ක ජීවත් වෙන්න බෑ කියල යාලුවට කිව්වම තවත් රස කතා මෙතනින් බලන්න ->URL URL,0,sinhala
කොහොමද සිරස twitter එන්නෙ vpn දාල නේද හොර ගෙඩිය...,0,sinhala
Here's a fun fact. තොට අලුත් අවුරුදු කියලා ගානක්වත් නැති එක ගැන අනික් වුන්ට ගානක්වත් නෑ,0,sinhala
අපෙජනරාල් ඉන්නවා.ඔයා ආයෙ ලාබීන් ආත්මෙට වත් එපා ආනෙ පිලිස් අපිව පාඩූවෙ ඉන්න දිලා ඔයා යන්න අපි රට හදන්න යන්නෙ දෙසපාලනය නෙවෙයි අපිට හදා ගන්න පුළුවන් ඔය මහජන මූත්තයි ගෝලයො රොත්තයි අරගෙන යන්න අපිට දන් කටූ කලා එපා වෙලා තියෙන්නෙ,0,sinhala
ටහුකන්න උඹඳ යකෝ black bolt මං ඒත් බැලුවා මොකාද යකෝ අපේ ඒරියල් එක ගැන කියවෙන සිංදු දාන එකා කියලා,1,sinhala
"කුණු දකින්න පුරුදු උන ඇස් වලට පේන්නෙම කුණු. මිනිස්සු මැරෙනව දැකලා කට පියන් ඉන්න පුලුවන්, නමුත් මිණීමරුවගෙ අම්මට වේසි කියනවා අහන් ඉන්න බෑ.",1,sinhala
ශලනි තාරකාට බනින්න කලින් ඇඳ යට තියෙන තේ කෝප්ප ටික හෝදලා වරෙන් ගොන් බිජ්ජෝ ටික,1,sinhala
^ටහුඩු..!! මුං දැං උඩින් යන්නේ නෙහ්..,0,sinhala
පිස්සා සැරදේවා මට සිංහල ටයිප් කරන්න කියලා දුන්නට. thanks පිස්සො!,0,sinhala
පැටියා බේරගන්න මී හරකා දාන සෙල්ලම අම්මාගේ ආදරේට කරන්න බෑරි දෙයක් නෑ - URL URL,0,sinhala
බල්ලෝ පොර කනවා බැල්ලි බේදාගන්න බැරිව.,1,sinhala
10 others පිස්සුද ඩාලින් වහ ඇලජික් වෙලා ඔයාගෙ රැවුල හැලුනොත්. ඔන්නොහේ ඔහොම ඉන්න.,0,sinhala
කැත නෑ ලස්සනයි බං ඒක,0,sinhala
වේසම වේස ජාතියක් ඕකුන් නම් Dulith Kasun (DK) · 15 Mar 2021 අනේ හුකේ නන්නානේ ඉංජියා ඉංජියා හිංගියා ජංගියා Show this thread,1,sinhala
අපො තොපි තු නොදකින්,1,sinhala
ඔව් දැන් මෙහේ කිරි වලින් ස්වයංපෝෂිතයිනේ!,0,sinhala
"කව්ද හලෝ ඔයැයිලාගෙ ප්‍රවෘත්ති අධ්‍යක්ෂ ""ඔන් එයාර් ඔන් එයාර්"" ගානවා, එක්කො ""කියන්නෝ""ගානවා. බලන උන්ට ඔක්කොම ඇහෙනවා. එක දවසක් දෙකක් නම් කමක් නෑ. අර සෙල්ලම් ගෙදර පොඩි උන්ගෙ නාට්‍යයේ උන් නිව්ස් කිව්වා ඔයිට හොන්දට",0,sinhala
යකෝ Medium එකේ පුලුවන් විදිහට කතාවක් ලියලා මේකේ දැම්මා fev එකයි....එකට බෙල්ල කපන්න කැමතිද කියලා ඇහුවාම fev හැට හුටාමාරයි... මුන් වගේ යාලුවෝ ටිකක්....,0,sinhala
හම්.. මටත් කෙල්ලෙක් පැලෙන්න ආදරෙන් හිටියා පස්සෙ ඒකි පැලිලා මලා..,0,sinhala
ඩාලින් මම ඔයාටත් ෆේස් ස්ක්‍රබ් එකක් අරම් දෙන්නම් දත් මදින්න.,0,sinhala
මගෙ ඉන්ටෙර්නෙර් පට්ට ස්පීඩ් අද,0,sinhala
"රු 50ක් දීලා හරි කමක් නෑ ලංකාව වටේම තියෙන බීච් ටිකයි, ශ්‍රීපාදස්ථානයයි සේරම ටික මේ වගෙ ලස්සනට තියාගන්න පුලුවන් නම් අන්න ඒකයි වටින්නේ. මේකෙ ඉන්න ගොන් බිජ්ජොන්ට කොච්චර කිව්වත් තේරෙන්නේ නෑ කුණු දාන්න එපා කියලා. Vikalpa · 25 Dec 2018 මේ ත්‍රිකුණාමලය,මාබල් බීච් පිවිසුම ශ්‍රී ලංකා ගුවන් හමුදාව විසින් තම ග්‍රහණයට ලක් කොට තිබෙන අයුරු. වෙරළ තීරයකට මුදල් ගෙවා, ආරක්ෂක මුරපොළවල් වලින් පිවිසුමට සිදු වී තිබේ. හමුදා වෙළාදාමත්, සිවිල් ජන ජිවිත වෙත මේ කරනු ලබන අතපෙවිමත් ලංකා රාජ්‍ය නවත්වන්නේ කවදාද? #lka #militarisation Show this thread",1,sinhala
Only for muslims කියන lable එක නැති කරන්න ඕන. එතකොට හැම ජාතියක් එක්කම සහයෝගයෙන් ඉන්න හැකිවෙයි.,0,sinhala
අඩේ මගේ වයසේ කෙල්ලෙකුත්,0,sinhala
I liked a URL තොපි සිංහල බෞද්ධ සිංහල,1,sinhala
සමහර විට මම Instructor කෙනෙක් වෙලා ඉන්න ඉඩ තියෙනවා. නැතත් මං උඹ ගැන කියලා තියන්නං,0,sinhala
"ගොවි පුතා කියා පච මල්ලක් අතහැර බලයට පැමිනි සිරාගේ කටේ , මේ ගොවීන්ගේ පස්ස ඇතිල්ලීමට නියමිතයි. ඇමෙරිකාවයි ගොවීනුයි... URL",1,sinhala
තොපි නාස්ති කරන්නෙ අපේ බදු සල්ලි.. පොටෝ එක නිකන් දැම්මෙ,0,sinhala
මෙයා පොරද නැත්තං චොරද,0,sinhala
අඩො...මම ඒත් බැලුවා ඇයි පූසෙක් කියලා,0,sinhala
එ් වුනාට මේ පාර නැවත නැගිටීමක් නෑ කිව්ව පාර පිස්සු හැදුනා මට...,0,sinhala
ටහුඩු ලෝගන්ලා දෙන්නයි.. Papiii_Lk · 20 Jan 2019 දෑස් දිහා බලලා වශී උනා කියන්න එපා,0,sinhala
මට පේන්නේ ප්‍රධාන අපේක්ෂකයෝ දෙන්නම try කරන්නේ පරදින්න. හැමදාම ගොන් වැඩ කරලා ඡන්ද අඩුකරගන්නවා.,1,sinhala
"අවුරුදු 5කට පස්සෙ ඔන්න ආයෙ පටන් අරන්. අර හැමෝම බනින පිස්සා උන්න කාලෙ ඇහුනෙ නැති news තමා මේ. පිටරටක මිනිස්සු මැරුවෙ නැත්නම් මුන්ට නින්ද යන්නෑ. US is a bully stateresponsible for nearly 90% of global conflicts. Reuters · 26 Feb 2021 Exclusive: The U.S. carried out an airstrike in Syria against a structure belonging to what it said were Iran-backed militia, two U.S. officials told . The strike comes after a series of recent rocket attacks against U.S. targets in Iraq URL Show this thread",0,sinhala
ඕයි. ගෝත පකෙක් වගේ ට්වීට් කරන්ඩ එපා. වලියට නං එහෙම වරෙන්. තෝ ගොබ්බ මීරක් ගනේට වැටිල ට්වීට් කරන එවුන් දැකලම නෑ මං. තොගෙ ඔය ගොබ්බ ට්වීට් වලට රිප්ලයි කරන්ඩ බෑ. එක්කො හරියට ගේමට වර. කෝකටත් උඹට DM එකක් දාන්නං මං mobile number එක. එහෙම කත කරගමු ඉස්සරහට කරන්ඩ ඉන්න ටික,1,sinhala
"කටට රසට කෑම කන්න "" මාතර බත් කඩේ """,0,sinhala
අම්මා| ඉස්සර පොඩි පන්තිවල ඉන්න කොට පන්තියෙ එවුන් මට කිව්වෙ උඹේ අම්මා වසන්ති චතුරානි වගේ කියල පස්සෙ මටත් හිතුනා අම්ම වගේ හන්දා මං චතුරානි ට ආදරෙත් කලා කාලෙ ගෙවිලා ගියා මම ලොකුවුනා කසාද බැන්ද ලමයි ලැබුනා අම්මා වයසට ගියා ඉස්සර මාව බලාගත්ත අම්මා දැන් මගෙ දරුවොත් බලනවා,0,sinhala
පාඩු ලබන ආයතනයක් බව ඇත්ත ඒත් ඒ මනුස්සයා පිනට වැඩ කරවන්නද හදන්නෙ ඒ මනුස්සය ආතල් එකට කොම්පැණිය බාරගත්ත කියලද හිත්න්නෙ,0,sinhala
පැත්ත පලාතක යන්න එපා... හොදේ,0,sinhala
අපිටනම් පට්ට සතුටුයි දැන්. දන්නේ හොදම සංහිදියාව තියෙන්නේ #lka #srilanka,0,sinhala
ලොකු පුක චලන වලදි මනරම් දසුන් මවනවා. ඒත් ලිංගික ඇසුරේ දි ඕක ලොකු වුනා කියල ඒ තරම් ලොකු ගැම්මක් එන්නෙ නෑ. සමහර ලෝකල් විසාල ඒව තියෙනවා එලියට මාර ගැම්ම.. ඇරල බැලුවහම අඩේ මේකද ඒ කියල හිතෙනවා..,0,sinhala
'ගොනා වගේ' කියලා හිතන්න එපා අයියේ.. අම්මටනේ... :),0,sinhala
"මේ දීමනාව භාවිතා කොට , මේ සක්කිලි හැත්තගේ පුකේ මුද්දර ගසා මුරුසි දිවයිනට තැපල් කල යුතුය. #ජනපතිගෙන්තෑගි Azzam Ameen · 2 Jan 2018 The annual free stamp allowance for MPs increased 100% from January 1st. Stamp allowance of Rs.175,000 a year will be increased to Rs. 350,000 a year",1,sinhala
"මං දැනන් ඉඳියා උඹ ආයෙත් කතා කරන බව මට උඹේ දුරස්වීම දැනුනේ හරියට ඇඟෙන් කොටසක් නැතිවුණා වගේ... දුරස්වීම් දරාගත්තා අහේතුවකට මට උඹේ දුරස්වීම දරාගන්න හිතන්නවත් බැරි උනා... මැණික, ඇබ්බැහිවීම කියන්නෙත් මේකටම නේද? #සුපර්හීරෝ",0,sinhala
"පකිස්තානෙටත් ගහල, බංගලාදේශෙටත් ගහල, ඉන්දියාවටත් ගහල, එංගලන්තෙටත් ගහල, ඕස්ට්‍රේලියාවටත් ගහල, වෙස්ට් ඉන්ඩීස්ලටත් ගහල, දකුණු අප්‍රිකාවටත් ගහල තමයි මේ පාර නන් පස්ස බලන්නේ... බොරුනන් බලහන්... කියල හිතන එකට තමයි පොසිටිව් තින්කින් කියන්නෙ #positivethinking #CWC19",0,sinhala
බෙබදු බල්ලෙක්....එකත් බැල්ලි කරනකම් බලන් ඉන්නවා...එකිටත් එපාවෙලාද කොහෙද ඇදන් යනවා...,1,sinhala
වැදුනු සද එලියට ගිනිකන්න වැටිලා තහනම් කරත් මොදුවෙන වෙලාවට ලොකයට පිස්සු වැටනව නෙව. අහෝ සඳ ඉරෙන් ගත්ත එලිය උ⁣ඹේකරගෙන අඩම්බරෙන් පුරාජේරැව කියන කැත.නොදකු .ඉර එලිය නැතුව කවදාවත් එලියක් එන් නෑ සඳ ඔයාට තේලුලාද,0,sinhala
උන්ම විස්වාසභංගයක් ගෙනල්ල උන්ම රගපාලා..උන්ම දිනල.. උන් දෙගොල්ලො එකතුවෙලා මිනිස්සුන්ව ගොනාට අන්දනව.. අපේ මෝඩ වේ** පුතාලත් කටයි පුපයි ඇරන් බලං ඉන්නව.. ඊයා නෙහ් ?,1,sinhala
"කාලකන්නි, බලපත්‍ර මගුල් නිසා තමයි, රට වටේ මුහුද තිබිලත් මාලුත් රටින් ගෙන්නන්නෙ. පස්සේ අඩනව රුපියල අවප්‍රමාණය වෙලා කියල.",1,sinhala
තොට පිස්සුද ගස්බල්ලෝ පොඩි එකෙක්ගේ රස්සාවකට කෙලවන්න හදන්නේ නොදකින් බං උඹ නම් දාර පොන්නයෙක්. අයියා කියපු කතාව ඇත්ත.උඹ නම් බල්ලෙක්ට ජාතක වෙච්ච පරයෙක්.,1,sinhala
කන කටක් ගානේ තොපි දෙන්නට බඩ පලයන්.. කල පවු හැම රෑකම හීනෙන් පෙනීයන්.. මිනිසුන්ගේ සැම සාප මුන් දෙන්නට වැදීයන් ලේ බඩ ගිහින් රට කන උන් මැරීයන්!!,1,sinhala
සහෝදර කම් නෑදෑකම් අම්ම තාත්තා අමතක කරන්න බැරි කමට,0,sinhala
ඩියෝ ලංකාවෙ නෑ අලුතින්. ඉතින් රෙජිස්ටර් කරපු නැති උන් ගිනි ගනන් කියනවා. සක්කිලි ජාතියක්නෙ. කල දුටු කල වල ඉහගන්න බලන්නෙ,1,sinhala
මෙයා වගේ කෙට්ටු කලු කැත සහෝදරයෙක් මට ඉදී කියල හිතන්නවත් පුලුවන්ද...,1,sinhala
“ඥානසාර හිමිගේ පිරිත් අසා මියපරලොව ගිය අගමැතිගේ අම්මාත් පුතාට සාප කරයි” URL,0,sinhala
අද කතොලික අපිට වැදගත් දවස ප්‍රචාරය වෙයිද.සිරස නිවුස් 1.නමුත් මෙවාත් පෙන්වන .,0,sinhala
පොඩ්ඩක් හිටපන් .පකෝ කුනුහර්පයක් කිව්වත් වචන ටික ගළපලා කියපන්.කියන්නම් වාලේ රබර්වත්තේ දීපිකා වේසි කියනව වගේ තේරුමක් නැති විදියට කෑ ගහන්න එපා.වූෆි උබට ඇනලා සල්ලි නොදී ගියා වගේනේ හැමනෙන්නේ,1,sinhala
ඕක රත්තරං වලින් ප්‍රින්ට් කරත් අපේ පො** හැත්ත හැදෙන්නෑ.ලියනවම තමා,1,sinhala
අනේ පකෝ තෝ තාම කඩේ යනවනේ,1,sinhala
එල හරකා වාගේ සීරියස් උනෙ...,1,sinhala
ඔන් ද වේ ඩාලින්,0,sinhala
පාරට බැස්සම සල්ලි දෙනවා නම් අපිත් එන්නම්කෝ හැමදාම් උද්ගෝෂණ කරන්න. රනිල් විතරයි ඇත්තට උද්ගෝෂණ කරලා තියෙන්නේ එතකොට. මට හොඳ ඒවා එනවා කටට...,0,sinhala
""" මට පිටුපා යන..."" දන්නවා යනවා කියලා. හැබැයි බැල්ලි කියල කියන්නෙ නෑ. හිතේ තිබිච්ච ආදරේ එහෙම්මමයි. "" මගේ සොදුරු ලදුනේ... "" බලපං කොච්චර ලස්සනද ඒ මනුස්සකම? අපේ ජීවිත වලට ඕනි ඒක නෙමෙයිද?..",0,sinhala
මම බයිසිකල් පදිමි තෝ? P I N K Z♡ · 3 Feb 2019 දිල් තෝ පාගල් හේ,0,sinhala
අතීතෙට යන්න යන්න පේන්න ගන්නෙත් අශිෂ්ඨකම්..අර කියන 2500 මෙව්ව එක එදා තිබිලත් නෑ... වේසි කිව්වම ජුවල් යන එකීලා එකාල ඉන්නේ දැන්නේ..එදා මාධ්‍ය භාවිතය තුලත් වේසී අවුලක් නෑ... URL,1,sinhala
ඇයි ඩොක්ටර් ලා නරක වෙන්න බෑද ... උන් කියලා වෙන තැනකින් ලොකේට ඇවිත් ද අනේ මේ රනේ.. මිනිහෙක් අතැරපු පලියට ගැහැණියක් බඩුවක් වෙනවානම් ඉතිං ලෝජෙන් බාගයක් ගෑනු බඩු .. ගොන් කතා නොකියා හිටු,1,sinhala
"බඩු, හද්ද බඩු, ගොන් බඩු, ජානමය බඩු, උබ නොදන්න බඩු, බඩුව වී දැන් යසෝදරා වෙන්න දගලන බඩු, කැටගරි ගොඩයි නමුත් ඒ සේරම බඩු. ඇන්ටි බඩු සබේ විසිට් එක දානකොට, ඇන්ටියෙක් නිසා කෙලවුන තවත් මල්ලියෙක් වෙන්නෙපා. පින්තූරෙ හැඩයි. ඇන්ටිලා නැති තැනක දාපං. WA මීටින් දැන් ඉවර වුනේ.",0,sinhala
මට ආසයි හදට යන්න හදේ ඉදන් පොලව දිහා බලන්න එන්න ඩාලින් ඔයත් කන්න කියල කෙල්ලටත් කොකිසක් දෙන්න #TeamKokis,0,sinhala
අරූගෙ කටට බැට් එකෙන් එකක් දෙන්න බැයිද,1,sinhala
අහ් ඒක වෙන්නැති. මම කියපු කථාව සීරියස් බම්. අපේ ෆැමිලි එකේ කීප දෙනෙක්ම ඕක කිව්වා. ගොඩක් අමාරු වෙලා තියෙනවා ටෙස්ට් එකට පස්සේ.,0,sinhala
පෝය ලංඋනාම ඔහොම වෙනවා වැඩි ..මොකද පිස්සා හිතන්නෙ ඌට නෙවෙයි අනිත් එකාට පිස්සු කියලා ..,0,sinhala
මේ පිස්සු බල්ලා බැද දමනු.. මාධ්‍යවේදීන් මරන්න එන ජෝන්ට සැර ප‍්‍රහාරයක්.. URL,0,sinhala
අපේ බල්ලා මැරුණා! ඌ අවුරුදු12යි! මං දැනන් ඉඳිය ඌනැතිවෙයි කියලා ඉඳපු ලෙඩ තත්වේ එක්ක! හැබැයි තිරිසන් සතෙක් නිසා මෙහෙම දුකක් දැනේවි කියලා හිතලා තිබුනේ නෑ! මගේ ජීවිතේ ගොඩක් නැතිවීම් එක්ක හිත රිදෙද්දී ඌ ලොකු දෙයක් කරා මගේ හිත හදන්න! ඒත් ඌට බැරි උන වෙලේ මම ලඟවත් ඉඳියේ නෑ ඌ වෙනුවෙන්!,0,sinhala
නෑ නෑ සිරාවටම ඌට ඒ සල්ලි ගන්න තිබිලත් ගත්තේ නෑ.ඒක සුපිරියි ඒත් කලේ මෝඩ වැඩේ.ඒක කියන්නේ නැතුව ඉන්නකොට කට කහනවා වගේ.ඒකයි හරකා වගේ ඔයාගේ ත්‍රෙඩ් එකේ අතඇරියේ,1,sinhala
ඒ ගොන් මෝඩ මී හරකා මගේ දඬුමොණරෙ බිම දැම්මා මදිවට තව ඉවකරන්නත් පටන් ගත්තා.,1,sinhala
කටට කෙලත් ඉනුවා පප්පේ,0,sinhala
අපි කැමති අය අපිටත් කැමති නැනේහ් එහෙනම් අපිත් මානසිකව වැටෙන්න එපයි... අපි මේ ඉන්නේ පට්ට ෆිට් එකේ...,0,sinhala
හුජ්ජ කෙල්ලන්ට දං කඩලා දෙන්න එපා බං...,1,sinhala
සෝභිත හිමි අපවත් වෙති! ඔබ වහන්සේ ගොඩාක් මහන්සි වුනානෙ අපේ රට අද මේ තත්වෙට වල පල්ලට ඇදල දාන්න...මෝඩ සින්හලයට ඕන... URL,0,sinhala
රිලාජ් පව් නේ. මිනිහ මැරුණු ගෑණි වගේ අඬන්නේ,0,sinhala
වීරවංශ පාර්ලිමේන්තු මහලේකම්ට ‘පර බල්ලා‘ ‘වේසිගේ පුතා‘ කියා බැන වදී: දිනේෂ් කතානායකට ‘පිස්සා‘ කියා බැන වදී: URL,1,sinhala
ඩඩිලිත් ටයි කෝට් දානවා මම දැකලා තියෙනවා,0,sinhala
රසට වැලි තලප හදන හැටි අවශ්‍ය ද්‍රව්‍ය :- හාල් පිටි පැණි කෝප්ප 4 සීනි කෝප්ප 1 වතුර ලුණු කරගමුන්ගු වැලි තලප හදන්නේ මෙහෙමයි. අවශ්‍ය ද්‍රව්‍ය :- හාල් පිටි පැණි කෝප්ප 4 සීනි කෝප්ප 1 වතුර ලුණු කරගමුන්ගු,0,sinhala
මේ දවස්වල කඩවලින් නිකං දෙනවද මන්දා දිගාරින හැම කෑම එකේම තියෙනවනෙ මේ රෙද්ද.. අන්තිමේ බලනකොට බත් වලට වඩා කාල තියෙන්නෙ බොංචි.. සේනා දළමුවාම කාපිය..,0,sinhala
කොට්ටපොර සහ කඹ ඇදීම තහනම් කළ අවුරුදු උත්සව තියෙන්නෙ කොහෙද? සංගීත සංදර්ශන එලිමහනක පැවැත්වීම සහ එලියේ බජව් දැමීමත් තහනම්,0,sinhala
කරුම දවසක ඡන්දෙ සෙට් උනේ දවසෙම වැඩ බෝඩිමට ආවම ප්‍රතිපල බලන්න විදියක් නෑ Data ත් නෑ Tv ත් නෑ,0,sinhala
"මචන් ෆින්චි, උඹ ඔරොප්පු මුඩ් එකෙ නෙ ඉන්නෙ ගන්න මංචි ඉඟුරු බිස්කට් එකක් මුඩ් පික්ස් කරන්න මරු ඉඟුරු.! #SLvAUS",0,sinhala
සැබෑ පෙම්වතිය ඔබට ගුඩ් නයිට් කියා නින්දට යන අතර.. වට බඩුව ඔබට ගුඩ් නයිට් කියා මොහොතකින් යලිත් ඔන්ලයින් පැමිණේ..,0,sinhala
"ඒ කියන්නේ oic එක්ක බිවුවොත් අල්ලන්නෑ,වෙන අය එක්ක බිවුවොත් අල්ලනවා ...",0,sinhala
ඒක නම් දීල තියෙනවා ඇඩෙන්නම අයියේ...... මූ දෙහිවල පැත්තේ ආවොත් පයිය කපල සොසේජස් හදලා ඌරන්ට කන්න දානවා,1,sinhala
මේ පාරත් අපි දෙනව බැටේ,0,sinhala
මෙන්න ආසාද් සාලියා ආයෙත් තාජුදින්ගේ මිනිය විකුණාගෙන කනවා. මේ වැඩේට බන් ඔය තාජුදින්ගේ දෙමාපියෝ කැමතියිද ? නැතිනම් මේ යකා වෙන්දේසි භාණ්ඩයක්ද ? යකෝ අවුරුදු 5 ක් ආණ්ඩු කොරලත් විසදන්න බැරි වෙච්චි ප්‍රශ්න නිකන් විපක්ෂෙට ගොහින් විසදන්න පුළුවන් වෙයිද ? #srilanka #srilankavision Azath Salley · 21 Jul 2020 #WaseemThajudeen,0,sinhala
"නිකන් යකො දෙන්නෙ , නිකන් දෙන දෙත් එපාද තොට",1,sinhala
අපේ මෝඩ මිනිස්සු තාම වාහන වල හෙඩ් ලයිට් ගහනවා... තොපි ඔය හෙඩ් ලයිට් ගහන්නෙ බොම්බ ගෙනියන උන්ටත් වෙන්න පුලුවන් බන්....,1,sinhala
", ඇයි දෙයියනේ මගෙ කටට එන වචන ටික මෙතන ටයිප් කරන්න බැරි",0,sinhala
බෝඩරෙ චණ්ඩි දාන්නෙ සූස්ති කෑල්ල පොඩ්ඩක් තරහ උනොත් අතේ බ්ලේඩ් පාරවල් සීයයි බූට් පෝස්ට් එකසිය පනහයි,0,sinhala
අම්මා: තෝ බීලාද ඉන්නේ? මම: නෑ අම්මේ අම්මා: උබ බීලා ආවට කමක් නෑ.. එන ගමන් පේර ගහේ කොල කන එක නවත්තපන්.. උබ හැදෙන්නේ නැත්තන් ඒ ගහට හරි හැදෙන්න දීපන්. මම: හා අම්මේ,0,sinhala
"පාර්ලිමේන්තුව විනාශ වෙලා ගියාම මේ රටට යහපතක් වෙයි කියලා හිතන මිනිස්සුංගේ ප්‍රාර්තනාවන් මම ඕනේ තරම් දැකලා තියෙනවා. නමුත් මේ වගේ ස්තිර ප්‍රතිපත්තියක නැති, සල්ලිවලට ඕනේ දහදුරා වැඩක් කරන තුප්පහි සක්කිලි ඉන්නකම් මේ රට ගොඩගන්න තියා ඒ ගැන හිතන්නවත් බෑ!!!",1,sinhala
කැත වැඩේ මගෙන් 100ක් ගන්නවා ඕයි.,0,sinhala
සර් ජනදිපති උනාම. ඔය සෙල්ලම් දාන්න බෑ.,0,sinhala
සෝස මීඩියා නම් නොදන්න ලබ්බ ඉක්මන්ටම මාට්ටුයි නේද?,0,sinhala
කව්ද බන් මේ මෝඩ මුසල ගොන් හරකා.. sajje,1,sinhala
ටහුඩු. මේ අර ඉස්සර නිවුස් කිව්ව කෙල්ල නෙ?,0,sinhala
පක්ෂයක් පාලනය කරගන්න බැරි අවජාතක හැත්ත #යහපාලනයක් කියල එකක් ගෙනල්ල ජාතියම රවට්ටලා රටම අම්බලමක් කළා lanka C news · 23 Aug 2019 ඇමතිවරුන් 05ක් අස්කරන්න අගමැති තීරණය කරයි.. URL,1,sinhala
ස්වාමීන් වහන්සේලා තමුසෙගෙ හිගන වැඩ වලට සහයෝගය දෙන්නෙ නෑ කීව මිසක් පන්සලට ගිහින් මලක් පහනක් පූජා කරන්න එපා කීවේ නෑ ගොන් නාම්බෝ,1,sinhala
"ටහුඩු එහෙමද , මන් එහෙනම් නම මාරු කරගන්නම්",0,sinhala
කටට කෙළ උනන කෑම,0,sinhala
16 - අම්මා කෙනෙක් - ආච්චි කෙනෙක් - මී ආච්චි කෙනෙක් - (මී)^2 ආච්චි කෙනෙක් - (මී)^3 ආච්චි කෙනෙක් ටහුඩු,0,sinhala
S.B කියන්නෙ මහා අසික්කිතම දෙශපාලුවෙක්,1,sinhala
රටේ ජනතාව දන්නව කවුද සමබර කියල. ඔය යුරෝපෙ එවුන් කියන්න ඕනි නෑ. අපි නොදන්න සිරස. ඇයි යුරෝපෙ එවුන්ගෙ සුදු නිසාද අපිට පිළිගන්න කියන්නෙ.,0,sinhala
කමෙක් නෑ. ඒකුන්ව පෝෂණය කරන්ඩත් බදු ගෙවන්ඩ හුදී ජනයලා සැදී පැහැදී ඉන්නෝ,0,sinhala
පල පල මම සුදුයි යකෝ..තොට තෑන්ක්ස් කරාටත් පාඩුයි නොදකින් විතරක්,1,sinhala
"නායකයා බුද්ධිමත් වුවාට වැඩක් නැහැ, මෝඩ අබුද්ධිමත් සහායකයෝ ටිකක් ඔහුට ලබා දීලා. ඒ නිසා ජනතාව ඉතාමත් පරිස්සම් විය යුතුයි මේ පාර පාර්ලිමේන්තු මැතිවරණයේදී ටකරන් කෑල්ලට, සිමින්ති ටිකට, රැකියා ඉල්ලුම් පත්‍ර වලට, ගෙදරට තාර ටිකක් දාලා දුන්නු එකට චන්දය නොදී සිටීමට #srilanka Gotabaya Rajapaksa · 8 Mar 2020 පාරිලිමේන්තුවට ජනතා නියෝජිතයන් තෝරාගත යුත්තේ ඔවුනගේ ප්‍රතිපත්ති මත පදනම්ව බව ජනතාව හොඳින් දැනුවත්ව සිටන බව පැහැදිලිය. එම නිසා පෝස්ටර ගැසීමට හෝ අනවශ්‍ය ප්‍රචාර වලට මුදල් වියදම් කරනවා වෙනුවට, අපේක්ෂකයන් තම ප්‍රතිපත්ති ගැන ජනතාව දැනුවත් කිරීම වැදගත් වේ.",0,sinhala
"2019 House meet එක දවසේ වතුර කියලා ""ටිනර්"" බීපූ දවසේ නම් හිතුවේ මැරුණම තම කියලා හැබැයි මොකුත් උනේ නෑ උගුරෙන් පහලට ගියේ නැති නිසා වාසනාව යකෝ වාසනාව",0,sinhala
"පකිස්තානෙ එවුං වටවෙලා ගල් ගහල ගිනිතියල මැරුවම, පර මුස්ලිම් ගෝත්‍රික හැත්ත+ මාධ්‍ය 24/7 ප්‍රමෝට් ලංකාවෙ තාත්තයි මාමයි පොඩි දුවෙක් ගහල ගහල හප කරල මැරුවම ගෝත්‍රික නෑ ලංකාව+ මීඩියා, ඕව අමතක කරල දහං",1,sinhala
"රාජපක්ෂලා හතර කොනේ එල්ලනවා වගේ එකක් වෙන්න ඇති මයෙ හිතේ,",0,sinhala
ඔව් රෝස පාට තඩි වලසෙක්,0,sinhala
"ටිකිරි ලියා කලෙත් අරන් ලිදට යද්දී,ලිද වටකර හිටියෙ කබර ගොයානම් කොහොමද යකෝ ඒකිගෙ කකුල දිය බරියෙක් කෑවෙ??",0,sinhala
උඹ හිතන් ඉන්නෙ උඔ පොර කියල අ⁣නේ හුකේ සින්හල උන්ගෙ බලු ගති පේන්නෙ දැනුයි ඔව් උඹ තමා...,1,sinhala
උගේ පුක චූටි නිසා ඒ නම තිබ්බේ,1,sinhala
"අද නම් ටික්ක අමාරු දවසක්, තුවාල දෙකයි..",0,sinhala
පවු මෙ ඇන්ටි.... නිවන් යනවා නම් වාහනයක් වත් තියාගන්න බෑ කියලා හිතන් ගොන් හැත්ත...,1,sinhala
සමහර ගීත වල ස්ථායි කොටස කියවා මෝහනයට පත්වී චිත්තරූප මවාගැනීම මෝඩ වැඩක් යැයි සිතෙන්නේ එහි අන්තරා කොටස ඇසීමෙන්... URL,0,sinhala
ඔය කියන සමාජේ කොහේද තියෙන්නේ එතකොට,0,sinhala
නිදිමතද? ඈනුම් යව යව අත් දෙක හෝදන්න.. තරහින්ද? බැන බැන හෝදන්න අත් දෙක... ගෑණි/ මිනිහා හැරගියාද? පස්සෙ හොයාගන්න පුළුවන් මුලින් අත් හෝදන් වරෙන්.. #COVID19 #SafeHands #CoronavirusOutbreak,0,sinhala
යකෝ ප්‍රාදේශීය සභාවකටත් ස්වාදීනව තරග කරන්න ලක්ෂ ගානක ඇප මුදල් බදින්න ඕනෙනම් ඔය මිනිස්සු දිනලා ගිහින් පිනට වැඩ කරයිද හොරකම් කරලා හරි තියපු මුදල වත් හොයාගනියිද ? මේකේ කොහෙද පිඩිත මිනිසුන්ට ප්රාජාතන්ත්රවාදයේ අයිතිවාසිකම හිමි වෙලා තියෙන්නේ. කෝ බන් ජෙප්පෝ #SriLanka #SriLankan,0,sinhala
ඈ බොල ගොං වස්සෝ අය වැය ගුරුවරුන්ගේ පඩි ප්‍රශ්නේ විසදන්න විතරද? තොපි වගේ හරක් ඕනැ පුරන් කුඹුරු හාන්න. බලපිය කාලකන්නියා අය වැය අන්තර්ගතය සම්පුර්නෙන් !!තොපි තමයි රාජපක්ෂලාගේ අශුචි කකා ගුරු අරගලයට මඩ ගහපු අවජාතක බලු හැත්ත!,1,sinhala
.ගියේ නැත්නම් සොරි තමා ඉතින්.....සටන් ඉයර් ගියාම ඔලුව තියන උන් උන්ගේ පාඩුවේ වැඩක් කරගන්නවා පෙර කරපු කරුම තියන උන් කැම්පස් එකේම අයියලා වෙලා අලුතෙන්න එන උන්ව කන්න හදනවා...උන් වගේම කලකනි සෙට් එකක් අයේ බිහිකරනවා එකෙත් මොලේ තියන උන් පැත්කට වෙනවා අනිත් උන් අයේ අර විදිහමයි...,1,sinhala
කල්ලතොනියෝ තෝ රට ජාතිය විකුණලා යූරෝපෙට ගියා නම් කට වහගෙන හිටපිය. මොකද තමුසෙගෙ මල්ලි වැදගත් ගෞරවනීය මනුස්සයෙක්.,1,sinhala
පිස්සා හිතන්නේ අනිත් මිනිස්සුන්ට පිස්සු කියලා .. ඔව් ඌ හරි.,0,sinhala
ප්‍රධානතම හේතුව අවිශ්වාසවන්ත ආන්ඩුවක් පැවතීමයි . පාලනයේ වෙනසක් නොවන තාක් සංචාරක ක්ෂේත්‍රයේ බිදවැටීම හෝ කවුරුත් කතා නොකරන පෞද්ගලික ව්‍යාපාරික ක්ෂේත්‍රයේ කඩා වැටීම යතා තත්වයට පත්කල නොහැකි වනු ඇත.,0,sinhala
Civic sedan එකක් හොයන්නේ .. හැච් බැක් එකේ පස්ස කැතයි,0,sinhala
මම දැක්කේ නෑ වගේයන්නේ පොටෝ එක දැක්කාම හිනා යනවා පකෝ,1,sinhala
", තොපි ඕව කියල එයා මොනව හරි කරගත්‍ තොත් FCID එකට මේක දෙනවා .",0,sinhala
"මේ එකෙක්. වගේ කාලකන්නි සක්කිලි බල්ලෙක් මම ලංකාවේ දැකලා නෑ. බල්ලෙක් කියන්නත් බැ. බල්ලා මීට වැඩිය දහස් ගණනකින් හොදයි :01 ,263 views",1,sinhala
"එහෙනම් ඉතින් පයිය පයිය පයිය කිය කිය බස් එකේ , train එකේ සිංදුවක් කිය කියා යමු!",1,sinhala
තොට අපි අහන ඒව තමා දාන්න බැරි.. ගල් මුසලයා #JustAsk,1,sinhala
රජයෙ මැරයෝ නැතුව සිංහල මිනිස්සු ත්‍රස්තවාදීන් නෙවෙයි...අප්‍රෙල් 21 සිදුවීමෙන් පස්සෙ සිංහල මිනිස්සු කිසිම දෙයක් කරෙ නැ ඒත් දවස් 22 කට පස්සෙ මුස්ලිම් කඩ වලට ගැහුවෙ දේශපාලකයින්ගෙ මැරයො,0,sinhala
ගොඨෑ සෑර් ඔය සර්ගේ . කන හැමෝටම ජනාධිපති සමාව දීලාදාන්න. සතියකට සැරයක් රෙදි ගලවගන්න එපා.,0,sinhala
දැන් මොකාද ග්‍රැපික් චොර කියපු එකා? තොපි වගේ උන් ඉද්දි කොහොමද බන් රටක් විදිහට ඉස්සරහට යන්නෙ. රුපියල් 2850 කට Game... URL,1,sinhala
මරු....දැන් ඒ දෙන්නටත් තියෙන්නෙ තව කීපදෙනෙක්ට පිහියකින් අනින්න........... නවසීලන්තයේ ඉන්නෙත් මෙච්චර මෝඩයො කියලා මං දැනන් හිටියේ නෑ නේ.............,1,sinhala
. ජිල් RT කර්න එක තෝ නතර කරනවද නැත්ද? යකෝ ප්‍රසිද්ද ස්තානයක TL එක බලන්න බෑ තොපිල නිසා,1,sinhala
අද දෙරණ >> මුලතිව්වලට නව පොලිස් ස්ථානයක්: මුලතිව් නව පොලීසියක් ඉදි කිරීම සදහා මුල් ගල තැබීම පොලිස්පති පූජිත් ජයසුන්දර මහතගේ ප්‍රධානත්වයෙන් සිදු විය. URL,0,sinhala
රනිල්..!!! නම්බු පිටින් ගෙදරට යනවද; අපි යවන්ටද...!!!!,0,sinhala
මෙයද තවත් එක් news එකක් පමණයි,0,sinhala
සෑම Campus එකකම ඉන්න බල්ලන් ලවා ජාතක උනු පොන්න හැත්ත... මේවගේ උන් ගන්න නැතුව ඉන්න ඔනේ,1,sinhala
"* සහඡීවනයේ නාමයෙන්, අන්‍ය ඡාතිකයින් ගෙන් සිංහලයන්ට සිදුවන හානි නොසළකා හැරීම * යුද්ධයෙන් ගත නොහැකි වූ ඊළමටත් වඩා එහා ගිය වෙනම රාඡ්‍යය ලබා දීමට හැකිවන ලෙස ව්‍යවස්ථාව සංශෝධනය කිරීමට සුදානම් වීම * කිසිම දිනයක නැවත වෙනස් කිරීමට නොහැකි වන ලෙස එම ව්‍යවස්ථාව ගෙන ඒම",0,sinhala
රටෙනුත් ආතල් ගන්න ජනාධිපති කෙනෙක් ඉන්න ලෝකෙක බන් අපිත් ජීවත් වෙන්නේ නොදකින්,1,sinhala
රටේ විශාල ආර්ථික දියුණුවක් වෙනවා.. ශ‍්‍රිලනිපය විනාශ කරන අයට සාප කරනවා.. URL,1,sinhala
"ආදරණීය චූන් පාන් ඔයා වූහාන් වලින් එන සද්දෙට අපි පාරට එනවා, පාරට ඇවිල්ල බලපුවාම තෝ මිලාන් පැත්තෙන් පාන් බෙදාගෙන බාසිලෝන් දිහා යනවා. මොකද්ද යකෝ මේකේ තේරුම..",0,sinhala
දේශපාලකයන් ගේ වැරදි ගැන කථා කරන මේවගේ අය තමන්ගේ ගොන් වැඩ ⁣අගය කරනවා,0,sinhala
"""ඔබ ඇමතූ ග්‍රාහකයා මේ මොහොතේ සම්බන්දකල නොහැක කරුනාකර මද වෙලාවකින් පසුව අමතන්න...."" ""පසුව ගන්න ඔනේනම් දැන් ගන්නවද යකෝ...."" #අපිටඇහෙනකෝල්",0,sinhala
ට හුකන්න දාලා 󾌧 ශෙනාලි ඔයා නම් 󾌧󾌧 මාව පිස්සු වට්ටනවා කෙල්ලේ 󾌬󾌬 URL,1,sinhala
කලේ ගඟේ ගහන් ගිහින් වගේ....,0,sinhala
ටහුඩු Kepler-22b · 26 Oct 2018 මෙන්න තවත් එකක්,0,sinhala
", ඒ ගෑල්ලමයට යන්න දෙනෝ...අපි යං වෙන දාසක.. ඉරසේව බලන්න නම් පට්ට ට්‍රැෆික්.. ‍රෑ 8ට කොටුඑන් නයිට් මේල් නැග්ගම නල්ලතන්නිය බස්සෙක ගතෑකි හටොන් ස්ටේශන් එක ගාවිම්ම...ඉන් පස්සෙ කෙලින්ම නල්ලතන්නී..",0,sinhala
ලිංගික අවයව හිතුනු වෙලාවට අප්ග්‍රේඩ් කරන්න මාරුකරන්න හැකි උනානම් ගොඩක් පඋල් අවුල් ලෝකෙ නැතිවෙන්න තිබුනා.. කෑගහන්නැතුව ඉන්නව මනුස්සයො..ඌ ගැහුවෙ රු දෙදාහක් දීල පිටකොටුවෙන් දාගත්ත හුත්තකට.. ඔරිමජිනල් එක ආං අල්මාරියෙ ඇති...ඒක හැමේලෙම දාන් ඉඳියම ඒක කැත වෙනෝනෙ..,1,sinhala
ආච්චි ට හාල් ගරන්න රෙද්ද ලොක් දාපු උන් කමෙන්ට් කරන්න එපා යකෝ.... ෆ්ලෝ නොකර... පෙන්නෑ... විකාරේ,1,sinhala
මෙහෙම අමනයො එල්ලා මරන්න ඕන. ඒත් එල්ලුම් ගහ නැහැනෙ. නමුත් ස්භාව දහමෙන් මූට දඩුවම ෂුවර් එකට ලැබෙනවා.,1,sinhala
බොර දියේ මසුන් මරන්නට ඔත්තු බලන්නෝ,0,sinhala
", හොර ගෑණි",1,sinhala
දෙමළ සක්කිලි බල්ලන්ව නාවමූ Sadisha Nimsara · 20 Jul 2019 නාන්න කියාපු දවස twitter.com/thamindu_/stat…,1,sinhala
"මළගෙවල් පට්ට ෆන්, නිදිමත බේරෙනවා. හෙට වැඩ දවසක්",0,sinhala
මොන කරුම ජීවිතද අල්ලා මේවා..? URL,0,sinhala
හැම්දේම මවද්දී අල්ලා හට මොළයක් මවන්න බැරි වුනු එකේ ඵලවිපාක තමයි මේ,1,sinhala
යසිදුගේ කැල්ලගේ කිම්බ – සිංහල අලුත්,1,sinhala
Use කරන්න. Privacy හදා ගෙන නොහිටියොත් ඔයාලගෙ details එළියට යනවා. මම මේ පිස්සුවෙන් කියවනවා නෙමෙයි මේවා. Fandom එකේ දැනටම ප්‍රශ්න ආපු ලමයි ඉන්නවා. ඔය දේවල් නිසා. අනික ඔය ගොන් පෝස්ට් දාගෙන නටන උන්ට කරන්න පුළුවන් එකම දේ ඔහොම ගොන් පෝස්ට් එකක් දාන එක විතරයි. BT5 ගැනු ලමයි වගේ කියයි.,0,sinhala
RMV හි දූශිත නිලධාරීන් නැත්නම් ලංකාවේ 50% ම ලයිසන් නැතුව ඇති,0,sinhala
"මහින්ද මාමේ, මෙව්වා බලලාවත් හැදියංකො. ඇතිනේ කරුම ගෙව්වා. :D URL",0,sinhala
ට්විටර් එක නැත්තම් මං මේ වෙලාවට හරකා වගේ තනියම උඩ බලන් ඉදී.. #I_love_you_twitter,0,sinhala
අඩො මගේ පොස්ට් වලට කමෙන්ට් කර්ලා ටිකක් ප්‍රොමොට් පාරක් දියං බ්‍රෝ...!!,0,sinhala
කවුද යකෝ Report කරන එක තාත්තෙකුට ඉපදුන් නැති බල්ලා Report කරන්න ඔන එක මං උබට කියලා දෙන්නම් කෙලින් වරෙන් පො** වැඩ... URL,1,sinhala
"සරළයි, අද බෑ හෙටම යන්නම් කියලා පොඩ්ඩක් වැඩේ අදිනවා. ඊළඟ දවසේ ගිහින් කඩේ වටේ කැරකිලා ඇවිත් කඩේ මනුස්සයටයි, ආණ්ඩුවටයි, ආණ්ඩුකරන එවුන්ගේ හත්මුතු පරම්පරාවල් වලටයි බනිනවා. ""යකෝ බඩු ගණන් යනවා කියලා මෙහෙම ගණන් යනවද, මඟුල ඊයේ 500ට තිබ්බ මාළු ජෝඩුව අද 8000ලු. හෙන ගහන්නෙපැයි මුන්ට"" කියලා. Januka_ R · 9 Nov 2021 මෙව්ව සිරා සිද්දි හැබැයි",1,sinhala
"සිරිසේනය අවුරුදු 5ක් රෙද්ද ඇදන් දුන්න ආතල්, අපේ නන්දසේන ලොක්ක 13 මාසෙන් දුන්න කලිසමකුත් ඇදගෙන ............ respect 'ස'",0,sinhala
නැහැ නේද...තාම ඉන්නවා ඒ මුසලයා....,1,sinhala
ඔබ කියන ‘අවජාතක‘ බව ඔබේ හැදින්වීමෙන්ම පේනවා! ඉස්සල්ලා ශිෂ්ඨ වෙන්න! පසුව සංවාද කරමු #lka,1,sinhala
දැන් කාලේ වගේ තොග පිටින් නැති උනාට ඒ කාලෙත් බොහොම ලස්සන ටීවී සීරීස් තිබ්බා. මේ කියන්න යන්නේ ඒ කතා වල හිටපු අපේ ගෑණු ළමයිව පිස්සු වට්ටපු තරුණ හාදයෝ 7 දෙනෙක් ගැන විස්තර කියන්න. URL,0,sinhala
විද්‍යාත්මක ඇමැති මණ්ඩලයේ කාන්තාවන් 40:2යි! පුක තමයි! #SriLanka #lka Vikalpa · 1 May 2018 විද්‍යාත්මක යැයි කියන සංශෝධනයෙන් පසු 42 ක් වු උත්තරීතර කැබිනට් මණ්ඩලය නියෝජනය කිරිමට කාන්තා නියෝජිතවරියන් 2 දෙදෙනෙකු පමණක් තෝරාගෙන ඇත. රටේ කාන්තා ජනගහනය 52% කට ආසන්න වේ.මේ යහපාලනය හා 25% ක කාන්තා නියෝජනයක් පිලිබඳ නන් දොඩවන ආණ්ඩුවකී #CabinetReshuffle #SriLanka #lka,1,sinhala
"අපේ රටේ.... අනාගතේ... කියල අවුරුදු 25 හේ 30 හේ උන් වැලලෙනව. දුප්, නාකි හැත්ත!",1,sinhala
අර මෝඩ ජෙරියා මට එව්ව සින්දු දෙක විතරයි ප්ලේලිස්ට් එකෙ...ඒකම අහලා අහලා ගෙදර උනුත් බයින සීන් එකේ...ඇයි අනේ ඒ සින්දුම විතරක් ලස්ස්න අනික්වට ව්ඩා..,1,sinhala
අයිසෙ අර්බුධය · 30 Dec 2019 චන්දුවා නෑ කියලා අඬන්න එපා අනේ ඕකා ආවොත් ගම කනවානේ ඔහේ හිටපුදෙන්,0,sinhala
උඹලටත් මොංගල්නෙ. දැන් පුක ඉරන් ඔය ටික කිව්වට මුගෙ මතේ වෙනස් කරයිද? දේශපාලනේ වෙනුවෙන් බෝම්බත් ගහලා තමුනුත් බෙල්ල කපන් මැරෙන්නෙ ඔය ජාතියෙ උන්.,1,sinhala
කොටි බුවාලට පට්ට අප්සේට්ලු බන්. පවු කියලත් හිතෙනවා වෙලාවක යි යි මුන්ව කඩේ යවන හැටියට #srilanka,1,sinhala
ඒක තමයි කියන්නෙ. ලබ්බ මොකද්ද කියල දන්නැත් නම් දන්නෑ කියල අහන්න ඕනෙ. තප්පුලන්න එපා.. වැඩක් කරන්න බැරිනම් වහගෙන කරන උන්ට කරන්න දීපන්,1,sinhala
කෙහෙලියත් unpඑකේනෙ හිටියෙ..ඕක මහින්දගෙ රෙදි හෝද්ස්න එකානෙ,0,sinhala
"ඉදලා ඉදලා කෙල්ලෙක්ගෙන් යාලුවෙන්න අහපුවහම ඒකි ඒකි, පිස්සුද හු@& තොගෙ හැටි බලකෝ",1,sinhala
මේ ගණයෝ ගැන කතා කරල වැඩක් නෑ. පව් පිරෙනවා අපිට. බදූර්දීන් මේවා කැත වැඩ,1,sinhala
බිච් කොලම්බුට රෙවෙන්න දීලා වගේ කව්රු හරි. කනේ වැලි ගෑවෙන්න වැටිලා ඉන්නේ ගෑණි.,0,sinhala
"අපි අලුතෙන් යට ඇඳුමක් ගත්තත්. "" ආ ආ දැන් හරිගිහිල්ලා නේද?"" අහන උන් පට්ට භයයි , අපි ඒ යට ඇඳුම ඇඳගෙන හරි උන්‍ට වඩා තැනකට යයි කියලා. #copied",0,sinhala
හුජ්ජ බරයි වැස්සයි අතරෙ අමුතු පෙමක් ඇත මගෙ මිතුරෙ,1,sinhala
අර නැව ගිනි අරගෙන කෑලි ටික මුහුදට වැටෙනවා කියලා දෙරණේ හසිතයාටනම් කියන්න එපා ඈ ඕකා තඩි කැමරාවකුත් අරන් මුහුදේ යටට යයි කෑලි වැටෙනවා බලන්න එහෙමටම පොරක් තමා ඌ...,0,sinhala
ඕකට තමයි කියන්නෙ අතට ගත්තු දේ කටට දාගන්න බෑ කියන්නෙ.,0,sinhala
"අම්ම, තාත්තා ගැන පපුව පලාගෙන යන්න තරම් කැලුම් සර් කීව කතාව.... URL via youtube.com අම්ම, තාත්තා ගැන පපුව පලාගෙන යන්න තරම් කැලුම් සර් කීව කතාව.... අම්ම, තාත්තා ගැන පපුව පලාගෙන යන්න තරම් කැලුම් සර් කීව කතාව....Chemistry - Kelum SenanayakeMore Details : 076-7287752, 071-3354193",0,sinhala
අනේ පලයං පකෝ යන්න ගෝඨාභය ජනාධිපති උනාම උබ කොරයි fb. ට්විටර් එකෙනුයි අපි දන්නවා ජෙප්පොන් හැටී අමුඩ ගහගෙනත් කොලබ ආවේ රනිල් ආවාම සද්ද නැතුව ඉන්න ලැට් එකේදි සල්ලි ගත්තේ තොපි නැත්නම් මෙරට මෙලහකට දියුණු රටක් කිසිම ආන්ඩුව වකට කරන්න දෙන්නේ නෑ රනිල් කපටි නිසා සල්ලි වලන් නීෂ්ශබ්ද කලා,1,sinhala
රජයේ සේවකයන්ට බයිලා කියලා එයාලා ආතල් එකේ ඉන්නවා ඩීල් පාරක් දාගෙන. යසයි යසයි,0,sinhala
උදේ ඉදලා බස්වල ලැගලා පුක ලෑල්ල වෙලා තවත්...,1,sinhala
හෙට දවසත් පට්ට Busy වෙන ලයින් එකක් තියෙන්නෙ,0,sinhala
සුබ රැයක් වේවා මගෙ පණ යාලුවො හැමූටම (y) ;) #පිස්සා,0,sinhala
වැඩිය හිතන්න එපා .අත්වැර දීමක්නේ ඒ පුක මත්ක්කරකර ගෙදර⁣ ⁣ගිහින් අතේ හිරි ඇර ගනින් මගෙ පුත.,1,sinhala
නැති වෙන්නෙ කොහොමද ඒකත් මේකෙ ඉතුරු කෑල්ල නෙහ්,0,sinhala
දැන් තියෙන කතා වලට නම් මමත් ආසා නෑ. Thank you කීවට අයියලා.මම බලන්නම්. මට ප්‍රශ්නයක් තියෙයි. මෝඩ ප්‍රශ්නයක්ද දන් නෑ. ඒත් දැනගන්න අහන්නේ. ඇයි ඒ ඉස්සර විකාශයවුණු කතා හොඳයි කියන්නේ ගොඩක් අය(දැන් ඒවට සාපේක්ෂව නෙවෙයි)? මොනවද ඒවගේ විශේෂත්වය? අපේ රටේ ගැමි කමට සමීප නිසාද?,0,sinhala
ජෝන් මොකී එක්ක බුදිය ගත්තම අපිට පාන්ද.. නොදකින් අනුන්ගෙ රෙද්දවල් හොයන අඩු කුලේ පර හැත්ත,1,sinhala
අපේ ගමේ පරිසර දූෂණය..... දැනුවත් කරන්න නාලිකාවක් නැත?,0,sinhala
ටහිකෙනවා යකෝ මේක කිම්බ කැපුවා කතුරෙන් කැරිම ෆිල්ම් එකක් අයිසේ — watching Antichrist,1,sinhala
"UNP ආණ්ඩුවෙං රට බේරගන්න ඕනෙ කිය කිය, UNP එකේ ඉන්න උංවම සල්ලි දීල බාගන්නව. අම්මගෙ රට බේරගැනිල්ලක් අයිසෙ ඒක.",0,sinhala
බඩ තියෙන එක වාසනාවක් ඒ වාසනාව හැමෝටම නෑ — eating තඩි කොත්තුවක්,0,sinhala
තොපි සේරම එකයි බලාන යනකොට ( තමුසෙ කියන්නෙ මට හෙලුවෙන් පික් එකක් දාන්න කියකද උලමො ) මොන හුයන්නක්ද යකොව් මේ,1,sinhala
Twitter එකේ ඉන්නවා ගොබ්බ සෙට් එකක් උන් Twitter එක හැදුවා වගේ රගන්නෙ කවුරු හරි එකෙක් අලුතින් ඇවිත් ඌ අරුන්ට වඩා පොරක් වීගෙන එනව නම් හෙනම කැපිලි දාන්නෙ යකෝ ඔහොම කුහක වෙන්න එපා යනකොට මේවා අරගෙන යන්නෑ ඉන්න ටිකේ ආතල් එකේ ඉදපල්ලා,0,sinhala
නීති විරෝධී ලෙස ගවයින් ප්‍රවාහනය කළ සිව්දෙනෙක් (04) නාවික හමුදා භාරයට මොනවත් කරන්න ඕනේ නැහැ මේ තමයි වෙලාව සමාජ දුශිතයෝ ඉවත් කරන්න. ලෝකයේ බොරු #HumanRights මානව හිමිකම් බල්ලාට ගිය මොහොතක් මේ. අපිත් අපේ රටේ මේ කාලකන්නි හැත්ත ඉවත් කරන්න වෙලාවක් කර ගනිමු මේ #nCoV19 #COVID19 අවස්තාව,1,sinhala
"අම්මා කතා කරා ""මට පරක්කු වෙලා, එන්න ඉක්මණට ඔතන්න"" කියලා. මං උඩ ගියා යකෝ මේ මොකද්ද වෙන්න යන්නෙ කියලා. කොච්චර උඩ ගියාද කියනවනං #උඩගියනංගි පහුකරන් හඳටම ගියා. බැලින්නං අද රෑට පොල්පැණි මැදට දාපු පොෂ් ලැවරියා නොහොත් පෑන් කේක්.",0,sinhala
ගොන් වානරයෝ කවද්ද තේරුම් ගන්නේ මේ ලොකේ උන්ට විතරක් නෙමේ අයිති හැම ජිවීයෙක්ටම අයිතී කියන එක? කුඹියට ඇමීබාවට තියන අයිතියම තමා මුන්ටත් තියෙන්නේ කියන එක? URL,1,sinhala
හෙන ගේමක් දීල සබ් ට්වීට් හොයගන්නෙ,0,sinhala
පිටිපස්සේ තියෙන්නේ mosque. ඒකටම කරයි.,0,sinhala
පැපි ඇන නිමස් ගැහුවට කමක් නැ තොපි සබ් ගහලා මෙතන ජීව ගුනෙ කාලා අහු වෙන්නෑ කපනවා...!,1,sinhala
දැං අපේ උන්ගෙ ඇස් වහ කට වහ වැදිලා හෙට වෙන කොට ඔකටත් කෙලවෙයි,0,sinhala
පලයන් ඇන්ටි බලාගෙන ඇති,0,sinhala
"උබල වෙනයි,යකෝ අර අකීකරු වසන්තල, මෝඩපහේ මං ඩයල් එක; යුනේශ්ලවවත් කියන දේකට බ්ලොක් කරන් නෑ. අන්‍යය මත ඉවසන්න පුරුදු නැති කම,නැත්නම් රිප්ලයි දාපු ඔක්කොම බ්ලොක් කරන්න තරම් ප්‍රාථමික වෙයිද.මොලේ සංවර්ධනය වෙලා නෑ හරියට බන් තැරි දාර...... කියල තමා කියන්න වෙන්නෙ",1,sinhala
ටහුඩු මං බැලුව මොකාද මේ හිපාටුව කියල යකෝ සාමල් නේ,1,sinhala
පෙරලෙන ගලේ කිසිවිට නොබැඳෙයි පාසී බැඳි ආලයක් නැත වෙන්කෙරුමට ලේසී රුපියල්වලින් තොට මං කොච්චර දුන්නද කාසී වෙනකෙකු පතනවද දැන් තී පර වේසී ඉස්සර මනුස්සයෙක් බූට් එකක් කෑවා ලු. කඩපිළට වෙලා ඉන්නකොට ඒ ගෑනු කෙනා ආවලු කඩේට. මිනිස්සුත් හිටියලු. ඇහෙන්නම කිව්වලු.. #හිටිවන,0,sinhala
මේ තරම් සංහාරයක් වෙලා තියෙද්දි කොහොම වෙසක් සමරන්නද?,0,sinhala
තෝ කියන්නෙ මුලු ලංකාවම තෝ වගේ පුක ලෙවකන වහලෙක් වෙන්න ඕන කියලද පකෝ?,1,sinhala
"#Australia රජයෙන් ලංකාවට ලැබුනු අාධාර මුදල රුපියල් ලක්ෂ 580යි.ලංකාවෙි අාමාත්‍යවරයෙකුගේ වාහනයක මිල රු: ලක්ෂ 200, 300, 400, 500, 600Ayyo#lka",0,sinhala
"පිස්සුද යකෝ බල්ලෙක්ට Birthday Party දාලා සමරන්නේ දැන් බලහං Blue Cross කණ්ඩායමක් ඇවිල්ලා මට බනියි Coco · 14 Jun 2020 Hey hooman, I just turned 2 I'm a big boi now. පුංචිම පුංචි කේක් කෑල්ලයි මුන් දුන්නෙ. බුහ්",1,sinhala
අපි කිරි බීල තමයි හැදුනෙ වැඩුනෙ. උඹ වගේ ගොන් කිරි බීල නෙමෙයි. අපි කිරි බොන්නං උඹ කරුණාවතී එක්ක හුකපං URL,1,sinhala
පල හුත්තී යන්න වද වේසී,1,sinhala
සචිනිලා වැඩී මේකේ... රිපෝට් කරන්න ඕන රෙද්ද!!!,1,sinhala
සැ පිස්සුද බම් ඉයා ඔයියි අහපු කැත,0,sinhala
මාස්ක් දාගෙන නටද්දි අමාරු නැද්ද,0,sinhala
අඩො Apache bike එකක් මගෙ මුණ දිහා බලං හිටයා....,0,sinhala
යකෝ අර බඩ තඩියත් එක්ක කොහොමද එහෙම කරන්නෙ ඌ හොදම කෝම එකක් හැදුනු ලෙඩෙක්ට රගපාන්න,1,sinhala
ගෑණු හෙන මීටරෙන් ඉන්නවා වගේ පෙනුනට පට්ට මෝඩයි! <කලින් ටයිප් වෙලා තියෙන්නේ අනිත් පැත්තට> Najika · 11 May 2021 ගෑණු මෝඩයි වගේ පෙනුනට පට්ට මීටරෙන් ඉන්නේ!,0,sinhala
අපේ බල්ලා මේ ටිකේ හිටියේ පූසෝ සෙට් එකක් එක්ක! පොර දැන් කුප්පමේනියා කන්න පුරුදු වෙලා! බලමු තව ටික දවසකින් බව් ගාන එකත් නවත්තාවිද දන්නෙ නෑ!,0,sinhala
ඒක හරි කාලකණ්ණි හැගීමක්.මිනිස්සු බඩගින්නේ ඉන්නවා කියන එක.දවස් පඩි ගන්න මිනිස්සු කොරොනා පතුරන්නෙත් නැහැ.හොටෙල් වල ලගින්නෙත් නැහැ.පුලුවනනම් උදව් කරන්න.,1,sinhala
යකෝ ගම්පහ පැත්තෙ වාහන වල රන් ආලේපිත ද මංඳ. සමාන mileage තිබ්බත් කුරුණෑගල කියන ගනන් වලට වඩා අනිව ලස්ස දෙක තුනක් වැඩී...,0,sinhala
ඈ නානි පකෝ. හරි දේට හරිකියන්න වැරදිදේට වැරදි කියන්න ඉගෙනගනින්. බොරැවට මහිනදගේ පයිය ඉබ ඉබ ඉන්නෙ නැතිව. මොන ජාතියෙ මොන ආගමේ මොන පක්සෙ එකෙක් හරිදෙයක් කලොත් හරි කියන්න සතුටු වෙන්න වගේම කවුරැහරි වැරදදක් කලාම බය නැතිව වැරදි කියල විවේචනය කරන්න ඉගෙන ගනින්.දැන් ඉතින් මොනව ඉගෙන ගන්නද.,1,sinhala
ඔව් තෝ අහුවෙයන් මට,1,sinhala
අප්පච්චි මට ගොනා හැරෙන හටියට වඩා මිනිස්සු හැරෙන්නෙ මොකටද කියන එක තෙරුම් ගන්න හොදට කියල දීලා තියන්වා.,0,sinhala
නිකමට හුක⁣මුකෝ පලවෙනි වචනේ ලියාගනින්,1,sinhala
"ටහුඩු, පුතානෝ රූපවාහිනී වැඩසටහනකට ඇවිල්ලා..",0,sinhala
"වෙන කරගන්න දෙයක් නැත්නම් , වරදක් නැහැ .මම අහලා තියනවා සිංදුවක් මෙහෙම"" ආච්චි වුනත් මොකද හොදට love ,කරනවනමි ,පුරැදු ගොනා බර අදිනවා කන්න දෙනවනම් "" කියලා.",0,sinhala
තෝ වගේ අනේ අම්මප මම දන්නෑ මොක්කුද කියල උඹල හිතන් ඉන්නෙ හෙණ ඩයල් කියල කඩ්ඩෙන් කොටල ඇමරිකාවෙද තොපි ඉන්නෙ පුකේ පාට මොකද්ද තොගෙ තෝ හිතං ඉන්නෙ මහ සුද්දෙක් කියලද එනව මෙතන 'එක්සෝටිසයිස්' කිය කිය මොන හුකන්නක්ද යකෝ ඒ? තෝ අඩුගානෙ පාවිච්චිකරන වචන වලින් බාගෙකවත් තේරුම් දන්නවද හුකාරිස් පරය.,1,sinhala
බීලා හැන්දෑවට කෝච්චිය ට නගින නාකි ඩෑල් හතරවටේට කෝල් කරනවා. මිනිස්සු ගෙ සුවදුක් බලනවා හොයනවා . ඒ ඇති හොදට නෙමෙයි උන්ට නින්ද ගිහින් ස්ටේෂන් එක පහු වෙයි කියලා බයේ..,0,sinhala
"යකෝ හිනස්සලා මරන්න එපා Ranuka® · 18 Jul 2016 how send me this ඒකි ටෝක් කලොත් ""කස්සප එන්න,මගේ ගුලට රස,ඔබන්න ඔබේ ඔය දණ්ඩ"" කියයි ඕයි උ*ද්දි #UnfollowNangi",1,sinhala
"- එයා වෙනස් වෙලා එතන හිටියේ මම මෙච්චර කල් දැනන් හිටපු කෙනා නෙවෙයි වෙනස් වුන කෙනෙක්. - යකෝ...... ඒකි වෙනස් වෙලා නෑ වෙනස් වෙලා තියෙන්නේ උඹ, වෙනස් වෙලා තියෙන්නේ උඹ දකින විදිය. වෙනස් වෙලා තියෙන්නේ ආදරය.",0,sinhala
"පොදු තැන් වල ගෘප් චැ⁣ට් ඕපන් නොකරන එක වෙනම සීන් එකක්. මේ යන විදිහට පොදු තැනක මැසේජින් ඇප් එකක්වත් ඕපන් කරන්න බෑ. . යකෝ ගෘප් එකේ නම මාරු කරලා එකෙක් ""පක පැලෙන්න හුජ්ජයි"" කියලා",1,sinhala
", යකෝ දැන් දවස් කීපයක් දැක්කා සුප්පා විතරයි ඒක දන්නේ කියලා දාලා තිබ්බා",0,sinhala
"හායි ඩාලින්, ලොකු පොලිමක් තියෙනවා හැබැයි",0,sinhala
චනලය යන වැරදි එම වචනය චලනය ලෙස වෙනස් කරන්න,0,sinhala
ඇයි යකෝ මොකද වෙන්නේ. උගේ පස්සෙ හැඩය අනුව නම දැම්,1,sinhala
පොලිස්පතිතුමනි ඔබේ කසේරුකාව ශක්තිමත්ද ? එහෙනම් ඇයි යකෝ ලෝකයා ඉදිරියේ අපේ විරෝධාර රනවිරුවන්ට විරුද්දව බොරු... URL,0,sinhala
වේස බල්ලනේ තොපිට දැන් කීපාරක් කිව්වද මේ ලබ්බවල් block කරලා දාන්න කියලා. හිගන හැත්ත.,1,sinhala
වහලියකට වගේ වද දිදී කිම්බ කන්න අසයි වස්තු,1,sinhala
ඉංග්‍රීසී එක නම් ආතල් එකට දැම්මා කියමුකෝ. ජීවිතේට ක්‍රිකට් බලන්නේ නැති එවුනුත් සංගා ගැන ටෝක්ස් ඉශූ කරලා. මුන් දේශපාලන ලබ්බ වල් නිසා මිනිස්සුන්ගේ හිතේ තදින්ම කා වැදුනු සංගා වගේ චරිතත් අපිට පිළිකුල් කරන්න හදනවා. අනේ හුකේ. අපි හාවෝ නේ.,1,sinhala
ලන්කාවෙ පකේ ලොජික්. ජපන් බයික් හැප්පෙන්නෙ.පෙරලෙන්නෙ නෑ.. ඉන්දින්..මැලේසියන් ඒවාගෙන් විතරයි මැරෙන්නෙ ..බත් කන හරක් නොදකින්,1,sinhala
කරන්ට් කපනවා ද නැද්ද..? President ගෙ බයිලා වැඩක් නැහැ,0,sinhala
ගහන්නේ පයින් බොට ඇයි යකෝ පාඩුවේ ඉන්න මිනිස්සුන්ට ගල් මුසලයා කියන්නේ,1,sinhala
"පොහොට්ටුවේ මඩකරි බලකායේ තව එකෙක් මේ ඉන්නේ. මූට ඕනේ ජෙප්පන්ගේ නම දාගෙන උන්ට මඩ ගහ ගහ ෆේල් වෙච්ච 'ස' ව පාස් කරන්න. මේවගෙන් ඇත්ත තත්වය යටපත් කරන්න බැහැ වගේම, තව තවත් මේ සක්කිලි ආණ්ඩුව එපා වෙන එක වෙන්නේ. #SriLanka #සෆේල් #SLPP JVP UK · 28 Sep 2021 ලොක්ඩවුන් අතරේ ආන්ඩුව රටම විකුණයි #Jvp2025 #AKD #SriLanka #lockdown",1,sinhala
"වේසියොන්ට වේසි නොකියා පත්තිනි අම්මා කියන්නයැ මාෂි · 25 Feb 2020 ආදර,සම්බන්ධතාවක් නැවතුණාම ඒ ආදරේ කරපු කෙනා ගැන ආදරේන් කතා කරන්න බැරි නම් අඩු ගානේ ඒමනුස්සයා ගේ වැරදි කියෝ කියෝ ගැන කොන්ද පන නැති වැඩේ කරන පිරිමි / ගැහැනු හැමතැනම.සීයට සියක් පරිපුර්ණ මිනිස්සු නෑ ලොකේ.අනිත් කෙනාට ඇගිල්ල දික් කරද්දී තමන්ට ඇගිලි 4 ක් දික් වෙනවා කිය මතක තිබ්බොත් ඇති.",1,sinhala
"පුංචි කාලේ මා පංසල් එක්කගෙන ගිහින්, අම්ම කීවා අපායෙ හැටි රූප පෙන්වමින්, වැරදි දේ කෙරුවොතින් එහෙම වෙනවමයි, එහෙම නෑ මගෙ පුතා හොද පුතෙක්ම වෙයි. #",0,sinhala
ඕක කියන්නද බන් බලන් හිටියේ.,0,sinhala
", පට්ට වේසි දැන් පොලිසියෙන් ඉල්ලං කාපන්",1,sinhala
"ටහුඩු... කඩ්ඩ... Nimesh Nishara · 16 Dec 2015 as far as I know there is no rollback action that thing happened to me too,but there's no reverse :(",0,sinhala
"... මේ ටිකත් කියවන්ඩ; දැන් කොල් කරල ඇයි වාහනෙ මෙහෙම දෙන්නෙ, ගාන අඩු කරන්ට පුලුවන්ද වගෙ ගොන් කතා අහන්ට එපා.. කැමතිනම් ගනිල්ල. උම්බලට උඋදව්වක් කරන්නෙ මෙ අයිය අද වගෙ දවසක..හරිය.. 𝗦𝗮𝗻𝗱𝘂𝗻 · 14 Feb 2021 වැලන්ටයින් පෙම්වතුනි, අද මේ දවසේ ඔය අටසීයේ කාමර වලට ගිහින් චොරවෙලා, අනාගතය අඳුරු කරගන්න එපා. ඒ වෙනුවට කාරයක පිටුපස ආසනය කුලියට දීමට තිබේ. - ටින්ටඩ් වීදුරු - සුව පහසු ආසනය - වායු සමීකරණ පහසුකම් - ටිෂූ බොක්ස් ඇත - Sound proof පහසුකම Credit cards accepted #ValentineDeals",0,sinhala
"ලොල් මේ මොන බිජ්ජ කොල්ලෙක්ද!ඇයි උම්බෙ අම්ම තාම permission දීල නැද්ද කුනුහරප කියන්න?Sorry උක්කුන්! උම්බ උම්බෙ තාත්තගෙ ඇටේ ඉන්න කාලෙ ඉන්දන් හුත්තො අපි match බලන්නෙ! මේ ඊයෙ පෙරේද ජන්ගි අන්දින්න ගත්ත කියල හිතන් ඉන්නෙ පොර කියල. අහ් හොන්දයි,දැන් අම්මගෙන් කිරි බීල චූ කරල බුදියන්!",1,sinhala
"මූ මෙහෙම කිව්වද? මීට වඩා නම්බුයි යකෝ කඳාන පල්ලියේ කොඩිගහ උස්සන කාලෙට පෙරහැරේ යන පොන්නයොත් එක්ක නටන්න ගියානන් කාළකන්නියා CHATHU · 26 Apr 2019 ""මේ ප්‍රහාරයෙන් අපිට එක හොද දෙයක් හරි උනා, ඉතිහාසයේ ලොකුම ඉන්වෙස්මන්ට් එක ඇමරිකාවේ මිලේනියම් චැලේන්ජ් කෝපරේෂන් එකෙන් ඩොලර් මිලියන 280ක් අපිට ලැබුනා"" -අමාත්‍ය මංගල සමරවීර නොදකින් මෙහෙමත් මිනිස්සු",1,sinhala
"ඇමති කෙනෙක්ගෙ ගෙදරක් හරි හොටෙල් එකකට හරි තමයි උස්සන් යනවා ඇත්තෙ, සංස්ථාව ගාව ගත්තාම ලෙසිනේ, නිත්‍යානුකූලයි.. තූ කාලකණ්ණි",1,sinhala
මං නැති ටිකට කවුද මගේ අයියට හරකා කියලා කිව්වේ. අහුවෙන්න එපා හරිද එයාට ඒවා මේවා කියලා,1,sinhala
තොපිලට පිස්සු යකෝ,1,sinhala
ෆේස්බුක් උන්ගේ පරම්පරාවම මතක් වෙන්නේ උන්ගේ බග්ස් සෙට් උනාම. ඒක එස්කැලේට් කරන්නත් විදිහක් නෑ කියහන්කෝ හුත්ත.,1,sinhala
මගේ රටට අැති වූ මෙම ව්‍යසනයේ වගකීම බාර ගන්න.මගේ රටට මෙයට වඩා අාරක්ෂාවක් ලබා දෙන්න,0,sinhala
ආන් උබට ඩෑන්ලුතව ටිකකින් ඩාලින් වෙයි ඈ,0,sinhala
තමුසෙ තාමත් කියන්නෙ චන්දුවා කොලු සින් නෙවෙ කියලදොයි,1,sinhala
උඹ හොඳයි...කෙල්ලෙක් ඉන්නවා..ඒකි මට හැමදාම කියන්නේ චප්ප කරලා පොඩි කරලා කනවා කියලා..ඉතින් උස්සලා පොළොවේ ගහන එක හොඳයි...,0,sinhala
රුපියල් 18ට ගෝල්ඩ් ලීෆ් එක ගහපු කාලෙකුත් තිබුන මිත්‍රය. මයිත්‍රීපාලගෙ පුk සිකරට් එකක් ගහල බරව හැදිච්ච බල්ලෙක් දාල කටට දෙන්නෝනි හිටං,1,sinhala
ඔව් යකෝ. තොපි එහේ ඉගෙනගන්නේ අපේ අම්මිලා තාත්තිලා ගෙවන බද්දෙන්. හිඟන කැම්පස් කාරයෝ,1,sinhala
ඉතින් ඒක මිනිසුන් ට කියලා හරියනවාද.... රට වැහුවා නම් ඉවරයි නෙ,0,sinhala
ඕකගේ ගෙදර තඩි බල්ලෙක් ඉන්නවා ඌ මන් ආපු වම බල්ලව ලෙහලා උසි උසි ගානවා ඒකයි ඒ ගෙදරට යන්න බැරි,0,sinhala
ස්පොලා ස්තූපය - කයිබර් ඒජන්සිය. ස්ෆොල ස්ටුප යනු පකිස්ථානයේ ඛ්‍ය්බෙර් පස්ස හි පිහිටි බෞද්ධ ස්මාරකයකි. 2 වන සියවසේ ස්තූපය කුෂාන් අධිරාජ්‍යයේ අවසානයේ හෝ සමහර මූලාශ්‍රවලට අනුව තුන්වන සිට පස්වන සියවස දක්වා ඉදිකරන්නට ඇත. #Buddhism #peace #SriLanka,0,sinhala
සරල හිටං. පොළොන්නරුවේ ඉදන් රට පාලනය කරනවා කියපු කට්ටිය.,0,sinhala
අනේ මගුල r6 එකට 46gb අප්ඩේට් එකක් ට රෙද්ද,0,sinhala
කැත නැතිව ජන්දය දිය හැකි එකම පක්ෂය ජවිපෙ පමණයි URL The following media includes potentially sensitive content. Change settings View,0,sinhala
"ඉතින් යකො A කියන්නෙ තමුන්ගෙ ලකුනු මට්ටමත් එක දෙන දෙයක් ,සමහර විශයන් ලේසිනම් බ්න් ඔක්කොම A විතරයි . එතනින්ම උබට තෙර්‍ර්න්න ඕන උබ අහපු ඩෙ පට්ට ගොන් කියල .අනික බන් උබ කියනව ප්‍රයිවෙට් එව්වට කැමති නෑලු උබ හිතහන් අම්මපා ම්න් ඇත්ත කියන්නෙ මන් දන්න s2ක් s3 තියෙන උන් බන් මෙඩිසින් කරා ,",1,sinhala
අඩො පැපී හොඳට දානව ඉසුරුවට වඩා The following media includes potentially sensitive content. Change settings View,0,sinhala
මෙකද බොල යහපලනෙ සුදු වැන් එකක් එවලා කූඩු කරලා ගිනි තියන්නෙ නැතුව . ලියුම් ලියනවා . #srilanka #lka,0,sinhala
බස් එකේ ලග ශීට් එක හිස්ව තියෙද්දි තඩි ඇන්ටි කෙනෙක් බස් එකට නැගීම #LankanGreatestFears,1,sinhala
"Z Score එක වැඩි කාලකන්නි හැත්ත Azzam Ameen · 21 Jun 2017 university students, 6 policemen hospitalized after STF chased away university students who entered Health Ministry forcibly #SAITM #lka",1,sinhala
ජාතියේ පවට උපන් නරුමයෝ.... මොන නෙයිනාඩගම නැටුවත් මේ පාර තොපි මුහුණ දෙන්නේ ජනතා තීන්දුවට...... මතක තියා ගනිවු #lka #sriLanka #SriLankanPolitics #Colombo #Gota2020,1,sinhala
#LTTE ට කඩේ යන මේ වේසි.... පුතාගෙන් #SriLanka ට සහනයක් බලාපොරොත්තු වෙන්න පුලුවන්ද ?,1,sinhala
සෝදමු තව සෝදමූ.වලව්වෙ බේබිලාගෙ කුණු රෙදි,1,sinhala
Dental එකේ පෝලිමේ ඉන්න අම්ම කෙනෙක් අඩන දුවට කියනව ඡන්දෙන් පස්සෙ දත් පෙන්නන්න පෝලිම වැඩි වෙනවලු.බොරු කියපු අයගෙ දත් හැලෙනවලු. දැන් පෙන්නමුලු,0,sinhala
අනේ පල පකෝ යන්න,1,sinhala
පිස්සු උන්මන්තක ඩයල් එකක් මේ නම්. අහන දේවල් වලට උත්තර නොදී වටේ ගිහින් දැන් අපෙන් තව ප්‍රශ්න අහනවා,1,sinhala
පව් ඒ තරුනයා පොකුණු කුට්ටමක් ඇති - කුට්ටම් පොකුණ (Kuttam Pokuna) yourchoiceway.com පොකුණු කුට්ටමක් ඇති - කුට්ටම් පොකුණ (Kuttam Pokuna) අද අපේ කතාව අතීත මුතුන් මිත්තන්ගෙන් අපට දායාද කළ අපූරු සුන්දර නිර්මාණයන් ගෙන් එකක් ලෙස හඳුන්වන්න කුට්ටම් පොකුණ ගැනයී අනුරාධපුරයේ අභයගිරි විහාරය වැදපු,0,sinhala
වෙස්සන්තර නෙවෙයි. ඒ ගොනා වික්කා.,0,sinhala
ඒක හොදයි තව කට්ටිය ශ්‍රිලනිපයෙන් අයින් වෙන්න ඕනේ,0,sinhala
අපි එකෙක්ට කියලා බය කරලා පොර ගියේ නෑ එදා ගෙදරවත් ..අපේ වෙලාව කියන්නෙ එදා ලැයිට් එහෙමත් ගියා..පට්ට ඉතින්,0,sinhala
මෙහ් මේ....තාම අර ලබ්බ ඔබල ඉවර නැද්ද කට්ටිය,1,sinhala
තුක් නොදකින් මුසලයා... අනුන් දුන්න එවා තමාගේ නම ගහලා බෙදනවා URL,1,sinhala
", ටහුඩු යකෝ ඒකත්",0,sinhala
අයිස්ක්‍රිම් වැන් එකක් ගේ ඉස්සරහින් යනවා... ඔක්කමත් හරි එකේ නලාවේ සද්දේ තමයි අහන් ඉන්න බැරි.. #රෙද්ද,0,sinhala
"ගොඩ දෙනෙක් ට්‍රිගර් වෙලා එහෙම කියන්න එපායි, අනන්මනන් හෙන කතා ගොඩක්. දෙයියන්ගෙ කැමැත්තලු, කර්මයම නෙවෙයි ලු, මිනිස්සු ගැන හිතන්නලු. අනේ හුකේ.. මම හිතන්නෙ සත්තු ගැන. එච්චරයි. ඔස්ට්‍රේලියාටත් එහෙමයි, ඇමේසන් වලටත් එහෙමයි. ඒ ඔක්කොමට වඩා ශ්‍රී ලංකාවටත් එහෙමයි.",0,sinhala
ලගම රට හොදම රට,0,sinhala
"බල්ලා අන්දන්න පුලුවන්, බැල්ලි නේ අන්දන්න බැරි.... වතුර කිවත් දුවනවා. සල්ලි උනත් ස්ත්‍රි ලිංග නමර්‍ එපා..",0,sinhala
"ඔහේ දන්නැති උනාට ඒකි වටේ ගිය එකක්,ඔය ලමය ඔහේගෙමයි කියල විස්සාසද? •බුලත් කෙල පාරක් ගහමින්• ඔය ලමයට තිවුනනේ තව ටිකක් හොයල බලන්ට",1,sinhala
ඔව් යකෝමන් මියුට් වෙනවා රෙද්ද,0,sinhala
උඹ කොමස් ද කරේ?? ගූගල් කියල එකක් තියනව ඒකට යමං,0,sinhala
පුක කියන්නෙත් හොද මාර්කටින් ස්ට්‍රැජික් එකක් තමයි,1,sinhala
හම්මද බොල යකෝ මාව බ්ලොක් කරා නම් මාත් බ්ලොක් කරනවා.,0,sinhala
ලංකාවට ආ සුද්දි ත්‍රීවිල් වලට පිස්සු වැටුණ හැටි - URL URL,0,sinhala
තමන් උපන් රටට අපහාස කරන මේ වගේ පාහරයෙක් මේ රටේ මොකට ඉපදුනාද? මේක බලලා කියන්න මුගේ කටට මොකද කරන්න ඕන කියලා... URL,1,sinhala
තෙල් ගැන කතා කොරන්නෙපා රෙද්ද,0,sinhala
වල් බැල්ලි ගහනව තොට වැලි The following media includes potentially sensitive content. Change settings View,1,sinhala
"Colombo? එතකොට මං ඉන්නෙ තූත්තුකුඩියෙද උම්බලකඩ පකෝ? Newsfirst.lk Sri Lanka · 3 Dec 2021 Power Supply to Anuradhapura, HambantotaColombo restored - CEB General Manager #lka #SriLanka #SLnews #News1st #PowerCut",1,sinhala
මම තාම පොඩි එකා.උබලා ඔය යන පාටියකට අපිව එක්ක පලයන්,0,sinhala
දැන් සමහර කෙල්ලො නම් ගූ චරිත ඈ කවදා හරි අම්මා කෙනෙක් වෙනව නේද අම්මා කියන පිරිසිදු නමටත් ලැජ්ජයි . වැටෙන්න අරක්කු ගහන ගොන් ගෑනු තව තියෙනවා දිග වැඩියි නදකින් හැත්ත,1,sinhala
පිස්සා,1,sinhala
අඩො... පට්ට... !! හොල්මන් උනා..,0,sinhala
මොන හත්තිලව්වටද යකෝ කරන්ට් කපුවේ? මේ සීත්ලේ තිබ්බ එකම සහනය ෆෑන් එක විතරයි දැන් ඒ මගුලත් නෑ. නොදකින් මූසල විදුලි සංස්ථාව,1,sinhala
"""පාලකයිනි... තොපි පොන්නයෙක් වුනාට රටේ ඔක්කෝම පොන්නයෝ නෙවේ.."" - 2.50 නොවටින ලපයි සිපයියන් ඊයේ ""සිංහලේ"" වෙනුවට එකම... URL",1,sinhala
"රට පාවාදුන් අවජාතක සිරිසේන හෙලාදකිමු අවුරුද්දට සුබපැතුම් ඕන නැත්නම්, මෙ මම වගේ BL PRESIDENT කියලා type කරලා 9010... URL",1,sinhala
අගමැති යනකම් තනි ආණ්ඩුවක් ගන්න බැ,0,sinhala
අහු වෙයංකෝ තෝ පාරක්දි,1,sinhala
අපේ සම හරක් යුද්දේ රණවිරුවෝ ගැන පොර ටෝක් දෙනවා දැන් ..ඇයි යකෝ ඒ කාලේ යුද්දෙට යවන්න කොල්ලෝ නැතුව ගමේ ඉන්න අහිංසක කොල්ලෝ ටික ගිහින් මැරුණේ... යන්න තිබුනනේ යුද්දෙට ඒ කලේ දැන් ලොකු ටෝක් දෙන්නේ නැතුව. ප..... දේශමාමකත්වය තූ නොදකින්,1,sinhala
උබ හොදට මිරිකලා දෙහි ටික ගනින්කො විමලා අනේ උබෙ ඩාලින් සයිම කට් වෙලා.... URL,0,sinhala
මොකක් කියන්නද කියලා සිතා ගන්න බැහැ මැතිතුමනි,0,sinhala
තොට හරි යන්නෙ 9 වසරෙ වගේ පොඩි එකෙක් තමයි,0,sinhala
මූ යකෝ. මුගෙ ආච්චිටහ්! දුප් යන්ඩ ගෙරි බල්ලා,1,sinhala
ඔයාටත් දියුනු වෙන්න ඕනි නං කෙල්ලෙක් දකිනකොට පට්ට කෑල්ලක් කියල හිතන් නැතුව පට්ට වියදමක් කියල හිතපං #උපුටාගැනීමකි,0,sinhala
Assistive touch එක පිස්සු කෙලිනවා මේ හොඳට තියෙනවා ටික වෙලාවකින් මිසින් ආපහු settings වලින් ගිහින් on කරනවා.,0,sinhala
මට බෑ. මට ටයිම් මැෂින් එකක් දීපං. හුත්ත. #GOT #GameOfThrones #Season7 #WinterIsHere URL,1,sinhala
පයිය කොට හැමෝටම රිදිලා නේද.?,1,sinhala
ඊළඟ පරම්පරාව මචන් එකෙම්ම කාලකණ්ණි වෙනවා බස් කාරයොයි අර රැපර්ස්ල කියාගන්න කුඩ්ඩොයි නිසා.,1,sinhala
ජාති බේදයක් නැතිව සියලුම දෙනා ශ්‍රී ලාන්කිකයන් ලෙස සලකන්න... හැබැයි මොකකටහරි කතා කරොත් ජාතිවාදේ අවුස්සනවා කියලා රෙද්ද උස්සන් එයි...,1,sinhala
ඔයා නං හෙන ගොං අප්ප. මෝඩ කමෙන්ට්සමයි දාන්නෙ. මම වයස හංගන කෙනෙක් නෙමේ කොහොමත්. ඒකනෙ 27 යි කියල දාල තියෙන්නෙ.,1,sinhala
වට් ද පක් අයිසෙ #මාමයිට්විරෝදීසංගමය,1,sinhala
හුජ්ජ කොල්ලෙක් ඇවිත් මොනවා කරන්නද? හුජ්ජ කොල්ලා බංකොලොත් දේශපාලකයන්ගේ රුකඩයක් විය නොහැකිද? Udaya wickramarathna · 8 Apr 2021 උවිදු උගතෙක් වුනත් බුද්ධිය මුහුකුරා නොයාම හේතුවෙන් දූෂිත නාටකයක ප්‍රධාන චරිතයක් ලබාගෙන මේ දිනවල නාට්‍යයට අවශ්‍ය location බැලීමට හිරු දෙරණ සමගින් තැනින් තැන යන්නේ කාගේ අරමුණ වෙනුවෙන්ද කියලා ඕනම මෝඩයෙකුට තේරුනත් උවිදු තේරුම් ගන්න කොට නැව ගොඩකි දුර ගිහිල්ලා ඉවරයි උවිදු!,1,sinhala
අඩො.. බර්ත්ඩේ එක දවසේ පු* පලාගන්න ආසද :v,1,sinhala
"එයා සතුටින් ඉන්නකොට මට කියන්නේ පැටියා , චූටි මැනික , බබා කියලා මල පැන්නම බල්ලා , අවලමා , වනචරයා කියනවා #චුන්කි",0,sinhala
කෙට්ටු යුවතියන් පුක වඩාත් පුරවා ඇදුම් ඇන්ද කල එය..තක්කලි ගහේ වට්ටක්කා පලදැරූ සේ කදිමෙට දිස්වේ..,1,sinhala
නිතර මල් කඩන කෑල්ල ඔබට වදයක්ද? වහාම ඔබ ඇයට ඉන්ටනෙට් යන්නට හුරු කර ඉන්ටනෙට් යෑමට කාඩ් ලබා දෙන්න.. ඔබට ඇති කරදර සැනින් අඩු වේ..,0,sinhala
අගමැතිගෙ &#8216;අයිසෙ&#8217; කතාව (හඬ පටය) URL #ayise #prime_minister,1,sinhala
ඔවුන් සාදාකාලික සිරකරුවන් වෙති ශ්‍රිලංකා දිපයේ... හොර පාස්පොට් හදල රටත් කාපු අවජාතක හැත්ත කියද්දි සමහරුන්ට රිදෙනව අැයිද දන්නැ,1,sinhala
පල පල..උඹ හැරෙනකොට මට කියම්න පුලිවන්... ඕන්නම් DNA ටෙස්ට් එකක් කර්මුඩ ඈ?,0,sinhala
තෝ ටූ හරකා,1,sinhala
පන්සලේ ඉදපු අලි පැටිය නිසා හාමුදුරුවෝ හිරේ දාද්දි ඔය චක්‍රලේක කොහේද දන්නෙඅ නෑ. ආගම අදහද්දි බෝම්බ ගහනකොට එහෙම මොන චක්‍රලේකද නෙ,0,sinhala
"තොට යකු ගෑනි ගහනවා නම්..රෙදි ටිකයි පොඩි උන් දෙන්නයි වඩාගෙන අම්මලාගේ ගෙදර පලයන් ...පස්සේ ඕකිට රෙදි හෝදන්න, බත් තම්බන්න එකෙක් නැති උන ගමන්..ඕකි ඕකි උබලගේ අම්මලාගේ ගෙදර එනවා ශේප් වෙන්න උබත් එක... — feeling පවුල් ප්‍රශ්න විසදමින්",0,sinhala
තන් දෙක කිම්බ සුදුවට ඇතිනේ මැනික,1,sinhala
මෙච්චර වටින අතක් කුස්සියෙ එල්ලන්න මොංගල්ද ඩාලින්,0,sinhala
දක්සයාට උඩ යන්න දෙන්නෑ මේ වල් හැත්ත. වලටම තමා යවන්න හදන්නේ. ඔයා දුක් වෙන්න එප සුප්පයියේ,0,sinhala
යන්නෙ ගෙදරක් තියද ඉන්න රටක් නැති කොට... නොදකින් පකිස් බූරුවා.. Ada Derana Sinhala · 1 Nov 2019 හැමදාම මට බැනලා ගෙදර යන්න පුළුවන් සමාජයක් අද තියෙනවා-අගමැති වැඩි විස්තර - URL,1,sinhala
අනාගතය අදයි හුකාපන් ඩයලොග් ඩේටා තියන් කුනු හැත්ත,1,sinhala
"පසුගියදා, ඇල්ල-වැල්ලවාය පාරේ ඇල්ල නඟරය හරහා ආවෙමි. පාර දිගේ පවා පුළුටු ගඳ හමා ආ අතර දැවුණු සහ දැවෙන වනාන්තර කොටස් දුටුවෙමි. ඇල්ල නඟරය ආසන්නයට ගින්න පැතිර තිබුණේ/අප්‍රසන්න දුම් ගඳ හැමුවේ නැත. ""තව හුජ්ජ දමාන්"" බෝම්බ ප්‍රහාරයෙන් පසුව ඇල්ලෙන් වඳ වූ සුද්දන් තුන් හතර දෙනෙක් දුටුවෙමි.",1,sinhala
උඹලා එකතුවෙලා කරන ලද නාට්‍යක් ඕක..,0,sinhala
උබේ බඩුව එක්ක වැඩ ඉවර ද,1,sinhala
අපිට කවුරුත් ගල ගහන්නෙ නෑ තවම කාන්චනා,0,sinhala
ඇයි බොල වස්සෙ ඕලෙවල් වයසෙ ඉස්කෝලෙ යන එකෙක් වගේ කුණුහරප කියන්නෙ? කුණුහරප මැජික්ද තොට? ඔව් මගෙ අම්මා වේසි. තාත්තා පොන්නයා. යකෝ ඔය වචන වල බරක් නෑ. කුණුහරප වලට බරක් එන්නෙ මිනිස්සු ඒවා අහලා කිපෙනව නම්. කුණුහරප පඩේකට ගනන් නොගන්න මම වගේ එකෙක්ට ඕවයෙ සතපහක බරක්නෑ. උඹ බබෙක්ද බං?,1,sinhala
අපිට තාක්ශණය එපා.. අවුරුදු 2500ක ඉතිහාසය ඇති.,0,sinhala
විපක්ෂයේ සිටියා නම් ඩොලර් අච්චු ගහලා හරි කරනවා ........,0,sinhala
මෙිි පාර හැදුවෙ ගමෙිි මිනිසුන්ගේ පහසුව තකා මිස තැන් තැන් වල ඉන්න කාලකනින්ට ගිහිල්ලා පිස්සු කෙලින්න නෙමෙිි.,1,sinhala
නමක් එනව කටට එක්කො ඕන්නෑ,0,sinhala
පිස්සා කීවෙ ජෙනීටද සෙදෝ,0,sinhala
මේ වේස පකයො රැස්වීම් තියන්න රතිඤ්ඤා පත්තු කරනවා.සත්තු පණ බයෙ දුවනවා.නද්දකින් ගොන් පක්කු.!,1,sinhala
මේ ගෙදර මිනිස්සුන්ට නම් පිස්සු ... හැමදේම ඉවර වෙන්නේ රන්ඩුවකින් ... අන්තිමට වැරදි කාරයා කාමරේට වෙලා හිටිය මං,0,sinhala
ආදරේ කිරීම සාපේක්ෂයි. තමන්ට පුහු මෝඩ දෙයක් කියලා පේන දෙයක් තව කෙනෙක්ට ලෝකයක් වෙන්න පුළුවන්. ඒ වගේමයි ඉතින් අනිත් පැත්තත්. ඒ නිසා ඉතින් අනිත් මිනිස්සුන්ගේ මත වලින් කාටවත් හානියක් වෙන්නේ නැත්තන් ඒවා ගැන බොරුවට වද වෙන එක තේරුමක් නෑ.,0,sinhala
ඔබමයි ආවේ ඔබමයි යන්නේ මා එතැනම එහෙමයි....... . . . . . . . . . . ඇයි බන් උඹත් මට කුඩම්මගෙ සැලකිලි දාන්නේ.. . . . . . . . . . . නින්ද මාව මිනීමරුවෙක් කරගන්නැතුව මගෙ ලඟ ට වරෙන් යකෝ....ව් #නිදිමත_වාංගා_ප්‍රස්න_පෝංගා,0,sinhala
උඹ නිකන් තෙත් කරා වගේ කියන්නෙ. උබනේ යකෝ තෙත් කරගෙන ආවෙ,1,sinhala
ටහුඩු යකෝ මම story නෙ දාලා තිබ්බෙ.,0,sinhala
අනේ පලයන් කෙල්ලේ යන්න.. අපි මේ බුද්ධිමත් ලැජ්ජා බයට හැදිච්ච කොල්ලෝ,0,sinhala
"මම ට්විටරේ සොමියට බුරන දෙමුහුන් නමක් තියෙන අවජාතක පැටවුන්ට මුහුණ දෙන්න කැමති නෑ පරංගියා පිණට දුන්නු නමක් එල්ලගෙන, බොරුවට සිංහලකම ගැන කයිය ගහන හැතිකරේ ගැන අපි හොදාකාරවම දනිමු සිංහලේ කියා හඩාවැටෙන වැඩිදෙනා ගොවිගමේ නොවන එවුන්. උන්ට රටේ ජනපති, අගමැති, දියවඩන නිළමේ පදවි දෙන්නෑ... පව්",0,sinhala
ඔස්ට්‍රේලියානු වෙරල තීරයේදී ඉන්දියානු නෞකාවක් සමග කේරල ගංජා කිලෝ 5ක් හුවමාරු කරගනිමින් සිටියදී පොලොන්නරුවේ මහපොළොව පසාරු කරගෙන ආ ම්නිසෙකු හට හසුවී ඇත.,0,sinhala
අනේ තෝ පලයන් යකෝ යන්න - මීට සිරිසේන,1,sinhala
ඇත්ත. ගොඩක් අයට මාරු වෙන්න අමාරු වෙන තැනක්. ලංකාවෙ හොද ඩිවලපර්ලා ගොඩක් ඉන්නව .net වල හිරවෙලා. එයාලට තවම .netCore එකටවත් මාරු වෙන්න බැරිව ඉන්නෙ linux ගැන තියෙන බය.,0,sinhala
"ඇත්ත. මම ඔය කියලා තියෙන්නෙ Pamac GUI ඇප් එක ගැන. Pamac CLI එක පට්ට. හැබැයි මේකෙ මම නිකමට හරි කිව්වා නම් CLI එකක් තියෙනවා ඒක ලේසී කියලා, අපේ වින්ඩෝස් ඔස්තාර්ලා අහනවා. ""හඥේ ඇප් එකක් ඉන්ස්ටෝල් කරන්නත් CLI ඕනද? ඒකෙ කොහෙද යූසර් ෆ්‍රෙන්ඩ්ලි වෙන්නෙ"" අපිනෙ දන්නෙ ඒකෙ පහසුව.",0,sinhala
හිත පාට කරනව ද හිත උඩ ඇවිදිනව ද කියන්න දන්නෙ නෑ. ඒත් උඹ මාව විනාශ කරන්න හදන්නෙ තනිකම. Plz මාව දාල පලයන්,0,sinhala
කරුණාවෙන් සලකන්න. එක එක වේසිගෙ පුතාලට ඕන විදිහට ට්වීට් කරන්නෙ නෑ පකෝ. ඒකට තෝ ඔනෙ නං සල්ලි දීල කුලියට අකවුන්ට් එකක් ගනින් පොන්නය. ස්තුතියි,1,sinhala
පොදුජන පෙරමුණේ අපෙක්ෂකයාට සහයෝගය දෙන අයට ගෝඨාභයගේ පුරවැසි භාවය ගැටළුවක් නොවේනම් අන්අය ප්‍රශ්නයක් කරගන්නේ කුමටද ?,0,sinhala
මුංව අල්ලන්ඩ එපා කියනව නෙමෙයි. මේ හාල්මැස්සො අල්ලන දැලට අර්ජුන් මහේන්ද්‍රන් වගේ මෝරු අහුවෙන්නෙ නැති එකයි පුදුමෙ !,0,sinhala
"මෙලෝ රහක් නෑ, පට්ට බෝරින්, දවසම ලැප්ටොප් මගුල බදාගෙන, කියන මගුල තේරෙන්නෙනෑ, එපා කරපු උදව් ඉල්ලන්නෙ Captain America ✪ · 14 Sep 2019 අපිට කෙල්ලෙක් නැති වීමට හේතු - ඉංග්‍රීසි බෑ - සල්ලි නෑ - ලස්සන නෑ - වැකේෂන් එකට ලංකාවට එන්නේ නෑ ලංකාවෙමයි ඉන්නේ - සික්ස් පැක්ස් නෑ - වාහන නෑ - පුසෝන්ට ආදරේ නෑ කොනේ ඉන්නේ දැන්",0,sinhala
ඉස්සෙල්ලා හකීම් බදුර්දීන් පාස්කු ප්‍රහාරයට සම්බන්දයිද කියල ඔප්පු කර පෙන්නන්න. ඔට්ටුයි බෑ.,0,sinhala
පවුල් ආරවුල් ඇතිකරන්නද හදන්නෙ බොල,0,sinhala
රට වටේම අනුන් හදන්න යනවා..ගෑනුලමයි ඉස්සරහ බිජ්ජ වගේ නරක වචන එලියට නොදා ඉන්න තරං වත් හැදියාවක් නෑ.. .අං දුන්නට තිස්සට තොට මොලේ දෙන්න බෑනෙ..,1,sinhala
පයිය කපන්නෙ කොයි හැඩේටද?,1,sinhala
මං සූදු කෙලියේ නෑ බලං හිටියා විතරයි,0,sinhala
වාසිටියෙ එවුන්ගේ වයිබර් ගෲප් එකක් කියලා එකක් තියනවා.. ඒ මගුලෙ එවන්නේම අරක්කු බොන රෙද්දවල්මයි.. නොදකින්.. බිව්වෙ නැත්නම් සමාජෙට මූණ දෙන්න බෑ කියපු එවුන්නෙ ඉතින්..,0,sinhala
පර බල්ලො රටම එපා කියද්දි තො කොහමද යකෝ බලෙන් ඒක්ටා මෙ රට උබේ අම්මගේ ද ? URL,1,sinhala
වැදගත් මිනිසුන් ගේ චරිත ඝාතනය කරපු ප්‍රසිද්ධ පුද්ගලයන් ගේ පෞද්ගලික ජිවිත විනාශ කරපු බෞද්ධ හික්සුන්ට අපහාස කරපු නඩු තින්දු වලට බලපැම් කරපු පාදඩ දෙසපලනෙයේ යෙදුණු ජනතාවට බොරු සමජගත කරපු මඩ ජඩ පුක්මන්ත හිරේ දපු උත්තරීතර ස්වාධීන අඨිකරනයට මගේ හද පිරි ප්‍රනමය,1,sinhala
කහ වලට මිනිස් ශරිරයට අහිතකර දේ අන්තර්ගත විය තිබෙද.එසේ නොතිබුනා නම් එය විනාශ කලේ ඇයි.සතොසට දිමට තිබුනා නේද.,0,sinhala
වවලා තියෙන්නෙ ඩාලින් තාම මාස 3ක්වත් නැ,0,sinhala
වගකීමක් නැති වක්කඩ කටට හිරුණිකාට මිලි 500ක වන්දියක්! URL #SriLanka #LKA,0,sinhala
දේශපාලඥනයාට තිබෙන සුපිරි බලතල කෑල්ලෙන් කෑල්ල අහෝසි කරලා දේශපාලඥයා කියන පුද්ගලයා මහජන නියෝජිතයෙක් බවට පත් කළ යුතු... URL,0,sinhala
ඔක තේරෙන්නේ නෑ අපේ උන්ට. ඇත්තටම උනේ උන් අවජාතක ළමයව බාරගත්තා. අපේ පාලකයෝ උඩ පැනලා ලියලා දුන්නා මොකද ඒ ළමයා උන්ගේ නිසා. අපේ උන් ඉතින් හිතන් ඉන්නවා අරුන් උඩින් ඇවිත් ගහලා ගියා කියලා.,1,sinhala
මොකද්ද ඕයි කියවන්නේ තවත් උබලා කතාකරන්නවත් දන්නේ නෑ මනුස්සයෙක්ට... ඊට පස්සෙ අපි මොකක් බරි කිව්වම අර බඩුව කෝට් කරලා ඒක මොන ආතල්ද ඕයි මේවා... ඔය සිප්පි කෑල්ලත් අරන් පලයන්,1,sinhala
"""උඹේ අම්මාට හුකාපන් හුත්තෝ"" - චමිඳු, වේස කල්ලිය.",1,sinhala
අනේ අම්මපා යකෝ Tharisha උඹේ ඔය Programming මොලේ මම දවස් තුනක් විතර ජාවා දාගෙන දගලද්දී ඇලේ දාලාද යකෝ තිබුනේ. -_-... URL,0,sinhala
"රට වෙනුවෙන් බැරි නම් අඩුම ගානේ තමන් වෙනුවෙන්, තමන්ගේ ජීවිතය වෙනුවෙන්, තමන්ගේ ගෑණි වෙනුවෙන්, තමන්ගේ මිනිහා... URL",0,sinhala
6වසරෙදි කොටහලුවුන ශිරෝමිගෙ තන් දෙක එයින් මාස ගානකට විතර පස්සෙ සංගීත කාමරේදි මොන වගේද කියල අතගාල බලද්දි මාට්ටුවුනා ගණන් ටීචට. එයා මගෙ නැන්ද. එදා මගෙ පුකේ හම වේවැලට ගත්ත නැන්ද ඒ ලෙවල් කරල ගෙදර ඉන්න කාලෙ නැන්දගෙ ගෙදරදිම නෑනගෙ තන්දෙක අතගාල බලද්දිත් අහුවුනාම මොකුත් කිවුවෙ නෑ.,1,sinhala
හොක්ක තලන්නෙ හොක්ක හරිද දැනගනින් නවක පොන්නයා හිඟන බැල්ලිගෙ එකා පලයන් දැන් පුක වලලාගෙන මැරියන්,1,sinhala
"යුද්දෙ කාලේ කලිසමේ හුජ්ජ පෙරාගත්ත..., දැන් නන්දිකඩාල්වල පුභාකරනගේ ශුකානු හොයාගන්න ඛැරි වුන එක ගැන දුක්වෙන, ඌට... URL",1,sinhala
එහෙනං යාලුවෙ ගෙදරින් පිට ගියොත් හදිස්සියකට හුජ්ජ පාරක් දාන්න වෙන්නෙ පාරේ ඉන්දියන් කාරයො වගේ,0,sinhala
""" රටක් සංවර්ධනය කරද්දි මේ වගේ කැපකීරිම් කරන්න සිදුවෙනවා "" වගේ හෙන දාර්ෂණික ටෝක් සහිත පෝස්ට් බයියන් තුලින් වැටීමට නියමිතයි ! Prasad Welikumbura · 17 Jul 2020 This building demolished for expanding the road is King 2nd Buwanekabahu's King's Court which believed to be constructed in the 13th century. So much for protecting our heritage. #lka #SriLanka #Archaeology #History #Development",0,sinhala
අපෝ හුත්ත අර වඳුරට දැලි පිහිය අහු උනා වගේ නේ යකෝ මේ හුකන්නලට Calls ගන්න Feature එක දීලා. මල වදේ දැන් Calls එනවා... URL,1,sinhala
"ලංකාවේ දිණමිනවත් කියවන්නේ නැති ගොබ්බයෝ පුවත් පතේ පලවුනු ලිපියක් අල්ලගෙන මහින්ද කියන මුව හමට තඩි බෑවට ,ඇමරිකානු ජනාධිපති New York Times පත්තරේ රෙදි ගලවපු හැටි! බලන්න වීඩියෝ--> URL #lka #srilanka #colombo",1,sinhala
වෙන්න පුලුවන් හුකන්න බැරි එකට හුකවන්න ලන්කාවෙ උන් පට්ට දක්ශයි,1,sinhala
මුන්ට ගෙදරට වෙලා ඉන්න බැනෙ අපරාදෙ ඇදිරි නිතිය දැම්මෙ ඉට වඩා හොදයි නිකන් හිටියනම්,0,sinhala
අනිවා බඩුව පරණ උනත් සුපිරියට තාම වැඩ..,0,sinhala
විල්පත්තුව එලි කරනවා. එක පොලිසියේ එකෙක්ට ඒක පෙනෙන් නෑ.. ජනාධිපතිය බිජ්ජක් නැති අගමැති එක්ක එකතු වෙලා පුකක් අල්ලන් දඟලනවා... මේක හරිම පුදුම රටක් අයිසෙ.. URL,1,sinhala
රනවිරුවො නාටිිටාමිලා කරලා විපක්ෂයේ උන් මර ලතොනි දෙයි TV වල.,0,sinhala
"Reply එකකටම බලන්නේ නැතුව මැදින් පැනලා රිප්ලයි කරහම,මටම මොකක්ද මම ඒ කර ගොන් වැඩේ කියලා හිතෙනවා",0,sinhala
අව්ලක් නැතුව හරියට කරපු කෙනා අම්මෝ ඉතින් අපේ රටේ උන්ටම හොඳයි මේවා,0,sinhala
බිජ්ජ එළියේ දාගෙන යන්නේ මානසික ලෙඩ්ඩු හැබැයි අපි පොඩි කාලේ ගොයියෝ අමූඩේ ගැහූව්වා. දැන් ඉන්න උන් නෂ්ට නාමෙන් පෙලෙන නිසා ගලක් දැක්කමත් trigger වෙනවා. රෙද්ද උස්සන ගෑණිගෙත් photoගන්න සාමාජයක්,1,sinhala
කව්ද හුත්තෝ මගෙ නම අසිත කියලා ට්විටරේ උන්ට කියපු වල් පරයා,1,sinhala
", බුදු අම්මෝ! #බැල්ලි වාහනයක් හප්පලා නේද? මේ #බැල්ලි වාහනේ හප්පනකම්, මේවා ලංකාවේ කවදාවත් වෙච්ච දේවල් නෙවෙයී! මේවා මිනියක් මරනවා වාගේ හදිස්සි අනතුරු නෙවෙයී. #බැල්ලියෝ තමයී ඔහොම දේ කරන්නේ. #බැල්ලිගේ මදන කුලප්පුව තමයී, නැත්තම් අපේ රටේ පාරවල් වල කවදාවත් වාහන හැප්පෙනවද?",1,sinhala
බදින්න කලින් - ස්වීටි ඩාලින් දෙනව තොත්තුවක්.. බැන්දට පස්සෙ - වරෙන්කො ගෙදර දෙන්නන් තොට බාල්දියෙන්.. මේවට තමා ඉල්ලන් කනවා කියන්නෙ ඕයි. #මේකඇත්තක් 𝙳.𝙺𝚊𝚟𝚎𝚎𝚜𝚑𝚊 · 19 Sep 2021 හ්හ්හ් අම්මෝ නේද....,0,sinhala
96.1 FM or 96.3 FM Island wide. --------------------------------------- මනම්පිටියේදී දැවැන්ත පිඹුරෙකුගේ කටට... URL,0,sinhala
උඹ කියනවනම් ඉල්ලන්නෙ නැතුව ඉන්නම්.. හැබැයි බුද්ධිය කියන එක මැනිය හැකි දෙයක් නෙවෙයි කියල තේරුම් ගනින් :),0,sinhala
ඇමති සුසිල්ගේ පුතා පට්ට හොරෙක්.. බාල තෙල් ගෙන්වා කෝටි ගණන් ගැහුවා.. සුසලන් ආණ්ඩුවේ ඉන්නේ හොරකම් බේරාගන්නයි...-... URL,1,sinhala
බලු වැඩ කලාම බැල්ලි වෙන එක අහන්නත් දෙයක්යැ ? බලු වැඩ කරන්නේ බැල්ලියෝ තමා !!!,1,sinhala
නෑ මූ වේස වැඩවලට යොදාගත්ත නිසා.,1,sinhala
"මිනිස්සු බය කරල ගොං ආතල් දීල දැන් මූ කියන කතාව. මුගේ කටට රෙන්න එපයි. Hari Gossip News · 7 Aug 2021 මුට්ටි, පැණි පස්සේ ගිය වෙලේ එන්නත් ගෙනාවා නම් මෙහෙම වෙන්නෑ... මේ මරණවල වගකීම ආණ්ඩුව බාරගත යුතුයි - සජිත් URL",1,sinhala
යකෝ මේ පැය විසි හතරට නානෙව අමතක වුනාද? ඌ තාම ඇතුලෙ යකූ. කෝ අපේ බහුජ්ජයො?,1,sinhala
"අම්මප අද ""ආලේ"" බලන්න යන්න ඉන්නකොට උදේ ඉඳන් වහින්න වගේ තිබිල weather app එකෙත් ධාරානිපාත වරුසා පෙන්නපු නිසා නොයා හිටියාම මෙන්න වහින්නෙ නෑ කියපංකො... රෙද්ද.. අපි ගියානං හොම්බෙන් යන්න වහීවි",0,sinhala
කියන්නෙ නං අඩෝ අපිට ගෑනු කරදර නෑනේ..කොල්ලො තමා ජීවිතේ කියල ..සක්කිලි වැඩ කරන්න එපා බන් කොල්ලන්ට,1,sinhala
Wrestlemania එක කොච්චර චාටර් උනත් මේක ආයෙත් බලන්න මම නම් දෙපාරක් හිතන්නෑ ^_^ ඔව් ඔව් යකෝ මේ දැනුත් බලන ගමන් තමා 󾌴... URL,0,sinhala
"ඩී.ඒ.රාජපක්ෂ පිලිරැව සෑදීම හිරේ දාන්න තරම් වරදක්නම් ඩඩ්ලි ඩී එස්, ජේ ආර්, බංඩාරනායක, ඇන් එම්, ආර් පේමදාස,හොරගොල්ල සමාධ්ය කදිරගාමර් මෙකී නොකී පිලිම ගැනත් පරීක්ෂන පවත්වා ඒ සෑදූ අයටත් පොදු දේපල නඩු නැත්තේ ඇයි. මේව විහිලු. වෛරයට කරන මෝඩ වැඩ.බොහෝ දුරට කරන අයට ඉදිරියේදී සම්මාන ලැබෙයි.",0,sinhala
හම්මා පට්ට යකෝ මේක 󾌧 බැලුවද? මේකේ ඉන්න චූටි කෙල්ල හෙන cute ඕයි 󾌳 — watching Oculus,0,sinhala
වෙන හරියන බෝතල් මට හම්බවෙලා නෑ ඒකෙ කටට බැලුම සෙට් වෙනවා ගානට :-D,0,sinhala
කුසල් ඇයි යකෝ තෝ ඔහොම නෙද්දකින්,1,sinhala
විල්පත්තුවට කෙලින්න පටන් ගත්තෙ මහින්දගෙ කාලෙ කියන උන්ම තමයි මහා බැන්කුවට කෙලින්න පටන් ගත්තෙ මහින්දගෙ කාලෙ කියල ඒ මගඩිය සධාරණී කලෙ නිවට පිම්පියො තූ ! නොදකින් මේවා කවද හරි කොහෙන් හරි නතර කරන්න ඔනෙ නැද්ද් ???? — feeling shame,1,sinhala
හරීන් ~ තෝ මගේ කොල්ලාගේ පුකට ටච් කලා නේද? මං තෝව මරනවා ( පෙම් පලහිලව්වක් ඈ ),1,sinhala
"පවු හිතින් කරුමයක් ගෙවන්නේ, මනුස්සයෙක් විදියට විරුද්ධ වියයුතු අතර ඕකුන්ට උඩගෙඩි දෙන්න නරකයි, අාගම උනත් ගානකට තියාගන්න ඕනේ, වැඩිය ඔලුවට දාගත්තනම් පිස්සු තමයි",0,sinhala
හුකනවා හුත්තෝ අපි දිනුවා පකෝ මට බැ හුත්තො .......,1,sinhala
වාසනා එමෙ නැත්තං චේතනා බඩුව කියලද උඹ කියන්නෙ ?,1,sinhala
උඹේ සතුට උඹ හොයාගෙන යනකොට මගේ සතුට උඹ වෙනුවෙන් කැපකරනකොට උඹේ ජීවීතේ ආසම අය ලං වෙනකොට මගේ ජීවිතේ ආසම කෙනත් මගහැරෙනකොට උඹේ ජීවිතේ උඹ සතුටු වෙනකොට මම උඹේ සතුට දැකලා හිනා වෙනකොට මම දැනගත්තා උඹේ ජීවිතේ මට තිබ්බ තැන ගැන #ආදරේ #පරිත්‍යාගය,0,sinhala
දෙමළ බෙදුම්වාදීන්ගේ $ වලට රටපාවාදෙන මුසලයා ලියුදේ කවුරුත් දැනගත යුතුමයි URL #lka #sriLanka #Galle,1,sinhala
සිරිසෙනගේ සෙට් එක ගෝඨාට ජනාධිපති සටනට පමනක් සහායොගය දෙන්න ආපු එක හම්මො හෙණ චාටර් වැඩක් TNA සෙට් එකයි බදුර්දින් ලා සජිත් ට සහයොගය දෙන්න ආපු එක ශාශා නියමයි රටට ආදරෙ මිනිස්සු එකතු උනා සජිත් ට ජයවේවා අනේ යකො තොපි හරි බන් එල,1,sinhala
අනේ උඹෙ අම්මට හුකාපං පොන්න වේසිගේ පුතා. තෝ කිව්වෙ කරේ ඒ වගේ දේවල්ද පොන්න වේසිගෙ පුතෝ. රට පාවලා දීපු කැරි බල්ලා. තෝ මාතර වෙච්ච එකයි පකෝ අපිට දුක.,1,sinhala
සිරාවට බං හිතගියොත් ඒක්කෝ ඒකි බැදලා නැත්තන් ඒකි අක්ක කෙනෙක් එහෙමත් නැත්තන් අඩු වයසෙන් චකබ්ලාස්ට් වෙලා -_-,0,sinhala
ඒක ඇත්ත. උබ ගෙදර ඉදලා ගෑණි උයන කෑම වලට මිරිස් කුඩු දාපං.. • NaVe∃n MaYanThA · 25 Jan 2020,0,sinhala
නෑ... අපේ ලොක්කො හෙන පතෝල.. කිසිම දෙයක් ස්ථාවර ව කියන්නෙ නෑ,1,sinhala
ඇයි බොල මේ කොටු කොටු... නිකන් ජැපනීස් ෆිල්ම් එකක් වගේ,0,sinhala
මට කිසිම කෙනෙක් කැතට පේන්නේ නෑ. උන්ගේ ඇදයක්වත් අඩුපාඩුවක්වත් පේන්නේ නෑ. ඒ නිසා ගොඩක් උන්ට මගේ බාහිර ස්වරූපේ හෙන අවුල්.,0,sinhala
කොහේ තියෙන වචනද යකෝ මේ тнαяιη∂υ ツ · 16 Sep 2017 නෙදකින් සබන් බෝල වේසාවා,1,sinhala
එහෙමයි පුරෝහිත...රජවරැ සිටුවරැ ඔක්කොගෙම දැන් රෙද්ද පල්ලෙන් බේරෙන්න වැදිලා ඉන්නෙ..,1,sinhala
මැරියං තෝ ලබ්බා,1,sinhala
ඔන්න ඉසුරු ( ) යාළුවෙලා ඉන්න කෙල්ලව ගෙදරට පෙන්නන්න එක්කන් ගියාලු. ඉසුරු : අම්මෙ මේ මං යාළු වෙලා ඉන්න ගෑල්ලමය. අම්ම : තමුසෙට මීට වඩා හොඳ කෙනෙක් හිටියෙම නැද්ද හොයා ගන්න ? ඉසුරු : එ්ත් අම්මෙ මං මෙයාට අාදරෙයි. අම්ම : උඹ පැත්තකට පලයං මං කතා කරේ මේ දුවත් එක්ක. -නිමි-,0,sinhala
එහෙනම් පුක රතු මල් මාලුවා,0,sinhala
බලේ තියෙන කොට මොළේ නෑ. මොළේ තියෙන කොට බලේ නෑ,0,sinhala
"ඔව් මෝඩ වැඩක් කියන්න පුළුවන්.හැබැයි ගිනි ගොඩක ඉන්න එකෙක් ගින්නෙන් බේරිලා වේදනා විඳිනවට වඩා හොඳයි ගින්නෙන් බේරිලා වහ බොන එක.ඒ නිසා මැරෙන උන්ට මෝඩයෝ,හරක්,අනේ උගේ මොළේ වගේ පොරකතා කියන්න එපා.මොකද තමන්‍ට වුණාම ඒක දරාගන්න ක්‍රම හොයනකොට ඔබටත් එහෙම හිතෙයි.",0,sinhala
පිලිකා රොහලේ අයට තැබිලි දන්සලක් දුන්න ගැනු ළමයි කට්ටියකගේ ෆොටොස් අරන් අමන පොස්ට් හද කාලකණ්ණියෙක් දැක්කා...නොදකින්...මුන්..කෙල්ලෙක්ගේ ඇදුමක වතුර ටිකක් ගැවුනත් කුණුහරප...,1,sinhala
අපිට නම් චන්ද හිඟමනේ යන බල්ලන් ගැන වැඩක් නැහැ,0,sinhala
ඔය දෙකෙන් එකක් ජනපති මැදුර පැත්තට හරවන්න බැරිවෙයි ද..???,0,sinhala
සහතික ඇත්ත මූත් මෝඩ චූන් දෙන්න පටන්ගෙන. URL,0,sinhala
ඉක්මනට නඩු අහන්නෙ නැතිව සැකකරුවන් මාසගණන්/අවුරුදු ගණන් රිමාන්ඩ්\කරන එක යහපලනයද ? #SriLanka,0,sinhala
ජනතාව ගැන බලන්න ඉන්න ජනමාධ්‍යත් ජනතාවට එපා වුනාම ඉතින් ඊළඟට මොනවයින් මොනව වෙයිද කියලයි හිතාගන්න අමාරු.,0,sinhala
දැවෙන ප්‍රස්න යකෝ දැවෙන ප්‍රස්න.. Page: Agalawatta Api - අගලවත්ත අපි URL,0,sinhala
තෝ මහ කරුමයක්,1,sinhala
අලි ජීවත්වෙන ප්‍රදේශවලට මිනිස්සු ගිහිල්ලා මිනිස්සු ඉන්න පැත්තට අලි ඇවිත් නෙමෙයි ඒකයි ගැටලුව,0,sinhala
බැංකු හොරකමටත් සහතික ඇති,0,sinhala
ඌ තමයි ඒලෙවෙල් පිසික්ස් පේපර් එක හදන්නෙ.. බුවා හැම පේපර් එකකටම විවරණයක් ලියනව පොතක් කොහොමද පේපර් එක කරන්නෙ කියල.. ඒකෙ කියනව කොහොමද එ ගාන හදන්නෙ කියල.. අමාරු ගානක් හදල හදල බැරිඋනාම පොත බැලුවම තියෙන්නෙ මෙහෙම,0,sinhala
මෙහි ගල යනුවෙන් අදහස් කරන්නේ කුමක්ද ? නිවැරදි පිළිතුර ලබා දී වටිනා මිරිස් ගලක් දිනාගන්න 𝗦𝗮𝗻𝗱𝘂𝗻 · 9 Jan 2020 ගෑණිගේ ගල විකුණලා සල්ලි හොයන උන් නම් ඊයා,1,sinhala
කට යකෝ! කට!!,0,sinhala
"අනෙ අම්මපා! කොයි කලේ ගත්‍ත පින්තූරයක්දැ මේ? #පයෝරොටිය #රෙද්ද #වට්_ඊස්_ගංවතුර? Azzam Ameen · 29 May 2017 Posters were seen in Colombo city, wishing Health Minister Rajitha Senaratne for his birthday #Politics #Priorities",0,sinhala
වැස්ස සීතල මතක උඹ.. #witch,0,sinhala
යනකොට සීතලට පපුව අස්සෙ ඩන්හීල් දුම මතකෙට එන්නෙ පලවෙනි පඩියෙන් මං උඹට ගෙනාපු හයිහීල් දෙක දාගෙන ඒ දෙක පෑගුවනන් එදා මගෙ පක හිතත් එක්කම ගතත් මැරිලා අද තුන්මාසෙ බණ,1,sinhala
අලුතෙන් ජනාධිපති නීතීඥවරු 25ක් #lka #PC #appoints {රෙද්ද උස්සගෙන ගොන් කතා කියන්න කළිං ව්‍යවස්ථාව කියවපං හොදේ},1,sinhala
- වර්ජනය අසාර්ථක බව කීවොත් හදිසි ප්‍රතිකාරත් නවත්තනවා - හදිසි ප්‍රතිකාර නෙමෙයි පකෝ පුළුවන් නම් ප්‍රයිවට් හොස්පිටල්වලත් වරජනේ කරපියව්,1,sinhala
ටහුඩු පයිතගරස්ගෙ අම්ම ඔයාද,0,sinhala
සුදු රෙද්ද මංගල දවස දා රෑට එලාගෙන සුදු රෙද්දක් යහනට උඹ හොයනවා ගෑනිගේ තියෙනවාද පතිවත උබට මතකද පෙර දවසක මෙවන් කෙල්ලෙක් සතපවා යහනක මුමුනලා පෙම් බස් ඕසෙට රතු කරා සුදු රෙද්දක් හරි අපූරුවට මතක් උනාද උබට අදවත් ඒ කෙල්ල ගැන විදවනවා ඇති ඒකි උබට සාප කර කර |kalinga|,0,sinhala
ඔයි සොනියේ තු මෙරි පාසතු ආජා සොනියේ තු මෙරි ආ පකෝ ;_; ආජා,0,sinhala
................... කවදාද ................... සඳ සැමදා තරු ආවත්......දිලෙන්නේ මල පිපිදා හැම දාමත්....පෙනෙන්නේ ගඟ කිසිදා ගල තිබුනත්......ගලන්නේ නුඹ කවදා පෙම බලවත්.....කරන්නේ,0,sinhala
"* දාන පෝස්ට් වලට පැල් බැදගෙන මයින්,බබා,මැනික,පැටියෝ කියා කොමෙන්ට් දාන් ලොන්තපොල් කිබි සිබා සෙට් එක * අපි මොනා හරි කිව්වොත් පයිය පොඩී /ew disgusting ගාගෙන එන වට්ටි අම්මලා සෙට් එක * අවසානෙට ලීක් කරගෙන අතුරුදහන් වීම.",1,sinhala
කෝ බන් අර ආමි එකේ කොල්ලොන්ට8 පාස් උන් කියපු අලුත් පරපුරේද මොකේද වේසිගෙ පුතාලයි අර වේසිගෙ කෙල්ලයි කටට දෙන්න ඔනේ උන්ගේ,1,sinhala
කැම්‍රියෝ... තෝ ඕවා තියන් ඉන්නවද,1,sinhala
අමා ඊයෙ කිව්ව සින්දුව මොකද්ද ප්‍රෙන්ස්? පලවෙනි වතාවට ඇහුවෙ. ඒක පට්ට.,0,sinhala
මෙවුන්ට මෙචිචර සැප. රට ජිවත්වන අපිට කොයි එවගෙ,0,sinhala
ගොං බල්ලා The following media includes potentially sensitive content. Change settings View,1,sinhala
"ඔය මිනිස්සුන්ට ඉංගිරිසි වත් සිංහල වත් බැරුව නෙමෙයි ඇස් පේන්නෙ කං ඇහෙන්නෙ නැති කල්පනාව නැති බෙඩ් රෙස්ට් කරන්න ඕනෙ ලෙඩ්ඩු. තන්හාවට තමයි ඔය කරුම ගෙවන්නෙ.. එක්කො ඔය සල්ලි වලින් රට රටවල ඇවිදල සැපක් විදින්න ඕනෙ කරුම ගෙවනව ℐ𝓈𝒽𝒶𝓃𝓀𝒶 𝒥𝒶𝓎𝒶𝓈𝒾𝓃ℊ𝒽ℯ · 21 Nov 2021 ඔයාලා එක එක කතා කිව්ව ගම් බයියොන්ට මේව පට්ට කඩ්ඩ... ""බැසිල් දෙයියෝ දෙරණට වැඩලා අර බාගෙට ඉංගිරිස් කතා කොරන ගෑණු ළමයට දෙසුවා දෙසිල්ලක් සුද්දගේ ඉංගිරීසි කැලේ මයෙ අප්පොච්චියේ"" ඔන්න ඔහොමයි දෙරණ නාලිකාව බලන ගමේ #ඇටනමේ බයියො කියන්නේ... twitter.com/ThilinaPrasang…",1,sinhala
ඔයේ රෑ නිදැගත්තේ අද උදේ 10ට විතර නැගිටිනවා කියලා හිතලා උදේ නැගිටින්න හදනකොට තේරැනා අව්වත් පායලා එලියකුත් වැටෙනවා වගේ සහ පාරේ වාහන සද්දත් නෑ කියලා (උදේ 9 - 10 න් පස්සේ වාහන යන්නෑ අපේ පාරේ) ඉතින් මම නැගිටලා වෙලාව බැලුවා නොදකින් 7.11 කියපංකෝ,0,sinhala
"Ubuntu 8.10, Kubuntu, Ubuntu Server ඔක්කොම ගෙන්නගත්තේ එකට ඒ දවස්වල... තාම තියනවා, ස්ටිකර්ස් එක්කම. අපි නාකි මිනිස්සු බන්",0,sinhala
බාර් අයිතිකාරයො දියවන්නාවෙ කස්ටියලු නේද? කන්ස වගාකාරයොත් දියවන්නාවෙම කස්ටිය වෙයිද???,0,sinhala
ඔබේ ජීවිතය අපේ ප්‍රවෘත්ති - අපිට ඔන නම් මකනව,0,sinhala
අවජාතක උගත් කමක් නැති ගොන් හැත්‍ත කවුද කියලා කතාවෙනම පේනවා..unp da පොහොට්ටුවද කියල වැඩක් නෑ..ගොන් කම තිබ්බට ප්‍රදර්ශනය කරන්න එපා..අපි එකෙක්ටවත් නෑ..දෙගොල්ලොම සක්කිලි හැත්ත .. උන්ට කඩේ යන තොපිල ගැන අමුතුවෙන් දෙයක් හිතන්න ඕනා නෑ..,1,sinhala
ඔයාට පිස්සු වගේ දැනෙනවා ද? URL,0,sinhala
උපන් කැත යවන්න බෑ කිව්වවට youcam perfect එකෙන් ඒකත් පුලුවන් බන්..,0,sinhala
"මොනවා වුනත් පොහොට්ටුවොන්ට වඩා සූක්ෂම සෙට් එකක් සජිත් වටේ ඉන්නවා පොහොට්ටුවෝ ශ්‍රී මඛය පට්ට ගහද්දී, පුතාණෝ ප්‍රසිද්ධියෙ සමාව අරං උඩ එනවා ඉරාජ් මාස ගානක් කියවලා ගෑණු ඇඳුනුත් ඇඳලා දාපු වීඩියෝ එක බලද්දී සජිත්ගෙ ඇඩ් ප්ලේ වෙනවා එහෙමයි කියලා ඔය එකකටවත් මගෙ ඡන්දෙ නෑ #lka #PressPollSL",0,sinhala
නිදුකින් ඉනු මැන මට වඩාකල් මගෙ පණත් අරගෙන ඔයා... කිව්වෙ ඉස්සර අනේ හුකේ... දවස ගානෙ විඳවපිය තෝ.... ඩෝං ඩෝං ඩෝං ... URL,1,sinhala
", උබ psychiatrist ව හම්බෙන්න පලයන්, වැව් ගාව ඕව කරන්නෙ පිස්සො යකෝ.",1,sinhala
දැන් ආපු මැසෙජ් එකට රිප්ලයි කරගන්න සල්ලි නැතුව දුක් විදිනවා පෙර කරුම ඕයි මේවා,0,sinhala
අපි දොයි මේක දැක්කොත් ගුඩ් නයිට් කියන් පලයන් හුත්තො . . . . . . . .,1,sinhala
"යකෝ මේක හරි මගුලක්නේ, අම්ම දකින්නෙම මම එක්කෝ ෆෝන් එකේ නැත්තන් කම්පියුටරේ . . . සුවර් මගේ වෙලාවේ ඖල්ක් , එහෙමත් නැත්තන් අම්මගේ වෙලවේ ඖලක්",0,sinhala
"ඔට්ටුයි බෑ ඩී-පෝර්ට්"" කරන්න...",0,sinhala
"අනේ 'ස' සංවර්ධනය කියන්නේ මේකද? මෙතෙක් කල් හිටපු පාලකයෝ කෙලෙව්වේ රටේ මිනිස්සුන්ට. දැන් ඉන්න පාලකයා සත්තුන්ටයි ගහ කොළවලටයිත් කෙලවනවා. එක්කෝ මූට පිස්සු. නැත්නම් පරිසරය එක්ක ජන්මාන්තර වෛරයක් තියෙන්න ඕන. 𝐌𝐨𝐡𝐚𝐦𝐞𝐝 𝐑𝐢𝐳𝐰𝐚𝐧  · 3 Mar 2021 අපි නෙමෙයි, අපේ ඊලග පරම්පරාව!!!",1,sinhala
ඔබේ අදහස් කිම? (කිම්බ නොවේ),0,sinhala
කිම්බ ලී එතකොට..,1,sinhala
ඔය වන සංරක්ෂණේ ඉන්න කාළකන්ණි හැත්ත ගියොත් සතෙක් ඉවරයි. කොහොම හොයාගත්තු එවුන් ටිකක්ද මන්දා මේ ජොබ් එකට. යකෝ උඹල කරන්න දැනගෙනම ඉන්න ඕන දේවල් මේ නැත්නම් මොන කෙංගෙඩියටද වන සංරක්ෂණේ කියන්නෙ උඹලට!,1,sinhala
ඔව්නේ පට්ට පට්ට මත් මේ දැන් ඒ ගැන පොඩ්ඩක් හොයල බැලුවා,0,sinhala
අම්මටසිරි වෙන උසාවි තීන්දු ටිකක් නේ බොල එක පෙළට එන්නෙ.. හාල් පොල් මදි කිරිබත් කන්න... Azzam Ameen · 24 Nov 2020 Pillayan granted bail over murder case URL,0,sinhala
මට අනූව වෛරස් ගාඩ් යනු ශුද්ධ වූ අහවල් බක්කකි.. එය ශුද්ධ වන්නේ ගොනා බැදි කරත්තය මෙන් වින්ඩොස් පසුපස එන්නා වූ අහවල්... URL,0,sinhala
"පාන් කියාගන්න බෑ, කතාව වරායත් අරන් ණයත් ගෙවලා දාලා තව ප්‍රොජෙක්ට් හදන්න සජබත් දැන් ජෝක් එකක් වෙලා පොහොට්ටුවේ පදයටම නටන්න ගිහිල්ලා",0,sinhala
නොදකින් තෝපි දෙන්නා,1,sinhala
පරහැත්ත තොපි කොටි තොපිට පුළුවන්ද අපිව එලවන්න තොගෙ හොම්බ තලනවා මං විල්පත්තුවට නඩු දාපියවු - URL URL,1,sinhala
ඇත්ත විත්ති: මීතොටමුල්ල විනාශය: ඔස්‌තාර්ලාගේ රෙද්ද පල්ලෙන් බේරෙ... URL,1,sinhala
ඔයාල ලෑස්ති නං අපිත් ලෑස්ති පාර අතුගාන්න GIF,0,sinhala
ඌ:මං ගෙදර ආව( msg ) ඈ : කෝ මිනිහෝ ඒ msg එකේ ආදරේ.. ඌ:ආ හරි මගුලක් හැමවෙලේම ඕව කියන්න මට බෑ. ඈ:පාඩුවෙ හිටපු මාට සුදු අම්මි කියල අවුස්සලා දැන් නවතින්න නේද අඩු කඩන්නද පිස්සු පූසගෙ ඌ: අම්මෝ හරි හරි මගෙ සුදු අම්මියෝ යටත් උනා ඈ: ම්...අන්න ඒම උම්මා,0,sinhala
"15 ක විතර සෙනගක් පොලු අරන් මාව වට කරගත්තා! කෝ මල්ලි කෝ? කුඩ්ඩෙක් පැනල යකෝ තොට ඇහුනේ නැද්ද? මම කිව්වා නෑ අයියෙ මම නනා හිටියේ කියල. සිල්වා අයියා ලාවට දැකල ඩයිල් එකක් පහලට බහිනවා, සයිට් එකේ කොල්ලො සෙට් එකට කතා කරල කුඩ්ඩෙක් පැන්නා කියල!...",1,sinhala
තොට දෙයියන්ගෙ හාල් කැවිලද?,1,sinhala
අතීසාරෙට අමුඩේ ගැහුවා වගේ!,0,sinhala
මේ වේස හුකන්නොන්ට ඔහොම වෙලා මදි.. සේවකයො කියන්නෙ තොපේ අත පල්ලෙන් වැටිච්ච උන් නෙමෙයි කියල දැන්වත් තේරුම් ගනිව්..... URL,1,sinhala
පුල්ලි ගොනා ඉස්සරහින්... මන් පිටි පස්සෙන්...,0,sinhala
කල්මුණේ ත්‍රස්තවාදින්ට කුඩුවෙන්න ගහපු අපේ රනවිරුවන්ට තව තවත් ශක්තිය ලැබෙන්න ඔනේ කාලකණ්ණි විදියට අහිංසක මිනිස්සු මරලා දාපු. මේ ත්‍රස්තවාදි කලකාන්නි එලව යව්වට,1,sinhala
මෙිි වගේ අය තමයි ලංකාව වැඩක් නෑ රට පලයන් කියලා පොර talk දෙන්නෙ.,0,sinhala
අසන්ත ද මෙල් උඹ හුකහන් හුත්තෝ.ඩික්වැල්ලව හලලා උපුලා දාන්න බැරි ඇයි. Sri Lanka Cricket · 19 Feb 2020 Sri Lanka ODI Squad for the West Indies Series #SLvWI,1,sinhala
ඒ කියන්නෙ ඇතුලේ අවුල්ද දැන් ටික ටික.. අපොයි...,0,sinhala
#පිස්සා . පිස්සා - අර බලපන් අර පිස්සු යකා මිදුලේ ඔරැ පදිනවා >:O . පිස්සා - එකනේ අපිටත් පල් එකනේ :/ .... URL,1,sinhala
ඔන්න ඔය තිත්ත ඇත්ත අපේ ගොන් වහන්සෙලට තේරෙන්නේ නෑනේ,0,sinhala
"අඩො ලංකාව ආය ගෙදර වරෙන්, අනෙක් මැච් ගහන්න ඔනි නෑ GC · 1 Jun 2019 ශ්‍රී ලංකාව හා නවසීලන්තය අතර තරගය එංගලන්තයේ කාඩීෆ්හීදී.",0,sinhala
"අනිවාර්යෙන්ම දික්වැල්ලගේ පවුලේ කට්ටිය කිරිඇල්ල හම්බවෙලා අඬන්න ඇති, ඒකයි ඔය. හැබැයි අවස්ථාවක් දුන්නට කමක් නෑ. Shohaib Malik, Mohamad Ameer, David Warner, Steve Smith ලාට ආපහු අවස්ථාවක් ඒ රටවල්වල දුන්නනේ.",0,sinhala
අර දේසපාලන කාරයො ටිකත් මියුට් කරල දාන්න ඕන. බිජ්ජ සිබිඩ්ඩෙන් පයින්න කලින් මුංගේ මහ විචාරාත්මක දේශපාලන අහවල් එක. ඒ මදිවට.... නෑ එක්කො ඒ හරිය ඕන නෑ.,0,sinhala
පල ඩෝ යන්න.අපි ඔය පිලිපීන් එවුන් පස්සෙ යන්නෙ නෑ...යකෝ අපි තවම වර්ජින්....පී,1,sinhala
රට ජාතිය ආගමට අපහාස උපහාස කරන අවජාතක පොන්න පරපුරේ රනිල්ගේ චූ කොල්ලෙක්: දිල්හාන් මලිත්/ URL,1,sinhala
ඉස්සර මේකේ සිංහල Tweet දකින්න පට්ට ගේමක් දෙන්න උනා දැන් ඒකට,0,sinhala
හිරැනිකා ඉරාජ්ව පාර්ලිමේන්තුවේදී පතුරැගසයි !!! URL via ඉරාජ් ඔයා job ඉල්ලන් ගියා නේ හොරාට පවු බන් මේ ගෑණි හුස්ම හිර වෙලා මැරෙයි කියලා මන් හිතුවේ. හිරෑ වගේ toiyyan වෙනුවෙන් සුපිරි song එකක් ඕන රිදෙන්න youtube.com හිරැනිකා ඉරාජ්ව පාර්ලිමේන්තුවේදී පතුරැගසයි !!! #NoizeNews #Iraj #News,1,sinhala
මේ පේන්නෙ නැද්ද මේ පිස්සු හුකන්නා. එනකොට හොඳට කියලා දීලා ආවෙ. නිට්ටඹුවේ නිහාල් එක ගාව. අච්චර සෙනග ඉන්න තැන. කාලකන්නියා.,1,sinhala
මේ ගොන් පයියෝ තමන්ගෙම රටේ ජයග්‍රහන හෑල්ලුවට ලක්කරනව..වෙන රටවල් වලට ඕන කරන දේවල් අපේ රටේ හරක්ගේ කටින්ම... URL,1,sinhala
ඇහැට කනට පේන වල් බැල්ලියෝ 3න් දෙනෙක් හදා ගන්න නෑ ගෙදර! ගමේම ඉන්න බල්ලෝ ඇවිත් ගේ වටේට.... •••සීසන් එකනේ•••,1,sinhala
මහින්දට නාම යෝජනා දුන්න ඒක ගැන සමහර ගිනිපුක් ගාය ගහපු සිවිල් සමාජ ලබ්බන්ටයි මෝඩ ජෙප්පන්ටයි හරි... URL,1,sinhala
ලස්සනට ඉදුනු වැලට හැදුනු කොමඩු පිපිඤඤා පුර හඳ දඟකර හිත විසකර පස්ස රතිඤ්ඤා පණ හතක් ගියත් එපා වෙන්නෙ නෑනෙ රත්තරං සුමනෝ මගෙ මැණිකෙ වෙයන් බං පස් ගෝ රස මී රස ගී රස අහස උසටම ගෝසා ඇගෙ බෙලි කටුවැල ගෙල පැලඳලා සොලවන රෝසා මට මතක් උනේ කලින් සැරේ කාපු පැනි දොඩම් ඇලිසෝ,0,sinhala
"ඕයී, සජිත් කියන්නේ එක මින්හෙක් විතරයි. බඩගින්නේ ඉන්නේ සමස්ථ ජනතාවක්. අපිට කැක්කුමක් තියෙන්නේ ඒ ගැන.මුන් වගේ හොරු, ගොන් රෑළක් කරපු අපරාදේ ගැන.කණට ගහලවත් තවම හැදුනේ නෑ කියන්නේ උන් විළි ලැජ්ජාව ගෑවිලවත් නැති මිනිස්සු.ජනතාවයි බලවත්.දේශපාලකයෝ නෙමෙයි. IRAJ · 17 Nov 2021 දැන් තේරෙනවාද ඇයි බිලියනය කියලා දැම්මේ කියලා ? අවශ්‍ය දේ ලස්සනට වෙලා මට අවශ්‍ය වුනේ සජිත් කරපු වැරැද්ද පෙන්වන්න ඔවුන්ගේ මී හරක් පාක්ෂිකයන්ට පෝලිමට මට බිංදු ගැන කියලා දෙන්න ඇවිල්ලා Show this thread",1,sinhala
අපි දෙන්නම ඇස් වහගෙන තුනට ගනන් කරලා පෙන්නමු........ . . . . . . . . . . . . . . . . . . . . . . . . . . . . . . නොදකින් කැත හිත,1,sinhala
මේ ලගක ඉදන් සුද්දියක් මැසේජ් දාලා කිවුවා එකිට හෙන ලෙඩක් ය ඒකිට අහිංසක මිනිස්සුන්ට උදවු කරන්න ආසයිලු ය මට සල්ලි එවන්නම් ය අරකයි මෙකයි ගගා !! කූරියර් එකකින් සල්ලි එවුව රිසිට් එකත් තියනවා !! බැංකු වලින් එවන්න බෑ හෙන පත ගානක්ලු!! දැන් ඕවා ආවොත් ඩොලර් මෙහෙන් මාරු කරන්න පුලුවන්ද,0,sinhala
සරලයි. කොල්ලො තමයි වැඩි පුරම බොරු කියන්නෙ හැබැයි එව්ව හෙන පොඩියි. කෙල්ලො බොරු කියන්නෙ නෑ ලේසියට. හැබැයි කිව්වොත් කියන්නෙ දාර තඩි බොරුවක් අයෙ අහු උනොත් ගොඩ එන්න බැරි,0,sinhala
ඉදගන්න යනකොට ඒකි මොනාදෝ කියනවලු.කඩ්ඩ බැරිඋනත් දනිපනි ගාල කිව්ව බෑග්එක ගනිං කියල.ඒකි ඔරවල බෑග්එක ගත්ත.කොනේ හිටපු අයියකාරයව මැදට තල්ලුකරල කිටිකිටියේ වාඩි උනා.දැම් මේ අපි ප්‍රාර්ථනා කරකර යන්නෙ හොද තුවාලකාරයෙක් නැගහං කියල අපි එකෙක් නැගිටල ඌව මැදින් වාඩිකරවගන්න. #ආත්මාර්ථකාමී_හැත්ත,1,sinhala
කුනුහරප කියන්නෙ ඩයල් එකක් වෙන්ඩ නෙවෙයි යකෝ. හිතේ තියන ඒ විදිහටම කියන්ඩවෝනෙ හින්ඩ. ඔනෙ නං පුකෙ නොදී අන්ෆොලෝ කරපන් වේසි,1,sinhala
"අම්ම ,තාත්ත දෙන්නම ඉදපු නැති නිසා පොඩි කාලෙ එක පුංචි කෙනෙක් බැදපු බාප්ප කෙනෙක්ට “තාත්ත” කියන්න මං පුරුදු වෙලා ඉදල. මේ දෙන්න දවසක් මාව ෆිල්ම් එකක් බලන්න එක්ක ගිහින්. පාරින් පාර මං කෑ ගහනවලු “තාත්තේ අර බලන්න .. පුංචි අර බලන්න”කියල.. මිනිස්සු මෙයාලගෙ මූන දිහා බලනවලු.. හිතන්න ඇති",0,sinhala
"නෑ බන් අවුලක් නෑ ,තමුසෙ බැන්දට පස්සෙ මගෙ ඔලුවට නිදහසක් නෑ කීලා ඩිවොස් කරලා දාන්න පුලාන්",0,sinhala
"සිංහල මුස්ලිම් කෝලාහල වගේ නෙමේ. සිංහල, මුස්ලිම් දෙමල ඔක්කොම උන් උබට අල්ලන් ගහන්න ඉන්නේ වසන්තශේප් එකේ පැපුවා නිව් ගිනියාවටවත් පලයන්",0,sinhala
% for car ? තෝ කාර් එක හෝදලා සල්ලි කොල වලින්ද තෙත හින්දනේ.,0,sinhala
"පාර්ලිමෙන්තුවෙ උන් හොරකමක් කොරාමා හොදයි සෑර් කියන පිරිසකිත් ඉන්නව රටක් අයිසෙ මේක , මේ පොඩි එකෙක් හොරවැඩක් කොරාම නැට්ට ගිනිඅරන් දගලන පිරිසකුත් ඉන්න රටක්",0,sinhala
ඔය කොනේ උඩ පනින එකා... ඔව් තෝ තමා.... පල ගිහිං ඉදගනිං.... #SLvPAK,1,sinhala
පිස්සු පොරවල් ටිකක් ඉන්නේ. #china චීනයේ මේ #coronavirus #nCoV2019 #COVID19 ප්‍රශ්නෙට මුහුණ දීලත් ඉවර වෙනකොට තමයි මුන් කරන්නේ. යකෝ ඔච්චරටම මතක් උනේ ලෝක ආර්ථිකයටම කෙල වුනාට පස්සෙද ? #srilanka,1,sinhala
", රසික සිංහලෙන් දාපන් පකෝ",1,sinhala
ස්තූතියි මිතුර සෝනාගේ ට්වීට් එක කියෙව්වම තව දෙයක් මතක් උනා. ගෑණියෙක් හම්බු උනාම ඒ ගෑණි තමන්ගෙ හිතළු වලින් ජජ් කරලා කොල්ලට කියනවා අහවල්ලු ආශ්‍රය කරන්නෙපා කියලා. එව්වා අහලා අර හරක් ඒකම කරනවත් මං දැකලා තියෙනවා. එතකොටත් ඒක උන්ගේ කැමැත්තනේ කියලා අයින් වෙලා යන්න ඕනේ,0,sinhala
ඕක අර කාලකණ්ණි වමේ පක්ෂ මිනිස්සුන්ගේ ඔලුවෙ හදපු ගොං තියරියක්,1,sinhala
මං එයාගේ ඉස්සරහට වඩා පස්ස දැකලා තින්නේ,0,sinhala
මගෙ එකට වෙච්ච දෙයක් නෑ කියහන්කො. Original බඩුව. LOL :-P,0,sinhala
මේජර් ජනරාල් කමල් පොලිසියේදී පස්ස ගසයි #lka #srilanka,0,sinhala
ඇයි යකෝ ලංකාවේ බෙරි! දීපල්ලා #වෙරි#ගල්බෝතල් #GenElecSL #SriLanka #TamilNadu #Election2015,0,sinhala
ලංකාවට ඇති prabalama තර්ජනය මීහරකුන් 225,1,sinhala
බන්දු සමරසිංහ - තොට දැන් හිමි දඬුකඳ ය URL via,0,sinhala
ඒ නම් හරි දෙමව්පියන් වෙන්න බෑ පව් අහිංසක ළමයි,0,sinhala
"test kits ගේමු, ගෙනල්ලා මිල පාලනයක් යටතේ ප්‍රයිවට් සෙක්ටර් එකට කරන්න දෙමු.",0,sinhala
මේ Max Dura මගුලක් නිසා හෙන වදේ බන්. ඇයි අර මුල් ටිකේ කොටු කොටු කියලා මල්ලී ඇහුවා කියපන්කෝ ඉතින්! දැන් දියන්කෝ උත්තර!,0,sinhala
හොදට ලියවෙන පෑනකින් කොහේ හරි ලියලා තියාගන්න * මෙලෝහසරක් දන්නැති අහිංසක ජීවීත බරගානක් මේ රටේ මුල්තැන් වල ඉන්න සිගෙ පුතාලා නිසා නිරපරාදේ බිල්ලට දුන්න බව * එහෙම වෙලත් ඒක උන්ට කාලකණ්ණි ආතල් එකක් වුන බව * අටපාස් නැති උන් විතරක් අන්තිමට පිහිටට හිටපු බව,0,sinhala
ඔයා මේ වගේ කැත කතා වලට සම්භන්ධ වෙන්න එපා මෙයා. මුං බැඳපු කොල්ලොන්ට ඉන්න දෙන්නෙත් නෑ... කෙල්ලො මුං දිහා බලන් නෑ..,0,sinhala
මී හරකෙක් තෝ නම්,1,sinhala
උඹ වගේ බොරු නම්වලින් ඇවිත් ජීවිතේට නොදන්නා උන්ගේ ට්වීට් වලට කුණුහරුප කමෙන්ට් කරන්නේ උඹලා වගේ උන්ගේ අම්මලා තාත්තලා උඹලවගේ පොන්න පැටවු හදලා තියෙන විදියෙන්. තොට හරි හමන් ජාතකයක් තියෙනවා නම් හැදියාවක් තියෙන අම්මෙක් තාත්තෙක් ලඟ හැදීලා තියෙනවා නම් තෝ ඔහොම හැසීරෙන්නේ නෑ.,1,sinhala
චීන්නු එකේක ලබ්බවල් කනෝ මෙන්න බලන්නෝ ඒක තමා මුන්ට මෙහෙම ලෙඩ හැදෙන්නෙ කියල මල ජරාව කන එව්වා දාන්න එපා යකොව්... තාම උදේට කාලත් නෑ..හෙන අප්පිරියයි,1,sinhala
එකඟයි. Relocating තමා හොඳම දේ කරනවා නම්. අපි නොදන්න ඕනෙ තරම් දඩයක්කාරයෝ ඇති. අන්තිමට ඕකත් මීමුරයක් වෙයි. දැන් පාර හදනවා නම් දෙනියාය කෑල්ල හදන්නෙ නැතුව ටිකක් උස්සලා හරි දැල් ගහලා හරි පාර හදන්න ඕනෙ. ඔය හරියෙ අලි කොටි නෑ. ඉන්නෙ කුරුල්ලොයි උරගයොයි. කැලේ දෙකඩ වෙනවා කියල එයාල දන්නෙ නෑ,0,sinhala
අමු සොහොනක නිදිවරණ මම වෙමි හොල්මන... නැතිනම් මාත් බිය සැක සිඳ බිඳ නටයි තොපි ගරා යහමෙට... රුවන්... URL,0,sinhala
ලිංගික අල්ලස් ඉල්ලන එකාට සම්පූර්ණ ශරීරය පුදන්නට මෝඩ නොවන්න. ලිංගය පමණක් පැකට් කර යවන්න. ඒවා මස් කඩ වල ඕනෑ තරම් ඇත.....,0,sinhala
තොපි හිතන් ඉන්නේ කුණු ගොඩක් මගේ කරේ ගහල බේරෙන්නද,0,sinhala
මිට වඩා හොඳයි ....විද්‍යාව විකුණගෙන කෑවනම්.... ලොකුවට මේ පොටෝ එක ගහගෙන ඔෆිසිය ඉස්සරහ,0,sinhala
රටක ජනාධිපති කෙනෙක් උඩුගම් බලා පිහිනන්නෙ නැහැ. පිස්සන් විතරයි.,0,sinhala
"නමුත් කොච්චර ඉගෙන ගත්තත්, කොච්චර ඇසූ පිරූ තැන් තිබුනත් තමුන් විතරක් හරි කියල හිතන මිනිස්සු ලෙසටම ඔය තොප්පි දා ගන්නව. එහෙම උනාම තව ටිකක් අවුස්සල තිබ්බම අර එයා හරියි කියල හිතන් ඉන්න දේ ඇතුලෙ තියෙන බොරු හෙළුව රෙද්ද පල්ලෙ. ඉතිං අපිට තියෙන්නෙ බලා හිනැහෙන්න විතරයි.",1,sinhala
කටට ආපු හිස් කතාවක් නෙමේ නම් කියන්න )කවුරු එක්ක නැත්තම් මොකක් එක්ක තියෙන ඊර්ෂ්‍යාව මත පදනම් වෙලාද ප්‍රතිපත්ති ගොඩනගලා තියෙන්නේ? )මේ කියන විදියට ඊර්ෂ්‍යාව මත ගොඩනගලා තියෙන දේශපාලන ප්‍රතිපත්ති මොනවද? )ජාතිවාදී නොවීම ඇරෙන්න පැරණි දේශපාලන ප්‍රතිපත්ති වලට වෙනස් ප්‍රතිපත්ති මොනවාද?,0,sinhala
පොහොට්ටු පාක්ෂිකයෙක්නම් මෝඩ කම ඉහින් කනින් බේරෙනවා. ඉස්සෙල්ලා කියලා තියෙන සිංහල තේරුම් අරන් හිටපං. නුගත් වහලා. වැඩිය ඕනේ නැහැ 'පොහොට්ටු මන්ත්‍රී' කියලා ගූගල් සර්ච් එකක් දීලා බලපං හරකා.,1,sinhala
නාකි ජෝන් සහ වියාග්‍රයාගේ වික්‍රමය #ModernSinhalaBooks,0,sinhala
රෙද්ද ..16 වෙනකං ඉන්න බෑ අප්ප. ගෝටාබය .4% සජිත් .5% අනුර % ප්‍රොපලීසියා .1% votes · Final results,0,sinhala
මේක වත් දින්නොත් ඇති,0,sinhala
මේ අපේ පිස්සු හුත්තෙක්..කොච්චර කිවුවත් අහන්නෙ නෑ..ඌට බැනලා එපා වෙලාම මෙකට ඇවිත් මේක දැම්මා,1,sinhala
තෝ මැරිය බැල්ලි #එකළඟට්වීට්,1,sinhala
පරණ කෑල්ල මතක් උන වෙලාවට හිතට පට්ටම අවුල් බං!,0,sinhala
"ගෑණු ලමයී පිරිමි ලමයීගේ මල් වගේ තියෙන චූටි හිත තලනවා. රිද්දනවා. පිරිමි ලමයී ගෑණු ලමයීගේ බෙල්ල කපනවා, පිහියෙන් අනිනවා, වේසි කියලා බනිනවා. ඕන්න ඔහොමයී වැඩේ වෙන්නේ.",1,sinhala
උත්තර දමා දුන්නේ....පව් ඉතිම්.. පිස්සු ඩෑල් වලට මොන උත්තරද අලෝ...,0,sinhala
"ජගත් මි, ට්විටර් ආමි, බැලු බැලූ අත ජනා ඇම්බර් රෝස් ගේ කිම්බ ගැන කියූ කියුම් දැක; ගියේමි.",1,sinhala
ඔවු පන්සල් වල අදායම විතරද බොල අකිලයො තෝ දැක්කෙ.,1,sinhala
"නිදහසෙන් පසු සෑම දේශපාලකයෙක්ම අවධානය යොමුකලේ තමන්ගෙ දේශපාලන පැවැත්ම ගොඩනැගීමට මිස රට ගොඩනැගීමට නොව, අද එහි උච්චතම අවස්ථාවට එළබව ඇත, එය ඉතා සෝචනීයය,,,, එසේ උවද තවමත් එයින් මිදීමට ඔවුන්ට අදහසක් හෝ ඒ පිළිබදව ඔවුන්ට දැනුමක් නොමැත,",0,sinhala
මම දන්නා තරමට රුසියානු වීදේශ ඇමති සගේ ලැව්රොෆ් ! මේ කවුද ? #SRILANKA URL,0,sinhala
"කෙල්ලෙක්ගේ අතපය ගැටගහලා, සමූහ දූෂණය කරලා මරලා දාලා.. මං නම් කියන්නෙ එවුන්ගෙ අහවල් එක කපන්න ඕනේ.. පර හැත්ත!",1,sinhala
මෙම මහත්ඵල මහානිශංස ලැබෙන පිංකමට දායක වූ 69 ලක්ශයටත් මේ පින් අත්පත් වේවා ..!,0,sinhala
තෝ වගේ මූ Rolling Stone · 2 Oct 2018 Hear Titus Andronicus’ surprise EP ‘Home Alone on Halloween’ URL,1,sinhala
ඒච්ච අපි දුප්පත් යකූ,0,sinhala
මම ඇවිල්ලත් නෑ එකකටවත් බොල,0,sinhala
කුලියාපිටිය හෙට්ටිපොළ පැති වල කෙල්ලන්ට ඇති පස්සක් නැත.එක්කො උන්ට පස්ස පේන්න අදින්න නොතෙරෙනවා විය හැක. එ කොයික උවත් උන් නලවති. කරුමයද නොදනිමි මට නම් එහි ඇති ලතාවක් නම් නොපෙනෙ #rightnowi,1,sinhala
උඹේ කෑල්ල සාන් උනා නං ඒක උගෙ ලොකු කරුමයක්.,0,sinhala
මේ හුත්තිලා ඔක්කම එකයි — feeling පක,1,sinhala
හුජ්ජ කොල්ලො ෆේක් අපිව ඇඩ් කරගෙන ඇවිත් පස්සෙ අපි උන්ව ඇඩ් කරගෙන ආව වගෙනේ කතාව. -_- නෙදකින් පකයලා,1,sinhala
"මගේ කෙල්ලට රෑට රෑට DM කරන්න එපා යකෝ. කපනවා තොගෙ බිජ්ජ. Dinal · 26 Dec 2017 Dudes . Type ""මගේ කෙල්ලට රෑට රෑට DM කරන්න එපා යකෝ. කපනවා තොගෙ බිජ්ජ."" And @ 3rd guy in your list",1,sinhala
ඇදන් ගිහින් ඈත නැවැත්තුවම ඉවරනේ,0,sinhala
"ගල්ඔය බහුකාර්‍ය ව්‍යාපෘතියෙ කොටසක් ලෙස හිඟුරාන (වෙන්න ඕන) සීනි කම්හල ආරම්භ වෙනව. එහි නිපදවෙන මොලෑෂස්වලින් තමා ගල්ඔය අරක්කු රාජ්‍ය ව්‍යාපෘතියක් ලෙස නිපදවෙන්නෙ. මේවෙද්දි ගල්ඔය ව්‍යාපෘතියෙන් මත්පැන් නිපදවීම සිදුනොවුනත් ""ඔය"" කෑල්ල හැලුන ගල් අරක්කු අදටත් අනගිභවනීය සංස්ථා නිෂ්පාදණයක්.",0,sinhala
"එකෙක් ඇමරිකාවේ ඉඳන් ඇවිත්, මෙහෙ දුප්පත් පොඩි මල්ලියෙක්ට ඉස්කොලේ සපත්තුවක් අරන් දීලා එකේ ෆොටො එකක් එෆ් බී දාලා. හම්මෝ උට මිනිස්සු බැනලා තියන තරම්. ඉතින් හු*තෝ ඌ ඇමරිකාවේ යන්නේ ඌ හම්බකරන හැම රෙද්දම උබලට පුදන්නද? අනික උගේ පර්සනල් අකවුන්ට් එකේ ඌ මොන ලබ්බ දැම්මත් උඹලගේ පු* කසන්නේ ඇයි?",1,sinhala
හුජ්ජ ගොඩේ ලව් කරන්න ලැජ්ජ නැද්ද?&#8230; URL via Girls,1,sinhala
රටේ ජනාධිපති කෝල් එකක් ගන්න එක නිවුස් එකක් වෙන්න තරම් අපි පුංචිද?,0,sinhala
කට්ට දෙනවා බල බල දුවනවා නේ.. මුගෙත් හෙන සෝබන තියෙන්නේ.. මං බැලුවා බෝඩිමේ ඇන්ටි කාටට කටට දෙන්නේ කියලා.පස්සේ බැලින්නම් බැල්ලිට මස් කට්ටක් දීලා ..,0,sinhala
සිරස තිලංග එක්ක ලොකු තරහකින් වගේ ..ඇයි ඒ,0,sinhala
"ඇම්ඩ පාරෙයද්දි කහ ඉර ගාව බල්ලෙක් සහ බැල්ලියෙක් සෙල්ලමලු.. ඇම්ඩ ඒ මොකද්ද අහල.. ඇම්ඩව එක්කරං ගිය සීයා කියනවා."" ආ ඒ අර බැල්ලි බල්ලව කර තියාගෙන පාර මාරුකරනවා නෙ පුතා "" කියල. ඇම්ඩා ගත් කටටම..එහෙව් කරුණාවන්ත බැල්ලිට නේද මේ වල් පර බල්ලා උකන්නේ..කියල රංජත් ඒම උධව් කරන අය කියලා ඇරල නෑ.",1,sinhala
"උගත්සිංහලබහුජ්ජජනයා ඔබට පහර දෙන්නට එක් රොක් වී එකාවන්ව නැගී සිටිමින් කමෙන්ට් පිට කමෙන්ට් දමනවා ද? බිය නොවන්න, අරඹන්න මේ කවියෙන් ඔබේ ආතල්ලෙක; ""ආං එනවා ආං එනවා රොත්ත පිටිං හුත්තෙ හිටං පුක ලදරං පක දෙදරං උසිබජනයා... URL",1,sinhala
"ඒක නම් දරාගන්න අමාරු වෙයි බම් උට... රස්තියාදුකාරයා · 18 Jan 2020 , රටේ නීතිය ගැන තෝ දන්නවද වඳ වේසිගේ පුතෝ ? දන්නැත්තං ඉගෙනගං! ජාතික වනසත්ත්ව හා තුරුලතා ආරක්ෂණ ආඥාපනත කියලා එකක් තියෙනවා. ඒකට අනුව ලංකාවේ හමුවන සර්ප විශේෂ 103න්, 98ක්ම ආරක්ෂිත සතුන්. (උග්‍ර විශ පහ හැර). එහෙම තොට ඕන ඕන විදිහට මරන්න කොටන්න බෑ. නීතය ගැන කියන්න කලින් ඉගෙනගනිං බූරුවා!",1,sinhala
කෝ අර පිස්සා... wedding එකට ගිහින් sure එකට කෑලි බල බල ඇති,1,sinhala
අනේ මන්දා මෙිි පාරත්.........!!!!!!,0,sinhala
PH එකට පලයන්,0,sinhala
අසත්‍ය තොරතුරු ප්‍රචාරණය කරන අයවලුන් හෝ පිටු තහනමට ලක් නොකර සියලුම දෙනාට සමාජ මාධ්‍යන් තහනමට ලක්කිරීම සාධාරණමය හේතුවක් නොවෙයි.,0,sinhala
"අපේ එක හොඳම එක කියලා පයිය උනත් හැම එකාගෙන උලන්න ගියාම ප්‍රශ්නයක් , ආගමෙන් ඔළුව උදුම්වා ගත්ත වේස මිනිස්සු ඒක තේරුම් ගත්තොත් හොඳයි ආර්. බැද්දගේ · 3 Dec 2021 ආගම කියන්නෙ පයියක් වගේ. අපේ එකතමා හොඳම එක. අපිටහෙන ආඩම්බරයි ඒක ගැන. අවුලකට තියෙන්නෙ අපි ඒක ප්‍රසිද්දියේ වනන්නයි, අනිත් එවුංගෙ උලන්නයි තියාගත්තම හෙන අප්‍රසන්න වෙන එක.",1,sinhala
අපරාදේ මං හිතන්නෙ මහ ගොන් ෆිල්ම් එකක් වෙන්න ඇති. ඒකයි සබ් නැත්තෙ මම නම් Imdb බලල ඩවුන්ලෝඩ් කරන්නෙ,0,sinhala
"මූ අමු හරකෙක්, පාර්ලිමේන්තු රැස්වෙලා කරයි ඇටේ. මේවගේ කරුම තාත්තා ගේ ඇටේ විකුනගෙන ගොඩයන කාලකන්නි ඔයවගේ වයිරසේකින් හරි ඉවර වෙනවනම් තමා අපේ රට හැදේන්නෙ",1,sinhala
තෝ මැරිය ජිල් හබ් දන් නැත්තම්. තො එක්කො ගේ. නැත්තම් උබට බිජ්ජක් නෑ,1,sinhala
මැච් එකට වැඩේ වෙයිද මොකද ලංකාවනේ,0,sinhala
"අරින්න අවොත් නම් පුත ඇරියා ගරා යකු මං බොල හෙන කැරියා via fb, from a car guy. ටහිකෙන සාහිත්‍ය ඩෝහ් මේවා!",1,sinhala
"පිදුරංගල පින් බිමේ ඉඳන් රටටම පස්ස පෙන්නපු කොල්ලන්ගෙ කතාව • ලිපිය කියවන්න පහල Link මත click කරන්න • like කරන්න, යාළුවන්ට දැනගන්නත් එක්ක share කරන්න... URL",0,sinhala
"වේසියෙක් ""වේසියෙක්"" වෙන්නෙ කොහෙ හරි ඉන්න වනචර වලත්ත වේසෙක් නිසා. වේසියන්ට ""වේසි"" කියනවා නම් වේසොන්ට ""වේසා"" කියලත් කියපන්! ඒත් එහෙම කියන්නෙ නෑ නේද? ඇයි ඒ? අනුන්ගෙ වේසකම් නෙමේ තමන්ගෙ වේසකම් හොයාගනිල්ලා! ගතින් කළත් නොකළත් හිතින් කරපු වේසකම් තේරුම් ගනිල්ලා! #Life #SriLanka #LKA",1,sinhala
වේස කල්ලිය I love u my සවිනි මගේ නම චමිදු මේ රැප දෙන්නේ ඔයාටමයි කෙල්ලේ මෙ රැපට කැමතිනම් කොමන්ට් එකක් දාන්න කෙල්ලේ ඔයා නලවන එන කොට මගේ හිත නැලවෙනවා කෙල්ලේ ඔයා එනකොට මට හිතෙන්නේ ඔයා බඩුවක් කියලා ඔයා කැමතිනම් මගේ ලගට දුවගෙන එන්න කෙල්ලේ සවනි මගේ මම සවනිගේ,1,sinhala
Pregnancy කියන්නෙ ලෙඩක් නෙමෙයි තමයි. ඕනෙ තරම් පිට රටවල් වලත් අය වැඩ කරනව. ඒත් ඔච්චර වෙලාවක් හිටගෙන ඉන්න එක නම් අමාරු ඇති,0,sinhala
බොරු කියන්ඩ එපා.......යෝ 2008දී Crude oil බැරල් එක $120 ටත් ගියා… මුළු ලෝකෙම හිතුවේ $150 යනකන් යාවි කියලා… ඒ කාලෙත් අපි ගෙව්වේ රැ.157/යි ප/ලි හෑම මගුලකටම මහින්ද … මහින්ද… ඔය බම්බුවක් කියන්ඩ නෙමෙයි මිනිස්සු චන්දෙ දුන්නෙ…. රෙද්ද මහින්දව අත අරිනව ල… තමුසෙලා වෑඩ කරනව…. lanka C news · 18 May 2018 මහින්දගෙ කාලේ බොරතෙල් ඩොලර් 60යි.. පෙට‍්‍රල් 157යි.. අද බොරතෙල් ඩොලර් 78යි.. පෙට‍්‍රල් 138යි.. මහින්දට වඩා අදත් රුපියල් 20ක් අඩුයි.. URL,1,sinhala
දෙරණ උකුස්සා මෙහෙයුමට ස්තූතියි ! ෴ මෙවැනි අනාවර්නයන් තව තවත් කිරීමට ඔබලාහට ශක්තිය දෛර්ය්‍ය ලැබේවා ! ෴,0,sinhala
පන්සලක් පල්ලියක් ලඟ ගෙයක් තියනව කියන්නේ ඉතින් කරුම ගෙවිල්ලක් තමයි. සෙදෝනා of Bebbanburg · 20 Nov 2021 උදේ තුනට හතරට නිදාගෙන... හතර හමාරට loudspeaker වලින් පන්සලේ දාන පිරිතට උඩින් ගිහින් ඇහැරිලා නින්ද යන්නෙ නැතුව පෙරළි පෙරළි ඉඳලා... අටට නැගිටලා ආපහු වැඩ පටන් ගන්න ඕන මනුස්සයෙක්ට දැනෙන දේ... දවසක් දෙකක් නෙවී දැන් අවුරුදු එක හමාරක් තිස්සේ... ඉස්සරහටත් ඔච්චර තමයි. /2 Show this thread,0,sinhala
බෑ... බෑ... මට යන්ට බෑඈඈඈඈ.....!!!! GIF,0,sinhala
ඔබට සතුටුද දැන් රටට වින කරන පොන්න හැතිකරය !!! URL,1,sinhala
මෙහෙ ඉතින් හැම තැනම ගල් තමා බං. සුනාමි ආවත් බය නෑ කියල කියන්නෙ ඒකයි.. ඔය කියන ගල හා සමාන තව ගල් 6 කින් town එක covered.,0,sinhala
it's me මැට්ට වගේ ආදරේ කලේ.. it's me එල හරකා වාගේ සීරියස් වුණේ it's me රෝමියෝ වෙන්න දැඟලුවේ it's me අද මෝඩයා වෙලානේ නැවතුනේ #sajje,0,sinhala
කෝ බම් අර මැච් එක බලන්න ගියපු උන්..? සද්දයක් නැනේ.. තොපි මැරිලා ද බොලව්..? #SLvsSA,0,sinhala
රවල බැලුවෙ අතර මගදි තිබ්බ කොලු කමට... නම කැත නැ චාටර් නැ ගමට... තනි සින්හල ආදරෙයි මම රටට... පොලිස් පොතෙ පිටු නැ මගෙ නමට...,0,sinhala
කී දෙනෙක්ට නම් නම්බර් දීලා ඈතිද බන්.එකෙක් කතා කරනවද.එක්කො කෙල්ලො කාටහරි දෙනවා.හෙන කොල්ලො කතා කරන්නෙ ඊටපස්සේ..,0,sinhala
Likes තිබ්බම පොරක් වෙනවද? පොරක් වෙන්නෙ රටට සමාජයට සේවයක් කරන එවුන්. නිකම් මේක ඇතුලෙ කාලකණ්ණි වෙන්නෙ නැතුව ගිහින් පොතක් බලාගනින්.,1,sinhala
“දෙයියන්ගෙ නාමයෙන් දැන්වත් ගෙදර පලයන් මිනිහෝ ” කැමරන් විපක්ෂ නායකයාට කියයි! URL,0,sinhala
Ow ooi .. හෙන ගේමක් දෙන්න වෙයි සුද්ද කරගන්න .. :-P :-P,0,sinhala
ඕම දැම්මම පේන්නේ තඩි වගේ. හිහි,0,sinhala
"හා, දැන් උඹලා කියන්නෙ මේ පාර ඡන්දෙන් නාකි, ඩ්‍රග් ඩීලර්ස් ලා, මැරයො, හොරු, මෝඩයො.... ආදී උන් පාර්ලිමේන්තු යන්නෑ කියලද? තඩි පොල්ලකින් ගහපන් චාමර මට... හයියෙන් ගහාන් හයියෙන්.",0,sinhala
"කෑගල්ල පැත්තේ isis එකට සම්බන්ධ සිංහල කෙනෙක් අහුවෙලා, ඔයාලට එක reporter කියන්නේ නැද්ද?",0,sinhala
පලයන් දොස්තර නෝනේ යන්ඩ,1,sinhala
යකෝ මට එකපාරක් පට්ට අවුල් ගියා මන් මැරෙන එක දැකලා. මම් හෙනට ප්‍රාර්ථනා කරා මේක හීනයක් වෙන්න ඕන කියලා. තෑන්ක්ස් ගෝඩ් ඒක හීනයක්. ඒත් මට වෙලාවකට හිතෙනවා මන් මේ ඇත්තටම මැරිලා වෙන්න ඇති ඉන්නේ. පරලොව ජීවිතෙත් ඉතින් මහා ලොකු වෙනසක් නැතිව ඇති ඒකයි මේ මට ගානක් නැත්තේ කියලා. P U S P E · 15 Feb 2021 කවෘ හරි දැකලා තීනවද හීනෙන් තමුන් මැරෙන විදිය,0,sinhala
නොදකින් කොලුකාරයා.. උටමයි හරියන්නෙ..,1,sinhala
අම්මටහුඩු.. අපේ ග්‍රවුන්ඩ් එකෙත් පට්ට vid එකක් ගහල තියෙනවනෙ .. Moronsල උන් එක්ක collab එකක් කරපන්කො බං..,0,sinhala
පිස්සට දැන් ඉස්සර තරම්වත් ලයික් නෑ.බුකියෙන් ලොග් අවුට් වෙලා හිටපු දවස් ටිකට උබලට මාව අමතක වෙලා ඔව් දුකයි ඈ :/ :( :'( #පිස්සා,0,sinhala
"""උඹ නැති දාට, අහස හිමින් සැරේ ගලවනවා ඇදිවත..""",0,sinhala
"නිදාගෙන ඇහැරුනා ඒත් පට්ට අවුල් , සුබ උදෑසනක්",0,sinhala
Cheap of Staff කියලා දැම්මනම් තමා ගැලපෙන්නෙ .,0,sinhala
"ඔබ හරි එරන්ද , ප්‍රවෘත්ති වල දකිනකොට අපිත් හිතපු දෙයක් මේක . හමුදාව උතුරෙන් අයින් කරන්න කියලා කෑගහන අවජාතක දේශපාලකයන්ට හා අහිංසක මිනිස්සු යුද්දේ කාලේ හමුදාව මැරුවා කියලා කෑගහන එවුන්ටයි දැන් කියන්න දෙයක් නැතුව ඇති . මිනිස්සු රකින්න තමයි හැමදේම කලේ..",0,sinhala
Mute කරලා තියෙන උත්තලා වලි දාගත්තම කොහොමද අයිසෙ බලන්නෙ..!,1,sinhala
පවු හරකා..,1,sinhala
තඩි පූසා කවදාවත් නැතුව මගේ ළඟ නිදි මූට මොනව වෙලාද මන්ද,0,sinhala
"මේ Evan Shanks , යූටියුබර් කෙනෙක්. Car සීන්එකේ ඉන්නෙ.මාත් බලනවා. කෙටියෙන්-බොහොම අමාරු කාලයක් ගතකරේ ඔහුට අවස්ථා 2/3කදීම ළමයි නැති උනා ඉපදෙන්න කලින්.පට්ට දුකයි ඒ කාලෙ Video බලනකොට .උත්සහය අත් හැරියෙ නෑ. දැන් එයාට ලස්සන දුවෙක් ඉන්නවා. ගෙයක්, වාහන ගොඩක් තියෙනවා. මගේ Dream එකත් ඒක! eͫvͤaͫnͤ · 30 Dec 2021 I LOVE MY LIL BABY GIRL",0,sinhala
ඒකි මොනා හිතුවඩ දන්නෑ සෝනෙගෙ දත් නැ හිතන්නැති ඔන්න,0,sinhala
"60 පැනපු මේ නාකි මනුස්සයා රටට දෙන අාදර්ශය , මූ අැවිත් ඉන්ෙන මර්වින් වගේ අාතල් ෙදන්න. URL",1,sinhala
ව්‍යාජ අනුකරණයන්ට නොරැවටෙන්න...හොදම බඩුව අපෙන් පමණි..,0,sinhala
"තෝ මේ ගැන්සියේ හොරා, කෝ ඒ solo පිස්සා තොපේ අක්කා වේසා, Danza Kuduro #misheardsinhalalyrics",1,sinhala
ටහුඩු ඒමත් එකක්ද ?? අඩෝ ඉන්දිකයා මම ටෝව ඉතුරු කරම්නෑ,0,sinhala
ඊයා අයියෙ ඔවා නම් කැත හිත,1,sinhala
"දැන් සොයාගෙන ඇති ආයුධ,පුපුරණ ද්‍රව්‍ය වලින් ලංකාවටම ගහන්න පුළුවන් නේ යකෝ... මුන්ව ජොකා පිටින් දන ගස්සොල මදි",1,sinhala
"සුවහසක් කෙල්ලොන්ට කියන්නේ, ඔයි යට ඇඳුම් එහෙම එලියේ වනලා තියනම් ප්ලීස් වහාම ගෙවල් ඇතුලට ගන්න! මොකද ඕවා හුලඟට ගහගෙන ඇවිල්ලා අපේ බෝඩිම් අස්සේ තිබුනොත් අන්තිමට සුලි සුලඟ ඉවර වෙලා ඩෙංගු වලට PHI ලා චෙක් කරන්න ආපු දවසක අපිව අල්ලන් යාවි මුන්ට අසහනේ කියලා පුනුරුත්ථාපනය කරන්න රෙද්ද",0,sinhala
බැසිල්ලාගේ පස්ස හෝදලා කරලියට පැමිනි දුලිප් විජේසේකර හෝතඹුවා..... =========== ශ්‍රීලනිපයේ උප ඇමැතිවරයෙකු වන... URL,1,sinhala
උපන්දා ඉඳල හුජ්ජ කරපු හුත්තට බස බස ගාලා දිව දාන අයියල යෝගට් එකක් කන්න ගද්දි එක්ස්පයර් ⁣ඩේට් බලනව නවත්තපං පුක හිනාව,1,sinhala
ධනය හා බලය ඇත්තා නිතියේ දෙවගෙන මහ දවල් දුෂනය කොට ඇප ලබා උසාවියටමැද ඇගිල්ල පෙන්නා නිදහස් වී යයි. ඉතා පහසුවෙන් නිතයේ දෙවගන නැවත නැතත් තනිව හා සමුහිකව ඔහුන් දුෂනය කරයි. දුප්පත් මිනිසේකු අල්ලපුවත්තේ අඹගසින් බඩ කින්නට අඹ ගෙඩියක් කඩගෙන කෑ වරදට අදටත් සිරබත්කයි. අහො නිතියේ ස්වාධිපත්‍යය,0,sinhala
"ඕක බුරන්නෙ NGO ඩොලර් වලට කියන එක හැමෝම දන්නවා. මුං වගේ එවුන්ගෙ වලටත් හෙන ගහනව රටට කරන දේවල් වලට Kasun Wickramasinghe · 28 Dec 2017 ස්ථූපය ඩොසර් කරලා දාලා, නාග විහාරේ හාමුදුරුවන්ගේ ආදාහනේ තියන්න දෙන්නේ නැතුව නඩු දාලා. කව්ද පකෝ රෙසිස්ට්. රිලිගියස් ෆ්රිඩම් පුකේ ගහගනින් . NGO බල්ලා",1,sinhala
වස්තු කිම්බ කන්න දෙන්න මැනික,1,sinhala
ටහුඩු යකු එහෙත් දැන් IT ක්ලාසස් තියනවද?,0,sinhala
කියල වැඩක් නෑ අප්පා. කටට කෙලත් ආව ඔන්න :D,0,sinhala
මහ පාරෙ යන බයික් එකේ කොල්ලෙක් එක අතක් අතඇරල රේස් යනව ට්‍රේන් එකත් එක්ක..ඒ මදිවට ට්‍රේන් එක දිහාත් බලනව.. ගොනා කියල මරන්න යෑ.. ගිහින් ලයිට් කනුවක් බදාගත්තම ට්‍රේන් එක නවත්තල එන්න කියල යෑ... මෙමත් උන්,0,sinhala
"ලොවක් වෙනස් කරන්න ඕනේ ඉතාම තද හිතක් පමණයි. ලෝකයේ ඕනෙම තැනකට එන්න පුළුවන්. එත්, ( මහාන් ) උත්තම පුරුෂයෙක් වෙන්න හරිම අමාරු කාර්‍යක්. එක සිද්ධාර්තත් බුදු වෙන්න පෙර අවුරුදු 7 ක් දුක් විදලයි ලබාගත්තේ. දැන් හිතෙයි මේ සම්බන්දය මොකක්ද කියලා. #India",0,sinhala
"ඒ මනුස්සයා මොනව කරන්නද ,නියෝග දුන්න කෙනා කෝ",0,sinhala
"අපි ගත්ත ආතල් ගන්න උබලා හිතලවත් නෑ මල්ලි, බලද්දි උන් හොරෙන් ඉස්කෝලේ වත්තේ අඹ කඩලා නොදකින්",1,sinhala
මල ගෙදර සෙනග නැහැ වගේ නේද? මේගොල්ලන්ගෙ ඡන්ද බලය දැන් අඩු හින්ද වෙන්න ඇති.,0,sinhala
"හරි පකෝ එළ Sri Lanka Tweet · 5 Jun 2019 ""Some people were trying to create another Black July between innocent Sinhala & Muslim communities, to prevent that i resigned ""- MP Rishad Bathiudeen URL #LKA #SriLanka #EasterSundayAttacksLK",1,sinhala
2007/8 වගේ හරියටම මතක නෑ pentium 4 dell එකක් තඩි මොනිටරෙත් එක්ක.! Rasikalink · 3 Oct 2020 . ඉස්සර වෙලාම Computer එකක් අල්ලපු වයස/අවුරුද්ද මොකක්ද ? Show this thread,0,sinhala
"හොඳටෝම ඇති රට වෙනුවෙන් කැපවුනා, නහින දෙහින කාලේ පිනක් දහමක් කරගෙන ගෙදරට කැප වෙයං....රට විනාශ කරන පර හැත්ත..",1,sinhala
"මට සිංහලත් අමතක වෙනවා මචං. කවුරු හරි මුට පොඩ්ඩක් කියලා දෙන්න. නොදන්නා මගුල් කතා නොකර ඉදපම් බන්, ගූ දේශපාලනය ගැන නම් කියවන්න එන්න එපා ලංකාවේ සමස්ථ මිනිස්සු ගැන හිතලා කතා කරන්න. One way ට්කට් එකට කලින් එකට රජයට යන වියදම හොයලා බලන්න. #සක්කිලි Prasad Welikumbura · 24 Apr 2020 Charging Rs. 103,000/= for a one-way ticket from India is outrageous. Parents of those children are not millionaires to pay such a money all they want is their children to be home. #lka #SriLanka #COVID19LK #airlines #India",1,sinhala
ඉස්තූතියි පයිය දිග ඩිනාල්!,1,sinhala
"යකෝ, හාලුත් ණයට, හැබයි සෝ එකේ අඩුවක් නැ. වෙන කොහෙන්වත් නම් කමක් නැ, පකිස්තානෙන්. සින්හල බහුජ්ජ ආන්ඩුව",1,sinhala
දැන් නම් එකම දේ බලලා ඇති වෙලා. අප්පිරියයි ඇත්තටම මේ මිනිස්සු මෙච්චරටම ගොන් ඇයිද මන්දා...හයක් හතරක් නොතේරෙන පොඩි උන් හොදයි Thamaru. · 8 Jun 2020 කවුරු හරි අල්ලන් අරකයි මෙකයි කියලා දවස ගෙවලා දාන එක හෙන වැඩේ කියලා හිතන් ඉන්නේ මිනිස්සු.,1,sinhala
යකෝ මම අවුරුදු දහයක් විතර බයික් පදිනවා.. මාස දෙක තුනකට කලින් මීමුරේ ගියාට පස්සෙ තමා හරියටම ක්‍රැමේ අහූනේ.. දැන් ආයෙ ඉනිමගක හරි යනව ඕං..,0,sinhala
"පරවි ජෝඩුවක් ලයිට් වයර් එකක් උඩ රණ්ඩුවක්. ගෑනු පරවියා - කියනවා, මොකද තමුසෙ කට වහගෙන. මං උයපුවා රස නැද්ද? මං හැදුවොත් තමයි තමුසෙට රස නැත්තෙ. මොකද කතා නැත්තෙ. මෝඩ ඇටිකුකුලා පරවියා - මේ ගෑනියෙ. සාමයේ සංකේතය පරවියලු. එහෙම එකක් දැනගෙන මං ⁣කොහොමද තමුං එක්ක රණ්ඩු කරන්නෙ",0,sinhala
පොයිය තමයි බ්‍රෝ!!! හුජ්ජ ගොඩේ තියෙන ඉයර්පොඩ් එක උනත් කනේ ගහගෙන යනවා... පව් ඉතිං,1,sinhala
යකෝ ලැට් කටා බයවෙලා තියන තරම.. වැරැද්දක් නොකලානම් මොන ලබ්බකටද යකෝ බය වෙන්නේ මෙච්චර... තොපි කරපුවා එලිවේගෙන එනකොට නැට්ට පුකේ ගහගන්න වෙනවා කියලා මිනිස්සු දන්නවා.. උඹලා කරපුවට ලංකාවේ දෙන දඩුවම් මදි බොලව්.. යනවා නම් පුතාවත් එක්ක පල.. නැත්නම් ඌ උඹට එහා ගිය සිපයියෙක් වෙයි..,1,sinhala
"ලංකාවට කෙල වුනෙ පිට රටවල් එක්ක අනියම් අඹු සැමි ඇසුරවල් පවත්වන්න ගිහින්. ශ්‍රී ලංකාව කියන්නෙ ඉස්සර පිට රටවල් වලටත් බඩු සපයපු රටක් මිසක්, දැං ඉන්න කාලකන්නි හැතිකරේ වගේ පිටරටකින් එන අළුත්ම කුණු ගොඩ කටට දාගන්නකං ඉවසිල්ලක් නැතුව කට ඇරං බලං උන්න අපත ජාතියක් නෙමෙයි.",1,sinhala
#ගුණේ ඔයා නම් ටුවිටර් ගිණුමක් නම් හදා ගන්න එපා.තියන පෝස්ට් වලට තොට හාට් ඇටැක් හැදෙයි.(සතුටට) #Slcricket #SLvsAUS,0,sinhala
||#ගල පෙන්න කොටට ඇදලා ගලට #මලක් දාලා වහන #කෙල්ලෝනම් සාපයක් ||,1,sinhala
එහෙමද හිවලො? එහෙනං පයින් යන කට්ටියව ඊලඟ පාර පත් කරගන්නද කියන්නෙ තෝ? බලං හිටපං,1,sinhala
මැයි 20 නැත්නම් අප්‍රේල්ද 20,0,sinhala
ඔන්ලයින් ඉන්න කෙල්ලෙක් සෙට්කරගන්න විදිහ පාඩම් පොත් වලට ඇතුලත් කරන්නෝනි හයි හලෝ කොහොමද ඔයා ඉන්නෝ ද තොගෙ ලොකු ලයින් වේසි උබ හිතං ඉන්නෙ,1,sinhala
"ඕකේ අනිත් පැත්ත ඊයේ Train එකේ දැක්ක මිනිහා station එකට ඇරලවනවා ගෑණිව,ගෑණි වෙන එකක් එක්ක තුරුල් වෙලා වැඩට යනවා °B E L A · 19 Sep 2020 ගෙදර ගෑණිට යක්කු වෙන පිරිමි පිට ගෑණු ඉස්සරහ බබ්බු වෙනවලු නේ",0,sinhala
පිල්ලෙයාන් නිදහස් කරලා විමල්ට මෙහෙම කරන එක හොද නෑනේ.,0,sinhala
මම සමන්.. ඊයෙ ඉඳන් මං කොළඹ .. සිරිපා යන අය පාර දෙපැත්තෙ රෙනවා හුජ්ජ කරනවා ඒ මදිවට පොලිතීන් ප්ලාස්ටික් බෝතල් හලනවා දෙයියෝ උනත් මටත් නාහයක් තියෙනවා.පිරිසිදුව ඉන්න මාත් ආසෛ,1,sinhala
වේස කල්ලිය වේස කල්ලිය,1,sinhala
අහු වෙලා නිකම් ඉන්නවා නම් කමක් නෑ බන්. තාම රෙදි නැතුව කඩෙත් යන උන් ඉන්නවනේ මේ පොන්න ආණ්ඩුවට.,1,sinhala
10 others හනේ ඔන්න මාව පිස්සු වට්ටනවා,0,sinhala
කුසගිනි දරා ගත නොහැකිව පොලොවෙ හැපි පොඩි වුන් හඬ්ද්දි වාවමු කොහොම අපි බැහැ තව ඉවසන්න ඇත මුලු රටම කිපි මකබෑ වෙලා පලයවු යන තැනක තොපි සිරිමාගෙ කාලෙ #සිරිමාටලියවුනුකවි,1,sinhala
"ඊයා මේ පොඩි උට්ටෝ නම්, කොල්ලෙක් හැප්පිලා මැරිලා, ඌ මැරිලා දිවත් එළියට දාගෙන ඉන්න ෆොටෝ එක දාලා, ඌට නිවන් සුව පතනවා, ගොන් පකයලා ළඟ ඌ ජීවත් වෙලා හිටපු කාලේ ෆොටෝ එකක් නැතුව ද ? ඉඳකිං කාලක්ණ්නි",1,sinhala
හොද Tech සහ Non Tech ආටිකල් කියවන්න නම් පැත්තෙ යන්න. පට්ට,0,sinhala
වයිෆ් නිදි අතරේ යට සායෙන් කිම්බ,1,sinhala
ආවේ පූජිත යන්නේ කුජීත,1,sinhala
ඒකි ඔරිජිනල් විදියට ක්‍රොස් කරනවනම් බැරිය බන් බැල්ලියෙක්ට කිකිලි පැටව් දෙන්නෙක් ක්‍රොස් කරනඑඅ බලාන්කො ඉතිම්,1,sinhala
මේ මල්ල ගත්ත එවුනුත් ගොඩක් උඩ පැනගෙන ගිහින් පොට්ටුවට කෙළිය...!!!,0,sinhala
ෂනු අදින්නෙම ඇන්දොත් කොල්ලෝ ෂනු දිහා දෙපාරක් බලන විදිහේ ඇදුම්මයි අදින්නේ අනික පට්ට විදිහටනේ මහත් වෙන්නේ වට්ටක්කා URL This Tweet is unavailable.,0,sinhala
පොඩි එවුන් ටික අත් බැඳගෙන කීකරුව ඉන්නව දැක්කම දුකේ බෑ #lka #GenElecSL,0,sinhala
රනිල් අගමැතිතුමාගෙ නම කැත වෙයි කියල මට බයයි.. – ජනපති | ලංකා සයිබර් නිවුස් URL,0,sinhala
පට්ට නේ?,0,sinhala
යලි ඉපදී ඇත.කාටද බන් ඕවා කියන්නේ,0,sinhala
තවත් මේ වගේ සිදුවීම් වලට සම්බන්ධ මිනිහෙක්ද දන්නේ නෑ.. කාන්තාවන් රැසක්ම ඇසුරු කරලා තියෙන බව මිය ගිය කාන්තාවගේ අයියා කරපු ප්‍රකාශයෙන් හෙලිදරව් වෙනවා..,0,sinhala
අඩො උඹ කිව්වේ ඉස්සෙල්ලා,0,sinhala
පට්ට සැපක් අරන් සල්ලි දෙන්න බෑ කියා සද්දේ දාපු පොලිස් ලොක්කා අතේ මාට්ටු. URL,0,sinhala
අපේ සිංහල කියමනක් තියෙනවා බල්ලගේ වැඩේ බූරුවා කරන්න යනවා කියලා.. ඉතිං අධිකරණ කටයුතු ෆේස්බුක් එකේ විසඳන්න යන්න කලින් තීරණය කරන්න ඕනේ බූරුවා කරන්නේ තප්පුලන එක මිස බුරන එක නෙමේ කියල... ඒ වගේම බූරුවා කළ යුත්තේ බර ඇදීම මිස බල්ලා ගේ බිරුන වෙනුවට තප්පුලෑම නෙමේ කියලා..,0,sinhala
ඇග විතරයි. මොලේ නෑ,0,sinhala
All the best ස'. පැය 11-12ක ෆ්ලයිට් එකක නාකි පප්පලා දෙන්නෙක් යනවා ඩිප්ලොමැටික් දේවල් කතා කරන්න.,0,sinhala
ජාතික බොරුව. - බල්ලා හපයී ද බන්. - නැහැ බන් !,0,sinhala
#ඉමේජ් එකේ classයන්නෙ මෝඩ ළමයි,0,sinhala
හා එහෙනම්.ඕන එකෙක්ට ඇවිත් ඕනෙ දෙයක් කරන්න කියල අපි ඔන්න ඔහෙ දෙනියායටවෙලා ඉමු ඒයි (සා ෂෝයි ගල),0,sinhala
කාලක් මොනවා කරන්න ද බොල... බොතලයක් අරන් වර..,0,sinhala
කොමිසම අවුරුදු 5ක් දුවයි වගේ...... ඊට පස්සේ කියයි තව වරමක් දෙන්න කොමිසමේ වාර්තාව අනුව දඩුවම් දෙන්න කියලා... බයියෙක් හැටියට ලැජ්ජා වෙනවා යන ගමන ගැන..!,0,sinhala
"""ගහෙන් වැටුනු මිනිහට ගොනා ඇන්න වගේ"" කියන එක මේකෙදි වෙනස් කරන්න වෙනවා ""පැළෙන් වැටුනු ගොනාට අළුකෙහෙල් දුන්නා වගේ"" කියලා..",0,sinhala
ඕයි එදා රෑ මං සාප කරාට පස්සෙද කකුලට කෙල උනේ?,1,sinhala
"ඉගෙනගත්තට අං තියන මේ වගේ මිනිස්සු කැම්පස් ගියාම ඔලුව උදුම්මගන්නවා තමා. රෙද්දෙ සංස්කෘතිය, යකෝ කෙල්ලෙක්ට තමන් කැමති... URL",1,sinhala
ව්‍යාපාරිකයන්ට දඬුවම් කරල වැඩක් නෑ.. එයාලට උදව් කරපු රාජ්‍ය නිලධාරින්ට දැඩි දඬුවම් පමුණුවන්න... නැත්නම් මීට පස්සෙත් ඕකමයි වෙන්නෙ..,0,sinhala
ලයිට් කණුවක ඔලුව ගහගන්න..ගොනා වගේ ආයෙ ලව් කරන්න යනවා..,1,sinhala
"ඒ වගේද කෑල්ලක් ලයින් කරකර ඉද්දි එකපාරට කඩා වැදිල ඒකිට බනිද්දි . . . ""පට්ට වේසියො . . .මගෙ කොල්ලව කනව"" කියල",1,sinhala
තමුසෙලා කවද්ද අයිසෙ ජනතාව වෙනුවෙන් පෙනී හිටියෙ,1,sinhala
එඩිරස් එක දාපන් සනුහරයක්ම ගෙදරට එවන් උඹ මොනවද පකෝ මම ගැන දන්නේ කටවහන් හිටපන් නැත්නම් ඇට දෙකත් එක්ක කටේ ඔබන්නේ පයිය,1,sinhala
කොච්චර දෙයක්ද බෝඩිමටම නාකි වෙනවට වඩා,0,sinhala
හොඳ වැඩේ තොට. බඩජාරියා :D,1,sinhala
ගොනා බල්ලා බූරුව එක්කො එපා මේ සත්තු හොදයි මුට වඩා,0,sinhala
Stella වෙද්දී කටට රහට සැරට යන මේ අපේ අලුත්ම dish එක මේ මාසේ පුරාවටම 15% discount එකට ගන්න පුළුවන්. තවත් ඇයි බලන්... URL,0,sinhala
"“තෝ දුන්න බඩුවලින් අහලා බලපන්…මගේ වැඩ …”,සිගරැට්ටුව 3ට කඩා ගැහු පුජිත-නිමල්, - URL via",1,sinhala
ටහුඩු යකෝ .. කෑල්ලට කීපන් බර්ත් ඩේ එකට විශ් කොලා කීලා,0,sinhala
නාකි හුරතලේ..,1,sinhala
ලංකාවේ වෙඩින් එකකදී මනමාලි වෙඩින් එක කණපිට පෙරලෙන්න යාලූවෝ එක්ක දැම්ම පට්ට ඩාන්ස් එකක්... URL,0,sinhala
මේ වෙලාවේ twitter නැති උන්,0,sinhala
ඔය කීබොඩ් එකෙන් රගන වීරයන්ගෙ වී‍රත්වය තියෙන්නෙ ඩේටා තිය්නකම් විතරයි ඩේට ඉවර උනාම නැට්ට පුකෙ ගහගත්ත බල්ලා වගෙ..පකෙ ඩේටා බැදීම ..උබට උබ විතරයි මට මම විතරයි . ..වදින එකෙකුට වදී,1,sinhala
තෝ වරෙව්කො වස්සැප් හුක්,0,sinhala
"ස'ගෙ බැරියාව වහන්න එදා වේල හම්බ කරන් කන පොඩි මිනිහව විකුනන් කන්න එපා යකෝ තොපිට හෙන ගහයි වහල් හැතිකරෙ රට වහපු නිසා එදා වේල හම්බ කරපු මනුස්සයා අනෙ හුකෙ ඕවා හිතන්න තිබ්බෙ පැණි,මුට්ටි පෙරලපු කාලෙ එතකොට ඒවා වෙනුවෙන් කඩෙ ගිහින් අද පෙලපාලි පිටින් දාලා ඇග බේරගන්නවා ඊයා උත්තො සිකේ",1,sinhala
"කතාකරකර සිටීමෙන් පලක් නැහැ, ක්‍රියාවට නන්වන්න, මේ රට අද තියෙන තත්වයත් අනුව දේශනයෙන් වෙනස්කල නොහැක, එය කලහැකිකෙ දැඩි නීති පැනවීමෙන්ම පමනයි!!!",0,sinhala
තඩි තඩි තඩි ද කුරුම්බා?,0,sinhala
ඒකට අපේ ගොන් හැත්ත ශරියාද මොකක්ද අවලන් නීති උගන්නන ඉස්කෝල අරින්න බලන්නේ. #lka lanka C news · 2 Jul 2017 යුරෝපා සංගමයේ ඕස්ත්‍රියාව ඉස්ලාමීය ලදරු පාසල් වසා දමයි.. ඉස්ලාමීය ආගම ඉගැන්වීම සහජීවනයට හානියක්..- ඕස්ට්‍රියා විදේශ… URL,1,sinhala
"කන පැලෙන්න සෙට් එක වැඩ කරන බස් එහෙක පැය හයක් යනවා කියන්නේ පූරුවේ කරුම — traveling to Colombo, Sri Lanka",0,sinhala
මේව බලන්නද යකෝ අපි ඉපදුනේ,0,sinhala
මූන පිස්සා කියන්නෙ මොකෙක්ද?,0,sinhala
"ජේ. ආර් කිව්වා නේද අපේ ආරක්ශාව අපිටම සලසගන්ඩ කියල. දැන් අපිව කඩුවලින් කපද්දි දුවපන් පොලිසියට, ගිහින් ඉල්ලගෙන වරෙන් උම්බලාගෙ කඩුව, ඊට පස්සෙ උම්බලගෙ ආරක්‌ශාව සලසාගනින්, මොකද දැන් ඉන්නෙ බැනනේ.",0,sinhala
ඒ උනාට අඬන්න එපා සාදු හොඳේ,0,sinhala
හොදම හරිය ඇගිල්ලෙනේ ඩාලින්.. හැපි බර්ත් ඩේ හු**තෝ 1,1,sinhala
"""කොච්චර පොශ් උනත් අපි හැමෝටම බණින්න ඕනි වෙනකොට මතක් වෙන්නේ f**k d**k bastard නෙමේ මචන්... පො**යා හු*තෝ වගේ දේශීය දේ... අන්න ඒකයි කියන්නේ ""තම රට දේ සිරිසැප දේ"" කියලා.. "" - කොමෙන්ටුවකින් උපුටා ගන්නා ලදී.",0,sinhala
හරිම අමාරු තීරනයක්. එකක් තේරුවොත් 6ක් නැති වෙනවා,0,sinhala
"ඔන්න අපි මොනව හරි කන්න ගන්නකොටම ගෙදර බල්ලා හරි පූසා හරි ඇවිල්ලා ""අඩෝ මොනවද බොසා කන්නෙ, අපිටත් දියංකො"" කියන්න වගේ බලන් ඉන්නව හරිද. අනේ අපිටත් ඉතින් දුක හිතිලා ඒකෙන් ටිකක් දෙනවා. දෙනකන් ඉඳල ඉවකරලා ""හෑයියා මේ මොන ජරාවක්ද"" කියන්න වගේ ඌ යනවා. ඉතින් එතකොට අපි mk යාලුවනේ?",0,sinhala
ලංකාව පුරා පිරමීඩ කේස් හෙන ගොඩක් යනව වගේ මේ ටිකේ..ඒව ගැන නොදන්න අය දැනුවත් වෙලා ඉන්න... #LKA,0,sinhala
උඹට මඩගහන්න.. උඹේ අඩුපාඩු දකින්නම ඔනේ තරම් කට්ටිය ඉදිවී එත් උඹේ ගමන උඹට ඔනේ විදිහට පලයන් උන්ට ඔනේ ෆුකක් කියන්න... URL,1,sinhala
"මෙහේ කන්න නෑ. එහේ විකුණන්න බෑ. ආණ්ඩුවට මැදිහත් වෙලා අරගෙන දුන්නා නම්, අපට ගිනි ගණන් නැතුව එලවළු ටිකක රස බලන්න තිබුනා.",0,sinhala
පොන්නයො තොට බැරිනම් පුලුවන් කෙනෙකුට රට බාරදීපිය තෝ විජයහුකලත් එක්ක හැ#නිය. URL,1,sinhala
24 Season කීයක්ද බොල බලනවා බලනවා ඉවරයක් නෑ..,0,sinhala
ආ දැන් වැඩ කරන්නනෙ CIA ඵකත් ඵක්ක වගේ. බොහොම හොදයි. ඇමරිකන් බිතිය නැති වෙලා වගෙ. දැන් සුද්දො හොදයි නේද .,0,sinhala
රිචඩ් ද සොයිසා ප්‍රේමකීර්ති ද අල්විස් රෝහන කුමාර තේවිස් ගුරුගේ මේ අය කල වරද කුමක්ද මරන්න,0,sinhala
ටහුඩු.. අර රතු ටීෂර්ට් එකක් ඇදන් ඉන්න එක්කෙනා නිකං සාරුක් කණ්නංගර වගේ..,0,sinhala
"මුසලයා කියලා කඩෙන් බැනුම් අහලා,වෙල් දෙකක් කාලා අම්මට සතුට ගෙනාපු හැටි සදුන් කියන කතාව - HARI GOSSIP URL",0,sinhala
ඇයි තෝ දන්නැද්ද? රංජන්ගේ කෑල්ල,0,sinhala
හැන්ගි හැන්ගි ගල් ගහන පුරුද්දක් මගෙ නැ හරිද යාලු මන් උබට කැත වැඩක් කවදාවත් කරේ නැ උබට නෙවේ කාටවත්ම මන් එහෙම ඩෙකයි... URL,0,sinhala
හම්මට තොට ද වැටිල තියෙන්නේ තොව නෙවෙයි මූව,0,sinhala
ඔව් අපි මහරාජනව UNP නායකයා කරමු.. ඊටපස්සේ අගමැති කරමු..ඊට පස්සේ හිටං එළවලා ජනාධිපති කරමු..සිරසේ නිවුස් කියන ඔස්තාර්ලා කැබිනට් ඇමතිවරු කරමු...හා ද....?,0,sinhala
විශ්ව විද්‍යාලවල බාහිර උපාධි පාඨමාලා සදහා නවක සිසුන් බදවාගැනීම අත්හිටුවමින් විශ්ව විද්‍යාල ප්‍රතිපාදන කොමිසම විසින් චක්‍රලේඛයක් නිකුත් කරඇත. ගොං හරක් වගේ තඩි නාකි 45 ගෑණු උපාධි තිබ්බට රස්සා නෑ කියලා පිකටින් කරද්දි කප්පාදු වෙන්නේ තරුණ ළමයින්ගේ උපාධි සිහිනේ.,0,sinhala
මැච් එක ඉවර වෙලා පහලට ආවා ප්ලේයර්ස්ලා බලන්න කියලා.අම්මට උඩු මගේ ගාවම පට්ට කෑල්ලක් හිටියා..සුප්පා.. ඇහැක් එහෙම... URL,0,sinhala
අඩො ගිහිල්ල තෙල් ගහගන්න වාහනේට...,0,sinhala
:හෙලෝ. මේ ඩයලොග් පාරිභෝගික සේවා මද්‍යස්තානයද ? :ඔවූ. මොනාද මහත්තය අපෙන් කෙරෙන්න ඔ්නෙ.? :මගෙ පෝං එකේ ඉන්ටනෙට් සෙටින්ග්ස් හදාගන්න ඔ්නෙ. :මට කරුනා කරල ඔබගේ දුරකථන අංකෙ කියනවද ? :බින්දුවයි. :ඔවු.කියන්න. . . . . . . . . . :හැත්ත හයකෝටි තිස් පංලක්ශ අසූ නමදාස් හයසිය පනහ.,0,sinhala
කැරි වේසිගේ පුතා පාරවල් බ්ලොක් කරලා ස්ටේජ් ගහන්ඩ එපා පකෝ,1,sinhala
"පොලීසිය,ආරක්ශක හමුදා ඔබේ ප්‍රදේශයේ මෙහෙයුම් දියත්කර ඇත්නම් කට පුක වහන් හිටු උන්ට වැඩේ කරගන්න.තොපි වේලාසනම හැමිනුනාම අල්ලන්නෙ පකද.",1,sinhala
ලංකාවට දියුනු වෙන්න බැරි ඒකනේ බ්‍රෝ... ඇඩ්මින්ලා පේජ් ප්‍රොමෝට් කර ගන්න වචනයක් අල්ලගත්තම අපේ ගොන් හැත්ත ඒක පස්සෙ... URL,1,sinhala
අනේ පකෝ තෝ නම් මෙතන කියවන් එන්න එපා තූ යකෝ හොඳ දෙයක් කෙනෙක් කරාම ඒකට රඟන එකට කොහොවත් ඉන්න තොට පුකේ අමාරුවද? දෙයක් කරාම ඒකේ හොඳක් දකින්න බලපන් නිකන් සබ් ගගහා දගලන්න ගත්තාම තොගේම පොන්න කම තමා පේන්නේ,1,sinhala
"සුද්ද ඉතිරි කරල ගිය යටත් විජිත්වදී මානසිකත්වයේ වහල්ලුයි , සුද්දන්ට අවජාතක වෙච්ච එවුන්ගෙන් පැවත එන උනුයි ඉන්නකං මේ රටට වගතුවක් නෑ.",1,sinhala
ඒක මරු වීඩියෝ කෑල්ල...සුබ ඩවසක් හෙලේනාට...,0,sinhala
ටහුඩු කවද්ද නිරෝදාන ඉවර වෙලා ගෙදර ආවේ,0,sinhala
පාලන මිලක් තියා මුලු රජයටම පාලනයක් නෑනේ,0,sinhala
ඔය කියන Idol ද මොක්කුද මං දන් නෑ අයිසෙ,0,sinhala
සම්පූර්ණ කතාව පොඩි කැල්ලක් දාගෙන හැමිනෙන්න හදනවා ඒ සෙබලු මරන්න ආයූධ දුන්නේ ප්‍රේමදාස ඒක කියුවොත් බයයීනේ ඔය රෙද්ද වල් කියලා ඡන්ද කඩන්න බෑ ඔයීට වඩා ලොකු එකක් හොයාගනින් හැමිනෙන්න %යි මෝඩ සජීයගේ පර හැත්ත යි,1,sinhala
උන් සල්ලි වලට කොටින්ටයි සුද්දන්ටයි පස්ස පැත්ත විකුනන හින්ද උන්ට හිතා ගන්ඩ බැරුව ඇති මිනිහෙක් කොහොමද රට ගැන හිතල මෙච්චර කැප කිරීමක් කරන්නෙ කියල..!,1,sinhala
", ඔහොම කරන්න එපා යකෝ",0,sinhala
අනික වනසත්ව ආඥා පනත් කල්පනපු හන මිටියක් එකට දැඩි නීති ඇතුලත් කරලා ධන්ඩ නීති සංග්‍රහ යටතේ දැඩි දඩුවම් දෙන්න ඕනි මේ අපරාද කරන අවලම් මිනිසුන්ට,1,sinhala
"පැය 48 කියා සිටි කණ්ඩායම ජයග්‍රහණය! අන්න නවත්තලා. අපි ගැන හිතලා ලු. අනේ යකෝ. මාට්ටු වෙච්ච හින්දා දැන් බයිලා ගහන්න එනවා. Dinidu de Alwis · 24 May 2021 හොරෙන් කරන්නට ගොස් වැඩේ ලීක් වී හත් පොලේ ගා ගැනිමෙන් පසු, පොර සේ වේදිකාවට පැමිණ Land Cruiser ආනයනය නතර කිරීමට ජනපති මැදුරට සෙට් එක බස්සා බණ දෙසුමට ලොක්කා කොච්චර වෙලාවක් ගනීද? ජෙප්පන්ට රිදෙන්න RT කරන්න. Show this poll",1,sinhala
නෑ අපේ හබීගෙ හොර කෑල්ල,1,sinhala
සීරාවටම මුන් ඔක්කොම ගෙනල්ලා පෙන්නන්න ඔනේ කාලකණ්ණි හැත්තට,1,sinhala
හිතන් ඉන්නේ හරි කෑල්ල කියලා,0,sinhala
සජිත් සර් තමා එකම විකල්පය.... අනිවාර්යෙන් රට දිනවනවා සර්,0,sinhala
"ආපු අතක් බලාන පලයන්, ආව මෙතන ජීව ගුණේ ගැන කියවන්න. මී හරකා.",1,sinhala
අපේ රටේ සමහර කෙල්ලොත් නිකං පාන් වගේ. මෙලෝ රහකුත් නෑ ඇති ගුණ්කුත් නෑ ඒත් පට්ට ගණන්...... #NevEr_GivE________Up,0,sinhala
මේක දැක්කොත් ගුඩ් නයිට් කියන් පලයන් හුත්තො . . . . . . . . . . . . . .,1,sinhala
චීන්නු මෙහෙමත් කොපි කරනවද? මේක බැලුවොත් නම් පිස්සු හැදෙයි | Srilife URL,0,sinhala
ලෝකේ ඉන්න ඕනම කෙනෙක්ට තමන් කැමති විදිහට ජීවත් වෙන්න පුලුවන් (ස්වභාවදහම )කිසිම කිසි අඩු පාඩුවක් දකින්න නැති සුන්දර රටක් උන ශ්‍රී ලංකාවේ මේ විදිහෙ හිත් පිත් නැති කාලකණ්ණි මිනිස්සු ඉපදුනෙ කොහොමද කියලා හිතා ගන්න බැහැ. #lka,1,sinhala
ආපෝ එහෙනම් වැඩක් නෑ.. ටිපි ටිප් එකට වඩා සෙල්ලම් බඩු වලට තමා ආස... ඇයී පැකට් එක කැඩුව ගමන් හොයන්නේ ඒක මොන සෙල්ලම් බඩුව තියෙනවද කියලා... ඒ කාලේ..,0,sinhala
කක්කි බර වෙලානේ ... පට්ට නිව්ස් එක,1,sinhala
මොකක්ද මංදා වහුකුණු චොක්ලට් බිස්කට් වගයක් කෑවා. දැන් කටට එන රහ තනිකරම කෙමිකල් අරක්කු එකක් ගැහුව වගේ. තූ විතරක්.,0,sinhala
හුජ්ජ කරලම බිජ්ජ රිදෙනව බං,1,sinhala
මෙන්න මූ ඔළුවෙ වැලදා ගන්න යනව. යකෝ ඕක බෙල්ලේ ඔතාගනින්. එතකොටයි හරි,1,sinhala
පත්තරේක ආටිකල් එකක් දැක්කා... දැන් මට දැනගන්න ඕනෙ ජෝඩුවක් එකළඟ ඉන්න එක නීතිය උල්ලංඝණය වීමක් වෙන්නෙ මොන වගේ අවස්තාවකදිද කියල. මේ කොළුකාර හැත්ත හදන්නෙ අහවල් ලබ්බකටද දන්නෙ නෑ.,1,sinhala
මොකටද ඇමතිකම මේකට කව්ද පිටිපස්සේ ඉන්නේ ගෙන්නන කට්ටිය බලලා හේතු සොයා බලනු මැනවි. ඔබ තුමාට බැරිනම් ඇමතිකම් කරන්න අනේ රජයේ හොදම නීතිගරුක විනය පිරි ඇති මේජර් කෙනෙක්ට දෙන්න. ඔවුන් හරියටම කරයි.,0,sinhala
එන් පී එම් එකේ ප්‍රතිපත්ති බලලා...ඒ පත්වෙන උදවිය මොන වගේද කියලා බලලා බුද්ධිමත් මිනිස්සු ඒක තෝරාගනීවි.. ඉතුරු අය මේ ලංකාවේ අවුරුදු හැත්ත එකක් වුන විදිහට කොච්චර කැත වැඩ කලත් අපේ මහ එකා තමයි රට ගොඩ ගනනේ කියල හිතලා දූෂිත දේශපාලකයින්ටම ඡන්ද දේවි.,0,sinhala
සාතන් පලයන් අහකට මියා මගේ,0,sinhala
අඩො,0,sinhala
මරු වැඩේ තමයි ලංකාවට උනේ..,0,sinhala
මුන්ට හරියට තාත්තා සහෝදරයෝ යාලුවෝ උම්මා එකක් ජීවිතේට දීලා නැ වගේ නේ හැමිනෙන්නේ. පයි කොටවන්න නෙවෙයි තොලක් දාන්න නෙවෙයි හැමිනෙන්නත් නෙවෙයි එන්න කිවේ... වනචර හැත්ත අඩුම ගානේ බෝල පුකක් වත් තිබිලා ඕම බය වුනානම් කමක් නැ ලෑටි පුක TuTu  · 7 Dec 2019 බුදාම්මෝ කොලු සීන්,1,sinhala
"වත්මන් රජය පාලකයා ලක්ෂ 5ක් නොවන ලක්ෂයක්වත් නැති ඡන්ද ගුණ්ඩුවට රැවටිලා සම්බුදු සාසනය කෙෙරාඨික බොන් එගෙන් මිෂනාරී ජෙෙනයෙකුට විකිණිම රට ජාතියම විරැද්දයි ‘තමුසෙ තමුසෙගෙ හෙළුව ලෝකෙටම පෙන්නල ඉවරයි’ පිටිදුවේ හිමිගෙන් ඥාණානන්ද හිමිට ප‍්‍රහාරයක්... ! Video Link - facebook.com MahaMuni News.com - තමුසෙ, තමුසෙගෙ නිරුවත ලෝකෙටම පෙන්නලා ඉවරයි! |... URL URL URL",1,sinhala
"ධම්මික රණතුංග වරායේ සේවකයෙකුට බැන වදියි: ‘මං තමුසෙ ගැන බලා ගන්නම්.තමුසෙගෙ ෆයිල් මගෙ ළඟ තියෙනව,තමුසෙ හිතන් ඉන්නේ මං බබෙක් කියලද’ #SriLanka :)",1,sinhala
මේ වේස කැරියන්ව ස්ලැබ් එකක හරහට දාලා කොන්ක්‍රීට් වක්කරන්න ඕනා. Posts per month unlimited. මේ හුත්තෝ කරන්නෙ මොනවද කියලවත් දන්නවද දන්නෙ නෑ.,1,sinhala
සාජ්ජේ කියල ටැග් දාන්න හිතෙන්නේ නැහැ බොල අතල් එකක් ගියහම තොපි පොන්න රැල කාල ගම,1,sinhala
"සාලාවේ අසරණයන්ට නැති, අරනායක අසරයින්ට නැති කොටියට පමණක් හිත උණුවෙන අවජාතක හැත්ත නොහොත් ""නව පරපුර"" #sri #srilanka",1,sinhala
"පැත්තෙන් දාලා තියෙන රේල් පාර ක්‍රොස් කරන අර තඩි අලි හැප්පිලා මරෙනවනන්, දිවියෝ, වලස්සු අරුන් මුන් හැප්පිලා මැරෙනවනන්, බල්ලෝ , බළල්ලුත් පාරේ හැප්පිලා මැරෙනවනන් අර මහා කැලේ මැදින් හදන පාරේ යන වාහනේකට IUCN Red List එකේ ඉන්න එක සතෙක් හරි අහු නොවෙයි කියලා හිතන්න ඇහැකිද ?",0,sinhala
"low class fellows පයිය තමයි.ගොන් හරකෙක්ගේ කතාවක් Andrew Fidel Fernando · 14 Mar 2020 Look you low class fellows, the Royal-Thomian went uninterrupted through two world wars, the Spanish flu, the plaguethe meteor-strike that killed the dinosaurs,partying through all of that is a point of prideabsolutely no reason for profound embarrassment.",1,sinhala
200g වත් අරන් පලයන්,0,sinhala
මුගේ හොර මූණ දැක්කාම පේනවා.,0,sinhala
මිනිස්සුන්ට පුක කහගන්න නියපොත්ත නැතත් නායකයෝ තෝරද්දි අඩි ගහන් නැති බඩු ගහන් නැති බිත්තරවත් කන්නැති සුචරිතවාදී බුවාලට කතිරෙ ගහනවා. පරිභෝජනය නොකරන අවලං හැත්ත යටිමඩි ගහන්න විතරයි දන්නේ. අනෙක් මිනිහා කාලා බීලා ආතල් එකේ ඉන්න විනෝදේ උන් තේරුම් ගන් නැහැ.,1,sinhala
හොද වැඩ කරද්දි නැතුව ගොන් වැඩ විතරක් කරද්දි ඇයි #2000න්පස්සෙ tag එක වදින්නෙ,0,sinhala
"ඔයාට ""පක"" කියලා ඇහෙද්දි ඒ ලගින් ""කිම්බ"" කියලා ඇහුනේ නැත්තන් පුදුමයි දුලා.....",1,sinhala
"ඒකනේ බන්, බලපන් මේ පට්ට වේසි කියන ඒවා. මුන් වගේ උන් තමයි යුද්දෙදි මැරිල යන්න තිබුනේ.",1,sinhala
"ඉතින් කොහොමද කියපල්ලකෝ කෙල්ලෝ විස්වාස කරන්නේ. යකෝ එච්චර උදව් කරපු, එච්චර තමන්ට ආදරේ කරපු කොල්ලව මරවන්න තරම් මේ ගෑණි කොච්චර පාහරයිද. මම මේ වගේ සීන් එකක් දැකලා තියනවා මම ඉස්සරහම මගේ යාලුවගේ කෙල්ල ඒකී ලව් කරපු හොර කොල්ලාට කියලා ඌට ගැස්සුවා. මමයි බේර ගත්තේ. නොදකින් මෙහෙම උන් නම්",1,sinhala
මෙෙත්‍රී සිංහලෙන් කතාකරපු එක; සිංහල නොතේරෙන අනික් රටවල් 192ටම ප්‍රශ්නයක් නෑ. ඒත් ලංකාවේ සමහර උන්ට හෙන ප්‍රශ්නයක්,0,sinhala
මහින්දගෙ රන් දෑතින් සිමෙන්ති අනාගෙන හදපුව ඔය.. ගල් වැලි ඇද්දෙ දරුවො පාර තැලුවෙ ගෝඨ වතුර ඉස්සෙ බැසිල් දැන් කැත කතා කියන් එන්ඩ එපා මිනිහො,0,sinhala
මං හිතන්නෙ ඒ ගෑණි ලෙස්බියන් 𝗦𝗮𝗻𝗱𝘂𝗻 · 23 Apr 2019 මරාගෙන මැරෙන ගෑණිට මිනිස්සු 72ක් ලැබෙනවද එතකොට? t.co/x42s8hUjnb,1,sinhala
කුඩු ටිකයි පතාලේයිත් ඔය එක්කම සුද්දම කරලා දැම්ම නම් සුපිරිම සුපිරියි,0,sinhala
ඌ එහෙම කරද්දි බැල්ලි පාඩුවෙ ඉන්නවා. පොඩි එකා කිරි බොද්දි තනේ හපනවා කියලා කීප පොලකට කතුරකින් ඇනපු මිනිස් අම්මා කෙනෙකුත් දැක්කා නිවුස් වල.,0,sinhala
ඔකට නොගිහින් හිටියොත් 72 නැතිවෙයිද????,0,sinhala
"""ඉදිරියේදීත් මෙවැනි නීති විරෝධී ක්‍රියා රට හමුවේ අනාවරණය කිරීමට අද දෙරණ හුකුස්සා අවධානයෙන්..” මේක කරන එකාගේ ගොන් ඇක්සන්ට් එක ඇහෙද්දී ඇඟේ හුකුස්සා නටන්නෙ මගේ විතරද?",1,sinhala
කන ලඟට ඇවිත් කෑ ගහන මදුරැවන්ට සාප වේවා,0,sinhala
දේදුනු චාපා කියලා අක්කෙක් ඇති පොඩ්ඩක් පරිස්සමින් හොදේ.. මහා උගත් කෙල්ලක්... හොදේ... ගොනෙක්ට වගේ හෙන මොලයක් තියෙනෝ එයාට... :v :v :p :v :3,0,sinhala
කොන්ඩේ කැපු අලුත් බාබර් කැ**ට හෙන 100ක් ඉල්ලා පොල් ගෙඩියක් ගහන්න අපේ අම්මාත් මේවට වග කියවයුතුය ්මා මාස්ක් තියන නිසා කැත මූන වහන් යනවා රෙද්ද,1,sinhala
රටේ ණය කෙවන්නේ කෙසේද? පරිසරය විනාශ වෙන් නැතුව රට තිවුණු කරන්නේ කොහොමද? ජාතන්තිරයේ ඉස්සර ලංකාව ගොඩ කන්නේ කෙසේද? ඉහළ යන ජීවන වියදමින් දුක් විඳින්න දුප්පත් ජනතාව සඳහා සමාජ සුබසාධන ක්‍රම මොනවද? 21වන සියවසේ අභියෝග සඳහා රටේ අධ්‍යාපන ක්‍රමය වැඩිදියුණු කරන්නේ කෙසේද? එත් විද්වත් කමිටුවට:,0,sinhala
සැරයන් දුවනවා හුත්තො රා ටික දාලා. තොපි දැක්ක ද,1,sinhala
කවුද පකෝ පවතින ආණ්ඩුවට කඩේ ගියේ උඹනෙ මෙතන කඩේ යන්නෙ හීනමාන වලින් මිදියන් පුක දෙන් නැතුව,1,sinhala
එන්න ඉන්න අයට කිය ගානෙ දෙන්න පොරොන්දු උනාද දන්නැ නෙ,0,sinhala
සෙට් උනා පලො වස්ල මට එක කටට මගේ එවගෙන්ම උන් කෙලියා මගේ කටට #TweetlikeUnfollowNangi (2/2),0,sinhala
මං කැත වුණාට මගේ කොල්ලා ලස්සනයි,0,sinhala
", මොකකුද බන් මේ කුහක යක්කු,ඒ කාලේ අර මල් මල් ජංගි ඇදපු ගූ රාජ් කිව්ව ජෙප්පො කොන්ඩෙ රැවුල් වවං ඉන්න නාන් නැති සෙට් එකක් කියලා දැන් රාජපක්ෂ පිලිකන්නේ ඉඳුල් හෝදන උන් කියනවා ජෙප්පො පොෂ් වැඩීලූ,යකෝ හරියට එකක් කියහංකෝ",1,sinhala
ඔබාමාගේ බල්ලා පැහැරගන්න කුමන්ත්‍රණය කරයි පුද්ගලයෙක් අත් අඩංගුවට. ඇප නොදෙයි !!!... URL,0,sinhala
තු නොදකින් තොගෙ පඩික්කම් මුඛය,1,sinhala
"මේ කාලකන්නි රෝග ලක්ශන ඔක්කොම හන්ගගෙන ඉස්පිරිතාලවලට ගිහිල්ලා, ඒ ඉන්න වැඩකරන මිනිස්සු ටික අමාරුවේ දානවා.... ඊට පස්සෙ නිකන් ලෙඩකටවත් බෙහෙතක් කරන්න දොස්තර කෙනෙල් නැති වෙනව. මේ සක්කිලි නිසා රටක් අමාරුවේ...",1,sinhala
අනේ මේ පයිය.කට වහන් හිටු,1,sinhala
ගොනෙක් උනා කියලා උම්බෑ කියන්න එපා බුරු පුතානෝ... තවුසෙ වගේ ගොන් හරක් කියන දේවල් අහන්නේ තවුසෙ වගේම බුරුවො...ඒ රණවිරුවෝ ඇහුවේ වගකීමක් ගන්න පුළුවන් මනුස්සයෙක් කියන දේ...දැන් වැලක් කපන වලලියන්...,1,sinhala
මාත් Repeat ටෞකන්ඩ කරන්නෙ නෑ මේ පාර...හුත්ත,1,sinhala
ඉස්සෙල්ලා ආවෙ බිත්තරෙද කුකුලාද කියලා ගොන් ප්‍ර්ශ්න අහලා #අවදානවැස්සියෙක් වෙන්න එපා..,1,sinhala
ප්‍රතිපත්ති තියෙන්නේ මිනිස්සු රවට්ටන්න..,0,sinhala
මේ තියෙන්නේ ගොං තම්බීන්ගේ සංහිඳියාවේ තරම.. ඕකලා ඔක්කොම එකයි පර හැත්ත.. :19 views,1,sinhala
"බුබුලුගෙන් නෙමෙයි බන්, උබෙන් තමයි ගොන් කතා අහගන්න වෙන්නෙ. කට ඇරියොත් අනාතයිනේ ඉතින්",1,sinhala
ඇඟ බේරා ගැනිමේ කලාව.... කොම්ෂන් සභා පත් කිරීමයි.,0,sinhala
පොන්න සජී ගෙවල් බෙදන විදිය URL,1,sinhala
"ටහුඩු, ගමේ foodcity එකේ කැශියර් ඉන්න කෙල්ලො ටික මල් චීත්තෙයි කහ පාට හැට්ටෙයි ඇදන් ඉන්නේ...",0,sinhala
කාලෙකින් හිරු එකේ රන්ගන කරන 'මේක පුදුම ලෝකයක්' බැලුන. මූන් මේ පැය බාගෙට බොරු 10 ක් විතර විද්‍යාත්මක ඇත්ත වගේ රස කර කර කිවුව. පවු දන්නැති අහින්සක මිනිස්සු හරි හොද educational වැඩසටහනක් කියල හිතාගෙන බලනව ඇති. ගොන් #හිරු #හිරුtv,0,sinhala
මේ නාවලපිටයේ ඉන්න පට්ට හොරෙක්. නුවර ටවුමේ ඉස්කෝල හදන්නේ මෙයාගේ අම්මගේ අප්පා ගේ බූදලෙන් ද දන්නේ නෑ නේද? තියෙන ඉස්කෝලත් වැඩිවෙලා නගරයෙන් පිටට ගෙනියන්න ප්ලෑන් හදද්දි මේ වගේ පිංගුත්තරයෝ කොහෙන් හරි ඇවිත් නුවරම කන්න හදනවා.,1,sinhala
#SMDayAfterParty ගිහින් ඇවිත් ගල් මුසලයා වගේ දවසම නිදාගෙන දැන් නින්ද යන්නේ නැහැ යකෝ,0,sinhala
අපි දැන් මුගේ පම්පෝරි අහන්න ඕනේද?යකෝ අපේම මිනිස්සු 321 මැරුණා.දැන්ද තෝ නින්දෙන් ඇහැරිලා වගේ ආරක්ෂක අංශ වෙනස් කරලා ඒවා ශක්තිමත් කරන්න යන්නේ.අනේ තෝ ගිහින් කුඹරක් කොටාගෙන පොලොන්නරුවට වේලා හිටපන්,1,sinhala
"හීනයක් දැක්කා , පරණ #Crush එකත් එක්ක පහන්තුඩාව බලන්න යනවා . වැඩි දුරක් යන්න හම්බවුනේ නැ ගමේ කොල්ලෝ ටිකක් ඇවිල්ලා තඩි පොලු පාරවල් දෙකක් ගැහුවා . බුදු අම්මෝ කියාගෙන දිය ඇල්ලට පැන්නා . තාමත් රිදෙනවා ඇදෙන බිමට පැනලා කොන්ද ඇනිච්ච එක .",0,sinhala
මොකක්ද පකෝ කරේ..මගෙ නමත් තියාගෙන ගම කෑවනේ අපරාදේ චන්දිගේ විකට් එක,1,sinhala
සීලාවතුර නා/සෙබළු තිදෙනකුට පහරදී සෙබලෙක් හිරකරයි බේරාගත්තෙ නීතිමය පියවර නොගන්න පොරොන්දුව මතය නොදකින් URL via,0,sinhala
වමෙන් කාලා වමෙන් පුක සෝදන උන් අත උස්සපන් බලන්න?,1,sinhala
මේවට හිනාවෙන්න ඔලුව පිටිපස්සෙනුත් කටක් ඕනෙ. URL,0,sinhala
පිස්සු පූසව බලන්න ඕනේ youtube එකේ,0,sinhala
හෙළ කරුමේ කරන්න හැදුවේ ඕක තමා.. කාළකණ්නි පක්සෙට බුද්ධාගමේ පදනමක් තියනවාය කියලා විහිළුවටවත් කියන්න එපා වල් පරයෝ.. URL,1,sinhala
අඩො බොලාට නින්දෙන් හුස්ම ගන්න අමතක වෙන ලෙඩේ තියනවද. සමහර දවසට මා ඇහැරෙනව හුස්ම හිර වෙලා. :/ :( සිරා බන්. .,0,sinhala
කොටු වුන එක හොදයි,0,sinhala
අද නම් මහ කරුම දවසක් බෝල් කරා wicket දෙකයි Bat කරා බොල දෙකයි,0,sinhala
කොච්චර කලකිරුනත් උඹල ගැන නම් විස්වාසය ඉතාම අඩුයි. අලුත් නායකයෙක් එක්ක ආවොත් පොඩි චාන්ස් එකක් තියේවි!,0,sinhala
තෝ මැරිස සෙරමිකා,1,sinhala
"පල්ලි වලින් කඩු හොයාගද්දි, කඩු එක්ක මුස්ලිම් උන් අත්අඩංගුවට ගද්දි කටයි පුකයි වහගෙන හිටපු පොන්න වේසිගෙ පුතාල දැන් එනව කඩු වලින් මාලු කපනව කියාගෙන. මේව දකිද්දි නම් ඇඟේ මාලු නටනව ඇත්තමයි අම්මගෙ රෙද්දෙ සහජීවනේ කියල දෙකක් කියල දාන්න. තොපි මොක්කුද?",1,sinhala
මිනිස්සු වැටි වැටී හරි කොළඹ ආවේ මේ දේශද්‍රෝහී කාළකණ්නි පරගැති නිවට අවජාතක ආණ්ඩුවට විරෝධය පාන්න... තව ටිකකින් මහින්ද මහත්තයාම ඇවිත් විමල් වීරවංශ මැතිතුමා උපවාසයේ යෙදිලා ඉද්දී දුන්නා වගේ තමන්ගෙ අතින්ම මේ මනුස්සයාට වතුර එකක් දීලා නැගිට්ටුවාම බොලාට... URL,0,sinhala
අපිව සෝ සුසුමෙ ගිල්වන්නෙ නැතිව පුලුවන් ඉක්මනට වරෙන් අම්මාාා ලංකාවට පුදුම පාලුවකින් ඉන්නෙ අපි..හිටං ගොන් කථා අහන්නැතිව මැටි වැඩ දකින්නැතිව,0,sinhala
ඒවා ඇවිත් නෑ... මීට ටික දොහොකට කලින් නම් තිබුණා..... ඒත් ඒවා වික්කා .... හෙන කරදර ඒවා,0,sinhala
හැම තප්පරයකම යන්න පුලුවන් උපරිම වටේ ගිහින්.. අන්තිමට තාත්තා තමයි මගේ ලෝකෙ වීරයා කියල අප්පට හැමනෙන පට්ට වේසියෝ... ඉන්න රටක් මේක...,1,sinhala
අඩෝ පට්ට යකෝ.. වැරදි හදාගෙන ... මේ පොඩි කාලෙන් ඇගත් හදාගෙන,0,sinhala
මේවා එවලා තියෙන්නේ Fairway Holdings අයිතිකරු වන හේමක අල්විස් ට. මේ අහිල්ලා උගේ සාමාන්‍ය Amsterdam shipment එක. මේ සැරේ මාට්ටු. අවුරු ගණනාවක් කිසි ප්‍රස්නයක් නැතුව මුගේ බඩු කස්ටම් එකෙන් ගෙදරටම එවුවා. #lka #SriLanka,0,sinhala
"පට්ට බැල්ලි, ගහනව තොට වැලි තෝ මගෙ විශ් එක දැක්කෙ නෑනේද?",1,sinhala
"""මගේ හිතට ගොඩාක්ම අමාරු මගෙත් එක්ක එකටම හිටපු එයාල දුක් විඳිනව දැක්කාමයි"" සසරේ දුක පසක් කරමින්, අපායට ගිහින් ආව පුද්ගලයෙක් කියන කතාව - Hell URL",0,sinhala
විහිලු දන්නේ නැති පොන්න චීත්ත ඉන්නවනමි පුක නොදී දැන්ම Unfriend වෙලා පලයල්⁣ලා — feeling angry,1,sinhala
"අනේ නන්දේ.., තමුසේ ජාතික ආරක්ෂාව ගැන හූනු බිජ්ජක්වත් දනී නම් නයි මුගටි රටවල් දෙකක් තමන්ගේ වත්තේ රෙද්ද අස්සේ දා ගනීද? -වරාය වෘත්තීය සමිතියකින් නන්දසේනට ලියුමක් lankaenews.com LEN - | If Gotabhaya knew even a what about National security, would two sniper...",1,sinhala
විකට් ගනින් යකෝ .. තොපි ගෙදර යන්නද හදන්නේ .. ඒ දර්මේ අන්කල් .. ඇගිල්ල උස්සපන් යකොව් මොකේට හරි .. #CWC15 #AUSvIND,1,sinhala
යන්නේ කොහෙද මල්ලේ පොල් වගේ නේ නිව්ස් එක,0,sinhala
මෙයාලා දන්නේ නෑ ෆ්‍රෙන් ඒවා අර sky එකට වතුර පුරවන් යන හුජ්ජ කොල්ලා දැකල වත් නෑ ඒවා Sukiya · 10 Mar 2018 Smoking kills රිද්ම අයියා එක්ක ගහපු එක,1,sinhala
ඒ කියන්නෙ මෙිිගොල්ලන්ට වැරදි කරන්න පුලුවන් දඩුවම් දෙන්න බෑ.මාර trade unoin ඔිියි මෙිිවා.,0,sinhala
ඇය නලවනකොට බඩුව වගේ yo yo,1,sinhala
අපේ ඔෆිස් එකේ ඉන්න ගෑනුන්ට පිස්සු බන්. රෙද්ද,0,sinhala
ඒක ඇත්‍ත. නමුත් යථාර්තයනම් ඕක වෙන්නෙ නැහැ. විශේෂයෙන් private sector එකෙ Customer service ලේබලයෙන් කරන්නේ තම සෙවකයන් බිල්ලට දි යටිකුට්ටු ආකාරයෙන් ලාබ ලැබිමයි.,0,sinhala
", මේ මලයො මොකො කියන්නේ උසට සරිලන කතක් හොයලා දෙමුද නදිස් අන්කල් දෑන් හෙන නාකිත් එක්ක නේ",1,sinhala
තෝ කවුද යකෝ පියුමිට පරට්ටි කියන්න . වේසාවි,1,sinhala
වැස්සේ බදුල්ලේ පාරේ තඩි වෑන් එකක් ගෙනියනම එකම මදැයී..මාව පාස් කරන්න..,0,sinhala
"අන්ඩුවට තෙරෙන්නෙ නැතී හැටි, කිසිම හදවතක් නැති ආන්ඩුවක්,",0,sinhala
"එකෙක් ඉන්නවා,ඌ හිතන් ඉන්නේ ෆේස්බුක් එකේ හැම hiking event එකටම interesting දැම්මම පට්ට ට්‍රැවල් පොර කියලා වැදියාආආආආන්",1,sinhala
හොදම කාලකණ්ණි සම්මානය Goes to සසී හන්සමාලී,1,sinhala
"අවස්ථා වාදී, උරෝ කැකුණ තලනකොට නටන හබන් කුකුලෝ දැකල නැද්ද? ඔන්න බලා ගන්න. පහුගිය චන්දෙදි ලැබුන මොලේ මාන්දම් වෙන පරාජයෙන් පස්සේ නැවත සුපුරුදු ධාර්ශනික බඩගෝස්තරවාදය වපුරන ලොවෙත් නැති සමාජවාදය.#නොදකින්,#lka,#jvp,#SriLanka DailyMirror · 11 Apr 2018 JVP to launch massive protest campaign for pay hike URL",1,sinhala
කෝ මේ සිරිසේන හොඳ නෑ කියපු අය...,0,sinhala
බයි සෙට් එක දැන් ෆෝම් වෙන්නෙ සිරිසේන රනිල් සය්ටම් ගෙනාව වගේ..ඒකාලෙම ස්ටෑන්ඩඩ් ෆේල් කියල ඕ ලබ්බ වැහුවනම් ලමයි අනාථ වෙන් නෑනේ..,1,sinhala
ඔය සංගමේ කියන්නේ අර යසිරු කියන කොලු පැටියා අටවා ගත්ත හොර සංගමේද? අනේ යකෝ.. ඌට උපාධිය ඉවර කරන්න කියපං මුලින්ම,0,sinhala
නීතියක් නැති රට... ඉන්දියන් එවුන් නම් සක්කිලි.. ගෑණියෙක් අහු උනාම බල්ලොන්ටත් අන්තයි.. තුහ්.. තිරිසන්නු..,0,sinhala
ආ.. පට්ට ඩීපී ඇ...,0,sinhala
"අවුරුදු ගානක් මේ දෙන්නා අතරේ සම්බන්ධයක් ඇතිකරන්න උත්සාහා කරලා බැරිවුන තැන කේන්ති ගිය අධිපති දෙවියා, මේ දෙන්නාට සාප කලා… මේ දෙන්නාම අපායට යන්න ඕනේ කියලා… “ “අනේ..!” “දිව්‍යලෝකේ අය අපාය කියන්නේ අපේ මේ මනුස්ස ලෝකයට…""",0,sinhala
නාකි ජනතාව හයෙන් එකකට වගෙ අමාරු වෙනව කිව්ව එක ඇත්ත වගෙ කොවිඩ් හැදුන පාර්ලිමේන්තු කාන්ඩෙන් පවිත්‍ර නෝනා 6 වෙනියා නේද,0,sinhala
ඔයා දන්නවනෙ ඉතින් ඩාලින් අපි හොඳ ළමයි කියලා,0,sinhala
"කැමති කෙනෙක් ඉන්නවනම් ඔය දෙකෙන් මොකක් ඇන්දත් කමක් නැහැ. ගෑනුන්ට බඩු කෑල්ල කියලා කියන සමාජය වෙනස් කරනවා මිසක්, හැම ගෑනියෙක්ටම ලෝගුව පොරවන එක නෙමේ කරන්න ඕනේ. මොන ඇඳුම ඇන්දත් බඩුව කියලා සමච්චල් කරනවානම් ගාන අහනවනම් ඒක කාන්තා හිංසනය. උන්ට එරෙහිව නීතිමය පියවර ගන්න ඕනේ.",0,sinhala
යහපාලනයට කඩේ ගිය පර හැත්ත අද කියන කතා අහනකොට අපිට නෙමෙයි කතිරේ ගහපු තොපිම් හිතලා බලපල්ලා #lka #SriLanka #SriLankan,1,sinhala
අඹුව වැන්දඹුව බඩුව.... උඹ ඇයව ගෙනාවෙ උඹෙ ආදර අඹුව කරලා...... උඹ ඇයව දලා කොහෙටද යන්න ගියේ වැන්දඹුව කරලා...... තනියෙන් ජිවිතේ ගැට ගහන්න දගලද්දි ගමෙ වුන් කිවා ඇයට බඩුව කියලා.... උඹලා හැමොම නම් ගම් ගොඩක් දිලා දැන් ඇයම දන්නේ නැ ඇය කවුද කියලා.....,0,sinhala
ඉතිරි නඩු වලිනුත් නිදහස් වෙයි,0,sinhala
"සල්ලි වලට වගේම උන් තමන්ගේ දක්ශකමෙන් නෙමෙයි ටීම් එකේ එල්ලිලා ඉන්නේ, දේසපාලුවන්ගෙයි කෝච්ගෙයි පුක පස්සෙ ගිහිනුයි. ඉතින් කොහෙද මැච් දිනන්නේ",1,sinhala
උලමා සභාවෙන් අහලම කරනවද?,0,sinhala
ලයිකා බැල්ලිව හදට යැව්වා වගෙ මෝටිවේශනල් ඉස්පීකර්ලත් හෙන අවදානම් මිශන් වලට යවන්න ඕන.. ඕකුන්ගෙ සෝබන අර්ථකතන නැතුව අපිට ඕන විදියට අපෙ ජීවිත ගෙනියන්න පුළුවන් උන දවසට ලෝකෙ ගොඩක් ලස්සන වෙයි..,0,sinhala
එහෙනම් ෆොන්සේකට අරක දෙන්න ඔයා කියන දේ ඔප්පු කරලම පෙන්නන්න.,0,sinhala
එතකොට ටුවිටරේ කැත කෙල්ලෝ ඇත්තෙම නැතිද...?,1,sinhala
මෙහෙමත් ලොකයක්.රටවල් කිහිපයක බල අරගලයට අහින්සක මිනිස්සු මැරුනා.,0,sinhala
උඹලා වගේ සංකර බල්ලන්ට / බැල්ලියන්ට / නපුන්සකයින්ට නිදහස් මන්දිරයේ පිරිත් කියන කොට අසහනේ බව අපි දන්නවා ප්‍රේතයින්ගෙ ආණ්ඩුව තියෙන කාලෙ දෙසැම්බර් 31 රෑ 10 වෙනකොට කාළකණ්නි ලයිට් නිවනවා. ජනවාරි පලවෙනිදා එලිවෙනකොට නිදහස් චතුරශ්‍රෙ ඉන්න ආස මිනිස්සුන්ව පන්න ගන්න මළ පෙරේත හැත්ත!,1,sinhala
මම කිව්වෙත් ඒ ලබ්බ ගැනම තමා. අනික ඕවා කොහෙද කැනඩාවේ සපුමල්. ඔයාගේ එකවුන්ට් එක ෆේක් කියලා ඔයා ඒම වෙන්න ඕන නෑනේ නේ,0,sinhala
"පාදඩයා, වහාම මූට විරැද්ධව හාමුදුරුවෝ නැගිටින්නේ නැත්තේ ඇයි, මේ පාදඩ එවැලිංජකන් බල්ලා කෝමද බුදුන් වහන්සේට සමාන කරන්නේ, සිංහලයොත්, හාමුදුරුවෝත් ඔක්කොම පොන්නයෝ කියලයි මම හිතන්නේ, පව් සිංහල බෞද්ධයා.",1,sinhala
"රෑ එළිවෙනකං ක්ලබ්ගානේ බිබී ඇවිදින දික්වැල්ලයයි, නාකි හේරයි නොහිටින්න මැච් දිනයි මේං කියලා.",0,sinhala
උබ ආප්ප පාවාදීමක් කලොත් තොට අපි එලව එළවා දෙනවා.... උබ සෙල්ලම් කරන්නේ මේ ලංකාවේ හදවත සමග,0,sinhala
බැල්ලි කිව්වටම තරහ යන්නෙ නෑ මුලට විශේශන පදයක් දාන්න ඕන.,1,sinhala
"මං ගිහින් ඉවරයි බං, උඔ හොයන් පලයන්",0,sinhala
අඩො මචං වයි බන්ග් දෙවන්ත පීස් එකපාර මා මරන්න ⒶⓈⓣⓡⓐ ツ · 21 Apr 2021,0,sinhala
පොන්න කාලකන්ණියෙක්. ඕකට වෙන දේ බලන්නකො දවසක.,1,sinhala
"බොරු කාරයන් මාධ්‍ය වලට ඇවිත් කෝරෝනා වලට බෙහෙත් තියනවලු එයාල ගාව, ඒවා මාධ්‍ය වේසියෝ උඩ දාලා පෙන්වා අහිංසක ජනතාව ගොනාට අන්දන සක්කිලි මාධ්‍යක් ලංකාවේ තියෙන්නේ",1,sinhala
රටක් බේරගත්ත මනුස්සයෙක්ට අපහාස කරන රංජන් උබට හෙණ=න ගහපං තෝ පොන්නයෙක් උනාට මහින්ද රාජපක්ෂ කියන්නේ කව්ද කයලා බලන්න... URL,1,sinhala
රන්ජන්ගේ තවත් හඬ පටයක් නිකුත් වේ.. අසාම් අමීන්ගේ ස්වාධීන රෙද්ද ගැලවේ.. URL,1,sinhala
මේ වේස කොල්ලොත් එක්ක twitter ඉන්න බෑ,1,sinhala
සිංහල බහුජ්ජ ජන නායක මෙන්න යකෝ අර අමුතු ආගම්වලින් ආශිර්වාද ගන්නවා Muhammad Ariff · 8 Sep 2016 wonder what your hardline Buddhist monks would say about this? URL,1,sinhala
හුජ්ජ කෙල්ලොන්ට දන් කඩලා දීපූ ප්‍රියන්ත #Koombiyo,1,sinhala
"මෙන්න මේ පොන්න... පිස්සු හැදීගෙන එනවද කොහෙද, අමුම අපු කාලකන්නියෙක් හයිබ්‍රිඩ් උසාවියක්‌ පිහිටුවීමට කිසි ලෙස ඉඩ නොදිය යුතුයි අනුර කුමාර",1,sinhala
අනේ පල පකයෝ... මහ එකා මහ බැංකුව සුද්ද කරලා මීක් නැතුව ඉන්නවා... ඒවා හොයන්න කොන්ද පණ නැති තොපි කාලකන්නි අනුන්ගේ පුකේ ඇගිලි ගහන්න ගත්තා... රවීගේ ත් international තිබ්බේ. Sack කරපන්කො...,1,sinhala
උබලා බං මල් සින්දු අහන හුජ්ජ කොල්ලො නෙ බං URL,1,sinhala
ඕකා කට අරින්නේ මේ ආණ්ඩුවට මොකක්හරි සක්කිලි වැඩක් කරගන්න අමාරු වෙනකොට තමයි.,1,sinhala
කන්දෙ අයියගේ ගෙදර එහා පැත්තේ බැල්ලි පැටව් දාලා The following media includes potentially sensitive content. Change settings View,0,sinhala
පට්ට බැල්ලි ගහනව තොට වැලි. එහෙම බැරි උනොත් සීනි දාල වෙඩි තියනව කූඹි කාල මැරෙන්⁣ඩ,1,sinhala
ගස්වලින් හදන පේපර්ස් වල තමයි සල්ලි ප්රින්ට් කරන්නෙ අයිසෙ,0,sinhala
මොන හුත්තක්ද බන් අර රුසිරුවා මැසෙන්ජර් ස්ටෝරියේ දාල තියෙන්නෙ -_- බලල නැති එවුන් බලල බඩේ අමාරු එහෙම හදාගන්නව නෙවෙයි ඔන්න,1,sinhala
හෙන ගොන් පාට් බන් ඔන්න Page කාරයෝ ගහ ගන්නවා. අරු මුට බනිනවා මු අරුට බනිනවා. ඔක්කොටම පිස්සූ,1,sinhala
"ඉරානෙට ඩොලර් මි.250ක් ණයක් තියෙනව කලින් ගත්ත තෙල් වලට. අපිට දෙන්න $ නෑ. තිබුනත් ඇමරිකන් සම්බාධක නිසා ඉරානෙට ඩොලර් යවන්නත් බෑ. ඉරානෙ ලෝකෙ ලොකුම තේ ගැනුම් කරුවෙක්. ඩොලර් නැති, $250 million ණය තියෙන අපි තේ දීලා ඒ ණය පියවගන්න එක මාරම ගොන් වැඩක් නේද? #මුන්ට_පිස්සු",0,sinhala
", කැත එකෙක් හොඳයි වෙන එවුන් ටෝක් කරන්නේ නෑනේ එතකොට",0,sinhala
කොටි කටට ගොස් ත්‍රස්තයන් බියෙන් සලිත කළ මහසොහොන් බලකායේ ලුතිනන් කර්නල් ලලිත් ජයසිංහ විරුවා ගැන ඔබ නොදත් දේවල්... URL,0,sinhala
ගුරුවරු තමයි හොදටම කලේ.....,0,sinhala
වාහනේ යන්න එපා කියන එක අපිට තරහ යන දෙයක් උනාට ලිහිල් කරපු ගමන් රෙද්ද කරේ තියං එහෙ මෙහෙ යන්න බලං ඉන්න ගොං හැත්තක් ඉන්න රටකට ඔහොම එකක් තමා කරන්න ඕන.,1,sinhala
නතොං ගඟ... උඹ මිදෙනවා තව දවසින් දෙකෙන් වීදුරු සිත්තමක් මවාගන. මල්තුහින වැටෙනවා ගෙත්තමක් සේ ඒ මත. ගුමී නගරේ සකුරා ඉවුරේ මං හිතින් ඇවිදින් එතන උඹ දිහා බලනවා. උබ බලාපං හිමින් ගැහි ගැහී මම එතන ඉන්නවා. හැම සීත කාලෙකම මම එතන ඉන්නවා. මගෙ හිතින්,0,sinhala
අන්තවාදී සුභ පැතුම් අපිට අවශ්‍ය නැහැ .,0,sinhala
ඔව් සාස්තරයක් කියාගෙන යන්තරයක් විකුනගන.. පැකේජ් වලට පූජා තියාන ඉන්නැතුව.. කන්තෝරු බඩගාන කරුම ජීවිත,0,sinhala
ඉදන් ඩාලින්.ආයෙ 8ට ඉවරයි,0,sinhala
දැන්ද ආනයනය කරන ඒවා පරීක්ෂා කරන්න හදන්නෙ. මෙච්චර කල් කලේ නැත්ද?,0,sinhala
රටට රත්නත්තරේ පිහිටයි නොදකින් මේ දේසපාලනෙ....,1,sinhala
උබේ ට්වීට් නිකන් නෙලුම් මල් පිපෙයි . පුක කසයි වගේ . මුල කෑල්ල අග කෑල්ල ගැලපෙන් නෑ නෙ බං :-D,1,sinhala
අපි සියලු දෙනා මනුෂ්‍යත්වය වෙනුවෙන් පෙළගැසෙමු.,0,sinhala
ඇය උඹලගෙ බලය එදා පරබාහරන්ට පෙන්නුවේ නැත්තේ...?? අඩුකුලේ පර හැත්ත... Vikalpa · 26 Jun 2017 මේ ඔක්කොම අමතක කරලා දාලා මොන හය්යකින් ද අපේ ගම ඇතුලේ හමුදා මුලස්ථානයක් අලූතෙන් හැදුවේ?...URL #land #srilanka,1,sinhala
කඩේ ඉස්සරහිං.. කෙල්ලෙක් ගියා දැං 10 පාරක් විතර.. ආයි පාරක් ගියොත්.. ගහනව 119 එකට කෝල් එකක්...රෙද්ද ටවුකන්න .. එක්කො එන්න ඕනි කඩේට .. බල බල යන්නැතුව...,1,sinhala
මේ වෙන කව්‍රුත් නෙවෙයි අර යුරේනි කියන පට්ට බඩුව.... කොරියවට ඇවිත් හිටපු විදිහ... ඔයිට වඩා හොදයි සුවෝන් වත්තේ මාන්... URL,1,sinhala
2008 ද....යකෝ ඒ කාලේ අපි a/l මෙච්චර කල් හිතන් හිටියේ අපිටත් වඩා නාකි උන්දලා කියලා...,0,sinhala
තෝ හෙන ගඳ බල්ලෙක්?,1,sinhala
"ඔව් ඇවිල්ලා නාකි මැන්ටල් අයියලා දෙන්නගෙයි, මෝඩ මොංගල් බූරු මල්ලිලා දෙන්නගෙයි වලු කඩං කන්න තමයි ඉතුරුවෙලා තියෙන්නේ",1,sinhala
එල එල.. අඩො අනිත් අයට ඇඬෙන්න උඹ අඬපන් ඇහ්.. මගේ මරණෙට අඩන්න කවුරුත් නැති වෙයි මං හිතන්නේ..,0,sinhala
පට්ට කෑල්ල නේ :P,0,sinhala
ලයිසන් අරක්කු බිව්වට අවුලක් නැද්ද උන්න්හේ....!!!!,0,sinhala
බෙල්ලේ අසනීපෙ හොද උන එකම ලොකු දෙයක් නේහ්.... නීතියේ ආධිපත්‍ය කණගාටුයි මිත්රවරැනි......,0,sinhala
ලංකාවෙ ඉන්න එවුන් හිතන් ඉන්නෙ අපි වගේ එවුන් රට ඉන්නෙ හෙන පෝසත් නිසා කියල. ලංකාවෙ ඉදල හරියට කන්න අදින්න තරම්වත් සල්ලි නැති දුප්පතෙක් නිසානෙ වෙන රටකට ගිහින් ඉන්නෙ පකෝ. ඒක උන්ට තේරෙන් නෑ. හිතන් ඉන්නෙ මං ඉන්නෙ රට මං පෝසත් කියල... යෝ..යෝ... #බොබී,1,sinhala
කවුරුත් තාම මේ කතාව බොරු කියන්නේ නෑනේ.... එහෙනම් සරත් වීරසේකර මහත්තයට එරෙහිව හෝ ඒ පුවත්පතට එරෙහිව නීතිමය ක්‍රියාමාර්ග ගන්න පුලුවන්නේ.... ඒ කියන්නේ මේ ජරමර අස්සේ මුං හෙමීට ඒ වැඩේ කරනවා. සක්කිලි UNP හැත්‍ත.... පර සුද්දන්ට ඉපදුන අවජාතකයෝ...,1,sinhala
ටෞඩු. අර බස් එකේ යනකොට ගෑණුංගෙ හැට්ටෙ අස්සට අත දාන්නෙ ගෑණිගෙ වලත්ත කමට කිව්ව එකා අද රෙද්ද අස්සට සරුපයෙක් දාගෙන නේද. හරි ආතල් යකෝ ඌ නම්.,1,sinhala
අරුන්ට 5000/ අමතකයි.... මුන්ට කොවිඩ් අමතකයි.....,0,sinhala
සමහර මිනිස්සුන්ට මන් කැමතියි . හැබැයි උන්ගේ දේශපාලන ලොරි ටෝක්ස් මට පේන්න බෑ ලබ්බ,0,sinhala
හානියේ අලාභය විතරක් අය කරල මදි. මාස 6ක්වත් පාර්ලිමේන්තුව තහනම් කරන්න. තවද මීලඟ පාර්ලිමේන්තුවට තරඟ වැදීමට තහනම් කරන්න. එතකොට තමයි ජනතා නියෝජිතයන් පාර්ලිමේන්තුවේ පිස්සු කෙලීම නතර කරයි. #CoupLK #ConstitutionalCrisisSriLanka #ImpeachSirisena,0,sinhala
"තොපිලා වගේ පොන්නයෝ ඉන්දා තමයි මේ රටට කෙලවලා තියෙන්නේ,",1,sinhala
"Type ""තෝ මහ කරුමයක්!"" 1",1,sinhala
ඇයි ඉතින් ලොවම මවිත වෙන්නෙ,0,sinhala
* මන් * කියන කෑල්ල අයින් කලා,0,sinhala
"මෙන්න අර ජපානේ ණය වලට පස්සෙ තව එකක්, retweet කරපල්ලා උඩදාගෙන. Economic reforms ලබ්බ තමයි #lka Sri Lanka Tweet · 4 Jun 2016 International Monetary Fund (IMF) approved 1.5 billion Dollar Loan to Sri Lanka as a support country’s Economic reforms #Lka #SriLanka #News",1,sinhala
"මේ එක එක හුත්තලගේ ටුවීට්ස් මගේ ටයිම් ලයින් එකේ. මොන හුත්තක්ද යකෝ ලබ්බ 🅒🅗🅐🅝🅓🅤 · 20 Oct 2019 මං single ඉන්නෙක මටවත්, ගෙදර මිනිස්සුන්ටවත්, මගේ යාළුවන්ටවත්, ග්‍රාම සේවකටවත්, වත්මන් ජනාධිපතිටවත්, කොටින්ම කිව්වොත් මගේ කෙල්ලටවත් ප්‍රශ්ණයක් නැත්තම් වෙන අය ප්‍රශ්නයක් කරගන්න එපා පීස් . . . . . . . . . . . ඇයි යකෝ twitter.com/dead_mans_cree…",1,sinhala
පිස්සා #හිස්තැන්පුරවමු  සෙප්‍රනෝ ඔකියෝපියර්ස්  · 23 Nov 2019 _ස්සා #හිස්තැන්පුරවමු,0,sinhala
වෙන කෙනෙක් හිටියේම නැද්ද ?,0,sinhala
ලක්ස 4 වගේද ඒක විකුනගත්තොත්. ඔහොම කරල පොලිස් හොරුන්ව නතර කරන්න බෑ.,0,sinhala
සිරිමාවෝ ගෙන් පස්සෙ රට විවෘත කරලා කාබාසිනියා කරලා වලපල්ලට යවන්න ජේ ආර් කෙනෙක් හිටියා.. ඒ නිසා ජේ ආර් 77 න් පස්සෙ අවුරුදු 50 ක් විතර පට්ට ගැහුවා.. සතුටට කාරනේ තමයි තත්වෙ සිරිමාවෝ කාලෙ වගෙ වුනාට දැං එහෙම ජේ ආර් කෙනෙක් පේනතෙක් මානෙක නෑ..,0,sinhala
ලංකාවෙ ඇතැම් දේශපාල පාහරයන් පිට රට එව්න්ව පාර්ලිමේන්තු ඇතුලට ගෙන්නගෙන ප්‍රදර්ශණය කරවලා........නරකද තනාපතිවරැ පාර්ලිමේන්තුවට ගෙන්නලා ලංකාවෙ සැබැ තත්වය නොපෙන්නලා තම තමන්ගෙ අම්මලාගෙ රෙද්ද උස්සලා පෙන්නුවනම්..සක්කිලි .කවදාවත් රටට ආදරයක් ඇති එව්න් නෙවෙයි තුප්පහි හිවල් හැතිකරේ..,1,sinhala
විහිළුවට කීවෙ හොඳේ.. පිස්සා කියන්නෙ පිසදාගෙන යන කෙනාට. පිසදාගෙන යන්නෙ සාම්ප්‍රදායික චින්තනය. ඔයා ආඩම්බර වෙන්න ඕනි ඒ ගැන.,0,sinhala
කොල්ලා බල්ලා මාර්ගයෙන් කෙල්ලෙක් දා ගනියි වගේ Duke The Dog · 23 Apr 2021 #DukesDiary අප්‍රේල් 22 අද මරු දවසක්. ගෙවල් ගාව තියන බලු පාක් එකට ගියා...හෙන සෙට්ටෙකක් ඇවිත් හිටියා.. මම තමයි පොඩිම. මුලින් බය හිතුනා මුන් මාව කයිදත් කියලා. සෙල්ලම් කලා ඇති වෙනකල්. අනිත් අයගෙ අම්මලා තාත්තලා දුන්න ට්‍රීට් කන්නවත් මට වෙලාවක් තිබ්බෙ නෑ... අයෙත් දවසක යන්න ඕනෙ.,0,sinhala
පොඩි කාලේ කුනු හරපයක් කියනවා ඇහිලා කියලා අම්මා කට පුච්චන්ඩ හැදුවා දැන් අපි මේවට ඇවිත් කියන කතා දැන ගත්තොත් කටට පෙට්‍රල් දාලා ගිනි තියලා එයත් ගිනි තියාගනී #නිකන්_හිතුනා,0,sinhala
එයි පිස්සු නේ පරිස්සමෙන් ඉන්න ඔනේ නේ,0,sinhala
එයාල නාකි වෙලත් කොහොම ගහලා දිනනවද මන්දා... මටනම් විකාර වගේ,0,sinhala
රාජ් නාම් තෝ සුනා හෝගා,0,sinhala
"""බොරු කෝලම් නොකර අම්ම උයන බත් පන්ගුව කාලා චූ කරලා නිදාගනිං හුජ්ජ කොල්ලෝ...... හූ........"" xD",1,sinhala
බලපන් අපෙ උන්ට ගහන්න බැහැ ඊලගට රෙද්ද,0,sinhala
ඇයි යකෝ මුන් භය මෙච්චර. ඩොලර් කකා රටට ජාතියට ආගමට එරෙහිව කහින උගත් කියන කැනහිල්ලු. පොහොට්ටුවද හන්සයද අරකද මේකද වැඩක් නෑ හරි ප්‍රතිපත්තියක් තියන එකාට මිනිස්සු චන්දය දෙයි.භය නැත්නම් කෙලින්ම රජපක්ෂලට මුහුණ දියල්ලකො. ---,0,sinhala
අනේ ඔයා කඩේ යන්න. අදනම් නුවර කඩ වහනවා. ඔය අන්තවාදී අලුගුත්තෙරුවෝ අයින් උනේ නැත්නම් හෙට අනිද්දා මුළු රටේම කඩ වැසෙනවා. ඔයාට කඩේ යන වැඩ කරන්නත් එතකොට අමාරු වෙයි. අනේ නිකන් ඉන්න නිකන් අටෙන් පොත්තෙන් එන්න ඉස්සරවෙලා දේශපාලනේ. ඔයාල අපි දන්නවා පස්ස දොරෙන් තමා එන්නේ රෝසි නෝනා වගේ.,1,sinhala
Queer කියල කියන්නෙ LGBTQ සියලු දෙනාටම පාව්ච්චි කරන්න පුලුවන් අර්ථයක් (an umbrella term). මේ සම්බන්ධ පාඨමාලා තියනවා විශ්වවිද්‍යාල වල queer studies නමින්. වෙනම ජානරයක් තියනවා කලාව හා සිනෙමාව සම්බන්ධයෙන්. මොකද්ද කියල නිශ්චය කරගන්න අමාරු අය හඳුන්වනවා.,0,sinhala
", අවුරුදු 4 1/2 බලය තියාගෙන හොරුන්ව ආරක්ෂා කරපු පාපයටයි මේ වන්දිය",0,sinhala
අනේ මන්දා අප්ප. මන් අර දූශනේ වෙච්ච් හෝතඹුවා ගැන අපේ අම්මට කිව්වා.ඒපාර අම්ම කියනවා එහෙනම් අපි අපේ සිවිලිමේ ඉන්න හෝතඹුවට ඉන්න දෙමු.තිරිසන් සතා උනත් ජීව්තයක්නේ #හෝතඹුමල්ලි,0,sinhala
පිංගොනා අහනෝ තෝ වැස්සි ඔන්ලයින් ඩ කියල යාලුවට කියන්න..,1,sinhala
මයියොක්කා වගෙමනෙ බලනවකො අයිසෙ,0,sinhala
කෙලින් කතා කරනවා කියල කටට එන හැම එකම කියල දැම්මොත් නම් ලොවෙත් ජීවත් වෙන්න හම්බවෙන්නේ නෑ,0,sinhala
හිතං ඉන්නේ හෙන කෑල්ල කියලා ගොං බඩ්ඩ... #වැදියන් #වද්දගෙනමැරියං,1,sinhala
"අවජාතක ආන්ඩු වලට චන්දෙ දෙන කැපුවත් කොල විලිලැජ්ජාවක් නැති මන්දමානසිකයින් , තොපි ල0කාවෙ ඉපදුන නිසා රට ජාතිය මුහුන... URL",1,sinhala
"විහිලු කරනව කෝ මෙව්වට රෙද්ද උස්සන් වරෙන් .සිංහලයටම ගරහන බල්ලො ටික .තොපි මේක පුලුවන්නම් RT කරල ඔබේ අර සහුර්දයන්ව සතුටු කරහල්ල. මේක බොරු හොදේ මූ කියල තියෙන්නෙ ,හය හතර දන්නෙ නැති උන්ට කියල දෙන්න ඕන නැත්නම් තොපිත් දැන්ම අරුන්ගෙ ගොඩේ බලු බෙටි පාගන්නෙ නැතුව හම්බ බෙටි කනව Fazlullah Mubarak · 27 Apr 2019 'කල්මුනේ සැකකරුවන් ගැන ඔත්තුව ආරක්ෂක අංශ වෙත ලබා දීලා තියෙන්නේ මුස්ලිම් පල්ලියෙන්' - හිතන්න! අපි ශ්‍රී ලාංකිකයන් බව",1,sinhala
අද මේකෙ ඉන්නවා එකෙක් ලෛ එන්නෙ නෑ.අපිට පොඩ්ඩක් නින්ද යනවා නේද මුන් ලෛ ඇවිල්ලා සහනාධාරත් බෙදලා ගෙවලුත් හදලා දෙනවා හුත්ත,1,sinhala
ලංකාවේ පලවෙනි සයිපර් බිස්කට් එක - වෙපර්ස් සෛපර් කෙරුව පලවෙනි ලංකන් ඇමති - පෛසර් මුස්තාපා ලංකාවේ පලවෙනි සයිපර් ඇමති - පයිසර් ලංකාවේ පලවෙනි සයිපර් කාන්තාව - වයිපරේ රෝමේ රෙද්ද උස්සන් යන සයිපර් - සීසර් #රතුමකරාFM #SinhalaRapwithRanuka,0,sinhala
අඩො ඔන්න අද අපේ කොල්ල සෙල්ලම් කරනව ඈ.. කමෝන් රාජිතයා..එලට කරමු,0,sinhala
"වැඩේ දරුණුවටම යනවා වගේ, පරිස්සමින් ඉන්න වෙයි ඒ පළාත් වල අයට නම්..",0,sinhala
නොදකින් තෝ කොහේද රිංගුවේ මාගේ account එක පැත්තේ,1,sinhala
කවුරු හරි වැක්සින් එක ගහන්නෙ වෛද්‍ය අංශය කිව්වෙ මුලින්ම වැක්සීන් දෙකම ගත්තම කොවිඩ් හැදෙන්නේ නෑ කියලා හැදුනම කිව්වෙ අමාරු වෙන්නේ නෑ කියලා අමාරු වුනාම කියා මැරෙන්නේ නෑ කියලා දැන් මැරුණ ම සිංහල බෙහෙත් ගැන පොඩ්ඩක් බලන්න පටන් අරං. මමත් වැක්සීන් දෙකම ගත්තා අධි තක්සේරුවක් නෑ.,0,sinhala
අන්තිමේදි මේ ආණ්ඩුව කාන්තාවන්ගේ මාසික ඔසප් චක්‍රයටත් වක්‍රාකාරයෙන් බදු ගැහුවා. හුකන ආණ්ඩුවක්නේ යකෝ අපි පත් කරගත්තේ. බදු ගෙවන ඔබට ස්තූතියි. #ලකේපංකාව #LKA,1,sinhala
Uthappa කියන්නෙ මහා ගොං බිජ්ජෙක්. නොදකින් මෝඩ මූසලයා.. #IPL2020 #KKRvRR,1,sinhala
එකටත් බැනුම් ඇහුවේ.,0,sinhala
මේ පින්තුරය දිහා කැත විදිහට බලන්න එපා. URL,0,sinhala
මාලිංගනන් ක්‍රිකට් වලින් අයින් වෙලාම ගියා අර නාකි සාප දෙක යන්නෙම නෑනෙ,1,sinhala
", වහල්ලු 2015 වෙනකම්ම කෑවේ අශුචි තමයි..!!! උබලයි අම්මට කියපන් රෑට රෑට වළව්වේ නිදිවදින එක නවත්තන්ට කියාලා; නැත්තම් තෝ වගේ ම අවජාතක බල්ලෙක් මේ රටේ කරුමෙට ඉපදෙයි..!!!!!",1,sinhala
"තෝ දන්නෙ නෑ මං කවුද කියලා දෙන්නේ බොට කොන්ද කැඩෙන්න.උස්සල ගහනවා පොලේ වල් පරයා"" කියමින් හොදට බස් එකෙන් බැහැල යන්න ගියා..... මට තියෙන අවුල කවුද බොරු කිව්වෙ කියන එක යාචකයා .7% ටිකට් විකුණන මිනිහා .3% votes · Final results",1,sinhala
චික් කැතේ බෑ යකෝ තොගේ DP එක...,1,sinhala
", තෝ වගේ හරක් පකයෙක් ට චන්දේ දෙන්නේ කඩේ යන්නේ අංගවිකල පොන්නයෝ .මාතර හදන Unp කියලා පක්ෂ කාර්යාලයේ ලොකුවට ගහලා තියන්නේ නුපේ.මාතරට කෙලවන්නේ තෝ තමයි .අංගවිකල පොන්නයා.තෝට මාතරින් මේ පාර චන්දේ දෙන්නේ කොටුව ඇතුලේ උබේ ගෙදරට රැට රිංගන උන් තමයි",1,sinhala
යකෝ ගුලි කාපු එකාවගේ ඔහොම හිනා වෙන්ඩ එපා බොල පට්ට ඩිපි එකක්ද,1,sinhala
"මෙවුන්ට මෙහෙම තමා කියන්න ඔනෑ. කන එකයි, බොනඑකයි , රෙන එකයි හැම එකම Photo ගහලා දාලා අන්තිමට කෙලවගෙන වැලලෙන්න හදනවා ‌ ‌ ‌  · 10 Dec 2021 හුත්තියනේ sm එකේ 4to දාද්දී පරිස්සම් වෙයන් , සත්තු වගේ මිනිස්සු හැමතැනම",1,sinhala
"මං හැම තැනින්ම තැලෙනවා සුදු අයියේ.. හ්ම්ම්... ගෙදර ප්‍රශ්න, ඒ මදිවට ඔපීස් එකේ මේ ගෑණි මගේ ඔළුව කනවා. තේරෙනවා සුද්දි. ඒක නිසා තමයි මම හැම වෙලේම කියන්නේ ඔයාගේ ඔළුව තියාගන්න මගේ උරහිස ඕනේ වෙලේක ලෑස්තියි කියලා. #මල්කතා",0,sinhala
තෝ ගල් බමුණා වගෙ යන්නේ පොටෝ එකක් දාපන්කෝ,1,sinhala
නාමල් වැනිම හුජ්ජ කොල්ලෙක් නටන්නට පටන් ගෙන ඇත URL #lka #GenElecSL #SLGE15,1,sinhala
ඇයි ග්‍රීක් පයිය ලොකුද?,1,sinhala
"අද දෙරණ >> මවගේ දෑස් ඉදිරිපිට දැරිය කිඹුල් කටට බිලි: ගල්නෑව, පුල්නෑව වැවේ දියනෑමට ගිය 13 හැවිරිදි දැරියක කිඹුලෙකු… URL",0,sinhala
ඔය වගේ තරුණයන් කොයි තරන්නම් මේ රටේ සිටිනු ඇතිද....කාගෙද මේ වරද නොතේරේ.,0,sinhala
ජීවත් වෙන්නේ කොහොමද ඔබගෙන් මිදිලා මේ සන්සාරේ ඔබේ සතුටයි මට ඕනා කියාවි කියලා හිතන් ඇත්තේ ඒකි.. පව්,0,sinhala
මිනිහා මෝඩ පකීර් බව දන්න නිසා තමයි ‌පච රණවක රතු නිවේදනයක් නිකුත් කලේ,1,sinhala
අද කාලයේ remake වන අපේ කාලයේ පදවැල්..... ලස්සන සමනලයෝ කොහෙන්ද ඔය පාට..? ඇයි බොල වන බමරො තොට මොකටද එක. නැ මං... URL,0,sinhala
"හිරු, දෙරණ, ස්වර්ණවාහිනියට සාපේක්ශව සිරස හොද tv channel එකක්. කක්කා ගොඩක් කියලා කියපු දේ නම් පිළිගන්න අමාරුයි. By the way, යහපාලනේ කාලේ සිරස පිස්සු කෙලියද කියලනම් මං දැනුවත් නෑ. මාත් ඒ කාලේ දෙරණෙ වඳ සැත්කම්, වඳ කොත්තු, බැඳුම්කර වංචා ගැන නිව්ස් ඇහුවේ.",1,sinhala
උඹ දෙයියන්ටත් පොල් ගහන්නද යන්නෙ?? මාර ඩයල් උට්ටො උඹල,0,sinhala
සුශාන්ත්ව දිගින් දිගටම බුලි කරානේ ඒකි,0,sinhala
තොපිල මගේ රෙදි ගලවල යකෝ,1,sinhala
වෙන රටවලත් #බයියො ගොන් ආතල් දෙනවද? රාස්පුටින් | Rasputin · 27 Feb 2021 වෙන රටවලත් Head Light ගහලා පොලීසියෙන් ඉන්නවා කියලා signals දෙනවද?,1,sinhala
"ළමා අපචාරයක්, ස්ත්‍රී දූෂණයක් නම් පොහොට්ටුකාරයෝ ම තමා",0,sinhala
", පෙරේරලා කොහෙද වේසියේ බෞද්ධ, එක එකා කියන ඒවා අහගෙන මෙතන හැමිනෙන්න එපා. අවජාතක වේසියොත් එක්ක මම කැමති නැහැ මේ ගැන තර්ක කරන්න. නැත්නම් මට සිද්ද වෙන්නේ උඹව කඩවතට හන්දියට ගෙනල්ලා පුකේ ඇරලා කටට දෙන්නේ ගූ රහ බල බල ඉන්න කැරි පඳුරු බැල්ලි",1,sinhala
"ටහුඩු යකෝ #මිලසූත්‍රය Mangala Samaraweera · 18 Oct 2018 මිල සූත්‍රය MRP = V1+ V2+V3+V4 MRP = උපරිම සිල්ලර මිල V1 = වරාය ගොඩබාන පිරිවැය V2 = සැකසීමේ වියදම් V3 = සේවක වැටුප් දීමනා, පරිපාලනමය වියදම්, රුපියල අවප්‍රමාණය වීම ඇතුළු ආයතනික විදයම් මීට ඇතුළුත් ය. V4 = මීට අයත් වන්නේ රේගු,වරාය සහ ගුවන්තොටුපොළ, ජාතිය ගොඩනැගීමේ බදු වැනි බදු.",0,sinhala
මූ යකෝ. අර සෙනඟ පෙරලගෙන බස් එකේ seat හොයන dial එකකට කරල බලහන් ඒක පට්ට. Lahiru | · 17 Aug 2021 මාත් කෙල්ලෙක්ට බොරු බලාපොරොත්තුවක් දීලා ඒකිව රැවැට්‍ටුවා බස් එකේ ශීට් එක දෙන්න වගේ නැගිටලා ශට් එක හදන් ආයෙත් වාඩි උනා..,0,sinhala
ෆේක් එකක්වත් කරන්න බෑ නේ ලබ්බ,1,sinhala
තුහ් නොදකින් උඹ පුපුරල මැරියං,1,sinhala
වගකිවයුතු මාධ්‍යක්නං මේ නිවුස් විකුනං කන්නෙ නෑ. අඩු තරමෙ මේ මිනිහ අල්ලලා දඬුවමක් දුන්නට පස්සෙ කරපු වැරැද්දයි දඬුවමයි පෙන්නන්ඩ !,0,sinhala
පයිය හඩයි ලීසා නිහඩයි,1,sinhala
කුලියට කහින මිනිස්සු හොයාගන්න වැඩිය අමාරු නෑ... අදාල උන්දලගේ tweet බැලුවම වැල නොකැඩී තියෙන්නේ කාරලා දාපු සෙම ගොඩවල්.. ඒ තරම් අප්‍රසන්නයි!,0,sinhala
නොදකින් මෙි වෙි...*පුතා මුන්ව තියන්න ඔන උල..අපේයි රටෙයි පවට පහල වෙචිච කාලකණ්ණි..හරනං මුන් රට ගැන හිතලා උන් වහන්සේගේ උපවාසයට උදවි කරන්න ඔන..ඇට නැති දිවනේ ඔක ඔන පැත්තට නැමෙනවනේ,1,sinhala
"අඩො මොකෙක් හරිමන් ෆලො බැක් දීපු එකෙක් අන්ෆලො උනා , පොඩ්ඩක් බලපන් කවුද කීලා ඒ",0,sinhala
"මාක්ස් වාදය, පුක උඩ තියන් කටපාඩම් කරපු විප්ලවවාදී රතු මැටි....කියනව... එයාට විප්ලවවාදී ආචාරය දෙන්න බෑනෙ ඉතිං....... URL",1,sinhala
එතකොට විදෙස් රටින් ඊයේ පෙරේදාමෙහේ ආපු Covidions සනීපෙන් ඉන්නවද?,0,sinhala
යුක්රේනයෙන් ආපු සංචාරකයින්ට නවකොවිඩ් ප්‍රබේදය වැළදිලාද? නැද්ද? කියල දැනගන්න අයිතියක්/උන්ව නිරෝධායනය කරවන්න කියන්න අයිතියක් අපිට නැද්ද.මාස්ක් නැතුව තැන් ගොඩකට යනවා.උදයංග නිරෝධායනය වෙන්නේ නැද්ද?වෙනවනම් ඒ කොහොමද?කාලකණ්ණි බයියන්ටනම් රාජපක්ෂලා ගේන වෛරසේකින් මැරුණත් සැපයි.ඒත් අනෙක් උන්,1,sinhala
"36 others උඹ දන්න දෙයක් ගිහින් උසාවියෙ කියපන්කො, මොකක්ද airbus ගනුදෙනුව කියල.,මැරුනකෙනාට කියල ලියවලනම් ඒක ගිහින් CID කියපන්, උඹලගෙ ගම් වල එල්ලිල මැරෙන උන්ටත් ගෝඨාබය ද වගකියන්න ඕන... ඕවට කියන්නෙ ගොන් බිජ්ජන්ගෙ ප@# තියරි කියල්.",1,sinhala
පීලිපින නංගී කෙනෙක්ට ආදරය කලා නම් ඔහොම කියන්නේම නෑ. බැලුන් බොල ගැටගහපූ පූවක් ගස් මල් කඳන් වගේ ඉද්දි බැලූන් නැති පීලි පින නංගීලා හරි active. ලංකාවේ ඒ ජනගහනය දැන් ටික වැඩි වෙන්නේ,0,sinhala
ඇයි මට බල්ලා කීවේ මං කැතද,0,sinhala
අසමත් බැවින් මෙවර ඔවුන් සදහා විශේෂ විභාගයක් පවත්වන බවට විභාග කොමසාරිස්වරයා පැවසීය.,0,sinhala
යකෝ තවත් මුන්ට කඩේ යන පොන්න වහල්ලු ටිකක් යිනනවනෙ. ඇස් ඇරල බලාගනින් යහපාලනය. බොරුවට තවත් අහුවෙනවා පෙනි පෙනී. URL,1,sinhala
ටහුඩු මේකේ ඉන්නෙ ඔවා වගේ හංගොල්ලො නෙමේද??,1,sinhala
මැතිවරණ කාලසීමාවෙි වර්ජන එපා කියලා නේද මැකෝ කිව්වේ,0,sinhala
ඔය මිනිහට කිසි දෙයක් කියවන්න පුලුවන් මානසික තත්ත්වයක නෙමෙයි ඉන්නේ මේ මොහොතේ. ඊයෙ සංගයියලා ටිකකට පිරිත් පැන් ඉස්සට සමාව ගත්තු මී හරකා ලක්ශ 62 කට කරපු එකානේ.,0,sinhala
මියා කලීෆා ෆලෝ කරන ප්‍රසිද්ධ ම කෙනා ලංකාවේ කවි කවුෂිව මතක් වුනා.. මට්ටක්කුලියෙ පට්ට බඩුවක් ඒකි,1,sinhala
දෙසැම්බර් සීතයි කියන්නේ කවුද පළවෙනිදාම පට්ට හොට් නෙහ්,0,sinhala
ගෑස් සමාගමේ ඉල්ලීම හරි. දැන් කිරිපිටි සමාගම් වල ඉල්ලීමත් ඉෂ්ට කරපල්ලා එතකොට ඔක්කොම හරි. අන්තිමට කෙලවෙන්නේ මිනිස්සුන්ට ම තමයි නොදකින්,1,sinhala
සාදු සාදු සාදු. අර පොඩි එකා වැන්දම තමා අවුල්.,0,sinhala
මුගෙ මාස්ක් එක ගැන ඇහුවෙ නැද්ද දෙරනෙ කොල්ලා?,0,sinhala
#lka #SriLanka ජී එල් පීරිස් මහත්තය ප්‍රොෆෙසර් කෙනෙක් වෙලත් තවමත් රැවටෙනවද..එහෙම නැත්නම් මේ අන්තවාදීන් මෙහෙට වද්දගත්ත අපේ මුතුන් මිත්තන්ට වගෙ මෝඩ අනුකම්පාවක්වත් ඇවිල්ලද..,0,sinhala
නාලිනී එන්න.... මල් පිපී දැයි බලන්න.... කුමාරි :- නාලිනී...? කවුද මිනිහො ඒ..? තොගෙ ගෑණි කුමාරි කියල තොට අමතක වුනාද..? ගෝත සැමියා... ;),1,sinhala
හැමදාම ජාතිය අමතා ජනතාව මුගේ ජාතිය අමතන දවස වැඩි ඈතක නෙමේ...,0,sinhala
රෙද්ද අපිට දෙන්නෑ නේ ඉන්විටේශන් අන්තිමට ලියුම් ලියලා නතර වෙන වැඩ ඕවා Dialog Axiata · 6 May 2017 මේ වෙසක් එකට කරන්න හිතන් ඉන්න හොඳ වැඩක් අපිට කියන්න. අපිත් එක්ක #ApeVesak ගමනට එකතු වෙන්න,0,sinhala
නාවික නිලධාරියෙක් ජනාධිපති කරවන්න එපා.ඉන්පසු ඔවුන්ට සේවය කරන්න වෙන්නේ ගොඩබිම,0,sinhala
කවුද අලුත් 8 දෙනා ? #srilanka #lka,0,sinhala
"වල් බැල්ලි ගහනව තොට වැලි අප්පටසිරි Dinal · 26 Dec 2017 Type “වල් බැල්ලි ගහනවා තොට වැලි""@ the 3rd “girl” in your list",1,sinhala
"It's time to RT this again. මේ වගේ මෝඩ ගොන් වැඩ කරන ආණ්ඩු නම්...හතුරෙකුටවත් දකින්න ලැබෙන්න එපා! ආණ්ඩුව ඇතුලේ එකපාර සාකච්චා කර තීරණයක් ගන්න බැරි එවුන් රට ගැන තීරණ කොහොමට ගනීවිද?? Budu℠ · 6 Jul 2018 Fuel prices (CPC) UP Petrol-92 by Rs.8, Petrol-95 by Rs.7, Diesel by Rs.9 Super Diesel by Rs.10 #SriLanka",1,sinhala
හාම්පුතා ටද බැල්ලි ටද ?,1,sinhala
වේසි වගේ දොඩවනවා ඕයි ඌ,1,sinhala
"මාත් ඒමයි අයියෙ...... ප්‍රවෘත්ති දැම්මොත් ඒම දේශ-පාලුවො හැ$!#!නුන හැටි දෝඩෝනව,,,,,නාට්‍යක් දැම්මොත් වැලලෙන්න හදනව,,,,යන්තමට හොද චිත්‍රපටියක් සෙට් වුණොත් ඇඩ් 1000ක් විතර දාල හැ@#$නෙනව..... කාලකණ්ණි....",1,sinhala
ඌට හෙන ගහන්ඩ.අපෙ බෙරිකම,1,sinhala
පිස්සු කථ කරන්න එපා. බොහොම අමාරුවෙන් මාව හොයා ගත්තෙ...,0,sinhala
චිකේ නමේ කැත. පිනිදි?,0,sinhala
"දුෂිත, ආත්මාර්ථකාමී පටු දේශපාලන අරමුණු සහිත දේශපාලුවන් පිළිබඳව දහස් වරක් සිතා බැලිය යුතුයි.",0,sinhala
උබල මලගෙදර ඇවිත් හොඳට කාලා පලයන්..මාවත් මතක් කරලම,0,sinhala
"එක අතකින් සිත් තැවුල සාධාරණයි. තමුන් ආදරය කරන කෑමක් misrepresent කරනකොට පොඩ්ඩක් අවුල් තමා. ඒ වෙලාවට educate කිරීම හරි පොඩ්ඩක් වැරැද්ද පෙන්නන එක එකක්. හැබැයි බොහොම competitive, world class competition එකක තරඟ කරනකොට ඒ තරඟ කරන කෙනාට මෙහෙම පඩත්තල, සක්කිලි වැඩ කරන එකනන් ඊයා... කක්කි. Jerry  · 25 Jun 2021 .ඔලුව අතගෑම .ටොක්ක ඇනීම මේ සේරම එයාට Master chef යාගන්න බැරි උන නිසා එහෙම නෙමෙයි වෙන්න ඇති..!",1,sinhala
බයවෙන්න එපා මෛත්‍රී ත් ඉවර යි මහින්ද ත් ඉවර යි,0,sinhala
", ඒක හිතන්නවත් උඹට මොළයක් නෑ. විවිධත්වය කියන එකවත් දන්නෙ නෑ. අනේ මෝඩයෝ. තෝ වගේ එකෙක් එක්ක ද මං මෙච්චර වෙලා කතා කළේ. මගේ ලොකු වැරද්දක්",1,sinhala
ටහුඩු යකෝ මේක :09 views,0,sinhala
", කොහෙද යන අවජාතක බැල්ලියෙක්.",1,sinhala
හිතේ සිටින කෙනාක කැමැත්ත ප්‍රකාශ කිරිම:-හිත ඇයගේ සහෝදරා ඇවිත් ඔලුවට තඩි බෑම:-මොලේ Backup plan:-full face හෙල්මට් එකක් දා ගැනීම,0,sinhala
හැඳුනුම්පතේ අවසාන ඉලක්කම් එම දිනයට නොගැලපේ. වෛද්‍ය හමුවීමක් තිබේ නම් යා හැක්කේ කෙසේද?,0,sinhala
හුජ්ජබරට විතරක් බිජ්ජ උල්වෙන පොඩිඑකෙක් සෙස් කරන්ඩ කතාකරනවා මම දැං MK Darshana K · 2 Feb සෙස් කරමු දේ,1,sinhala
නොදකින් කියන හැටි විතරක්. ඒ මදිවට ගොන් ලබ්බෝ අත්පුඩිත් ගහනවා. URL,1,sinhala
ගොනෝරියා හැදිල තැනින් තැන හිල්වුන පයියෙං චූ දාද්දි බටනලා පිඹ්නවවගේ සද්දෙ එනව ඇති. ඌ හිතනව ඇත්තෙ පයිය කතා කරනව කියල,1,sinhala
මම අද Class එකෙන් Logout වෙලා ගෙදරට Send වෙන කොට පට්ට කෙල්ලෙක් View උනානේ. එයා View උන ගමන් මගේ Hard Disk එක stuck උනා.,0,sinhala
", කොන් වෙන්නේ නැතුව තියෙයිද බොල අර වගේ #10YearChallenge දැම්මම",0,sinhala
"වසන්තය ඉවර උණා... පොළොව ආයෙත් කර්කශව ඉරි තැළුණා... හීන පිපෙන වසන්තයේදි නාවට, ඉරි තැලුණු ගිම්හානයේදි වැටෙන වැහි බින්දුවක වගේ ඒකි එයි කියලා ඌ බලාගෙන ඉන්නවා...",0,sinhala
වෙනස - නිදහස - යහපාලනය එදා බයි රැළියක් ලගින් ගිය යහපාලන ක්‍රියාකාරින්ට තඩි බැවා.. අද බයි ක්‍රියාකාරීන් යහපාලන... URL,0,sinhala
අනේ තොට එහෙම වියන්,1,sinhala
දක්ෂිණාංශ බලවේග මෙයා බලයට පත් කළ බව අමතක වෙලා.,0,sinhala
ලන්කාවේ නැගපු ඒවවලින් බැස්සේ බිජ්ජ විතරයි මහත්තයා.ආයේ ගෙනවන කාලෙක උපරිම ඕනේනම් ලක්ෂ 2කින් අඩු වෙයි,1,sinhala
අනේ යන්න පිස්සා යන්න...... අපි නිදි gd9t,1,sinhala
එක Match එකක් ගැහුවම මුන් හිතන් ඉන්නේ උන් හරි පකයෝ කියලා පයිය. #Sl_vs_Ban,1,sinhala
"අන්න නාමල් බබා කියනව රජයේ හොද වැඩ කතා කෙරෙන්නේ නෑල්ලු රජයේ මෝඩ වැඩ වගේ. අනේ බබා වහන්ස, ඒකනේ බොල වෙන්න ඕන. එතකොටනේ වැරදි හදාගන්නේ.",0,sinhala
ටෞකන දාඩියක්නෙ යකෝ... ෆෑන් ෆුල් දාගෙන ජනෙල් ඇරලත්,0,sinhala
මේකේ මාමලා හෙන ආසයි එයාලට අයියා කියල කතා කරනවට.. නැන්දලා හෙන ආසයි එයාලට අක්කෙ කියල කතා කරනවට.. #දැකලහිතුනා,0,sinhala
"""සෝ සතෝව අස්සසති – සතෝව පස්සසති. දීඝංවා අස්සසන්තෝ දීඝං අස්සසානීති පජානාති” බුදුරජාණන් වහන්සේ කිළිටි හිත උපක්‍රමයෙන් පිරිසිදු කරගන්න උපමාවක් දුන්නා. ""හරියට, ගොමස්කඩ කුණු රෙද්දක් සුද්ධ – පවිත්‍ර කරලා, පිරිසිදු රෙද්දක් හදා ගන්නවා වාගේ!"" පිරිසිදු කළ රෙද්ද හරිම පිරිසිදුයි සුවදවත් Rohan Walpola · 10 Jan 2021 ඈතින් ඇසෙන සංගීතයක අවන්හලේ කෝපි සුවඳක ඇස පිනවන යම් දසුනක ඕනෑවීම පනවයි සසරදුක විඳිනා දුකට හේතුව නුවනින් දැක අනිච්ච දුක්ඛ අනත්ත සිහිකොට දහම් ඇස පාදා අවිද්‍යාව පහකොට නවතමු සසර, නිවනට තබා හිත",0,sinhala
කටට වඩා පුක නම් මරු....ම්ම්ම්...ඔයාගේ,1,sinhala
‌විදුහල්පති දණ ගැස්සුවම ඒ පාහරයව පිලිගන්න උත්සව තියන පෙලපාලි යන පිරිත්නූල් බදින්න කාලකණ්නි ඉන්න රටක් මේක...නොදකින් මේ රට නම්,1,sinhala
එක hහොඳයි සැගවුණු ලෙන සහිත - පීස්ස ඇල්ල (Peessa Ella) yourchoiceway.com සැගවුණු ලෙන සහිත - පීස්ස ඇල්ල (Peessa Ella) අද අපේ කතාව බදුල්ල දිස්ත්‍රික්කයේ තියෙන තවත් ලස්සන දිය ඇල්ලක් ගැන.එය නමින් පීස්ස ඇල්ලයී. දිය ඇල්ලක වටිනාකම රදා පවතින්නේ එහි කඩා හැලෙන ජල ප්‍රවාහය මත,0,sinhala
"ගරු කබ්රාල් ඇමතිතුමාගෙන් අහන්ඩ කැමතියි ඔය සමගේ බලවේගයේ ඉන්න හර්ෂ ද සිල්වා කියන පුද්ගලයා නිතර පවසන දෙයක් තමයි ඇයි අපි මේ විදේශ රටවලින් ලබාගත් ලෝන් reschedule කරන්නේ නැත්තෙඇයි කියා , එසේ කර මුදල් ඉතුරු කරගෙන එම මුදල් දැනට රටේ පාවිච්චි කරන්න පුළුවන් kiya ඔහු නිතරම කියනවා, ???",0,sinhala
අපිට අළුතින් #BlackFriday ඕන නැහැ. පහුගිය සිකුරාදාවල් තුන හතරම ලංකාවට Black Friday තමා. පට්ට සේල් එකක් තිබ්බේ. සුදූ පිරුවට ගහපු මිනිස්සු විකුණුන ලොකු ගණන් වලට. #ConstitutionalCrisisLK,0,sinhala
"ගෙදර ආපු ටිකේ වතු වැඩ කරා යකෝ , ඒකයි එහෙම ඉතිම් ,බොලාලත් මතක් වෙනවා Shey  · 1 Sep 2020 මේ දවස් ටිකේම උදේට යාළුවෙන්න අහගෙන උදළු එවනවා, හැදිගෑවිලා පලයන් කියලා හැදි එනවා... මච් ලව් තොපි දෙන්නට...",0,sinhala
අම්මෝ ඒක නම් ලොකු දෙයක්,0,sinhala
ඔවුන් විශ්වාස කරන්නේ සුනඛයා වසර60ක් පමණ එහි සිට ඇත.කම්කරුවන්ට අනුව ඔවුන් විශ්වාස කරන්නේ බල්ලා යමක් පසුපස හඹාගොස් කඳ තුළ සිරවී ඇති බවයි.ඔහු ගසෙහි හිරවුන අතර කිසිවෙකු ඔහු ගසතුල සිටින බවක දුටුවේ නැත. පැන යාමට නොහැකි වූ ඔහු එම අහම්බ උගුලේ රැඳී සිටිමින් අවසානයේදී මිය ගියේය,0,sinhala
හැන්ද ඇත්තෝ බෙදා ගනිති නැත්තෝ උඩ බලා සිටිති,0,sinhala
"මේ සින් එක බරටම යනව නේ දැන්, නොදකින් කාලකන්නි",1,sinhala
හුත්තෝ තෝ තෝ තෝ තෝ තෝ තෝ තෝ තෝ තෝ තෝ තෝ තෝ තෝ තෝ තෝ තෝ තෝ තෝ තෝ තෝ තෝ තෝ තෝ තෝ තෝ තෝ තෝ තෝ තෝ තෝ තෝ තෝ තෝ තෝ තෝ තෝ තෝ තෝ තෝ තෝ තෝ තෝ තෝ තෝ තෝ තෝ තෝ තෝ තෝ තෝ තෝ තෝ තෝ තෝ තෝ තෝ තෝ තෝ තෝ තෝ තෝ තෝ තෝ තෝ තෝ 280 ආවා,1,sinhala
"ගන්න පඩියෙන් #tax එකක් කපලා ආයෙත් වාහනයෙන් tax ගෙවන්න කියන්නේ , තොපි හිතන්නේ අපිට තියෙන්නේ ගෙවීම් විතරයි කියලද ? #lka #IncomeTax #SriLanka",0,sinhala
සුදු මාමේ පුක දෙනවද බ්‍රෝට බ්‍රෝ පුක දෙනකද සුදු මාමට. #අවුස්සමින්,1,sinhala
පල මල් පොන්නය යන්න.කොහේහරි කුනු හුත්තක් වෙනුවෙන් ඉතින්.පක තියෙනවාද කියල අතගාල බලපන්.ජංගි මිරිකල බොනකොට තොගේ කොන්ද කොහෙද තිබුනෙ.සක්කිලියා ගැනු වෙනුවෙන් පෙනි හිටපිය වේසියො වෙනුවට,1,sinhala
"අලුත් පරපුරේ එක පරයයෙක් ජාතික වීරයන්ට අපහාසකන වීඩියෝව . ""මද්දුම බණ්ඩාර කියන්නේ අවුරුදු 6 යේ පරයෙක්, පොඩි හුජ්ජ... URL",1,sinhala
"දැන් ඉතින් සම(හරක්) රෙද්ද උස්සන් එයි, ගෑණුන්ගෙ පස්ස අතගාන එක අගේ කරා කියල..",1,sinhala
"මේකටද සූත්‍ර කියන්නේ. මොකද ගියපු පාසල? ලැජ්ජයි මනුස්සයෝ, මේ වගේ රවට්ටන්න එපා රටේ මිනිසුන්. මේ හැමදේම වෙනස් නොවන වියදම්. අනික කෝ කොමිස් මුදල? හෙන 7ට 14ක්ම වදින්න ඕන මේ වගේ බොරු කාරයොන්ට. කාලකණ්ණි නූගත්තු.",1,sinhala
ඉතින් පකෝ පෝස්ට් 20 30 පෝලිමේ දැම්මම ඔන්ලයින් ඉන්න මට පේනව තමයි.ඇස් පියාගෙන ඉන්නෙ නෑනෙ නෙහ්?ඒ කරල මේකට ආවම මේකෙත් අඩනව,1,sinhala
විස්කිකාරයා හුජ්ජ පොඩි එකා වෙලා,1,sinhala
"එක දවසයි හරියට පෑව්වේ, පට්ට රස්නෙයි බොලව්..",0,sinhala
දිවියා සහ මිනිස්සු සහ රජය : වීඩීයෝ සහ පින්තුර තියෙද්දිත් මහජනතාවගෙන් තොරතුරු ඉල්ලන එක මහා මෝඩ වැඩක් සහ විහිලුවක්. හොරාගේ අම්මගෙන් පේන අහනවා වගේ වැඩක්. නීතිය හරියට ක්‍රියාත්මක වෙන්නේ නැති වුනාම මිනිස්සු වැරදි කරන්න බය නෑ. මුන් ඔක්කොගෙම සද්දෙයි පඩ ගඳයි විතරයි. #lka #Wildlife,1,sinhala
අපි මඩ කාගෙන වැඩ අරුන් පුක දීලා උඩ,1,sinhala
කොමිසමේ උන්ට පොඩි ආතල් එකක් ගන්න හිතිලා,0,sinhala
කිම්බ තියං පුප දෙන්නේ මක්කද,1,sinhala
වටිනාකමක් දෙන්න බෑ....කොහොම හරි මේ අපි දන්න නිතර කියන බිට්කොයින් වලත් මුලින් ඒවා වටින දෙයක් උනේ නෑ කාලත් සමග තමයි වටිනා කම වර්ධනය වන්නේ. URL මේකේ තියෙනවා වටිනාකම වගේ දේවල්...කියලා...ගොඩක් විස්තර තියෙනවා ...ඇත්තටම කිව්වොත් තනියම තේරුම් ගන්න අමාරු දෙයක් සරලවම. technews.lk Bitcoin mine කරන්නන්ගේ reward එක හරි අඩකින් අඩු කරනු ලබන Bitcoin Halving ගැන සරළව දැනගනිමු මොකක්ද මේ Bitcoin Halving කියන්නේ? කොහොමද මේක වෙන්නේ? Bitcoin වල වටිනාකමට මොකද වෙන්නෙ?,0,sinhala
රෑ තිස්සේ මැච් බලලා බලලා දැන් නිදි පුක උඩදාන් GIF,1,sinhala
තොන්ඩා ගෙ මළගෙදර විපක්ෂයේ උන් මහපාරෙ උද්ඝෝෂණ අර ඡන්දෙ කාලේ ගමින් ගමට ගිහින් මිනිස්සු රැස්කරෙ ඒවා කරන්න අනුමැතිය දුන්නේ මහජනතාවයි ජනමාධ්‍යයි ද බොල ? ගොංකතා කියන්න ! ඔයාගෙ කතාවලට ආවඩන උන්ට ගරු ජනාධිපතිතුමෝ. Dinuk · 9 Nov 2020 කොවිඩ් වසංගතය සතුටුදායක ලෙස පාලනය කළ පසු මාධ්‍ය මෙන්ම ජනතාව ද සියල්ල අමතක කිරීම සහ වගකීම පැහැර හැරීම වත්මන් තත්ත්වයට හේතු වු බවත් මෙරට සෞඛ්‍ය සේවයට ඉතා පහසුවෙන් කොවිඩ් මර්දනය කළ හැකි බවත් අවශ්‍ය වන්නේ ජනතා සහය බව ජනාධිපති ගෝඨාභය රාජපක්ෂ මහතා පවසනවා. #lka #SriLanka #COVID19SL,0,sinhala
අඩෝ අඩෝ උණ සනීප වෙයි බන්. වරෙන් වරෙන් පිස්සු නැතුව,0,sinhala
මම දෙමළ උනා නම් කියල මම හිතුවම එහෙම හිතෙනවා.අනික අපි ප්‍රාන්ත ගොඩක් තියන ඉන්දියාවත් නෙමේ.පුංචි දූපතක ඉන්න මිනිස්සුන්ට සමානාත්මතාවය වගේ දෙයක් ලැබෙන්න සලස්වන්න මෙච්චර අමාරු ඇයි කියලත් හිතෙනවා.ජාතික ගීය දෙමළ නෙමේ ඕනෙ භාෂාවකින් කියන්න තිබුනා රට බෙදන්න ඕනෙ කියල යුද්ධයක් නොතිබුනානම්,0,sinhala
දෝණි අක්කා dpය මාරුකරලා දැන්වත් නැගිපන් අයිසෙ,0,sinhala
ක්ශනික චාජ් කරගත්තා රෙද්ද ආයි කපයි මුන් එහෙමට බඩු,0,sinhala
අතින් බැරි නම් කකුලෙන් වරෙන් එකෙක්ට චන්දේ දෙන්නේ නෑ. #LockDownSL,0,sinhala
"කාලකණ්ණි මනු සතා, කාලකණ්ණි වැඩ වලට අහිංසක සත්තු අරං, තව නිරෝගී සුවත් පතනව..... URL",1,sinhala
ඔය වේසිගේ පුතාලා දන්න මාධ්‍ය. මුන්ට සල්ලි දෙනවා කිවුවොත් අම්මලා උනත් වේස කමේ යවනවා.. හරිය ඉගෙන ගෙන වත් නැති ගොං කලා උපාධි ධාරියෝ ටිකක් රට විකුණං කන්න අටවපු එකක් ඕක.,1,sinhala
සතුටු ම දවස! මට බය නැතුව ජීවත් වෙන්න කොයියම් ම විදියකින් සහයක් දුන් හැමට ම දණ ගසා වඳිමි. මේවයේ ජයග්‍රහණයක් නැත ය වුණේ හරි කැත වැඩක් ය කියලා කියවන වුන්ගේ ජීවිත අයිතිය වෙනුවෙනුත් වඳින්නම්.,0,sinhala
මනුස්සයන්ගේ අසරණ කමින් ප්‍රයොජන ගන්න සක්කිලි නිසා.... දකුණු අප්‍රිකාවේ පුද්ගලයින් 59කු “#ඩෙටෝල්” නම් විශබීජ නාශක දියරය පානය කිරීම හේතුවෙන් මියගොස් තිබෙනවා. එරට #පූජකයකු විසින් සිය දේව මෙහෙය අතර තුර #covid19 බේරිමට සිය අනුගාමිකයින්ට මෙම දියරය පානය සඳහා ලබා දී ඇත.,0,sinhala
තෝ මොනවද දන්නේ,0,sinhala
මේවට වියදම්වන අපේ බදු මුදලුත් අපතෙයාමක් වෙයිදෝ කියා සිතේ,0,sinhala
ලංකාවේ විදේශ සේවා එකනම් ගන්න දෙයක් නෑ.අසරණ මිනිහෙකුට පිහිට වෙන්න බැරි රෙද්දෙ විදේශ සේවා.හෙන ගහනවා යකෝ තොපේ පවුල්වලට URL,1,sinhala
ලැජ්ජාවක් නැති නමට විතරක් පඹයකු වගෙ ජනාධිපති කෙනෙක් ඉන්නකොට මෙ වගෙ දේවල් තමා වෙන්නේ .,0,sinhala
තොපි කිරි බොනකොට තමයි යකෝ අපි පිදුරංගල නැග්ගේ..,0,sinhala
ලස්සන කෙල්ලෝ වේලි වේලි ඉද්දි කලු කැත කෙල්ලෝ ඉක්මනින් කසාද බැදලා ලමයි හදනෝ.. අනාගත පරපුර කැත ලමයින්ගෙන් පිරී ඉතිරි යනෝ මේ නිසා..,0,sinhala
පැහැදිලි කරන්න බැරි වෙයිද දන්නේ නෑ ටිකක්.. :@,0,sinhala
"ටහුඩු,මෙයාලා දැන් හරි පොෂ් අප්පා",0,sinhala
"නීතිය හා සාමය රැකීමට යයි කියමින් රටටම ඇතුළු සමාජමාධ්‍ය ජාලා අවහිර කර තිබෙන කාලය තුළ, #lka ජනපති හා අගමැති තම FB ගිනුම් update කරන්නේ කෙසේද? රටටම බලපාන නීති මොවුන්ට නැද්ද? නැතහොත් ඔවුන්ගේ මාධ්‍ය කණ්ඩායම්ද #proxyserver හරහා මෝඩ තහනම ඉක්මවා ගොසින්ද? #lka #Kandy #AiyoLanka!",1,sinhala
නිදහසේ ඩුප්ලිකේට් ටුවිට් එකක්වත් දාගන්න නෑ ඒකත් ඩුප්ලිකේට් ගහනව.. පර හැත්ත..,1,sinhala
යකෝ කවකට්ට ව්තරක් 1000ක් වෙනව කොරන්න බෑ යකෝ....,0,sinhala
"Read it as අපේ ගෑණි අපේ දේවල් ගැන, නෝන්ඩියට හිතන මනසක් අපේ රටේ මිනිස්සු ඇතුලේ තියෙනවා",0,sinhala
යේ සජී පුතාට ට විරුද්ධව කුරුඳු පොලු අතට ගත්ත මංගල සමරවීර මෙන්න බොලේ ප්‍රජාතන්ත්‍රවාදය #democracy ගැන කතාකරනවා. කට්ටියට ඒ කෙරුවාවල් අමතකනං පොඩ්ඩක් මතක් කරගමුද මංගල සජී පුතාව අවමංගල කරන්ට හදපු විදිහ. :12 views,0,sinhala
"බෑ, ටැංකියට පරිප්පු ගහන් පල.",0,sinhala
කරන්ට් කපන්නේ නැතුව තියන්නත් පින තියෙන්න ඕන බොල... තාම එක දවසක් කැපුවේ නැහැ...,0,sinhala
සේරම ගොන් ප..ලා..උබ හොද උගතා..එහෙමද හිතාන ඉන්නෙ..වචන දිහා බලනකොට කාටත් තෝ ගැන හිතෙන්නෙ එහෙම තමයි...සමහරවිට ජාතකෙ වැරැද්දත් බලන උන්ට පේනවා..,1,sinhala
ඒක මහ කැතම කැත වැඩක්,0,sinhala
13 others අනේ මම් හිටපු විදියමයි කෙල්ලේ..මේ අනුස්කයා තමයි පිස්සු නටන්නේ කෙල්ලන්ව මෙන්සන් කරගෙන..,0,sinhala
ගෑණි මාව ගණන් ගන්නේ නෑ. ඒකයි එයාව මරලා දැම්මේ #murder #womenkilled URL,0,sinhala
නාකි වාසුට පිස්සු තද වෙයි. පිස්සව අංගොඩ නැයැව්වොතින් අනිත් අයවත් හපා කයිද දන්නෑ... අද අගමැතිට බැනලා දැන් ඒ පාර... URL,1,sinhala
තොපි ආපහු මූව පාර්ලිමේන්තු ඇරල වරෙව්කො කියන්න අපි දකුණෙ කියල .... යකෝ දකුණෙ හිටිය සිංහල පරම්පරාවට ලැජ්ජ කරන්නෙපා බං ...තොපේ මහ උන් සාප කරයි තොපිට ....,1,sinhala
උඹ මොනවද මං ගැන දන්නෙ? අහක යන නයි රෙද්දෙ අස්සෙ දාගන්නෙ නැතුව ඉඳින්. ගෝඨා ගෑණි ඉල්ලුවත් තොපි වගේ වහල් හැත්ත ඒකත් කරයි දෙපාරක් හිතන් නැතුව,1,sinhala
නියම බුද්ධිමත් පුද්ගලයෙකි .අවජාතක සක්කිලි නියම වචන ටික.මෙි වචන ටික තමන්ගේ පැත්තට හැරැනානමි කොපමන වෙිදනාකාරිද.,1,sinhala
යැව්වනේ පෙරේතයා.. තොට හෙන ගහපන් ගල් මුසලයා.. URL,1,sinhala
"මම ඉලන්දාරි කාලේ ක්‍රිකට් වලට හුගක් ආස කල ක්‍රීඩාවක්, නමුත් දැන් ක්‍රිකට් තරම් එපා කරපු ක්‍රීඩාවක් තවත් නෑ. මේ සැරේ එක මැච් එකක්වත් බැලුවේ නෑ, අපේ කොල්ලො දැන් සිංහයෝ නොවේ බලල්ලු ගානට වැටිලා, චික් !",0,sinhala
තෝ ඔය අනං මනං කියලා තමා සයිබරයේ සිංහල කෑවේ,0,sinhala
සබ් ගහන්නෙ ඒ අස්සෙ අයිසෙ දැනුවත් කරා...න්,0,sinhala
ඔය පිලිබද මුලින්ම එලිදරව් කරේ අර ඉසුරු සුභසිංහ මහතා නේද,0,sinhala
උඹට පිස්සා කිව්වා. මට වාවන්නෑ,0,sinhala
පකෝ. තොගේ කිරි රැවුලවත් නෑ. නිකන් මේවගෙපොර වෙන්න හදන්නෙපා. තෝ දන්නවනම් අදාල තැනකට දන්වපන්. මේවගෙ නිකන් වීරයො වෙන්නෙ නැතුව. නොදකින් සීනිබෝල පොන්නයෝ.,1,sinhala
තොට ඕක විතරයි ද බං මගෙම් අහන්න තින්නෙ කොයිවෙලෙත්,1,sinhala
පට්ටි දාන්න හොද ගොන්නු,1,sinhala
දැන් කට්ටිය හෝ ගාලා වැඩට එයි... පඩ ෂෝ....,1,sinhala
උබ නම් මහ ගොන් වස්සෙක් යකො මෝඩ මුසලයෙක් යකො #අපිටඇහෙනකෝල්,1,sinhala
"ලංකාවේ හදවත හමුදා මූලස්තානය අතයට කොමිස් මුදලට සැංගිලා එකට සින්නක්කර විකුණලා දැම්මා. පතිරණ මැට්ටෝ උඹගේ ගෙදර විකුණලා ගෑණි,ලමයි ඉන්නවනම් තැන් තැන් වලට යවලා උඹත් කොහෙ හරි කුලී ගේක හිටියොත් ඒකටද කියන්නේ ආයෝජනය කියලා?අශුචිම කාපන්,උඹලා වගේ කාලකන්නින්ට ඇබෑර්තු තියෙනවා රාජපක්ෂලා ලග!",1,sinhala
රුපියල් ශත වලට තන්හාවේ #srilanka වේ වල ලබ්බ ලෙව කන්න ආවේ නැතිනම් අද උන් සලකන්නේ දෙවියන්ට වගේ. ඇත්තටම එහෙම රටක් ක්‍රීඩාවක් පාවාදුන්නු හතුරුට පුලුවන්ද කවදාකවත් #lka ගොඩ දාන්නන. දැන් හතුරු නැතිව මේ කොල්ලෝ සෙල්ලම් කරන්නේ ආන්න ඒ මානසිකත්වයෙන්.,1,sinhala
"තොපි ඒක බලල නිකං ඉන්න බැරුවට මේවයෙ දාල, ඊට පස්සෙ අරුං බණ කියන්න ගත්තම ගෙවල් වල ඉන්න තොපි වගේම පිරිමි ටික ගෑණුන්ට නෙලන්න ගන්නව ඕක නැතුව එළියට බහින්නෙ නෑ තෝ ගාල... උඹලගෙ පට්ට දෘෂ්ටි සුරංගනා ලෝක වලට හොඳයි. මේකෙ වැඩියම ඉන්නෙත් තොපි වගේම ගොං පිරිමි..",1,sinhala
"මෝඩ සින්හල හැත්ත, තොපිට 10.000ක් වැඩි කලේ මේවා ගෙවන්න තමයී, දැන් ඉතින් ගෙවපියව්, මීට හකීම් අන්කල් ( හම්මෝ මෙයාට... URL",1,sinhala
ඔබේ කකුලත් මේ වගේ අවුවට කළු වෙලා කැත වෙලා ගිහින්ද? URL,0,sinhala
පොලොවට කඩන් වැටෙන චීනෙ ශටල කෑල්ල නිසා ලංකාවෙ අපිත් අවධානම් කලාපයකලු ඉන්නෙ...,0,sinhala
බලන්න මේ මෝඩ අශියා කියන කැත කතා..,1,sinhala
පීස්සුද ඩාලින් මන් බැදලා නෑ,0,sinhala
"හැම අම්මා තාත්තා කෙනෙක් ම දුක් විදිනවා දරුවෝ හදන්න, ප්‍රශ්න ගොඩක මනසක් එක්ක ජිවිතේ ගෙවනවා. එත් මගේ දෙම්ව්පියෝන්ගෙන් අන්තිම අවරුදු 18 මං ඔවුන්ට කිසිම විදිහේ මනසට සිතිමට හෝ ප්‍රශ්නයක් හෝ කිසිම ආකාරය ගැටළුවක් ලබා දි නොමැත. මගේ දෙමව්පියෝ හරි ලකී සුපිරි හිතන්න දෙයකුත් නැතිව පට්ට",0,sinhala
උඹේ සාහිත්‍ය දැනුම තියෙන්නෙ මේ වගේ කුණුහරප කියන්න විතරයි. තෝ ඒකනේ තොට ලියන්න බැරි නිසා අනුන්ගෙ ඒවා හොරා කන්නේ. #TweetHora,1,sinhala
කික්කියොන්ගේ හුජ්ජ ගද යය්ද සැන් පවුඩර් වලින් රජ බලු නකුට වන වනා යන බල්ලො ඉන්න හින්ද තැනින් තැන කික්කියො යනවානෙ... URL,1,sinhala
"සිංහරාජ මැද්දෙන් හරි, විල්පත්තු මැද්දෙන් හරි කොහේ හරි කමක් නෑ පාර වල් හදන්න දීපියව්.! පාරවල් හදන එක නවත්තන්න එන්න එපා එකා එකා බාවනවා.",0,sinhala
උඹ දැක්කද මේ නංගි ලස්සන #DP එකක් දාලා අයින් කරා?? ඇයි ඒ??දැන් මොකද මේ ඔයා බබෙක් කියලද හිතන් ඉන්නෙ?,0,sinhala
Cosplay නොදන්න ලංකාවේ fb ඇඩ්මින් හැත්ත,1,sinhala
ජකූ මම මේ උදෙපන්දරම නැගිටලා රැකියාව බල යන ගමනේ නෙත ගැටුනු සුන්දර දෙයක් ගැන කිව්වෙ බොල (ඇය මා හා සිනාසෙයි මම ඇය හා සිනාසෙයි),0,sinhala
හමයයි නෙමේ යකෝ..ගිනිගත්තොත් ඒම කාට කියන්නද.. P U S P E · 5 Dec 2019 හමයයි කියලා බයයි බන්,0,sinhala
"අනේ .කේ.. කරල පෙන්නපන්කො බූරුවා, තෝ හිතුවද ක්‍රිකට් තොගෙ අප්පගෙ බූදලයක් කියල,",1,sinhala
කළ දේ නොකළ දේ කියලා දාන්න එපා නිකන් පොඩි එවුන් වගේ,0,sinhala
"'FB වගේ නෙමෙයි Twitter.හෙණ කූල්' කිය කිය උත්කර්ෂයට නගනවා ඕනේ තරම් ඇහිලා තියෙනවා FB වගේ නෙමෙයි.Tik Tok වගේ. සර්වඥ කිරිකජු කොල්ලො ගැන්සි රඟන , FB වල ස්ටේල් වුණ ඥාන කෑලි පට්ට කියුම් කියලා හිතාගෙන වපුරන, එළියේ ලෝකයක් ඇහැට දැකලා නැති ළිං ගෙඹි පැටවුන්ගේ රජදහනක් මේක #ට්විටර්_බක්ක",1,sinhala
මේවනෙ යකෝ ජොබ් කිව්වට නිකමට හිතන්න ඔය ගහන කට්ටක් එහා මෙහා වෙලා චුලක්ශි පැජන්ඩ් එකක් මැද්දෙදි දෙනෝ දාහක් ඉස්සරහ ඔය රෙද්ද කඩන් වැටුන කියල. සංහරේම ඉවරනේ පාල · 16 Oct 2020 සමහරුන්ට සමහරකගෙ රස්සාවත් විහිලුවක්.,1,sinhala
"ටහුඩු, හැපි බර්ත්ඩේ ටෝකා පුතේ. සොරි ෆෝ ලේට් විශස්",0,sinhala
"Mr අරුන්දික, මොනවද ඕයී තමුසෙ කියවන්නෙ ඔය #වාදපිටිය",1,sinhala
"මයික් එකක් දික් කරල අහනව ""ශ්‍රී මහා බෝදිය ලංකාවට වැඩම්මුවෙ කවුද"" කියල.. උත්තරය දන්නෙ නැ. ඒක ෆේස්බුක් දානව... කමෙන්ට් කරන උන් බයින්නෙ ""වේසී පොශ් බඩුව.. ලංකාවෙ දන්නෙ නැ මැරියන්. හෙන ගහනව. ලඟ හිටියනම් ගහන්නෙ කනට මිනිහෙක් දන්න නොදන්න දේට විරුද්ද වෙන්න අපේ සමාජයට පුලුවන්ද බන්...",1,sinhala
මුන් වලව්වේ සට්ටබි සෙට් එකක්...!!!,0,sinhala
අනේ වීර සංගිලි පනික්කියෝ! දාහත්වන දා එයාපෝට් එක වහන්නෙ නෑ පනික්කියෝ! හැබැයි සී.අයි.ඩී එකෙන් තොපි ඔක්කෝමලාගෙ රෙදි ගලවනවා පනික්කියෝ! #lka,1,sinhala
හොඳ අර්ථවත් නමක් දාල නෑනේ මට #පොඩිකාලේ අම්මල .බුකියේ ඉන්න මෝඩ මූසලයෝ ටික හිනස්සන්න විදියක් නෑනේ.පත්තරේ #දැන්වීමක් දාලා නම වෙනස් කරන්න ඕන #ශේමෝන්යූගිසාම්,0,sinhala
එයත් පාඩුවෙ මාත් පාඩුවෙ. ඇයී තෝ පරයා මැදට පැනලා වේදනා දෙන්නෙ,1,sinhala
අපි රණවිරුවන්ට හොඳට සලකනවා අපේ හාමුදුරුවනේ මිරිස් කුඩු කලවම් කල වතුරෙන් ඇස් හෝදලා.,0,sinhala
පිස්සා මූ පිස්සා මූ පිස්සු පූසා මූ,0,sinhala
", ශුද්ද සිංහලෙන් ""ලබ්බ බැසීම "" කියලා රෝගයක් තියෙනවා. කරුනාකර බේත් ගන්න",1,sinhala
අපේ රටේ මිනිස්සුන්ගේ වැරැද්ද මොකද්ද දන්නවද? අපි හැමවෙලේම අපේ රට අපේ ජාතිය හෑල්ලු කරනවා හැම තිස්සෙම මොකක් හරි ගොන් වැඩක් දැක්කම : ලංකාවේනේ බං /ලංකාවේ අපි හරි වෙනස්/ යකෝ ලංකාව මේ වගේ දේවල් කියලා ආතල් ගන්නවා,0,sinhala
"අසාධාරණ කාල සීමාවක,සාදාරණ ඉල්ලීමක්.",0,sinhala
", ඉස්සෝකේ බෙබි.දැන් මාලුපාන් හදන්න පලයන්",0,sinhala
ඒවත් එයාලට ම තමයි බෙදාගන්නේ......,0,sinhala
මේතියන කරුම වල හැරියට අර රොකට් කෑල්ල ඇග උඩට වැටෙන්න බැරිත් නෑ X2 thejan · 8 May 2021 මේතියන කරුම වල හැරියට අර රොකට් කෑල්ල ඇග උඩට වැටෙන්න බැරිත් නෑ,0,sinhala
වරෙන් නවලා ගන්න. උබ බබා,0,sinhala
තොපි හිනාවෙවී ඉදපියව්.. ලංකාව වටේ මූද තිබිලත් ඩිංගක් කිමිදෙන්න වත් යන් නෑ..,0,sinhala
පස්ස නෑ හුත්තො මම ආතල් එකේ මෙ බලපන්,1,sinhala
වෝල්පේපර් කැරියා ඩීවීඩී හුකන්නා වීසීඩී පොන්නයා ස්ටිකර් පකයා වයිෆයි හුකන්නා මොබයිල් ඩේටා කැරියා අගුන කොල හුත්ති ආශකී හුත්තී අල්ලපු ගෙදර හුත්තී ඉස්සරා ගෙදර බැල්ලී,1,sinhala
"මක්නිසාද නපුරු ක්‍රියා කරන්නෝ සිඳිනු ලබන්නනෝය. නුමුත් ස්වාමීන් කෙරෙහි බලා සිටින්නෝ දේශය උරුමකරගන්නෝය. මද කලකින් දුෂ්ටයා නැතිවන්නේය. එසේය, නුඹ ඔහුගේ ස්ථානය පරීක්ෂාකර බලන්නෙහිය, ඔහු සම්බනොවන්නේය. ගීතාවලිය 37:9-10",0,sinhala
"ඉංග්‍රීසි ටිකක් කටෙ ගාගත්ත , ලීසිං කරලා වාහනයක් ගත්ත, තමන්ගෙ මුළු පඩියම බැංකුවට උගස් කරලා ණය වෙලා ගෙයක් හදා ගත්ත, තමන් ගමේ ස්කෝලෙ ඉගෙන ගෙන තමන්ගෙ ළමයි ඉන්ටනැෂනල් ස්කූල් වලට යවා ගන්න හදන ඔය ගොන් හැත්තගේ බොරු වලට තමයි ගමේ ඉදලා එන උඹලා ඔක්කොම බයවෙන්නෙ. #Koombiyomeetup",1,sinhala
තරු කැට පවා සාප කරයි උඹට... (මෙම වීඩියෝව හිතට දැනුන අය ෂෙයාර් කරන්න අනිත් යාලුවන්ටත් බලන්න...) ( Created By -... URL,0,sinhala
මුදලට කහින බංකොලොත් සිරස ට නම් මේව ඊනියා වෙන්න ඇති..කාලයක් උඹල නේද කීවෙ port city හොඳ නෑ කියල..,1,sinhala
එහෙනම් සැට් වෙන්නෙ නෑ බොල,0,sinhala
සසර ගමනින් එතෙර වේවා,0,sinhala
මේ වගේ මෝඩ එකේ හොදම මෝඩ ඇමතිලා ඉන්නේ මොන රටේ මොන පක්ෂේද බලන්න මේ වීඩියෝව URL,1,sinhala
1. ඉන්දියාවේ පෙලක් දුරගමන් බස් බැද්දක් ළඟ නවත්වනවා. . ගෑනු පිරිමි දෙපසකට ගිහින් එළිමහනෙ හුජ්ජ කරනවා. . ගෑනු සස් ගාල පාත්කරල හෝ උස්සලා පාත්වෙනවා.විනාඩි 2න් නැගිටිනවා. . ඉන්දීය රූරල් ගෑනු අන්ඩීස් අඳින් නැති නිසා එ වැඩේ එයාලට ගොඩාක් ලේසී..ලු #විශ්වදැනුම,1,sinhala
ඇයි උඹ මීට කලින් tweet දැකල නැද්ද? නිකන් පුක නොදී පලයං මිනිහෝ :P :P,1,sinhala
සිරාවටම කියන්නෙ.. කාශ්‍යපත් ඒ කාලෙ ලව් ලෙටර් ලිව්වෙ ඔහොම වෙන්න ඇති.. දෙන්නගෙ කව්සංකල්පනා නම් පට්ට අහ්..,0,sinhala
පිස්සු ආතල් කියන එක තමයි ඉස්ලාම් කියන්නේ — feeling crazy,1,sinhala
පුෂ්පරාග කියල එකක්. හෙන ගණන් නේ. මට ඕන අර මහින්ද මාම දාන්ඉන්න කොල පාට ගල,0,sinhala
යකෝ ප්‍රශ්න හතරෙ වෙනසක් නෑනෙ බොල,0,sinhala
පොහොට්ටුව පිපෙන්ඩයි යන්නෙ.,0,sinhala
"එතකම් අර මල ලබ්බ ටෙලිනාටක බලපන්,ආටක නාටක වගේ",1,sinhala
කොහොමද රග මෙවා වෙන්න පුලුවන් එවාද මෙවා බලල unp එකට පුක දෙන කාලකණ්ණි සිංහලු දැනගනියව් කෙලවගන්නෙ සිංහලුම කියල පරයින්ගෙන්,1,sinhala
අර මිනිහා මැරුන ගෑණි වගේ ඉහ බදාගෙන ඉන්නේ...... #DP,0,sinhala
"10 ඒ අළු වලින් ගොයම් ගස් පෝෂණය වෙලා හැදීල එන පිදුරු වලින් හාෆ් ශීට් කොළ හදයිද, ටොයිලට් පේපර් හදයිද, හාෆ් ශීට් කොළහැදුවට අව්ලක් නෑනේ බං, අම්මට හුඩු, එතකොට ටොයිලට් පේපර් හැදුවොත්? . . . එක එකාට පස්ස පිහදාන්න ටොයිලට් පේපර් හදන්න මම හමුදාවට යන්නේ නෑ යකෝ.....",1,sinhala
මං දැක්ක ටීවි එකේ ඇඩ් එකක් යනව. කැරිමලයිස් කිම්බ කියල එකක්,1,sinhala
අමිල උදේම හුජ්ජ කරලා.. ටයිම් ලයින් එක පුරාම හුජ්ජ,1,sinhala
තෝ මොකටද බය වෙන්නෙ,0,sinhala
ගල පෙන්නල....නිරුවත පෙන්නල ගන්න...රීච්...ලයික්...කමන්ට්ස්..දාස්ගානක් ගන්නවට වඩා...සංවරකමට ලැබෙන...එක රීච් එකත්...ලයික් එකත්...කමන්ට් එකත් වටිනාකම වැඩී....,0,sinhala
දුම්බීම ලිංගික අප්‍රාණිකත්වය ඇති කරයි ඉතින් මැණික උඹ නැතුව මේ ලබ්බ කුමට?? #government_warning #LifeHacks,0,sinhala
ඔීං වල් විදිහට හිතන්න එපා ඈ උබලා,0,sinhala
ඔලුව දාලා යන්න ආවා තොපි මැරිලාද,0,sinhala
"96.1 FM Or 96.3 Island wide... ________________________ කැච් නම් දැකලා ඇති, බලන්නකෝ හැබැයි මේ වගේ පට්ට කැච් නම්... URL",0,sinhala
පැණි පොකුරු පොකුරු ඔබ යන කල ඔබ දෙසටම නැමීයන්... මම කාලි,0,sinhala
"හැබැයි සල්ලි තිබිලත් ජීවත් වෙන්න අමාරු නම්, ගන්න බඩු නැත්තම් ඒවට ආන්ඩුව වග කියන්න ඕන.",0,sinhala
"මුන්ට ඥානයෙන් කරන වැඩ බැහැ! එකම පුලුවන්දේ ඉංග්‍රීසි වලින් මේ රටේ ඉංග්‍රීසි-බැරි-ගොං-හරක් රවටාගෙන, මහා වැඩකාරයෝ වගේ රටට විනකරන හාම්පුතාලාට පක්කලි සේවේ! අර ගොබෙල්ස් මොංගලායා කරන්නෙත් ඕකමනේ... ඉංග්‍රීසියෙන් පට්ට බොරු ලෝකේ පුරා කියලා රට නැති කොරනකම් ඉංග්‍රීසි බැරි ඔනරබල් තුමාලා නිදි",1,sinhala
දෙසරයක් වැදුනනේ. ඒක පුදුම කරුම ඔලුවක්. අද අල්මාරියෙ ඇනුනා,0,sinhala
දැන් තමුසෙ අපිට වහල්ලු කිය කිය කඹුරන්නෙ කාටද කියනවකො? තමුසෙ මේකෙ ලෙව ලෙව කැරකෙන්නෙ සුවාදීන පුරවැසියෙක් විධියටද? අනේ බන් නාකියෝ තමුසෙ කාගෙවත් වහලෙක් නෙමෙයි නම් මගේ සීනි කිරන්නෙ එන්නෙ නැතුව වැඩක් බලාගන්නවාකො. මේ පිස්සු නාකියට තියෙන ලොකුම අහවල් තැන කැක්කුම අපේ වහල් කම.,1,sinhala
යකෝ හම්බන්තොටට මෙච්චර කාර් එනවද? ඇයි යකෝ විනාඩි පහක් පාර දිහා බලන් හිටියොත් Vehicle Carriers 10-15 ක් යනවා,0,sinhala
කොයි 'විපක්ෂේ' එකත් බලය ලැබුනාට පසු කරන්නේ...මේ ගොන් තකතීරෑ වැඩේ තමයි හැබැයි අපරාදේ කියන්න බෑ අපේ මීහරක්ද...හැමදාම රැවටෙනවා..මදි නොකියන්න ! ප/ලි මට නම්....මේ දේශපාලුවන්ව එදත් අදත් හෙටත් පේන්නේ රෙද්ද අැදන්....ඔළුවෙන් හිටගත් එවුන් ලෙසයි... බලන්න අප්පිරියයි....අමු හෙළුවෙන්,1,sinhala
දවස් දෙක තුනක්ම කිව්වම කියනව 300 කෑලි වලින් කපන්නෙ නෑලු... අනේ පලයං අයිසෙ බොරු බයිල ගහන්නැතුව,1,sinhala
"කැත විදිහට කතා කරේ නෑ.. ඒත් හිත හදාගන්ඩ බෑ මොනම විදිහකටවත්.එයත් ඇත්තටම ආදරේ කරා නම් දාල යනවද මොන ප්‍රශ්නයක් තිබ්බත්.එයාට ඕනි නිසා ගිහිං අනතිමට ""තමුසෙ මහ බොරුකාරයෙක්""කියල අහගත්තම,කිසිම බොරුවක් නොකරපු කෙනෙක්ට මොන වගේ හැගීමක් ඇති වෙයිද? කොල්ලො අපිට හිත් නෙවෙයිද තියෙන්නෙ?",0,sinhala
#BestBoruwa තමුසෙ ගංජ ගහනව නේද ? නෑ බුදු සර් මං ගංජ බෝතලයක් අතින්වත් අල්ලලා නෑ...,0,sinhala
කවුද යකෝ පී. හැරිසන්ට මයික් අල්ලන්න ගිය මාධ්‍යවේදියෝ . ඒ යකා කියපි රවීට කිසියම් චෝදනාවක් එල්ල වෙලා තියෙනවා ඒත් මොකද්ද නිවැරදි කතාවක්. ගහප් මයික් එකකින් ම ඔය පිස්සාට!,1,sinhala
ගොඩගම පිවිසුම සිට ඇති කොටස වීවෘත කරලද?,0,sinhala
"මේ උසස්වීම් බලාපොරොත්තුව බෙටි කන තවත් කුක්කෙක්, මේ හරකා , හමුදාව නියෝජනය නොකරයි, කොටි නියෝජනය කරයි, අනේ මෝඩ... URL",1,sinhala
පක තමා.. කොහෙද හුත්තෝ කුරුණෑගල ඔච්චර දින්නේ. පුත්තලම විතරයි. බොරු දමා හැමිනෙන් නැතුව වැඩක් බලාගං,1,sinhala
#srilanka #lka #polonnaruwa #kingparakumtank #lolproject #rejectwealltogether මේ සමුද්‍රය මහා පැරකුම් භූපතියන්ගේ මිස චෝල මණ්ඩලම් හි වසන දේශපාලන හිකනලුන්ගේවත්;කටුස්සන්ගේවත්; නිවට චීවරධාරීන්ගේවත්; ජල ගැලුම් නිම්න කාබනික බය්යන්ගේවත්; නිවට බයි හුජ්ජ කොල්ලන්ගේවත් නොවේ.!,1,sinhala
ගෑණි ;- කොහොමද මේ කමිසේ ලිප්ස්ටික් ගෑවිලා තියෙන්නේ?? මිනිහා ;- ඒක තමා මමත් කල්පනා කලේ...ඒ වෙලාවේ මම කමිසේ ගලවලා හිටියේ :P,0,sinhala
"වර්ල්ඩ් කප් එක දින්න නම් මුන් මොනව කරයි ද, දන්නෙ නැහැ. ගිනි තියා ගනීවිද මන්දා",0,sinhala
"අද ඉඳන් අනිවාර්යයෙන්ම යන්නෙ එකකො Uber නැත්තං PickMe. තමුන්ගේ බඩ පුරවගන්න අසාධාරණ විදිහට මිනිස්සුන්ගෙන් සල්ලි හූරා කන, මීටරයක් හයිකරගෙන දුවන්නෙ නැති, සමාජයට පිළිලයක් වුන මුං වගේ තුට්ටු දෙකේ සක්කිලි, මැරුනට පස්සෙ... URL",1,sinhala
65 උනත් බැදල නැත්නම් ඌ කොල්ලා මල්ලී ~ලේන් එකේ ටෙඩී අන්කල් #නාකි_විසේ,0,sinhala
අති විශිෂ්ට පර්යේෂණාත්මක ලිපියක්.. බලධාරීන්ගේ නෙත ගැටේවා..,0,sinhala
පිස්සා කියනවද love එකට,0,sinhala
අම්මට හුඩු. දැන් පුපේ ජෙට් හයිකරලා වගේ දුවයිද සජිත්ගේ දේශපාලන වියාපාරය?,1,sinhala
"මට මතකයි 2005දී විතර මතකයන් ඔබේ සින්දුව ලංකාවම දෙවනක් කරද්දී මිනිස්සු #ChamaraWeerasinghe ට ගංජා කාරයා, කුඩු කාරයා, පිස්සා කියල බැනපු තරම්. ඒත් අද ආසාවකට බනින එකෙක් හොයාගන්න නෑ. ඒ කටවල් වලින්ම මිනිස්සු අද ඔහුව වර්ණනා කරනවා!",0,sinhala
ඒකනම් ගොඩක් හොද දෙයක්,0,sinhala
""" බඩුව Highlights කරගන්න තමයි ලංකාවේ කෙල්ලෝ Tattoo ගහන්නේ "" buddhi- · 31 Aug 2021 tattoo ගහපු හැම කෙල්ලම බඩුවක් වෙන් නැහැ. එත් ඉතින් හැම බඩුවගේම Tattoo එකකුත් තිබුනා ༼ つ ◕_◕ ༽つ",1,sinhala
ඇයි අද නෙවෙයි ද..තාම වීඩියෝ කරනවා ඇති මං හිතන්,0,sinhala
තෝ මාවම කොපි කරනව නේ,0,sinhala
ගමනක් ඇවිත් ඉන්නෙ. ඇන්ටිලා ටිකක් කියවනවා. කටට කිරල ඇබේ ගානෙ සෙට් කරන් යන්න හිතිලා තියෙන්නෙ,0,sinhala
ඔව් එය ඉහලින්ම පිපුණා,0,sinhala
ජීවිතේ ගැන අලුත් විදියට හිතන්න ගත්තම..පරණ දේවල් එකක් හරි ආයෙත් ඇමිනිලා එන එක නම් හෙන කරුමයක්. #කරුම,0,sinhala
කෙල්ලෙක්ගෙ FB massenger එකට log උනා.. සසර කළකිරෙනව ඕයි.. ලංකාවෙ කොල්ලො මෙච්චරටම අසහන කාරයින්ඳ කියල.. අත්තටම සමහර messages දකල කොල්ලෙක් වීම ගැන ලැජ්ජත් හිතුන.. මුං වගේ අපතයින්ගෙ බිජ්ජ කපල නයි කූඹි දාල පෑන්ටියක් අන්ඳන්න ඕනෙ..,1,sinhala
ඉයා යකෝ මොනවද මේ විලි ලැජ්ජ නැති වැඩ...‍,0,sinhala
"ගහන්ඩ තියෙන කිම්බට වැඳ වැඳ ගහන්ඩත් එපා,ගගහ වඳින්ඩත් එපා,බඩුවෙ බැයිනං පුකේ හිලත් අවුලක්ම නෑ මොක බැරිවුනත් කිම්බක් හින්ද දිවි නහගන්ඩනං එපා.පිරිමි කමටත් ලැජ්ජයි. තූ නොදකිං.කිම්බ දේවාලයක් නෙමේ.දේවාලයක් වගේ පේන්නෙ පොන්නයින්ටම තමයි.ඕනනං හිකුව නැත්තං නිකා හිටියා.. :14 views",1,sinhala
අනිවා පට්ට කතා ටික...,0,sinhala
ඇක බාවිතා කරාට කමක් නෑ පුක බාවිතා කරන්න දෙන්න එපා,1,sinhala
ටොයියන්ගෙ මොළේ දමන්න ඕන ඇළේ මුං මෙච්චර පැහැදිලි ව මේවා කියලත් රටක් ගැන නොසිතා අන්ධ කොර බිහිරි වහල්ලු වගේ රනිලගෙ පස්සෙ දුවනවට. අන්තිමට #රි කාපු රිලව් වගේ විරුවගෙන හිටපියව්..!!! කාලකන්නි සක්කිලි බල්ලො URL,1,sinhala
තොට ඔවා තෙරෙන්නෙ නෑ,0,sinhala
"""තෝ හිතුවද මම බඩුවක් කියාලා.., තෝව අරං එලියට විසිකරනවා.."" - පාරේ අක්කාගෙන් ත්‍රිවිල් මල්ලිට දැඩි ප්‍රහාරයක්..!!! URL",1,sinhala
තව තඩි වෙයන් !!!,1,sinhala
තව පොඩ්ඩයි. ඔහොම යං!,0,sinhala
කෙල්ලක් දාගන්න බැරිනම් වැලක් බලන් අතේ ගහපන් පකෝ... දකින දකින කෙල්ලට බඩුව කිය කිය හැමිනෙන්න හදන තොපි වගේ එවුන් තමා දවසක අහේනිය නිසාම වාහන වල දුම් බට වලටත් අරින්නෙ #වැලිකතරේපොන්නරජා,1,sinhala
ෆැමලි සීන් එකේ එකම අම්ම තාත්ත පව්ල් ගොඩක ඉන්නවනෙ,0,sinhala
අප්ෙපාචිචලා මිහිරි තිරන ගත්ත කියලත් මතකයක් නෑ ආයුෙබාවන්,0,sinhala
අප්පද බොල දැන් තමා දැක්කේ කියලා හිතන් නේ ද ටිවිට් කොරලා තියෙන්නේ,0,sinhala
"ඇයි බං මේ හුත්තිගෙ පුතාලා අනියම් පෙම මේ තරම් රෝමාන්තික,පූජනීය,හිරිමල් සුන්දර අත්දැකීමක් කරන්න හදන්නෙ? ඒක තේරෙයි තමන් පණ වගේ ආදරෙන් ඉන්න එකා/එකී හොරෙන් ත්‍රීවිල් වල නැගං ගිහිං හෝටල් කාමරේක ලැගලා එළියට බහිනවා දැක්කානං.. දරැවෙක්ට තමන්ගෙ අම්මා බඩුව තාත්තා සල්ලාලයෙක් කියලා කිව්වා නං…",1,sinhala
"දාහක් මිනිස්සු අතර තාමත්, ඒ ඇස් දෙක හොයන ""හිත"" උඹ නම් සාපයක් බන්.",1,sinhala
වක්කඩේ වතුර යන්නේත් ගොනා පොල් පැලේ ක්නේත් කොල්ලො කෙල්ලො පස්සේ යන්නේත් ඇයි,0,sinhala
ඔව් ඔව් ඒකා පිස්සා කියලා නම දාගෙන ඉන්නෙ,0,sinhala
මං ඉපදිලා හැබැයි තේ⁣⁣රෙන වයසක නෙමෙයි. හැබැයි 80 ගණන්වල එයාලාගෙ ක්‍රියාකලාපය ගැනයි මේ ළඟකදි එයාලගෙ ක්‍රියාකලාපය ගැන මටනම් කිසිම පැහැදීමක් නෑ. ඒත everybody is entitled to their opinion.,0,sinhala
ගිය සතියේ ජාතියේ බඩුව මේ සතියේ ජාතියේ මව පියුමි සකලංසමාලි,1,sinhala
", සල්ලි වලට දඩාර නයි අරින බොරු පතුරන එකෙක් තව ඒ වගේ එකෙක් ගැන කියනවා අයිසෙ සුනන්ද වීදුරු ගෙවල් වල ඉදන් ගල් ගහන්ඩෙපා ඕයි",0,sinhala
සඝ රජුට කල මෙී අපරාධයට සම්බන්ධ සියල්ලන්ටම සාප වෙීවා..... සියලු දෙවි දේවතාවන් උන්ට සාප කරත්වා..... සියලු දෙනා එක හිතින් ප්‍රාර්ථනා කරන්න....,1,sinhala
වෙන වැඩක් ඇත්තෙම නැද්ද,0,sinhala
ඉස්සර උබ වලියක් නම් ලොවෙත් කියනො ගිහාන් අයියා ඉක්මනට වරෙන් කියලා අඩ ගහලා කියන්නේ තො දැන් වෙනස් කම් කරනවා මන් තොට වෛරය,1,sinhala
මේයා හිතන විදියට influencer කෙනෙක් වෙන්න ටික ටික ඇඟ පෙන්නන්න ඕන.. ඔය විදියට හිතුවොත් පාර්ලිමේන්තු යන ගෑණු හෙලුවෙන් යන්න ඕන.. ගොනා කියලා මරන්නද ? බෑනේ බෑනේ Anuradha Sooriyarachchi · 8 Jan 2020 අන්තිම පැය URL අපි දිනනවාආදරේයි මට කරපු/කරන හැමොටම,1,sinhala
අගට 4856 තියෙන ඩයලොග් නම්බරේ අයිති වල් බල්ලා ඌද?,1,sinhala
පට්ට යි හුකා බන්ස් | BΛNZ · 30 Mar 2018 හුකා ඇල්ල වැන්දා ෆ්‍රෙන්ස්,1,sinhala
මට මේ අවස්තාවේ කියන්න කිසිම දෙයක් කටට එන් නෑ .,0,sinhala
ඔව්ව නැත්තන් සෝෂල් මීඩියා හෙන කැතයි බන්,0,sinhala
පක තමයි සමනල් පාලනය,1,sinhala
රැවුල කපලා එලියට ටිකක් ගියා :3 බල්ලා කන්න පැන්නා කියහන්කෝ -_-,0,sinhala
කෙල්ලෙක් හිනාවෙලා අතල් එකේ ඉන්නකොට එකිට බඩුව කියන්න එපා බං,0,sinhala
"මේවා මුලින් උනානම් තමයි හොඳ. කමක් නැහැ දැන්වත් ඉස්තාලේ වහමු. අමතක කරන්න එපා. රනිල්,හර්ෂ,හරින,රුවන්, වගේ මේලෝකේ වැඩකට නැති එවුනුත් මාරු කරන්න ඕන. තව ත්‍රස්තවදෙට උඩගෙඩි දීපු අසාද් සාලි, බතුයුදීන්, මුජිබර් රහමන්, අතාවුල්ලා වගේ අවජාතක නායකයොත් පාර්ලිමේන්තුවෙන් පන්නන්න ඕන.#lka",1,sinhala
සිංහයව pcr කරපු සිංහයගෙ photo එකක් දාන්න ප්‍රෙන්ඩ්..,0,sinhala
අනුර ඇසූ ඩුබායි ගිණුමේ විස්තර රාජිත යට ගසයි.. මාධ්‍ය ඉදිරියේ කියන්නෙම පට්ට බේගල්.. URL,0,sinhala
Watto Yew Beauty මතක් කරලා Rahat Ali ට එහෙම කතා කරලා පලයන් මැච් එක ඉවර උනාම පව් නේ #AUSvPAK #CWC15 #PakvsAus,0,sinhala
අඩො ඩම්බල්ඩොර්ගෙ එකවුන්ට් එක හැක් කරල ද,0,sinhala
හ්ම්ම් ඒක තමා. දැනෙන එකක් නෑ. ඒත් ඇයි එහෙම කරන්නේ අපි. අපේ මෝඩ කම,0,sinhala
යකෝ අපි කාටහරි කියලා ගහක් හිටවන්න දගලනවා. මුන් ගස් කපලා පිට්ටනි හදන්න දගලනවා.. මනාප දෙක තුනකට කෑදරකමේ දගලන ඇමතිවරයා මොන තරම් නූගත් විදියටද කතාකරන්නේ... මුන්ට කඩොලාන ගැන මතක් උනේ සුනාමි ඇවිල්ල ගියාට පස්සෙ විතරයි. දැන් අවුරුදු 15ක් විතර ගියාම මුන්ට ඒව මතක නෑ... තුක් නොදකින්,1,sinhala
අනේ මාව හදා ගනින්කො බොල.. ඇයි මේ නකුටො පැටව්,0,sinhala
විනාසයි දෙයියනේ කිඹුලා බනිස් එකක්වත් කාලා ඉවරයි,0,sinhala
මුං ගෝඨා ගෙ හයිය අරං දාර කයිය ආන්ඩුව පෙරලුනා ම හයිය නෙවෙයි පයිය වත් ඉතූරු වෙන්නේ නෑ,1,sinhala
තවත් කැබින්ට් සන්ශොදනයක් වත්ද,0,sinhala
"මෙහෙම මේ ඇවිදින බෝපැල වගේ හිටියට , මලම පැනල ඉන්නකොට නම් දොර රෙද්දක් වැරදිලා ඇඟේ වැදුණොත් ඒකෙනුත් ගේම ඉල්ලල , දොර රෙද්ද එක්කත් ගහගන්න දරුණු මිනිස්සු අපි.. #මලවිකාර #මේවා_සිරා_සිද්ධි",0,sinhala
එහෙනම් මට ඔය රෙද්ද දීපන් නෑනේ,1,sinhala
මහසෙන් ධාතුසේන පරාක්‍රමබාහු රජවරුන්ට වඩ ප්‍රේමදාස ජනාදිපතිතුමා වැවු හැදුව. රටට ඉතිහාසය උගන්න්න කතාව. හරකා කියන්නේ නිකන්ද #SLPolitics,1,sinhala
ඔවූ මූ මේ පිස්සා කියලා නම දාන් හිටියට හැන්ඩි කොල්ලේක් අක්කේ,0,sinhala
හරි දැං මගෙන් තමුසෙ ඇහුවා කියලා දැම්මේ නෑනේ :V,0,sinhala
මේන් බලන්න ඔයාට බැල්ලි ලු.... ගෝප්ස් · 13 Jun 2018 කොල්ලෙක්ට බල්ලා කියන්න ඒ කෙල්ල බැල්ලියෙක් වෙන්නෝනි.කුනුහරුප කිව්වත් කමන්නෑ...බල්ලා කියල මනුස්සයෙක්ට කියන්න හොද නෑ. URL,1,sinhala
", උඩම එක කියවල බලන්න - පයිය සයිස් -",1,sinhala
"යකෝ, රනිල්-මෛත්‍රඊ ආණ්ඩුව තව හොඳයි කියල හිතෙන්නෙ මට විතරද? පක්ෂ දෙකක ඉදගෙනත්, උන් දෙන්නා කරගෙන ගියා. මුන් දෙන්නා අයියා මලෝ වෙලත්... වාහන නැවතුම්පොළක්වත් හදා ගන්න බෑනෙ!",0,sinhala
රෙන්ඩයි හුජ්ජ කරන්නයි කැලේ මතක් වෙන උන්ට. පරිසර ප්‍රේමය කුනුහරපයක් බං,1,sinhala
උඹ පොන්නයනෙ. ඉතිං තේරුමක් නෑ බං. වැඩක් බලගෙන හිටපං හැම එකටම පුක දෙන්නෙ නැතුව,1,sinhala
පන්සලට ගියා දානේ බාස්කට් ටික ගේන්න .පොඩි හාමුදුරුවෝන්ට කතා කරා පේන්න නෑ. විහාරේ පැත්තට යද්දි තඩි අඹගහක් මුදුනේ තාම වයස 7 යි ඒ තරම් තේරුමක් නෑ.අනේ බහින්න පොඩිහාමුදුරුවනේ ලොකු හාමුදුරුවෝ දැක්කොත් බනී කියද්දී ඔන්න අල්ල ගන්න අක්කා කියල ඇගට පැන්නා ලොකු හාමුදුරුවෝ සාදික්කා,0,sinhala
මං නම් කියන්නෙ මේක සද්දෙට දාගෙන අපේ ගොනා අපිට හොදා කියලා කෑගගහා ගොන් කරත්ත වල යන්නෝනෙ URL,0,sinhala
කොපි නෙවේ බොල. ලාවට කන් ඇහෙන එකෙක් දාපු ට්වීට් එකක් ඒ.,0,sinhala
තමුසෙල අවුරුදු හතරහමාරක් ආණ්ඩුව කෙරුවා.. කොරෝනා ත් නැතුව යුද්ධය කුත් නැතුව තිබුන ඒ කාලේ තමුසෙලා ආර්ථිකය ගොඩ දැම්මද? පිස්සු ජෝක් ඕයි මේවා,1,sinhala
නෑ බං ඉස්සර කාලේ සෙල්ලන් කරද්දී උන injury එකක්. අවුරුදු බර ගානක්. කකුල අඩිය තියන්න අමාරු සීන් එකක් එනවා.,0,sinhala
අක්කිලා පිං පාටයි... ඇන්ටිලා පෙම් පාටයි... නංගිලා ගොන් පාටයි.,1,sinhala
උදේ කෝච්චියෙ ෆුට් බෝඩ් ආව කෙල්ලෙක් ඉඩනැති නිසා..ඇතුලේ උඩ ඉඳි කොල්ලෙක් යාලුවො එක්ක අන්න අරලමය ෆුට්බෝඩ් කියලා දහ වතාවකට වඩා සද්දෙන් කිව්වා.. . ඇයි හුත්තො මං ෆුට්බෝඩ් ගිහම තොගෙ බිජ්ජ කසනවද? කියලා ඒ ෆුට්බෝඩ් ගිය ගෑල්ලමයම ඇහුවනම්... සිරාම ආතල් ඉතිං..,1,sinhala
පාර්ලිමේන්තුවේ ඉන්න පිස්සු ටික මදිකමට මේ දෙන්නත් පිස්සු දොඩවනවා... #CoupLK #ConstitutionalCrisisSriLanka #ImpeachSirisena,1,sinhala
"ජෙරී පැදුරු කොට්ට අරං පලයන්. ""make up routine 1 කියා දෙන්නම්කො"" කිව්වනේ....",0,sinhala
ඒකි කොරලවැල්ලෙද කොහෙද බං ? ;-) මෙහ් අපි යමු එයාව බලන්න පව් නේ බං,0,sinhala
"ඩොලර් නැතුව රටම වලට වැටිලා. අවුරුදු දෙකකුත් ගියා තාම PAYPAL දී ගන්න බැහැ. දුන්න නම් කොල්ලො කෙල්ලො කොච්ච්ච්ර නම් $ ගෙනෙයිද රටට. මේකට හේතුව බලධාරීන්ට මොලයක් නැහැ, නිලධාරීන් පට්ට කුහකයි. පලයල්ලා තව කඩේ. #SriLanka",0,sinhala
චිච්චි කොලුවාගේ මාමණ්ඩි ජෙරම් එන්නේ නැද්ද?,0,sinhala
තරුණියන් කොහොමද හිටියෙ ?,0,sinhala
ජාතිවාදයට එරෙහිවීම ජාතිවාදය ලෙස දකින්නේ අවජාතක පරයන් පමණී.........,1,sinhala
මේ තවත් පොඩි පකයෙක්. වීඩියෝ එක නිකන් බලහන් ගිහින්. මේ එකම එකක් විතරයි. මේ වගේ ඒවා දාස් ගානක් දකින්න පුළුවන්. පොලිසිය මේවට හරියට ක්‍රියාත්මක වෙනවද? දඬුවම් දෙනවද? මනුස්සයෙක්ට පාරට බහින්න බෑ මේ වගේ පර සක්කිලි නිසා. URL,1,sinhala
සංගක්කාරට වඩා තමන්ගෙ ඉන්න පැත්තට වැඩක් කරපු එකෙක්ට ඒ පැත්තෙ මිනිස්සු චන්දෙ දෙනවද නැද්ද?? උඹටත් අර උඩ ඉන්න පොන්නයගෙ තැනට වැටෙන්න කලින් හොයලා බලපං මචං. රටෙත් නැති පොන්න හුත්තලා මෙතන වෙන දේ දන්නෙත් නැතිව පුක දෙනවා මේකෙ..,1,sinhala
ඕයි අලුත් Twitter අප්ඩේට් එක පට්ට අවුල් නේ ෆලෝ කරන්නෙ නැති උන්ගේ ටුවීට් විතරයි TL එක පුරාවට තූ,1,sinhala
කෝ ඉතිං කරුම ශෙයා කරගන්න ඔප්ශන් එකක් දීලා නෑනේ යමයා තාම,0,sinhala
"ඒකෙත් හැටි බලමුකො, බිජ්ජ දන්නව ඉඩක් ලැබෙන වෙලාව",1,sinhala
ටහුඩු Wolvi® · 19 Apr 2017 යකෝ තොට උදේ පාන්දර ඔච්චර කියලා රෙදි ඇදගෙනද අනුන්ගේ ලබ්බවල් හොයන්නේ. වැඩ නැත්තන් අතේ පාරක් ගහලා නිදාගනින්..,1,sinhala
තමන්ට පහසු ඇදුමක් ඇදන් යන දිහා අපේ උන් බලන්නේ මහ කැත විදිහට නේ...අපේ උන්ගේ හිත් සංවර වෙනවා නම් ඔය කිසි ප්‍රශ්නයක් නෑ,0,sinhala
"ඇප නෑ ... වෛරය,",0,sinhala
ඕකව නව සීලන්තෙටම යන්න දීලා නොලං ඉන්ඩ තිබුනෙ හරක් පට්ටියක් බලාගෙන ගොපල්ලෙක් වගෙ ඉන්ඩ නොදකින් විතරක්,1,sinhala
යකාගෙ ටෙස්ට් යකෝ මෙව්වා ඊයේ රෑ 8ට කාලා අද දවල් 1වෙන්කන් වතුර උගුරක් නැතුව තියා ගත්තා මාව වෙව්ලුව විතරයි මතක අන්ට්ජිමට කලන්තෙ හැදිලා දැන් තමා මේ සිහිය ඇවිත් ජූස් එකක් බීල බත් ටිකක් කෑවෙ.......ඇගට පන නෑ,0,sinhala
Me to Manussaya: ජෝතිපාලගෙන් boobjob එකක් ඉල්ලන්නේ මෙහෙමයි අප දෙන්න පියුමිගේ හංසයින් විලසින් ඉන්නට සිතන්නේ ඔබ පමණයි අප තන් සුවතැන් රසතැන් දන්නේ after effects අප නැත හඳුනන්නේ ලෝකයාගේ කියමනට පිටුපා යන්නේ jiggly wiggly jiggly jiggalee සුභ බූබ් ජොබ් එකක් වේවා,1,sinhala
"මේක ගිහින් බැලුවා! කොල්ලො ප්‍රසිද්දියේම හුත්තී කියල බයිනවනේ තව කෙලින්ම දාර කුණුහරප කියන්නේ.. අනේ මන්දා ඇයි කියලා.. ඊටත් එහා සමහරු ""අපේ නම් කියන්නෙ නෑනේ"" බබාහ් කියල කමෙන්ට් කරල! ස"" ජනාධිපති උන එක ඉතින් අහන්නත් දෙයක්‍ද #මාරවැඩේලංකාවටඋනේ BinethTtalks · 9 May 2021 අපේ රටේ අනාගතේ පුන්චි අපි තමා! තොපි හැදෙනවා රට නැසෙනවා ඒක ඇත්තමයි",1,sinhala
බිංකුණ්ඩෝ බොල තෝත් නටාපිය මාත් නටන්නම්…ජිනීවා… මරේ… හායි | Lanka News Web Today - URL via,0,sinhala
"තූ නෙද්දකින් වල් බීරි වනචර පරට්ට හැත්ත බුරුත්ත, වචනයක් කියන්න බෑ ඒකෙ තියෙන මොකක් හරි වලත්ත ඉලව්වක් අරන් උලුප්පනව",1,sinhala
අම්මට බේත් ටික අරන් දෙන්න වත් යන්න දෙන්න පිං,0,sinhala
", නෑ, උඹ හැරියන්. පොඩ්ඩක් බලන්න වෙන කවුරුහරිද කියල",0,sinhala
මූ සිව්‍රක් පොරොගෙන ඉන්න පොන්න පකෙක් තො ඔක ගල්වපන් අපෙ ජාතිය විනාස කරන්නැතුව... URL,1,sinhala
"මනුස්සයෙක් ජනප්‍රිය උනාම හැත්ත බුරුත්ත රොත්ත පිටින් ගේ අස්සෙ රිංගන්න යන එකනම් සාපයක්. ජනප්‍රිය උනෙ පැණිය , කැලෑ කතා, ජයග්‍රහණ මොනාටහරි නම් ඒකට ඒ මනුස්සයා ගෙ පුද්ගලික අවකාශය ට ගිහිං හොම්බ ඔබල කැමරා කරන්න ඕනිද ?",0,sinhala
මට නම් හිතෙන්නේ මේක ලොකූ political game එකක්. ඇයි යකෝ මුන් බලේට මෙච්චර කෑදර ? උබලට බලේ දෙන මිනිස්සුන්ව නේද මේ කුලප්පු කරලා එක එකා මරවන්නේ ?,0,sinhala
#srilanka #EasterAttackSL #extremism #muslim නානා මාමලා අපිට ප්ලාස්ටික් බෙසම් බාල්දි දීලා අපේ යකඩ තඹ කෑලී අරන් ගිහින් කොරපු වැඩේ...,0,sinhala
""" බබා Night mail බදුලු යන්න ඕන"" එහෙම කිව්වම තඩි බෑග් මල්ල පිටේ එල්ලගෙන ගාල කඩාගෙන කොළඹ දිවීමේ විස්මිත හැකියාවක් මට තියෙනවා ඒකත් හිතන්නේ නැති වෙලාවක",0,sinhala
"සේරම් පෙදෙසෙ ජනපෝශ එක ගැන කාලෙක ඉඳලා කට්ටියට කියන්න හිතන් හිටියා, ඒත් අමතක උනා.. ඒ ගැන වීඩියෝ එකක් දැන් තියනවා. ඇත්තටම වැඩේ පට්ට! එතෙන්ට ඇවිල්ල කාලා බීලා යන සෙනග දැක්කම හිතෙනවා ඒ මිනිස්සු කොච්චර නම් පිං දෙනවා ඇතිද කියලා..",0,sinhala
අමල් වැරද්දක් කරලා තියනවා නම් ඩුබායි වගේ මැද පෙරදිග රටකදි දඩුවම් කරන්න දෙන්න එපා.ඒක හරිම භයානක තත්වයක්.ඔහු කලාකරුවෙක්.ඒ නිසා ඔහුව ලංකාවට ගෙන්වා දෙන්න කියලා මං ජනපතිගෙන් ඉල්ලනවා - කීර්ති පැස්කුවෙල් බෞකන්ඩ ලයාන්විත පකෝ .. කලකරුවෝ තොපි අලි පුකෙන්ද?,1,sinhala
ඇලෙනසුලු ද්‍රාවණයක් මොනාද අයිසෙ මේ,0,sinhala
අම්මටසිරි වෙයි. තෝ නැතුව අපේ ටීම් එක ජිල් ගහන්නද?,0,sinhala
අඩො සිරවටම මේ අනුන්ගෙ සයිස් මනින්න ගිහින් කෙලවුන අක්ක නෙද,1,sinhala
ආයෙ තෙල් නෑ වගේ නේත?,0,sinhala
සිහින ගිලිහී දෙපා මුලා වැටුනා ඔයී ලබ්බේ කොරෝනා තෝ නම් කරුමයක්,0,sinhala
මොන ඩිවලපර් ගොබිලද යකෝ ට්වීට් බොත්තා බිමට දැම්මේ.. කැත වැඩ කරන්නෙපා අයිසේ ..,0,sinhala
slt එකයි mobitel එක එකට එකතු උනාට අපිට ලැබුන වාසිය මොකද්ද කියන්න බලන්න .මට දැනුන දේ පට්ට advertising cost එකක් නම් ගිහිල්ලා තියෙනවා විතරයි මම නම් දැකපු දේ.... ඒ ඇරැන්න මිනිස්සුන්ට ලැබුන ල බ් බ ක් නම් නෑ....,0,sinhala
ඒක මගෙ වැරැද්ද.... කොහෙද යන ගොන් බඩුවකටනි sexy කියල තියෙන්නේ නොදකින්....,1,sinhala
හුත්ත රනින් වුවත් මලේ වැදුනෝතින් කැපෙයි මලේ...පලිබෝධනාසක අනතුරු සහිතයි පවේසමෙන් පරිහරණය කරන්න,1,sinhala
පත් කල කමිටු සාමාජිකයින්ගේ අතුරැදහන් වීම පිලිබඳ සෙවීමට තවත් කමිටුවක්.,0,sinhala
"#LankanAds හොඳට දැනෙන්න - රියල් දේ තෝරගන්න නුවණක්කාර අය ගන්නෙම ""ජිනදාසගේ ලොකු තලගුලි"" දැන් Premium ආකාරයට කටට හොඳට දැනෙන්න ලොකුවට ඔබ අතට! Papiii_Lk · 1 Feb 2019 It feels real !!!",0,sinhala
වැදගත් වෙන්නේ අදාල පුදගලයා නැති උනාම ගුනදොස් කියනවාට වඩා ජිවත්ව සිටින කාලයේ කරන උදවු උපකාර,0,sinhala
මහින්දගෙ ආණ්ඩුව වතුර ඉල්ලපු එවුන්ට ගැහුවා. රනිල්ගෙ ආණ්ඩුව හම්බන්තොටට ආපු එවුන්ට ගැහුවා. කොයි එකත් එකයි බොල. දේසපාලු හැත්තට කඩේ යන්න එපා.,0,sinhala
නිදි පෙති බී ලයික්... +සර් ඩොකා දුන්නු බේතනන් මරු අද උදෙන්ම ඇහැරිලා ඔෆිස් ආවා. -ඈ එතකොට තමුසෙ ඊයෙ දවසෙම කොහෙද ගිහින් හිටියේ???,0,sinhala
ඒ වුනාට සජිත් පරාදයි,0,sinhala
මම කැතයි තමා..කැත උනත් ඉතින් මේ මමනෙ අයිසෙ,0,sinhala
පකද බලන්නෙ?කුනුහරපයක් නොවන බැව් කියා සිටිමි.බුලත් පයිය.,1,sinhala
තෑග්ගෙං තෑග්ග උතුං ලබ්බ කිය කිය එකම ලබ්බද මේ වටේ යන්නෙ..,1,sinhala
තමන්ගේ සුබසිද්දිය වෙනුවෙන් තමන්ගේ උන් පාවා දෙන උන් සක්කිලි බං දවසක ඕක අපිටත් කරයි. එතකන් පුදාගන ඉන්න ඔයාලා ඉන්නවා.,1,sinhala
මගුලක් කියවනවා කජ්ජ ගහන්න තව කල් තියෙන්නෙ බොල,0,sinhala
:සුනන්ද දේශප්‍රිය කියල ස්වාධීන හාදයෙක් කියනව හෝම්ස්.. රජය පාසල් වසාදැමීම නිසා කාර්‍යබහුල දෙමව්පියන්ටයි ආච්චිල සීයලටයි ළමයි බලාගන්න වෙලාලු.. :ඔය කියන්නෙ අර මැකෝද? :නෑ නෑ.. ඒ මහින්ද දේශප්‍රිය.. මේ එයාගෙ මල්ලි.. :බලන්නකො ඒකෙත් හැටි නේද වොට්සන්.. අයිය මැකෝ.. මල්ලි.. :පකෝ!,1,sinhala
අවජාතක දරුවා තීන්දුවක් ගත යුත්තේ ඔහුගේ පියවරුන්ට ඕනේ විදියට නොවෙයි රටේ සමස්ත ජනතාවත් ආර්ථිකයත් ඉදිරියේදී ගලවා ගත හැකි ආකාරයෙන්ය. වරද ඇත්තේ දරුවාගේ නොවෙයි ඔහුට ඒ ජාතකේ දුන්නු පියවරුන්ගේය,0,sinhala
ලා දළු බෝපත් සෙමින් සැලෙන සේ යශෝදරා දේවී වාවනු බැරි තෑන රහසේ හැඩුවා පෙර සංසාරේ ඈසුර මතක් වී ලේන කුලේ සිට ආ ගිය මග තොට සිටියා නොසැලෙන පහන් ටැඹක් වී නිවන් දකින තුරු මේ සංසාරේ පසුපස ආවා සෙවනැල්ලක් වී #රතුමකරාFM #ගීwithචාපා,0,sinhala
උගේ අම්මාගේ හුත්ත පයිය.... ඉන්නේ හද්ද ඩොටේ....බස් එකක යන්න දන්නේ නෑලු.... බෞකාහන් කෙරි කොල්ලා,1,sinhala
දැක්කම පිස්සු හැදෙන බණ්ඩාරනායක එයාර්පෝට් එකේ දෙවනි ටර්මිනල් එක. URL,0,sinhala
ඕක මොකද්ද සහෝ ... මම නම් යන හැම දවසෙම ඔය මගුල පරක්කුයි... සෙන ගොඩේ තෙරපිලා මම නගින්නෙම කැන්ටින් එකට ! ලබ්බ #ලකේපංකාව,1,sinhala
උන්ගේ කැමැත්ත නේ බං ඉතින්. අපිට කියන්න බෑනේ බං නියපොතු ඔක්කොම කපාපන් කියලා. ඕවා වෙනවා කියලා දැන දැනත් එකක් දැක්ක ගමන් මැජික් වගේ උඩ දාගෙන දාගලන මෝඩ පයියො නිසා තමයි අරුන් ඔක්කොම පිරිමින්ට අල්ලන් බනින්නේ,1,sinhala
දන්න ලබ්බකුත් නෑ. ඒත් හොදට ඉන්න උන්ට කෙලවන්ඩ නම් හොදම එකෙන් දන්නව. තූ නොදකින් මෙහෙමත් වෙසගනෝ.,1,sinhala
මේ ඉස්කුරුප්පුව තමා නූතන විහාරමහාදේවියලූ.. නොදකින් පනික්කියා.. නූතන කෝපිකඩේ දයාවතී! URL #lka The Colombo Post - Sinhala · 15 May 2015 ශෂීගේ ගමන් බලපත සහ ජාතික හැඳුනුම්පත ව්‍යාජ ඒවා බවට තහවුරු වෙයි #lka #Sashi #Passport URL,1,sinhala
"එහා පැත්තෙ ඉන්න පොඩි එකාගෙන් ෆෝන් එක ගන්න බැරුව අම්ම කියනව ""ෆෝන් අතේ තියන් ඉන්නෙ රස්තියාදුකාරයො""ලු.පොඩි එකා මං දිහා බැලුවා...රෙදි ඉල්ලෙයි",0,sinhala
"හවස 5න් පස්සේ යන්නම බෑ.. එන්නේ රංචු පිටින්.. පස්ස මිරිකනවා, පියයුරු මිරිකනවා.. සිසුවියන්ට, කාර්යාල නිළධාරිනියන්ට... URL",1,sinhala
අයියෝ ...බලන් ගියාම හොද වැඩ කරන්නත් පැල්න් කරන් ඉදල වෙන්න ඕන නරක වැඩ වගේම,0,sinhala
අලුගෝසු U N P ආන්ඩුවේ සක්කිලි L T T E මිලේච්ඡ ත්‍රස්ථවාදීන් ගේ .J V P පාපතරයන් ගේ මිනීමැරීම් . රජයේ දේපළ විනාශ. සහ නොයෙක් ආකාරයේ බලවේග වලින් රට ජාතිය බේරා ගැනීමට නායකත්වය දුන් නියමුවාණනි ඔබ තුමන්ට උත්මචාරය,1,sinhala
බලපංකො අපේ ගෙදර බල්ලා අද දවසම කූඩුවෙ හිටියෙ මූ කෑ ගහන ගමන් දොර කාල දැං වහගන්න විදියක් නෑ එලියට දාපුහාම හොරිකඩ බැල්ලියෝ එක්ක වල්කමෙි යනව බං එ්කයි good night..bey,0,sinhala
පලයන් බන් යන්න ඊට වඩා දුන්නා.,0,sinhala
තමන්ගේම සහෝදරයාගෙන් වෙන්න ඇති...,0,sinhala
සිංහලෙන් දාන කමෙන්ට් එක කියවල රිල්පයි කරන්නෙ ඉංග්‍රීසියෙන්..ගොටුකොල වේසියොඕකුං පොලවට රෙන එකත් බරක්..නැතුව මට ඉංග්‍රීසි බැරි එක නෙමේ අවුලබැනුං අහන්න වෙනවට බයේ ඕකුන් ඔය කඩ්ඩෙන් දාන්නෙ ටෞකන්ඩ,1,sinhala
වැනුවේ මොකක්ද කියල හරියට දැනගෙන හිටියේ නැහැ ලු... යකෝ මුන්ගේ අතට ලබ්බක් දුන්නොත් එකත් වනයි... #ගම්මන්පිල #lka,1,sinhala
Twitter එකේත් පුදුම ගොන් ආතල් ගන්න වුන් ඉන්නේ...උන් වෙන Social Media වල ඉන්න වුන්ට බනිනව උන් ගොන් ආතල් දෙනව කියල.....එතකන් මේකේ ඉන්න වුනුත් කරන්නේ එ වගේ ම ගොන් වැඩ කියල තෙරෙන් නැති හැටි..... මේකේ ඔය ලොකු ලොකු ටොක් දෙන වුන් තමයි හොදම විහිලු,0,sinhala
හයියෝ! දාපු පෝස්ට් එකේ විහිලුව තේරෙන්නෙ නැති හරක් ටිකක් එක්කනෙ බොල අපිත් මේ ඉන්නෙ :$,1,sinhala
RIP Avicii කියලා දැම්මම නුවර වලියෙන් මැරුන අයට RIP කිව්වෙ නෑලූ රැඩිකල් වෙන්න හදන ගොන් පක්කු,1,sinhala
ඒකද නිරෝධායන කාලය දින 7ට අඩු කලේ? ඒකද ආසාධිතයෝ දැන් දින 7න් ගෙදර එවන්නේ?,0,sinhala
අර ඇන්ටි ගෙ අතේ පොඩි එකෙක් ගෙ ඔලුවක් නේ? ටහුඩු 𝗦𝗮𝗻𝗱𝘂𝗻 · 12 Dec 2020 හැලප හැදෙන්නේ ගස් වල කියලා හිතපු එකෙක්ට තැඹිලි ලොඳ කන්න දීපු අවස්ථාවක්.,0,sinhala
“තෝ කොහොමද මෙවුන් ගෙදර ගිහින් හදන්නේ..?ඇනපිය ඇනපිය ඕකට.. අයින්න ඕනේ මැරෙන්න” – වීඩියෝ | A new voice for a new Sri URL,1,sinhala
මුං ngo සල්ලි වලට රට විකුණන හැත්ත,1,sinhala
මං එත් බැලූවා සමාජය මව ගනන් ගන්නෙ නැත්තේ ඇයි කියලා බැලින්නම් iPhone නැ සපත්තු නැ කාර් වැන් බස් නැ හොදයි කියලා ඇදුම් නැ ට්රැවල් යන්නැ තට්ටු ගනන් වල ගෙවල් නැ ප්‍රසිද්ධ තැන් කියලා නැ ගොන් පනවා ඔය ටික නැත්නම් ඔබත් ගනන් ගන්නැ,0,sinhala
"මිල මුදල්, රූප සම්පත්තියත් එක්ක ඊට නොඅඩු දක්ශතාවයක් කෙනෙක්ට පිහිටලා තිබ්බොත් එයාව දිරවන්නෙ නැති මහ කුහක ගතියක් ලංකාවෙ මිනිස්සුන්ට තියෙනවා.. පොඩි කෙල්ලෙක්ට මෙහෙම සක්කිලි කතා කියන උන්ව උලතියන්න ඕනේ.. Sri Lankan Memes · 8 Jun 2020 Too all ma tweet fam, just like you pointed out black face incident I want y’all to help me with something. This is hate speechcyber bullying. Take a momentreport these profilesgroups to report@cert.gov.lk. She’s a talented young girl",1,sinhala
පුක තමා රෙද්ද ඇයි යකෝ ගොන්නු උනාට තප්පුලන්නේ අපි දන්නව.තොපි ගොන් බූරුවො කියන්න ඕකුන් අවුරුදු 5 ක් මෙහෙ ඉන්නේ පොල් ගාන්ටද,1,sinhala
ලැජ්ජ නතිව දෙවනි මනපාත් ඉල්ලනව.,1,sinhala
ලොවම කතාවූ බොයිං 787 ගුවන් යානයේ විශ්මිත වැඩ කෑල්ල..!! - English - Hiru Videos URL,0,sinhala
අම්මා : අපි කාලෙකින් තෝසෙ කෑවෙ නෑ නේද? අයියා : අපෝ මේ රෑට නම් තෝසෙ කන්න බෑ. හවසකට තමයි තෝසෙ කන්න පුළුවන්. අම්මා : අනේ මේ මට පිස්සු කියලා හිතුවද ඕවා හදන් මහන්සි වෙන්න? අයියා :,0,sinhala
"ස්විටි. මගෙ පන. රත්තරන්, ඩාලින්, බොලේ.... ect.. හේ හේ",0,sinhala
උඹට තේරුනේ නැහැ. ඒකි කියන්න ඇත්‍තෙ photo එක ඒකිගෙ කියලා.,0,sinhala
"කෑලි දෙකේම දුරක් ආවා , උබ සුරංගනා ලොක මැව්වට මට ඒවා තෙරුනේ නෑ උබ English කෑලි දාද්දි මම නොදන්න හරකා වගේම හිටියා , උබ ලොකු කඩ වලින් කද්දි මම හැමදාම ගියේ අජන්ත බේකරියේ රුපියල් සියේ රයිස් එක කන්න , උබ අවුවයි කියලා කුඩේ ඉහල ගද්දි මං එකෙන් අයින් වුනේ පුරුදු අව්වම හොද නිසා ,",0,sinhala
"වහිනවෙලාවටයි පීක් ටයිම් එකටයි නැති ට්‍රැෆික් හැදෙන්නෙ, මොකක් හරි ඇක්සිඩන්ට් එකක් වෙලා ඒ මරිමෝඩ ගොං හැත්ත වාහන පාරෙ තියල වාද කරනව එක්කො insurance එකෙන් එනකන් ඉන්නව ෆොටෝස් අරන් ටයර් තිබුණ තැන් මාක් කරල අයින් කරපිය වාහනේ එහෙම නෑ අපේ උන්දල අම්මප මුට ගහන්නඕනෙ දඩයක් 50000ක විතර",1,sinhala
These lyrics though... :') ඒකට දැන් කාලෙ සින්දුවල වචන.... නොදකින්,1,sinhala
ඉස්සර අපි හවසට ගේ ගාව ක්‍රිකට් ගහද්දි මං දාන බොල මුරලි දාන බොල වගේ කැපෙනවා. ටික කාලයක් ගියාට පස්සේ අපේ ගේ ගාව පාර කාපට් කරා,0,sinhala
මේ කාලකණ්ණි මහජන මුදල් මේ තරම් නාස්ති කරලා මොකද්ද මේ රටට කරපු සේවය.,1,sinhala
පට්ට නිදිමතේ ගෙදර එනවා ඇවිල්ලා නාපු ගමන් නිදිමත කොහෙ ගියාද නෑ,0,sinhala
එක්කෙනෙක් නං ප්‍රශ්නෙට ටිකක් අදාලයි කියමුකෝ. මේ කොහෙවත් යන හුජ්ජ කෙල්ලෙක් මැදින් දෙන්න එන එකනේ මළ පනින්නේ බං,1,sinhala
මේ නිවුස් එකේ නැති වෙන හේතුවක් තියේද? අැයි කහ විනෙශකරේ..? මේකේ විද්‍යාත්මක හේතුව කවුරු හරි පහදල දෙනවද..??,0,sinhala
"අනිත් රටවල, Model: මෝස්‌තර සහ කාය වර්ධන නිරූපනයේ යෙදෙන්නා. අපේ රටේ, Model: මුදලට ඇග විකිණීම. ගණිකා වුර්තියේ යෙදීම. බඩුව ලෙසද හඳුන්වයි.",0,sinhala
දන්නැතුව පුක උඩදාගෙන කියවන්ඩ එන උන්ගැන කතාකරල වැඩක් නෑ ඕයි.. ගූ හතයි,1,sinhala
ටිකිරාට අරිස්ටේ නැති සාංකාවට තමයි ඔය අමාරු කම් එන්නේ,0,sinhala
"වෙසක් එකට ගෙදර ඇවිත් ආපහු යන්න හදද්දි අම්මා කියනවා ""හදවතෙන් භාගයක් ගියා වගේ තමා, පොඩි එකී නැත්නම් පිස්සු හැදෙනවා"" කියලා යන එකත් එක්ක එපා උනා.ඒත් අම්මේ රස්සාව කොරන්න නොගිහින් බෑනේ",0,sinhala
"චන්දු බබාගෙ අයිසෙ ,කෙවින් මලයා කැමතිම කෑල්ල තමයි ඉටිම්",0,sinhala
යකෝ තෝ මරන්න එපැයි 26 ක් අරන් ලබ්බක් කරන්නද,1,sinhala
ඕනි තැනක යන්න පුලුවන් පෙරලෙන්නේ නැති පට්ට කාර් එක - URL URL,0,sinhala
මේ අවුරුද්දෙ O/L කරන කොල්ලො කෙල්ලො ඉන්නවනම් මේකෙ හිටු කියාන පෙන්නන හංකර හැමිනෙන්නියන්ගෙ පස්ස ගාත් බුරි හිල් කිරි බුරුලු දිහා බැල්මට් දදා නොඉඳ මෙන්න මේ paper එකක්වත් කොරපියවුකො මහ මනුස්සයො හදල දෙන බත්පතට ණය නොවී ...,1,sinhala
දෙරණනෙ... තව ඉගෙනගෙන නෑ නිව්ස් එකක් වාර්තා කරනහැටි! බයි ගතියමද මන්දා...ජාතිවාදය තමා උඩ දාලා ගහන්නේ.. තමුසෙලා හැක් නෙවෙයි අයිසෙ අළු වෙලාම යා යුතු ආයතනයක්!!!,1,sinhala
මොකද බොල මට කතා කරන්න බෑ කියන්නෙ? උඹ තාම දැකලා නෑ මං කතා කරන විදිය. හිටින්කො ඊළඟ පාර සෙට් වෙනකං උඹට මං කතා කරන විදිය කියලා දෙන්න.,0,sinhala
ඊයේ රෑ දෙහිවල පැත්තේත් හෙන සෙට් එකක් වැදුනා.. උදේ ඉඳල වහිනවා පැලෙන්න. සැපේ ඉන්නේ සැපේ..,0,sinhala
සාධා රෙන සමාජයට තවත් රටට කෙලවිය හැකි සෝභිත ඈබෑර්තුවක් තියෙනවලු.. රටේ කරුමෙට උපන් තවත් සෝභිත හිමිලා ඉන්නවද ?,0,sinhala
අතීසාරයට අබුඩ ගහනවා වගේ වැඩක්. කෙලවෙලා ඉවරයි,0,sinhala
මට දැණුන මං දන්න හෙවන උඹ #අක්කාලව්එක,0,sinhala
ලොකු වෙද්දි බිජ්ජ ලොක් එක වැටෙනවනෙ මෙයා,1,sinhala
"පිස්සු හුත්තලා බං, ගහමරාගෙන මොනවා ගන්නද. වීඩියෝ කරලා ඔක්කොම ඇතුලට දාලා කොල 100ක් විතර එකෙක්ට දඩ ගහන්න ඕන හැදෙන්න. හම්මො උදේම විසිට් එකක් දාලා දවල් වෙද්දි මාරුවෙන්න ඕන. කොහෙද ඉතින් කොනකින් පටන් ගත්තම කීතැනකින් බොන්න කියලද බොන්න දීපු එක බිව්වෙ නැත්නම් කොක්කට එන ප්‍රෙන්ලා ඉන්නෙ",1,sinhala
", ඕක නං කරුමයක්ම තමා බං. මටත් එපා කරපුම එක (එහෙම කියලා හරියන්නෑ, උඹ පාඩම් කරහං)",0,sinhala
මාස හතරයි තාම එකෙක් හිරේ දැම්මේ නෑ නේද පකෝ ?,1,sinhala
එදා මහින්දගේ සිල් රෙද්ද වෙනුවට අද හර්ෂගේ ගල් කාල. #SriLanka #NoReverseSL #GenElecSL #SLGE15 #GenElec2015,0,sinhala
#ලොකුහීනනෑ අර ගෙ හොම්බට දෙකක් ඇනල කටට මුකවාඩමක් දාල ඉබ්බෙක් දාන්න අද හෙටම වයිෆිගෙන් පර්මිශන් ගන්න පුලුවන් උනානම් ඇති.,1,sinhala
"තුප්පහි,ජඩ,තුච්ඡ භාෂා භාවිතයේ සන්නාමය Achira Liyanage · 19 Mar 2021 අහෝ වැනීසිය",1,sinhala
ඥාති දියණියක සිය උපන්දින සාදයට කොට ඇදුමක් ඇද පාටි දැම්මා යි වෙනත් නෑයෙකු කීවාය. ඒ බීමබට කකුල් වලට කොටෑදුම නොගැලපෙ . ඒත් අනික් නෑයෝ ඒ කොට ඇදුමින් කිම්බ ලොවට පෙනුනාසේ එයට උරණව ඇත.,1,sinhala
සයිටම් සිසුන් ගේ අවජාතක සක්කිලි ස්වරූපය ....... URL,1,sinhala
පුකේ ඉඳපු ඉත්තෑවා කටට ගියාම එහෙම වෙනව #FMGalleMeetUp MЯ.MΛDЯID™ · 9 Sep 2019 මීටප් එකක ගිහින් කතා නොකර ඉන්න එකත් පට්ටම අමාරු වැඩක්... කියන්න සන්තෝසයි මං ඊයේ කාත් එක්කවත් කතා නොකර හිටියා #FMGalleMeetUp #FMGONSMeetUp,1,sinhala
#මැ.කො. ඒ සින්දුව ලියපු එකාව හොයනවා අති බොල....!!,0,sinhala
එහෙම කලොත් ඔබ කියාවි මෝඩ ගෑණි මං මෝඩ ගෑණි මං සැන්ඩි · 18 Jul 2020 මං එක්ක යං කිව්ව ගමන එනවද? #පස්නතියනසිංදු,0,sinhala
මොකක්ද බොල මේ Dp එක,0,sinhala
"WTF පවී ,, බෝඩ් උස්සගෙන කරන්නේ.. දැන් ඇමරිකන් අය ෂෝයිද ..",0,sinhala
ගෙවන්න බැරි නම් ගත්තේ මොකටද හුට්ටෝ..... අපිටත් බැරිද ලීසිං කම්පැනි වලට කතා කරල අවුරුදු 3 ක් කල් ඉල්ල ගන්න.... ලෙල්ල හුටං වෙලා ඉන්නේ....,1,sinhala
පරයා රට කෑවා තොටයි තොගේ හත්මුතු පරම්පරාවටමයි හෙන ගහන්න ඕනා...රටට විනකටිනවා පත්වෙච්ච දවසේ ඉදන් රට අගාදෙටම තමා ගියේ...අපරාදේ අපේ පලවෙනි චන්දේ වැඩකට නැති තොපිට දුන්නේ හාමුදුරුවරු කෑගහපු නිසයි දුන්නේ... තොපි වගේ ජාතියට විනකටින අවජාතකයෝ නිසා මිනිස්සු අද ගොඩක් අසරන වෙලා ඉන්නේ.,1,sinhala
මෙන්න මේකා ලජ්ජා නැතිවා අයෙත් මතුවෙලා! Dr පුක ලෙවාස් කෝ හලෝ තමුසෙගෙ PhD එක නාමල් හොර ලෝයර් ඉතින් ඌට අනිත් උන හොරු උනාට අවුලක් නෑ #lka #lk #srilanka,1,sinhala
නිරෝදායනයට යන්න එනවද කියලා මීනාක්ශිගෙන් ඇහුවා එන්න බෑලු + එහෙනම් උඹ එන්නෑ - නැහැ +පරට්ටි ! #ගුහාසටනපොකුර,1,sinhala
තෝ ගමට ඇවිත් කියලා අපි දන්නවද යකෝ,0,sinhala
තෝ තමා මේකේ නාකිම,1,sinhala
දේසපාලනේ මඩවල අහක් වෙල ඒ පාර ක්‍රීඩාව මඩවන්න බැහැල හිරු ටීවි එක..ඩිල්ෂාන් නුත් ගොනා වගේඅහුවෙල උන්ට..,1,sinhala
මේකට දේශපාලන සම්බන්ධ කරන්න එපා කීයලා චතුර කියනවා ජනාධිපති පත් වි ම සමග මේ පිබිදීම ආවේ ඒකත් දේරනට ලකුණු දාගන්න හදනවා මේවා කැත වැඩ,1,sinhala
මොන ලබ්බ කරත් පොඩ්ඩ බැරි වෙනකොට හිත උනුවෙන එක තරම් සාපයක් නෑ කොහෙවත්.. මේ සැරේ එහෙම වෙන එකක් නෑ,0,sinhala
හෙමින් හෙමින් මුහුදට ගිහින් මුහුද මැදදි දැල් එලලා මාළු අල්ලන්න සැරසෙද්දි එක දීවරයෙක් බීඩියක් පත්තු කලාලු. එය රටින් අනයනය කල් බීඩියක් බැවින් ඔවුන් එනතුරු පොලීසිය වෙරලට වී බලා සිටී. මේ අවස්තව නැරබීමට සිව්දෙසින් ජනයා පැමින ඇත. - නිව්ස් ෆ්‍රස්ට් වෙරල බඩ වාර්තාකරු -,0,sinhala
"""යමෙක් උපතින් හෝ කුලයෙන් වසලයකු නොවේ. ඉඳින් යමෙක් වසලයෙක් හෝ බාලයෙකු වන්නේ ඔහුගේ ක්‍රියාවෙනි"" -බුදුරජාණන්වහන්සේ- උඹත් මේ පෙන්නලා තියෙන්නේ උඹේ වාසල ගති. ඒ වගේම උබේ පොන්න ගති. ඒකයි මම උඹට පොන්නයා කියලා බන්නේ. අපේ තාත්තා තෝ වගේ කෙල්ලොන්ගෙන් sex චැට් කරන්න ඉල්ලලා m දන්නේ නෑ.",1,sinhala
විනාකීරි දාන්න ඕනෙ උඹෙ කටට,0,sinhala
අතල් එකටද වතුර කපන්නේ.. හෙතුවක් නැද්ද...,0,sinhala
යාලුවො කියන වේස එඋන් ට පුකේ ඇරගන්න ආස වෙලා නැමුනහම අපි පුකේ ඇරලදෙනවා අපිට පුකේ ඇරගන්න ආස වෙලා අපිනැමෙද්දි අපිිිට... URL,1,sinhala
නෑ නෑ තොපිට පිස්සු. මට නෑ පිස්සු,1,sinhala
"ඇත්ත කතාව අයියේ උද්ගෝශන කරන්වා, කෙල ගහනවා මේ මිනිස්සු කොච්චර කැත ගතිද පෙන්නන්නෙ කුඩා කාලේ ඉදන්ම ආගම් වලින් brainwashed වෙලා",0,sinhala
"ඔහොමද යකෝ වාහන එලවන්නේ? බලපිය මගේ කාර් එකෙත් වැද්දුවා.. මමද වැරදි? බලනවා, තමුසේ නේද කාර් එකට වෙලා බියර් එකක් බොන ගමන් කෝල් ගන්නේ? ඈ පකෝ? මගේ වත්තේ මගේ වාහනේ ඇතුලට වෙලා බියර් එකක් බොන්නත් තොගෙන් අවසර ගන්න ඕනෙද? සිකුරාදා හවස පරිස්සමෙන් ගෙදර පලයල්ලා... #ගල්කතා",1,sinhala
වර්තමාන තත්වය නිසා එක්සත් ජාතික පක්ෂයට සජිත් නායකත්වය අවශ්‍ය විය යුතුය.,0,sinhala
බණ්ඩා අරෙහෙ මෙහේ යනෝ මට තමා නැන්දා කෝල් කරන්නේ රෙද්ද.,0,sinhala
කවුද මේ හූල් කියන්නේ ... දේශදොහියෙකි URL අප මාතෘ භුමිය විනාශ කිරිමට මාන බලන LTTE මහා මොලකරැය,0,sinhala
"ස්තුතිය සිරස පුවෘත්ති අංශයට මුලින්ම , ගාල්ල දිස්ත්‍රික්කයේ බද්දේගම වැල්ලවත්ත කොටසේ ඇති ඇල මාර්ග නිසා විශාල අපහසුතාවට පත්ව ඇත, මෙය ඩෙංගු උවදුරට ලොකුම තෙතැන්න වි ඇති බැවිනි , පසුගිය මැතිවරණ සමයේ මෙම කාණුව අඩි 5 වැඩි ගැඹුරින් අඩි 4ක් පලල යුක්තව සකසන ලදි,",0,sinhala
මුන් රගනවා වැඩි මුන්ට කොහෙද එහෙම නීතියක්,0,sinhala
කකුල් හතරක් තියන හරකා බැරි බර කරේ තියන් දෙපයට වාරු ගන්නේ කෝමද බං,0,sinhala
░▒▓░▒▓░▒▓░▒▓░▒▓░▒▓░▒▓░▒▓░▒▓░▒▓░▒▓░▒▓░▒▓ පුල්ලි ගොනා පුරුදුකාරයා මම ජෙමා කරත්තකාරයා අහල තියෙනවනේ මේකෙ මේ ජෙමා... URL,0,sinhala
අනේ මන්ද මොනවා කියවනද කියලා මේක නෙමෙයි අරකලු අරක නෙමෙයි මේකලු කෑල්ලක් අල්ලගෙනලු මේකට උත්තර දුන්නෙ නම් මේ මෝඩ චූන් එකක්වත් නෑනෙ දෙයියනේ බායි හොදේ මණ්ඩුක · 8 Aug 2020 මේ tweet එකේ මෙයා වටෙන් ගිහින් අදහස් කරන්නෙ කුමන දේශපාලන පක්ෂයද කුමන සෙට් එකක්ද කියලා වටෙස් නොයා කෙලින් කියන්න පුලුවන් එක්කෙනෙක් reply කරල දැනුවත් කරන්න twitter.com/Yasiru_/status…,0,sinhala
ගිය අවුරුද්දෙ ඉදං අද වෙනකං එක leave එකක් අරං නැ. බොසා අහනවා තමුසෙ leave එකක් එහෙම ගන්න අදහසක් නැද්ද කියලා monday leave එකක් දාලා long weekend එකෙ කොහේ හරි ගිහින් එන්නලු,0,sinhala
මැච් එක ඉවර වෙලා හෙට තියෙන වැඩ ටික මතක් වෙද්දි පිස්සු වගේ හැදෙනවා .. ටුවීට් දාපු නිසාමද කොහෙද කට්ටිය මාව unfollow ත කරලා ඒ අස්සෙ .. ඒත් මට නම් පට්ට සතුටුයි LPL ගැන ! මුලු තරගාවලියම මෙහෙම තියෙයි කියලා හිතනවා! නියමයි අපේ කොල්ලොන්ට ජය #LPLT20,0,sinhala
ඊයා මොනාද අයිසෙ මේ කියන්නෙ ආ,0,sinhala
මේ මීට අවුරුද්දකට කලින් ලොක්ඩවුන් හෑල්ලු කරන උන් #ලිංගෙම්බෝ #lka (ප.ලි. පෝස්ට් වල අයිතිකරුවන් සමග පුද්ගලික ප්‍රශ්න නැත. අවශ්‍යනම් ඔබගේ ට්විට් එකද සොයා දීමට හැකිය.),1,sinhala
චී... ලැජ්ජයි. තමන්ගේ පක්ෂ ලාංඡනය මරං කන සක්කිලි රටක් ඉතිරි කරයි ද?,1,sinhala
"*කුණුහරප හටගන්නා ආකාර (1)ලිංගික අවයව මුල්කරගෙන හටගන්න කුනුහරප(මේවා ඉතිරි කුනුහරප සෑදීම සදහා දායක වේ) යෝනිය=හුත්ත,කිම්බ ශිෂ්නය= පක,පයිය නපුංසක=පොන්නයා හුත්ත"" ප්‍රාණවාචී කිරීමෙන් ""හුත්තා"" සහ ""හුත්තී""ද, ""පක"" ප්‍රාණවාචී කිරීමෙන් ""පකයා""ද හටගනී...",1,sinhala
47 others විකාර කතා නොකියා උඹල පත්කරගත්ත එකා ජනතාව පීඩාවට පත්කරන එක නවත්තන්න බලපං.. නැත්තං රෙදි ගැලවෙන්නෙ උඹලගෙ.. මං ඤුජ්ජෙත් කොළා.. කොල්ලප්නේනුව කිය කිය ගොත ගැහුවට දැන් මොකක්ද බලපංකො පෙන්නන එක? ජනතාවට රෙද්ද නේද උස්සල පෙන්නන්නෙ? අනුරගෙ පක නෙවෙයි අරූගෙ පුක බලල හිටහංකා..... නොදකිං තොපි..,1,sinhala
පාස්කුව පිටින් බලයට ආවට සියලු ජන ප්‍රජාවම මෝඩ නෑ මහත්තයෝ!ඇමරිකාවේ ලාංකිකයන් කළු කොඩි ඔසවමින් පැවැත්වූ උද්ගෝෂණය :11 views,0,sinhala
කොහොමද මෙ සක්කිලි ඔහොම කරන්නේ.....,1,sinhala
මේකාගෙන් දවසටම ගන්නේ රුපියල් පනහයි ඒක ගන්න දෙසීයක විතර හිටන් ඉන්න උනා රෙද්ද,0,sinhala
මුං මාර හේතුනේ යකෝ හොයා ගන්නේ... මහ ලොකු ප්‍රජාතන්ත්‍රවාදීයෝ.. විරුද්ධ පක්ෂයේ එකා චන්දෙට එනවටත් බයයි #UNP පොන්න හැත්ත #lka #enoughUNP #yahapalanaya,1,sinhala
මේ පකයින්ට රැක් එක උඩ බෑග් තියන්න එපා කියන්න කියන්න තියනවා. මොන කාලකණ්ණි ද මුන්.,1,sinhala
"පසුගිය අයවැයක් ගන්න. එහි සම්මත වූ යෝජනා වලින් කීයක් ක්‍රියාත්මක වූවාදැයි බලන්න. ඒවා කීයක් ඒ අපේක්ශිත අරමුණු කරා ලගාවූවාදැයි බලන්න.. අහ් දැන් ඔබට මේ අලුත් අයවැය ගැන හිතන්න කාලෙ නාස්ති කරනෝට වඩා, පාරෙ ඉන්න නාකි බල්ලෙක් නෑවීම වගේ වැදගත් වැඩක් කරනෙක වාසී කියල වැටහේවි..",0,sinhala
පොන්නයා තෝ. පල දැන්. බත් ටිකක් කාල බුදියගනින් ගස් නරිය.,1,sinhala
", කව්ද යකෝ දිලීපයියගේ පක කන්න හැදුවේ.",1,sinhala
රාජපක්ෂලන්තය නම් ලොන්ත රටේ: කටුස්සන්ගේ කරේ රත්තරං බැඳීමේ ප්‍රතිපල ලැබෙමින් පවතියි. බූරුවා මහත්තයාගෙන් (ස') කෝල් එකක්: කවුද ඕයී .ස්ත්‍රාත් තමුසෙට අපේ සිල්වාගේ කොල්ලෝ උසාවි ගේන්න කිව්වේ. සිල්වාගේ කොල්ලොන්ට අත තියන්නෑ තමුසේ ඉස්ට්‍රාත්.,0,sinhala
"හිත් පිත් නැති කාලකන්නි ටිකක් නිසා මුලු ටුවිටරයම එපා විය මනුස්සකමක් නැති කාලකන්නි ,සක්කිලි , නොදකින් මෙහෙව් උන්",1,sinhala
අධිකරණයට අපහස කර කර එ්කට බැනැ බැන ඉදලම කෙල උනාම යන්නෙක් එතන්ටමයි...,0,sinhala
පොර ටෝක් මයිත්‍රිපාල ස'ගෙ ආන්ඩුවෙන් කරන කරන මරි මෝඩ ගොන් වැඩ සාධාරනිකරනය කරන්න ජෙප්පො සජබයො පුතානෝ කාඩ් එක ගහනවා දැකලා දැකලාම තමා ඉතින්,1,sinhala
බෝල 30ක් කියන්න ඕවර් 5ක් . අම්මටහුඩු යකෝ පොල්වත්තේ ගහද්දි ඉස්සර අපි 70ක් විතර ගහනවා ටෞකන්ඩ #SAvSL #CWC19 #LionsRoar,1,sinhala
ඔයාව එහෙම අමතක වෙනවද ඩාලින්... අසල්වැසියෝනේ අපි,0,sinhala
වත්ද පක් අයිසෙ ආ යූ ටෝකින් අබවුට්?,1,sinhala
කාලකණ්ණි ඔලුවේ අමාරුවකට....Axe Oil එකටත් Addict වෙන්න ! URL,0,sinhala
"#චරිතසහතික 49 චාමර මල්ලි එක ඉස්කෝලේ උනාට අඳුනගත්තේ ට්විටර් එකෙන්. අපිට නම් පූස් පැටියා වගේ පෙනුනට ටිකක් දඩබ්බර හාදයෙක් වගේ. ඉස්කෝලේ වැඩ වලදි වගේම එලියෙදිත් පට්ට සපෝට් එකක් දෙන, නහයෙන් අඬන්නේ නැති සිරාම පොරක්. ක්‍රීඩා හාදයෙක් - ලැබුවා වූ නව වසර සුබ නව වසරක්ම වේවා!",0,sinhala
පතිකුලයට ලොල් වූ තොපි සක්කිලි....,1,sinhala
අන්න අරුන් LPL එකටත් දේශපාලනේ ගාවගන්නව.ඔයි වේසිගෙ පුතාල කැමතියි මොනවහරි වෙල ඒකත් කැන්සල් වෙනවනම්.නොදකින් ඕකුන්නම්...,1,sinhala
කොච්චියේ ඉදගෙන යද්දි ජැක් ගහන උන් ....... නොදකින් ගල් මුසලයෝ... ඔව් ඔව් උඔට පෙන්න තමයි මේ ටුවිට් එක දාන්නේ ගල් මුසලයා....,1,sinhala
ෆෙරෙශ් ඩාලින් වැඩ අදික දවසට හොදයි කියන්නේ,0,sinhala
හෙට එක්සෑම්. ගන්ජ ගහල ගහල ඉන්නව දැන් කරුම ජීවිත,0,sinhala
වර්ජනයක් වෙනුවෙන් පාරට ටිකක් බැහැලා නැටුවට නං එච්චර අවුලක් නැතිව ඇති නේද බං.,0,sinhala
පට්ට පට පට ලස්සනයි මල්ලෝ..,0,sinhala
"පසුගිය ආන්ඩුවේ ප්‍රභුද්ධ ඇමතිවරු දෙන්නෙක් කියන අන්දබූත ජාතක කථාව අසමු! දතා ~ පවරගත්තා, ඕන ගොනා ~ නෑනේ, මෙව්ව හාලා පන පලයන් පෙරේදා,",0,sinhala
"ඇදිරි නීතිය හා හදිසි නීතිය අතරේ ඊයෙ රාත්‍රියෙ මුස්ලිම් ගෙවල් , පල්ලි , ව්යාපාරික ස්තාන ගිනි තබල කඩා දාල සින්හලබෞද්ද (තනිවචනයකි) ත්‍රස්තවාදීන් විසින් මන්කොල්ල කාපු සිද්දිය ගැන එක නිවුස් එකක්වත් නැහැනෙ ..",1,sinhala
"මෙ මොනාද මේ..පෘතිවියට ඈතින් කොච්චර වස්තු භ්‍රමනය වෙනවද, ඕක කියන්න ඕස්ට්‍රේලියාවේ කැම්පස් එක්ක එකෙක් වෙන්න ඕනද ?",0,sinhala
"බේබදු කුමාරගේ ""ඔය රෙද්දෙන් බැස පලයන් මොනාලිසා"" පොත කියවපු අය ඉන්නවද? #Help #book",1,sinhala
අඩේ මං හිතුවා ඔය ප්‍රශ්නෙට මූන දීලා තියෙන්නෙ මං විතරයි කියලඇත්තම කතාව උන් පට්‍ට ස්වාධීනයි ලු..හැබැයි පේන්නෙ රාජපක්ශලගෙ වැරදි විතරයි,0,sinhala
"මං තමා එච්චර ගාණක් ෆන්ඩ් කරන්නෙ...නාමල් අයියා ළග ඉන්න ගමන් එයාලංකා එකෙනුත් පඩිගත්ත ඔයාට වගේ නෙමෙයි මට සෑහෙන්න සල්ලි...වැඩක් බලන් ඉන්නව අයිසෙ. Senani Samaranayake · 24 Nov 2018 Who’s funding ’s “Yukthiye Yathrava” campaign at the cost of Rs 190,546,000/-. Money robbed from #BondScam being invested heavily to bring back ?? #lka #Srilanka Show this thread",1,sinhala
"ඒ කාලෙ ගෙවල් වල තිබුනේ ඉස්තෝප්පු කෑල්ලයී. සාලෙයී, වී ගෝනී තිබ්බ කාමර කෑල්ලයී (ඒකේ ඇදක් එහෙමත් දාලා තිබුනා), කුස්සිය පැත්තයී තමයී. කුස්සිය කියලත් එක කාමරයක් නැහැ. කලේ තියාපු කෑල්ල. දැලි මේසේ තියාපු කෑල්ල. එලියේ ලිප. සමහර වෙලාවට ඔය කෑලි දෙක අතර ඉඩක් තියලා තිබුනා, ලණු ඇදක් දාලා.",0,sinhala
අවුරුදු 5 මොකද කලේ? දැන් ආයෙත් නව ශ්‍රී ලංකාවක්..මුන්ට හැමදාම චන්දෙ එනකොට නව ශ්‍රී ලංකාවක්... ගන්නේ දෙකේ දෙකේ පොල්ලක් මුන්ට සහාය වෙනුවට...,0,sinhala
මේජර් ජනරාල් කමල් පොලිසියේදී පස්ස ගසයි URL #SriLanka,0,sinhala
දැන් වත් පුක නොදී තොලොන්චි වෙලා පල අවජාතක සමනල පොන්නයා...,1,sinhala
"""ඔය ගොන් කෙල්ලෝ වගේ නෙවෙයි අපේ දෝණි"" :') #LankanDadQuotes",1,sinhala
"""අපට නෙමෙයි මිනිහො ...!.....ආණ්ඩුවට....!"" ""ආණ්ඩුව කියන්නෙ අපි තමයි...."" ""තමුසෙ පරමාධිපත්‍යය පටලවාගෙන......ආණ්ඩුව කියන්නෙ අපි නෙවෙයි.....පරමාධිපත්‍යය කියන්නෙ මොකක්ද කියලවත් තමුසෙ දන්නෙ නෑ......"" ""පරමපත්‍ය?""",1,sinhala
මෙහෙත් කට්ට අව්ව. දවල්ට ගෙදරින් එළියට බහින්න හිතෙන්නේ නැ අව්වෙ සැරට. රැටත් පට්ට රස්නෙයි .,0,sinhala
කෙලින්ම යම ලොවට ඇරියොත්.,0,sinhala
එහෙම එකක් නැති නිසා තමයි ඇවිත් කෙලලා ගියේ...,0,sinhala
මොන රෙද්දක්ද ඔයි Marvel's Daredevil ඇවිල්ලා තියෙන අඩුම රිප් එක 1.7Gb එච්චර සයිස් එකකට මුන් මොනා පෙන්නුවද ලබ්බ :/,1,sinhala
බලහන් උඹ කීදෙනෙක්ව අපහසුතාවයට පත්කරලද කියල WinD - සු - දේශිකා · 17 Oct 2018 අලුත්ම ස්ටයිල් එක දන්නවද ෆ්‍රෙන්? ඒක තමායී ඩීපී එකෙන් කෙවිටක් දික්වෙන එක.,0,sinhala
උට පට්ට ආතල් එකක් ඇති යකෝ,0,sinhala
"1. එතකොට සිවුර වැලේ වනලා තියෙද්දිත් සිවුරට වැඳගෙන/ ගරු කරගෙන ඉන්න ඕනද? . හරකෙක් (කකුළ් 4ක් ඇති) සිවුරක පැටලවිලා හිටියොත්; .1 හරකට වැඳගෙන ඉන්න ඕනද? .2 සිවුර නිසාම නම් ගිහියෙක්, පැවිද්දෙක් වෙන්නේ අර හරකා පැවිදි හරකෙක් වෙනවද? .3 හරකා බේරගන්න සිවුර කැපුවොත් පිංද? පව්ද? #Confused ❖ charlie · 10 Dec 2021 මොන පාහර වැඩේ කරත් සිවුරක් ඇදන් ඉන්න නිසා සිවුරට ගරු කරන්න ඕන කියන සංකල්ප පිලිබද ඔබේ මතය?",0,sinhala
උන් -වක්කඩේ හකුරු හංගලා -ගඟට ඉනි කපලා -අතීසාරෙට අමුඩෙ ගහලා -හිසේ රුදාවට කොට්ටෙ මාරු කරල නිදා ගත්තා අපි -කබල්ලෑව ගෙට වද්දගෙන -ඉබ්බගෙන් පිහාටු ඉල්ලුවා! -අන්තිමට ගහෙන් වැටුනු මිනිහට ගොනා ඇන්නා.. #lka,0,sinhala
"නවත්තන්න කිව්වම උන් අපිට කුනුහරප කියනවා, පොලියියට කිව්වම එ පරයො කියනවා මේ කලෙට එහෙම තමයිලු, පොඩි එකාට උණ හැදුනා මුලු රැයක්ම නිදාගන්න නැතිව මේ සක්කිලි නිසා",1,sinhala
නෑ බං ඊයෙ හවස දාලා තියෙන්නෙ.. තාම බැල්ලි ආවෙ නෑ..,1,sinhala
දැනටත් පරක්කු නෑ. ඉක්මනින් වල් ගලවන්න. පක්ෂයට පිටින් යන ඔක්කොම අයින් කරන්න.,0,sinhala
ශැහ් එච්චර නාකි කරන්න එපා අපේකාන්තනාව,0,sinhala
රුසියාගේ හුස්ම ගත්ත සුපර්මාකට් කෑල්ල කෞද #අලියාfm අවධානයෙන් රුසියා · 2 Oct 2018 You take my breath away You’re supernova,0,sinhala
අද යන්න හිටියේ බැරි වුනා.. හෙට අනිවාර්‍යයෙන් සැලුන් එකට යන්න ඕන.. පිස්සා වගේ ඉන්නේ.. සැලුන් ටික වහන්න කලින් ගියෙ නැත්තම් කෙල වෙනවා.. ඔන්න මම කලින්ම කීවා .. වහන්න කලින් වැඩේ කරගත්තොත් මාස හතරකට විතර ඇති වෙයි..,0,sinhala
තමුසෙ තමා කුනා ලොබි,1,sinhala
බෑ ඕයි එක්කෝ එන වෙලාවක එයිනේ...රෙද්ද....,1,sinhala
ඒක වෙනම කථාවක්. මට ඔය ගොං බඩුව කියන එක define කරල ඕනෙ..,1,sinhala
කොයි බල්ලා උනත් වට තුන කැරකිලා තමයි නිදා ගන්නේ...,0,sinhala
වේල් තුනක් නොකා බඩගින්නෙ අම්මයි දරැවො හතර දෙනයි....සමෘර්ධියක් ගැන දන්නෙවත් නැහැ........මැති ඇමතිලා හොරාකන මන්ත්‍රිලා මිලියන ගනන් වටිනවා...පාසැලට බන්දගන්නත් විදුහල් පති කැමති නැහැලු......පර සක්කිලි ගෙවල් හදලා දෙන්නෙ ගෙවල් තියන එව්න්ට ...,1,sinhala
"ගොනා වගේ බෝල් කර කර ඉන්න ඇති , මල්ලි පොර වගේ ගහන්ඩ ඇති ..",1,sinhala
ඔව් කාලකණ්ණි ඕකට ගහ්නන ඕන ගූ දියකරල,1,sinhala
"ඒකි, තනිකරම paradox එකක් වගේ සීන් එකක්.... මං ගාව තිබ්බෙත් ඔප්පු කරගන්න බැරි ප්‍රමේයක්... ayahuasca වලටත් එහා තැනක හැගීම් නතර කරන්නෙ...... ඉතිං,ආදරේට කීව්වෙ ""Schizophrenia"" මටත් තිබිලා තියෙන්නෙ හෙන බර හැගීම්, මොකද, ඒකි ගාවදි තත්පරත් දිගයි.. මම හිටියෙ 0° වෙ ඒකි 360° , එකම තැන,",0,sinhala
පිස්සු තාම හොඳ නැද්ද?,0,sinhala
සයිකොද යකෝ තොට.ඔය ගෑණිගෙ අක්කගෙ පොඩි එකී,1,sinhala
"""අපි කොච්චර බැන්නත් කෝලියා නිහතමානී පොරක් මචං, උගේ වෙඩිමට අපේ ගයියටත් ආරාධනා කරලා. කියලා මං කියයි කියලා උඹලා හිතුවද? මොන පිස්සුද යකෝ...! මොන කරුමයක්ද මංදා මූ ගැන එහෙම හිතන්නවත් හිත හදාගන්න බැරි හැටි ඒත් කෝලිය ඇත්තටම ඌ අගයන්න වටින චරිතයක් සහෝ ජයෙන් ජයම වෙවා ... The following media includes potentially sensitive content. Change settings View",0,sinhala
මා කොතරං අසරණද දැනුනේ ඔබ මා හැරගිය විටයි . . . . ඔව් ඕයි එක වල් බල්ලෙක් බැල්ලියක් මැසේජ් එකක් දාන්නෑනෙ ෆෝන් එකට :-/,1,sinhala
ටහුඩු . එසේම වේවා Kushiya · 31 Dec 2016 ඇපි නිව් යාර්,0,sinhala
"Dear Sri Lanka Cricket Fan අනේ නිකන් වැඩක් බලන් පලයන් යන්න...හීන දකින්නෙ නැතුව.. ᴳᵃᵛᵉᵉⁿ · 25 May 2018 Dear Sri Lankan Cricket team, Please ImproveLet's kick India out from the next World Cup.",1,sinhala
මෙහෙම එවුන් මොන මගුලකට ඉන්නවද දන් නෑ ෆේස්බුක්.. දන්න හුයන්නකුත් නෑ. ගෑනු පිස්සා. තොට හැමෙ කෙල්ලම තොගේ අක්කද... URL,1,sinhala
නිකමට හිතුනා සක්කිලි මීයා දකියි කියලා,1,sinhala
"අම්මො ඇන්ටි ෂෙරින්, අර්ජුනගෙ සැප සම්පත් ගෑණි, ඹට්ටූ සංවිධානය කරනවාලු",1,sinhala
Reply නෑ. වරහන් ඇතුලෙ කෑල්ල තිබ්බෙ නැත්නම් බලන්න තිබ්බ මෙතන.,0,sinhala
අනේ පකෝ උබ බලන ෆිල්ම්,1,sinhala
අනේ හු ......... තෝ URL,1,sinhala
සරත් ෆොන්සේකා 2010 එනකොට පැසිස්ට් කතා මතක් නොවිච්ච උදවියට 2019 එනකොට පැසිස්ට් කතා මතක්වීම පුදුමයට කරුණකි ! #SRILANKA #LKA #PressPoll2019,0,sinhala
රෙද්ද පාත් කරලා පුක දුන්නා නම් වැඩේ ලේසිනේ මේ හුක්කට අමන තට්ටයාට...,1,sinhala
", ආතල් නොදන්න ගොන් හුත්තිගේ පුතාලා ඔව්වා සිරා ගන්නවනේ බං. උන්ට පේන්න තමයි රිප්ලයි එක දැම්මේ. උඹේ thread එක බලන්න උන් එනවනේ. එතකොට පෙනෙයි",1,sinhala
හුකෑස් ඒකි පොඩි වයසට මාර මෝරලා බන් හැබැහින් දැක්කත් හරි. මේම මේම...,1,sinhala
අම්ම ගෙදර නැති වෙලාවට.. ගෙදර එන්න පැය බාගයක් පරක්කු උනොත් කෝල් කරනවා. තාත්ත කියවනවා.. අම්ම නෑ තාම .. මෙච්චර වෙලා මොනව කරනවද මංන්දා.. දෙපාරක් එන්නත් වෙලාව.. අම්ම ගෙදර ඉන්න වෙලාවට.. තාත්තා දොයි.. #ඇයිමංතාත්තටආදරේ,0,sinhala
ලංකාවෙ ලව් කපල් දැක ගත හැකි ස්ථාන කිපයක්... -බස් වල අන්තිම පෙලියේ කොනේ -මැක්ඩොනල් -කේ.එෆ්.සී -පිස්සා හට් -බස්... URL,0,sinhala
අඩො මම දැන් මූව දැක්කෙ... පට්ට ඔයී,0,sinhala
හේතුවත් කියන්න... උබලම තමා රට අගාධයකට යන්න හේතුව,0,sinhala
මොන කෙහෙල් මලකටද යකෝ සංශෝදන ගෙන්නල්ල අත්සන් කරන්නේ ඇමරිකන් කාරයගේ පූ@#@ දෙකක් ගහලා එලවනවා ඇරෙන්න Newsfirst.lk Sri Lanka · 28 Feb 2020 දැනට යෝජිත MCC ගිවිසුම අත්සන් නොකර සංශෝධන පිළිබඳ අමෙරිකාව සමග සාකච්ඡා කිරීමට රජය සූදානම් - බන්දුල ගුණවර්ධන URL #lka #News1st #MCC #Cabinet #BandulaGunawardane,0,sinhala
නොදකින් ගල් මුසලයා මම උබට call එකකුත් ගත්තා.,1,sinhala
මේවා බලලා එපා වෙලා ඔයි දෙරණ. වෙන joke එකක් පටන් ගන්නවකො අපිට ආතල් දෙන්න,0,sinhala
"#ලිංගෙම්බෝ මේවා නොබලා, ස ෆේල් කියනවා",1,sinhala
"අද (27) රාත්‍රී 10 සිට හෙට (28) අලුයම 4.00 දක්වා දිවයින පුරා යළි පොලිස් ඇඳිරි නීතිය. කල්මුණේ , සමන්තුරෙයි, චවලකඩෙයි යන පොලිස් බල ප්‍රදේශවලට අඛණ්ඩව පොලිස් ඇඳිරි නීතිය - පොලිස් මාධ්‍ය ප්‍රකාශක #lka #SriLanka #PoliceCurfew",0,sinhala
උදේ පාන්දර විකල්ප දේශපාලනය ගැන කිව්වා. කොහෙද පැන්නනෙ එකෙක් මැද්දට. කියන එකක් තේරුම් ගන්නෙ නෑ ඒ හරකා....,1,sinhala
චීන නය ගත්තම රෑපියල ශක්තිමත් වෙනවා ගෙවන්න බැරි උනාම ?,0,sinhala
මට දැන් ඇසුරු කරන්න වෙලා තියෙන්නේ ඉබි මස් හිටන් කන වේස හැත්තක් එක්ක බන්.කරන්න දෙයක් නැති කමට ඉන්නවා මිසන් වෙන කරන්න දෙයක් නැ ඔයි :/ :/,1,sinhala
"මේ ලෝකය මිනිසුන්ට අයිති නෑ, සුදුසුත් නෑ. ස්වභාවධර්මයේ රිද්මය අඳුරගන්න බැරි මිනිසුන් ලොවට සාපයක්. රුපියල් සත කීපයකට ආත්මය පාවාදෙන්නන්ට නැවත මේ මිහිපිට ජීවය නොලැබේවා! තවදුරටත් මේ මිනිසුන් විඳින ගැහැට ගැන නොතැවෙමි. වල් වැදී ගිය මනුස්සකම් සහ කැලෑ නීතියට කෙළ ගසමින් මම නවතිමි. End",0,sinhala
මෙන්න මේක තමා ඇත්ත. බඩුව කියලා කියන්න ලේසි වුනාට බඩුව කියලා නම් කරන ඔය මහත්තුරුම තම ඔතනට බුදියන්න යන්නේ. මන් දන්න... URL,1,sinhala
මේ තඩි මී හරකා ඩයස්පෝරාවේ කප්පම් අහකදායිද? #lka #sriLanka #Galle,1,sinhala
අයිසෙ තමුසෙලා මාධ්‍යවේදීන් නෙමෙයි ඕයි &#8211; මාධ්‍යවේදියකුට කිරිඇල්ල තග දායි URL,0,sinhala
යකෝව් බොල අහස.. කිමැයි මේ හෙනගහනා වැලපෙන රහස.. නුබෙ ඔය වැටෙනා මොරගෙඩි තරම් කදුළු දැක.. වේලන්නට බැරි නිසා හේදවෙ නෑ රෙදි ටික තාම...,0,sinhala
"අධික වේදනාවක් නම් නෑ, හැබයි ලංකාවේදී මම දෙවතාවක් PCR කලා . වේදනාවක් තියෙනවා.ඒක sample ගන්න කෙනාගේ experiance ඒක අනුව තමයි. ඊට කලින් දෙපාරක් UAE වල test ඒක කලා, කිසිම වේදනාවක් නම් දැනුනේ නැ.",0,sinhala
හුකන හුයන්න කියලා හුයන්නක් හදලා දෙන්නකො. පක පයන්න කියලත්.,1,sinhala
මෝඩ කමට බෙහෙත් නෑ...නිලදාරියෙකුට උපදෙස් දුන්නම ඒක කරන එක ඒ මනුස්සයගෙ duty එක කියල ..,0,sinhala
අදත් අපේ බල්ලා එකෙක්ගෙ කකුලකට වැඩේ දුන්නා,0,sinhala
ඩාලින් ඔයා හරී...ම හොඳයි අනේ... අද candle light dinner එක නම් හරිම romantic මම නම් හිතුවෙ නෑ මෙච්චර කල් ගිහිල්ලත්... URL,0,sinhala
නින්ද යන්නැති එකත් සාපයක් යකෝ...,0,sinhala
"මේ බල්ලන්ට කියන්න දේකුත් නැහැ කරන්න දේකුත් නෑ කරපු දෙයක් කියන්න තැනකුත් නෑ ඔහේ යන්නන් වාලේ යනවා ,මේ දේශපාලන වැඩසටහන් අපි බලන්නෑ අහන්නෙත් නෑ අප්පිරියයි යන්ඩ වෙනවා එහෙම නැත්නම් මේ බඩ යනවා මේවා අහන මුන්ගෙ කතා කාලකණ්ණි බල්ලෝ",1,sinhala
අනේ මකබෑවියන් සුං-ගොනන්ද... අවජාතක P_K_දෙන්නා...!!,1,sinhala
ගෑණි බ්ලෙන්ඩරේ අරං යනව වගේ මුං ඔෆිස් ලයින් එකත් උස්සන් එන්නෙ..,0,sinhala
උබට සෙට් වෙලා ඉන්නෙ තඩි බඩුවක් නේ ඉතිං ආයේ මටමොකටද. උබ කිව්වෙ මටත් ප්‍රයෝජයක් ගනිම් කියලා,1,sinhala
අයිසේ අපි ගොත්‍රිකයො... එයින් මිදෙන්න JVP එකට ජන්දය දෙන්න The following media includes potentially sensitive content. Change settings View,0,sinhala
නර්ස් සිප්පි කෑල්ල #එකළඟට්වීට්,0,sinhala
#රටේ_තැන_තැන_පොකුරු_හමුවූවත්තවමත්_සමාජ_ව්‍යාප්තියක්_නෑ# කවුරු විසින් කා හට කියන ලද්දක්ද ?? පිළිතුර ලබාදී වටිනා තෑගි දිනාගන්න,0,sinhala
Ground එකේ ගියපු ගුටි කෙලියටත් ආණ්ඩුව සම්බන්ධයි කියන පොන්න පැටවු ටිකකුයි ආණ්ඩුව අස්ථාවර කරන්න unp එකේ උන් කරා කියන ටිකකුයි ඉන්නවානේ මේකෙ. මන්ද මානසික ගොබ්බ හැත්ත.. දේසපාලුවෙක්ට කියලා පස්ස පැත්ත⁣ට පැයකට දෙපාර ගානෙ දවසට 48 වතාවක් ඇර ගනිල්ලා.. සැපට ඉන්න පුලවන් වෙයි. අංගවිකල ජීවිත,1,sinhala
හැමිනෙන්න ගියාම මොන ලබ්බකටද බල්ලෝ වීඩියෝ කරන්නෙ. මේක මේ චූ කෙල්ලන්ටත් හොඳ පාඩමක්. යකෝ වීඩියෝ කර කර හුකාගන්නෙ නැතුව නිකන් කරගනින් එතකොට මුකුත් ප්‍රශ්න නෑ.. මේවට වග කියන්න ඕන දෙමාපියන් . උන්ට සෙක්ස් ගැන දැනුමක් නැතුව කොහොමද තමන්ගෙ ලමයින්ට ඒක කියල දෙන්නෙ. #අපරැක්ක,1,sinhala
අත් වැරදීමක් නෙමේ.නීතිය බලු නොවී එක්මනින් සාදාරනය කරන්න ඔණී නැවත මෙවැනි දේ සිද්ද වෙන්න ඉඩ නොතබන්න අපේ රටේ නීතිය ක්‍රීයාත්මක වෙන්නම ඕණි,0,sinhala
රටපුරා සහනාධාර එකතු කිරීමේ මධ්‍යස්ථාන ඇති කරන්න. සහනාධාර මුවාවෙන් හොරුන්ද එක එක බෝඩ් එල්ලාගෙන එනවා. විශ්වාසී ආයතනයක් අවශ්‍යය.,0,sinhala
අඩො තොට කනෙත් එක්ක අරිනව හරිද?? #SriLankanThreats,1,sinhala
"කියවහන් හුත්තේ පොස්ට් එක හරියට හැමිණෙන්නේ නැතිව... ටැග් කරපු තැන වැරදි ඇති, පොස්ට් එක කියවහන් පුක නොදී.. ටූවිටර් එකේ මට දෙයක් උගන්වපු එකාට මම මොකටද යකෝ අපහාස කරන්නේ.. කියවලා තේරුම් ගනින්",1,sinhala
සමහර උංට ඕන පාස්කු ප්‍රහාරය කරපු සහ සැලසුම් කරපු උං අල්ලන එක නෙවේ.. හැකියාවක් තිබිලත් ඒක වලක්වා ගන්න බැරි උන ගෝතයෝ ටික අල්ලන එකට.. යකෝ ලමයා අවජාතක උන එකට හිල් උන කොන්ඩම් එකට විතරක් බැනලා හරි යන් නෑ බං.. වැඩිපුර වගකියන්න ඕන ඒක දාගෙන හිටපු එකා.. #lka,1,sinhala
රැල්ලට අහු නොවී සල්ලි ප්‍රින්ට් කරලාය අරකය මේකයි කියලා හැමනෙන්නෙ නැතිව Currency swap Inflation මේ concept වල තේරැම හොයාගනියව් මොකද නැත්තං රැල්ලට පුක දෙන්න ගිහිං ආණ්ඩු මාරැ කර කර රටේ විනාසෙ මෙතුවක් කල් කරලා තියෙන්නෙ අර 225 නෙවේ රැල්ලට මෝඩ හැත්තක් වගේ පුක දීපු උබයි මමයි....,1,sinhala
Welcome to #අලියාfm සුභ සන්ධ්‍යාවක් වේවා. සුපුරුදු පරිදි සති අන්තයේ ඔබේ twitter ආලින්දයට අදත් අපි පැමිණියා. අප කාර්ය මණ්ඩලයේ මහතා අපට පොල්ල තබා #TweepsIftar එකට සහභාගී වීමට ගොස් ඇති නිසා ඔහුට පාට හතෙන් බඩ පලයන් යැයි ප්‍රාර්ථනා කරමින් වැඩසටහන පට්ටාන්ගමු.,0,sinhala
අම්ම බයියවනෙ කහල ගොඩවල් ගේ අස්සෙ තියං ඉන්නව කියල Chey 9 · 29 Apr 2019 පරණ දේවල් කවදාවත් පරණයි කියලා අයින් කරන්න/වීසි කරන්න එපා ! මොකද පසුකාලීනව පරණ දේවල් අළුත් දේවල් විදියට ඕන වෙන නිසා....,0,sinhala
", හෑයියා තෝ නම්",1,sinhala
140 + අමාරු වෙයි #AFG #WT20 #SLvAFG #T20WorldCup,0,sinhala
"අරිෂ්ටේමද ඕනේ, නැත්තම් කාලක් ගාලා තඩි බාන්නත් පුළුවන් #justkidding හා",0,sinhala
නොදකින් විතරක් ගස් බල්ලා . මාසයක් ඉවරයි,1,sinhala
රටේ ජනතාව මේවා පිළිබඳවත් අවධානය යොමු කරනවා නම් හොඳයි.මින් ඉදිරියට පක්ෂ පාට බේදයකින් තොරව හොරුන්ට ඡන්දය භාවිත කිරීමෙන් වැළකීමට ජනතාව කටයුතු කළ යුතුයි.රාජපක්ෂලා චීනයෙන් සල්ලි අරන් නෑ කියන අයට මේවා හොඳ පාඩම්. #lka #China,0,sinhala
ආ නාමල් අයියා,0,sinhala
"ටහුඩු... ට්‍රවුසර්ස්, ශෝර්ට්ස් ඔක්කොම හිරයි.",0,sinhala
දැන් කාලේ උන් දෙන ගොන් ලයින් දකින්න කලින් ඔය සුද්දට නෙලපු මිනිස්සු ටික පස් උන එකම තමා හොඳ. නැත්තන් උන් මැරෙන්නේ හිතේ දුකට...,1,sinhala
කැත හිනාව දාන්න එපා හ්ම්ම්ම්ද,0,sinhala
අපේ බල්ලා මැරැනම ගමේපන්සලේහාමුදුරැවෝ හැමදේම අනිත්්‍යයි කියල බනකුත් කීයල අවවාද දීලා ගියා. අඩනඑක තේරැමක් නෑ කියල.මට ඒක තේරිලා මම බල්ලට නිවන් සැප ලැබේවා කියල තඩි බැනර් එකකුත් එල්ලුවා. පස්සේ තුන්මාසේ දානේ දීලා පිංවැඩිවෙන්න පිරිතක් කියල වත්තේ හතරමායිම ආරකෂා කරා පෙරේත ආත්මය එනවටත් Slash - සිසිර · 25 Feb 2021 . අපේ බල්ල මැරුනාම සතියක් විතර ගෙදර අය ඇඬුවා. මම එතකොට හිටියේ කළුතර. ඒ දුක නිසා අපි කර කර හිටිය වැඩේ (ටෙලි ඩ්‍රාමා එකක්) දවස් භාගයකට නැවැත්තුවා. මම එදා දවසම කාමරේට වෙලා අඬ අඬ හිටියා. . අපේ ගෙදර හැදුනා චූටි කුකුල්ලු 3 දෙනෙක්. උන්ගෙන් එකෙක් ගැරඬියෙක් අල්ලගෙන මැරෙනකොට මම හිටියෙ twitter.com/supunaparekka/… Show this thread,0,sinhala
"පුංචි කාලෙ දවසක් මම අක්කට *තමුසෙ* කියද්දි අම්ම කිවා, _ආයෙ එහෙම අක්කට කතා කරන්න එපා පුතා_ කියලා, දෙවනි තුන් වෙනි වතාවල් වලත් එපා කිවුවා, හතර වෙනි සැරේ මිරිස් කරලක් පෙන්නලා *ආයෙ උඹ ඕක කිවුවොත් මේක ගානවා කටේ* කිවුවා. කරුමෙටම ඊට පැය භාගෙකට පස්සේ ආයෙත් කියවුනා, නෝ ටෝක් කුස්සියට ගියා",0,sinhala
රෙද්ද ... මොලේ අමාරුකාරයෙක් කියපු කතාවක්,1,sinhala
පුතා සමාජයේ වෙන දේවල් බලල තවම ඉගෙන ගන්නව ඇති. අපි කරපු සමහර මෝඩ කං දිහා බලල හිනා වෙනව ඇති,0,sinhala
ළමා පරපුර හොද මගට හරවන්න නම් හිතන්න හුගක් දේ ඇත දැන්.. පාසැල් නිල ඇදුම අධ්‍යාපන ක්‍රියාවලියේ විනයේ කොටසක්.. ඒක ඔය පොන්න වැඩ වලට යොදා ගන්න එපා #lka #sriLanka #SriLankanPolitics #Colombo,1,sinhala
බොට හැදෙන් නෑ ඔය සක්කිලි ලෙඩ..හැදෙන්නේ බඩේ අමාරුවක් මිසක්,1,sinhala
චේතනහං භිඛ්ඛවේ කම්මං වදාමි කියලනේ බුදු බණේ තියෙන්නේ අපේ හාමුදුරුවනේ..මේ උපාසක අම්මා කිසිම චේතනාවකින් එහෙම පස්ස හරවලා නිදාගෙන නෑනේ..එයා ඒ මොහොතෙත් බුදු බණ සිහි කර කරයි නිදාගන්න අත්තේ...අචේතනික ඒවට මෙහෙම විපාක දෙන්න පුලුවන්ද කියලා පහදන්න හාමුදුරුවනේ..,0,sinhala
අද මැච් එකේ බෝලස්ලට පිඟානටම බෙදලා දුන්නා සක්කිලි ගැහිල්ලක්නෙ ගැහුවෙ දෙයියනේ.... වනේ වන හතුරෙකුටවත් වෙන්න හොඳ නෑ ⁣ඔහොම නම්,1,sinhala
මේ වගේ සක්කිලි බල්ලො එපා බං මේ ලොකෙට URL,1,sinhala
ක්‍රිස් ගේල් බෝල 12න් ලකුණු 50 ක් ගහලා තියපු ලෝක වාර්ථාව ගේල්ගේ පිස්සු හැදෙන ගැහිල්ල මෙන්න URL,0,sinhala
#NewProfilePic මේක දැක්කොත් හාට් ගොඩක් දාන් පලයන් මනුස්සයො,0,sinhala
2012 දී මගේ ෆොටො එකක් බැලුවා... හෙන කැහැටුයි නේ ඕයි ඒ දවස් වල.. දැන් කියලත් ඉතින් වෙනසක් නෑ,0,sinhala
J1 එකක් පාවිච්චි කරල iPhone එකක් අරන් පස්සෙ සැම්සුං ⁣ස්ලෝ වෙනව කියන්න එපා අයිසෙ not a fan of both :D,0,sinhala
ඒක නිසා නේ උන් එළවලා දැම්මෙ.. සිරිසේන සූරයා මෙහෙම බලද්දි...,0,sinhala
රෙද්දෙ රෙවිලා මදිවට ඕක හත්පොළේම ගාගන්නත් දඟලනවා.. තම තමන්ගේ පටු දේශපාලන අරමුණු ඉෂ්ට කරගැනීම සඳහා ප්‍රසිද්ධියේම වෛරය වපුරන මූ වගේ අවජාතක ජඩ-මාධ්‍යවේදියෝ ඉන්න තාක්කල් මේ රට හදන්න බැහැ. #lka,1,sinhala
ලස්සන දකින විදිහෙයි බං වැරැද්ද සමහර බැදපු මිනිස්සුන්ගේ ගෑණු ඉන්නවා කොණ්ඩයක් පීරන්නෙ නැහැ ..නාන්නෙ නැහැ ලස්සනට අදින්නෙ නැහැ .තන් දෙක වන වනා නයිටිය පිටින් ඉන්නවා ..ගිලලා හෙණ සයිස් ගෑණු..ඔහොම ගෑණුන්ගේ මිනිස්සුන්ට ගෑණියෙක් හෝ කෙල්ලෙක් ලස්සනට ඉන්නවා නම් කතා හදනවා වේසකමේ යනවා කියලා,1,sinhala
කියන විදිහටම කරන්වනේ,0,sinhala
මේ ලයිට් කැපිල්ල නිසා පිටි කොටන්නත් හෙන ගෙමක් දෙන්න ඔනි,0,sinhala
"අටදහස් ගානක් වෙච්ච ප්‍රාදේශීය සභා මන්ත්‍රී සංඛ්‍යාව අඩුකරලා,පළාත් සභා බලතල නගර සභා වලට දීල පළාත් සභාත් විසුරුවල, 225ටම තියෙන දීමනා අවලංගු කරන එක වගේ ජනයා ඉතා ප්‍රිය තීන්දු අරගෙන ඊට පසුව ඔය කියන ජනප්‍රිය නොවන තීන්දු ගන්න බැරිද සර්.",0,sinhala
බයෝ කරන් උන් ගොන් යක්කු .. ඔය සත්තු ගැනයි ගස් ගල් ගැනයි ඉගෙන ගෙන මොනව කරන්නද .. ශරීරෙ ගැන ඉගෙන ගන්නෙ මොකටද.තියෙන එකනෙ.පිස්සු මෝඩයෝ -මැත් සර්,1,sinhala
"ඇයි බැරි..?? අපි දැනගන්න ඕන කවුද ඒවා තියාගෙන හිටියේ, කොච්චර තිබ්බාද කියලා..",0,sinhala
නමිලට හුක#වා නොනගතේ වෙලාවේ... නෝටි කොල්ලෝ.. Dulith Kasun (DK) · 13 Apr 2017 මොකද්ද මේ ට කරන්නෙ කට්ටිය?,1,sinhala
ඉතාමත් ඉහලින් සමත් වු බැවින් විභාග කොමසාරිස් ඉල්ලා අස් විය.,0,sinhala
"මේ වගේ දෙවල් ශෙයාර් කරල මිනිස්සු හරි හමන් දැනීමක් නැතුව මේක කරන්න ගිහින් වෙන අනතුරු වලට වගකියන්නේ උඹේ බාප්පද?? ගොන් වැඩ කරන්න එපා යකො. ඔච්චරම පු**අමාරුවනම් උඹ ට්‍රයි කරල බලපන්. අපේ ප්ලීස් මචන් ම්, එක පාරක් ට්‍රයි කරපන්.",1,sinhala
හොදම සක්කිලි දෙශපාලකයා... ග්‍රාමසෙවක හොදයි තව...,1,sinhala
"Deep Learning, Artificial Intelligence වගේ දේවල් හෙනම බරසාර විදිහට කතා වෙද්දී තියෙන ලොකුම කේස් එක තමයි මේ රෙද්ද මොකද්ද කියලා සාමාන්‍ය මනුස්සයෙක්ට කියවලවත් තේරුම් ගන්න බැරි එක! ඔන්න එහෙනං ඔය සිද්ධිය... URL",0,sinhala
මේවට අපි කොහෙන්ද හිනා වෙන්න ඕනේ!?,0,sinhala
උන්ගේ සක්කිලි කම තමයි,1,sinhala
"කුනුහරපවල ව්‍යාකරණ වැරදියි නේද ??? වේසි නං අම්මට .,. . . ඒ ක්‍රියාපදේ කරන්න බෑ.",1,sinhala
බදු ලෑබෙනවනම් දසරාජ ධර්ම මක්කෑයි.,0,sinhala
"සිංහය, කොටියා වගේ නම් ඇරෙන්න සත්තු වත්තෙම නම් ටික මට කියල අපෙ අම්ම මට බැනල ඇති... #ChildhoodMemoriesLk",0,sinhala
වරෙන් උබේ කටට ඩොලර් දාන්න,0,sinhala
"මිනිස්සු ආතල් එකේ ඉන්නවට මං පට්ට කැමතියි. . හැබැයි මං දන්න කියන උන් කොහෙවත් ඉන්න ගොං වේස පක්කු එක්ක සෙට් වෙලා මගෙන් ආතල් ගන්නවට මං කැමති නෑ. . . මං දෙන ආතල් වෙනයි, මගෙන් ආතල් ගන්න එක වෙනයි !",1,sinhala
අඩො කැරියා කිව්වා නම් මාත් එනවනෙ සුන්ඛයා,1,sinhala
අද සඳුන් අයියා ඩ්‍රීම් ස්ටාර් පට්ට නේද මචන් ලා... DDS හිස්තැනක් 10 යොදා 9900 ට හැකිතාක් SMS කර සඳුන් දර්ශන ට... URL,0,sinhala
''පැම්පරේ'' තාම තෙමාගන්න හුජ්ජ කොල්ලෙක් ගෝඨාභයට ''ජම්පරේ'' අන්දවන්න හදනවා.. ''හේෂා''... පලයන් ගිහින් පැම්පරේ මාරැ කරන් වරෙන් චූ ගදයි......,1,sinhala
දිව්‍ය අන්ගනාවන්ට අපට වාගෙ තරහ යන්නෙ නෑ ඒක හින්ද ඒ උදවිය කිසිමදාක නාකි වෙන්නෙ නෑ.. #sajje,0,sinhala
ඊයෙර හුජ්ජ කරන්න නැගිටලා බිජ්ජ එලියට දාල උඩබැලින්නම් ගස් කැරකෙනවා හුලගට සැරට. බෝඩිම තියෙන්නෙ තඩි බෝ ගහක් යට.. මගෙ කාමරේට කලිං අත්තක් වැටිලා.. ඒ නිසා ආයෙ එකක් වැටෙන එකක් නෑ.. වරක් අත්තක් වැටුන කාමරේට නැවත අත්තක් වැටීමෙ සම්භාවිතාව අඩුයිනෙ.,1,sinhala
මෙන්න මේ යහපාලන පොන්න පකයාගේ තරම .............. අනේ අම්මපා ගොන්නු ගිය උඩ කිරිඇල්ල නැමැති ගොනා මාධ්‍යවේදියෙකුට බැන... URL,1,sinhala
උඩුවේ හිමිගේ යකඩ කටට නඩු URL #News #LKA,0,sinhala
ලක්ෂයක් එකතුවි බූරු රැලක් පාර්ලිමේන්තුවේ යැවු විපාකේ,1,sinhala
"ඒකි මීට් වෙලා මොනා කරන්නද දැන්, බට් ගියත් අවුලක් නෑ පස්සෙ අනින්නහරි chance එකක් සෙට් කරගන්න පුලාන් උනොත්",0,sinhala
යකෝ එහෙනම් අපේ ලැප් පෝරණු වගේ තියෙන්නේපැයි,0,sinhala
අපි කොහොමහරි රජයට ණය වාරිකන් ගෙවන්නේ බදු වලින්.,0,sinhala
ඇයි යකෝ..ඌ ගැහුවේ,0,sinhala
තමුසෙ මහ වනචරයෙක් මම ප්‍රෙග්නන්ට් ඒ කොහොමද මම ඔයාව ඇල්ලුවෙවත් නෑනෙ මේ බලනව මේකෙ මෙ තියෙන්නෙ රතු ඉරක් ඔ.... ෆ්‍රෙන් ඔය HCG strip එකක්නේ.. ඕකේ ඉරි දෙකක් එන්න ඕනේ...,1,sinhala
"කෝ යකෝ අර ""පකේ"" පරිසරවේදියො යැයි කියාගන්න සෙට් එක?...",1,sinhala
එයා නාකි ද බන්?,0,sinhala
"පාස්,ෆේල් හැමෝම තමන්ගෙ අනාගතේ වෙනුවෙන් වැඩ කරපල්ලා.. පාස් වෙලා කැම්පස් යන අයට වඩා දවසක ෆේල් වුන උඹ ජීවිතේ දිනයි... හැමෝටම දොස්තරලා ඉංජිනේරුවෝ වෙන්න බෑනෙ.. පත්තරේ විකුණන්න පොල් ටික කඩන්න වී ටික වපුරන්නත් කොටසක් ඕන... හරියට කලොත් වරදින් නෑ.. හැමෝටම ජය..!",0,sinhala
අර කල්ලිය කියලා හිතං ඉන්න අය ලොකුද ? දැන් එයාලා ආවම මේක හෙන මෙව්වා එකක් වෙනවද ? එයාලගේ ස්වයං ආතල් එක අනිත් අයටත් ආතල් කියලද එයාලා හිතං ඉන්නේ ?,0,sinhala
Twitter වලින් මට පට්ට යාලුවො ගොඩක් හම්බ උනා,0,sinhala
"""අරූට පිස්සු. මූට පිස්සු. ආ ඌටත් පිස්සු. ආ උං පිස්සො. තමුසෙලා මෝඩයෝ."" - සරත් ෆොන්සේකා",1,sinhala
"උඹ බීලද අදත්..? නෑ අම්මෙ. තෝ බීල අවට කමක් නෑ, අර ඉස්සරහ ගහේ තියන පේර කොළ එහෙම කඩන් කාල අහු වෙන්න එපා. තෝ හැදෙන්නැත්තන් එ් ගහටවත් හැදෙන්න දීපන්. ගොං හරකා. කොළ කාල විනාස කරන්නැතුව. හා අම්මෙ...",1,sinhala
මං ඉන්නවා ඕන වෙලාවක කෝල් එකක් දෙන්න ඩාලින්,0,sinhala
"නිකන් ගලාගෙන යන වතුර පාරට, හුළං පාරට ගලාගෙන යන්න දෙන්නේ නැතුව Fluid Dynamics හොයා ගත්තේ කව්ද යකෝ :/",0,sinhala
පකේ සිරස තොපි කාලකණ්ණි බල්ලන්ට කඩේ යන්නෙ නැතුව ජනතාවට සතුටක් ගේන වැඩසටහන් ඉදිරිපත් කරපන් මහාරජගෙ ගෑනි ඉන්නවනම් මේ පැත්තට එවපන් දඩාවතේ යන බල්ලො ටිකක් ඉන්නව මෝල හැදිල,1,sinhala
ප්‍රස්ථාර අඳින එකා ගංජා ගහලද කොහෙද ප්‍රස්ථාර අඳින්නේ බයියන්ටම සරිලන බයි නාලිකාව #SriLanka #lka,0,sinhala
අනේ ඉතින් උඹලාගේ කැත හිත...බලහං ඉතින් ඇඳක් දැක්කොත් උඹල හිතන්නෙ වෙන මොකක් හරි...අසහනේ,0,sinhala
අදත් ගියපාරටත් වඩා හොඳින් උඹ ගියා මැණික ඉස්සරහට... ට්විටරේ අපි ඉන්නකන් උඹ ඉස්සරහට යනව මිසක පස්සට ඒමක් නැමයි... උඹට කවුරු නැතත් පනටත් වඩා ආදරේ කරන සහෝදරයො ටිකක් මේකේ ඉන්නව.. Congratulations පණ,0,sinhala
බෙලෙක්කය මේ දහදුරා වල් පදුරු වේසාවා තාම නෑ.. එක්කො ඕකා අදත් රෑට මට කතා කරාවි.. උගෙ වැඩේ වෙනවා නේ මෙතන..ඒ ඇති... URL,1,sinhala
මොස්ට් වෙල්කම් පෝ බොලොක් සංගමයට.. එන්න අපි එකට පුක හපන් මැරෙමු..,1,sinhala
ඇයි අයිසෙ මාව මෙන්සන් කරේ..,0,sinhala
"අපේ බල්ලා දවසක් කීර කාරයෙක්ගේ කකුලත් කාලා සරමත් ගලවල ගත්තා ගේට්ටුව අස්සෙන්, වෙලාවට ඌ ෂෝර්ටක් ඇඳලා හිටියේ",0,sinhala
මහ කොමසාරිස්ට තඩි බෑ දෙන්නෙක්ට ඇප | Medaperadiga URL,0,sinhala
ටීනා කියන ගෑණි හවස සිරසෙ program එකක හිටිය. කට වහන් ඉන්නකම් ලස්සනයි ඉතිං.. 8 පංතියටවත් ඉස්කෝලෙ ගිහින් නැද්ද මංද,1,sinhala
නිවන් සුව ඔබ තුමියට ...!!!,0,sinhala
අඩේ.. හෙන චන්ඩි ලුක් එකක්නේ තියෙන්නේ..,0,sinhala
කුලේටයි මාලිටයි එකට ගහන්න තිබුණු worldcup එක කුහකයෝ කාලා රීලා වස්ති කලා.,1,sinhala
එජාපයේ සක්කිලි දේශපාලනය මරු චන්ඩි URL,1,sinhala
ado no bn Shukrah දිනලාලු මිලියන දෙක දැන් breaking news වල කිව්වේ.. උඹට ඒක අහලා කඳුලක් ආවේ නැත්නම් උඹ ඝර්මකලාපීය සුනඛයෙක්..,1,sinhala
අපිද ඕවා වලක්වන්න ඕනී ඒකටනේ ඔයාට බලතල දීල තියෙන්නෙ,0,sinhala
බය වෙලා ද? බොරු දාන්න එපා. දිලිත් ලොක්කා සූස්තියක් අදින ගමන් කියන ඒවත් දැන් නිව්ස් වලට යනවද?,0,sinhala
සතුටුයි ඒ නිතයට.....එහෙත් මේ ලංකාවනේ දෙයියනේ...ගහට කොලට මලට සතා සිවුපාවට නිදහසේ ඉන්නන ඉඩ නැති මේ රටේ????????????????,0,sinhala
මෙයාගෙ තාත්තා විතරද තාත්තලා...එජාපයට මෙ ගැන දුකයි..88 89 ඉදන්ම කරෙ දෙමව්පියන්ට දරැවන්.දරැවන්ට දෙමව්පියන් නැතිකරපු එකනෙ........සිංහලයගෙ ජාතකෙ හරිනම් රටයි ජාතියයි වෙනුවෙන් වදාපු මව උනත් එච්චරයි..මොනවා කරන්නත් ජාතිය රැකෙන්න ඕන...එජාපය ලසන්තව තාජුදින් විකුණගෙන කනවා.ජනතාවට දුක නැහැ,0,sinhala
නෙද්දකිං... එවුන්ද ලඟ ලොකුව නැතෙයි..?,0,sinhala
රටේ මෙච්චර දේවල් වෙද්දි UNP මීහරක් අාතල් ගන්නව...නොදකින් සක්කිලි...තොපිලවගේ සක්කිලි තමා කොරෝනා වලින් මැරිලයන්නඔ්න...රටට ජාතියට අාදරේ නැති හැතිකරේ....,1,sinhala
2 රාජසිංහ පෘතුගීසින් එලන්න ලන්දේසි පාවිච්චි කලේ මෝඩකමට නෙමෙයි. පෘතුගීසින් බිත්තියටම හේත්තු කරල තිබ්බත් ඊලග සතියේ ගෝවෙන් ඇවිල්ල ගහල ආයිම ඒ කෑල්ල අල්ලගන්නවා. ඉතිං විදේස නාවුක බලයක් නැතුව රජුට මොකුත්කරගන් අමාරුයි. ඒක ඒ කාලේ හැටියට ගතහැකිව තිබූ හොදම තීරණය.,0,sinhala
ගෑණියෙක් ගේන එක නෙමේ යකෝ පස්නෙ. ඕන ගෑණි ගෙන්න බැරි එක පස්නෙ.,1,sinhala
තූහ් නොදකින් මේවගෙ හද්ද නාකියෙක් ? මූ හොදා අපෙ බල්ලො බලාගන්ඩ,1,sinhala
පව්....මේ ළමුන්ගේ දෙමව්පියන් කෝ. කොහොමද මේ ළමුන් මෙහෙම මහා මගට වැටුණේ...? මේ දේවල් සොයා බලන්න ඔනේ.මොකද අද සමහර කාලකණ්ණි දෙමව්පියන් ඉන්නවා දරුවන් හිගමනට යොමු කරවනවා. මේ දරුවන්ට දෙමව්පියන් අහිමි නම් අරක්ෂාවක් නැහැ මෙහෙම මහා මග. ළමා ආරක්ෂක අංශ දැනුත් කළ යුතුයි මේ ගැන....,1,sinhala
වැදගත් ගොනා කවුද කියලා මං මේ කල්පනා කලේ උන් දෙන්නම වැදගත් නෑනේ,0,sinhala
ලබ්බ dm කරන්න,1,sinhala
"මෙන්න මෙහෙම ට්වීට් එකක් දැම්මා. මුලින්ම කෝල් කරේ . මචන් Samsung Galaxy S5 එකක් තියනවා උඹට හෙට ගෙනත් දෙන්නම් කියලා. ඒ අතරතුර කෝල් කරලා මචන් යූස් කරන්න ෆෝන් එකක් තියනවද ? නැත්තන් උඹ ෆෝන් එකක් ගන්නකන් මගේ iPhone 6S එකක් තියනවා ගනින් කියලා දුන්නා. Thank you Machan Hamza · 27 Feb 2019 Hey guys need a serious #help. Since my phone is damaged, I need a Mobile phone for 2 weeks. I can return it As soon as possible. And i'm able to pay you for the usage for two weeks. I prefer an iPhone. but android is also a manageable. Thank you in advance.",0,sinhala
කැත වැඩ බං.. යම රජතුමා · 5 Mar 2020 පාඩුවේ ත්‍රිසම් එකක් දාන මිනිස්සුන්ට ඔහොම බලු වැඩ කරන්න එපා :56 views,1,sinhala
"රැකියා ස්ථානයේ ගෑනු ලමයීට කැත කතා කීම කැත වැඩකි. උඩට ගෙදර නඟා කියනවා, මැනේජර් මහත්තයා අහනවලු, ""ඔයා කී දෙනෙක් එක්ක සෙක්ස් කරලා තියෙනවා ද?"" කියලා. මුන් සිහියෙන් ඉන්නකොට හැසිරෙන්නේ මෙහෙම නම්, බීපු වෙලාවට කොහොම හැසිරෙයීද කියලා, කවදාවත් ඔෆීස් පාටියකයට යන්නේ නැහැලු.",0,sinhala
අම්ම කියල තියෙන්නෙ උබව ටෝක් කරල කෙල්ලෙක් ඇවිත් දාගන්න කම් උබ එහෙම කෙල්ලො පස්සෙ යනව නෙමෙයි කියල The following media includes potentially sensitive content. Change settings View,0,sinhala
තිසරගෙ ගෑණිට ආයෙ මාලිංගගෙ ගෑණි ස්ටේටස් එකකින් බැනලද? නැත්තම් අඩුම මැසේජ් එකක් හරි දාලද දන්නෙ නෑ :/,0,sinhala
උඹ දන්න තරම තමයි.. මීහරකා මමත් ඔහොම හිතුව school යද්දි.,0,sinhala
"lanka C news | ඇගට පතට බඩට කටට හදවතට දැනෙන, ඇස් දෙකට පෙනෙන කන්වලට මිහිරි වැඩක් දින තුනක් ඇතුලත එනවා – සජිත් URL",0,sinhala
ඒ ගොනා වික්කා... Dinuk · 6 Nov 2021 තමා බලයට පත්වීමත් සමග තරුණයන් තාප්පවල චිත්‍ර ඇඳ වෙනසට මුලපිරූ බවත් තවත් පිරිසක් පුරන් කුඹුරු අස්වැද්දූ බවත් එදා තැබූ විශ්වාසය සමග විප්ලවීය වෙනස වෙනුවෙන් යළි ඉදිරියට පැමිණෙන ලෙස මේ සියලුදෙනාට ආරාධනා කරන බව ජනාධිපති ගෝඨාභය රාජපක්ෂ මහතා ප්‍රකාශ කර සිටිනවා. #lka #SriLanka,0,sinhala
අඩො මොකො එක්සෑම් ??,0,sinhala
අඩෝ තෝ අහගන්ඩයි හදන්නේ....,1,sinhala
අහස් යානාවක් ගමට උඩින් ගියොත් එදා නොකා නොබී අම්ම බලා ගත්ත අතේ බලා ඉන්නවා... හුස්මක් උඩට ඇදෙනවා.. දෑසින් කදුළු වැටෙනවා...,0,sinhala
ඒක පට්ට  සෙප්‍රනෝ ඔකියෝපියර්ස්  · 21 Aug 2019 ගූගල් මැප් ගිහින් pakaya කියලා ගහල බලපංකො කවුරු වුණත් කරපු එකා,1,sinhala
අර ඉන්දියන් ටීම් එකට දාපු සාප කියපු කුණුහබ්බ තමා අපිට මේ ආපිට වදින්නෙ #සිලෝන්කිකට්,0,sinhala
මට ආසයි හදට යන්න හදේ ඉදන් පොලව දිහා බලන්න එන්න ඩාලින් ඔයත් එන්න කියල කෙල්ලවත් එහෙට ගෙන්නගන්න,0,sinhala
"වල් බැල්ලි ගහනවා තොට වැලි Dinal · 26 Dec 2017 Type “වල් බැල්ලි ගහනවා තොට වැලි""@ the 3rd “girl” in your list",1,sinhala
චීනේ සල්ලි චීනේටම දෙනවා,0,sinhala
අර පරයා දැන් දාල තියෙන ඩිපිය කලින් ඒවට වඩා පට්ට හැන්ඩි ලව්ලි ලුක් එකක් තියෙන්නෙ කියල හිතෙන්නෙ මට විතරද . . . . . . . . . . . . . . . . . . . . . . . . . . . . . . . . . . . . . . . . . . . . . . . . . . කියන්න හොද නෑ ඕකා උඩ යන්න ගනී #ඩෙඩ්මෑන්ස්ක්‍රීඩ්ඩිපීඇප්‍රිසියේසන්ට්වීට්,1,sinhala
මොන උට්ටක්ද යකෝ ඒ මන් දැන් පාරේ රෙද්දක් ඇදන් යන්නේ කොහොමද,1,sinhala
උබ එහෙනම් පටන් ගත්තා. ජය වේවා පකෝ. දුකයි ඕයි එක අතකට. කොන්ග්‍රෑට්ස්,0,sinhala
ඔවු කොටුවේ සහ ගාලුපාර දෙපස ඇතිවන තඩි ටවර් වලින් සිටි එක ලස්සන වේය කියලා හිතන් අමාරුයි.. ඊට ලස්සන වෙයි සීමාවන් දාලා වැඩේ කලානම්.. මේ වගේ අවුට් එකක් ගන්න නම් සීමා දාලා ඒවා මෙව්වා කරන්න ඕනි.,0,sinhala
මොකද්ද බන් මේ දෝණියා ගෙ ඇඩිල්ල... රෙද්ද.. බූට් නෙවෙයි මේකි මං හිතන්නේ වෙන මොනා හරි තමයි කාලා තියෙන්නේ,1,sinhala
නොදකින් මේව දාල අහිංසක හිත් පාරනව,0,sinhala
කැහුටු බැල්ලියක් සමග සටනක ජීවිතය වැරදුනු නාකි හීරලුවෙක්,1,sinhala
තිරණය ජනතාවගේ නමුත් නියම ඩ්‍රිම් ස්ටාර් රවින් තරැක ජය වේවා සුභ දවසක් වේවා සැම⁣⁣ට සිතන්න යමක්,0,sinhala
අනේ පලයන් කෙල්ලේ යන්න..,1,sinhala
"අඩො මටත් ,ආයෙ බොන්නෙ නෑ කියලා දාන එව්වා දැක්කම",0,sinhala
රත්නපුරේ 1850 යි,0,sinhala
", ඒක තමා භල්ලෝ කිව්වේ වර ගෙදර.. දෙන්නම් තොට කේක් විතරක් නෙමේ ඉල්ලන් ඕන මඟුලක්",1,sinhala
මුවෙක්ගෙ පස්සෙ පන්නගෙන එනවා. හැබැයි මේ මුවත් ගල ළඟට කිට්‍ටු කරනකොටම කොටියා ආපහු හැරිල මුවාට බයේ දුවන්න පටන් ගත්තා. කොල්ලට හරිම පුදුමයි. ඔය අතරෙදි නයෙක් පස්සෙ පන්නගෙන ආපු මුගටියෙකුත් ගල ළඟදි නයාට බය වෙලා ආපහු දුවන්න ගත්තා. ටික වෙලාවක් මේ සිද්ධ වෙච්ච පුදුම දේවල් ගැන කල්පනා කර කර,0,sinhala
මෝටර් බයික් වල යන අයට නම් එතන හිටපු අයට කරන්න පුලුවන් දේට වඩා වැඩියමක් කරන්න බෑ. ඒ අයට කරන්න පුලුවන් වෙන්නේ 119 හෝ 1990 call කරන එක විතරයි. ඒක නම් එතන ඉන්න අයත් කරන්න ඇති.,0,sinhala
හෙනට ගොරව ගොරව වැස්සයි කියන්නෙ. එහා කාමරේ එකා අහනවා තෝ නිදා ගත්තද කෝමා එකකද හිටියේ කියලා. :D,0,sinhala
ඇයි දන්නෙ නෑ ආවෙ,0,sinhala
ආසාවනේ සාගර මාත් දැක්ක ගොඩක් අයට හෙන ගහන්න කියල ටුවීට් කරල තියෙනව ......ඕවා ආපස්සට පල දීලා ඒයාට ලොකූහෙනයක් ගහනව බලන්නකො,0,sinhala
අන්න හරි. මගේ උපදෙස නම් උඹ හැංගියන්,0,sinhala
කුවේණි ඉංදියාවටත් සාප කරා වෙන්න බැරිද,0,sinhala
පට්ට කියන්නේ ආය සුපිරි,0,sinhala
වැඩිකරපු තෙල් මිල වහන්න මුංම ගේන කාලකන්නි බොරුව! සාගර කියන පොල් බුරුවා දන්නේ නැද්ද තෙල් මිල වැඩි කරන්නේ කවුරු කවුරුද කියලා?මේ ගොම්මං මුසලයා කට ඇරියොත් කියන්නේ බොරුනේ!,1,sinhala
පිස්සු හුත්තෙක් කහ ඉරට තියෙන ගැට්ටෙන් ලොරියක් දැම්මා පාර හරහා .. තවපොඩ්ඩෙන් වදිනවා හික් කියවෙන්න,1,sinhala
අම්ම දැනගත්තොත් මං මලා. අනිත්ව අහුවුණොත් මලාට දානෙත් දෙන එකක් නෑ,0,sinhala
Mr.Antigen! ඔයාගේ කාලි අම්මාට මොකද උනේ?,0,sinhala
මේ ‘බල්ලා’ බැඳ දමනු… | ලංකා සයිබර් නිවුස් URL,0,sinhala
අරූට ඉතින් එලොව පොල් පෙනුනලු...ලැජ්ජාවට හිනා වෙලා පොර සේපෙට පෙත්තෙ කොලේ ගලෝල ආයෙ කටින් තියාගත්තලු...සෙනික දියවෙලා පෙත්ත ගියාලු...අම්මටහුඩු පොරට හෙන හැපි...පස්සෙ ඇහුවලු මොකක්ද බ්‍රෝ ඒ පෙත්ත...හරිම වඳ රහක් ආවෙ කියල. අනික කිව්වලු ඕක බිව්වම වඳ තමා වෙන්නෙ මාතියා කියල,0,sinhala
ඉස්සර බයික් පැදපු නිසා මුකුත් කියන්නත් බෑ ඒ වුනාට මේ වේස බයික් කාරයොත් එක්ක බෑ .. හොදට පේන්න සිග්නල් දාලා එහා ලේන් එකට දාපුවාමත් නොදැක්කා වගේ අස්සේ රින්ගන්න එනවා ඒ මදිවට තව අතපය දික් කරන්නත් එනවා,1,sinhala
තෝ මරන්න එපැයි අක්කේ. Hospital ඉදලත්. ඕක මහ කරුමක්කාර ලෙඩක්. පරිස්සම් වෙන්න.,1,sinhala
ගල අහුලනකොට මාමණ්ඩි මුට ගහනවා,0,sinhala
බුරිය කුනුහරපයක්ද පකෝ අනේ මංද උඹත්,1,sinhala
යකෝ මෙහෙමත් වැඩසටහන් තියනවනේ පාර්ලිමේන්තු යන සහ යන්න ඉන්න බහුතරයක් ගොන්නුන්ට,1,sinhala
මේ කියල තියෙන ගාස්තු වලංගු වන්නේ කවදා සිටද ??,0,sinhala
අපේ රටේ පාපන්දු ජාතික කණ්ඩායමේ හිටපු නායකයෙක් මිනී වලවල් කපනවා.. නොදකින් මෙහෙව් රටක්. කාලකන්නි තුප්පහි පාලකයො ඉන්න රටක්.,1,sinhala
කාලකන්නි හැතිකරේ මම අද කඳුලු ගෑසුත් කාගෙන ආවෙ දියත කිට්ටුව first year පොඩි උන් ටිකක් වගේ පෙනුනෙ ඔක්කොම උන් උං කපල් පාරෙ හුරතල් වෙනව සමහරු ice cream කනව තව උං selfi ගහනව තව උං වතුර ගහ ගන්නව අපි පාරෙ චාටර් කනව ඕකුන් වදපු දෙමව්පියො මැරෙන්නෙත් පන පිටින් පනුව ගහල මූසල හැත්ත,1,sinhala
රෑට හුජ්ජ කරන්න යන්නෙත් කොළබ කොඩි ගහ යටට. කියන් උන් බස් රූට් එක අහ ගන්නේ අපෙන් කියහන්කෝ,1,sinhala
ඇත්ත කීවනම් මන් මොනාත් කියන් නෑ නේ..ඇයි බොරැ කීවේ මට ඒ වෙලේ ... ඇත්ත කීවා කියහන්කෝ... තමුසෙ මහ බූරුවෙක් වංචාකාරයෙක් තක්කඩියෙක් ..... පලප් මගෙ දෑහට නොපෙනි .. #bestexcuseslka,1,sinhala
පන්තියෙ හිටපු ලොකුම පිස්සා.අනේ මට ආයි ඉස්කෝලෙ යන්නෝනී....,0,sinhala
පුක ගන්නෙත් නෑ පුක දෙන්නෙත් නෑ !!!,1,sinhala
ට්‍රම්ප් මොකෝ අර පිස්සු කෙලින්නෙ? දන්න එකෙක් කියපල්ලකො. පැරදුණා නම් පලකො... ජනේලෙක එල්ලුණා නම් ඒකත් එකක්.,1,sinhala
"කට වක්කඩේ වගේ බොම්බයි මොටයි කාරයා, තොට වැඩිට හොඳයි යකෝ මාලු කාරයා...",0,sinhala
ගහෙන් වැටුණ මිනිහට ගොනා අනිනවා වගේ වැඩක් තමයි ලෙඩ වුනාම බේත් බොන්න වෙන එකත්,0,sinhala
"RT : මේ ජීවිත කාලයේ දී, අප වැනි පුංචි හුජ්ජ කොල්ලන් සැලසුම් කරන පරිදි දේවල් සිදු වන්නේ ඉතා අහම්බෙනි",1,sinhala
"කඩේට ගිහින් මුදලාලිගෙන් පොල්තෙල් තියෙනවද අහුවාම, ළඟ හිටිය #කඩේ_යන_ඩයල් එකක් මට බැනගෙන බැනගෙන ගියා "" කැම්රි හුම්කන්නා තෝ අපෙ ආණ්ඩුවට මඩ ගහන සක්කිලි බල්ලා, පාඨලි⁣ගේ වහල්ලු කිය කිය පාර පුරා ගියා "" මුදලාලිටයි මටයි තවම හිතාගන්න බැ මොකද වුනේ කියලා #වහල්සුජිත්",1,sinhala
හම්මේහ් යකෝ මට තනියෙන් මැරෙන්න හිනා. මම කියෝ ගත්තේ ලොකුසීන් කියන එකේ සීන් කෑල්ල හලලා.,0,sinhala
නැවේ ලීක් එක මුලදි කටාර් සහ ඉන්දීය වරායවල් වලට ඉන්ෆෝම් කරද්දි ඔවුන් ඒක රටේ වරායවල් බාරගන්න ප්‍රතික්ෂේප කරපු නිසා දුප්පත් අපිට කොරේ පිටට මරේ කියල කෙලඋනේ.. වන්දි නෙවෙයි මොන ලබ්බ ගත්තත් පරිසර හානියේ බලපෑම,1,sinhala
#ගෙදර නංගී - පල බැල්ලි තෝ. :# කනවනම් කාපන් නැත්තම් නිකා හිටපන් රෙද්ද :3 :v (පයින් පාරක් දෙමින්) #FB නංගී - කෑවද... URL,1,sinhala
එව්වනම් කැත වැඩ ඩාලින්..,0,sinhala
මිනිහෙක් ඉන්ග්‍රීසි සින්දුවක් ඇහුවට ඒ මිනිහ දේශද්‍රෝහියෙක් වෙන්නෙ නෑ මහත්තයො. තොපෙ ගොන් පකේ ලොජික් තොපිම තියගනින්.,1,sinhala
භුගත ජලයට තෙල් එකතු වීම නවත්වන්න ඒ ප්‍රදේශයේ වැසියන්ගේ දරන උත්සහය අගය කල යුතුයි .,0,sinhala
නැනේ අඩේ.. උඹට මතක ද? මම එනකං ඉන්නකොට තෝ ඇවිත් ඇහුවේ මේ දුලාන් නේද කීලා'',0,sinhala
පිස්සා පිස්සෙක්නම් සතුට පිකාසෝ,0,sinhala
ඔයිටවඩඩා හොඳයි උඹ මට පොන්නයො දෙන්නෙක් දම්මල කුඩවලින් ගැස්සුවනං ගේ ඉස්සරහ,1,sinhala
"නාකි කියන එකෙන් ගොඩක් අර්ථ විදහාදැක්වෙනවා.මුහුකුරා ගියබව, අත්දැකීම් බහුල බව, ප්‍රායෝගිකත්වය, සාපේක්ෂ බුද්ධිමත්කම.සැලෙන්නෙපා බම්",0,sinhala
"මැංගුස් නෑ,වෙන මොනවහරි කටට දෙන්නම්",0,sinhala
මේ කෲර ලෝකේ අසික්කිත මිනිසුන් ඉදිරියේ අපේ හැගීම් බාල්දු වෙලා යනවා මිනිහෝ.. තොට ඒක තේරේන්නේ නෑ.. තෝ පල වල් පරයා..වනගතවෙය ..,1,sinhala
මල්ලි ගෑනු ලමයිට පාඩුවේ ඉන්න දීපන් පුක පලාගන්නේ නැතුව. අසහනේ හොද කරගන්න වෙන සයිට් තියෙන්නේ ඒවට පල. මෙතන ඇවිල්ල අපේ නන්ගිලාට පව්දේන්නේ නැතුව.,1,sinhala
දඩ මාධ්‍යවලින් කොහොමටත් කරන්න හැමදාම බොරුවට මිනිස්සුන්ව බය කරන එක ඒ මනුස්සයා එහෙම කියලා හරි මිනිස්සුන්ගෙ හිත්වල තියෙන බය නැති කෙරුවා.. ජඩමාධ්‍ය කාරයෝ දැන් ඒක විහිළුවට අරගෙන,0,sinhala
නීති දැම්මට ක්‍රියාත්මක වෙන්නේ නෑනේ,0,sinhala
අනේ පව්! මෙයා හොරෙක් නෙවෙයි,0,sinhala
කපුටන් තටු කඩා එල්ලීමට නියමිතයි,0,sinhala
හරි උබලා කියන්නේ රෙද්ද උස්සලා හරි සල්ලි හම්බ කරන එක උගේ අයිතිවාසිකමක් හෝ උගේ පෞද්ගලික තීරණයක් කියලා නම් ගන්නේ මමනම් කියන්නේ ගණිකා හා ඊට සමානව යන වෘතීන්නුත් නීතිගත කරන්න ඔනේ! ඇයි යකෝ,0,sinhala
"මනුස්සයෙක්ට කතා කරද්දි මැදින් පැන්නම තරහයනව.අවධානය බිදෙනව. ඕම මැදින් පනිනව කියන එක හරිම කැත පුරුද්දක්.අහන් ඉන්නත් බෑ.ඕම ප්‍රශ්ණ කරන එක මාධ්‍ය නිදහස කියල හිතන් ඉන්න රටක් මේක. ඕක මොකක්ද අර මල ගෙදරකට ගිහින් ආයෙ ආයෙ උනේ මොකක්ද කිය කිය අහ අහා එයාලගෙ තුවාලෙ පාරන මාධ්‍යක් රටේ තියෙන්නෙ. Gihan De Alwis · 10 Nov 2019 මැතිවරණ කොමසාරිස් තුමා පෙර වැඩසටහනකදී හිරු 'සලකුණ' මළකුණක් කළ ආකාරය. සලකුණට ගැලපෙනම ආකරයට පිළිතුරු දීමක් කියලා හිතෙනව බලනකොට. "" අතරමැද්දෙන් පැනලා කතා කරණ එක ඕගොල්ලොන්ගෙ අනිත් දේශපාලන වැඩ සටහන් වල ඕගොල්ලො කරගන්න ඒක. මං කතා කරනකොට අතරමැද්දෙන් පැනලා අහන්න එපා. """,0,sinhala
ඒකනේ ගල විද්දේ නැකත් නැ වැඩේ විතරයි බලන්නේ එයලා,0,sinhala
60 පැනපු නාකි හිටන් හ‍ොයනවා හිල #Minol #ThunweniPanthiya,1,sinhala
"මූණට හිනාව දාන යාළුවෙක් වගේ රඟපාන හැත්ත පිරිලා මෙහෙ, සිය දෙනෙක් ගත්තොත් අනූ අටක් දිවවල් දෙකේ හාදු දෙන්නේ ආදරේට නෙමෙයි ඕනම කෙනෙක් යටින් පුප්පන්නේ පෙණේ කකුල් දෙකෙන් අල්ලන්නේ උඩට උස්සන්න නෙමේ #Smokio #44kalliya #WeediMayamq",0,sinhala
"තො තෝ,තෝ.... ඔය කට පියාගෙන හිටපිය , නැත්නං,මරනවා ඇවිත්",1,sinhala
මේ මොකද එයාගේ කිම්බ ඔයාගේ පුකේ උලනවද කිම්බේ ගු ගදගහයි,1,sinhala
එතකොට ඉස්සෙල්ලා පත්විම වැරදි එකක්ද.පත්කරපු එක්කෙනා වැරදිද.තේරුනේ නැති නිසා දැම්මෙ.හුම දේටම එහෙයි කියන්න බැරි නිසා....,0,sinhala
දුප් බල්ලා දුප් චිප් චිප් පුසා ජඃ ජඃ වස්සා දහ අලියා දහ වලස්සු එලවන්නෙ කොහොමද? Scott Bixby · 17 Jun 2020 Any tips for bear-proofing a birdfeeder? Show this thread,0,sinhala
", උබ වගේ ගොන් හරකෙක් ,වැද්ද කියල දාල තියන නමට පකවල් කියනවනෙහ් අනෙහ් බන් හුත්තො මන් කියල තියෙන එව්ව ඉස්සෙල්ල බලහන් පුක නොදී ප්ද්ලයන් වද නොදී උබ මල වදයක් උනනේ .හැමිනෙන්න එනව උදේ පාන්දර",1,sinhala
ඇයි යකෝ මං විතරක් ඇහැරලා ඉද්දී අනිත් උං බුදිනේ.. මල්ලී උඹ ඇහැරලාද?,0,sinhala
මහ ජනතාවට තොරතුරු හන්ගලා මොනවද බලාපොරොත්තු වෙන්නේ? ආන්ඩුවක් මොකටද ජනතාවගෙ ආරක්ෂාවට වග කියන්න බැරි.,0,sinhala
බණ අහන්න දෙවිදේවතාවුන් වහන්සේලා පොඩි ඉඩෙත් දාස් ගනන් රැස් උනාලු..එතකොට පුක ලොකු දේවතාවියන්ට අපහසුකම් ඇතිවෙන්න ඇති..,1,sinhala
වැඩක් නැ කියලා.. අහක යන රෙද්දවල් වලට නම් මානව හිමිකම් ඕනේ තරම් නාහෙන් අඩාගෙන රෙදි උස්සන් එන්නේ.. අවශය දේකට නම් කවදාවත් නැ ඒ ලොන්ත කොමිසම.. අර නාකියත් එහෙමයි.. ඌටත් පේන්නේ ආර්මී එකේ ඒවා විතරයි ඒකත් තමන් උපන් රටේම ඒවා..තුක් නොදකින් කාලකණ්ණි..,1,sinhala
රටේ ප්‍රජාතන්ත්‍රවාදය ද නැත්තන් තමන්ගේ සුභ සිද්දියද අගමැති කම නැතිවුන ගමන් ගැම්මට ප්‍රජාතන්ත්‍රවාදයක් ආව අම්මෝ,0,sinhala
විභාගය කුමක්දැයි දන්නේ නැත..,0,sinhala
රාජපස්සගේ වැරදි කිව්වම මේ වගේ ඉත්තෑවෝ දුවන කිහිප දෙනෙක් තාම ඉන්නවා. මේ ගොන් සක්කිලි හැතිකරය තමයි රටේ කරුමෙට ජාතක වෙච්ච එවුන්. Nimantha Jayasinghe · 17 May 2021 Nodanna magul nokiya hitapan.umbe mole tharama nemei anithunta tiyenne.,1,sinhala
මුලු මහත් සමාජය ඉදිරියේ විකටයන් වූ කල එය දරා ගත නොහැකි වූ හයපාලනයට;තමන් ආන්ඩුවට පත් වූයේ සමාජ ජාලා නිසා බවත් අමතක වී ඇත.,0,sinhala
ටහුඩු.මෙයා දිනලා නෙමේ අරයා හිතලම පැරදිලා. ඒ කියන්නේ අන්තිමට මහින්ද මාමිමයි දිනලා තියෙන්නේ. Stop being a Joker Plz. Maithripala Sirisena · 27 Mar 2016 The former president called for elections 2 years early because they were unable to deliver solutions to the problems the country was facing,0,sinhala
"වෙන වැඩක් නැති උන් තමා මේක කන්නේ, ගොන් ආතල් ගන්නේ කියලා අපිට සබ් ගහලා හැමිනෙන්න හැදුව එකෙක්ගේ ප්‍රොෆයිල් එක බැලුවා... ඌ විනාඩි 5න් 5ට ටුවීට් නෑ නෑ ඌ වෙන වැඩ තියන එකෙක්. හිනා වෙන්න එපා.",0,sinhala
නාකි වෙන ඉක්මන. ඊලග අවුරුදු ටිකේ ජීවිතේ වෙනස් වෙයි ආයෙ හොයා ගන්න බැරි වෙන්නම. බලමු,0,sinhala
අර පොන්න හුකන්න මාව බ්ලොක් කරලා හූ ලතෝනි දෙනවා නේ නොදකින් පොන්නයා මරු ඕයි තවුසේ කතාව සිංහ සීන් නොෆ්හකින් පොන්නය අනේ පල පොන්න අසිත් බ්ලොක් කරලා හූ කියන්න එපා පොන්නයො,1,sinhala
ඈ යකෝ එතකොට රස්සාවට යන්නේ තෝ ද?,0,sinhala
"මොකෝ මේ මුස්ලිම් උන්ට රිදිලා ඒක පොලිටිකල් කතාවක් නෙවෙයි , වැටිලා උන්න වෙලේ උදව් කරපු හැමෝගෙම නම් කිව්වා .. එතන මහින්දත් උන්නා එච්චරයි මාලිංගව බයියෙක් කරලා මුන් නොදකින්",1,sinhala
URL පෙරේදා හවස අපේ ගෙදර බල්ලා අරගෙන ගියපු සතාට... This Tweet is unavailable.,0,sinhala
උඹ මාර වැඩ්ඩෙක් බං.,0,sinhala
රට තොට තොරතුරු එසැනින් වාර්තාකරන්නට ආධුනික වාර්තාකරුවන්ට ආරාධනා - වාර්තාකරුවෙකු ලෙස ලියාපදිංචිය සඳහා ඔබගේ... URL,0,sinhala
ඩාලින් ඔයා ලස්සන වෙලා.,0,sinhala
"යු ටියුබ් algorithm එකට තරහ ගිහින් එයාගේ වීඩියෝ පහළට දාලාලු. ෆේස්බුක්, ගූගල්, යු ටියුබ් වලින් ගේම ඉල්ලන අපේ අම්මා පිස්සු ගෑනියෙක්",1,sinhala
"මහත්මයෙක් නං , වැරදි කරල නැත්තං , හැංගෙන්නෙ මොන එහෙකටද?",0,sinhala
"සමහර ඇඳුම් තියෙනවා කඩේදි දැක්කම ලස්සන, ගෙදර ගෙනත් ඇන්දම කැත #ඇඳුම්කතා",0,sinhala
හා මට අම්ම කියන්ඩ,0,sinhala
", කවුදයකෝ මේ හරකා",1,sinhala
ගහෙන් වැටුන එකාට ගොනා ඇන්නා වගේ කොම්පියුටරේ වැඩ කරන්නේ නැති වෙලාවටම ලැප්ටොප් එකත් ඔන් වෙන්නේ නෑ,0,sinhala
මේ වගේ පර සමනල්ලු එල්ලලා තටු ගලවන්න ඕනේ. පකයා අමරිකානු කම්පැනී එකෙන් සල්ලි දුන්නේ අපිට ආදරේට ද නැත් නම් රටට තියෙන කෑදරේට ද පකෝ..තොපි වගේ පොන්න රැලක් මේ රටේ පාලනය කරන්න ගෙනාපු ලක්ෂ හැට දේකේ මිනිස්සුන්ට දැන්වත් තේරුම් යනවා නම් ලොකු දෙයක්. වහල් පොන්නයා. ...DANANJYA... · 26 Apr 2019 මෙවන් පාලකයන් ලැබීමට ඔබ අප කෙතරම් පවු කරලා ඇත්ද ''මේ ප්‍රහාරයෙන් එක හොද දෙයක් උනාලු අපිට මෙතෙක් ලැබුණු ලොකුම විදේශ ආදාර මුදල ලැබුනලු අවජාතක සක්කිලි ලබන සමනල් සතුට තොපිට ශාප වේවා...! අර අහිංසක මිනිසුන්ට අයෙමත් පන එනවද??? මිනිස්සු මැරුනත් කමක්නෑ තොපිට සල්ලි බලය ලැබෙනවානම්,1,sinhala
නොදකින් එකෙක්වත් නෑ රෙද්ද .. #Thilina_Sirinaga · 18 Jul 2020 අපි ඩ්‍රොප්ශිපින් ගැන කතා කරමු ද..?.. #lka,0,sinhala
මං මගුල ගෙම්බා පස්සෙං ගියාට “”හිතුවක්කාරි”” කියලම කෙල්ලෙක් ඉන්නවා යකෝ මේකේ. හිතුවක්කාරයාට ඉතිං හිතුවක්කාරියක් තමා,0,sinhala
ඔව් ඉතිං රුපියල් නම් අච්චු ගහන්න පුලුවන්නේ,0,sinhala
ස්වේච්චාවෙන් තම කාලේ කැපකරලා කාට හෝ හොදක් කරනවා දැකීමත් සමහර සක්කිලි කුහක හිත ඇති එවුන්ට විදින්න බැහැ ...මෝඩ රැලක් වගේ කඩා පනිනවා ගොං කොමෙන්ට් දාන්න,1,sinhala
අඩො ඉලොන් මස්ගෙ ගොලයා,0,sinhala
"""තෝ මහ කරුමයක්!"" Calculus Wijesekara · 26 Dec 2017 Type ""තෝ මහ කරුමයක්!"" And @ the 3rd person.",1,sinhala
තඩි fake එකක් වගේ පේන්නේ මට විතරක්ද Chamodi Kulasekara · 27 May 2021 Adarei hemotama,0,sinhala
අධිකරණ නියෝගයට පස්ස හරවා රෙද්ද උස්සා පෙන්නා ඓතිහාසික කූරගල බෞද්ධ පුරාවිදු නටඹුන් මතින් යළි මරක්කල ඉදිකිරීම් ඇරඹෙයි.,1,sinhala
සෙස් චැට් කලාම බිජ්ජ ඉදුල් වෙනවද පරයො,1,sinhala
"පක තමයි ඔයි....තමුසෙ ජීවිතේට බාර්සා මැච් බලන්නෙ නෑ,ඉතින් අපිට සුවා නැති වෙනඑක බ්ලෙසින් කියන්නෙ කොහොමද උබ",1,sinhala
අපහාස විතරක් නෙමේ.අමාරුවෙ නොවැටි ඉන්නත් පුළුවන්. බඩුව කෑල්ල කියන එක කොල්ලො අපහාසෙටම නෙමේ use කරන්නෙ. ඒ උනත් එහෙම කතා කරන එක හරි නෑ,0,sinhala
කැරි වේසිගෙ පුතා ලංකාවේ ජාතිවාදය අවුස්සපු හුකන්න තොට මේ ගැන කාතා කරන්න කිසිම අයිතියක් නෑ,1,sinhala
"ගෑණි මටත් මුලින්ම පොඩි ගේමක් දැම්මා. මම තනියම රිපෝට් එකක් දාලා පැත්තකට උනා. ඒ පෝස්ට් නම් අයින් වෙලා හරි අයින් කරල හරි, දැන් නැහැ.",0,sinhala
පත්තුරිප්පුවට පස්ස හරවපු ෆොටෝ එක සම්බන්දයෙන් මට නම් ඒ හැටි අවුලක් නැ හැබැයි බයියොම ඒකට බනිද්දි බලන් ඉන්න එක නම් පට්ට ආතල්,0,sinhala
අම්මෝ....තඩි තඩි... තඩි තඩි... තඩිද...,0,sinhala
අනේ ඔයි. අමුඩයක් ඇදපන් කතා කරන්න කලින්,1,sinhala
big focuse එකට අදාළ බලධාරීන් ගෙනල්ල කතා කරන්න පුළුවන් නම් වටිනවා,0,sinhala
අනුන්ට පිස්සා කියන්නෙ පිස්සු හැදුනාමලු,0,sinhala
නවගත්තේගම අන්දර වැවේ අසාධ්‍යව වැටි සිටි වල් අලියකු ගම්වාසින් විසින් ගොඩට ගෙන ප්‍රතිකාර සඳහා... URL #LKA #SriLanka,0,sinhala
ඕගොල්ලෝ යාලුවෝ හින්ද එයාව බේරන්න එපා. කැතයි ! #SriLanka #PATHIKADA #PetrolCrisis,0,sinhala
දැන් හයිලයිට්ස් බැලුවේ. අර නිරෝශන් දික්වැල්ලය කියන්නෙ තඩි බුරියානි එකක් කාල කාල ඒකෙ මස් කෑල්ල කන්න අමතක වෙන එකෙක් වගේ. අපරාදේ 100 ඒවම කීයක්ද දැන්. පොර ලොකු පවක් කරල ඇති නැත්තම් අර වඳින දෙයන්ටවත් උගේ 100 පේන්නේ නෑනේ,0,sinhala
Serious tweet දකිනකොට මැද්දෙන් පැනලා ගොන් reply එකක් දාන්නමයි හිතෙන්නේ,0,sinhala
තෝ මට පෙරේදා රෑ කෝල් එකේ කිව්වා නේද මගෙ වැඩ අස්සෙ කරන්ට් කපයි කියලා. හොඳ වැඩේ තොට උගුඩුවා.,1,sinhala
"තංගල්ලෙන් කොළඹට ආවම අයියලා පොශ් වෙලා අම්මටසිරි සිංහලත් අමතක වෙලා කියහම්කො වට්ස් දිස් කටු කටුස් බිග් ගෙඩිස් මෙයා, කෝස් කෝස් ඕ නෝ කොස් ඇම් රායිට් ඩියර්"" කිව්වෙ තෝ වගේ උන් තමා",0,sinhala
ටහුඩු හලි හලි මම හිතාගත්තා ඇයි කියලා,0,sinhala
ඔයාලටත් ඕක තමා ලොකුවට පේන්නෙ. ඔය නිව්ස් එක telecast කරනවනම් රෙදි නැතුව කියන්න.,0,sinhala
You’re the bitch මේ ආන්ඩුවට කඩේ ගිය නේද? පට්ට වේසි,1,sinhala
වහිද්දි කන්න කියල වඩේ ටිකක් ගත්ත දැං ලබ්බ වහින් නැද්ද කොහෙද .. අවුවකුත් වැන්න..,0,sinhala
පිං සිද්ධ වෙනවා චීන අධිරාජ්‍යයා නෙණි ඔබතුමා කරපු උදව්වට මොකක්ද ඒ යකෝ කොරෝනා වෛරස ය එලියට දාපු එක තව ටිකක් කල් හිටියනං අපේ උන් මට පුකට පයින් ගහල එලවනවා තොට පිස්සුද වඳයෝ තෝ හිතුවද මමත් තෝ වගේ තමන්ගේ අහිංසක පුරවැසියන් මරනවා කියලා ගාර්ඩ් ගාර්ඩ්,1,sinhala
"අහක යන නයි රෙද්ද අස්සේ දාගන්න එපා කියලා කියමනක් අහල තිබුනට දැක්කෙ අද අප්පා . :16 ,052 views",0,sinhala
නින්ද යන්නේ නෑ කරුම ජීවිතයක් වෙලා අෆ්ෆා,0,sinhala
අපේ අම්මට බල්ලත් බයයි කියපංකෝ දුප් කිව්වගමන් බල්ලා කුඩුවට ගිහින් දොරත් වහගන්නවා,0,sinhala
කොල්ලා හෙන පව් ඕයි මෙතනින් බලන්න->URL URL,0,sinhala
ටහුඩු.. සහෝදර ප්‍රේමයක් ජනිත වෙලා තියෙන්නේ....,0,sinhala
ආහ්. මට අමතක උනා. උබ සංස්කෘතික රෙද්ද ඇදන් ඉන්නව කියල. සොරි මචේ,0,sinhala
"කෙල්ලො සෙල්ෆි ගන්න විදිය ගැන දන්නෙ දෙයියො තමයි වෙලාවකට යටි හනුව පේන්න, තව වෙලාවකට පැත්තක් පේන්න, තව වෙලාවකට කට විතරක් highlight වෙන්න, තව වෙලාවකට පුක highlight වෙන්න, තවත් වෙලාවකට තව තව තැන් highlight වෙන්න. Damn!",1,sinhala
මීට වඩා ලොකු හොරු ඕනෙ තරම් ඉන්නෙ උන්ට තාම නඩුත් නැති යහපාලනයක් මේක බ්‍රෝ,0,sinhala
නිව්ස් දාද්දී... මෙයාගෙ මූණ දාන්න එපා..අප්පිරියයි,0,sinhala
"තමන්ගෙ හැකියාවට මේ රටේ තැනක් නැති, රට ගිහිල්ලවත් ඉගෙන ගන්න අතේ සල්ලි නැති සමහරු ලංකාවෙ හැම දෙයක්ම පහලට දාලා සාප කර කර බටිහිරට ම ආවඩ වඩ ඉන්නවා මිසක තියෙන හැකියාවෙන් රටට දෙයක් කරලා සතයක්වත් හම්බ කරන්න හිතන්නෑ. එහෙව් අය එක්ක මේ රට මෙහෙමවත් ඉතුරු කරපු නූගත් පාලකයො ගැන ආඩම්බරයි. #lka",0,sinhala
මේ මාද්‍ය නොවෙයි. මොහුට ජිවිත අවබෝදය දිය යුතුයි. අඩුම ගානේ පේමන්ට් එකෙන් ඇදුමක් පලදුමක් අරන් දීලා පිරිසිදුව ජිවත් වීමට. ඔහුට අද්යාපනයක් නෑලු. රටේ අනිත් මිනිසුන් මෝඩ නැනේ. මාද්‍ය සගයෝන්ට ඇයි නොහිතුනේ මොහුට ඒ අවබෝධය ලබා දෙන්න. ගමේ පන්සලේ හාමුදුරුවෝ කෙනෙක් ඇත්තෙම නැතිද ? #Buddhist,0,sinhala
සමාජය කියන්නේ මොකටද ?,0,sinhala
කෘෂිකර්ම ඇමති කියනවා රසායනික පොහොර ගේන්න තිරණයක් නෑ කෘෂිකර්ම ලේකම් කියනවා නම් යුරියා ඇගේ ගාන්නත් හොදයි ලු එනිසා ගෙන්නනවා ලු. කෘෂි පෝෂක / පොහොර කෘෂි ආරක්ෂක / කෘමි නාශක තනිකර කෙළින්නේ පිස්සු. පිස්සා තනිකර කෙළින්නේ පිස්සු..,1,sinhala
Other universities : මං තමුසෙට ආදරෙයි මෝඩියේ/ මෝඩයෝ අපේ : තමුසෙ මෝඩයෙක් ඕයි.,0,sinhala
"වෙනසක් කොරාට මොකෝ ඕඕඕන් කට්ටිය ඉල්ලන් කන්න වගේ හදන්නේ....මේකද යකෝ යහපාලනේ...මෙහෙම ගියොත් යහපාලනේ රෙද්ද පල්ලෙන් බේරෙයි වගේ,,,හයියෝහ්",1,sinhala
පිස්සු මරාලයක් බං..,0,sinhala
අපේ ම්නිස්සුන්ට තියෙන්නෙත් India වල මානසිකත්වය. ම්නිහා මැරුනාහම ගෑණි ගිනි සෑයට පනින්න ඕන වගේ.,0,sinhala
මම දන්නව පකෝ තෝ අර කිරුලපන ධම්මවිජය ගෙ බැත් බලයෙක් වග. සිවුරට මුවාවෙලා තාම උපසම්පදාව ලබලත් වැඩි දවසක් නැති පංසල් පාලුවො ගහන ගේම තොට හොඳ වුනාට අපිට වැඩක් නෑ.. උඹලගෙ අර නපුංසක යෙකුත් ඉන්නෙ මහණ වෙලා.. ථේරවාදය අනිව නම් ඒකත් වැරදියි 𑀯𑀺𑀦𑀼𑀓 𑀫𑀸𑀦𑀺𑀢 𑀯𑀺𑀤𑀸𑀦𑀧𑀢𑀺𑀭𑀡 · 28 Feb 2021 ත්‍රිපිටකය ප්‍රතික්ෂේප කරන්න පෙන්නුව හේතු ඔක්කොම බිඳලා ඉවරයි නේ,1,sinhala
මීගමුව මාලු මාකට් එකේ කෙල පෙරාගෙන ඉන්න තමන්ගෙ අබ්බගාත පුතා එක්ක ඉන්නව අම්ම කෙනෙක්. කොල්ලො එහෙම ගියාම ඒ කොල්ලන්ට කෙලින්ම ලමයව පෙන්නල අම්මගෙන් සල්ලි ඉල්ලල දෙන්න වගේ ලයින් කරනව. මම ඒ කාලෙ දෙපාරක් වගේ දුන්න අම්ම එක්ක. පස්සෙ ඒ මාලු මාකට් එකට යන විදිහට සල්ලි.දෙන්න ගියානම් අපි ඉවරයි මාෂි · 31 Jul 2019 බස් එකට පොඩි කොල්ලෙක් වඩන් තාත්තෙක් නැග්ගා.දුක කියාගෙන සල්ලී ඉල්ලනවා.කොල්ලා බොලේ වගේ ඉන්නවා . මං සමෝස එකක් කකා දෙන්නා දිහා බැලුවා.මෙන්න මු මට ඇහැක් ගහලා.අර ඇගිල්ලෙන් ඇක්ශන් දලා ලගට කතා කරනවා වගේ සල්ලී ඉල්ලනවා. මුගේ අප්පට කියලා දෙකක් කියන්න හදද්දී.. තාත්තා ඌ අරන් බැස්සා,1,sinhala
කුඩයක් අරන් වරෙන් ... කෑල්ල වගේ ... මේ දවස් වල වහිනවා,0,sinhala
පිස්සු හුකන්නලා යකෝ ඕවද යකෝ මේ රටේ තියෙන ප්‍රශ්ණ,1,sinhala
ලස්සනම් පස්ස රත්තා · 12 May 2018 .ටුවිටර් එකේ ඉන්න තඩි පස්සක් තියෙන කෙල්ල කවුද? Show this thread,0,sinhala
""" : BREAKING: බස් ගාස්තු ඉහළට #lka #News1st URL #Srilanka",0,sinhala
වචන ටික හෑ! නෑ! අම්මේ! බොරු! ඉතිං! අයියෝ! අනේ! අප්පා! ටහි^කේ! මොංගල්ද! පාංද! පිස්සු! ජාති! ඇහ්! බොල! ගෑණියේ! මිනිහෝ! සහොදරවරුනි! සැ වෑව්! වට් එවර්! #ජාතිවදං,0,sinhala
"අම්මෝ ලිටරේට කිලෝමීටර් 104ක් වැඩලු.. :v මේ සතියේ හුම්මානේලු, ලබන සතියේ දියලමලු.. පුක නැතුව ඇති.. :v :V :V මොනවා... URL",1,sinhala
ඇයි දෙයියනේ මෙහෙම කරුම ලෝකෙක මන් ඉපදුනේ. #Gotham spoiers everywhere මගේ ජීවිතේම ගූ ගොඩක් වෙනවා fb ගියොතින් ආයි,0,sinhala
අහස පළාගෙන පෑයූ වළාවක දේදුන්නක පාට තැවරූ බව වෙලිපනැල්ලේ දිය කඩිතිවල කූඩිත්තන් දග කෙරූ බව ඉස්පාසු නැතිවිය උඹට කීමට හෙරළිය යස අගේ පීදෙද්දි සප්පායම අගේට කදිම බව දොඩන්නේ උඹ මන්තරේ සේම ඉදින් අපූරුයි අද පිල්කඩේ ඉද උඹත් එක්කන් බුදින බත් වේළ උඹට මා මෙන්ම මටද උඹ විනා මක්කටද කවුරුත් නේද?,0,sinhala
පුක තියෙන්නෙ රෙන මිස දෙන්න නෙවෙයි,1,sinhala
"මමත් අවුරුද්දක් කළා NCC. පට්ට ඩිග්‍රි එක. එතකොට අවුරුදු 20යි. මුල් අවුරුද්ද කරලා ඉවර වෙද්දි අම්මගෙ රත්තරන් බඩු කියලා තිබුණ කර මාලෙයි, කරාබු කුට්ටමයි, මුද්දයි බැංකුවට ගියා. ඒක අතෑරලා දාලා ගාමන්ට් එකක වැඩට ගියා. ඒ අතරෙ ආයෙ A/L දාලා තමයි රුහුණ ආවෙ. මම ඒකට ගියා. විකල්ප නැති නිසා. Kasun K · 11 Mar 2020 රුහුනු කැම්පස් ආව මට. ගියෙ නෑ. NCC කලෙ. ඖරුදු 23න් software engineer කෙනෙක් හැටියට රුපියල් ලක්ශ 4ක පඩියක් ගත්ත. රුහුනෙ ගියානම් තාම කැම්පස් එකේ. ගුටි, වෙඩි කාල මැරිල යන්නත් තිබ්බ. ඔහ්. ටයර් එක අමතක් උනා. එකක් වැදිල මැරිල යන්නත් තිබ්බ. . twitter.com/ChamaraPBKR/st…",0,sinhala
මේ වගේ ගොන් හරක් ඉන්න කොට කොහොමද හරි තිරනයක් ගන්නේ.,1,sinhala
"Testing 1, 2... පංජාර විංජූ... නඩන්ද කුංජූ... සවනි මගේ... මං සවනිගේ...",0,sinhala
ස' හදන්නෙ අපිව රවට්ටලා ඉතිරි තාප්ප ටිකෙත් චිත්‍ර ඇදගන්න. ඒ ගොනා ව්කුණුවා මහත්තයෝ,1,sinhala
බිත්තර රොටී වලට මිරිස් හොදි ටිකක් පමණක් දමන්නයැයි කියූ විට හිස වනා තඩි හැන්දකින් එකක්ම වක් කළ වාලුකාරාම පාරේ... URL,0,sinhala
ඔයා මෙහෙට ඇවිත් මට මනාපයක් දානවා නේද ඩාලින්,0,sinhala
"පිස්සු හැදෙනව මේකට,",0,sinhala
"ලක්ෂ ජනතාවගේ ඡන්දයටම U-Turn ගහපු එක්කෙනාට, සීමිත ප්‍රදේශයතුල U-Turnඑකක් ගහන එක මහ ලොකු දෙයක් ඒ..... (අවවාදය: අනුකරණවලට රැවටෙන්ඩ එපා...)",0,sinhala
මී මල් යළි පිපුණා හැන්දෑවේ රන් එළියේ මල් වැස්සක් වැස්සා ඒ වැස්සෙන් පණ බීගෙන මී මල් යළි පිපුණා මී මල් නම් පිපුණි එහෙත් පුංචි පුතා නැතුවා ගල පාමුල පරඬැල් පත් තෙමී සුවඳ දුන්නා වැහි රැල්ලට තෙමුණ කූඹි ගුල්වලට ම ඇදුණා,0,sinhala
"""උබ ඉතිං දැං ඇරෝ ගන්ඩ හදන්නෙ"" ""අඩො සීසං ත්‍රී ද, පෙන් එක දෙන්නං ගෙනත් දෙනවකො"" Yesterday class.",0,sinhala
අඩො ආදරෙයි පැලෙන්න මගේ එකා අනේ ආයේ නම් කොණ්ඩේ කලර් කරන්නේ නෑ උඹලා එක්ක ගිහින්,0,sinhala
චොකලට් එක පැත්තක තියාගෙන කොලේ සුප්පන වුන් ඉන්නවද? මචංලා... මම නිකමට ඇහුවේ... හරියට ගෑණි ගෙදර ඉද්දි... URL,0,sinhala
පට්ට බැල්ලි ගහනව තොට වැලි,1,sinhala
අනේ බොල වල් කොල්ලෝ තොට මොකටද ඒක හී හී,1,sinhala
"අම්මටසිරි, පොල්කට්ටක් පිරෙන්න හුජ්ජ කරන්න බැරි සුටි ඩයල් බලපන්කො. යන්න කොනට කොනට.",1,sinhala
බිජ්ජෝ මගේ රෙද්ද ගලවන්නනේද හැදුවේ. #සුකියාඑක්කපැලයක් එකේ. වෙන එකෙක්ගේ playlist එකක් හිංදා බේරුනා.,1,sinhala
ඒකවත් දැක්කෙ නැද්ද උඹ..,0,sinhala
ගොන් බඩුව Mushaf · 9 Sep 2016 ගොනාගේ ගෑනු සතා ගොන්නිද බන්? #Doubt,0,sinhala
"නොදකින් විතරක් කාලකන්නි අපත දේශපාලන හැත්ත හැදි ගෑවිලාම පල ,",1,sinhala
"මේ අල්ල පනල්ලේ ලන්කාවම ගිල ගනිමින් ඉන්නේ තඩි මෝරෙක්, එ මෝරා පලවා හරිනු කියූ ජෙප්පෝ දැන් උන්ගේ ඔඩොක්කුවේ හිරි... URL",0,sinhala
"පලයන් අපතය, ලයියා මාව ෆෝකස් කරල ගත්තේ උඹ මාව බොඳ කරල දැම්මේ",1,sinhala
"දන්න කියන එකෙක් හෙන පොරක් ටෝක් එකක් දාල තිබ්බ මුහුණු පොතේ, 31 රෑ සමරන්නෙ තරු පහේ හෝටලේක කියල. ෆොටෝ එහෙමත් දාල තිබ්බ. මමත් හවස විශ් කලා ඉතින්. ඒ හෝටලේ තියෙන්නෙ දඹුල්ලෙ. අනේ ඌ හදිස්සියකට මාදිවෙල කීල්ස් එකට ඇවිල්ල හිටිය, මේ දැන් මන් ආයෙත් සුබ පතල ආවෙ!",0,sinhala
Law grad එකයි #SareeTwitter එකයි අතරෙ සම්බන්ධයක් තියේද? කැත කෙල්ලො අසරණ කරන සීන් එකක් නේද ඒක.,0,sinhala
ඒකි ජීවතුන් අතරලු,0,sinhala
එතකොට ලබන වසරේ හොඳම නිලියට හිමි රයිගම් සම්මානේ ගන්න එන්නේ ස්විස් ඉඳලද?,0,sinhala
ගුවන් යානයට නගිද්දි වේක් වෙලා නැද්ද,0,sinhala
මල්ලිගේ බල්ලා. උෟටත් සිස් පැක් එකක් තියනවා මට පේන විදියට.,0,sinhala
අනේ..පවූ..ඒක අපි නොදන්නවමයි..බය නැතුව ඇත්ත කියපල්ලකෝ..කොහොමත් ඕක අපි නොබලන එකේ..,0,sinhala
ගොන් ශොට් ගහලා ඉල්ලන් කනවා,0,sinhala
මේස රෙද්ද මෙහෙම ගන්න පුළුවන්ද? URL,0,sinhala
තෝ මාව ඩිවෝස් කරවන්නද හදන්නෙ,0,sinhala
රාජපක්ෂලගෙ ගූ කන වහලො තමුසෙ මේක දැනගනින්. අවුරුදු 70ක් තිස්සෙ... see more,1,sinhala
හරි ඉතිම් අපි කාටවත් කියන්නෙ නෑ බ්‍රෝ මේ ඔයාගෙ කෑල්ල කියල :-P,0,sinhala
ඔය මහලොකුවට නලලෙ තියන් ගියාට කැම්පස් කියල අපිනම් පුකකට ගනන් ගන්නෙ නෑ.. හොද උනුත් ඉන්නව ඒත් වැඩි හරියක් ඉන්නෙ අවජාතක හුත්තල. ලොකු නෑ එක පකෙක්,1,sinhala
පව් ඔයි වේස ගෑණි! URL,1,sinhala
නෑ. හැබැයි හැමතිස්සෙම චෙක් කරනව සිග්නල් දෙක. බැරිවෙලාවත් ජෙනියේ සිග්නල් එක හදාගන්න අමාරු රෙන්ජ් එකට ආපු හැටියේ ජෙනියෙ ලයින් එක කපනව.,0,sinhala
"""තාවකාලික සහන"" ,අවුරුදු 73 ක් රටපාලනය කල දේශපාලන පද්දතින්හි එකම අරමුණ මෙයයි. ""තාවකාලික සහන"" රට ගොඩයන්න අවශ්‍යය නැ. එයාලා ගොඩයාම ප්‍රමාණවත්. රනිල්ගේ බුද්ධිය හොදයි. සජිත්ගේ පුටුවට තියන්න.",0,sinhala
කොතරම් ලේ කෝප උවද සයිටම් ලෝලින්ගේ මෝඩ+ වෛරී tweets වලට reply නොකිරීමට තීරණය කලෙමි..,0,sinhala
මව් කුසෙන් අම්මා කෙනෙක් ගේ නෙමයි. උට්ටෝ තොට ලයික් ගන්න බැරි නම් රිලා ගැනිගේ පුක අස්සේ හැන්ගියන්. මෙතන පකේ වැඩ කරන්නේ නැතිව. දන්නේ නැත්නම් තමන්ව ප්‍රොමෝට් කරන්න පාසල් පල තෝ පකේ. හුකන්න තියා ගන්න එපා. තෝ නපුන්සකයා තොගේ tl එකේ ඕනෑ උට්ටටක් දා ගනින් ලයික්‌ නැති උනත් මට පයියක් ද ටෝ,1,sinhala
මගෙ දෛවය ලියපු එකාට කියන්නෙ...උඹ හුකපන් පොන්න කැරියා...,1,sinhala
"මේ කැස්පර්ස්කයි කියන ගස් බල්ලා IDM එක Malware එකක් කියලා ඩිලීට් කරලයි කියපන්කො,",1,sinhala
හොර ගෑණි එක්ක වැඩේ කරනකොට ගැලවෙන්න බැරිවෙන්න ගුරුකමක් කරලා. ගමම ඇවිත් නෙලන - Thinetha Gindara Videos... URL,1,sinhala
හරකෙක් සබ් එකක් ගහලා....ඒවා අපිට තේරෙන්නැ....ඒ නිසා අපිට කියන්න තියෙන්නෙ... දහ හරකා දහ හරකා දහ දහ... කියලා තමා... #ට්‍රිගර්_න්_තේ__හරකා,1,sinhala
උදේට මදින එක හෙන බොරු වැඩක් බං,0,sinhala
ගිය සතියේ පාටියකට ගියා දේශපාලන උනුසුම එතනත් සැරට.කට්ටිය රට හදන්න පොරටෝක් දෙනවා හිටු කියලා. ඒ අස්සේ නාකි ඩැල් එකක් මැරෙන්න හදනවා රට ඉන්න උන්නටත් පෙන්ෂන් දෙන්න ඕන කියලා. ඌ කියනවා අඩුමගානේ අවුරැදු 40ක් විතර රට හිටපු උන්ට පෙන්ෂන් දෙන්න ඕනලු.මම ඇහුවා ඔයා දැං කියද කියලා.38යි ලු.,0,sinhala
"මූ වගේ කැරි පොන්න වේසිගෙ පුතෙක්. sunanda deshapriya · 28 Jul 2018 සංහිදියාව! මෙන්න මේ දැන් ජාතික යැයි කියා ගන්න සිංහල ආණ්ඩුවේ රූපවාහිනියේ් සජීවීව ගැයෙන ගීතයක්: 'රණ බිම මැරුණේ සිංහලයෙකු නම් පපුවේ වෙඩි සළකුණ ඇත්තේ සතුරට ළය දී මිස මැරුණේ නෑ ලේ පැල්ලම් නෑ පිට පැත්තේ "" #SriLanka",1,sinhala
තමුන්ගේ රටේ ප්‍රශ්න විසදගන්නේ නැතිව අපේ රටේ දේශපාලන පක්ෂ පිහිටවන්න ඔහුට බලයක් නැත,0,sinhala
ඉස්සෙල්ලාම පාර්ලිමේන්තුවෙන්ම පටන් ගමු. ටිකක් හයිය කඹයක් දාන්න වෙයි. කාලා කාලා ඌරු සයිස්නේ.,0,sinhala
"සරලව කිව්වොත් ඔව්! මොකද බල්ලෙක් වෙලා ඉපදෙන්න එක පවක් තමයි, මොකද මනුස්ස ආත්මයක් නෙවෙයි නේ හැබැයි ගෙදරක හැදෙන බල්ලා පින් කරලා තියනවා අනිත් පරෙ හැදෙන බල්ලොන්ට වඩා, මොකද එයාට කන්න ඉන්න ආදරය කරන්න කට්ටිය ඉන්නවා. ඒ වගේ තමා ඉතින් ආබාධිත උණත් මන් කියන්නේ මනුස්ස ආත්මයක් ලබන්න පින් ඇති!",0,sinhala
What is sin??? පන්චසිලය රකිනවද ?? බුදුන් කි පරිදි ජිවත් වන එක නායකයේක් ඉන්නවද ? බොරැ නොකියන .හොරකන් නොකරන,0,sinhala
අර ස්පේස් ස්ටේෂන් ලබ්බ දැකලා දැකලා ඇති වෙලා තියෙන්නේ. ආයේ ලබ්බක් කියෝනවා 6.44 ට අහස බලපන් ලු.....,1,sinhala
කොහෙන් ගියත් හිටං තමයි අසරණ වෙන්නේ ලක්ශේ ඔයාලට සාප වෙනවා මේ කරපු අපරාදෙට #lka #PoliticalCrisisLK,1,sinhala
අමියා පැපීට පයිය ගැන කියලා දෙනවා,1,sinhala
අන්න ඒකයි බන් වටින්නේ... දෙයක් කරලා වේසි වගේ කියව කියව වටේ යන එවුන්ට වඩා බන්,1,sinhala
අනෙ හුකේ.. ට්විටර් එකෙන් ප්‍රශ්න විසන්දන එකා.. හොන්දම යාලුවා.. ලොල්.. තෝ අපේ හොන්දම යාලුවෝ නෙමෙයි.. තෝ හොන්දම යාලුවොන්ට කරන ඒවා ඓ දන්නවන්නේ.. කෙල තොල්ලා.. යකෝ හොන්දම යාලුවා කියන එකේ තේරුම හොයා ගනින්.. ටෙලිෆෝන් වයර් බඩු කාරයා.. සර්වර් ගෝතයා..,1,sinhala
සීරියස් පොස්ට් එකකි .. ලොකෙට පේන්ට පොඩි පොඩි පිස්සු කෙලියට අපේ හිත්‍ වලත් හීන ගොඩාක් තියනවා බන්..සිරා බන් — feeling hopeful,0,sinhala
වල් වැදී ඇති දියවන්නාව කිඹුල් හිස් ඇත උඩ බලාන ගැන්වූ කැති මුගුරු හා පෑන සුද්ද කරනට එය මනාව,0,sinhala
කන්න හොඳම රටකජු තියෙද්දී ජම්බෝ පීනට් කන රටක් මේක... බොන්න හොඳම තැඹිලි තියෙද්දී කොකා කෝල බොන රටක් මේක... දාන්න හොඳම කුළුබඩු තියෙද්දී නෝ ස්ටොක් පවුඩර් දාන රටක් මේක... කන්න හොඳම පලතුරු තියෙද්දී ඇපල් කන රටක් මේක... මෝඩ ගොන් හරක් නිසා බැනුම් අහන පින්වත් රටක් මේක...,1,sinhala
තලේමන්නාරම් - මඩු දුම්රිය ධාවනය ඇරඹෙයි: තලේමන්නාරම් තොට සිට මඩු දක්වා ප්‍රතිසංස්කරණය කරන ලද ... URL #lka AdaDerana,0,sinhala
මම දැකපු ගොන්ම තර්ක වලින් එකක් තමයි සුද්දෝ බෙට්ට දාලා පුක පිහිදානවා උඹලා පුක හෝදනවා ඒ නිසා එහේ රැප්වල කුණුහරුප... URL,1,sinhala
කරුමෙටවත් නමේ අවසන් අකුරු දෙක 'හුක' වගේ තිබ්බොත් දාන ගමේ නම ගැන ටිකක් හිතාහන්කෝ,0,sinhala
ආන්සර් කරේ නෑ වේසි,1,sinhala
"අර යකාව #CTB එකට ගත්ත දවසේ ඉඳන් අපේ ලංකා ටීම් එකේ බෝල් කරත් අඩි, RCB එකෙත් අඩි පුදුම කරුම ටීම් එකක් ඕයි......",0,sinhala
ඔය ගොන් කතා ජීවිත නැති උන පවුල් වලට කියන්න ජනපති. අඩුම ගානෙ රාජ්‍ය නායකයා විදිහට අවෂ්‍ය වගකීමවත් ගන්න හුරතල් වෙන්නෙ නතිව. පාරට යන්න එපා මිනිස්සු ගල් ගහල මරයි,1,sinhala
අපේ ලොකු නැන්දාගේ මගුලට 1950 ගනන්වලදී තඩි ග්‍රැමෆොැ්නයක් තාත්තා බද්දට ගෙනැවිත් තිබුනේ තැටි 4ක්ද සමගය. එහෙත් අනේ කොල්ලෝ තරහ වෙන් එපා. මට ඔය ගෝසා හරියන් නෑ..කියා මුත්තා ඒ ග්‍රැමෆෝන් කාරයාට සල්ලි දී එලවාගෙන තිබුනි. #පවුල්ඉතිහාසකතා,0,sinhala
අම්මෝ බන් ලංකාවෙ පට්ට ගොන් වහල්ලූ යකෝ ඉන්නේ වෙනම රට ඒ අතරින් උඩින්ම ඉන්නේ,1,sinhala
උතුරෙ මහ ඇමති කියන එකා අලි පුකෙන් ආව එකෙක්ද? කෝ මේ පිටරවල තානාපතිලා අනිත් මහ ඇමතිලව බලන්න ඔහොම කෑල්ල බලන්න යනවා වගේ යන්නෙ නෑනෙ.,1,sinhala
අනුරාධපුරේ ට පෑව්වත් අප්පිරියයි වැස්සත් අප්පිරියයි . වැස්ස නං ඉතින් යලට එකයි මහට එකයි නේ... #mosthatedcity #කරුම,0,sinhala
"පිස්සු හුයන්නෝ ටික වගේ ""සර් ඔය කෝල් එක ගන්න ම ඕනි එකක්"" කියලා බිත්ති සරසන උන්ව ෆේස්බුක් මිත්‍රත්වයෙන් නෙරපුවා.",1,sinhala
ඔව් ඉතින්. කලින් හිටපු සක්කිලි වෙනස් කරපු මේව නැවත හදාගන්න එපැයි. මොනා උනත් මේව නම් හොඳ වැඩ.,1,sinhala
"මේවනම් මහා සක්කිලි වැඩ! වෙසක් පෝය දවසේවත් හිතේ වෛරෙන්,ක්‍රෝධයෙන්,කුහකත්වයක් නැතුව සමරන්න බැරි හැටි..ලැජ්ජයි! URL",1,sinhala
"මේ ට්වීට් එක තමන්ගෙ වයිෆ්,ගර්ල්,අම්ම එක්ක ඇදුම් ගන්න ගිහින් එයාල ඇදුම් තෝරනකල් රස්තියාදු වෙන හැමෝම එකතු කරගන්නව",0,sinhala
අපිට ඒ බඩුව ගන්න බැරි උනාට ඒකෙ සම්පූර්ණ ආතල් එකම අපිට ගන්න පුලුවන් වෙනවා #KoombiyoQuotes,0,sinhala
කොල්ලා- නංගි ඔයා මට කැමතිද? කෙල්ල - ඊයා තමුසෙගේ කැත කොල්ල - කැත නිසා තමයි ඔයි තොගෙන් ඇහුවෙ. #ආදරකතා,1,sinhala
හුජ්ජ කරලා බිජ්ජ හොලවද්දී චූ කටට විසික් වෙච්ච උන් ඉන්නවද ? :v :v එච්චරම අව්ලක් නෑ ලුණු සසයි :3 — feeling ෆකින්,1,sinhala
නවත්තනවා විතරයි එන්න හරින්නෙ නැද්ද...,0,sinhala
මේ හෙන ගහන ටයිම් එකේ හෙන යකඩ කෑල්ලක් අරං ඇතුගල උඩට නැගල ගිරිය පුප්පං කෑ ගැහුවනං ගානට හෙනයක් වැදිල මටත් සුපිරි... URL,0,sinhala
ආ ජන්සන් කලූ නේද,0,sinhala
පාර පොඩි කරයි එහෙනම්.ඒ වගේ හරක් ටිකක් නේ,1,sinhala
වීරවංශ මහලේකම්ට ‘පර බල්ලා‘ ‘වේසිගේපුතා‘ කියා බැනවදී: වනචරයන් පාලනයට නව ස්ථාවර නියෝග අවශ්‍යයි URL,1,sinhala
අපෙ අම්මා නිවුස් බලන ගමන් ඇමති කෙනෙකුට 'හරකා' කිව්වා• ඊට පස්සෙ 'සොරි' කිව්වා; හරකට.,1,sinhala
ජයාගේ බිජ්ජ බලලා කට්ටියට මහන්සිත් ඇති නේහ්... =D,1,sinhala
අන්න හරකා පැලේ කන්න යනවා,0,sinhala
උබලගෙ තාත්තාට කියපං පට්ට වේසි,1,sinhala
"තිරිමාන්නගේ inning එක පට්ට, 160 ක් වගේ ගානක් chase කරන්න තිබ්බා නම්. #WT20",0,sinhala
වාහන වලත් ගහනවා දෙවෙනි කෑල්ල,0,sinhala
"මාගරීටා.... සමුද්දරේ ලඟ, හඬ නගන, සුන්දර, ස්ත්‍රිය, සැමට, ඉවහල් වූ, කාමයේ දෙවඟන, හා..හා... බැහැපන්... උඹ, දැන්, නාකියි.",1,sinhala
ඇස් පනාපිට ජනතා අයිතීන් හොරාකන මුසලයා #sriLanka #lka #Colombo,1,sinhala
මාලු කෑල්ල කියන විහිළු කතා.... URL,0,sinhala
පට්ට පල්ලමක යන ගමං බ්රේක් කරන්න කිව්වම ක්ලච් එක ඇල්ලුවා වීල් එකේ. කෙලං පහලට ගියා යන්තං නවත්තගත්ත. මාව බස්සල කුණුහබ්බෙං බැනල වෙන එකෙක්ට අරං යන්න දුන්න,0,sinhala
"එවගේ මිනිස්සුන්ට ඉන්න දෙන්නැ නේ බං සක්කිලි, මම දැක්ක කොහේද ඩිපොවක ලංකාවේ තිබ්බ පරණ සුපිරිම ජපන් බස් ටික හදන්න පටන් අරන් එකේ කාර්මික ඉංජිනේරුවරයා, මිනිහට මාරුවිමක් දිල , මිනිහ කාලයක් ගිහිල්ල අායි එද්දි එවයි එන්ජිමවත් නැලු.",1,sinhala
තමන්ගේ අම්මාගේ සහොදරිගේ නැති දෙයක් මෙ දරුවාගේ ඇති..එකයි මිනිස්සු මෙච්චර දෙවල් මෙ දරුවට කියන්නෙ..ඇග හැදුනට කටෙ කිරි සුවද ගියපු නැති දරුවෙක්ට මෙහෙම කියන උන්ව..ප්‍රසිද්ධියේ ඇදුම් ගලවලා වෙඩි තියන්න ඔන..මෙවගේ සක්කිලි හිංදා තමයි දරුවෙක්ටවත් ඉන්න නැත්තෙ..,1,sinhala
අඩො උබෙ එකෙ හෙන වෙනස්වෙලානෙන්පේන්නෙ,0,sinhala
අඩො උබව රෑට විතරමනෙ පෙන්නෙ,0,sinhala
ඒ කතාව හෙන ගොන් කතාවක් නෙහ්...පොඩ්ඩක් බැලුවනම් තේරෙයි මෙහෙ අයත් Part time කරලා කීයක් හරි හොයාගන්නවා කියන එක...සමහර අය හිතන් ඉන්නෙ කැම්පස් ගියාම උදේට යනවා හවසට එනවා ඊට පස්සෙ හොස්ටල් එකේ ආතල් එකේ ඉන්නවා කියලා...ඒම හිතන්නෙ පොඩි කාලේ ඉදන්ම උන්ගෙ ඔලුවට දීපු එක එක හීන නිසා..,0,sinhala
යකෝ අර Livingstone කාරයා දර පලනවනේ.පිස්සු ගැහිල්ලක්.,0,sinhala
// රට වටේඔක්කොමටම දිලා නොදී හිටියොත් // සඳුනා බඩුව කියල දැනං හිටිය . . . ගොං බඩුවක් කියල දන්නෙ අද,1,sinhala
"කෙල්ලගෙ ඉස්කෝලෙ ට්‍රිප් එකට අම්ම දුවගෙ බෑග් එක ලෑස්ති කරනව දුව: අම්ම, මැඩම් කිවුව කැමතිනං සෙල්ලං කරන්න සෙල්ලම්බඩුවක් ගේන්න කියල. කම්මැලි වගේනං යූටියුබ් බලන්න ෆෝන් එකකුත් ගේන්න කිවුව. අම්ම: මොකක්? දුව: නෑ මේ මට වැරදිලා කියවුනේ, සෙල්ලංබඩුවක් තිබ්බම ඇති මම:",0,sinhala
නොදකින් යකු උඔලා නම්... බිඩ් සිංදු එපා...,0,sinhala
කාමරේ තඩි මීයෙක්. horror movies මතක් වෙනවා මේ යකා මාව කාලා තියේවිද දන්නේ නෑ උදේ වෙද්දී,0,sinhala
මුං මේ උදේ පාන්දර කැත කතා ට්වීට් කරනෝ. මම නරක් වෙන්න කලින් යනවා.,0,sinhala
අර ඩොකා ගෑණි FB ඩිඇක්ටිවේට් කරලා,0,sinhala
බස්නාහිර පළාත ඇතුලෙ ඕන ජවුසමක් නටන්න පුලුවන් හදිස්සි වැඩකට බස්නාහිරට ඇතුල් වෙන්න බෑ මාර උත්තක්නෙ අයිසෙ.අපෙ වැඩ වලට පාස් දාගෙන එන්න විදිහක් කොහෙන්ද.!,1,sinhala
මොනවා උනත් ඒකි කියන්න ඕනෙ දේ කෙලින්ම කියලා තියෙනවා අනික දිලිත්ගෙ කුඩු සීන් එක රංජගෙ හඩ පටි වලිනුත් එලියට ආවා රංජට ලෙටර් ඔෆ් ඩිමාන්ඩ් එකක් යවා ගන්න බැරි එකා ගෑණියෙකුට යවනව බුදුහාමුදුරුවො ගංජා ගැහුවයි කියපු එකාට කුඩු ගැහුවයි කියන එක අවුලක්ද,1,sinhala
පොල් ගෙඩියක් ඔලුවට වැටෙන්වා කියන්නෙ ඒක නම් ලොකුම කරුම වෙලාවක් බන්..වෙන වෙන්න තිබ්බ අනතුරක් පහ වෙලා.මොකද පොල් ගෙඩියක් අත්තක් උනත් අනික් අයට කරදරයක් වෙන්න නෙවෙල්ලු වැටෙන්න්ව්ව්,0,sinhala
ජාත්‍යන්තර ක්‍රිකට් ක්‍රීඩාංගණයක් මේ අවස්ථාවේදී අත්‍යවශ්‍යද??,0,sinhala
ඇතුලේ සිද්දවෙන දේ එලියෙන් දකින මිනිස්සු තමාගේ ගැලවුම් කරුවා බාහිර තැනක සිට තමා දෙස බලා ඉන්න බව සිතයි දුක නම් මියන තුරුම තමාගේ අදහස් මිස කිසිඳු එවැන්නෙක් තමා දෙස බලා නොසිට ඇති බවයි උඹ උඹව හොයන්න එපා තව එකෙක් ඇතුලෙන් ඒක උඹගෙ කරුමේ පව් කිවොත් මං හරි!,0,sinhala
ටැටූ එකක් ගහලද නෝස් පින් එකක් දාලද ටිකක් කොටට අඳිනවද ඒකි බඩුව හුත්තො,1,sinhala
අස්සයා පැන්නට පස්සේද ඉස්තාලය වැහුවේ ? ඇයි මේ බයිස්කෝප් සංදර්ශන !!!,0,sinhala
ඉන්දීය සංචාරයක නිරත අග්‍රාමාත්‍ය මහින්ද රාජපක්ෂ මහතා ඉන්දීය ජනාධිපති රාම්නාත් කෝවින්ද් මහතා හමුවෙයි!,0,sinhala
"එක පැත්තකින් රට දියුණු වෙන්නේ නෑ කියනවා, අනෙක් පැත්තෙන් මොකක් හරි ආණ්ඩුවක් සංවර්ධන වැඩක් කරන්න හදනකොට කැලෑවක් ඉස්සරහට දාගෙන ඒක නවත්වන්න හදනවා. වැද්දෝ වගේ මේ රටේ මිනිස්සුන්ට ඉන්නද කියන්නේ? හැම රෙද්දටම කට දානවා, හැබැයි රට ගිණිතිය තිය පිස්සු කෙලින සංඝ චන්ඩියක් පාලනය කරගන්න බෑ.",1,sinhala
"මේ කැට,කඹ,ලිස්සනගස් මානසිකත්වයෙන් මිදෙන්න තව දවස් දෙකතුනක් යයි වගේබෑ යකෝ ගලක් ගැහුවත් බැලෙනවා කීයද අංකේ කියල",0,sinhala
පිස්සා මූ පිස්සා මූ පිස්සු ගෙම්බා මූ! #රේඩියෝශෝවිත්සැන්ඩි,1,sinhala
රෑට ෂරියා දවල්ට බැටිකලෝ්,0,sinhala
සාමාල් අයියේ ගොන් තඩි බූරුවා,1,sinhala
ටහුඩු යකෝ.. The following media includes potentially sensitive content. Change settings View,0,sinhala
ඒකත් හරියට නිකං පුප ඉරාන පාඩම් කරපු උන් ⁣⁣ෆේල් පිස්සු කෙලපු උන් පාස් වගේ සින් එකක් #LPLSemiFinals,0,sinhala
"ඕගොල්ලොත් හැකි පමණ දායක වෙන්න. ගෑණු ළමයින්ට කෑල්ල කියන්න එපා කිව්වා, දැන් යස අගේට ඔය යුවතිය කියන්නෙ",0,sinhala
කස්ටමර් කෙයා එකේ අක්කගෙන් දෙයක් අහනවට වඩා හොඳයි තඩි කේප්ප වැස්සියෙක් අරන් පුන්නක්කු දීල දරුකමට හදාගන්නෙක ... නෙද්දකින් ක්‍රෑක් තුං #LKA,1,sinhala
"එහෙම තේරුමක් කොහෙද බොල මේකෙ! මේකට සමාන කවිය ""දුන්න දුනුගමුවේ.!"". එකකට එකක් ගැලපෙන්නෑ!!",0,sinhala
"තොට සිංහළ තේරෙන්නෙ නැද්ද ගොන් බිජ්ජො?? This is not a question of ""Fake Profiles"" or ""Real Profiles"" .... this is a question of තෝ වගේ කිබි උකුණෙක් අහක යන බඩුවක් නිසා ගූ අැදගෙන නාන එක. නිකන් පු.. දෙන්නේනැතුව වැඩක් බලාගනින් කිම්බි උකුණො!!! GIF",1,sinhala
දැම් ආවා.කෙරි අලුත් ටුවීප් කුසාන්ත පරයා... හොර චන්ද දාන්න පුරුදු කරේ තෝ. පර බල්ලා.. ඉස්සර ටුවිටර් එක මේම නෑ යකෝ.. තොපි කෙලසුවා 2500ක අතීතේ,1,sinhala
රවීගේ පස්ස ලෙවකන ශ්‍රීලංකාකාරයෝ එකතුවෙලා රවියව බේරපු හැටි ලැජ්ජයි බොලව් තොපි ගැන URL,1,sinhala
එහෙම තමයි... ආදි කාලේ රජවරු පවා සතුරන් සමග සටන්වදින්න කලින් තම සෙබලුන්ගෙ චිත්ත දහිරිය නංවන්න මෙවැනි ඝෝෂාවන් පවත්වනවා... ජාතියක් ජන්මයක් නැති අවජාතක පරගැතියොන්ට නන් ඉතින් මේවා විහිළු පමණයි URL,0,sinhala
එක හුජ්ජ කෙල්ලෙක් කටේ අතුල්ලලා ගියා කියලා . ගේ වෙන්න වත් බ්‍රහ්මචාරී වෙන්නවත් හිතන්න එපා මනුසයො .,1,sinhala
BPO එකක වැඩ කරන චූ කොල්ලෙක් ඉන්නවා බං හෙණ ජාතකේ දාගෙන. මිනිහෙක් වෙන්න සිංගප්පූරුවටත් පලයන් ඕකේ නොහිට අපේ බැච් වල උන් කලා වගේ,1,sinhala
දැන් කියන්ඩ එපා යකෝ පිස්සුද.වැඩි උනාට පස්සේම කියහන් එතකොට හරි,0,sinhala
පරිපාලනේ උන්ගේ ළමයි සිලබස් එක කවර් කරා කියලා මේ හැත්ත විභාගේ තියන්න යනවා.. ඒ ගොබ්බ හැත්ත දන්නේ නෑ ගම් වල අහිංසක කොල්ලො කෙල්ලො විඳින දුක.. ඉතින් අපේ රට හදන්න පුලුවන්ද අයියේ.,1,sinhala
ඔන්න වරද්ද ගන්න යන්නේ. ඔය වගේ නීති දාලා නම් වැඩ වරදී. වැදගත් ඇඳුමක් ඇඳගෙන වැඩට ආවම හරිනේ.,0,sinhala
වගකීමෙන් තොරව කටට අා පලියට කෙබර කෙළින ටො..ලැට් කටක් ! Neth FM · 4 Nov 2016 ආවා කල්ලිය පසුපස යාපනයේ තැබෑරුම් URL URL,1,sinhala
""" වේසි "" ඔයා වේසි කියල හඟවන්නේ කා හටද? ඒසේ කීම සදාචාරාත්මක නැති බව වැටහෙන්නෙ නැතිද.මේ ඔයාටත්.නංගියෙක් අක්කේ්ක් නැද්ද?ඇයි මේ වගේ ඒවා දාන්නෙ ? අනික කාන්තාවකට මුලින්ම ගරුකරන්න ඉගෙනගන්න. මේ ඇති නේද..අහල අහල එපාවෙලා තියෙන්නෙ",1,sinhala
මගේ එක්ක සිට් එකේ ඉදන් යන එකා හිතන් ඉන්නේ ඌගේ ගැණි එක්ක ඉද ගෙන යනවා කියලද දන්නෑ එන්නෙම ඇගට . එක පාරක් වැලමිටින් ඇන්නා ... දෙවෙනි පාර ඉතිං ඉවසන්නෑ.. මගේ ෆොන් එක දිහා හොරෙන් බලන ගස් ගහන්න හිතයි උස්සලා පොලොවේ නොදකින්,1,sinhala
මේ රටේ මිනිස්සුන්ට ඉන්න හිතෙන රටක් කියලා තඩි බෝර්ඩ් ගස්සවලා කියන්න තරම් පාලකයෝ මීහරක් වෙලා ! ඇත්තටම මේ රටේ ඉන්න හිතෙනවා නම් මොකටද ඒක රටේ මිනිස්සුන්ට ම මතක් කරවන්නේ ? කියන ප්‍රශ්නය ඔය බෝර්ඩ් දකින හැමවෙලේම මට එනවා,0,sinhala
මේ වගේ සීත කාලගුණයකනේ යකෝ ගෑණි එක්ක ගෙදර ඉන්න ඕනේ. රෙද්ද.,1,sinhala
අඩො රමීස් රාජා නාකී කිවුවනේ.,0,sinhala
අර නූඩුල්ස් පැකට් එක ඇතුලෙ එන පොඩි පැකට් එක.. පට්ට රහයි නේ..,0,sinhala
56 බොල 44%ගහනව කොයන්නෙ,0,sinhala
මෛත්‍රී රනිල්ගෙ ගෑණි මිසක් මගේ ගෑණි නෙමේ ඕන එකෙක් මෛත්‍රීට බිම පෙරලන් ගහපන් මට මොකෝ ගහන්න කිව්වෙ නම් සිරිසේනට — feeling angry,0,sinhala
මේ උදේ පාන්දරද බොල දැන් 7 පසුවී විනාඩි 38 ක් අනික මොංගල් මටයැ ඔයයිට නේ,1,sinhala
අනේ සර් ඕක මේ අහින්සක ගොවියට කියල වැඩක් නෑ.කනව නෙමෙයි කවනව කියල කියන්න.රටේ පත් වෙන ආන්ඩුව කෘෂිකාර්මික ප්‍රතිපත්තියක් හැදුවනම් වස ගේන එක නැවැත්තුවනම් ඕක කොන්ට්‍රෝල්නෙ.ස්පීච් දීල වැඩක් නෑ..,0,sinhala
"නෑනෙ පිස්සු හැදුන බල්ලෝ බුරන්නේ නෑ , හපලා යනවා පිටිපස්සෙන් ඇවිල්ලා , ගෙවල් ළඟ පොඩි එකෙක් කෑවා ඌ දන්නේ නෑ හපනකම්ම, ඩෙනිම් කලිසම නිසා බේරුනා",0,sinhala
"වේස බඩුව වගේ නීතිය හා සාමය ඇමතිකම අතින් අත මාරු කරකර ඉඳලා විතරක් මදි. නීතිය හා සාමය රකින්නත් වෙයි. අම්පාර, නුවර ගිනිගත්තා. සුමානෙකට හමාරකට සැරයක් කොළඹ වෙඩි තියනවා. මැති ඇමතිලා නිකං අපි රටේ නෙවෙයි වගේ සන්තෝසෙන් කාලේ ගෙවනවා. ඊයා #lka #StateOfEmergency",1,sinhala
උඹේ කටට බනිස් දාන්න ඕනි! ඇත්ත කතාව!,0,sinhala
කොච්චර ඉංග්‍රීසි පට්ට ෆිල්ම් තිබ්බත්. බයිස්කෝප් එකට ගියාම කෙලින්ම යන්නෙ මලයාලම් Category එකට. Premam සහ තවත් ෆිල්ම් ටිකක් මලයාලම් වලට ඇබ්බැහි කරා ඒ තරම්ම.,0,sinhala
ජ.වි.පෙට ජන්දෙ දෙන උන් වහල්ලු නෙවෙයි .. මොන කරුමයක්ද මුන් විතරයි උගත් බුද්ධිමතුන් ලබ්බෙ රෙද්ද මේවගෙත් ඇවිත් 3% හැත්ත හානව ..අප්පිරියයි ඕකුන් සෙට් එක,1,sinhala
", අනේ පල මෝඩ වෙසිගෙ පුතෝ. තෝ මෙච්චර කල් ගූ කෑවේ රට කාපු පොන්න රනිලගෙ පකෝ",1,sinhala
පාද යාත්‍රාවට බිය වි ඇදේම හුජ්ජ යන සිරිසේනට ශිරාල් රුවන්ගේ වෙබ් පැම්පරය අන්දවයි පාද යාත්‍රාව හමුවේ බියෙන් සලීතව... URL,1,sinhala
දැං ඉතින් මේකේ යුරෝපියන් තින්කස්ලා මෙව්වා ගැන කියද්දී හංදියේ බල්ලෝ සෙට් එකක් පන්නං එද්දී නැට්ට පස්ස පැත්තෙ ගහං බෝක්කු යට රිංගන බැල්ලියෝ වගේ හැංගිලා ඇති,0,sinhala
""" පලයන් *** යන්න.."" ඇමති තෙවරප්පෙරුම ඕඅයිසීට මහ පාර මැද අමු කුණුහරුපයෙන් බැණ වදී.. URL",1,sinhala
අනිවාර්යයෙන්ම රංජා නිදහස් කරනවා. කලබල වෙන්න එපා,0,sinhala
#ගුන් නයිට් #ඩාලින්.. මටත් ගුන් නයිට් කිපන්.. — feeling දොයි,0,sinhala
#SriLanka #News ‘අපට හරියට පස්ස හෝදාගන්නවත් වතුරටිකක් නැති කළේ කවුද?’ | ‘උමාඔය’ හීල්ඔයේ මරණ සහතිකය ලියයි URL,0,sinhala
එහෙම lsls වගකීම බාරගත්ත කීවට ඒ සම්බන්ධයෙන් කිසිම සාක්ෂියක් නැතැයි තවත් මාධ්‍යක ප්‍රකාශ කර ඇත.,0,sinhala
සර්ට ටොක්කක් ඇනල කියන්න තිබ්බෙ සිංහල අවුරුද්දට කලින්. දැන් පරක්කු වැඩිද මන්දා.,0,sinhala
නෑ අයිසෙ මම ඒලෙවල් පටන් ගද්දි ගත්ත එකක් මේ 2011 වගේ,0,sinhala
ෆල ෆල නාකියො තෝ මට වඩා වයසයි,1,sinhala
අචිනි නම් ඔයා තරම් නපුරු වෙන එකක් නෑ නේද ඩාලින්,0,sinhala
"කොනටයි ,පහලටයි යන්න ගිහිං තොපි දෙන්නා හදන්නේ මුලු රවුම් කරගන්න & 2",0,sinhala
"පියුමිලා සනසන්නේ කරන්නේ රටේ ඉහලම පිරිස්ගෙ ලිංගික ආශාවන්! සල්ලිභාගෙ තියන ප්‍රසිද්ධියෙ ඉහලටම ගිය උන්ව සනසනව. අර පොල් කඩන එකාගෙ රජයෙ සේවකයගෙ කම්කරුවගේ ආතල් එක දන්න පාරෙ අයිනෙ හිටං ඉන්න ගෑනුන්ව පොලිසියෙන් ""පල වේසි අප්පට හුකන්ඩ කියල ගහල ජීප් එකට දාගන්නව. ප්‍රසිද්ද වේසියන්ට මැඩම් කියනව",1,sinhala
අර පුක්වැල්ලයට වඩා මුණවිරයට චාන්ස් දිලා බලපව් මි හරක් තේ්රිම් කමිටුව. විලිිලැජ්ජයි යකෝ ලංකාවේ ක්‍රිකට් වලට වෙච්ච දෙයක්,1,sinhala
අපේ බීටීස ආමී එකට එක එක ඒවා කියන්නේ උබලට හරියට දෙයක් කරගන්න පුළුවන් වගේනේ ඉරිසියාකාර කුහක හැත්ත... ඔයාලා ඉන්බොක්ස් එන්න නංගී බොරුවට මුං එක්ක කියවගන්නැතුව අපි කතා කරමු...,1,sinhala
පලයන් හූ බොරු කියන්නෙ නැතුව,1,sinhala
ඔය දෙන්නා එක වල්ලේ පොල්.හැබැයි වෙනස් පුසා ඔයා කලටියක් බෙල්ලා ඔයා පට්ට පොලයක්.,0,sinhala
අනේ මේ හලෝ iraj . තමුසෙ හරියට තමුසෙ කරන එකවත් දන් නැද්ද. කරන එක කරනව දැනගෙන. තමුසෙත් කරන්නෙ මඩ ගැහිල්ලක්.කඩේ යාමක්. තමුසෙ කරන්කොට හොදයි අනිත් මිනිස්සු කරන්කොට නරකයි. ලැජ්ජයි ඕයි.,1,sinhala
ගිම්හානි අක්කා කංකුං කියලා නම දැම්මෙත් ඕක නිසා. කෝ ඒ බැල්ලි බැල්ලි කිව්වාම ගොඩේනේ බිච් කියන්න කිව්වා,1,sinhala
"හරක් හිතාගෙන ඉන්නවාද දන්නේ නැ . මේ රටේ ජිවිත, දේපල අවුරුදු 30 තිස්සේ විනාශ කොරපු #LTTE කොටියා හා උගේ මිලේච්චි හමුදාව හොද වෙලා #SriLanka ජනමාද්‍ය සක්කිලි වීම මේ රටේ බහුතර මිනිසුන් පිළිගනී කියලා. . කරන උබ මොන බන්. හාල්පාරු මිෂනාරියෙක් මිසක්",1,sinhala
මොන නවනිංගිරාවක්ද මේ? කලුතරට පිටින් ආපු කාලකණ්ණි රැලක් කරපු වැඩක්.. කලුතර බෝධිය පහුකරද්දි නැගිටලා වැඳලා පඬුරකුත් දාලා යන අය මෙහේ ඉන්නේ ..,1,sinhala
ඔයා කැමති නම් ඔයා දාන මහා ලොකු අවජාතක මාතෘකා ගැන සන්වාද කරන්න...මම සූදානම් Vikalpa · 23 Feb 2016 ....“බුද්ධ ධර්මය” තම නොපනත්කම් සඳහා මෙවලමක් කරගෙන ඇති වෙස්වලාගත් අයවලුන්ගෙන් නිදහස් කර ගැනීමෙනි. URL #lka,1,sinhala
හොරා- අඩො! නැවතියං මිනිහා- පලයං බං හො- කියනදේ අහපං මෙක පත්තු වෙනවා මී- පලයන් හු*%$ යන්න අපේ ගෑනි කෑ ගහනව ගෙදර... URL,1,sinhala
අඩො උබෙද වෙඩිම,0,sinhala
"මේක කියවන්න එපා !!! මේක කියවන්න එපා බං, කිවුවහම අහපන් කියවන්න එපා, නවත්තපන් යකෝ කියවන එක, උඹට සිංහල තේරෙන්නේ නැද්ද, මේක කියවන්න එපා කිවුවහම, ඔය ඉතිම් තාම කියවනවා, තේරුමක් නෑ මේක කියවලා නවත්තපන් ඕක. අපරාදේ උඹේ වෙලාව.",0,sinhala
"මැරෙන මිනිස්සුන්ගෙ ජීවිත දිහා බලද්දි, සසර කලකිරෙනවා,ගෝලිය වසන්ගතයක් කිය කියා දෙශපාලුවො රට අරින්න කියනවා, ගෝලිය වසන්ගතය රටෙ වසන්ගතයක් කරලා අපි ආදරය කරන හැම කෙනාම දවසින් දවස නැති වෙනවා. මගෙ නම් මතය මෙකට වත්මන් රජය වග කිව යුතුයි.",0,sinhala
තමුසෙ කියන්නෙ තමුන්නාන්සේ කියන එකෙ ශොට් ෆෝම් එක නෙවෙයිද නාරාහේන්පිට පීටර් · 11 Jun 2021 මම තමුසෙට තමුසෙ කීවට තමුසෙට මට තමුසෙ කියන්න බෑ,1,sinhala
එහෙමද? ඒකත් එහෙනම් නරියාටම දුන්නා.,0,sinhala
ඇය වැයේ මහිංද හොයන වුන් ටිකකට කලිසම අස්සෙ බලහං. බිජ්ජ තියනවද ? නෑ නේ ? උඹෙ මෑනියන්ට කියන්න ඔය ගව ආශ්‍රිත කර්මාණ්තය ඇති කියල.,1,sinhala
"වම්පස තියෙන්නේ කව්රුත් දන්නා මැයි මල . දකුණු පස වර්ණයෙන් රතුපාට උනාට ඒක මැයි මල් නෙමේ , ඒ තමයි African Tulip කියන මල් වර්ගය . මේකට අපේ අය Forest Fire චු මල හුජ්ජ මල් හුජ්ජ බොකු වගේ නම් වලිනුත් හදුන්වනවා ඇයි මේ මල්වලට එහෙම කියන්නේ ?(1/2)",1,sinhala
#නොදකින් මොන මගුලකටද මුන් ගියෙ.....,1,sinhala
ඇයි ඔයා එල හරකා තලප වලට යොගට් කියන්නේ,0,sinhala
"එම ""කැරි"" ප්‍රාණවාචී කිරීමෙ ""කැරියා"" යබ කුනුහරපය හටගනී... (4)ලිංගිකත්වය ආශ්‍රිත රැකියා මුල්කරගෙනද කුනුහරප හටගනී... ගණිකාව,වෛශ්‍යාව=වේසි,බඩුව (5)ඉහත දැක්වූ මූලික කුනුහරප දෙකක් එක්වීමෙන් නව කුනුහරප හටගනී... වේස හුත්තා වේස හුත්තී පොන්න පකයා පොන්න කැරියා කැරි පොන්නයා පොන්න පකයා",1,sinhala
ඒකි: අඩෝ දන්සැල් වඳින්න යන්ද? මං: මං මේ මඤ්ඤොක්ක දන්සැලක් වඳින ගමං රීගල් එක ගාව. ගවුමක් දීල තොපේ ගර්ල්ස් හොස්ටල් එකේ මාව තියාගන්නව නම් යං ඒකි: ගවුමක් ඕන් නෑ කලිසන් කොටයක් ඇන්දුවා නම් හරි.. මං: හරියන් නෑ බං මං... URL,0,sinhala
ගෝපිගෙ වද පුංචි අම්මගෙ දුවව සෙට් කරන්න යන්නෙ බොට.. ඉතිං ඒකි පොඩ්ඩක් කහගත්තම මක් වෙනවද..?,0,sinhala
"නෙදකින්, මේ වගේ පොන්න නායකයෝ මේ රට පාලනය කරන කාලෙම අපිටත් ඉන්න උනානේ. කොහොමද අන්තවාදී බල්ලොන්ට, තියන බය, දෙන සැලකිල්ල ? #lka Dinuk · 28 May 2019 නැගෙනහිර පළාත් ආණ්ඩුකාර එම්.එල්.ඒ.එම් හිස්බුල්ලා ත්‍රිකුණාමලය,මඩකලපුව හා අම්පාර යන දිස්ත්‍රික්කයන්හි දිස්ත්‍රික් සම්බන්ධිකරණ කමිටුවල සම සභාපතිවරයා ලෙස ජනාධිපති මෛත්‍රිපාල සිරිසේන මහතා විසින් පත්කරණු ලැබ තිබෙනවා. #SriLanka #lka",1,sinhala
"ගෑනු වෙච්ච අපි ගැන දෙයක් කතා කරොත් ඒ ඇටෙන්ෂන් එක ගන්න කතා නොකරොත් ගැනු, ගැනු තියෙන කුහකකම පිරිමියෙක්ට වැරැද්දක් කිවුවොත් ෆෙමිනිස්ට් කියන හැම දේටම “ඔව් අනේ, හා” කිවුවොත් බඩුව.. සන්තෝසයි Good night",0,sinhala
ස්පයිඩර් මෑන් ෆිල්ම් එක බලන්න යන්න එකෙක් නෑ.. තනියම ෆිල්ම් බලන්න ගිහින් පුරුදුත් නෑ.. නොදකින් යාලුවො කියල හැතිකරයක් ඉන්නව වැඩක් නැ. මුන් මම මලත් මගේ මල ගෙදරවත් එන එකක් නෑ..,1,sinhala
ටුවිටරේ ඉන්නවා ලංකාවේ ඉන්න ලොකුම ජාතිවාදී වෛරස කීපයක්. උන් හැමදාම ඇහරිලා මැදදී කෙල කරනවා වගේම නැති ප්‍රශ්න ඇති කරලා දානවා. ඉතින් උන්ටම හරියන දේශපාලුවෝ ටිකක් ඉන්නවා රටක් පිලිවලට යද්දී ගිනිතියලා විනාශ කරන්න උපන් හපන් වේස බල්ලෝ ටිකක්.,1,sinhala
"buhahaha, දැන් පලයන් කියන්නෙ නෑ, මොකද කියන්නෙ 2 player ගහමුද අහනවා",0,sinhala
කටුස්ට කියලා කේක් එකක් හදා ගන්න ලොකු වුවමනාවක් තියෙනවා ඒත් ඉතින් හෙන දුරකනෙ ඉන්නේ,0,sinhala
ජංගි මහණ මාධ්‍ය ආයතනය.... නොදකින් මිනිස්සු රවටන හැටි....,1,sinhala
රෑට කොළබ කොඩි ගහ යට හුජ්ජ කරන සීන් දීගෙන හිටිය උන් අන්න හයිවේ බස් පෝලිමේ කොලබ වේලෙනවා . අද තමා ඇත්ත කොළබ උන් බලා ගන්න පුලුවන්,1,sinhala
අැවිත් සැප ඉල්ලා වැලපෙයිද?,0,sinhala
අතටම ආපු දේවල් කටට දා ගන්න බැරුව ගියහම තියන දුක අම්මපා,0,sinhala
උබ වගේ ගොන් හරකෙක් යකෝ මෝඩ මූසලයෙක්.....,1,sinhala
පෝය දවසේ සිල් බිදින්න යන්නේ තෝ -_-,0,sinhala
උදේ පාන්දරට දකින්න හොදම නැති දෙයක් මට..බලුපැටව් හතර දෙනෙක් හන්දියට ගෙනත් දාලා මම ටවුන් එකට යනකොට දැක්කෙ එනකොට එක පැටියෙක්ව හැප්පිලා...ඇයි යකුනේ එහෙම අවජාතක වැඩ කරන්නේ..,1,sinhala
අහෝ මා වීඩියෝ කරගත්තා නම්.. ඌ ඇවිදින කැත ඔබට පෙන්වන්නට තිබුනා..,1,sinhala
මාත් එක්ක ආපු යාලුවගෙනුත් පෙරේදා ඇහුවා ඔහොම හිරු එකෙන්... ඌ මයික් එක අරන් කිව්වා මං දන්න මගුලක් නෑ බං ඔය නාකි බුවෙක්ගෙන් අහපන් කියයි කියලා D A N I E · 21 Sep 2019 උදේ හිරු tv එකේ බුවෙක් මයික් එක දික් කරලා Strike එක ගැන ඇහුවා හවස යූ ටියුබර් බුවෙක් මයික් එක දික් කරලා සැම්සුන්ග් පෝන් එක ගැන ඇහුවා,1,sinhala
සමහර අවස්ථාවන්හිදී වරදකරුවන්ට නීතියෙන් ගැලවීමට හැකි නමුත් අනිවාර්යෙන්ම සොබා ධර්මය විනිශ්චයට මුහුණ දීමට සිදුවනු ඇත,0,sinhala
අජිත් පොන්න ජයසිංහ වෙත ලිපියක්: පහත පළ වන්නේ අපගේ පාඨකයකු විසින් මෙම බ්ලොගයේ ම පළ කරන ලද නිර්නාමික අදහසකි. එ... URL,1,sinhala
කව්ද මචං දුමින්ද කියන්නේ ? බූරුවෙක්ද,1,sinhala
"දැං මේකට ගොටුකොළ පොන්නයෝ කමෙන්ට් කරයි බය නැතුව කන්න කාබනික පොහොර දාලා හදලා කියලා , යකෝ වම්බටු කොටුවෙන් කඩලා තමා පනුවෝ එළියට එන්නේ නැති වෙන්න තෙල් ගහන්නේ, පණුවෝ එළියට ආවා නම් ඔව්වා විකුණන්න වෙන්නේ නෑ",1,sinhala
ඇයි බන් මේකෙන් රැකියාත් උත්පාදනය වෙනවනේ. මල්ලී අන්න පලයන් උබලගේ ආන්ඩුවෙන් රස්සාවල් හදලා,0,sinhala
දවල්ට කාපු වෙලාවෙ ඉඳල පට්ට නිදිමතයි,0,sinhala
හිඟන හැත්ත නෙට්ෆ්ලික්ස් පැකේජ් ප්‍රමෝට් කරන්නැතුව රෙස්ට්‍රික්ශන් නැතුව හරිහමං පැකේජ් එකක් දෙනවකෝ. එන්ටටේන්මන්ට් ද මොනවද ඒකේන් කරන්නේ කියලා අපි බලාගන්නං,1,sinhala
මැදියම් නෙමේ දැන්ම පටන් ගෙන,0,sinhala
27 others දැන් මල්ලී හොදා කලින් වගේ ආවානම් ඉවරයි. පිස්සු හොඳටම වැඩි වෙලා ටුවිටරෙත් පොලේ ගහලා යන්නේ.,0,sinhala
it's me මැට්ට වගේ ආදරේ කලේ.. it's me එල හරකා වාගේ සීරියස් වුණේ it's me රෝමියෝ වෙන්න දැඟලුවේ it's me අද මෝඩයා වෙලානේ නැවතුනේ. #Sajje,0,sinhala
"ඔවු තොට ,කෑල්ලක්සෙට් වෙන්නම එපා,සෙට් වෙලා ඉන්න එකිත් පිටම පලයන්",1,sinhala
මානසික ලෙඩ්ඩු වුනත් මෙහෙම කරන්නේ නෑ... තියන සක්කිලි කම.. ඕකුන්ට වැහි නැති හෙන ගහන්න ඕනා,1,sinhala
මේ දෙගොල්ලො තෝරගන්න එකත් ටිකක් අමාරු වැඩක්...,0,sinhala
"""කොරෝනා මරණ සහ පීරිස්ගේ මල් ශාලාව"" කතාව කියෙව්වා. කල කිරෙනවා ඕයි. ජිවත් වෙලා ඉන්න කන් මේ රටේ මිනිස්සුන්ට වෙන්නේ අසාධාරණය. එහෙම හිටපු මිනිස්සුන්ට පොඩි හරි සාදාරණයක් වුනේ තමන්ගේ මරණය. හැබැයි දැන් මරණ ඊට වඩා පට්ට අසාදාරණ වෙලා. ඒ කියන්නේ මේ රටේ තවත් පිරිහෙන්න දෙයක් නෑ.මේ තමයි උපරිමේ.",0,sinhala
"තොපි කරන ලබ්බකුත් නෑ.. වක්කඩවල් ටික වගේ කටවල් ටික කියව කියව ඉන්නවා... pradeep srimal · 4 Sep 2021 කොරොනා 28ක් තිබුනම රට වහන්න ඕනද කියලනේ එදා ඇහුවේ... ඒ උද්දච්ච, උඩඟු අහංකාර බවේ ප්‍රතිඵල තමයි අද රටම භුක්ති විඳින්නේ...",1,sinhala
මේකෙ Admin පොන්නය දැනගන්න ඕනේ මේ කරන මෝඩ වැඩ වලින් කැත වෙන්නෙ උන්ගෙ පක්ශෙයි යි කියලා,1,sinhala
.පුක 2.පකයා 3.කිම්බ .4.බඩුව 5.වලත්තයා 6.හුත්තහරිද මන්ද,1,sinhala
තනියෙන් කිසි දෙයක් කරන්නේ නෑනේ උන්. තමන් යාළු වෙලා ඉන්න එකා තමන්ව හැමදාම බලාගනියි කියලා විශ්වාසෙට ඒ කරන්නෙ.. ඒක එක විදියක මෝඩ කමක්.. එහෙම විශ්වාස කරපු කෙල්ලගෙ ෆොටෝ වටේ යවන එකා පොන්නයෙක් තනිකරම.. අන්තිමට ගෑණිගේ වැරැද්ද කියන්න එපා ඒවට...,1,sinhala
-සුදු පැටියෝ -ඇයි ඒයි -කවද්ද ඔවා මාව බඳින්නේ -මං ඔවාව බඳින්නේ නෑ මොකද මනුස්ස්යෝ ඒ -මට බයයි -ඇයි අනේ -දැන්ම ඔයා පුදුම වදයක් දෙන්නෙ මට මහ රෑට ඒම මේම කරන්න කියලා.බැන්දම මාසෙටම අර දවස් දෙක තුනක් හැර කවදාවත් නිදාගන්න නැති වේවී -මැරියන් තෝ,0,sinhala
මැටි හරක්ට රටේ පාලනය බාර දුන්නාම එහෙම තමයි වෙන්නෙ.,1,sinhala
"ඇත්තම කියනවනම් බං, සිංහල අපි උඹ ගැන ආඩම්බර වෙන්න ඕනේ උඹ සිංහලෙන් ට්වීට් කරන එකට.. You have my respect bro..",0,sinhala
Oh really? එළ එළ! මං උන්ගෙ talent එකනම් අගයකරනවා. ඒ වුණාට උන්ගෙ වැඩ වලට එච්චර කැමති නෑ. #හැත්ත අපේ රටට විරුද්ධ වුණා,1,sinhala
නටන්නට බැරි වුනාම පොළොව ඇදයි වගේ කතාවක් නේ ඕක ... ඉන්දියන් batters ලාට බෝල වැටෙන විදිහ තේරුම් ගන්න අමාරු වෙලා තියෙන්නේ ... හිත හදාගන්න ඔහොම හරි කියන්න වෙනවා #lka #Cricket,0,sinhala
"ලැජ්ජයි, මූ කොඩිය කටේ දාගෙන ඉන්නවා. අපේ ලොක්කො දැක්කෙ නැහැ වගේ ඉන්නවා. දුන්න චන්දෙත් අපරාදෙ.....",0,sinhala
බෝතල් ගොඩක් කුඩුකරලා මේ දැනුත් පේමන්ට් වල කොටුවේ..කබ්බ දාල හුජ්ජ කරලා ගන්න දෙයක් නෑ පේමන්‍ට් එක..,1,sinhala
"අපිට තමයි බබා, පැටියො, ඩාලින් කියන්න මොකෙක්වත් නැත්තෙ..",0,sinhala
", හුක. ඒවන්නන් එහෙනම්. සමා වෙන්න කට්ටියට. ෂුවර් නැහැ හැබැයි. උඹලා ටික තමයි මුලින් දැන ගන්නේ.",1,sinhala
පුළුවන් නම් අපි ගැන කතා කරන්න... Nuran Sandika · 21 Dec 2020 URL,0,sinhala
පට්ට නිදහස් ඈ සිරාවට RaNiYa · 11 Jan 2021 බැඳීම් වලින් නිදහස් වෙන්න බ්ලොක් කරන්න,0,sinhala
සක්කිලි ජෙප්පන්ටයි පරගැති යුඑන්පි න් ටයි නින්ද යන්නේ ඔය සිරසේ කියන පච පිරිත් වගේ ඇහුණාම තමයි ...,1,sinhala
හයේ එකක් ඇරෝ... විකට් එක්ක දෙන්න නෙවෙයි බොල කිව්වේ. #SLvIND #TweepsMatchOut,0,sinhala
නෙද්දකින් තෝ නම්.මං දන්නවා බොල ඒක,1,sinhala
හා..කෝ වරෙල්ල බලන්න මේ සක්කිලි දෙමල බැල්ලි වෙනුවෙන් කඩේ ගියපු අවජාතක නමට සිංහල කොටි ටික..මූන බලාගන්න URL,1,sinhala
ඊයෙ හොල්මං වලට බය කෙල්ලෙක්ට යැව්ව හොල්මං ෆොටොඑකක්.. අනිත් පැත්තට ඒකි කෝල් කරල බැන්න සුක්කා ආයූ මෑස් වට් ඉස් දිස් නොන්සන්ස් බ්ල බ්ලා බ්ලා,0,sinhala
මුන්ට මේක දියුනු කරන විදිහ දන්නෙ නෑ මුන්ගෙ වාසියට කරන්න ඕන මොනවද කියලා නම් හොදට දන්නවා.. මේවා රට වැසියන්ගෙ කරුම .. කරුම කියන ඒවා ගෙවලා ඉවර කරනවා ඇරෙන්න වෙන දෙයක් නෑ කියලා ඉන්න සිද්ද වෙලා තියෙන්නෙ,0,sinhala
"“ඔයා හරිම හොද කෙනෙක්” “තමුසෙ වගේ ජරා මිනිහෙක් මන් ජීවිතේට දැකල නෑ ඕයි, තමුසෙ මැරිලවත් යන්නෙ නෑනෙ.” #CoupleGoalsSL",1,sinhala
ජයෙන් ජය ශ්‍රී ලංකාවේ හෙළයින්ට....,0,sinhala
"#srilanka #lka #personality #badpoliticalculture #සතිදෙකෙන් අල්ලලා, #ඇටදෙකෙන් එල්ලන්ට, හිටපු පට්ට හොරා, #වැඩකොරනඅපේවිරුවට බණ කියනවා...!!!! අපි කොච්චර කරුමක්කාරයෝ ද..???? .රට ලස්සන කොරන්ට තීන්ත උලපු මල්ලිලාට සතුටු ද..?? . ගේ කටේ මසුරන් දාන්ට ඕනි නැද්ද..???",0,sinhala
මේ පොන්සි අාණ්ඩුව....හුජ්ජ කොටින්ට බයයි ! ප/ලි ඔන්න කෙටියෙන්ම....සරළව කිව්වා ! lanka C news · 21 Feb 2018 කියන්නෙ එහෙමයි.. කරන්නෙ මෙහෙමයි.. ලන්ඩන් කොටින්නට මර බිය ඇතිකල ලක් විරුවා ආපසු කැදවයි.. අද ශ‍්‍රී ලංකාවට.. URL,1,sinhala
අන්තඃ පුරයක්ම ඉන්නව බොල ඒකිට බන්ස් | BΛNZ · 10 Aug 2016 මට නුඹ විතරක් උනාට නුඹට ඉන්නේ මන් විතරද.....,0,sinhala
එල එල... දැන්වත් පාරේ වාහන ටිකක් අඩු වේවා !!! අඩො අර FIT එකේ එන්ජින් එකට බොඩිය පුම්බලා ගහපු SUV කියන අර වාහනේ... URL,0,sinhala
ඔය සැකය පක්ෂය ඇතුලේ ඉඳගෙන මරාගෙන මැරෙන බෝම්බ ගහන්න ප්ලෑන් කරපු ඊබ්‍රහිම් නාන ගැනත් තිබුනානම්..,0,sinhala
"පකෝ මාර්ටීනස්, මට බෑග් එකක් දීපන්.",1,sinhala
අවුරුදු 30ක් කියන්නේ උවමනාවටත් වඩා කාලයක් මේ රට දියුනු කරන්න. රට කාබාසිනියා කරන කාලකණ්ණි මරි මෝඩ උන් නැත්තන් අපූරුවට මේ රට හදන්න පුලුවන්. එකම සිද්ධිය ඉතින් රටේ දේවල් එක එකාට විකුණනකොට රටට ඕනම මර්මස්ථාන අපේම පාලනයේ තියේද කියන එක. Nandana නන්දන · 23 Oct 2021 අවංකවම කියන්න බලන්න ඊළඟ අවුරුදු 30 ඇතුළත ශ්‍රී ලංකාව දියුණු / ශක්තිමත් ආර්ථිකයක් ඇති රටක් බවට පත් වෙයිද? Show this poll,1,sinhala
හෙටින් පසු පිස්සා වගේ ඉන්නවා #2020hopes,0,sinhala
එච්චරයි රටට අඩු වෙලා තියෙන්නේ.. නම විතරයි.. නම වෙනස් කරාම අබනිත් ඔක්කම සාර්ථයි.. හොරුන්ට දුශකයොන්ට පන්දම් අල්ලන ආගමික නායකයෝ තමා මෙවාට වැරදි,0,sinhala
වම් ඇහැ නටනව කියල කෑල්ල කිවුව. එයා කියල තිබ්බ වම් ඇහැ නැටුවොත් ශුවර් එකටම අඬන්න වෙනව කියල. ඔයාල ඒක විශ්වාස... URL,0,sinhala
", විස්ව හැන්දෑවට ගල් සෝට ගහන් බීච් එකට බැහැපන් සල්ලි තියන නාකි සුද්දියක් සෙට් උනොත් මිලියන පහලව මොනාද ?",0,sinhala
එක්වෙන්න.. අපේ පන්ති සටන රැක ගන්න... ආවත් නැතත් ස්ට්‍රයික් කරලා දිනයිනේ. මං හරකා වික්කා,0,sinhala
", තෝ පලකෝ",1,sinhala
ශරියා නීතිය යටතේ විවාහ වන අඩුවයස් දියණියන් ගෙන් ඔවුන්ගේ අද්දැකීම් විමසුවොත් ඇගේ කඳුළු කතාව දැනගන්න පුළුවන්. ඔය ගෑණු දරුවා අනාගතයේ දී අනිවාර්යයෙන්ම පසු තැවෙයි... ආදරය යනු ඉවසීමෙන් කටයුතු කල යුත්තක් බව ඇය දිනෙක තේරුම් ගනීවි. එදිනට ඇය තම කුසෙන් උපන් දරුවාට ද සාප කරාවි.,0,sinhala
මුගේ කටට රීල චුවලින් පරෂ් කරන්න හිතෙනවා පකයෝ තෝ හිතන් ඉන්නේ අම්මට බැන්නම ලොකු පොරක් කියලද,1,sinhala
බිජ්ජ මම හිතුවේ කෙස්ගස් කියන්නේ අවයවයක් කියලා.,1,sinhala
සක්කිලි කම යවන්න බැ නේ Shilitha · 20 Mar 2021 තමන්ගේ රටේ ජාතික කොඩියේ ඉන්න සිංහයට ම හිනාවෙන / පොස්ට් හදලා වැඩ්ඩො වෙන්න යන ගොබ්බ හැත්තක් ඉන්නව කියන්නේ රටට කොහොම ගෞරවයක් ලැබෙන්නද නදෝමකින් තොපි,1,sinhala
තඩි එක නෙවෙයි බොල -_-,0,sinhala
අපි ඉස්සර දුන්න ආතල් දැක්කනං උඹ පැලිල මැරිල මෙලහට,0,sinhala
මේ ටියුෂන් කරන්න අලුතෙන් එන කාලකණ්ණි ටික පොඩි උන්ගෙ ඔලු කනව. දෙමාපියන් වැරදියි මුන්ගෙ පංති යවනවට,1,sinhala
දැන් වයසයි තෝ මේව අස්සේ රිංගලා පැල කන්නැතුව පන්සල් ගිහිල්ලා පිනක් දහමක් කරගනින්,1,sinhala
රෙද්ද. දං සැපද ?????.,0,sinhala
"අයිසෙ ස්ලෑස්, තමුසෙ තායි බඩු ගහද්දි අපිට මසා එකක්වත් සෙට්කරනවකො",1,sinhala
කපනව ඩෝ බිජ්ජ,1,sinhala
හොය හොය ඉන්න දෙයක් නෑ .නීතියෙන් දඩුවම් ලබා දිය යුතුයි ..,0,sinhala
කොහොමවත් නෑ.. මම දන්නවනෙ ඒකිගෙ තොට තියෙන ආදරේ..,0,sinhala
නීතියේ ආධිපත්‍යය කොතනද.? රටේ නීතිය මෙපමණ හෑල්ලුවට ලක් කළ හැකි ද.?,0,sinhala
", තෝ වගේ එලොවටත් මෙලොවටත් නැති දේශද්‍රෝහී පොන්නයෙක්ව ජාතක කරාට වඩා හොදයි ඛේමගෙ මිනිහා සරමේ පිහිදගත්තා නම්..සක්කිලියා..තොට වෙන දේ තොටවත් හිතාගන්න බැරි වෙයි.. තිරිසනා",1,sinhala
නමක් තිබ්බෙ නෑ අම්ම පොලෙන් අරං දුන්නෙ,0,sinhala
"11/2019 #SriLanka Polls Alert: #tamil Homeland concept emerges URL ඔන්න අපි එහෙම නෙමෙයි කියන්නේ. රනියයි, සජියයි, මුස්ලිම් සෙට් එකයි කොරපු වැඩෙන් ලකුණු ලැබුනේ කාටද කියලා බලපල්ලා. තොපි කතිරේ දීලා තියෙන්නේ මේ රට කොටියට දෙන්න නොවේද ? ලජ්ජා වෙයල්ලා උඹලා",1,sinhala
මගේ වයසෙ අනිත් එවුන් පැය 24ම වට්සැප් ඉද්දී ට්විටර් එකට වෙලා පිස්සු කෙලින මම,0,sinhala
බිජ්ජ අහු උනා සිපර් එකට,1,sinhala
ෆේස් බුක් එකේ ෆේක් මේකට ගෙනාපු උන්ට හෙන ගහන්නොනි..මටවත් පාරේ බැහැලා යන්න බෑ..,1,sinhala
වෙලාවට කලාම ඇති.. නාකි අය අවුස්සගෙන බෑ..,0,sinhala
ඇට දෙක රිදෙනවා යකෝ ඉන්න බෑ 󾌿󾌹,0,sinhala
නිවන් සුව අත් වේවා,0,sinhala
අම්ම විනාඩි 5න් 5ට ඇවිල්ල පොත කියවනවද කියල බලනව ඒක නිසා බොරුවට පොත දිහා බලාගෙන ඉන්නවා,0,sinhala
හුත්තෝ හම හුත්තම රිට්වීට් කරන්න එපා පකෝ.,1,sinhala
මට කියන්නකො කෞද පොලිසියට ගරු කරන්නෙ කියල? ගරු කරන්න පුලුවන් චරිතද එතන ඉන්නෙ? නැත්තෙ නෑ. 100ක් ගත්තොත් 3ක් නැත්නම් 4ක් වගේ ඉන්නො පොලිසිය කියන නම හරි රකින. මනුස්සයෙක්ට කතා කරන්නවත් දන්නෙ නෑ අඩුම. වැඩක් කරගන්න ගියාම උන්ගෙ මාර ඝනකම. නොදකින් උන් නම් කාලකණ්නි.,1,sinhala
", තෝ හිතං ඉන්නෙ 18 කෑල්ල කියලද. බොටත් දැන් 29ක්ද කොහෙද නේද.",1,sinhala
බැන්දොත් බඳින්නෙ ඩේසිය වගේ නාකි.වෙන්න වෙන්න කෑල්ල කෑල්ල වගේ වෙන කෙල්ලෙක්,1,sinhala
", තොට නැද්ද යකෝ මොකක්ද අහන්නෙ",0,sinhala
අම්මගේ රෙද්දේ වෙලාවක් නේ යකෝ ඒක Miss Curly · 13 Sep 2021 එහෙම තමා වෙලාවට වැඩ කරන්න ඔනී,1,sinhala
"හොරු මිනීමරුවෝ පාර්ලිමේන්තු යන්නේ මෙන්න මේ වගේ වහල්ලු නිසා. හැම පක්ෂෙම ඉන්නවා අම්ම, දරුවා, බිරිද දූෂණය කලත් පක්ෂය නිසා ඒ මිනිහට චන්දෙ දෙන තරමේ වහල් මානසිකත්වයක් තියෙන පුද්ගලයෝ. ලංකාවට කෙල වෙලා තියෙන එක අහන්නත් දෙයක්ද. ඕනෙම කෙනෙකුට චන්දෙ දෙන්න ඒ මනුස්සයගේ වාසගම බලල නෙමෙයි වැඩ බලල",0,sinhala
"කිව්ව දේවල් ඇත්ත වෙන්න වැඩි වෙලාවක් ගියේ නෑ. මොන කුඹුරේ දැම්මත් හරකා උම්බෑ කියනවමයි. Sahan Kaseera · 28 Dec 2019 අගමික සංකල්පයයි , ආගමික නිකායයි නොදන්න ගොබ්බ හරකෙක් රිච්මන්ඩ් හංවඩුව ගහගෙන තප්පුලනවා. උඹලා ඔය ඉස්කෝල වල පිළිකන්නේවත් ඉගෙනගත්තා නම් අනික් උන්ට සදාචාරෙයි , අම්මගේ රෙද්දයි උගන්නන්න කලින් තමන් හැදිලා ඉන්නවා. මුලින්ම තමන් ලියපු එක කියවලා වර බැල්ලිගේ පුතා",1,sinhala
"කාලයක් අපි හොදම යාලුවො..මටනම් තාමත් එහෙමයී..එයාටත් එහෙමම ඇති.ඒත් දැන් ඒ මෝඩයා මැසේජ් එකක්වත් දාන්නෙ නෑ.මේ දවස් ටිකේ මැසේජ් නොදාන්න හේතුව මං දන්නවා.ඒත් ඇයි අනිත් අය එක්ක චැට් කරලා මාවම කොන් කලේ..ඒකයි හිතට අවුල.මේක බලයි එයා.""හිතට අවුල් මෝඩයෝ මගේ හොදම යාලුවෙක්නෙ තමුසෙ.""",0,sinhala
අන්තිමට අපි ගොනා වෙනෝ විතරයි,0,sinhala
අපිටනම් තේරෙනවා මොකාටද එන්න යන්නේ කියලා....,0,sinhala
අම්ම බනිනව කන්න කියල. නැත්නම් දැන්ම කන්නෙත් නෑ,0,sinhala
මචං ඔය ෆේස් ඇප් බුදුහාමුදුරුවන් කාලෙත් තිබුනා..ඒත් ඒකාලේ උන්ට ඒවයේ අගයක් තිබුන්නෑනේ.. අනෙප් පල බොරු නොකිය..පෝන් ආවෙත් නමසිය ගනන් වල නේ.. ආ..අර රූපං ජීරති මහා අභිනයෙන් ගෑනි මේම මේම නාකි කරලා පේනනුවේ මොකෙන්ද කිහාන් බලන්න එහෙනම්?,0,sinhala
MCC කුණු බක්කියට දානව කියල නේ කිව්වේ.. මොකෝ මුන් ඈබරෙන්නේ..,0,sinhala
අයේ හැරිලා පලයන් චෙන්නායී,1,sinhala
ඇටේ කටේ දා ගන්නකන් හිටපන් හු.........තෝ Use & like URL - අගලවත්ත අපි URL,1,sinhala
උඹ මොන තරම් ආදරය කලත් එයාගෙ හිතේ උඹ ගැන ආදරයක් නෑ කියල දැනෙනවා නම් උඹට වඩා එයා වෙන කෙනෙක් ගැන වද වෙනවා කියල දැන දැනත් එයාව තියා ගන්න එපා උඹට ආදරයක් නැතිනම් කොච්චර දුකකින් උනත් යන්න හදනව නම් යන්න දීපන් ඒ දේ අතහැරපන්,0,sinhala
අවජාතක බල්ලො. තොපි හිතන් ඉන්නෙ මේක මාකට් එකක් කියලද කයිවාරු ගහන්නෙ. මං මෙතන පරිවර්තන ලියනවා තොපි කියවනවා :P,1,sinhala
තනි වුනු ඇයයි . අසරණ ඔබයි මට සාප කර යාවිදෝ #sajje,0,sinhala
පොලිසිය ඔයා කොහෙද ඉන්නේ,0,sinhala
යකෝ සල්ලි ගහෙන් කඩන් නෑ මම #SrilankanParentsAdvice,0,sinhala
"“ඈත ගම් වලින් ආව අය අපි ගෙදර යනවට කැමති නෑ.. හදිස්සියක් උනත් සමහරු නෝට් එකක් දෙන්නෙ නෑ. කොමන් එක කියල, හැමෝම එක පන්තියේ කියල මෝඩ ආතල් ගත්තට හෙන කුහකයො ඉන්නෙ මේකේ..” වෙන කාගෙවත් නෙවෙයි, මගේම ලේ නෑයෙක් කියපු කතාවක් මේ. අනේ ඉතින් තොපෙ රෙද්දස්සෙ අරගලේ",1,sinhala
කොටි නැගිටිනෝ තොපිට පේන් නැද්ද? *ත්ත තෝ කියන්නෙ මට වැඩ ඔක්කොම දාල ගිහින් කොටි වාඩි කරවන්න කියලද? අනෙ නිකං වැඩබ් බලාගනින් බං..,1,sinhala
සමහර කරුම තියෙනවා ගෙවන්න ඔනෙ ඒවා අතට අවත් කටේ දාගන්නේ නෑ අහක යන එක දිහා හූල්ල හූල ඉදලා අංජන අයියේ කෑල්ලක් ටෝක් කරමුකෝ කියන,0,sinhala
මේතාමත් බූදූ බණ ඇහෙන කාලයක් අබූද්දස්ස කාලයක් නෙමෙයි. මූන්ට වැඩිහිටියෝ කන් පිරෙන්න කියන්න ඕනේ. අනික් ගෑණි රුකගන්න බැරි උන්ට හිර නොදන්න බලාගන්න ඕනේ,0,sinhala
මේ ලබ්බ බින්ද ටෙස්ට් මැච් එක පෙන්නන්නෑ,1,sinhala
"රාලහාමි : කියාපිය , තෝ වලහා නේද ?, හාවා : නෑ මාත්තියා , මම ආවා(හාවා) . රාලහාමි : ඒකට කමක් නෑ කියාපිය කැ#*- තෝ වලහා කියලා, නැත්තං තොට ගහලා මරනවා දැනගං . තෝ හාවා නෙවෙයි තෝ වලහා.. දැන් තොගෙ කටින්ම කියන්න ඕනෙ තෝ වලහෙක් කියලා.",0,sinhala
තලේමන්නාරම් - මඩු දුම්රිය ධාවනය ඇරඹෙයි: තලේමන්නාරම් තොට සිට මඩු දක්වා ප්‍රතිසංස්කරණය කරන ලද ... URL #lka,0,sinhala
දන් ඉතින් අයිතිකාරයා ඇවිල්ල කෑලි ටික අහුලගෙන පලයන්,0,sinhala
"අනේ යකෝ,ලංකාවේ පොතක් පත්තරයක්වත් කියවන්නේ නැද්ද යකෝ ?ඔය තෝ කියන විදිහට ඇමරිකාවට කඩේ ගිහින් උන් එක්ක හිටපු උන් යුදෙදේ නවත්තන්න ප්‍රභාකරන් ළඟටම කී පාරක් ගියාද ?ගෙවල් වල ඉන්න වැඩිහිටියෙක් ගෙන් අහපංකෝ ලලිත් ඇතුලත්මුදලි ගැන එහෙම,පරගැති හැත්ත කරේ යුද්ධය ඉවර කරන්න හදනකොටම නවත්තපු එක",1,sinhala
අන්න යාපනේ පැත්තෙ සිරාගේ රෙද්දේ සහජීවනේ රෙද්ද පල්ලෙන් බේරෙනවා #lka,1,sinhala
දවසකට සීය පැනලා කොරෝනා මරණ වාර්තා වෙන රටේ නෙ යකෝ අපි මේ පයියක දිගක් අල්ලන් නටන්නෙ. (මමද ඇතුළුව. ) අර මරණ කීයක්ද ඇති එකෙක් පැණි කනවා වගේ තමයි මනුස්සයින්ගෙ වැඩ අම්මපා.,1,sinhala
", කාටද තෝ පල කියන්නෙ",1,sinhala
"ඇත්තටම ගමේ චන්ඩි වගේ තමා, ගමේ හන්දියේ සරම උස්සගෙන ගෙම්බර් දාන්නේ, ගමෙන් එළියට ගියාම මීක් කියන්නේ නෑ ගෙදර බල්ලා වගේ... #lka #SriLanka",1,sinhala
දුක හාදු දේවි වැලපෙන සිතට ඔබ ඈත යාවි පවනක් ලෙසට මට වේදනාව දුන්නු පලියට බැහැ සාප දෙන්න පෙම්කල සිතට,0,sinhala
"මූ ඉතින් අනිත් උන්ට ක්‍රියාශීලි වෙන්න කියනවා. ඉගෙනීමක් නැතිව, ගෙදරට වෙලා තාත්තයි අම්‍්‍මයි හොරකම්‍ කරපුවා කකා බිබී, හොරට උපාධියකුත් අරගෙන, දැන් තාත්තා කරපු දෙය ඉදිරියට කරගෙන යනවා. වැහි නැති හෙණ ගහනවා තොට. හොර කාළකන්ණියා. Namal Rajapaksa Media · 31 Jan The Hon. Minister stated that the responsibility of achieving local goals should be borne by the elder generationthe responsibility of overcoming global challenges should be borne by the children as well as the youth. ( - 31.01.2022)",1,sinhala
නිවන් සුව ලැ‌බේවා ගෝඨාභය මැතිතුමනි!,0,sinhala
"කපනවා තොගෙ බිජ්ජ Dinal · 26 Dec 2017 Dudes . Type ""මගේ කෙල්ලට රෑට රෑට DM කරන්න එපා යකෝ. කපනවා තොගෙ බිජ්ජ."" And @ 3rd guy in your list",1,sinhala
ගෙම්බා අද සද්දයක් නැත්තෙ මොකෝ කියලා බැලුවා.. ටහුඩු ඉන්දියවට වඩාගෙන ගහලා ඊයේ,0,sinhala
මොන විදිහට ආවත්....ලබ්බ තමයි #lka #sriLanka #SriLankanPolitics #Colombo,1,sinhala
කාලකණ්ණි කම තමයි ඉතින්,1,sinhala
ඩී එම් කර කර ඒ පොටෝ එකේ ඉන්නේ අක්කාලව් එකද කියලා අහන්න එපා පම්කුනේ. ඒ ඒකි නෙවේ එඩිඩ් එකක් විතරයි ඒක.,1,sinhala
අනෙ නිකන් පලයන් හුත්තෝ යන්ඩ,1,sinhala
මම බොහොම බයවුනා මගේ පණ එපා වුනා තෝ බුදිය ගන්නෙ නැද්ද බොල,0,sinhala
අම්මට බොල මාත් බීපු අන්කල් කෙනෙක් හැප්පුවා රාජගිරියේ,0,sinhala
පක ලොකු පුතයි කට ලොකු දුවයි තමයි ඉතිං,1,sinhala
"ඔයලා ඉන්න කාලේ තිබ්බද දන්නෙ නෑ කාලයක් ඕකේ ලියලා තිබුනා ""වරක් හුජ්ජ කර තෙවරක් බිජ්ජ සොලවන්න "" -මීට විදුහල්පති- කියලා",1,sinhala
තිබ්බත් සල්ලි වියදම් කරන්ඩ එපා. බොරුවට කාලකණ්ණි වෙනවා. :3,0,sinhala
පුක කැඩිච්ච කඩිය වගේ දාන දාන හැම කමෙන්ට් එකටම රිප්ලයි කරගෙන ගිහින් ලයික් වැඩි කර ගන්න ආසාවක් නෑ මස්සිනේ මට. මේකෙම... URL,1,sinhala
මේ නිවසේ සබන් කෑල්ල නැතිවීම කියන්නෙ තවත් එක ප්‍රශ්නයක් විදිහට ලඝු කරන්න බෑ. ඔබ මා මුහුනදී සිටින මේ .එක අතුරුපලයක් තමයි නාන්න ගියාම සබන් කෑල්,0,sinhala
ආ මෙන්න.. දැන් මට තෑග්ගක් දෙන්වද ? The following media includes potentially sensitive content. Change settings View,0,sinhala
ඉට්ස් මී.. මැට්ටා වාගේ ආදරේ කලේ.. ඉට්ස් මී.. එල හරකා වාගේ සීරියස් උනේ.. ඉට්ස් මී.. රෝමියෝ වෙන්න දැඟලුවේ.. ඉට්ස්... URL,1,sinhala
අර අන්තිම කෑල්ල මොකක්ද ළමයෝ?? පැහැදිලි නෑනේ??,0,sinhala
මොනා ද ඉතිං තෝ ඉන්දියාවට බනි මම තොට බනි,1,sinhala
එක අතකින් TL එක හසුරුව ගමන් අනිත් අතින් වේස මදුරුවො කාපුව කසන ගමන් ඉන්නෙ...,1,sinhala
ඔව් ඇත්තටම කවුරැත් ඇහුවෙ නෑනෙ අරාබි පක්කො මෙහෙ ගෙන්නගෙන මොනවද කරන්න හැදුවෙ කියලා,1,sinhala
ඉසාමගේ කටට මොනාද එනවලු... ඩොකා කට ඇරලා බලපන්,0,sinhala
අනේ ඌකාපන් බන් ...,1,sinhala
RT : සැමියා දරු පැටියා අතට ගෙන ‘මගේ රත්රන් පුතා’ කියා සුරතල් කරන විට බිරිය පසෙකට වී සැමියාට හොරෙන් සිනාසෙන්නී නම් එය අවජාතක සිනාව …,1,sinhala
"ඉන්ටනෙට් එකේ මොකක් හරි නිවුස් එකක් දැක්කම, හෙවිල්ලක් බැලිල්ලක් නැතුව මේකෙ දාන්න එපා පකෝ! තොපිට හෙන ගහයි. Colombo Times · 27 Aug 2021 සතුන්ට දෙන බෙහෙතකින් කොවිඩ් අඩපණ කිරීමේ හැකියාවක්",1,sinhala
ගොවි අරගලයට බේහේත් දේනවා වාගේ....,0,sinhala
ඉල්ලා අස්වෙයන් බොරැ ශො නැතිව,0,sinhala
අපතයෝ පත්කර ගත්තානම් විදවමූ,1,sinhala
මේ ගොන් හරක් ටැග් කරලා ෆෝම් කරන්න එපා පස්සේ මාර කරදරයක් වෙන්නේ..,0,sinhala
ඔය ඉන්නෙ ගොනා වගේ. හැඩයි හොඳේ.,1,sinhala
"ලංකාවේ සමහරක් උන්ට හිකීම මාරම ටැබූය. කොන්ඩම් ඊටත් වඩා ටැබූය. උන්ට පයියක් සහ කිම්බක් එක්වීම ලෝක විනාසයට අත වැනීමකි. හැබැයි ගූගලයේ සෙක්ස් සොයා රෙකෝඩ් පිට රෙකෝඩ් තබයි, කෙල්ලෙක්ගෙ කකුලක් දුටු පමණින් පක කෙලින් වෙති. ලිංගික ඉච්ඡාභංගත්වය උපරිමය.",1,sinhala
රජිත කියන පිස්සා නිසා වෙනස් කරා. ෆේක් ඒවා හදන් කරදර කරනවනේ.,1,sinhala
අනෙ හුකාං ලැවරිය පුතානො උබල පට්ට කාලකණ්ණි අවජතක පකයි මෙ රටට හෙනයක් වගෙම අකුල් හෙලල පරහැත්ත එක්කරටට වින කටින්න අව සක්කිලි unp එකම පොන්න පකයි ටිකක් ඉන්නෙ වගෙම මෙලො හසරක් නැතුව හිටපු උබට දැන් මාද්‍ය නිවෙදන නිකුත් කරන්න තරම් ඇම්ම කොහෙන්ද ආවෙ උබලයි යකො වල පල්ලට යන්න ඔන උන් රටට කෙලවන,1,sinhala
"මදෑ,අපි ළම්යි හැදුවා අඩු ගානෙ අර ගෙදර ඉන්න බල්ලා ඇවිත් නැට්ට වැනුවා #costa #SinhalaRap",0,sinhala
ටහුඩු නෑ සිරාවට,0,sinhala
"එකම news එක 10 පාරක් tweet කරන්න එපා. අනික gossip site වගේ news tweet කරන්න එපා, ප්‍රසිද්ධ මාධ්‍ය ආයතනයක් gossip ලංකා වගේ news දාන්න ගියාම",0,sinhala
"දොස්තර පිස්සා වෙලා, පිස්සා දොස්තර වෙලා #lka",1,sinhala
"රාජපක්ෂට හීනමානයක් තිබුනේ. බණ්ඩාරනායක නමින් තිබුනානේ ජාත්‍යන්තර ගුවන්තොටුපොළවල්, සම්මන්ත්‍රණ ශාලා එහෙම. ඒවා නම්කරේ බණ්ඩාරනායක මැරුණට පස්සේ. මුන්ට ඕනෙවුනා ජීවත්ව ඉන්දැද්දීම තමන් නමින් හදාගන්න. තමන්ගේ ප්‍රතිරූපය වෙනුවෙන් රට ණය කරා සක්කිලි රාජපක්ස.",1,sinhala
ඔය කියන්නේ කාබනික පෝර වැඩසටහන ගැන වෙන්න ඕන. ඒ වැඩසටහනට මිනිස්සු අකැමැති නෑ. ඒක අනාගතය වෙනුවෙන් ගත් මිනිස්සු අතර ජනප්‍රිය තීරණයක් වෙන්න තිබුණ අවුරුදු 20-30 ක නියම ප්ලෑන් එකක් ඇතුව හරියට කරා නම්. එක කන්නෙන් මුලු රටේම ගොවිබිම් පරික්ෂනාගාර කරන්න ගියපු එකයි වැරැද්ද.,0,sinhala
"""ඇඩෝ.. උඹ කොහොමද එහෙම කියන්නේ උඹට දිවැස් තියෙනවද? , බලපන්කො ෆ්‍රී වයිෆයි දුන්නම උඹත් හොරෙන් හොරෙන් ගිහින් හරි... URL",0,sinhala
lanka C news | ලංකා සී නිවුස් | තමුසේ අයිලයෙක්.. තමුසෙ කියන දේ අපි පිලිගන්නේ නෑ.. කෝප් කමිටුවේ එජාප නියෝජි URL,0,sinhala
ගොබ්බයන්ගේ ගොන් ලොජික් වලට පිළිතුරු දීම ඒ කාලේ සිටම නොකරන දෙයකි.,1,sinhala
"ලජ්ජා නැද්ද මිනිහෝ, රට මාධ්‍ය රජයේ මාධ්‍ය සාකච්චාවකට කඳවල තමුසෙගෙ පෞද්ගලික මතය ප්‍රකාශ කරන්න. ජල්ල නැද්ද මිනිහෝ ඔෆිෂල් ට්විටර් චන්නෙල් ෆිනන්සියල් මිනිස්ටේර් කියල ගහගෙන රටටම තමන්ගේ මතය රජයේ මතය වගේ ඇදබාන්න? ඔකද යහපලනේ? නොදකින්, #lka,#SriLanka Vikalpa · 29 Sep 2018 ""කවුරුහරි කියනව නම් මානව අයිතීන් අවශ්‍ය නැහැයි කියන එක ඒක මන් තරයේ පිළිකුල් සහගතව ප්‍රතික්ෂේප කරනවා. මන් ප්‍රකාශ කලේ මගේ මතය"" #lka #srilanka URL",1,sinhala
සමහරක් මිනිස්සු රටේ පාලකයින්ට රෙදි නැතුව කඩේ යන ගමං ඒ පාලකයොම තීරණය කරන බඩු මිලට සාප කර කර දවසේ වේල් ගාන අඩු කරලා හරි පුලුවන් විදිහට තමන්ගෙයි පවුලේ අයගෙයි බඩ පුරවන්න ඔට්ටු වෙන හැටි දැක්කම ඇත්තටම දුක හිතෙනවා. කුස පුරවගන්නවාට වඩා ඇත්ත තේරුම්ගන්න එක මිනිස්සුන්ට කොච්චර අමාරුද,0,sinhala
"ඡන්දයකින් තෝරන්නේ සාපේක්ෂව හොඳ පාලකයින් මිස සර්ව සම්පුර්ණ මිනිසුන් නෙවෙයි. දේශපාලන සාක්ෂරතාවක් නැති, දේශපාලන මතවාදයක් දරන්න මොළයක් නැති, රටේ දේශපාලනය ඉතිහාසය නොදන්න හුජ්ජ කොල්ලන්ට මේකේ පෙන්නේ වහල්කමක් විදිහිට. අඩුම තරමේ විහිළුවට වගේ හ‍රි කමක් නෑ පොතක් කියවලා වර.",1,sinhala
නකුටට බල්ලා නටවන්න බෑ- ශ‍්‍රීලනිප මහලේකම් කියයි ( Video ) URL,0,sinhala
උඹ යන්නෙ උඹෙ පාරෙ.. මම යන්නෙ මගෙ පාරෙ.. මේ පාරවල් දෙකෙ උඹයි මායි එකට හම්බෙන්නෙ නෑ මිත්‍රයා!,0,sinhala
ජවිපෙ නියෝජනය කරන්නෙ 3%. ඒ වගේ පක්ෂෙකට බිත්තර ගහනව කියන්නෙ මෝඩ වැඩක්.,0,sinhala
උපුල් නුවන් විදහා ඔබ සිනාසුනා මම ගොනා උනා #රතුමකරාFM,0,sinhala
අවුල තියෙන්නේ සාසනේ නෙමේ. සිව්ර ඇතුලේ ඉදන් පිස්සු නටන අසීලාචාර පුද්ගලයා තුලයි.,0,sinhala
"අපේ කාලේ මුචලින්ද!!! සින්ගප්පුරුවෙ ඕල්මොස්ට් කැම නැ. ගැස් කතා ගැන මිනිස්සු විශ්වාස කරනවද නැද්ද කියන එකම, දන්නේ නැ. හැබයි ඔයා ඇරියොත් අරින්නේ තඩි නයෙක් කියලනම් මිනිඋස්සු දන්නවා. හැම රෙද්දටම හොයනේ බලන්නේ නැතුව දන්නවා වගේ කියවනව, තාම ලැජ්ජ නැනේ.",1,sinhala
"අලෙවිකරන ස්ථාන වලට වේලාවල් දැම්මට මත්පැන් බොන්න, බීලා ජොලියෙ ඉන්න , පාට් දාන්න වෙලාවක්-කලාවක් නැහැ නෙ!",0,sinhala
හෙන වල් බැල්මක් තියෙන්නේ ඒ කලෙත් වලා දැනුත් වලා,1,sinhala
ඒකි කවදා හරි මිස් යුනිවසල් මන්කි බන්...,0,sinhala
මම කිසිදවසක රංඩු කරන්න යන කෙනෙක් නෙමෙයි.. හැබැයි නයනතාරා ගැන මුන් ඕනාවට වඩා කථාකරන්න ගත්තොත් අනේ ඇත්ත චාරුක මුන්ට හොද වැඩක් කරන්නෝනේ....නිරෝධායනයත් එක්ක මුන්ට හොදටම පිස්සු හැදිලද කොහෙද. මේවගේ කාලකණ්ණි නම මුලු සමාජෙටම සාපයක්.,1,sinhala
ඔබේ දැනුම පොතට යමක්. * බොර තෙල් යනු ඝන තෙල් විශේෂයකි. * ඩීසල් වනාහී බොරතෙල් නිස්සාරණයෙන් ලබාගන්නා ඉන්දනයකි.,0,sinhala
", පිරිසි කෑල්ල",0,sinhala
"විලි ලැජ්ජයි ,ලොක්කගේ ඩිල් එලි කලාම සහෝදර මිඩියා එවුනටත් කෙලිනවා නේ බොලාව ගිනිතිබ්බ වෙලේ කතා කලේ ඕකුන් විතරයි ,ඩිල් දාන එවුන් කොහෙද හිටියේ",0,sinhala
"චන්ද ලක්ෂ 5 ක් 6 ක් තියාන පාර්ලිමේන්තුවේ ආසන 115 ක් ගන්න පුළුවන් කියලා ගණන් හදපු හරකා කවුද බන්. මේ වගේ උපදෙස් දෙන උගත්තුද ජෙප්පෝ නියෝජනය කොරන්නේ. අර නිකන් ටෙලි නාට්‍ය නම් වගේ නොවේද මේ කතාත්, සිහිනයක සේයා, අහස මාලිගා වගේ සිහින කතා නොවේද මේ. #srilanka Ada Derana Sinhala · 22 Jul 2020 පාර්ලිමේන්තුවේ බහුතරය අපට දෙන්න - අනුර කුමාර වැඩි විස්තර- URL",1,sinhala
ශා ලසාන තන...ඇයි දන්නෑ තන් දෙකම අදින්නේ නැතුව එක තනක් ඇන්දේ,1,sinhala
කොල්ලට වයස 17 යි කියන්නෙ බඩුම තමා කෙල්ලට 15ක් වත් ඇති.. පොඩි හුජ්ජ පැටව්,1,sinhala
අඩො එක පාරක් ගෙදර් නැති නිසා ඌ කොල් කරල මම රෑ call back කරා හරිද . මූනිකන් කොල්ලෙක් ආතල් එකක් දෙනව වගෙ කතා කරෙ. බැන්න ඔයි . මම පස්සෙ මීටර් උනෙ පර්ලසෙක කතාවක් . රෙදි නැ,0,sinhala
කවුද බං මේ නීතිඥ යැයි කියාගන්නා ප්‍රේමනාත් දොලවත්ත සක්කිලිය මන්ත්‍රීවරුන් මරන්න පිහි අරන් ආවයි කියල අත්අඩංගුවට ගන්න කියන්නෙ ඉතින් පකෝ අපි ඔක්කොම බලන් ඉන්නෙ මන්ත්‍රීවරුන් යැයි කියාගන්නා සක්කිලි මැරෙනකන් තමා පකෝ කාලකණ්ණි පක්කු එකෙක්ටවත් බැරි උනානෙ දියවන්නාවෙ පර බල්ලො ටික මරල දාන්න,1,sinhala
"යුද්දෙ කාලේ කලිසමේ හුජ්ජ පෙරාගත්ත..., දැන් නන්දිකඩාල්වල පුභාකරනගේ ශුක්‍රාණු හොයාගන්න ඛැරි වුන එක ගැන දුක්වෙන, ඌට... URL",1,sinhala
කොටේව ඇඳන් බහිද්දි කිම්බ කියනෝ.. මං මේ අඟලක් උඩි න්..,1,sinhala
මගේ හිත ගලක් උනානම්... කිස ගානක් නැතුව කටට එන දෙ කියන්න පුලුවන් උනානම්... ඉතින් මොකො... නැ... එම ඔන නැ..,0,sinhala
අපේ එවුන්ගෙ කිවු කිම්බ,1,sinhala
බල්ලා ඉතින් කූඩුවෙ ඇත්තෙ,0,sinhala
මූ ඕක වට්ටලා තමා පස්ස බලන්නෙ. ගිය ඖරුද්දෙත් ඕකම කලා.,0,sinhala
"තොට ඉරිසියාව , පලයන් බන් වද නොදී",1,sinhala
ගොන් පාට් දාන්නෙ නැතුව නම කියපල්ලකො. එතකොට interest එකෙක් ඉන්නවනම් කියවයිනෙ.,1,sinhala
බීපන් බීපන් අල්ලපු ගෙදට ඇන්ටි කිව්වා උබව ඉක්ම්නට මරන්න ඔනී කියලා තෝත් මෝඩය වගේ බොනවා ඉටිම් පෙරේත කමට අනේ හරකා,1,sinhala
යකෝ ඒකිට එපා නන් මරලා දාන්නැතුව මට දෙන්ඩ තිබ්බනේ ගල් මූසලී..ඒ අතින් පරන කොල්ලෝ සතුටු වෙන්ඩ ඕන..අපි ඒ පරට්ටයන්ව මැරුවේ නෑනේ,1,sinhala
"දෙන බෙහෙත සැරනිසා ඇඟ නිමෙන්න දවසට තැඹිලි ගෙඩියක්වත් එයාලටඕන.ගොඩක් අය ඉන්නවා ගන්නබැරි.ඇතිනැති හැමෝම පිළිකාවට අසරණයි.මේක හැමෝටම අමාරු කාලයක්තමයි.වෙලාවක් තියෙනවානම් තැඹිලි,කොමඩු,ගස්ලබු අරන්යන්න නාඳුනන අම්මාතාත්තා සහෝදරයියක් වෙනුවෙන් මහරගම පිලිකාරෝහලට0112850253මේ අංකය ඔයාලට උදව්කරයි",0,sinhala
රැවුල් ගහක්වත් නැති හුජ්ජ කොල්ලො දෙන්නෙක් අරක්කු බීපුව ගැන බස් එකේ කතා කර කර යනව. ලංකාවෙ අනාගතේ ගැන ආඩම්බරයි මල්ලියේ *එහාපැත්තෙන් ඉන්නෙ මාම කෙනෙක්,1,sinhala
දැං රෙද්ද උස්සං වරෙන් UNP ගාගෙන. රස්තියාදුවගේ ඊයේ ට්වීට්ස් බලල වරෙං රෙද්ද උස්සන් එන්න කලින්,1,sinhala
"ලංකාවේ නම කැත කළ තරුණයෙක් අමෙරිකානු අත්අඩංගුවේ May 16, 2015 =========================================== බාල... URL",0,sinhala
කාද දැන් කෑලි මගෙ කෑල්ල මගෙ,0,sinhala
K Mac කිව්වා වගේ පස්සෙන් පන්නන් එන්නේ පොලීසියෙන් වගේ කරපු කරුම බ්‍රෝ #මේවාඇත්තසිද්ධි,0,sinhala
අඩො ගහමු ඉතින්. මං ඉන්නො. උබ සෙට් කරපන්,0,sinhala
", තොපි දෙන්නා කාලා කාලා ළමයි හදලා උනුත් කන්න ගත්තම තමයි ලෝකෙට ඊළඟ සාගතේ එන්නේ",1,sinhala
"බලපං මේ ට්වීට් එකට ඇවිත් තියෙන රිප්ලයි?අපේ මහපරයලා හුරතල් කර කර හිටියට තාමත් ඔලුවෙ විසබීජ තියෙන කාලකණ්ණි ටිකක් ඉන්නවා.උන්ට පුලුවන් ආයෙමත් විනාසයක් කරන්න විසබීජ අයින් කරලා දාන්න ඕනේ වනයක් වෙන්න කලින් Mahinda Rajapaksa · 18 May 2018 Nine years ago, #SriLanka became free from the terrorism of the LTTE. As we celebrate that freedom, let us also rememberhonour the brave members of our militarytheir families who sacrificed so much for us to be able to live in peace.",1,sinhala
කවුද බං මේ 'අලුත් පරපුර' කියලා කියා ගන්න කොටි සල්ලි වලට නටන කාලකණ්ණි අවජාතකයො ටික? ආං උන් කියනවා උන්ගෙ සහෝදරයො... URL,1,sinhala
වෙට් අක්කව හම්බෙන්න ගියා ටිකක් වෙලා කතා කර කර ඉද්දි අක්කා ඇහුවා කෝ මල්ලි ටෝබි කියලා එතකොටයි මතක් උනේ බල්ලා අරන් යන්න බැරි උනා කියලා. දැන් ඉතින් හෙට යනවා,0,sinhala
හනේ තෝ වගේ ගොනෙක්,0,sinhala
"කටුක ජීවිතෙ ,අකුරු හතරෙ... අරුත හොයයි මා,අගුරු කතරෙ... පරණ මතක,නටබුන් අතරෙ... හරය නොදකී,සමාජ පතරෙ... තට්ටු කරන්නටයි දොර ඇරෙන්නෙ... පොල් පැළෙ කන්නයි ගොනා හැරෙන්නෙ.. සල්ලි බෙදා ගන්නයි බොලා මැරෙන්නෙ... අපෙ සෙල්ලමටයි හාල් ගැරෙන්නෙ.... NEO ft. Kaizer Kaiz",0,sinhala
@srilanka පරට්ට කොටියා වෙනුවෙන් රට බේරාගත් හමුදා බුද්ධි නිලධාරීන් හිරේ දැමීම හොදද % නැද්ද % votes · Final results,1,sinhala
ඇයි බන් මුන් මෙහෙම ගොන් ආතල් ගන්නේ..තමන්ගේ අනන්‍යතාව තියාගෙන ඉන්න බැරි පර හැත්ත..,1,sinhala
"ආශික් ලන්තේ.. කෝ මේ හිටං එක්ක බෑනේ.. ""ස""ආවම ඕං බලන්නකෝ මේවා නවතින හැටි.. එකමත් එක කාලෙක බයි තියරි..",1,sinhala
තෝ කසිප්පු ගහලද කුඩු ගහලද,0,sinhala
ගොනා පසු එන රිය සකට මහින්ද උපමා නොවේද..? Mahinda Rajapaksa #ReadSL URL,0,sinhala
ඒකි පට්ට කෑල්ල ඕයි,0,sinhala
", මo හිතුවෙ තොපි ඔක්කොම මේක ඉන්න බැරි නම් මරාගෙන මැරියල්ල කියල ඩැනී මේකෙන් ගිහින් කියල....",1,sinhala
අම්මට වඩා ලොකූ ඩිකියක් දුවට තියෙනවා කරුමෙට වගේ අම්ම දුවලග නිතර ඉන්නවා පැනියට වැටී බලන විට නෙත් එකට ගැටෙනවා හරියට... URL,0,sinhala
ජීවිතය ට සුළිසුළඟ ක් පැමිනෙන විට සටන් කිරීම මෝඩ කමකි බිම වැතිර ටික කලක් බලා සිටින්න නිසැක ජය (කියල දුන්නෙ අපේ කැරබස් උතුමානෝ),0,sinhala
කාවිංගට “හොරා” - ශ්‍රීනාත් “පිස්සා” : ෆීලික්ස් ගැටුම බේරයි URL,0,sinhala
පත්තරවල ගියොත් විතරයි ලොක්ක දකින්නෙ .,0,sinhala
අම්මාට හුඩු තඩි මලියාත් අැවිල්ලා නේ,0,sinhala
මෙයා මේ ගස්ලබ්බක් කතා කරනෝ...කොත්තු කඩයක උනා නම් බැරියැ....හොටෙල් එකක බොල,0,sinhala
සමහරවිට මේ අහුඋනේ ඉත්තන්..... මහමොලකරු කව්ද?,0,sinhala
ඔය කාලකණ්ණි ඉගෙන ගන්න යන තැන බ්‍රෙන් වොශ් කරන්නෙ මෝඩයින් නෙමෙ ඉගෙනගන ගිය උන් ඇයි මෙවා පිටු දකින් නැත්තෙ මෙවා නැතිම කරල දාන්න ඔනා ලංකාවෙ විශ්වවිද්‍යාල වල මෙව කරන්නෙ කාලකණ්ණි jvp මාක්ස්වාදින්,1,sinhala
ඕකා මනමාලයා...නාකි ඉලන්දාරියා...,1,sinhala
අප‌ේ එවුං ඔය බ‌ෝම්බ‌ෙ ගහනකංම හිතන් හිටිය‌ේ BBC කියන්න‌ේ හ‌ෙන ස්වාදීන පුවත් ස‌ේවයක් කියල,0,sinhala
"කාන්තාරේ පාරවල් හදනකොට ඔටුවෝ අයින් කරන්න එච්චර වියදමක් යන්නෙ නැති වුනත් ජන_ඝනත්වය වැඩි රටක මිනිස්සුන් අයින් කරන්න, කැඩෙන ගෙවල් වලට, ඉඩම් වලට වන්දි ගෙවන්න, හයිවේ එක උඩින්, යටින් හරස් පාරවල්, පාලම් හදන්න කෝටි ගණන් යනවා. ඒත් ලංකාව වගේ රටක මේවා කියලා දෙන්න යන එක ගොන් කමක් Prasad Senaratne · 10 Dec 2021 ඕයි ඕයි",0,sinhala
තෝරගන්න බෑ රෙද්ද,1,sinhala
කනියා කියන්නෙම වදයක් ඇනයක් වෙලාවකට පිස්සු හුත්තෙක්,1,sinhala
ආපෝ ඔය රෙද්ද නවත්තලා දාන්න :3 ඕනට ඇබ්බැහි උනා කියන්නේ ජීවිතේම ඉවරයි :3,0,sinhala
මැති ඇමතිවරැ මුකුත් දන්නැ..එයලා තොත්ත බාබාලා..,0,sinhala
අද උදේ දැක්කා පට්ට ලස්සන හීනයක්,0,sinhala
ප්‍රසිද්ධ කෙනෙක් දාපු අජූත tweet එකකට විනාඩියකට 50ක් වගේ වේගෙන් like වැටෙනව බලන් ඉන්න එකත් පට්ට වැඩක්...,0,sinhala
කටට ඉබ්බෙක් දාල වෑල්ඩින් පාරකුත් තියන් ඉදහං පන.,1,sinhala
ඉර අව්වටත් බයේ දගලන යහපාලන පොන්න දේශපාලුවො අද කොටින්ගේ උවමනාවට හිරේ දාන්නේ රට වෙනුවෙන් මේ වගේ කැපකිරීම් කරපු... URL,1,sinhala
කොන්ඩෙ ඉක්මනට වවන්න විදිහක් ඕනි ඩාලින්,0,sinhala
මෙන්න මේක probe කරහං,0,sinhala
හයියෝ පොඩි ස' නන්දිකඩාල් ගිහිං හිටියද? දැක්කෙත් නෑ පහුගිය කාලේ,0,sinhala
යකෝ මේකා සිද්දාලේප පෙට්ටියෙ වගේ ඩිපියක් දාගෙන එනව මට සීය කියාගෙන.. ගල් ඉබ්බා..,1,sinhala
රජයට වෙන වැඩ නෑනෙ රන්ජන්ට නිදහස දෙන්න වටින්නෙ නෑ මම නම් කියන්නෙ,0,sinhala
කියලා කියපු අයම තමා පසු කලෙක තෝ හැදිගෑවියන් පර බල්ලා කියලා කියන්නෙත් WinD · 28 Feb 2019 මම උඹ නම්... උඹට මාව ඕන තැනදි බෙල්ල ගහල ගියත් මම ඉන්නවා.,1,sinhala
"""ඇප් සෙල්ලම"" මොන හිඟන ජීවිතදෞත්තො මේ? ඒ මදිවට කියනවා කුලී රථ රියදුරන්ව මංකොල්ල කනවලු. පයිය තමයි මේ ඌබර් පික්මී නැත්තං රටේ ඉන්න ඔක්කෝවම මංකොල්ල කන්නේ බහුතරයක් කුලී රථ රියදුරු හැතිකරේ තමයි!! #ubersl #pickme #lka URL",1,sinhala
මේ රට බෙදන්න විනාස කරන්න ඔනේ උන්ට කොඩිය ප්‍රශ්නයක් වෙන්න ඇති.... මුන් කොහොමත් ශ්‍රි ලාංකිකයි කියන්න කැමති නෑනේ මුන් ෆෙඩරල් රජයක් හදන්න ප්‍රභාකරන් පස්සෙ ගියපු අවජාතක හැත්ත නේ අද රනිල්ට හෙත්තු වෙලා ඉන්නෙත් මුන්ගේ හීන සැබෑකරගන්න මිසක් රට හදන්න රටට ආදරේ ට නෙවෙයි,1,sinhala
"පිස්සා මූ පිස්සා මූ ,පිස්සු පුසා මූ ..!! #රේඩියෝශෝවිත්සැන්ඩ්",0,sinhala
කාළකණ්ණි ස්වර්ණවාහිනී හැත්ත ගැන වෙන්න ඕනේ මේ කියන්නේ Wijesinghe Dissanayake · 9 Oct 2016 DGI reminding the social responsibility of #mediawhat professionalism is ? #lka,1,sinhala
ඊළඟට පුරුදු වෙනව බයිට් හදන්න. බැන්ද කාලෙක උඹල බොන්න ආවම බයිට් හදල දෙන්නවත් මේ ගෑණි දන්නෙ නැත්නම් ඉවරනේ,0,sinhala
කපපු විල්පත්තුවට එක ගහයිද හිටවන්නේ..අනේ යකෝ එක ගහක් හිටවන්න ඔචිචර කැටයමි මොකටද...,1,sinhala
වැඩ පස්සෙ එන්නම්.පලවෙනිදා කාලකණ්ණි වෙන්න බෑනේ,0,sinhala
"අවුරුදු දහ හතේ දහ අටේ පොඩි කෙල්ලෝ ගැබ්බර වෙලා දරුවෝ හදාගෙන, උන්ගේ ජීවිතේ විසි ගණන්වලදිම නාකි වෙලා යනවා. පොඩි එවුන්ව අපයෝජනය කරන එවුන්ට විතරයි එව්වා සාධාරණීකරණය කරන්න පුළුවන් අර්බුධය · 4 Dec 2020 ප්‍රශ්නය තමන්ගෙ නොවන තාක්කල් අර මොකක්ද එකක් කීවලු twitter.com/Sansajran/stat…",0,sinhala
පයි තන් ගූ ගල් හැක තන්,0,sinhala
"අපේ හිටියා එකෙක් ර යන්න කියන්න අමාරු, ර වෙනුවට වයන්න කියන්නේ. දවසක් ඌ එකෙකුට බනිනවා මේම. කැවියා මම තෝව මවනවා ... වලිය පැත්තකින් තියලා සෙට් එකම හිනා උනා ...",1,sinhala
වල් ගලවන්නත් පුලුවන් මල් හිටවන්නත් පුලුවන් පහන් පැලක් වගේ ගෙපැල එලිය කරන්නම්.... කියලා කිව්වට වැස්සෙන් පස්සෙ මිදුල පුරා තණකොල වැවිලා තියෙන හැටියට ගලවන්න ගිහින් ඇති වෙලා ඉන්නෙ දැන්.,0,sinhala
"යකා කැම්පස් එද්දි හෙන ආදර්ශමත් කොල්ලෙක්. උංගෙ ගෙදර උඹ තියන්නෙත් නරක වචනයක්. කැම්පස් එකේදි අපේ ආස්සරේට වැටුන යකා කුනුහරප නොසෑහෙන්න ඉගෙනගත්ත කියල අපි දැනගත්තෙ දවසක් ජූනියර් බැච් එකේ ලිං බුරියට ""ඔයාගෙ අම්මට හුකාපිය"" කියල බනිද්දි. මාෂි · 9 Nov 2019 වලිය කියෙව්වා ප්‍රෙන්ස් ... කුනුහරප කීපයක් නොමිලේ ඉගෙන ගෙන ඉන්නේ.. වරෙන්කෝ කවුරු හරි පාට් එකක් දාන්න ... කියනවා ඔවා ඔක්කොම",1,sinhala
ඔවු ලංකාවේ පොන්න වාහෙලා ටිකක් ඉන්නවා නේ ... වැඩේ කියන්නේ ඊයේ fb එක පුරාවට ලින්ක් එක හොයපු උන් අද මේ පොටෝ එක දාන් ....,1,sinhala
වියට්නාමෙ එකනේ දැන් අඩුවට තියෙන්නේ.,0,sinhala
හේතුව ඕක නම් තනිකරම වගකියන්න ඕනෙ තුම්මුල්ලෙ පද්මෙ තමා..,0,sinhala
හපෝයි! හොරාගේ අම්මගෙන් පේන අහනවා වගේ වැඩක් උනේ,0,sinhala
"සිංහලෙ.... රනිල්ට, මොංගල් සිරට කඩෙ යන පර සක්කිලි හැත්ත. සිංහලෙ කියලා දාපුහාම තොපිට අපි පෙන්නෙ ජාති වාදියො වගෙ.... URL",1,sinhala
කෙල්ලක් මැසේජ් කරලා ආහානවා මෙහෙ wifi free ද කියලා. යකෝ මුන් යම රජ්ජුරැවන්ගෙනුත් දත ගලවන්න හදන්නෙ.,0,sinhala
අඩෝ සිරාවට කව්ද ඒ පිස්සා,1,sinhala
මිනිහෙක් මැරුණම හොඳ වැඩේ කියලා සාප කරන ගෑණි කතා කරන්නේ පත්තිනි අම්මා වගේ. මේ පවුලේ ඔක්කොම එහෙමයි. පිටකොටුවේ මුඩුක්කු වල හැදුනු එවුන් ගෙනත් උඩින් තිබ්බට උපන් ගතිගුණ යවන්න බැහැනේ. #Kahanadagama #SriLanka URL,1,sinhala
ටහුඩු කොල්ලො විතරක් නෙවෙයි කෙල්ලොත් කුනුහබ්බ කියනවා Amy · 29 Aug 2020 Memy pakaya,1,sinhala
ටහුඩු අද #internationaldayofthegirl ද? අද දවසම .... එක්කෝ ඕනේ නෑ...,0,sinhala
හිතපං සිංදු දහයක් විතර ගැහුවට පස්සේ ඕක උනේ. ඉදගත්ත තැනින් නැගිට්ටේ ජාතික ගීයත් ගැහුවට පස්සෙ. ගෙදර ආවගමන් අමාරු පැත්තකින් තියල බැලුවේ බාන්ඩෙ වැඩද කියල. එදා හිතා ගත්ත හෙන ගැහුවත් ඒක නම් වැඩ කරනව කියන එක.,0,sinhala
බබා කෑල්ල නෑ දැන්. ඉස්සර මං හිතන් උන්නෙත් බබී කියල,0,sinhala
"එවිටම ඒකනායක මහතා ලමයාට මෙසේ කිවේය, ""අඩේ පරයා තොපේ මහ එකා සිදාදියෙන් පිටි බෝල 3ක් ඇන්න එනවා. තොපේ පොඩි එකී ඔක්කොම කොටාබානවා, දැන් තොට කීයක් ඉතුරුද?"" ඒ ඇසු ලමයා ""පොඩි එකී 3ම කොටා බෑවා නම් මට පුකද ඉතුරු වෙන්නේ "" කිව්වලු.",1,sinhala
මෙන්ටල් ඉල්නස් වලට no බෙහෙත් in #srilanka,0,sinhala
"අද දෙරන මම අයින් කරනවා ,",0,sinhala
දෙපාරක් විතර ඔතනට ගිහින් පෝක් එක්ක ෆ්‍රයිඩ් රයිස් හරි පරාටා හරි කනවා. ඒ රස ආයෙ කියලා වැඩක් නෑ. ඒ වටේම කඩ ගොඩක් වෙජිටේරියන් නිසා මේ කඩේ ඉතිං හෙන විශේෂයි. අනික ඒ කාලෙ ගෙදරින් සල්ලි එවන්නෙ මාසෙ වියදමට. හිතෙන හිතෙන ඒවා හැම තිස්සෙම කන්නත් බෑ. මාර ප්‍රවේසමෙන් වියදම් කරන්නෙ• #කෑමකතා,0,sinhala
නාකි හුටන් වලට මොන උපන්දින ද බන්. දැන් හීනෙන් ගොක්කොල පේන කාලේ :-D,1,sinhala
හම්මේ මම හොරෙක් මම රටට ආදරේ නෑ,0,sinhala
තොපි මාව එක එකවුන්ට් එකකින් බොලොක් කරාට තමයි මමත් මේ එකවුන්ට් එකෙන් තෝව #unfriend කලෙ ... ආයිත් තෝ මට රික්වෙස්ට්... URL,1,sinhala
"මුන්ගේ බිජ්ජ කලිසමේ සිප් එකට අහුවුනාම කෑගහනව වගේ, මොනාද මේ *න්න රැලක් #චුන්කි චුන්කි ගගා ගන්න ආතල් එක. මේකේ මෝඩ ජෝක් කාරයෝ වැඩයිදැන්. මූ නම් කොහොමත් අසහන කාරයෙක් (හිස්තැනක්) හම්බෝ බෙල්ල",1,sinhala
"හරිම අවජාතක දඩුවම් කාටද දඩුවම් දෙන්නේ'? ඇත්තටම ඔවුන් වීරයන් ඒ සටනේදී, නමුත් ඉහලින් මරන්න කිව්වා නිසා මරුවා. ඒක... URL",0,sinhala
තෝ පලකෝ සයිබීරියන් කෑහුට්ටී,1,sinhala
"මලගේ අගවන්න මිනියෙ පොටෝ එකක්ම ඕනි නෑ.. පරෞනු මලක්, සයිඩ් එකේ පානක්, නෙස්කැෆේ මැසිමක්, බූරුව කූට්ටමක්, සුදු ඇඳං වාඩිවෙල ඉන්න ඇන්ටිල , සුදු කොඩි වගෙ සිම්බොල් එකක් යූස් කරන්න තිබුනා.. ඒමනම් වැඩේ කැත අඩුයි..",0,sinhala
""" : ලෝකයේ ස්ථාවරම රට ශ්‍රී ලංකාවයි URL",0,sinhala
"මේ, ඕයි සමහරක් වෙලාවට නයිට් කරද්දි එක එකා ඒව කනව. කාල දවසටම හතර පස් සැරයක් රෙනව. වාසනාවට වතුර තියන තැනක්නම් ශේප්. වතුර නැතුව පිහන තැනක් නම් අප්පා දවසම ඇවිදින්නේ ඇබයක් ගහගෙන වගේ. පුක වේලෙනවනෙ",1,sinhala
වේස ගෑණු වෙන්නනම් ඉතින් වටේ යන්න ඕනෙ,1,sinhala
ඒකි ගෑණියෙක් හින්ද ඒක අවුලක් නෑ කියමු. ඒත් ඕයි උබ එහෙම කරන එක විලි ලැජ්ජයි නේහ්.,1,sinhala
සිංහයො ටික වගේ එලියට බැහැල බළල්ලු වගේ ආයෙ රිංගුව,1,sinhala
මේවගේ ගොන්නු ඇමති ලා වුණාම රටක් හදන්නේ කොහොමද .. මී හරකා කීවොත් ඒ සත්තුන්ට ත් ලැජ්ජායි Palitha · 14 Oct 2021 බස් දෙකකින් මිලියන 400 ක ආදායමක් හොයන රත්තරං ඇමති! URL,1,sinhala
ටහුඩු,0,sinhala
පාර්ලිමේන්තුවේදී ආරාධනා කරන කොටම මම දැනගත්තා යනවා කියලා,0,sinhala
හැමෝටම පේන්නෙ ඒ මනුස්සයගේ 138 Million කියන වචනෙ විතරද උදව් කරන්න ඉදිරිපත් වීම ගැන අගයකිරීමක් නෑ,0,sinhala
අම්මේ මේක බලල පිස්සු වගේ URL,0,sinhala
පට්ට වේසි අම්මට හුකාපන්,1,sinhala
බලපන් මේ ගෑණි මේ පුංචි එකාට කවන්නෙ මොනවද කියල නොදකිං,1,sinhala
මම ගම වටේම ගියා.බඩුව වගේ වෙන එවුනුත් ඒක අරන් ගියා බන්,1,sinhala
මෙයා මේ අස්සේ තව පිස්සු කියනවා.,0,sinhala
මට මුගේ 2013 විතර ඉන්දල කරපු වැඩ කියල රෙද්ද ගලවන්න පුලුවන්,0,sinhala
උන්ට මොකද යකෝ අපේ ඒවා,1,sinhala
පුදුම කාලකන්නි ටිකක් ඵනම්. උන්ගෙ හිතෙ හමුදාව කියන්නෙ රාජපක්ෂලා කියලා. ඔවුන්ට විරැද්ද මතයන් දරනවනම් අන්ත ගොන් කතා කියනවා. වාහල් මානසිකත්වෙ උපරිම.,0,sinhala
රාජපක්ෂ ලාට කතිරේ ගහන උන් හිතාන ඉන්නේ උන් හෙන දේශහිතෛෂි ඩයල්ස් කියලා මට ඒ ලොජික් එක තේරෙන්නේම නෑ,0,sinhala
හරි ඉතින් තෝ එහෙම හිතන එක සාදාරණයි ජම්බෝලේගේ පැත්තනේ ගන්නෝන,0,sinhala
BCD 1975 මේ පොන්න හුකන්නා ආයේ පුත්තලමේ මගේ ඇස් දෙකට පේන්නනම් එන්න එපා කැරි හම්බයා,1,sinhala
ටහුඩු no wickets යකෝ ගහන්නේ,0,sinhala
මොන කරුමයක්ද ඕයී අපිට මේ වුනේ..ශැක් මේ වගේ කාලකණ්ණි කාලයක් ආය බලන්න වුනානේ,0,sinhala
Me- කෝල් එකක් ගත්තාම ආන්සර් කරපන් පකෝ Friend- ලැට් එකේ හිටියේ යකෝ Me- ආ මාත් ඒකේ තමා දැන්,1,sinhala
"උද්ඝෝෂණ කරන්න ඕන, නමුත් මේ නූගත් ගොන් පකයෝ වගේ අනෙක් රට වැසියන්ට කරදරයක් වෙන ආකාරයට නෙමෙයි. තොපිල වගේ හරක්ට රටේ ජනතාව එළව එළව ගහන කාලේ වැඩි දුරකනම් නෙමෙයි!!!",1,sinhala
නොදකින් කට මං යනවා බායි,1,sinhala
පුරවැසිභාවය නැත්නම් ඔච්චර දගලන්න දෙයක් නෑ නේ.ගෝඨට පුළුවන් වෙන්න ඕනේ ඒක නිතීයානුකූලව ඔප්පු කරන්න.මොකටද නිකන් හෙන්චයියන් දාලා එක එක බොරු කිය කිය දගලන්නේ?,0,sinhala
හරකා එලුවා කුකුලා ඔක්කොම එහෙම තමා දැන්,0,sinhala
"ආර්ථික ඔස්ථාර්ලා තීන්දු තීරණ ගන්නා යහපාලන ආංඩුවේ තවත් ගොන් වැඩක්. හරිත ලොවක් ගැන බයිලා ගහනා සජිත් මෙව්වාට අත ඉස්සුවේය හයිබ්‍රිඩ් වාහන ගෙන්වීම, විකිනීම අඩුවිය, යහපාලනයේ අනුහසින් පරිසරය දූශනය විය.",0,sinhala
මු වගේ ගොන් මෝඩ තකතිරුවෙක් දැක්කොත් අටපට්ටම් ට කියන්න එපා වැඩක් නෑ රටටත් නෑ අපිටත් වැඩක් නෑ.. නම් කිව්වොත් රිටිගල ජයසේන නොදකින් මුගේ නම වගේම මුගේ පැත්තේ උනුත් .. මහසොහොන් · 2 Dec 2019 ආ ඔය තියල තියෙන්නෙ පළවෙනි වෙඩි මුරේ කැකිරාවෙන්. සික් ඔය කැකිරාවෙ උන් ඔහොම්මමයි. කෙරුවොත් වැඩක් නැට්ටේ සිට ගොම. මොනව නැතත් අනිත් පැත්තට හරි ගිහින් කැකිරාවෙ නම ඉහළින්ම රංදනවා. කැකිරාවටම රිදෙන්න RT කරන්න යාළුවේ. twitter.com/daughterislife…,1,sinhala
අතේ තියෙන එක කටට දාගන්න පින නෑ #ban,0,sinhala
ඇයි ඒක පස්ස හරවන් ඉන්නෙ පොටෝ එකට,0,sinhala
යකෝ මිනිඔ කෑගාන්න එපා ඕයි. පොඩි එකාඇහැරෙනව තේරෙන්නැද්ද. මීට ලීනි අක්කා.,1,sinhala
"මං හිතුවේ ""අපේ ජන බල පක්ෂය"" නියම සිංහල පක්ෂයක් කියලා. බලද්දි පක්ෂයේ සභාපති 'සමන් පෙ⁣රේරා"" කියල පෘතුග්‍රීසිකාරයන්ට රෙද්ද උස්සපු පරම්පරාවක එකෙක්... ඉතිං කොහෙද පක්ෂයේ සමඟි⁣යක් තියෙන්නේ?",1,sinhala
ලෝකේ බේරගන්න පරසක්වල ටෝක් දෙන හුගක් නවරැල්ලේ පොන්සියෝ වැක්සින් එක විදින්න ගූ-බයයි. නොදකින්.#COVID19LK,1,sinhala
වැස්ස + වැස්සට තෙමිලා + සපත්තුවට වතුර ගිහින් + අම්බානට සෙනඟ පිරිච්ච බස් එකක හිටං හිරවෙලා + පට්ට ට්‍රැෆික් + කන පැලෙන්න සහරා ෆ්ලෑෂ් මියුසිකල් එකක් pray for me,0,sinhala
මම ඒකිට ආදරේ කරනවා....ඒකි මට වෙනස්කම් කරනවා.... කමක් නැ එකිත් මොකක් හරි කරනවනේ,0,sinhala
"එයා අද විල්සන්'කරු' උනාට, එදා එහෙම පිටින්ම කිහිලි'කරු' අමතක වෙච්ච අයට අර නුගත් බැල්ලිගෙ පුතාල පාර්ලිමේන්තුවේ සක්කිලි වගේ හැසිරෙන්න මුලික හේතුව 'කථානායක', 'ජනාධිපති' වෙන්න ගියපු එක. ජනාධිපති ගැන අපි කතා නොකර ඉමු. උන්දැ තව සූටි වෙලාවකින් නිදියනවනේ. URL",1,sinhala
ගත මදක් පේන ලෙස උස්සලා අන්දා සිටි බැවින් සරාගිව කහපාට ලන්දා මාසයක් ගෑණියක් දැක්කෙ නැති හින්දා වැලමිටෙන් තට්ටු කර ඇඳක රස වින්දා තේරුනත් මගේ තදබල අතේ පණිවිඩය ඈ හිටියෙ නොතේරුණු ලෙසට මට දී ඉඩය රැව්වෙවත් නෑ ඒකෙ අරුත නම් මම ගොඩය උකුල කලයක් වගේ ඒකි පට්ටම හැඩය . ලිවුවා කවියක් #sajje,0,sinhala
අනේ පලයන් බන් උබට හාරපු පතල්ක් තියා. තිරුවාන ගලක්වත් හොයාගන්න බැරි එකේ. කට වහන් හිටුකො,0,sinhala
හීනෙන් තොපි සේලම බය වෙන සුපිරි රැයක්ම වේවා ගුඩ් නයිට් — feeling හිනෙන් ඇහැරී,0,sinhala
එහාගෙදර ටීචර් අක්කා- බලනවකො වතුර ටිකක් ගහන්න තමුසෙට බැරිවුනානෙ මං ටක්කෙටම හිතුවා අදත් ලයිට් කපනවා කියලා මේ ලෝකෙ දෙයක් ගැන මෙලෝ සිහියක් නෑ.. අයියා- මං ලමයට කිරි ටික හදලා දීලා නිදිකරවලා හිටියෙ මතක්වුනා නං ඔයා කරන්න එපැයි.. ටීච අක්කා- මේ තමුසෙ මට උදේම වැඩ කියාගෙන එන්න එපා..,0,sinhala
මොන පම්කියෝද බන් මේ රට පාලනය කරන්නේ?,1,sinhala
"මේ කරුම මගුල, අපේ ස්ටේශන් එකේ නවත්තන්නේ නෑ කිව්වනෙ අම්මපා...",0,sinhala
apdate NEWS LINE එකේ වෙිගය ටිකක් වැඩි කලොත් හොදයි.,0,sinhala
මේන්න මේකයි ඉන්දියාවේ තත්වය. ඉක්මනට ගෙන්න ගනිල්ලා ලන්කාවට රස්සා දිලා .. මෝඩ හැත්ත ... URL,1,sinhala
රැවුල ඕන්නෑ බ්‍රෝ. ගල පෙන්නපන්.. ගල.. රැවුලොත් එයි එතකොට,0,sinhala
ඕවට කියන්න තියෙන්නෙ කුණුහරප තමයි ඉතින් උත්තර දෙන්න ගියොත්,0,sinhala
"රෙන ගූ දිරනවා , පුක ඉතුරු වෙනවා.",1,sinhala
"පොහොට්ටුව කියන්නේ අවජාතක පක්ෂයක්ලු ,,,,ආනන්ද අලුත්ගමගේ කියයි. | Medaperadiga URL",1,sinhala
මල්ලි මම උඹට එදත් කිව්වා අදත් කියනවා.. උඹේ සමහර අදහස් අනෙක් එකාට පෙන්නන්න නම් දීපන් හිතට වදින්න කියලා.. උඹ දැන් හරි දේ කරන්න පටන් අරන්.. ආඩම්බරයි උඹ ගැන. කුහකයන්ට රිදෙයි ගොඩක් දැන්. මොකද ඔය දෙකයි පනහේ සිපයියන්ගේ අදහස් වලට වඩා උඹ ඉස්සරහින් ඉන්නවා මටනම්.. ආදරෙයි,1,sinhala
ලීටර් 18 කරලා ගැහුවා මදිවට දැන් රු.700ක් වැඩි කරලා අපිව නැති කරන්නද යකෝ හදන්නේ? #ගෑස්වලගෑස්,0,sinhala
මොකෝ බොල අඩන්නේ,0,sinhala
යකෝ.. Piss off කිව්ව විතරයි මෙන්න ඉබ්බෙකුත් දාලා..,0,sinhala
කෙසෙල් ගෙඩියක් රුපියල් තිහයි,0,sinhala
"ඒ ළමයා එයාගෙ ජීවිතේ විනිවිදව බොරු ලැජ්ජා ප්‍රෝඩාවක් නැතිව එලිපිටිංම ගෙවන එකෙන් උඹලා වගේ නෙට් එකේ දන්න නොදන්න ගෑණුන්ට අපහස කර කර බුදු දහම රකින්න එන ගොංවස්සො වෙන හානිය මොකද්ද පකෝ Ryan Cry · 29 Aug 2018 සිගරට් ගහන අරක්කු බොන කුඩු ගංජා ගහන වටේ යන ලෝක බඩු මේකෙ ඇවිත් පත්තිනි අම්මලා වෙලා ලංකාවෙ සංස්කෘතියට,බුදු දහමට ගරහනවා ස්වාමීන් වහන්සේලට අපහාස කරනවා බුදු දහමටවත් සංස්කෘතියටවත් බැනලා වැඩක් නෑ බන් මුලින් උබලා හැදිලා ඉදපන් බොරුවට බුදු දහම සංස්කෘතිය විවේචනය කරන්නෙ නැතුව Show this thread",1,sinhala
සුභ උපන්දිනයක් ඩාලින්,0,sinhala
"මාලිංගට මෙහෙම වදිනවා නං වර්ල්ඩ් කප් එකේදී ලංකාවට ? ඒවා කියක් ගහයිද ඒවා ගහන්නේ කවුද ? ම්ම්ම්ම්ම්ම්ම්ම්ම්ම්ම් ඊළඟ කෑල්ල , තවත් රසවත්",0,sinhala
දැන්වත් ඔය බොරු නිලධාරී මාන්නය නැතිවෙලා යයි. හොඳ වැඩේ! මේ ගැන උනන්දු වෙන නීතිපති මහත්මයා ට අපේ ගෞරව පූර්වක කෘතඥතාවය.,0,sinhala
බඩගිනි යකෝ කන්න දෙයක් අරන් දීපල්ලකෝ.. පාඩම් කරන ළමයෙක්ට මොනවත් කන්න අරන් දුන්න කියලා උඹලට මුකුත් වෙන්නෙ නෑ.,0,sinhala
“පහුගිය කාලේ මම ජනාධිපතිතුමාව පට්ට ගැහුවා..හැබැයි එක කෝල් එකක් ආවේ නෑ...... URL via youtube.com “පහුගිය කාලේ මම ජනාධිපතිතුමාව පට්ට ගැහුවා..හැබැයි එක කෝල් එකක් ආවේ... “පහුගිය කාලේ මම ජනාධිපතිතුමාව පට්ට ගැහුවා..හැබැයි එක කෝල් එකක් ආවේ නෑ....මොකද දැන් ප්‍රජාතන්ත්‍රවාදය දොරේ ගලනවා” - අමිල හිමි,0,sinhala
"ප්‍රශ්නෙ මේ වේසිගෙ පුතාලාගෙ මොලේ කියන කලඳක් නැද්ද? අනුන් ගැන හිතන්නෙම නැද්ද? 31 යනකොට හැමෝටම කතා කරලා ගියේ.. ඒ හැම එකාම දැන් බයෙන් ඉන්න ඕන. මට හැදුනට කමක්නෑ. ඒත් මගේ පොඩි එකා, ගෑණි අම්මා තාත්තා,... නුවර මුස්ලිම් හෝටලේ කවුන්ටර් වල ඉන්න එකාලා මාස්ක් දාන්නෙ නෑ. පහුගිය දවස් වල",1,sinhala
සැර මදිනෙ ඩාලින්,0,sinhala
අඩො මූන නම් වෙන කාගෙද හැබැයි ඇඟ නම් උබේ කියල සුවර්,0,sinhala
"දේශිකාට සල්ලි තියෙනව යකෝ ඒකි නෝමල් එකෙ හිටියට දතක් එහෙම ගලව ගන්න, රීලෝඩ් එකක් දාගන්න ඕකි එක්ක ශේප් එකේ ඉන්න ඕනේ. ආශ්‍රේ කලාට පාඩු නෑ සල්ලි තියෙනවනේ.",0,sinhala
"Saman Edirimunee wrote: ""රාළහාමි - නවත්තපිය බයිසිකලේ පර බල්ලා යතුරුපැදිකරු - ඇයි රාළහාමි රාළහාමි - තෝ බැංකුවක්... URL",1,sinhala
උද්ඝෝෂණ කරන කීයෙන් කීයද පියෝ ඉන්ටෙන්ෂන් එකකින් කරන්නේ? බහුතර උද්ඝෝෂණ පිටිපස්සේ ඉන්නේ වාමාංශික සක්කිලි ටිකක්,1,sinhala
"යකෝ අද ගෑණු ළමයෙක්ව දැක්කා, පට්ට ලස්සනයි. දැක්කම හිතුනා ""අනේ මං එයාට කැමතියි"" කියලා. මෙන්න බොලේ දැන් ඒකිව සජෙස්ට් වෙනවා ෆේස්බුක් ෆ්‍රෙන්ඩ් කෙනෙක් විදිහට!",0,sinhala
මූ දන්නෙ පඩිපෙලේ උඩට නගින්න විතරයි. පල්ලෙහාට බහින්න පට්ට බයයි. හෙන ගොනා.,1,sinhala
ඇප නැතුව හිරේ දාන්න ඕන කාලකණ්ණි..රටම අනතුරක ඉන්න වේලාවේ මුන්ට ජෝලි කාලකණ්ණි හැතිකරේ #lka #SriLanka #COVID,1,sinhala
අවුරුදු දහයක ඉතුරු කරල මෙහෙ පොඩි හැච් බැක් එකක්වත් ගන්න බෑ කරුම රටක්...,0,sinhala
ජාතිවාදී Tweets දාන්න එපා රෙද්ද.... ඔය මොන්ගල් ගතිය අතහැරපල්ලකෝ... . . URL This Tweet is unavailable.,1,sinhala
අපේ රටේ රැඩිකල් කියන්නේ ටොයිලට් පේපර් එකට පස්ස හරියට පිහදැවෙන්නේ නෑ කියලා හැමෝම පාවිච්චි කරන්නේ ටොයිලට් පේපස් කියලා වැලි කඩදාසි ගේන්න හදන හැත්තක් ඉන්න රටක්! අනිත් මිනිස්සු නොකරන දෙයක් තෝරන් තමන් වෙනස් කියලා පෙන්නන්න ඒක කරනවා! ඒදෙයින් තමන්ට වත් ගමට රටට වත් සෙතක් නොවුනත්!,0,sinhala
එල කිරි. මේ වගේ දෙයක් හරි වෙනවනම් හොදයි.,0,sinhala
අද දින මෙම පරීශ්‍රය තුල අතුරුදහන් වීමට නියමිත දෑ කවරේද?,0,sinhala
මං හිතන් උන්නෙ ඒකි දිනල ඔක්කොම සල්ලිත් අරන් ඉවරයි කියල,0,sinhala
ඒක මුලින්ම test කරන්න පාර්ලිමේන්තුව පැත්තට යවන්න බැරිද?,0,sinhala
පිස්සු නැතුව එක්සෑම් කරන්න,0,sinhala
රනිල් 18 කට මහජන මුදල් කන්න ජාතික ආණ්ඩුවක් හදන්න යනවලු.කෝ අර ප්‍රජාතන්ත්‍රවා‍‍දෙ වෙනුවෙන් පුක දනවෝ කියල මැරෙන්න හදපු සෙට් එක?,1,sinhala
අස්සයා හෙන ගනන්,0,sinhala
එතකොට ගෑණු දරුවෝ ඉන්නේ පල්ලියේ ද? පල්ලියේ ලිඳේ ද,0,sinhala
"තොපි හින්ද අපිත් බැනුම් අහනව. පකයල. aravinda de alwis · 19 Dec 2020 ගැහැණියක ඩිග්‍රිරියක් තිබ්බට වැඩක් නෑ , අඩුම ගානේ මහන මැශිමෙන් පාගලා මහන්නවත් දන්නේ නැත්නම් ඇත්තටම ඩිගිරිය හොදයි රෝල් කරලා පුකේ ගහන්න",1,sinhala
"රාජපක්ෂ වංචාවක් කරා?? පිස්සු කියවන්න එපා, රාජපක්ෂලා වංචා කරන්නේ නෑ, ආයෝජනය කරනවා මිසක්.",0,sinhala
කොහෙන්වත් දැනුම වැඩක් නැහැ..ඇෆ්ගන් වල is වැටිලද දැන්..මනො ඕන නැහැ...අපට පුලුවන්.එන්න කියහන්කො..බලාාන්ඩ,0,sinhala
මමනම් පුද්ගලිකව සරත් ෆොන්සේකා මහතාගෙ දේශපාලන ප්‍රතිපත්‍ති වලට කැමති නැත,0,sinhala
"මහින්ද රාජපක්ෂ 2014 දී මිනිහා 3 වෙනි පාරටත් ජනාධිපතිවරණය ට තරග කරනවා කියලා මිනිස්සුන්ට කියපු කතාවේ වීඩියෝ එකක් බැලුවා එදා හෙන ටෝක් දෙනවා ... ""මේක තමයි """"ප්‍රජාචන්ත්‍ර වාදය """" කියන්නේ ... අපේ රටේ මිනිස්සුන්ට දෙමු හොඳම පාරජිතයා තෝරන්න "" URL URL",0,sinhala
කවුද යකෝ පේන්න ආදරේ කරන්නෙ. තෝ හෙන කෑල්ලනේ තොපිට පේන්න සත්තුන්ට ආදරේ කියල පෙන්නන්න. අනේ නිකන් පලයන් කෙල්ලෙ යන්න.,1,sinhala
ඔයාලට වගේ කැත තඩි බඩවල් අපිට නැ,1,sinhala
කැත quote එක බ්‍රෝ,0,sinhala
"ගෑණියෙක් මැරෙන්න හදනවා., ""අර ඉන්නේ ජෝ්න් නෙවෙයි""ය කියලා.. මං කිව්වා ඉතිං., ඔයා කියනවා නම් එහෙම වෙන්න අැති කියලා.. මොකද එ් ලප කැළලි මම අඳුරන්නෑනේ කියලාත් මම කිව්වා. (එ් ගෑණි ගස්සගන ගියා. අායේ එන එකක් නෑ..) #lka",0,sinhala
මාලු කපන පිහියක් තිබ්බා මේං සයිස්. තඩි මෝරු කපන එකක්. ඒක වෙලාවට නැති වෙලා එහෙනම් මාත් හිරේ.,0,sinhala
ගෝත්‍රික මෝඩ හැත්ත #CA Praveen · 14 Jan 2020 යාපනයේ තාප්පවල ඇන්ද චිත්‍රවල කවුදෝ කළුතෙල් ගලා URL,1,sinhala
බුරන පිස්සු බැල්ලියොන්ට මොකටද අනේ ඔයා රිප්ලයි කර කර ඉන්නේ. ඒකිගේ හැටි දන්නවා නේ. ඔක්කොම කියලා අන්තිමට ඔයාට නෙමෙයි ලු කිව්වේ.,1,sinhala
ඇයි පකෝ උදව්වක්නෙ කරන්න හැදුවෙ,1,sinhala
එහෙනම් පොල් මුඩ්ඩක් අරං පුක පොඩ්ඩක්ක් හෝද ගනින්..,1,sinhala
තොපිලට හෙන ගහනවා යකෝ හෙන ගහනවා පෙරේරා · 12 Dec 2019 යකෝ මෙහෙමත් ඩුප් ගැහිල්ලක් විනාඩි 4න් බොල #එකලගට්වීට්,1,sinhala
පක ගැහුවා මම පොලේ මට දැන් පකක් නෑ,1,sinhala
දොස්තරලාට PHI ලට මාසේ පඩිය හම්බ වෙනවා ආදායමක් නැති මිනිස්සු තව කී දෙනෙක් බඩගින්නෙ ඉන්නවද .......වාහන්න කියන්න ලේසි වැහුවම මිනිස්සුන්ට මොකද වෙන්නේ කියලා හොයන්න එකෙක්වත් නෑ ..........,0,sinhala
කුසල් මෙන්ඩිස්! මේ වේසි අපිව කෑවා!!,1,sinhala
මෝඩ කමට බෙහෙත් නෑ.... තිබුණට ඩැඩකුත් නෑ..... මොකද දුන්නට ඔයා ගන්නෙත් නෑ.... ඉතිං මෝඩ කමට බෙහෙත් නෑ.....,1,sinhala
ඒකි හිතන්නේ අපි එකිට වඩා බාලයි. අපි පොඩි උන් එකි තමා ලොකු එකී කියලා,0,sinhala
"දැන් ලංකාවෙ US එම්බසියට රෙද්ද රෙවිල ඇත්තෙ. මොකද අපේ උන් ඕක නිවුස්වල දැකල හූල්ලල, FB, Twitter මොකක්හරි දාල නිකන් ඉඳී, ඒත් මොකක් හරි කරුමෙකට ඕක US නිවුස් එකක ගියොත් හෙට එලිවෙද්දි මුන් ස්ටේට් ඩිපාර්ට්මන්ට් එකත් වටකරල තියෙයි.",1,sinhala
පලයන් යන්න. තෝ දන්නේ නෑ,1,sinhala
හරකා නැති කරත්තෙ වගේ.. #TwitterWithoutRathgamaya,0,sinhala
කොහොම හරි වටේ ගිහින් ගිහින් කුමාරයෙක් එක්ක සෙට් උනා නේ බං අර හුත්තික්කෙල්ල..බලංඩකෝ ඉතින් අපේ අහිංසක කෙල්ලෙක් ඔහොම වටේ ගියා නම් එහෙම බඩුව කියල නමකුත් හැදෙනවනේ ..ඒ අතින් පෞ බං අපේ කෙල්ලෝ උන්ට මාර අසාදාරනයි..,1,sinhala
"ඕයි, උඹ නැති තැනක් නෑනෙ අයිසෙ හැම කෙල්ලම දාගන්න එපා ඕයි තවුසෙට හෙන ගහනව",1,sinhala
තමන්ගේ මිනිහා අතටම අහු වුණාම ඒ වෙලාවට අර ගෑණි බඩුවක් කියල තේරුම් ගන්න ඕන හැම කෙල්ලෙක්ම Suraj · 29 Jan මේ වගේ ලස්සන කෙල්ලෙක් තියන් තව එකියක් එක්ක යන මෝඩ අපතයා කවුද බං twitter.com/CharuRathnayak…,1,sinhala
වෙන ගැත්තෙක් දම්මලා බලය ගත්තු ගමන් නිතිය වෙනස් කොරයි. ඕවා දේශපාලකයින්ට සාමාන්‍ය ප්‍රශ්න. හරියට අර සාමාන්‍ය පෙළ විභාගය ඉරි ගහන ප්‍රශ්න පත්‍රය වගේ #srilanka #Pakistan,0,sinhala
ඔය ගිවිසුම් අත්සන් කරනකම් නිදාගෙනද ආන්ඩුවට වෙලා හිටියෙ. මේක තමයි කබරගොයාත් තලගොයා කිරීමේ ප්‍රතිපත්තිය.,0,sinhala
මේ වයිරස් එක මිනිස්සුන්ට කොච්චර දේවල් මතක් කරල දුන්නද. යනවේගේ වැඩී නැවත පිටුපස බලන්න අවස්තාවක්. තමන්ගේ අමතක වුන ආගම දහම. පවුලේ එකතුව ට පොඩි නිවාඩුවක්. අපේ පට්ට බිසී ලයිෆ් එක ට පොඩි බ්‍රේක් එකක්. ස්වාභාවදර්මය නරකමත් නෑ. COViD19,0,sinhala
ඉරාජ් නාකි වෙල මැරිල යනව නෙ බං එතෝට ඕක කරගෙන යන්න ඒ වගෙ එකෙක් ඉන්න එපැයි.,1,sinhala
පල ඩෝ යන්න අඩු කුලේ පර හැත්ත,1,sinhala
isis හිත පිත් නැති සක්කිලි බල්ලන්ට සාප වේවා..! URL,1,sinhala
තෝ නම් මෝඩයෙක් Rukhshan · 17 May 2016 ඇයි Thor?,1,sinhala
බොරු දාන්න එපා ඕයි... රසල් ආනල්ඩ් දාලා තියෙනවා මුරලිට එහෙම මුකුත් අසනීපයක් නෑ කියලා,0,sinhala
දැන් අර මහින්දානන්දයා කිව්වා නේද එහෙම නෑ කියලා???? වැඩේ ඉතිං නාවලපිටියේ ඉන්න හරක් ඕව පිලිගන්නවනේ....,1,sinhala
මුහුදු වෙරළවල් වල රෙන උන්ට නම් අම්මපා ගහන්න ඕන පුකට හෙන 7ක්.,1,sinhala
ලෝක වාර්තා 3ක්. එජාප නායක ලෙස වැඩි කලක් වැජඹෙන නායක. වැඩිම වාර ගණනක් පන්නපු අගමැති වැඩිම වාර ගණනක් පත්වුනු අගමැති,0,sinhala
ඕකයි බලාපොරොත්තුව....අනේ.. එකනේ...! අර ආබාධිත කොල්ලෙක් යොදාගෙන මේ රාජපක්ෂලා ගහපු ගැටයක් මේක...ආය පටන් ගමු 2015 ජයග්‍රහණය නැවත ගන්න.... බැරි නැහැ පට්ට බොරු ටික සකස් කර ගත්තාම රවටන එක කජ්ජක්ද? නේද? #lka #sriLanka #SriLankanPolitics #Colombo,0,sinhala
මුන් කැරලි මෙහෙයවන රට ජාතිය ආගම කාල විනාශ කරන්න ආපු පාපතර හැත්තක්. රටෙ අනාගතය රැකගන්න ඉන්න දරුවන් බිල්ලට තියාගෙන මුන්ගේ බඩගෝස්තර හොයාගන්න දගලන හිගන්නෝ දෙන්නෙක් .,1,sinhala
නොදකින් ! මේක FAKE කියලා facts වලින් කියන්න ඕනිද ?,0,sinhala
ප්ලාස්ටික් card එකේ නෙමේ ද දැන් ගහන්නේ,0,sinhala
අලි නාවන තඩි වල වල් TL එකේ ඇති බැවින් තමාගෙ ආරක්ශාව තමන් සලසගන්න..!,0,sinhala
එහෙනම් ලබ්බ දිහා බැලුවේ තොයිල් නටන්නද,1,sinhala
නොදකින තරමට හොඳයි අයියෙ. මොකද මේ හැත්ත මුන්ටත් ඉන්න දෙයිද දන්නෑ..,1,sinhala
දැන් අපි තනියම ජොබ් කරන සීන් එකේ Train එකේ Bus එකෙ තනී සීන් එකෙ යන්කොට Clz / Scl යන කොල්ලො පිස්සු නට නට යනවා දකිනකොට තනි ඇහැටම ඇඩෙනවා ඔයි,0,sinhala
Gentlemen never makes his girl wait ... මොන බොරුද අපේ මිනිහට වැඩක් තිබ්බොත් ගෑණි තියා කන්නවත් මතක නෑ ... ඉතින් වෙයිටින්ග් තමා,0,sinhala
ඊ නිවුස් මෙහෙම ජඩ තිරිසන් විදියට අපහාස කරන්නේ රනිල්ගේ හා #NGO කාරයින්ගේ උවමනාව ඉටු කිරීමට ඉඩ නොදුන් නිසාද #lka,0,sinhala
මෙච්චර දේෂියව කවුපි මුන් ඇට පරිප්පු ලංකාවේ තියෙනවා ඉංදියාවේ කිම්බ අස්සේ මෑ ඇටේ ගැනමයි කතාව,1,sinhala
බොරු කියන පොශ්වට ඇඳගත් හිඟන්නො..ඕකුන් අම්ම තාත්ත ලමයි විකුනගෙන කාල මිනිස්සුන්ගෙ තුට්ටු දෙකට කෙලෝල හැන්දෑවට සැපට ගංජ කුඩු කසිප්පු ගහනෝ කියල රියදුරු කීවෙ.. මාත් රියදුරුගෙ වැඩේට මනාපයි..බහුතරේ ගල්කෙප්ප කෙලින්නේ..,1,sinhala
හායි ඩාලින් මුවහ්..............,0,sinhala
සුද්දන්ට පුක දෙන්නේ මේවගේ අවජාතක පට්ට වේසියෝ තමයි ( URL,1,sinhala
කාලකණ්නි පාලකයන් සිටින රටක ඉපදුණු දුප්පත් අපි බලා සිටින්නේ හිඟමන් යදිමින් මතු දවස අපේක්ෂකයින් එනතුරුය.,1,sinhala
"අහ්හ් කපුටා ඇහැරලද? ඔයාට ඒක තේරුම් ගන්න බෑ සුප්පා බල්ලා කවුද, මැක්කා කවුද කියලා කසුනායියා තේරුම් ගනී.",0,sinhala
අයිසෙ moonknight මේ අවුරුද්දෙ එන්න තිබ්බ එකක් ද?,0,sinhala
ඒකි නං අමු ගොං ගහක් නාස් ලනුවක් දාලා කුඹුරක් හාන්න හොදයි,1,sinhala
අනුන්ගේ ඒවා අරගෙන තමන්ගේ වගේ ගහන ඩුප්ලිකේට් හැත්ත.,1,sinhala
මව බලන්න ආපු දුවකුට ලෙඩෙක් කරපු අන්තිම කැත වැඩක් URL #lka #gossipking,0,sinhala
මොකටද තෝ මගේ phone එක දිහා බලන් ඉන්නෙ පරට්ටි,1,sinhala
හැකි තරම් දක්ෂ ලෙස ඔබේ කාර්ය නිහඬව ඉටු කොට #පරාජය_අවජාතක බව සිහියේ තබා ගන්න... - මම -,0,sinhala
"මේ පාර අල්ල ගන්න points නැනේ ඒක නිසා, දවල්ද record කලේ, හැමදාම වගේ සිංහලෙන් කථා කලා නේද? සුදේව කලින් පොටෝ ලීක් කරලා නේද? රුවන්වැලිසෑයට පිටුපාලා නේද හිටියේ? කැමරාමන්ගේ ගෑණි වඳයි නේද? ඕවා තමා point",1,sinhala
ඉතින් බෑනේ කරන්නේ ගේම අතඅරින්න දෙන්නේම නෑ අනිව අනිවා දාගෙන තමා පස්ස බලන්නේ,0,sinhala
අඩෝ දාලා බල්ලා කියපන්. මම හිතන්නේ නෙට්වරක් ලොක් එකක් නැතුව ඇති.,0,sinhala
පොන්න අවජාතක ''සම්පත්'' කොටියො...උඕෙ අම්ම අල්ලන්නද යුදහමුදාකුමන්ත්‍රණ????,1,sinhala
ලොකුම ලොකු හොරකමක් අහු වී ඇත .... පිස්සු URL,0,sinhala
රෙද්දක් ඇඳං මෝඩ පුතාට කඩේ යන්න ලැජ්ජාවෙන් ෆේක් වලින් හරි කඩේ යනව..අන්නේකයි නියම වහල්කම.. වචනයේ පරිසමාප්ත අර්‍ථයෙන්ම රෙදි නැතුව කඩේ යනව කියන්නෙ ඒකටහොඳා හොඳා ආතල් එකක් තියෙන්නත් එපැයි..තාම ඉන්නෙ ප්‍රාග් මානව යුගයේ..නමේ ම තියෙන්නෙ හුම්,1,sinhala
"LIVE * නියෝජ්‍ය අමාත්‍යවරු . නිමල් ලන්සා - ප්‍රජා සවිබල ගැන්වීම් සහ වතු යටිතල පහසුකම් . කංචන විජේසේකර - ධීවර සහ ජලජ සම්පත් . ඉන්දික අනුරුද්ධ - රාජ්‍ය පරිපාලන, ස්වදේශ කටයුතු පළාත් සභා හා පලාත පාලන #lka #News1st #SriLanka #DeputyMinisters",0,sinhala
අතට ගත්ත ගමන් CD එක රීඩ් කරනවා. කරප්ට් CD එකක් නිසා පිස්සු කෙලිනවා සුදු මාමේ දුව දෙනවද · 18 Apr 2017 මොකක්ද ඔයි ඒ වෙන්නෙ පැහැදිලි කරපකෝ... GIF,0,sinhala
"සර් : කොහෙද තමුසෙ මේ ඇවිදින්නේ? සිසුවා : සර්, ලමයෙක් හම්බ වෙන්න ගියා. සර් : ලමයෙක් හම්බ වෙන්න තමුසෙ ගෑනියෙක්ද... URL",0,sinhala
එහෙම නෑ..රටට ජාතියට ආදරෙ පරපුරක් ඉස්සරහට බිහිවෙන එක විශ්වාසයි...දැන් ඉන්න නාකි පකයි ටික ඉක්මනට වලකජු ගැහැව්වොත් හොදයි..ඔකුන් තමයි පක්ශ බදාගෙන ඉන්නෙ...,1,sinhala
හතුරුසින්හ නෙවෙ මොන පයිය ආවත් අපේ උන්ව හදන්න බැ,1,sinhala
"බස් කොන්දොස්තර ගෙන් පර්ස් එක නැති වීම ගැන පඬිවරයකු ඇහුවේ මෙහෙමලු... ""එම්බා බස් පලුව,තෝ මා ගේ පයිය දුටුවෙහි ද?"" #ශුද්ධසිංහල",1,sinhala
"""කවුද දන්නේ නෑ උසස් පෙළ විෂය නිර්දේශයට ගිරා සංදේශය දමපු හරකා - අධ්‍යාපන අමාත්‍යංශයේ ඉන්නේ ගොන්නු ගොඩක් "" - තමන්ගේ... URL",1,sinhala
"පිරිමි කඩන ගෑනු රකින සම්ප්‍රදාය අතික්‍රමණයටද, නිසිතැන නොරැකගෙන සමතැනට තරඟ කරන ""වේසිය බඩුව"" යන වචන දෙකට එරහිව සටන්... URL",0,sinhala
කසාද බැඳපු පිරිමියෙක් කියලා දැන දැනත් ගෑණියක් උඹට ඕනෑවට වඩා ආලේ පාලා රෙද්ද කඩාගෙන දඟලනවා නම් ඒ එන්නේ උඹේ සල්ලි වලට හරි wealth එකට හරි වෙන ලාබයක් බලාගෙනමයි. ඕක තේරුම් ගන්න බැරි උනාම ලොවෙත් නැති ප්‍රශ්න,0,sinhala
උබලට පිස්සු සැන්ඩි · 17 Jan 2021 රටේ මෙච්චර වැදගත් දේවල් තියෙද්දි කතා කරන්න එයි මේ කෝලාවම අල්ලගන්නෙ,0,sinhala
තෝ මගේ මූන බලලද වයස කියන්නෙ..අනේ ඉතින් මට හිතන දේ කමෙට් කරන්න පුලුවන් උනානම් උඹ පවු.,1,sinhala
මොරටුවේ බල්ලෝ මරපු අවජාතක සක්කිලි වේසිගෙ පුතාලාට සහ මේ ආණ්ඩුවේ පොන්න හුත්තිගෙ පුතාලට හෙන 7ක් හෝ 8ක් වැදියං කියා මං නිහතමානීව ප්‍රාර්ථනා කරමි,1,sinhala
"ඔක්කොමත් හරි, මේකේ මොනා හරි දැම්මම, ""මේකනම් දාලා තියෙන්නෙ උඹට තමා, මේ කියලා තියෙන්නෙ නම් උඹ ගැන තමා"" කියලා ඒක උස්සන් ගිහින් දිය යටින් ගින්දර ගෙනියන එකාලා නම් හෑක්කා.. ඒ ඇත්තෝ කොටු වැටිච්ච පුංචි සරම ගලෝලා ඇඳගත්තනම් වටිනවා මල් මල් චීත්තයක්..",0,sinhala
දැන් ඔය චයිනීස් වැක්සීන් ගහන එවුන් කොරෝනා වලින් බේරෙනවාද කියලත් සමීක්ෂණයක් කරන්න ඕනේ. මොකද චයිනීස් බඩුනේ,0,sinhala
"මේ වගෙ මීහරක් ඉන්නකම් කොහොමද රටේ මාර්ග නීති ගැන කතා කරන්නේ ඇම්බියුලන්ස් - හරි ෆයර් ට්‍රක්ස් - හරි බස් - තමුසේ බීලද මනුස්සයෝ? රටේ බාගෙට බාගයක් මිනිස්සු මැරෙන්නෙ කාලකණ්ණි බස් කාරයෝ නිසා. ඔය වීඩියො එකේ ඉන්න උන් වගේ. බස් වල එදිනෙදා යන අපිට බස්කාරයොන්ගෙ යෑම ගැන කියලා දෙන්න එපා T J · 13 Oct 2019 What you expect here? We are not the people who judge this ? Bus, ambulance, fire trucks has right of way rule ! Don’t criticize too much public transport",1,sinhala
ඔබ සැමට කිරියෙන් පැනියෙන් ඉතිරෙන සුභම සුභ අලුත් අවුරුද්දක් වේවා!!! #Lateකොහා #ගොන්_ආතල් :v,0,sinhala
අවජාතක කෛයිචාණ්ඩු පිම්පි හැතිකරේ බං,1,sinhala
", ආප් දීපිකා ඕර් ආලියා කේ ලයින් මාර්කෝ තෝ වෝ මේරී ප්‍රොබ්ලම් හෝජායේ ගී",0,sinhala
විමල් වීරවංශ කලුකොඩි දැමුවා වගේ පව් යකෝ විමලයා පුක හපාන මැරියන් ඕකුන් නැතිවෙන්න මහින්ද රාජපක්ෂ අදටත්... URL,1,sinhala
"ගල් මල් කෙසේ වෙතත් ලිඛිත ඉතහාසාය් නම් බැනයම් කොටේ සහ සරං කෑල්ල , රෙද්ද හැට්ටෙ තිබ්බ කියලයි තියන්නේ.",0,sinhala
ගාමන්ට් යන කෑල්ලක් පස්සෙ විජේ යන මුල් කාලේ කුවේ නියේ මා කුවේ නියේ මා.. තං මැන්නා එනවා.. තං මැනලා වැඩේ ඉවර උනාම.. තූ වේසියේ තෝ තූ වේසියේ තෝ.. මාව දැලේ දැම්මා... #thinkingවිජය,1,sinhala
"හම්බුනෙ නෑ,තාම හොයනව යකෝ",0,sinhala
මේ ඉන්නේ එහෙම ආතල් නැති කරගත්ත තවත් තඩි හරකෙක් කවි නෑ ලියන්නේ නෑ යසට කරන් ආව ෆොටෝග්‍රැෆි නෑ ට්‍රැවලින් නෑ ඔක්කොටම වඩා මට ආයේ සෙල්ලම් කරන්නත් බෑ(නාකි වෙලාලු අයියෝ) මම පව් සිරාවටම,0,sinhala
ඔක්කොම පොඩි මිනිහටනේ අපේ තමා කලිසම අස්සත් චෙක් කරන්නේvipලා උඩින් එන්නේ රෙද්දෙ නීතිය,1,sinhala
වලි? පොන්න ආතල් මල්ලි. වලි පෙන්නන්නම් වරෙන් මෙහෙ ටවුන් එක පැත්තේ.,1,sinhala
ඔව්. ඔකිගෙයි මගෙයි කතා පටන්ගන්නෙ 1998දි. ලව ඉවරවුනාට තාම අපි දෙන්න සෙට්වෙලා පිස්සු කෙලිනව. සමහරවිට ඩෙන්නගෙන් එකෙක් මැරෙනකම්ම ඒ ෆිට් එක තියේවි,0,sinhala
එක ගොන් බඩුවයි මේකට ඉන්නෙ 1,1,sinhala
එතකොට හස්කි බල්ලා කුලප්පු වෙලා අලුතින් දාපු රත්තරං කරපටියත් කඩාගෙන ලිෆ්ට් එක ලඟට දුවගෙන ගියා. Achira Liyanage · 2 Feb 2018 එතකොට ඒ ආපු නයා අපේ තාත්තගෙ ලැප්ටොප් එක උඩින් ගිහින් ස්මාර්ට් ටී වී එක ගාවට ගිහින් එතනින් එහා ස්වීමින්ග් පූල් එක ගාවින් හස්කිබලු කූඩව ගාවට ගියා URL,0,sinhala
සෝමාලියාවටවත් යන්න වෙයි වගේ,0,sinhala
"ඒකනම් මෝඩ වැඩක්, පිහියෙන් ඇනලා මිනී මරණවානම් පිහිය තහනම් කරලා වැඩක් tiyenwada",0,sinhala
මේ වගේ පුකේ ඉඳන් පිස්සු ඇමතිල විතරමනේ මල්ලි යහපාලු ආණ්ඩුවේ ඉන්නේ Sri AV TV Network · 2 Nov 2016 සිගරට් බිම ශරිරයර අහිතකර නිසා බදු ගැහුවා... බීඩි බිපල්ලා ශරිරයර අහිතකර නැ... දොස්තර රාජිත නොහොත් දතාගේ... URL,1,sinhala
"පෝට් සිටියට අදාල පනතක් කියලා හිතන් ඉන්න ගොබ්බයන්ට, අඩුම තරමින් ඔය පනත තොපි කියවලා තියෙනවද? වැඩක් බලාගනින් අයිසෙ තමුසෙ දන්න ඉතිහාස ලිවීම! මුන් තමන් සෙනරත් පරණවිතාන කියලා හිතාගෙනද කතන්දර කියන්නේ?",1,sinhala
ටහුඩු ... උඹ ඒක දන්නේ නැද්ද?,0,sinhala
මොනා උනත් අපිට වෙඩිම කියපු නැති එක නම් හෙන කැත වැඩේ..,0,sinhala
ජිවිතාරක්ෂාවට ආ ආරක්ෂක නිලධාරියා කළ කැත වැඩේ URL,0,sinhala
නෑ මෙයා මෙයාටම ගොනා කිව්වෙ.ඔයාට එළදෙනත් කියලා කිව්වා.,0,sinhala
ඉතිං තෝ වගේ ඉස්කෝලේ ගිය නැති එකෙක් කියනවා නම් ඉතිං හාං,0,sinhala
ට්‍රම්ප් ටිකක් මෝඩ පහේ තමා ඒත් ජාතිවාදියෙක් නොවේ URL,1,sinhala
එදා මම කීව ..ඤඅර දොරවකෙන් ආපු පිස්සු හුත්තිගේ මෙඩල් එක විකුණ ගන්න දීල ඔය ප්‍රරශනේ විසඳන එක අනාගතයට වාසියි කියල. කෝ ඇහුවද ? පඩිත් දීල වාහනත් දීල ගෙවලුත් දුන්නා.,1,sinhala
"දින්නත් පැරදුනත්, රෙද්ද ගැලවුනත් බොන්න ඕනේ. එයයි ප්‍රතිපත්තිය. #TPLSL",0,sinhala
මෙච්චර ලොකු පඩි අරන් මුන් තවත් පඩි ඉලලන්නෙ මොකටද ??? හෙනගහනවා යකෝ තොපිට. ගන්න පඩියටත් යා දෙන්නේ නෑ. සක්කිලි හැත්ත අපේ බදු වලින් පඩි ගන්න. ☻,1,sinhala
කවුරු දුන්නද මන්දා... පට්ට ලකී ඉතිං..,0,sinhala
මම හිතුවෙ තෝ අරකට commwnt කරා කිය්ලා අපො උබාලව කොළඹ ගන්නෙ නෑ කොහොමත්,0,sinhala
පස්ස පලු දෙකේ මැද්දේ,1,sinhala
කෙල්ලොන්ට වඩා බල්ලො සෝක් බන්. කෙල්ලො දාල ගියත් බල්ලා දාල යන් නෑ.. ඔය කෙල්ලො වෙනුවෙන් දෙන ආදරෙ බල්ලෙක් වෙනුවෙන් දුන්නට පාඩු නෑ බන්,0,sinhala
"කොල්ලා පොලිසියේ පැමිණි කරොත්... පොලිසිය : ඒ තමුසෙට පිස්සු ද අයිසේ කෙල්ලෙක් ෆොටෝ ගැහුවා කියලා පොලිසියේ පැමිණිලි කරන්න ? අනික් පැත්ත උනොත්... පොලිසිය : නොදකින් අසහනකාරයා , නැගපං ජීප් එකට , සාජන් ඕකගේ ෆෝන් එක එහෙම අරං බලනවා අරවා තියෙනවා ද කියලා",1,sinhala
සමහර විට ඒකි දැනටමත් වෙන එකෙක් බැදලද දන්නෙ නෑ.. ගම්ම · 12 Sep 2018 මම බදින කෙල්ල මොන වගේ වෙයිද..,0,sinhala
එකගයි මහාචාර්‍යතුමෙනි. මේ උදවිය රගන රැගුම් දැක්කහම හිතෙනවා කී දෙනෙක් තමුන්ගේ අම්මාව හදුනවද කියලා. හරිම දුකයි.,0,sinhala
තව සති දෙකක් වගේ අඛණ්ඩව සංචරණ සීමා දැම්මනං මේකෙ සෑහෙන ප්‍රගතියක් ඇතුව ඉක්මනින් රට යතා තත්වයට ගේන්න පුලුවන්!හැබැයි හෙට අනිද්දා දවස් දෙකේදි ආයෙත් ආසාදිතයන් ප්‍රමාණය සෑහෙන්න වැඩි වෙයි! නමුත් රජය පොඩි මනුස්සයගෙ ආර්ථික තත්වය ගැන සැලකීමක් නැතුව දිගටම දාද්දි ඒ මිනිස්සු කෑම කන්නෙ කොහොමද,0,sinhala
මේ චායාරූප වල තියෙන්නේ බණ්ඩාරවෙල නගරය අවට මාර්ග. ඉස්සර ලස්සනට තිබුන බණ්ඩාරවෙල දැන් කැත වෙලා. පරිසරය විතරක් නෙවෙයි... URL,0,sinhala
"""මගෙන් ගුටි නොකා පලයන්, ගිහින් නාගෙන වරෙන්."" ඔන්න ඔහොමයි තාත්ත මල්ලිව නාන්න යැව්වේ.",0,sinhala
ආයෙ ඉතින් මූ අමු ගවයා ඈ,1,sinhala
"තායිලන්ඩ් වරෙන්, සල්ලි ටිකක් පෙන්නල කෙල්ලො 2ක් ලගට පලයන්.. :පී",0,sinhala
"සඳුදා තියන රිටයර්මන්ට් පාටිය ගැන කියන්න කෙනෙක් ආවා කන්තෝරුවට.. ""මං මාස දෙක්කට කලිං #%&*#@ මහත්තයට කිව්ව මගෙ වැඩටික පුරුදුකරන්න කෙනෙක් දෙන්න කියලා..#%&*#@ මහත්තය කිව්ව මෙ වැඩ අල්ලගන්න අමාරු නැ අව්ලක් නෑ කියලා"" . සිරා වැඩ්ඩෙක් . අපරාදෙ මෙකට නාකි උනේ..",0,sinhala
එක්සත් ජාතික පක්ෂෙ 'කෑවේ' කවු ද? රනිලුයි සිරසයි...,0,sinhala
"අනිත් එක ලෝකයේ එක වගේ අල්ලක් තියෙන දෙන්නෙක් නෑ කියලා දැනගෙන තමයි මම හැමදෙයක්ම බැලන්ස් කරගෙන කතා කළේ. ඌට ඒක ගැන හිතන්න අමාරු නෑ. සමාජෙට යැපෙන්න එපා කියලා කියන්නේ ම ඒ ඒ අය ""මට අනුව හැදෙන්න"" කියලා කියන්න නෙමෙයිනේ. සමහර අය නං එහෙම කතා කරන්නේ නෑ.",0,sinhala
බබා ball නේ යකෝ දාන්නේ.. රෙද්ද..,1,sinhala
"ඒමද? අම්මා කියනවා කුනුහර කීවොත් කට පුච්චනවා කියලා.. ""මංගල සමරවීර"" කියලා කීවොත් අම්ම මාව ගිනිතියයිද දන්නේ නෑ...",0,sinhala
බඩුවට බඩුව නොකියා පුටුව කියඩෑ,1,sinhala
"Good morning! සුභ උදෑසනක්! එක කෙල්ලක්, ඒකි මගෙන් සල්ලී ගත්තා තුන් පාරකට 7000ක් විතර... මම දුන්නා මනුස්සකමට... දැන් වසරක කාලයක් මම ඉල්ලුවා 3න් පාරක් නෑ දුන්නේ, ඊයෙ රෑ ඒකි- අයියේ මට කාර්ඩ් එකක් දාන්නකෝ මම- නංගි විනාඩි 10ක් දෙන්න මම- විනාඩි 10න් පසු මම නංගි ඒ බූරුවා ගිහින්නේ",0,sinhala
සුදුනෝනා ! මගේ හදවත විල්පත්තුව නම් උඹ තමයි රිශාඩ් බදුර්දීන්,0,sinhala
අනිවා බන් කෙල්ලෝ හෙන ගොන් බන් නැද්ද නන්ගි,1,sinhala
ගෑණියෙක් හවස කෝල් කරල අහනවා අප්පච්චිට තාම තැපැල් ඡන්ද තියනව නේද? මේ පාර (xyz) ට ඡන්දෙ දෙන්න කියන්නලු. මොකාට දෙන්න කිව්වද ඇහුණෙත් නෑ. මං ආ හරි කියල කට් කලා. රෙද්ද!,0,sinhala
"""IRaj පකයෝ (ගෙඩියෝ) තෝ කුණු රස ට්‍රැක්ටර් පිටින් විකුණන මිහිපිටි අපායක් බං..."" කමක් නෑනේ නේද මචංලා යුගයේ... URL",1,sinhala
දිනු දේශය අනතුරේ යකෝ | සුනිල් රත්නායක තීන්දුවට විරුද්ධ අය රොෂාන් ද සිල්වා තීන්දුවට නිහඬ ඇයි? URL via,0,sinhala
"මම ආව මුල් කාලෙත් එහෙමයි මචන්. මේකෙ කවුරුත් ගණන් ගත්තෙ නෑ. කොහොමත් ට්විටර් එකේ ඒ සීන් එක තියෙනවා, කෙල්ලෙක් ආවොත් විතරයි මේකෙ ගොඩක් උන් මල් පාවඩ දාලා ගන්නෙ. උඹ හදාගනින් උඹේ අනන්‍යතාවක්. ඒකට මිනිස්සු කැමති වෙයි අනිවාර්යයෙන්. එතකොට ලයික් බට්න්, ෆලෝ බට්න් එබෙයි.",0,sinhala
තාත්තලගෙ සල්ලි වලින් රගන පුත්තු ඇවිත් අපිට ජීවත් වෙන්න උපදෙස් දෙනවා අනෙ හුක,1,sinhala
ගෙම්බයි සැන්ඩියි ග්‍රවුන්ඩ් එක මැද ගූ වලිය පටන් ගත්තහම තමයි ඉතින් අම්පයර්ලා දෙන්නයි අනිත් පිලේ එකොලහයි අපිට නිකන්ම දිනුම දෙනවා ආ plz අරන් පලයන් කියලා,0,sinhala
ගම්මන්පිලගේ කට දෙන්න බැරිද අපිට පඩික්කමකට පාවිච්චි කරන්න.,0,sinhala
ඉස්සෙල්ලා සල්ලිගත්ත නම් පොහොර ටික දීපල්ලා කුබුරු පැහෙනකොටද පොහොර දෙන්නෙ,0,sinhala
නීතී නෑ රණ්ඩු නෑ කෝල් නෑ මැසේජ් නෑ තනිකඩ ජීවීතේ පට්ට බං,0,sinhala
පයිය කොටා කුක්කුවට සැප දෙන්නේ මෙහෙමයි,1,sinhala
කොටින්ට ආයුධ දුන්නත් ඒ ආයුධ වලින් හමුදාවේ දහස් ගනනක් ඝාතනය වුනත් සම-හරක් එජාපයේ එවුන්ට නම් ඒකම තමයි! ඒකට ෆොන්සේකා! ඇමති කට්ටක් දුන්නොත් සූප්පු කර කර හිඳිවි ලබ්බ බහිනකම්,0,sinhala
විෂබීජහරණයට මුවාවෙන් මුදල් හා භාණ්ඩ කොල්ලකනවා.පීසීඅාර් ගන්න මුවාවෙන් ගෙවල් කොල්ලකනවා ඕකුන්ට ........එක්කො ඕන නෑ එ් හරිය කියන්ඩ.ගහෙන් වැටුනු මිනිහට ගොනා අයිනව වගේ වැඩනි වෙන්නෙ මේ සමාජෙ හරි කෘෘරයි..... #දැකලහිතුනා,0,sinhala
මොන පරයද යකු electricity supply එක off කරපු ප#යා නිදාගෙන හිටියේ ටෞකන්න දාඩිය දාගෙන ඇහැරැනේ පට්ට රස්නෙයි #කරන්ට්නෑLK,1,sinhala
අනේ අයියේ මේක ඔයාලගේ මෙක ඔයාලගේ ලොකු අම්මගෙර් හුත්ත නෙවේ ඔයාට ඕන ඕන විදිහට අඹරන්න අපි ඒකේ ඉන්න ශුක්‍රාණුත් නෙවේ ඔයාලට ඕන ඕන විදිහට ඇඹරෙන්න,1,sinhala
උඹ වගේ එකෙක් තඩි ගිනිමැලයක් තියං ගල් කැලි දෙකක් තියං තටමනවා,0,sinhala
"අනිවා ඔයා ඉදිරියෙන්ම, එත් ඔයා සජිත් පුතාට පිටුපසින්.",0,sinhala
කොච්චර දැන අදුන ගෙන හිටියත් තමන්ගේ wedding එකට රාජ්‍ය නායකයන් හෝ දැඩි ආරක්ෂාව අවශ්‍ය පුද්ගලයන් ගෙන්වන එක නම් මහා මෝඩ කමක් එච්චරටම ඕනේ නම් අනිත් මිනිස්සුන්ට invite කරන්න එපා.. ඒක එන්න කියලා හිරිහැර කිරීමක්,0,sinhala
පර වේසි පුතාලා රෑ 12ට කරන්ට් කැපුවා !!,1,sinhala
96.1 FM or 96.3 FM Island wide ------------------------------------------ ‘‘මටත් ගුටි කන්න වෙනවා තමුසෙ නිසා“... URL,0,sinhala
ඇද යටට යන්න කියලා කිව්වා මාරියා මගේ කෙල්ල අම්මටහුඩු මෙන්න ස්කූබී ඇවිත් මෙතන හපන්න නම් එපා ප්ලීස් මගෙ පස්ස..,0,sinhala
එහෙමම අමාරු නෑ.. ස්ක්‍රීන් දිහා බලන් ඉදලා වෙන්න ඇති. හ්ම්,0,sinhala
බද්දට දෙනවා කිව්වට ඕක අයෙත් අවුරුදු 99ක ට පස්සෙ අයෙත් ගන්න පුලුවන් සල්ලි වලට.ශොක් බදු ගිවිසුම.. මිනිස්සු ගොනාට අන්දවන්න සිරසත් සපොර්ට්,1,sinhala
"මහියංගනයේ මිනිස්සු වල් අලි ගැටළුවට විසඳුමක් ගන්න අද මහියංගනය AG office එකට ගිහින් උද්ඝෝෂණය කරල තිබ්බා. යසයි මහියංගනයේ උන්ට. උන් වෙනුවෙන් කෑ ගහපු සමන්ත විද්‍යාරත්නව ගෙදර තියලා, අද හෙට මැරෙන්න ඉන්න නිමල් සිරිපාලව පාර්ලිමේන්තුවට පත් කරල යැව්වට.",0,sinhala
අයිසෙ ඔහොම බොරු කියන්නෙපා කෝලා #එකලගටුවිට්ස්,0,sinhala
කන්න මුකුත් එහෙම නැද්ද ? පට්ට බඩගිනි,0,sinhala
පර වේසි කියලා කතා කරන්න තිබ්බ චාන්ස් එක අයියෝ,1,sinhala
ඇයි යකෝ මටම මෙහෙම වෙන්නේ??,0,sinhala
එන්න එන්නම එපා කරවනවා!! නපුන්සක Thilanga Sumathipala ගොං පොන්නයා!! මකබෑවිලා යන්නේ නෑ නේ පාරේ බල්ලේක් වගේ මූව!! තූ නොදකින්!!! URL,1,sinhala
වොක්ස්වැගන් එකටත් කිට්ටු නිසා නැගල යයි... අනේ වාසනාවන්...,0,sinhala
කෝ ඉතින් ඔයාගෙ කෑල්ල,0,sinhala
මද්දුම බණ්ඩාර මරණය ගැන මොකුත් දන්නෙ නැති හුජ්ජ කොල්ලෙක්ලු.. URL,1,sinhala
ගොනා හැරෙන්නෙ කෙහෙල් කැන වැට පැන්නා වගේ The Morning · 11 Jun 2021 Namal is suitable for PM: Piyal URL,0,sinhala
උස හීන්දෑරී පල්ලියේ පෝල් නේද හනුමන්තා වෙලා ගිණිතිය තිය කාදිනල් අවුලවන්නේ? අනේ නොදකින් ඔය වලත්ත රණවකයා..,1,sinhala
"මේ අයිසෙ, වියානා සම්මුතියෙ අපි වගේ බල්ලොන්ට වැඩදායී දේවල් මුකුත් නැද්ද? Please ignore that හොටුකෑල්ල in my nose",1,sinhala
එකම පැතුම Match එකේ Opening ඩබල ඉක්මනටම Out වෙයන්..ඇයි යකෝ මේ ලොන්තස්ලා දෙන්න ඉන්නකම් වෙන උන්ට චාන්ස් නෑ..නොදෝමකින්..,0,sinhala
"ලග ඉන්න මිනිහගෙ දුක පේන්නෙ නෑ, කොහෙවත් ඉන්න, ආතල් එකක් ගන්න පුලුවන්, ස්වීට් එකෙක් දැක්කොත් හිත් උනුවෙනව... මනුස්සකම? රෙද්ද... #Koombiyo",1,sinhala
බසය විදුලි වේගයෙන් එලවමින් ටෙනිසන් කුරේ වෙන්න ගිය රියදුරන් මගීන් 78ක් මරු කටට යැවු හැටි #HiruGossip #Lka URL,0,sinhala
"So , is that Gotha responsible for it , crazy , හරියට ගෑස් ලිපක් අරගෙන පාවිච්චි කරපන් බූරුවො එතකොට ඕක පුපුරක් නැතුව ඇයි හැමදේටම රජය තමයි වගකියන්න ඕනේ අනේද කියන්නේ මුන් නම් පුත්තලම් බූරුවො ජාතියක් මේ ලංකාවේ ඉන්නේ",1,sinhala
කොටුවේන් බඩුවක් ගන්න ගියාම 1500යි කියන බඩුව අඩුම රුපියල් කියක් වෙනකම් අඩු කරන් තියෙනවද..?? සැ.යු ; පාර දෙපැත්තේ ඉන්න ගොන් බඩු නොවන බව සලකන්න,0,sinhala
වැට මුල්ලෙන් පතිත වූ ගෙම්බා දිවි දෙනක වී ශාප කල අතර එහිදී ඇය වියෝවෙන් මේ හැතිරි මතු යම් ආත්මෙක ගෙම්බියක් වෙලා යෝධ කන්ඩිය වැවේම ඉපදේවා කියලා වැටේ ලී කා සාප කොට පලා ගියේය. ( යෝධ කන්ඩියේ ලංකාවේ දුර්ලබ කිඹුල් විශේෂ ඉන්නෝ ),1,sinhala
ඔයා තඩි බැක් පැක් එකක් එල්ලන් සපත්තු දෙකක් දාගෙන ඊයෙ හරි පෙරේද හරි නුවර ආවද,0,sinhala
තම දුෂ්ඨ අරමුණ යටගසා ව්‍යාජ ‘යහපාලන’ වේශයක්ගත් මුසලයා URL #SriLanka #lka #Galle,1,sinhala
18 ට අඩුනම් මේක කියවන්න එපා එපා කිව්වා නේද කියන දේ අහන්න මේක කියවන්න එපා ඔය ඉතින් තාමත් කියවනවා නේද නවත්තපන් යකෝ කියවන එක උඹට නම් සිංහල තේරෙන්නැ අපරාදේ යකෝ උබගෙ වෙලාව සුභ උදෑසනක් යාළුවනේ,0,sinhala
Land එකට පරිස්සමෙන් ගෙනාවා නං scrap metal වලට හරි ගන්න තිබුණා නිකන් ගේමක් දීලා. Deep sea abandon කරත් pollution කියන්නේ ඉතින් pollution ම තමා. ඒක නතර වෙන්නේ නෑනේ.,0,sinhala
එහෙනම් දැක්කේ නෑ වගේ පලයන්,0,sinhala
ට හුකන්ඩ පොඩි එකා යකෝ .. looool,1,sinhala
ෆෝන් එක ඔබ ඔබා ඉන්නෙ නැති එකක් දැක්කමද මංදා. ඒකෙත් පස්ස පේන්නෙ.,0,sinhala
කාට කියන්නද මේ ගොං ශෝ..,0,sinhala
"පොන්න මාල්, ටිකිරිමරි නෙක්ස්ට් මහෙල න් සන්ගා කිය කිය හිටියා..ටලෙන්ට් හෙව්වෙ නෙහ..අපේ ක්‍රිකට් කෙල වේලාම ගියා ඕය්..",1,sinhala
"විනාඩි 5යි යකෝ ජන්ගමෙ දාල ටිකක් එහා මෙහා උනේ :3 , ඉදපන් කොමෙන්ට් ටික බලන්න, btw Shafraz aiya wait for your turn :3 ,",0,sinhala
", කනවා තමා හරියට තමුසෙ වගේ නෑ...... බෝලේ වගේ ඉන්නෙ හොදට කාලා...",0,sinhala
..අල්ලගෙ ලබ්බ... නියම ජාතිමාමකයො ඉන්නවනම් මේක කොපි කරල දාපල්ල උඹලගෙ වෝල් එකේ පූජීත අපි හැමෝම හිරේ දායිද බලන්න,1,sinhala
අනේ යන්න.. ඌ එක කටට ඔවාව ගිලී..,0,sinhala
හරිනෙ දැන් මුන් ඔක්කොම උඞින් යාවි... අන්තිමේ ඒ බරත් අපිට ... යකෝ අපිට ගැලවිමක් ඇත්තෙම නැනෙ ...,0,sinhala
"ඔව් ඒක හොදයි, දේශපාලන නායකයන්ට ජන්දෙ දීලා මිනිස්සුන්ට දැන් එපා වෙලා තියෙන්නෙ",0,sinhala
හරි සම්බන්ධ කට්ටිය කවුද කියන්නකෝ,0,sinhala
වර්ගවාදය නෙවෙයි. වර්ගවාදී සමානාත්මතාවය හා සාධාරණත්වය වෙනුවෙන්. බොරු කියන එකෙත් සීමාවක් තියෙනව.,0,sinhala
Corona නිසා බුදුන්ගේ තෙමගුල සමරන්න බැරි කිතුනු භක්තිකයන්ගෙ මහසිකුරාදා දින සමරන්න බැරි රටවටේ දවස් 6ක් තිස්සෙ තොන්ඩමන්ගේ මළගම සමරනවා කො සමහර තැන්වල නිරොදායන නිති කො මුක අවරන කො මිටරය මොකක්ද මේ කරන විකාරය අපි මෙ දෙද බලපොරොත්තුවුනෙ කොහෙද සැගවුනෙ නිතියෙ ස්වධිනත්වය,0,sinhala
පැල වවනවා කිව්වම ගන්ජා නැද්ද කියලා අහන්න එපා යකෝ රෙද්ද,1,sinhala
"ඩයලොග් ලබ්බ නම් චුත වෙලා යන්න ඕන. හරිම අසාධාරණ අයකිරීම් කරන්නේ. හැමතැනම වංචාව, ගන්න ගානට customer service එකක් වත් නැති.",1,sinhala
තෝ පල සුදු වෑන් පිස්සා,1,sinhala
ඇහැ.. අඩො මගෙ ගාවට එද්දි සෑහෙන්න තිබුනනේ..,0,sinhala
සොන්ගුල් මෙරාල්ගේ කනට ගහපු එක හොදයි. මෙරාල් කලේ අහස පොළව නුහුලන අපරාදයක්..පරට්ට බැල්ලි.. ලැජ්ජ නැතිකම තමා ඉතින්...ගෑනුනේ,1,sinhala
තෝ ළමයෙක් හදපන් ඉසෙල්ලාම පපයා රනිල්,1,sinhala
නාග කන්‍යා වේසි,1,sinhala
"ඉස්සරනම් මෙහෙම news ගියාම හැමෝටම මතක් උනේ ව. පොරගෙ අම්ම මුත්තා නැති කරා ජාතකේම හෙව්ව මඩ ගැහැව්ව. Bbc එක උගෙ වගේ කිව්වෙ. දැන් තාමත් මිනිහ අයින් උනාටත් පස්සෙ ""ස ""ගෙ කට්ටිය අකමැති news bbc එකේ යනව. මීක් නැ දැන්. උන්ට තිබ්බ එකම අවුල ඊරිසියාව. ඔව් යාලුව නිසා තමා කිව්වෙ",0,sinhala
", අක්ක නොදකින් කට""කියන්නේ සදුං අයියේ ඔයා මොකද අක්කට කට පෙන්නුවෙ",0,sinhala
හොද වැඩේ නියමයි නියමයි නියමයි අනිත් අවජතකයන්ටත් වෙඩි වදින්න තිබ්බේ,1,sinhala
Ow මෝඩ යක්කු ගැනු කීවොත් ඇති.,1,sinhala
සතුට යනු එකම කෙල්ල 4 වතාවක් දකීමයි දුක යනු හැම පාරම ඒකි සමඟ අම්මා සිටීමයි #සිරා_සිද්දි,0,sinhala
අවසරයි බෝම්බ ගැහුවෙ එතකොට මේ රජය තියෙද්දිද?,0,sinhala
නුඹේ නමින් මා දුක්වී ගොතනා කවි වැල්.. නුඹට සොඳුරු ගීතයක්ය සලනා රසුදැල්.. උදේ හවා කාන්සියට හෙලනා කඳුලැල්.. නුඹට සිහිල් පැන් බිඳක්ය වඩනා මනලොල්.. මා හැරගිය දුක් තැවී නුඹට සාප කරනු බැරී..// නුඹේ නපුරු කමට කිපී සිතේ වෛර බඳිනු බැරී.. නුඹේ නමින් මා...,0,sinhala
බොරැල්ලෙ උමං යටින් එහාපැත්තට පැන ගන්න හෙන ගේමක් දුන්නා 3පාරක් ට්‍රයි කලා 1පාරක් එකම තැනට ආව බැරිම තැන වැටවල් උඩින් පැනල තමා එහාපැත්තට පැන්නෙ #LostandFound,0,sinhala
දහවෙනිදා වෙනකන් දෙන්න නෑ ...,0,sinhala
"තොපිටත් දේශපාලනෙන් තොර ප්‍රවෘත්තියක් නැ හඩපටයි, අරුගේ නායකත්වෙයි, විපකෂේ නායකකමයි, සන්ධාන හදන එවයි, මොනාද බන් මේ නිවුස්. රටෙ මිනිස්සුන්ට පොදුවෙ ඔයිට වඩා ලොකුම ප්‍රශ්ණ එවට විසදුමක් දෙන විදියේ දැනුවත් කිරිමක් කරපල්ලකෝ... එව කරන්නත් බැනේ උන්ගේ සල්ලි වලින්නේ චැනල් දුවන්නේ.",0,sinhala
Ctb වැඩ කරන උන්ව ඉවත් කරල වෙනත් රියදුරන්ව ගන්න තියෙන්නේ.. ඕකට වර්ජනය කරන්න ඔනිද රෙද්ද ජනතාවට තමයි පාඩූඑඅ,1,sinhala
"පච්චයක් ගහනවා නම්, ගහගනින් පපුවේ හරහා ""උන් ඔක්කොම යාලුවෝ මල්ලි"" කියලා. නැත්තම් තොපි හැමදාම රැවටෙනවා.",1,sinhala
ගොන් පරට්ට #හුකන්නා... ස්ටේටස් දැම්මෙ මොකෝ බොල ඒක,1,sinhala
ඩූක් තාත්තා ගේ පස්ස හපන්න දත් පාර හිටින්න ඔයාට ගස් බල්ලා කීවට,0,sinhala
"පට්ට වේසි, බඩුව කියලා බනින්නෙ",1,sinhala
මං කවදද බූරුවෝ match එකක්‌ නොබැලුවේ. තමුසෙ කට වහන් බලනවා,1,sinhala
"“නැපයියා” දඩයම් අරමුණ පෙරදැරිව“කික්කි” සමග වනයට යන්නේය.වල් ඌරකු, ගෝනකු, මුවකු වැනි සතෙකු දඩයම තමන්ට සහ “කික්කි”... URL",0,sinhala
ශගුන් කියයි ඉශිත කියයි රමං බල්ලා කියයි මොන කුනුහබ්බද බං මේ >:( මට නං තේරෙන්නෙ නෑ -_- . — feeling angry,0,sinhala
මේ හුජ්ජ කොල්ලො කුණුහරප කියල අපේ ජේෂ්ඨ උත්තමයගෙ හිත රිදුනද දන්නෑ.. #ATweetFromVihiluSystem,1,sinhala
පුදුම පොන්න පකෙක් නෙ මූ ඉන්න තැනක් දන්නව නම් ගිහින් හුකෝලා එන්නෙ ගොං පකයට යකො පාඩුවෙ හිටියම එනවා හැමින්නෙන්න හොදට හොඳයි අපි නරකට ඊට හොඳයි පකයා දන්නෑ තාම අනික දෙයක් දැනගෙන කතා කරන්න ඕන මේ හුත්තා එහෙම නෑ අම්ම අප්ප ළමා ළපටි එක්කම පොන්න සිපයි වෙන්නැති හුත්ත පවු අහිංසක උන්,1,sinhala
"දන්නවනෙ ඉතින්. මට මෝඩ වැඩ කරන්න හෙනම හැකියාවක් තියනව කියල. ඒ ඇරත් මට තියෙන්නෙත් රිදෙන, උණු වෙන හිතක් කියලත් දන්නෙවත් කීයෙන් කී දෙනාද සුවී",0,sinhala
කොහොමද පට්ට නේ,0,sinhala
"ප්‍රධාන ටික පුරුශලිංගය=පයිය,පක ස්ත්‍රීලිංගය=හුත්ත,කිම්බ නපුංසකයා=පොන්නයා වෘෂනබිජ=ඇටදෙක ශුක්‍රාණු=කැරි *මේවා කුනුහරප වෙන්නෙ කොහෙමද? *කොළඹ සිංහල මහාචාර්ය කෙනෙක්ම කියලා තියනවා ලංකාවේ තියෙන එකම කුනුහරපය ""ගණිකාව"" කියන එක විතරයි කියලා.අනිත් එවා මිනිස්සු හදාගත්ත පහත් දේවල්",0,sinhala
බෝඩ්මේ කරන්ට් කපල යකෝ... යකෝ ඇන්ට්ට හෙන ගහන්න එපායැ...,1,sinhala
හම්මෝ ඒකි මගේ ලෙලි ගලවයි.,1,sinhala
කන්දෙ දෙයිහාන්දුරුවනේ මේ ගෑණි ඒවත් දෙසාබෑවද අක්කන්ඩි,0,sinhala
"අඩො ගුලි කලද බන් ඉන්නේ.. ESPNcricinfo · 24 Mar 2021 A HUNDRED ON DEBUT for Pathum Nissanka Sri Lanka fans, remember the name! #WIvSL",0,sinhala
ඔව්. උඹලට හොරාකන්න බෑනේ ඒවගෙන්.,0,sinhala
විනාඩියක් ඇතුලත නුවරඑළිය පට්ටිපොල බස් එකම කලු දුමෙන් පිරී ගියා මේ බස් මේන්ටේන් වෙන්නෙම නැද්ද? බස් ගැන නම් මම දන්නෙ නෑ. ඒත් එන්ජින් එකේ උඩ කෑල්ල ගලවල දිග මිටකින් තට්ටුවක් දාල තමයි බස් එක ස්ටාට් කරගත්තෙ,0,sinhala
කොන්ඩේ කපන පන්තියට යන කොට අනිත් උන් අපි දිහා බලන්නේ හෙන පොරවල් වගේ බන්,0,sinhala
''ඉගුරැ දීලා ... මිරිස් ගත්තා වගේ වෙයි'' ද ??? 'අලුත්ම පිස්සා වැඩ පටන්ගන්න කලින්ම පිස්සු කෙලිනවා' ''කොහොම ද සෙල්ලිපි කොටන්නේ...පරණ වගේ...'',0,sinhala
දෙයියන්ටත් ආමී එකේ පිහිටයි,0,sinhala
"මෙයා අපරාධයක් කරලද ,නැත්නම් මෙයාට අපරාධයක් කරන්නද ...?",0,sinhala
මට ඉන්නෙ මං උඹට ඉන්නෙ උඹ තමන්ගෙ වැඩක් බලන් පාඩුවෙ හිටපන්...,0,sinhala
NGO සල්ලි වලට පොන්න වැඩ කරන පොන්නයෝ Vikalpa · 15 Aug 2018 දකුණට බොහෝ දේ අමතක කළ හැකිය [‘සෙන්චෝලේ සමූළ ඝාතනය’ වසර 12කට පසු!] URL #Sencholai #Sencholaimassacre #srilanka #Jaffna #Justice #WarCrimes,1,sinhala
හරකා ඌරා කුකුලා කියන්නෙ වඳවෙන සත්තුත් නෙමේ උන්ව කන්නෙ අවිහිංසාවාදී දහමේ නමිනුත් නෙමේ ඒ නිසා ඒක සත්ත්ව හිංසාවට... URL,0,sinhala
අම්මො කටට කෙල ඉනුවා,0,sinhala
අයිසෙ ඇඩ්මින් ගංජා ගහලද? Maනූ · 22 Jul 2019 Yeah seems like,0,sinhala
ටහුඩු මේ... Kamani Shiromali · 19 Oct 2016 mala gekata yanna practice kiyandoooo,0,sinhala
එ්ක හොයන්න කලින් ජාතික එකේ ටෙලිකාස්ට් වෙන ධර්ම දේශනය එකපාරටම නවත්තපු ගොනා කවුද බලපං,0,sinhala
දවසක 'ඩේවිඩ් ගෙටා' මැරුනත් ඌව දන්නවද කියල අහන මිනිස්සු ඉන්න රටක් අයිසෙ මේක,0,sinhala
යකෝ විභාගෙ ලියනවට වඩා කට්ටක් කන්නෙපැයි කැම්පස් එකේ රෙජිස්ටර් වෙන්න.,0,sinhala
අම්ම කිව්වා පින්තුර ඔය එවල මෙවල දාන්න එපා කියලා...ගැණු ළැමයි පේළියට ගෙදරට එනවා...අදරෙයි කියන්න..ඉතින් බැනේ...,0,sinhala
මුස්ලිම් ජාතිකයේක් නං මේ පුවත කොහම කියය්ද,0,sinhala
ඒකෙන් ඩොලර් එක අහසට නැග්ගෙ නෑ ඩාලින්,0,sinhala
හැම ට්වීට් එකටම ලයික් කරන වගේ යාලුවෙක් හැම ෆ්‍රෙන්ඩ් ලිස්ට් එකකම ඉන්න ඕනේ මංනම් කියන්නේ.. පට්ට ඈ,0,sinhala
හැම ආණ්ඩුවක්ම අයවැය තුළින් රජයේ සේවකයන්ට වැටුප් වැඩි කිරීම මැති ඇමැතිවරුන්ට වැටුප් හා දීමනා වැඩි කිරීම උපරිම හොදට කරනවා.,0,sinhala
කොමිසමේ නිලධාරීන්ට මහජන බදුමුදලින් පඩි ගෙවන එක අපරාධයක් .. නඩු දානවා.. ටික කාලයක් ඇදගෙන යනවා.. ආපහු ඉල්ලා අස් කර ගන්නවා,0,sinhala
අද නම් මහ එපාම කරපු දවසක් රෙද්ද,0,sinhala
"බල්ලෝ බලල්ලු හදන හැත්ත දැනගන්න ඕනේ උන් හදන සත්තු උන්ගේ වතුවල විතරක් මළපහ කරන විදිහට හදාගන්න. පාරේ, අනික් මිනිස්සුන්ගේ වතුවල මළපහ කරන්න ඉඩ දීලා ඔහේ බලං ඉන්න උන් බඩ ගිහිල්ලා මැරෙන්න ඕනේ #සාප",1,sinhala
තමුසෙ NSBM ගිහින් ඩිග්‍රියක් කරනවා කියලා බොරුවක් නේ කරේ? කොහෙ හරි කෙලවරකට ගිහින් පාරක් ගහන් හිටියා නේ. මූ කියන කිසි දෙයක් උඹ දන්නෙ නෑ නේ.,1,sinhala
එකපාරටම මොකෝ මේ. තාත්තා කප් එක පත්තු වුණානේ,0,sinhala
මේ දඩයම් කරන්නේ විරැද්ධ පාක්ෂිකයන් නමි ජෝන් අරාබි වසන්තය නුඹලාගේ පාමුල .හකුළා ගනිවු මේ දඩයම් බල්ලා .අප නුඹලාගේ... URL,0,sinhala
දැන් ඉන්න හුජ්ජ කොල්ලො කෙල්ලෙක් නිසා යාලුවට පිහියෙන් ඇන්නට අපි ඔය කාලේ බොක්කෙන් ලව් කරේ කෙල්ලන්ව බෙදාගෙන.. විලියම් ටෙල් එකේ වාරා බීබීසී රොබින් හුඩ් එකේ මැරියන් රොබින්සන් අන්දරය එකේ ජොආනා සක්වල ඳගකාරයෝ එකේ ලුසී රිදී ඉර එකේ පැන්චා.... #මතක,1,sinhala
ජාතික ලයිස්තුවෙන් ආව එවුන් රඟනවා #ඉන්නහිතෙනරටකට #gota2020 #2020Election,0,sinhala
කවුරු දැම්මත් හෙන ගහන ඇත්ත,0,sinhala
අර උගේ ප්‍රොපයිල් එක දාලා උගේ කෙහෙල් ගෙඩිය කියලා පින්තූර දාන ඇප් එක යූස් කරන උන් ඉන්නවා නේද? උන් තමයි තමන්ගේ බිජ්ජ පොඩි එක ගැන විස්සෝප වෙන උන් #බිජ්ජ_කොට_උන්ගේ_ඇප්_එක,1,sinhala
තෝ පොඩි එකා ක්ලාස් දානෝ කියලා ක්ලාස් ගිහින් ක්ලාස් එක ලග රස්තියාදු කාරයොත් එක්ක කාබර ගානෙ ගිය. ඒ මදිවට ඒසි අහුවෙලත් නැහැ කියන බෝඩිම ලගපාත ගෙදරක වලියක් ඇසුන මටත් ක්ලාස් යන පොඩි එකෙක් සිටියානම් කියා දරු දුක පහල විය.,1,sinhala
"රෙද්ද . මං ඉස්කොලෙ ගියෙ නැත්තන් එදාට එක ගුරුවරයෙක්වත් ඇවිල්ලත් නෑ, හෝම් වර්ක් බලලත් නෑ බර්ත් ඩේ එකකුත් තිබිල -_- :/ කරුමෙ :/",0,sinhala
"ඔව්, පර තඩි එකෙක්",1,sinhala
ආයෙ බැල්ලි කියන්න එපා අපේ හිත්මයි කිලිටි වෙන්නේ,0,sinhala
ඔකිට හෙන හැත්ත හතක් ගහල මැරෙන්න ඔනා.,1,sinhala
ඇයි බොල... වස්තුවේ කිව්වම ඇගෙන් කෑල්ලක් යනවද.???,0,sinhala
ඉරාජයත් හෙන පොන්න ආතල් ගන්නේ,1,sinhala
තෝ වගේ එවුන්ට පේන්නේ එහෙම තමා,1,sinhala
ඔවුනොවුන් සියල්ලන්ගේම අදූරදර්ශි මුග්ධ කම රට විනාශයට පත්කලා..,0,sinhala
ඒ බල්ලා twitter ඉන්නවද??,1,sinhala
ඔකාව අල්ලන් ඉන්න ඔනේ ඔක්කෝටම කලින්,0,sinhala
අම්මෙක් කියන්නේ දුවෙක්ට ලැබෙන හොඳම ගුරුවරිය.. තාත්තෙක්ට දුවෙක් එක්ක කතා කරන්න බැරි ගොඩක් දේවල් අම්මෙක්ට පුලුවන් කතා කරන්න.. ඒත් වේසියෙක්ට පුලුවන් එකම දේ තමා එකී යන වේස පාරේම දරුවාව ගෙනියන එක.. එහෙව් වේසියන්ට අම්මෙක් කියන්න පුලුවන්ද.. බෑ.. උන් ඇවිල්ලා #පට්ට_පඳුරු_වේසාවියෝ,1,sinhala
"""හුත්තො, යන එකී යයි, ඉන්න එකී ඉදියි, තෝ පිස්සු කෙලින් නැතුව ඉදපන් උබට අයිය ඉන්නවනෙ බං මොනදේටත්"" කියන්න හරි..,... URL",1,sinhala
"බුකියේ වියන්ගොඩ තුමාට කොමෙන්ටුවක් ....""ඩොලර් වලට පුක දීලා තමන්ගේ ගෑනිත් දෙන පොන්න වසලයෙක් ඕක.."" .... #LetMeVote ! #lka #sriLanka #SriLankanPolitics #Colombo",1,sinhala
මම සහාරාන්ව මෙහෙ උරන් ඵක්ක නිදියන්න දාලා තියෙන්නෙ.,0,sinhala
හයිබ්‍රිඩ් කාරයට සහ කොළඹ සුපිරි නිවස වෙනුවෙන් වෘත්තීය සමිති පාවාදුන් රනිල්ගේ හුජ්ජ කොල්ලා: URL,1,sinhala
බැල්ලිට බැල්ලි කියන්න ඕනේ නෑ මැනික බැල්ලි දන්නවා බැල්ලි කොහොමත් බැල්ලි කියලා. හැබැයි මට්ට පට්ට කෑල්ල කියන්න බැරි උනා,1,sinhala
අර රත්නප්‍රිය කියන පරයා රස්සාව හරියට කරනවද කියලා හොයන්න එකෙක් නැද්ද.පඩි ගෙවන්නේ අපේ සල්ලි වලින් නේද? අපෙන් පඩි අරන් රට කනවා බල්ලා #සිතුවිලි,1,sinhala
ෆුල් ෆොටෝ දාන්නේ නෑ ජෙරී .. ඉතුරු කෑල්ල නෑහ් .,0,sinhala
දවසකට දාහ ගානේ තුන්දෙනෙක්ට පුක දෙන්න ගත්තනම් මාස තුනෙන් පොන් එක ගන්න තිබ්බා නන්ගි. නිකන් තියෙන පුක ඕක රෙන එකට වඩා වැදගත් දෙයක් කරන්නෙත් නැහැ වකුගඩු දෙන්න එපා ඔයා ෆොන් එක වෙනුවෙන් පුක දෙන්න. No one · 13 Sep 2018 වකුගඩු දෙකක්ම තියෙන එකේ එකක් දුන්නම මොකෝ.....,1,sinhala
සර් සා. පෙ ප්‍රතිපල කාවද්ද දන්නේ නෑ එන්නේ,0,sinhala
ෆොටෝ ක්‍රෙඩිට්ස් විතරයි අයිසෙ දීල තියෙන්බ්,0,sinhala
දවල් පැයක් නිදා ගත්තා. ඒ පැයට බංගි තුන්පාරක් මාව ඇහැරෙව්වා. #කරුම,0,sinhala
ඒවා ගෙනාපු එවුන් තාම යහතින් උන්ගේ රෙද්ද අස්සේ.. සකල සිරින් පිරි සිරි ලංකාව.. තවත් දෙමු දෙපැත්තට තට්ටු මාරුවට මේ පාරත්.. #lk #SriLanka #Politicians හංසි · 15 Jan 2018 කොකේන් පුච්චන්නෙත් උත්සවශ්‍රීයෙන්...නොදකින් පර හැත්ත...,1,sinhala
#IAmWrath පට්ට ෆිල්ම් එකක් ඈ,0,sinhala
නොදකින් බන්. මුන් තමයි ලොකු උනාම රට කන්නේ.,1,sinhala
"එතකොට තියන ඉස්කෝල වහනවද......! ඔය කවුද මුත්තෙක් හදෙන් හාල් ගෙනාවලු, බුලත් විට කන අයට චුයින්ගම් දුන්නලු..... අනේ මන්දා... මෙයාටත් අගහරු වලින් මොනාහරි ගේන්නවා වගේ කියන්න වෙයි.",0,sinhala
කවුරු උදව්වක් ඉල්ලුවහම හෙවිල්ලක් බැලිල්ලක් නැතුව අනික් පැත්තට බොක්කෙන්ම උදව් කරන්න යන ගොනා විකුණන්නොනි. මේක හරියන් නැ,0,sinhala
"කියන්න තිබ්බේ ""මම තමයි මේ රටේ මොංගල් පවුල රන් කරන එඩිටර්""",0,sinhala
ජිගලෝ වර්ගයේ පොන්න සිපයියා වන නියොජ්‍ය අමාත්‍ය රංජන් රාමනායක විසින් සිය ගූ බට්ටෙකු හරහා රහස් පොලිසියට ලබාදුන්... URL,1,sinhala
"ආර්ථික හා සංවර්ධන දැක්ම "" අල්ලපු ගෙදර බල්ලා """,0,sinhala
මොකක්ද බං ඔය කරුම ජීවිතෙ..,0,sinhala
අඩො ආයෙත් මාස ගානකට fb එන්න වෙන්නෙ නෑ...පරිසිස්සමින් ඉදහල්ලා මන් යනො සෙට් වෙමු ආයෙ ජීවත් වෙලා හිටියොක්,0,sinhala
පින්සිද්ධ වෙනවා... !! අඩො.. මූ ඕකෙන්ම ලියුමක් ටයිප් කරල සියදිවි නසාගත්තොත් මල ගෙදරදි සෙට් වෙමු අහ්..,1,sinhala
අඩො අඩෝ ඒව ඔට්ටු නැ,0,sinhala
"මේක අහපල්ලකෝ, පුක උඩ දාගෙන වැන්ඳට තොපේ අම්ම මේ ලෝකේ හොඳම අම්ම වුනාට , තොපේ අම්මට බුදු වෙන්න බෑ වඳ පකෝ. හූ ... හූ... ඇද්ද තොපිට?",1,sinhala
"කටට රසට වගේම දිව පිනා යන නියම flavors එක්ක හිතේ හැටියට මචංලා සෙට් එකත් එක්ක dish එකක් try කරන්න නම්, මචං තමයි ඒකට... URL",0,sinhala
එක්කෙනෙක් බැංකුවට ගිහින් එයාගෙම Account එකෙන් සල්ලි අරගෙන ඒ වෙලාවේම එයාගෙම account එකට දාල කවුද බන් ඒ හරකා,0,sinhala
ඇත්තම කියයි....වැලේ වැල් නැතිව ඉදලා මහ මැතිවරණයට ලක්ෂ 50 ගානේ අපේක්ෂකයන්ට දුන්න හැටි වෙන්නැති,0,sinhala
මං අහලා තියෙනවා තමුසෙ කියන වචනෙ ඩොමිනේට් ගතිය වැඩිලු,0,sinhala
සංචරණ සීමා dammata වැඩක් නැහැනෙ නීතිය අකුරට kriyathmaka නොකර,0,sinhala
ඕක ඉතිං අලුත් නාඩගමක් යැයි තෝ ඉස්සර ඉඳන් කරන වැඩේනෙ,1,sinhala
"'නාතන් මෝඩයා #askprisoner""ඉතා මෝඩ <3",1,sinhala
ඔහොම බේරුනා හොදා බිජ්ජ එහෙම ඇල්ලුවනම් බඩුම තමා,1,sinhala
"දේශපාලනය පිළිබඳව, ඔබ වහන්සේ දරණ මධ්‍යස්ථ- ජනතා හිතවාදී මතය සතුටක්. මක්නිසාද බොහෝ දෙනෙක්,තමන්ගේ පිලේ උදවිය මොන වරදක් කළත් ඒක හරියි කියන වන්දි බට්ටයන් වීම නිසා, කවදාවත් පාලකයන් නිවැරදි මගට අරගන්න බැරි වෙලා තියෙනවා.",0,sinhala
DSLR එකක් නැති එකම DSLR පිස්සා මමද එතකොට,0,sinhala
"කුසගින්නෙ ඉන්න අයට වැසිකිළි යන්න උවමනාවක් ඇතිවෙන්නෙ නැහැනේ.එහෙම උනාම ගම්වල ඉන්න ඌරන්ටයි බල්ලන්ටයි කන්න මුකුත්ම නැහැ. උන් කරන්නෙ පැත්තකට වෙලා මරගාතේ තැන් තැන්වල වැටිලා ඉන්න එකයි.අන්න ඒ බල්ලො උපමාවට අරගෙන තමයි ""පයියාගල බල්ලා වගේ"" කියලා ප්‍රස්ථාව පිරුළු හැදිලා තියෙන්නෙ.",0,sinhala
දැන් නම් මේ හුත්ත එපා වෙලා තියෙන්නේ,1,sinhala
ලංකාව දැක්කත් ඇති නැව් පිටින් ගිනි ගන්නේ. ලංකාව පට්ට hot අනේ!,0,sinhala
"යමපාලන ශබ්ධකෝෂය: අරකා, මේකා, අයිසේ, තමුසේ, ගෙම්බා, රීරියකා, බල්ලා, පාදඩයා, කලවැද්දා...",0,sinhala
තොට හොඳ වැඩේ... සාදු සාදු...,0,sinhala
ඔව් ඉතින් උසාවි යනවා මද්‍රසා පාසල් වසන්න කව්ද යකෝ හෙඩ්ලයින් එක විතරක් කියවලා පෝස්ට් හදන්නේ JVP ඔයා හෙන චාටර් දැන්,1,sinhala
එහෙනම් මොන බම්බුවක්ද ඔතන කරන්න,1,sinhala
තව දවස් ටික්කින් ඔය ඔක්කොම එළියේ ඉඳියි. යම පාලනයට මරවරුන් නැතුව කොහමද...??? #CoupLK,0,sinhala
මං ගැන ඇගේ ඇති ආලය මකාපන් ... වැව රවුම වටේ ඉඳ හිට විතරක් පලයන් ... නෙත් දෙක වැසුනු කල ඈ මා වෙත එවාපන් ... අම්මෙක් වගේ මගෙ රන්කඳ බලාගන් ...,0,sinhala
ලියනගේ පයිය කපනවයි කියන්නේ?බයේ බෑ බං :3,1,sinhala
පක තමයි අන්ඩුදෙකේම ගූපුච්චන් කන පකේ දේෂපාලනේ නිසා.ඒකටත් ජාතිවාදී හුත්ත ඇදල ගන්නවා පකයෝ,1,sinhala
යකෝ ඔච්චර හොද කෑම තියන රටේ මොන ලබ්බටද අමු මාලු කන්නෙ,1,sinhala
"සිගරට්,ගංජා,අරක්කු,කුඩු ගහන ගොබිලන්ට තේරෙන්නේ නෑ ගූ වලේ බැහැලා අතින් නහය වහගන්නවා වගේ වැඩක් මේ ආතල් එකට කෙටි උත්තේජ හොයන එක කියලා. තව අමනයෝ සෙට් එකක් ඉන්නවා ""මම ගංජා කාරයෙක්""කියලා සමාජෙට පෙන්නන දගලන.උන්ට හිතන්න මොලයක් නෑ මේක ගෙදර දොරේ ""අම්මා බඩුව"" කියලා පෝස්ටරයක් ගහනවා වගේ කියලා.",1,sinhala
", රෙන්න තියෙන පුක දෙන්නේ නෑ මල්ලී, පුක ආදායම් මාර්ගේ කරගන්නේ නෑ.",1,sinhala
අපි හොදින් ඉන්නවා මයේ රත්තරන් යාලුවා. තෝ අද ඔෆිස් ද කැ^*¥o,1,sinhala
අද කාලයේ හැටියට යහපත් අදහසක්,0,sinhala
රාජිතගෙයි පුතා චතුරගෙයි සක්කිලි ගති - අහන්න වීඩියෝව VIDEO-->URL #lka #Colombo #PCelectionslk,1,sinhala
"කව්ද බං මේ අසන්ත ද මෙල් කියන එකා? කාලකණ්නි පාහර බල්ලෝ. තුක් නොදකින්.. නපුන්සකයා. කුලේ අයියාගෙ වටිනාකම දන්නා ස්‍රී ලාංකික ක්‍රිකට් ප්‍රේක්ෂකයන් අතර, මේ වගෙ පොන්න ගොං, තකතීරුවෙක්. උඹ දන්නවද, නුවන් කුලසේකර කියන්නේ කලක් ලෝකයේ සිටි අංක එකේ පන්දු යවන්නා ඔහු. කියලා?",1,sinhala
"RT Alien86_: සල්ලාලයො තුන්දෙනයි , පට්ට බඩුවයි, පවු අසාහය කලාකාරයෝ දෙන්නෙකුත් අහුවුනා. #100my3days #SriLanka #Pr… URL",1,sinhala
නොමැරියන් පුත මා තොට කියනවා පැන්නොත් වෙන විපාකේ තා හොදටම දන්නවා කාශ්‍යපට හැකි අපිට බැරි ඇයි යැයි දැන් තේරෙනවා අපිටත් දවසක් එ සහනයම ලැබේනවා,0,sinhala
සාමෙන් සාමෙන් පයිය ඉන්නේ,1,sinhala
අඩො සද්ද තියාගන්න එපා,1,sinhala
හම්මේ පට්ට විෂ් එක,0,sinhala
බොර දියේ මාලු බාන්න එපා. උඹලගෙ කැරැට්ටුව අපි දන්නවා. රණතුන්ගලා නේද හොඳ?,0,sinhala
ලබ්බ බහින සංගමය කියලා වගේ එකක් හැදුවා නම් හරි. Amila Chathuranga · 17 Nov 2020 මටත් මොනාහරි බලපුලුවංකාර කමක් තිබ්බ නම් යටට අදින් නැති අයගේ ජාතික එකමුතුව කියලා සංවිධානයක් පිහිටුවා ගන්නවා. යට අදින් නැති අපිට තියෙන විශේෂ ප්‍රශ්ණ ඒ හරහා ජාතික තලයට ගෙනියනවා.,1,sinhala
"""තෝ මට පිරිමි සංහතියම එපා කරා.. මමනං ආයෙ මැරෙන තුරාවට පිරිමියෙක් දිහානං ඇහැක් ඇරලවත් බලන්නෙ නෑ අම්මපා.ශිට් ! අනේ... පිරිමි හැමෝම එකයි"" කියලා යන කෙල්ලො ඔක්කොම ඇත්තටම එතනින් පස්සෙ පිරිමියෙක් දිහා ඇහැක් ඇරලාවත් බලන්නෙ නැතුව හිටියනං මේ වෙනකොට සිංහල ජාතිය සුළු ජාතියක් වෙලා ගොඩක් කල්",0,sinhala
ගිය මාසේ බී ැප් එකේ පාස්වර්ඩ් මතක නැතුව පිස්සු කෙලලා මට ක්‍රෙඩිට් කාඩ් කට ගෙවන් අමතක වුනා.. හුකා.. ඇමෙක්ස් වල ලේට් චාජරස් රුපියල් එක්දාස් පන්සියක්.. 2010 ඉදන් ක්‍රෙඩිට් කාඩ් ඉතිහාසෙටම මෙහෙම ලේට් ගෙව්වමයි.,1,sinhala
අඩො කවුරුද බැන්නේ මගෙ පුසට///??? URL,0,sinhala
ඒකට ඉතින් අමාරු උඹටනෙ,0,sinhala
නැග්ග වෙලේ ඉදන් හිනා වෙන පිස්සා කව්ද කීලා බලනවා ඇති බය වෙලා.... :-D නැත්තන් කෙල්ලෝ හරි හොදා .. මුස්පේන්තු නැතුවා ...,1,sinhala
යකෝ අහවල් එකටද අඩන්නේ,0,sinhala
පිස්සු වට්ටන්න එපා යකෝ,0,sinhala
දැන් ඉතින් තියෙන්නේ හරකාට වෙලාවට කන්න බොන දෙන එක විතරයි.නැත්නම් හරකා අහල පහල වතුවලට පැනලා වගා හානි කරන්න ඉඩ තියෙනවා.ඒ වගේම තමයි පොඩි අය මේවා තනියම හදන්න යන්නෙපා..අම්මලා තාත්තලා පොඩි අයට මේවා හදලා දෙන්න හොදේ.,0,sinhala
"මෙව්වට තමයි කියන්නේ ""අශ්වයා ගියාට පස්සේ ඉස්තාලේ වහනවා"" කියල...!!!! GIF",0,sinhala
අඩුමගානෙ ගෙදර අම්ම හදන තේකවත් අතට ලැබෙන්න තරං තමන්ගෙම ගෙදරවත් තැනක් නැති එවුං සෝෂල් මීඩියා කෑල්ලක් ඇතුලෙ පොරවල් වුනාම ඔාහොම තමා ෆ්‍රෙන්. එයාල බයයි එයාලගෙ පොරත්වෙ ප්‍රශ්න වෙනවට. ඒකත් කෙල්ලෙක් අතින් වුනාම වෝස් දෑන් එවර්,0,sinhala
මොකටද මෙයාල කඩේ යන්නෙ මොනවාවත් උනේ නැති ගානට අනේ චීවරෙ.,1,sinhala
11 others පල පල යන්න . . . තෝ බිජ්ජ දිහා බලන්න පීනිස්කෝප් එකක් පාවිච්චිකරනව නේද ?,1,sinhala
"මේ වගේ අමු පට්ටපල් බොරු දාලා, delete නොකර ඉන්නේ මොකෝ දන්නේ නෑ NGO uncle? Delete කරොත් account එකට වැටෙන $ ටිකට කෙල වෙන නිසාද ? ඊයා ලැජ්ජයි මේ වගේ සක්කිලි වැඩ ගැන. අන්න ජාත්‍යන්තර මාධ්‍ය වලත් යනවා. ඒකනේ කරගන්න ඕන උනේ නෙහ්?",1,sinhala
චන්ද්‍රිකා යුද්ධයෙන් 75% ඉවර කළ අයුරු .. 3:) 3:) 3:) (බැල්ලි ) URL,1,sinhala
ඕක පිටකොටුවට ගෙනත් වෙන්ද්සි කරපන් පර වේසි,1,sinhala
ඈත පලාතකින් කොළඹ ඉන්ටවීව් එක්කට එන කෙල්ලෙක්ට හුජ්ජ බරක් මගදි හැදෙනෝ. බස් කාරයට නවත්වන්න කීවම එහෙනම් ඔයාල බැහැගන්න කියනෝ. අර කට්ටියට ඉන්ටවීව් යන්න පරක්ක්කුය් ලු. ඉතිං ඒකට සහභාගි වෙන්න ඕනි කියල කිව්වම ඩ්‍රය්වර ඒත් ඇහුවෙ නෑල්ලු.. මට අනුව ඩ්‍රය්වර හරි..,1,sinhala
"ෆේස්බුක් කී බොර්ඩ් විරුවන්ට කලකදී හුජ්ජ කොල්ලන් වූ සිංහල අපිව, දැන් උන්ගේ වෝල් එකේ ප්‍රධාන මාතෘකාව බවට පත් වෙලා.",1,sinhala
චික් නොදකින් අසහනකාරයා නාකි ගෑනියෙකුට නිදහසේ යන්න නෑනේ,1,sinhala
ලක්ෂ්මන් කිරිඇල්ලට දැනුයි හිරිකිත...තොපි වසර පහක්ම හිරිකිතයි අපට..,1,sinhala
ඔක මෙලෝ රසක් නැති කෑමක්..ගෙනාපු මෝඩ කමට මාත් දවසක් හැදුවා,0,sinhala
නෑ බොල ලා දුබුරු,0,sinhala
ඕකනෙ කියන්නෙ ජෙරීට මුල අමතකයි කියල.. ඔව්ව හෙනගහන වැඩ ඕයි.. තොට මතක නෑ එදා මම මුදු හොයන්න රටවටේ ගියා..,0,sinhala
මගෙ ගැන හිතන්නෙ .......මං ගන හොයල බලන්නෙ නැති අය වෙනුවෙන් මං මොකටද කදුලු සලන්නෙ.......මට පිස්සු නෑනෙ......උන් වගේ මාත් හිනා වෙලා ඉන්නව......මටත් උන් නැති උනාට ගානක්වත් නෑ කියල,0,sinhala
තව එකෙක් පස්සෙන් එන්න වෙයිද දන්නේ නෑ බැහැපු ලබ්බ දූවිලි ගෑවෙන්න නොදී උස්සන් එන්න,1,sinhala
", ඔව් මන් තොට ආදරෙයිනෙ. ඒකයි",0,sinhala
වල දාන එක හරි පුච්චන එක හරි විද්‍යාත්මක කටයුත්තක්. ආගමික හේතු මත ඕක ගැන කථා කරන උංට ගහන්න ඕන මුලින්ම. මෝඩ යක්කු..,1,sinhala
නිකමට මේක කියවහන්කෝ. ඉංග්‍රීසි එච්චරම ක්ලින් නැත්තන් ට්‍රාන්ස්ලේට් දාලා හරි කියවහංකෝ. පිස්සු හැදෙනවා. Reuters · 8 Aug 2021 Five financial implications of the #Olympics: The close of the #Tokyo2020 Games does not mean the end of financial questions surrounding an event that went ahead without spectatorscost more than twice as much to host as initially planned URL,0,sinhala
"+ SM වලියක් ගියාද? - ඔව් + පුප බිම ඇනීගෙන වගේ ආවද? - ඔව් + එතකොට පැනපු ගමන් අනිත් එකාගේ අම්මට, ගෑනිට දරුවාට කුණු කතා කිව්වද? - ඔව් + ඒකට තමයි යකෝ පොන්නකම කියන්නේ",1,sinhala
නරකද ඔක්කෝම රාජපක්ෂ සහෝදරවරැ ටික තරගයට දැම්මොත් ? රට රාජපකෂ බූදලේ නේ........... ඇත්තෙන්ම රටේ වෙන මිනිස්සු ඇත්තේම නැද්ද ?,0,sinhala
සුනාමි මුදල් (රාඩා) වංචාවේ ලොක්කෙක්ට පිස්සු හැදිලා ? URL,0,sinhala
"ජීවත් වෙලා ඉන්න කං උන්නද මලාද කියලා හොයන්න එකෙක් නෑ, මැරැණම දානේ කන්න නම් එයි පෙරේත හැත්ත",1,sinhala
මන් ඉස්සර නම් ගොනා හරකා කියලා ට්වීට් දැම්මේ! හැබැයි දැන් කියන්න තියෙන්නේ පාලිත තෙවරප්පෙරුම ඇවිල්ලා රත්තරන් මනුස්සයෙක්!,0,sinhala
මගෙ ඇදුම් ඉඹ ඉඹා අඩන හැටි මැවෙනවා… ඔය ගෑණි මං නැතුව ඉදලා නෑ දන්නවා… දොර ළගම බලාගෙන අනේ ඇති හිතෙනවා…. නොකියාම ගිය හින්දා තරහින්ද හිතෙනවා… (2/3),0,sinhala
කටින් කියන ශාක්සි නම් අදත් හෙටත් හැමදාමත් එයි..හැබැයි ඉතින් ඒවා විශ්වාස කරන්න තරම් මෝඩ වෙන්න එපා,0,sinhala
"කතා කරන වචනෙන් බෑ බම් මිනිස්සු මනින්න.. අක්කෝ/අක්කි/මල්ලියෝ කිව්වත්, වරෙන්/පලයන් හුත්තෝ/පකෝ කිව්වත්, ඇරලා යන්න ඉන්න එකා අරිනවා.. ආයේ එකේ දෙකක් නෑ බන්..",1,sinhala
හතම ගන්නෙ නෑ අයිසෙ. ඒව බැක්අප් එකට,0,sinhala
"එයා දැන් නාකි නිසා වෙන්ඩ ඇති නේද නාකි විසේ ගෙටත් උසේ හා.සේ නුවර හාමු · 25 Aug 2021 අයියෝ ,දැන් ලංකාවේ තාරුණ්‍යයට මොකද වෙන්නේ ? කනට ගහලා හරි එලවන්න රටක් ඉතුරු උනේ කවුරු නිසාද කියලා අමතක කරන්න එපා....",0,sinhala
ඉසුරු තොගේ හැකර කට වහපන්..තෝ කියන එකේ අනිත් පැත්ත වෙන්නේ. — feeling angry,1,sinhala
අපේ උන්දලාට කොරෝනත් අමතකයි...රට වැහුවා කියලත් අමතකයි...ගෙවන පඩිය කොහොම හරි ගෙව්වා කියලත් අමතකයි...මෙච්චර අමාරු කාලෙත් තමන්ගේ මඩිය තරකර ගැනීම වෙනුවෙන් තමයි ඔක්කොම ඉල්ලීම්.. ( ලැජ්ජයි සෞඛ්‍ය සේවකයෙක් විදියට),0,sinhala
ඒකයි අද උසාවි තීන්දුව බලනකොට අපට තේරෙන්නේ,0,sinhala
තමුසෙ චතුර සේනාරත්න ගෙ පොඩි මල්ලිද අයිසෙ,1,sinhala
අනික් පාර හැදුවෙ ගල විද්දට පස්සෙනෙ නංගිහ්,0,sinhala
ඉස් ඇට් මිහින්තලේ ගල මුදුනේ සිට....,0,sinhala
ඔව් ඔව් මිනීමරල එල්ලුම ගහට නියමවුන එකාට සමාව දුන්නු කෙනාට හුරේකියමු හොරෙන් සිගරට් එකක් ගහපු එවුන්ගේ හම ගහමු,0,sinhala
දරුවන්ගේ ආත්ම ශක්තිය දියුණු වෙනවලු. මේ ගොන් අලියා වගේ හරක් වැඩ කරන්න ශක්තිය දහිරිය ලැබේවා...! #LKA,1,sinhala
"කියයි ඔබ ඉඩෝරයේදී, ""පොද වැස්සක්වත් ගියානන්"" කියයි ඔබ වැසි කලට, ""මොන කාලකණ්ණි වැස්සක්ද රෙදි ටික වේලගන්නත් නෑ"" මෙය නොවේද සත්‍ය ලාංකිකයෙනි?",0,sinhala
මං ආසම නැති මනුස්ස කොට්ටාසෙ තමා කාට හරි කැමති කිව්වම එයාට ගර්ල් ෆ්‍රෙන්ඩ් කෙනෙක් ඉන්නවා කියන මිනිස්සුන්ට. ඉතින් මට පාන්ද? මිනිස්සුන්ට කැමති කියන එකයි ඒ මිනිස්සු කසාද බඳිනවා කියන එකයි දෙකක්. ආදරේ ගැන මහලොකුවට කතා කලාට මිනිස්සු හිතන් ඉන්නෙ ආදරේ කියන්නෙ කසාද බදින එක කියලා. රෙද්ද,0,sinhala
මෙන්න විදුලිය නොමැති අවස්ථාවලදී ක් රෞටරය ඔන් එකේ තියාගන්න කදිම බඩුව..,0,sinhala
"අනේ යකෝ තො කාලකන්නි ෆොටෝ ගහලා මේකේ දාපන් තොගේ කෙරුවාව.තොපේ අන්ඩුව කලින් ඉදන් දැනගෙන ඉදලා තියනවා මේ විනාශය ,කාලකන්නියා අහිංසක ජිවිත නැති උනා නිසා හිනා වෙනවා වගේ සක්කිලි වැඩ පකෝමේ.තොපිට අපි බය නෑ පුලුවන් දෙයක් කරපන් අපිට මෙහෙම ලියනවට.තෝ ආචාර්ය පට්ටම ගත්තේ කොහෙන්ද කියපන් මුලින්",1,sinhala
ගහගෙන සිංහ ලේ දුවනවා අපි කැ ලේ කැලේ සිංහය සැලේ. ආවොතින් උන් මලේ. අපෙත් පුක පැලේ.. නාකි සිංහය කීවෙ ඒමයි බොලේ..,1,sinhala
මේන් මෙහෙට වරෙන් පිස්සු කෙලින්නැතුව,0,sinhala
අත් වසා මුව වසා කතුරකුත් තියාගෙන ආපු ඒ බලු වෙදා කපා මා හීනියට අල්ලලා අඩුවකින් හිතක් නැති සේ මාව මරන්නයි හදන්නේ හෙන ගහපියවු තොපිට මොහොතකට ඉල…,1,sinhala
", ටහුඩු.කෙලියා නේද",0,sinhala
මොරගහතැන්නට මුල් ගල තියල පැය 48න් මගෙ අමාත්‍යාංශය මරුකලා- ජනාධිපති සිරිසේන (ප්‍රවෘත්තියක් ). එතකොට ඇත්තටම හැදුවෙ ඔබතුමා නෙවෙයිද ?,0,sinhala
ඒ පලයන් නාකිය උබ.. ආව මෙතන,1,sinhala
වයසට වඩා බොහෝ මුහුකුරා ගිය ලමයි ඉන්න සමාජයක වයස එක්ක මුහුකුරා යන මිනිස්සු මෝඩ පාටයි.......,0,sinhala
පට්ට බඩුවත් අම්මා කෙනෙක් තමා හැබයි ඒකිට පුලුවන් වචනයේ පරිස්මාප්ත අර්තයෙන්ම අම්ම කෙනෙක් වෙන්න ..මිනිස්සු එක්ක බුදියන්නෙ නැතුව ඉදලා..අන්න එතකොට අර තියෙන ගුනයහපත් කම් කලින්ට වඩා වටිනවා අංජන අකලංක · 14 Mar 2019 Thats true,1,sinhala
"Australian PM, cricket team එකට වතුර ඇද්දෙ පකෙ සරල කමක් හින්දා නෙමෙයි ඔයි. That was a PR stunt. නොදකින් මෙ ලංකාවෙ ගොබ්බ හැත්ත. #lka",1,sinhala
"ප්‍රංශේ උන්, අපි වගේ ගස් ගල් යට, තාප්ප වලට හුජ්ජ කරනවා. ""බලපං බං, ගොඩයෝ, මුන් යන යන තැන් හුජ්ජ කරනවා"" කියලා, ප්‍රංශ ජාතිකයා තමාගේ අසල්වැසියාව පහත් කරේ නැහැ. පැරීසියේ පාර අයීනේ හුජ්ජ කරන්න තැන් හැදුවා. අපේ මිනිසුන්ට මහන්තත්වය. අනිකාට හිනා වෙන්න බලාගෙන ඉන්නේ. ස්වයං වෛරය.",1,sinhala
ඒක තමා. කෙලින් ඇවිත් කපලා යන උන් හොඳයි. පැත්තෙන් දෙන වඳ වේස වේසියන්ට වඩා.,1,sinhala
"දකිනකොට අපිට පිස්සු කියල හිතෙයි ද දන්නේ නෑ ,හදිසියේ අවේ අපේ පොඩි දරුවා මනුසත් දෙරණ meeting එකට ,,, එයත් හරි... URL",0,sinhala
"දියලුම ඇල්ල, බඹරකන්ද ඇල්ල, බේකර්ස් ඇල්ල, රත්නැල්ල, දූවිලි ඇල්ල, ගලපිටියාය ඇල්ල . . . දැනට ඔයටික උඩ ඉඳන් පුක පෙන්නල තියේ. මාවත් හිරේ දායිද ඒයි?",1,sinhala
කොරයි කොරයි. පයිය නගින්නෙ නැති උන් කරන්නෙත් ඔය උබ වගේ කෑ ගහන එක තමා. හුකා ගන්න බැරි උනාම ගමකට හුකන්ඩ වගේ කෑ ගහනව.,1,sinhala
මං මේවගෙ තැනක ගෑනියෙක් හිටං ඉන්නව දැක්ක..තරමක පට්ට ඇන්ටි පාරක්..ගෙනට් දාපු එකක් වෙන්න ඇති... Ravi Yasas · 7 Jul 2017 Saw this yesterday at Kiribathgoda Makola Road. Today I didn't see any garbage bags there.,0,sinhala
මම තෝ වගේ කොන්ඩම් පාවිච්චි කරලා නෑ යකෝ... ජීවිතේටම එක පාරයි අැස් දෙකට දැකලා තියෙන්නෙත්...,1,sinhala
රත්තරං එන්නකො මං කියාලා දෙන්නම්.... ඉස්තරම් කැමතිම රතු හැට්ටෙ අඳින්නම්.... මැණිකෙට ජහුටා පොලෙන් වස්තු ගෙනෙන්නම්.... වෙස් අරන් පස්ස දොරෙන් ඇතුලට එන්නම්.... #Chinthy #Sajje music.apple.com Lassanata Idunu by Chinthy Listen to Lassanata Idunu by Chinthy on Apple Music. 2019. Duration: 3:26,0,sinhala
උඹ මතය උඹෙ විදිහට දාන්ඩ වත් කොන්ද පන නැති පොන්නයෙක්නෙ අයිසෙ කැරි බඩුවක් ඒයි ඔයා.,1,sinhala
41 others ගෝත්‍රික ගොන් හැත්ත.,1,sinhala
ඇයි බන් කටුස්සි උබ ඔහොම ගොන් මෝඩ ගොබ්බ හරක් මී හරක් වහු පෙරේත කුම්බාන්ඩ මීමැසි ගොයන් මැසි නිල මැසි බලු සුනක බලල් හිකනල් ආකරයට හැසිරෙන්නේ,1,sinhala
#LankanMaleLokuLines කෙල්ලොනම් මොනාද මම ඊයෙත් පට්ට කෙල්ලෙකට බෑ කීවා,0,sinhala
හිටින්කෝ තෝ ගස් ලබ්බා! පොඩි කෙල්ලොන්ව අපහසුතාවෙට පත් කොරනවා. මම පොලීසී ගිහින් රමිතගේ නම කිව්වම ආය හොයන් ඇවිත් කූඩු කරයි!,1,sinhala
"වැඩිපුරම මගේ ජීවිතේ මේ විදියට වෙන්න ඕන, මේ විදියට හැසිරෙන්නෝන, මේ වගේ කතා කරන්න ඕන, මෙහෙම අය තමා බඳින්න ඕන, කෙට්ටු වෙන්න ඕන වගේ උපදේශ දුන්නෙ මගේ අම්ම තාත්තටත් වඩා මේ ජීවිතේට දැකලා නැති ට්විටර් ජනතාව... එයාලගෙන් තමයි දැන් කාලා ඇඳලා ඉන්නෙ #Lovetwitter",0,sinhala
මට කියපන්කෝ නාකියෝ ඇයි උඹ මේ රටේ හමුදාවට ඔච්චර තරහා.. උඹලා මොනවා උනත් ගන්න ඕනේ රටේ පැත්ත මිසක් ජාත්‍යන්තරයේ පැත්ත නෙවේ. උඹලා වගේ එවුන් කුණුවෙලා මැරෙනවා බලන්න ආසයි පට්ට ආසයි. රටට මෙච්චර විනාසයක් වෙලා තියෙද්දිත් තව තවත් තප්පුලනවා හරි දේට පස්ස ගහලා.. උඹලගේ ජාතකේ වැරදි තමා ඉතින්,1,sinhala
මේ වල් කතාවේ අපි නො දන්නා හරිය URL,0,sinhala
යකෝ එතකොට මන් ඇන්ටියෙක්ද බොල,0,sinhala
ඩොලර් තියෙන්නෙ මුන්ගෙ බැංකු පොත් වල,0,sinhala
නිකම්ම දාල බෑ. ඒවගේ කැත කතා කියන එවුංට පාඩමක් උගන්නන්නත් එක්ක නම් එක්කම දාන්න ඕන,0,sinhala
"මාත් යකෝ. හොඳටම දන්නවා කියලා හිතුනත්, කෝකටත් ආයේ බලනවා. දන්නැත්තං දන්නෑ කියනවා. අනේ මන්දා. පස්සේ කියයි, ""මේවා විහිළුවට කිව්වේ මෙයා, ඔයාලා ඇයි සීරියස් ගන්නේ"" කියලා.",0,sinhala
තෝ කොළඹ යනවා කිව්වා නේද හුත්තෝ,1,sinhala
අයාලෙ යන හරක් කියන්නෙ අපේ වනෝද්‍යාන වලට තියෙන ලොකු ප්‍රස්නයක්. දැනටත් ප්‍රස්න්‍යක් වෙල තියෙන හරක් ඉස්සරහට මරන්නෙම නෑ කියන්නෙ..නාකි හරක් ගැටළුවක් පෙන්ඩින්..,0,sinhala
මේ වෙන දේවල් හැටියට රටේ නම වෙනස් කරනවා නම් අපිටත් හොදයි. ඇයි යකෝ බංගලියෝ හිටන් නෝන්ඩි කරනවා දැන්,0,sinhala
ටහුඩු..!! මමත් ඉන්නවා.. කවුද බං මෙව්වා හඳන්නේ?? Rathumakara FM · 26 Oct 2018 #රතුමකරාFM #මහරෑකතිකාව එක්ක එකතු වෙන්න අපගේ ආදරණීය ට්විප්ස්ලා ගොඩාක් ඉන්නවා අපිත් එක්ක... Log on to URL Search on playstore Rathu Makara FM Someone mention Aqeeb here... We can't find him in twitter... Show this thread,0,sinhala
ඉතාමත් නිවැරදියි.මහත්මයෙක් හා ගොබ්බයෙක් අතර සටනකින් මහත්මයා දිනුවා.එච්චරයි.,1,sinhala
ටෝකා ගත්තේ පකෝ,1,sinhala
මොන කෙහෙල්මලකටද එහෙනම් ඡන්ද තියන්නෙ.,0,sinhala
එදා රෙද්ද උස්සගෙන ආව මැතිවරණ කොමසාරිස් අද කෝ.. මෙය ගැන එදත් අපට ............... හිතුන URL,1,sinhala
පරිසරය රැකගන්න එදා ඇමෙරිකාවේ සියැට්ල්ට වුණා වගේ මෙදා ලංකාවේ වන්නිලැත්තොන්ටත් උසාවි ගානෙ රස්තියාදු වෙන්ට මේ ආණ්ඩුවෙං වැඩ කටයුතු සිද්ද වෙලා නේද #හුස්මදෙනතුරු මොකටද? #නිදහසේහුස්ම වැඩක් නෑ නේද?,0,sinhala
අවජාතක බීම බොන්න ශුවර් නෑ යකෝ.,1,sinhala
අඩො දඹුල්ල ආර්ථික මධ්‍යස්ථානේ,0,sinhala
හැපී බර්ත්ඩේ චූටික්කිගෙ නාකි කොල්ලා,0,sinhala
මෙහේ ඔය ලෙඩේ පැතිරෙන්න ගත්තොත් පාලනය කරන්න නම් බෑ. වෙන කිසිම දෙයක් නිසා නෙමේ. මිනිස්සුන්ගෙ අපිරිසිදුකමයි මරි මෝඩ පණ්ඩිතකමයි නිසා.,0,sinhala
අනේ හු**.. තොට ට්විටර් එකේමද ලව් කරන්න ඔනේ!! පලයන්කෝ චට් එකට!!,1,sinhala
"ඇයි මූ එක්ක එකතුවෙලා ලංකාව ලංකස්ථානයක් කරන්නද? මූ තමයි සපරිස්ථාන්, නසරිස්ථාන් ඉල්ලලා නැගෙනහිර වෙනම මුස්ලිම් නිජ භූමියකට පදනම දැම්මෙ. මූ අද හිටියනම් ගස්වැද්දට එහා ගිහින් අන්තවාදය උඩු දුවල. ගෑණි බුර්කාව... URL",1,sinhala
පැල ගොනා වටේ එන සීන් එකක් තියෙන්නෙ දැන්. ම් ම්ම්ම් Dottie · 2 Feb 2018 මට ඔබගේ අංකය දෙන්න ?,0,sinhala
තව ඉන්නවා හැන්ගිලා හොද මුහුනු පෙන්නගෙන,1,sinhala
ලර්නස් එකේදි driving උගන්නද්දි; කෙල්ලොන්ට- > ඔයා මොකද කරන්නේ පාගලා යන්නකෝ... >තද කරලා අල්ල ගන්න ළමයෝ >ඉස්සරහ බලාගෙන යං >බය වෙන්නෙපා මං ඉන්නවනේ කොල්ලොන්ට:&gt;තොට තේරෙන්නැද්ද හරකෝ එක සැරයක් කිවුවම >පාගලා ගනිං >ඉඳකිං මේ බූරුවට එක සැරයක් කිව්වා කණ්නාඩිය බලලා ගනිං යකෝ,1,sinhala
"Safety first! 󾟳 󾟳 රෙද්ද තමයි! :) මේක දාගෙන ඇවිදින්න , අම්මට කියලා තව බත් පිඟානක්ම කවා ගන්න වෙනවා!... URL",0,sinhala
"ගොඩක් අමාරු පාටයි. රන්ජා වගේ කෑගැහුවට පට්ට බයයි වගේ. Samagi Jana Balawegaya · 23 Apr 2021 අද (23) පෙරවරුවේ විපක්ෂ නායක සජිත් ප්‍රේමදාස මහතා, රෝහල් ගතව සිටින හරීන් ප්‍රනාන්දු මහතා බැලීමට නවලෝක රෝහල වෙත ගියේය. #LKA",0,sinhala
දස කැරියො වගේ ගහගන්න යනව හුජ්ජ පැටව්.ොය ගහන පාරක් වැරදිලා කෙල උන දාට බිජ්ජ උල් කරං ගහන්න ගිය උන් මීයො වගේ හැංගි හැංගි අඬන්නෙ..ඕනම රණ්ඩුවකදි ගහන උන්ට වඩා ගුටි කන එකාට තමා වැඩිම වාසිය තියෙන්නෙ..,1,sinhala
සිරිසේනයෝ... තෝ මේ ලැයිට් කපලා මොකක්ද මේ කරන්න හදන සෙල්ලම හෑබෑට... URL,1,sinhala
ඔය රටෙ ලිප්ටන් වට රවුම තිබ්බෙ නැත්නම් ඔය රට ගොඩක් හොද තැනක් වෙලා. දැන් බලන්න මෙහෙ ලිප්ටන් වටරවුමක් නැ නෙ.,0,sinhala
තොට හෙණ ගහපන් මෝඩ මූසලය,1,sinhala
මොකුත් නොදකින් රන්ජන් ෆෑන්ස්ලා.,1,sinhala
"අවුලෙ පියා කවුද, තමන් මිස වෙන කවුද",0,sinhala
"අපි දකුණේ කියලා මොන බයිලා ගැහුවත් වැඩක් නෑ බත් මුට්ටියක් කන්න කටට රහට රුහුණේ මාළු ඇඹුල් තියල් හදන්න බැරිනං. නරක් නොවී දවස් තුනක් විතර උනත් තියා ගන්න පුලුවන්. මම ඊට වඩා තියල බලල නෑ මං නෙමෙයි, මිහිරිගෙ අම්මා කියනවා",0,sinhala
"බැරල් එක ඩොලර් 18ට ගියාම, මිල අඩු නොකරපු රටක් මේක",0,sinhala
අඩෝ හෙට pure maths නේ term test එකේ.මේ ෆුට් බෝල් බලන්න ගත්තම මුකුත් මතක නෑ.අවුලක් නෑ අද පට්ට මැච් එක ඉතින්. :D... URL,0,sinhala
උඹෙ පයිය ගිනිගන්ඩ ඇති මුලින්. එකි බ්ලොක් කරන්ඩ ඇති,1,sinhala
වාහයක් ගෙනවත් ඉන්දියන් ටෙලිනාට්‍යක් ගෙනාවත් ඉන්දියන්....මොන රෙද්දක්ද යකෝ මේ,0,sinhala
ලොකුකම දන්නැත්තේ මැන්නේ නැති නිසානේ බොල.හිතන්න මොළයක් නැනේ.ගොන්නුනේ…,1,sinhala
ඕන්න ඔය උත්තරේ තමයි නංගි මම ඔයාගෙන බලාපොරොත්තු උනේ. ඒ තමා ඔයා ආප්ප දිහා බලන විදිහ. ඔයාට තේරුනා වන්ඩු ආප්ප නෑ කියල. ඒකෙන් තේරෙනව ඔයා සහ සමාජය අතර තියෙන සියුම් හුක ඛන්ඩනය කරගන්නේ නැතුව සමාජය එක්ක ගැටෙන විත්තිය. ඇත්තටම මේ ශෙශන් එකේදි මම කැමතීම ඔයාල වගේ අයගේ අදහස් උකහා ගන්නයි.,0,sinhala
", ඒකි කෙල්ලෙක් කියන්න මේකෙ එකාලා දන්නවා. අක්කා නෙමෙයි නංගි. මම ඇතුලු කීපදෙනෙක්ම පෞද්ගලිකවත් දන්නවා.",0,sinhala
ඔව් ඇත්ත. මම සියල්ල දත් කෙනෙක් නෙමෙයි . හැබැයි මම සියල්ල දන්නෙ නෑ කියල දන්නව. උඹ මට උපදෙස් දෙන විදියට පේන්නෙ උඹ සියලුම ධර්ම කරුණු දන්නා බවයි. අඩුම තරමෙ සෝවාන් වත් වෙලා නැති උඹ හිතනව උඹ සියල්ල දත් කියල . ඇත්තටම උඹ ඉන්නෙ මායාවක පැටලිලා. නොදන්නා දේ ඇති බව වැටහෙන මා තොට වඩා ධර්මධරයි. නාරද NaradaTweets · 25 Feb 2021 අපරැක්ක ඔයා තව සෑහෙන්න ධර්මය ඉගෙන ගන්න තියෙනවා.,0,sinhala
ඒ සදහා ජනමාධ්ය නිවැරදිව සත්‍ය නොවලහා ඉදිරිපත් කිරීම කළයුතු නොවේ ද නොඑසේනම් කට කතා උසිගැන්වීම් වලට මිනිසුන් නොමග යන තුරු බලා සිටීමද,0,sinhala
"වේසි,බඩුව, whore, slut, hoe, ඕවා ඉතින් මිනිස්සු හැමවෙලෙම පාවිච්චි කරන වචන නේ. The WITCH · 10 Dec 2020 අපි ඊයේ ෆස්ලුල්ලා මුස්ලිම් කාන්තාවන් එක්ක අල්ලලා කෙරුව ප්‍රකාශය නිසා කේන්ති ගත්තට,කල්පනා කරලා බැලුවොත් ඔය චෝදනාවම වෙනත් වචන වලින් කරන ගෑනු පිරිමි අපි අතරම කොච්චර නම් ඉන්නවද ? කොටට අඳින,deep neckline තියෙන ඇඳුමක් අඳින කාන්තාවන්ට අපහස කරන අය කොච්චරද.මිනිස්සු ඇත්තට කොච්චර කුහකද",0,sinhala
ඔයාගේ පයිය වටේ මවිල් වැවිලා තියෙන්නෙත් රැවුල වැවිලා වගේ තැනින් තැනද?? මම රත්තා... — රත්තා ඒවා දැකලා තියෙන්නෙ තෝ කවුද කියාන්... URL,1,sinhala
කව්ද අයිසෙ හිරුනි ගෙ Photo දාල SB එකවුන්ට් එකක් හදපු එකා . අන්න ඒකි මානව හිමිකන් වගේ ලොකු තෑන් වලට කියන්නලු යන්නෙ .. *ded* #SbNangi,0,sinhala
යූ ආර් මයි ඩාලින්...,0,sinhala
හම්මට මන් මෙ රට දාලා යන්න හැදුවා විතරයි අයිසෙ Captain America ✪ · 29 Jan 2020 දැනුයි ඇගට ලේ ටිකක් ඉනුවේ #LKA #Corona,0,sinhala
"ලොව සිටිනා සියලු දරුවන් කොටස් තුනකට බෙදා දැක්විය හැක.ඒ කොටස් තුන නම් අවජාතක, සහජාත හා සුජාත ය.අවජාතක නම්... URL",0,sinhala
"ශ්‍රී ලන්කන් එකෙන් හොරාකාපු වේස ගෑනු 95,000 ගැන කතා කරා වගේ",1,sinhala
නොදකින් මුසලයා ගෙදර ඉදන් ටිවි එකෙන් බලපං URL This Tweet is unavailable.,1,sinhala
හා හා හොරා වගේ ISIS අයියලගෙ සපෝටර්ල ටික අපිට එලියට දෙන්න නේද ගැටේ ගැහුවෙ. හොර ගෙඩියා..,0,sinhala
මිනිහා වෙනම වාඩිවෙලා ගෑණි තමුසෙ ගාව වාඩි කරන්න ඕනේ,1,sinhala
මහ එව්න්ට විසේ වැඩි වෙලා කරගන්නම දෙයක් නැතුව සමාජෙ කරුමෙට හැදිච්ච උන් පූරුවෙ පිනකට කැම්පස් ආහම ඔය වගෙ තුප්පැහි සක්කිලි වැඩ කරනවා මිත්‍රයා... ඕකුන් හරි ඉරිසියයි..,1,sinhala
ආ... එල එල.. ඒකත් හෙන ආතල් එක වෙන්ඩ ඇති නේ..,0,sinhala
"PEO TV නැත්නම් ඔනිම TV එකක් පරන TV එකක්"" අනේ පලයන් බන් යන්න බොරැ නොකියා",1,sinhala
Donald Trump ගේ බිරිද ගැන කියන එව්වා - පට්ට අතල් ඔයි මේක -,0,sinhala
හිතේ දුකට කවි සීපද කියවෙනවා,0,sinhala
හොදට වැඩනෙ මේ ටිකේම,0,sinhala
"මේක නම් සහතික ඇත්ත .. දවසේ දැක්ක හොඳම කතාව තමා මේ.. ""අහුවෙනවා කියන්නේ අහුවෙලා රෙදිත් අපුල්ලනවනේ ,පාට පංති බේදයක් නැතුවම"" ඇත්තටම ඔයාගේ කටට මසුරන් දාන්න ඕන කතාවක් මේක නම් .. හොඳ පුතා · 13 Dec 2021 අහුවෙනව කියන්නේ අහුවෙලා රෙදිත් අපුල්ලනවා පාට පංති බේදයක් නැතුවම. පට්ට කුහකයි නේ twitter.com/shanki_thewitc…",0,sinhala
බඩුව තෝ උදේ නිදාගෙන ඉද්දි ඇයි මට මෙහෙම කරේ..,1,sinhala
බැක්පැකර් සුද්දෝ අල්මාරියෙන් බාගයක් මල්ලේ දාන් එනෝද කොහෙද..පට්ට විසාලයි පැක් එක...,0,sinhala
"ඩූ නොට් බෙන්ඩ් කියන එක තේරිලා වැඩි වෙලා තමයි ඒක උඩ රෙජිස්ටර් මුද්දරේ කෙළලා තියෙන්නෙ. ""මේක නවන්න එපා ගොන් හුත්තෝ, ඇතුළෙ තියෙන්නෙ සහතිකයක්!"" කියලා ගහලා එව්වා නම් හරි මං හිතන්නෙ. තැපැල් සේවාව නිසා සෑහෙන කෙළවෙලා තියෙනව මටත්. හරක් ඉන්නෙ වැඩිහරියක්. ꧁𓊈𒆜𝕊ᗩ爪卩ꪖㄒꫝ𒆜𓊉꧂ · 10 Dec 2020 #නොසැලකිල්ල #තැපැල්_දෙපාර්තුමේන්තුව අජිත් කියල පුද්ගලයෙක්ට මාතර තැපැල් කාර්යාලයෙන් දින දෙකකදි ගෙනත් දුන්න වැදගත වටිනා සහතික දෙකක් මේ. කරුණාකර #Do_Not_Bend කියල ගහල තියෙද්දිත් නමලා. තැපැල් සේවයයේ නියතු මේවගේ අයගේ නොදැනුවත් කමද? නැතිනම් සුදුසුකම් නැතිව රැකියා කරන අයද?",1,sinhala
"ගීතාට ගොන් බඩුවක් කිව්වා කියලා බයියෝ පේජ් එක රිපෝර්ට් කරලා,මුන් මාර ලව්නේ යකෝ ගීතාට",1,sinhala
ඹඹ් ඹබලා අපි මැරෙනකම් රට බේර ගන්නවා පිටරට බලවේග වලින්. හුකෑස්....,0,sinhala
පඩි ගන්නවා බිල් ගෙවනවා . මොන කරුම ජීවිතද බන් මේවා,0,sinhala
ඔය සීන් වල ඇත්ත මේකයි.බූට කියන්නෙ තනිකර කරුම.ඇත්ත මේකයි කියල තේරුනත් ඒක පිලිගන්න කැමති නෑ...ඉතින් ගෙවල ඉවර කරන්නම වෙනව.හැබැයි ඒක ජීවිතේට මාර පන්නරයක්,0,sinhala
"මුළු ලෝකෙම කාලා විනාශ කලේ නමැති ලෝකයේ බෙහෙත් නිෂ්පාදකයින්ගේ යැපෙන කාලකන්නි ආයතනයයි. කරුම #coronavirus #covid19 වයිරසය නිසා මේ වෙන විට #srilanka අපි වගේ දුප්පත් රටවල ආර්ථිකය කෙසේ වෙතත් දරුවන්ගේ #educational අද්‍යාපනය විනාෂම වී ඇත. මුසල හැත්ත විසින් ඈත දුෂ්කර ගම් ප්‍රදේශ වල Tedros Adhanom Ghebreyesus · 28 Feb 2021 As we all are fighting #COVID19 together, we must be guided by solidarity, not stigma. It's been a long battle for all of us, but there should not be space for stigma, racism, discriminationviolence. We should show compassion & solidarity at this sensitive time. No hate!",1,sinhala
කවුරු හරි මොර දෙන්නෙ නැද්ද ඕවා චන්ද නැති කර ගන්න ගෝටා දාන උප්පරවැට්ටි කියල?,0,sinhala
කැරි වේස තන් දෙකක් වස්තු,1,sinhala
තෝ කොහෙද මං එක්ක යන්නෙ ...,1,sinhala
මිනිහා සුනාමි සල්ලි හොරා කෑවා ගෑණි සිරිලිය සල්ලි හොරා කෑවා ලොකු එකා සැංග්‍රිලා එකෙන් හොරා කෑවා දෙවෙනි එකා නේවි එකෙන් හොරා කෑවා බාල එක රොකට් එකෙන් හොරා කෑවා බැසිලා පාරවල් වලින් හොරා කෑවා ගෝඨා මිග්වලින් හොරා කෑවා අනිත් එකා ශ්‍රී ලංකන් එකෙන් හොරා කෑවා King Of Happiness · 2 Aug 2020 වසර පනහක දේශපාලනයේ යෙදුනු තම සැමියාගේ හම්බන්තොට ප්‍රාදේශීය සංවර්ධනය සොයා බලන අගමැති ආර්යාව ශීරන්තී රාජපක්ෂ,0,sinhala
මූ තඩි නිසා කොල්ලො කැමතිත් නෑ,1,sinhala
හිත හිත ඉන්න හද නොම කරගනු මෙල්ල කොල්ලෙකි සුන්දරම අක්කිල⁣ගේ මල්ල පොල්කට්ටක් පිරෙන්නට බැරිමුත් දල්ල පිබිදෙන්නට ආසාවේ මතුරනවා පල්ල දන්නා කාලෙ සිට ටුවිටරයේ වස්සා ලා තන නිල්ල වෙත ඇත නිති මුගේ මුව උස්සා කාගෙන යමන් මල්ලෝ දැක්කොත් අස්සා කොනනම් ඉතුරැවෙන්නේ නෑ අම්මප පිස්සා,0,sinhala
අඩො බෑ බන් කොරෝනා,0,sinhala
තෝ පලකෝ වැඩක් බලන්,1,sinhala
පචයාගේ ඊලඟ පක්ශේ කියා ඔබත් නයෙක් දිනා ගන්න.,1,sinhala
"""ඩයන් ගෝමස් : පරාජයට අවජාතක වන්නට නොම දී දූපතකටම ජයග්‍රහණයේ පීතෘත්වය උරුම කිරීම"" URL",0,sinhala
තෝ නේ පකෝ කාලකන්නියා ග්‍රවුන්ඩ් එකට විනාඩි පහක් ඇවිත් ගිහින් කයිය ගහන්නේ. දිනුවට පස්සේත් තව මගුල් කියන බොලා වගේ උන් නිසා තමා මුකුත් කරන්න බැරි,1,sinhala
ඔය ඔය බලන් පලයන් බන් ....,0,sinhala
", අද මන් ගත්ත තැනත් ඊයේ හවස ඇවිත් තියෙන්නේ කොට්ට පනහයී මන් යද්දී තිබ්බේ හයයී, සිමෙන්තී වැඩි දවසක් තියා ගන්නත් අමාරු නිසා හන්ගනවා කියන්න බෑ",0,sinhala
ලෙක්චර්ස් පලයන්. උබට කෙලවුන දවසට ඔය යාලුවෝ එකෙක්වත් නෑ. අත්දැකීමෙන් කියන්නෙ,0,sinhala
රතු ඇඳගෙන කොළ ඇවිදින්,0,sinhala
එහෙනම් ශෙඩ් වල පෝලිම් තියෙන්නේ පාන් ගන්න වෙන් ඇති...මොනා උනත් රටේ මිනිස්සු තමා දුක් විදින්නේ..,0,sinhala
ඔය කෙහෙල්මල් නීති අලුතින් ඕනේ නෑ. හමුදාවට පොලිසියට බලය දෙන්න ඔය ත්‍රස්තවාදීන් කියන හුජ්ජ කොල්ලෝ ටික අල්ලාගෙන ඇවිත් ගෝල් ෆේස් පිට්ටනියේ උල තියන්න කියලා. ආ .... ආසාඩ් සාලිට කියන්න මේ වැඩේට මැදිහත් වෙන්න එපා කියලා. එතකොට ෆිනිෂ් ..... #SriLanka,1,sinhala
අද අලුත්ම ජෝඩ්ඩක් ආව අල්ලපු කාබරේ..වෙනද වගෙ ජොකා පිටින් පාන්දරම සැරිසරන්න බෑනෙ..සළු ඇඳන් රඟල එද්දී කෝච්චිය ගිහින්...රෙද්ද,1,sinhala
මට සැබෑ ජීවිතේ වැඩිය තරහාකාරයො නැ..ඇත්තටම බැලුවොත් ඇත්තෙම නෑ වගේ..තමුසෙ දන්නවනේ..ආයෙ ඉතින් SM කබ්බො ගනන් ගන්න්ව් කවුද අප්පා...ඊට වඩා සෙට් එකක් හම්බ උනා මට මේකෙන්..,1,sinhala
තාම IPL බලනවද වගේ මරි මෝඩ ගොන් කතා අහන්න එපා Cricket නම් ඕන මඟුලක්,1,sinhala
මම උසාවි යන දවසක මට මතකයි ඔය කේස් එක ෆයිල් වෙනවා. කකුලට දම්වැල් දාලා අරන් ආවේ. මට හොදට මතකයි ඕක.,0,sinhala
ගෙදරට ආපු නෑයෝ මං පිලිගන්නා ආකාරය ▪︎කටහඩින් කෞදැයි ආවේ කියා හදුනාගැනීමට ට්‍රයි කිරීම ▪︎දොර රෙද්ද ඈත් කර ආවේ කෞදැයි හොදින් බැලීම ▪︎දත් තිස්දෙකම විලිස්සා සිනාසි ඔවුන් පිලිගැනීම ▪︎එයාලගේ කතාවලට පෝර දැමීම සහ සිනාසීම ▪︎ආපු අය යන්න හදනකොට සට ගා නැගිටීම ▪︎ගෙනාවේ මොනාද බැලීම,0,sinhala
තොපි වගේ කාලකන්නි අවජාතක බල්ලෝ මුංට කඩේ යනකම් රට විකුණනවා බොරු කිය කියා. යකෝ මේවා විකුණුවේ ප්‍රකෝටි ගණන් කොමිස් ගහලා. තුට්ට දෙකට කඩේ යන කාලකන්නි තොපිට කොහෙද රටක් ගැන කැක්කුමක් දඩාවතේ යන බල්ලෝ!,1,sinhala
පරන love නොසිතූ වෙලාවන් වලට දැකීමෙන් සිත රිදිය හැක. මෙවන් කරුම අනිත් අයට නොවේවා.,0,sinhala
‍යකෝව්ව්ව් රස්තියාදු ගහපු පලියට කවුරුත් කුඩු කාරයෙක් වෙන්නෙ නෑ ඇයි බන් මේක මේ අපේ ගමේ ඉන්න චීත්ත අදින ගෑණු ටිකට තෙරෙන්නෙ නැත්තෙ #පිස්සා,0,sinhala
හොරකම් නොකරන..යාලුවන්ගෙන් ඉල්ලගෙන කන පාලනයක්,0,sinhala
"උඹේ මෝස්තර නෑ ගෘප් නෙමෙයි ඕවා ජව්සන්.. තොපි සිඟිති කොල්ලෝ, අම්මලා පව් බන්! 󾌴 උඹලට අපි වගේ වෙන්න බෑ නේ 󾓵",1,sinhala
කෝ ඉතුරුටික ?? කෝ උඹ වතුර සොය සොය ගේ වටේ දුවන කෑල්ල ??,0,sinhala
මේවා දැන්වත් නැවත්තුවෙ නැත්තම් අනාගත පරපුර අපිට සාප කරයි. සංවර්ධනය රටට අවශ්‍යයි. හැබයි ඒක පරිසරයට අවම බලපෑමක් සහිතව කරන්න ඕනෙ. (6/6),0,sinhala
ඝාතන සියල්ල අමානුෂිකයි.. හරීම ස්වීට් ඝාතන නැත..,0,sinhala
කුම්බ කිම්බ පටලගන්න එපා මිනිහො..,1,sinhala
"ඒකි: මේ, අපේ ගමන ගැන. උඹ අපේ අම්මවයි තාත්තවයි ගොඩ දාපන් ඈ. සුදු සරම ඇඳලා උතුරු සලුව පොරෝලා වරෙන්, මං කතාවට සෙට් කරලා මාරු වෙන්නම්. මම: එල. මට කියපන් ඒ දෙන්නා මහින්ද ද රනිල් ද, සමන්තබඩ්ඩ ද ඥනානන්ද ද, මල්වතු ද රාමඥ්ඥ ද... URL",0,sinhala
"මනා සේ දනිමි, ගොනා සේ හිඳිමි..",0,sinhala
හරකා හැරෙන්නේ පොල් පැලයටම තමයි... #පෙට්ටිදාර්ශනිකයා,0,sinhala
මුන් හිතන්නේ ලව් කරනවා කියන්නේ කෙල්ලෙකුයි කොල්ලෙකුයි කරන එකම විතරයි කියලා . යකෝ සාහෝදර කමටවත් ලව් කරන්නම් බෑද එකතකොට,0,sinhala
බය කරන්න එපා තාම බැඳලත් නෑ. වයසත් 23යි,0,sinhala
ඒක නම් හොද වැඩක්,0,sinhala
කතරගම නෙ යකො2 කෑලි ඉන්නෙ....බඩුව කියන්නෙ නෑ ඉතින් ඉම්බොක්ස් මැසෙජ් එකක් දැම්මෙ අදුර ගන්න නම්කී...ඔයා එක්ක හැමිනෙන්න නෙවෙ ...බහුකාපන් කැරි වෙසී,1,sinhala
“අයිසෙ එයා මට විරුද්ධ වුණත් බුදු හාමුදුරුවන්ට විරුද්ධ නැහැ. ගිහින් මේක එයාට දෙන්න” URL,0,sinhala
ඉවසන්න බෑ බොලව් මේ කරුම රස්නේ. !,0,sinhala
"හිතම හීතල වෙච්ච මේ වගේ මූසල නිහඬ දවස් වල කෝපිඇස් නැති අඩුව යාන්තමින් හරි පුරවගන්න ගෙවන්නෙමි මේ රෑ නින්දත් නොනින්දත් අතර කෝපි කෝප්පයක් ලඟ උඹ දන්නෙ නෑ බන් , උඹ ඇරුණු කොට මං ආදරෙන් ඉම්බානම් ඒ කෝපි උගුරක්ම විතරයි මැණික උඹ හොඳින්නේ.. ඉතින් මං හුරුවෙන්නම් ටික ටික කෝපි කෝප්පෙටම",0,sinhala
උඹෙන් ගැලවුණාට නංගි උඹ අර ගොඩගහලා ගිය මතක ටිකෙන් තමයි තාම ගැලවෙන්න බැරි වෙලා ඉන්නෙ. පුළුවන් නම් මේ ටිකත් අරන් පලයන්කො දෙයියනේ කියලා මට නිදහසේ ඉන්න දීලා. (තනිවෙන්නට මගේ ලොවේ පුරුදු පාළුවෙන් ගීතයේ රෆ් එඩිෂන් එක. ),0,sinhala
රට බ‌ෙිරාගත් සිංහය‌ෙක් කරත් වැඩ‌ෙි සක්කිලි වැඩක් න‌ේද ඉරාජ් අංකල්.,1,sinhala
", බෑ එයාට බැනල රෙද්ද ගැලවෙන සීන් එකක් තියෙන්නෙ",0,sinhala
ලපයාගේ කටින්ම අහන්නකෝ මුන් එකතුවෙලා යහපාලනය කියලා රටට කරපු දේ... ලැජ්ජා නැතිව කියන හැටි විතරක් ගල් මුසලයා URL,1,sinhala
තූ නොදකින් කාලකන්නි වේස බල්ලෝ රට කනවා බොලව්.. URL,1,sinhala
කවුද ඔයාට තඩි ලයින් දැම්මේ තට්ට අයියේ,1,sinhala
දුටු තැන අනේ කියමින කෑම එකක්වත් ඉල්ලන නාකි ඇන්ටී හිඟන ඉල්ලුවෙ නෑනෙ. අද මොකවත් පිනට මක් කෙලදේ ඒ ඒසිට හිතුන මට විගහට ඈටත් වඩා අජූවට බාට දෙක දාගෙන කකුලට හොටු හූරමින් යන කලට හිතෙන්නැති ඒකිට මටඑපා මුගෙන් නම් කෑමට මොකවත් අද දවාට.. #කවි #තූ,0,sinhala
අනිවාර්යයෙන් අයින් විය යුතුයි,0,sinhala
අඩෝ මෛත්‍රී !!! කැත වැඩ කරන්න එපා ඩෝ !!! :( අර 'සජින් වාස් ගුණවර්ධන' වගේ සත් ගුණවත් උත්තමයෙක් ...... දේශපාලන පලි... URL,1,sinhala
"මේ South africa සිදුවීමක්. මෙකෙ විඩියො එකත් තියනව කියුවට , ඒකෙ accident වෙන එක නැහැ.",0,sinhala
අපේ සම-හරක් සිංහලයන්ට සල්ලි දැක්කම හැමදේම අමතක වෙනවනෙ...,0,sinhala
උඹ එ් පාර මේකත් හබක් කරන්නද යන්නෙ මම ගෑනු ළමයෙක් පස්සෙන් යන මෙතන මට අාදරෙයි කියන්.,0,sinhala
කැත කතාව ඩො...,0,sinhala
"රජිව් ගොබ්බයෝ, තොගෙ ලබ්බෙ සමාජ විප්ලවේ කොරන්න ගිහිං කෙළවගෙන අඩි හයක් යටට ගියපු නිසා අන්න තොගෙ ගෑණි විඳවනවා. බොට සමාජෙ ගැන ඔච්චර කැක්කුමක් තිබ්බ නං තනියෙං ඉඳං කරන්න තිබ්බනෙ, මී හරකා. වෙන ජීවිත මේවට පටලවගෙන උංට දුක් දෙන්නෙ. කාලකණ්නි බල්ලා. #Sahodaraya",1,sinhala
ඔයාලත් එන්න . කොස් පකෝ...කන්න... Diwani | දිවානි · 11 Feb 2019 කොස් පකෝඩා / පකෝරා අදහස #DiwaniCulinario,0,sinhala
"අපි 9 වසරෙදි කෙල්ලෙක් මී පාසනම් බිව්ව. මැරුනේ නැ. කටම රෝස පාට වෙලා තිබ්බ එ වෙලාවෙ එදා ඉදන් ඒකි පාරෙ අම්ම එක්ක ගියත් කොල්ලො ""මී පාසනම්"" කියන්න ගත්තා..",0,sinhala
"විකටයන් ද මිනීමරුවන් ද: ‘‘මග සිටියොත් අඹු නසී, ගෙදර ගියොත් තෝ නසී’’ URL #lka #SriLanka",0,sinhala
එකල එහෙම කාලෙකුත් තිබ්බ........ඒ උනට දෑන් ඒ #ගොනා ව්කුණල ගොඩාක් කල් ..... URL,0,sinhala
"හරකා නැගිටිද්දී මං දැන ගත්තා හරක් ප‍්‍රශ්නයක් තමයි අහන්ඩ යන්නේ කියලා.උම් බෑ,හරකා කියලා ඒ සතාට අපහාස කරන්න එපා, GMO එකට විරුද්ධ වෙලා රාජිත ට වෙච්ච දේ දැක්ක නේද.",1,sinhala
සැන්ඩි හුක නඩුවේ ඇලෙක්ස් ජෝන්ස් ඇ. ඩොලර් 100000ක් ගෙවයි. Al Jazeera Breaking News · 1 Jan 2020 Families of the Sandy Hook victims say they have been subjected to harassmentdeath threats from Jones's followers. URL,1,sinhala
මේ රටේ ශිෂ්‍ය ව්‍යාපාරය සැබෑ අභියෝග අමතක කරලා පිස්සු නටනවා URL,0,sinhala
"බොරු නම් බලන්න, තව නොබෝ දිනකින් ඔය රොබෝ යන්ත්‍ර දෙකම කුඩුවලට ඇබ්බහි වෙනවා",0,sinhala
ළිං මැඩියන්ට ඕවා තේරෙන් නෑ. ළිඳේ ඉඳන් 3G නෑ කියනවා. එලියට ඇවිත් බලන්නේ නෑ. ගොබ්බ හැත්ත.,1,sinhala
කෝම හලි කසාදයක් බදින දවසට පස්ස,0,sinhala
සක්කිලි ටික නිසා තාම පාරෙ !!! අද half day තමයි රජයේ සේවක හැත්ත තමයි මේ රට කන්නෙ,1,sinhala
කුලුණ උඩට ගිහින් ෆලයිට් එක අල්ලන්න පුළුවන් නියමයි රටෙ කන්න නැ ඉන්න ගෙවල් නැ රස්සාවල් නැ බදු උහුලන්න බැ.... නෙලුම් කුලුනක් අවශ්‍ය ද.....,0,sinhala
රනිල් තාම සජිත්ට සහයෝගය දෙන්නෙ නෑ. කිරි ඇල්ලට අනුව ඒක මහ ජනතාවට කරන විරුද්ධ වීමක්.. අනේ හුකේ.. අපිට කරන්නනෙ කිරි ඇල්ලලා පාර්ලිමේන්තුවට යන්නෙ. මහාමාර්ග ඇමතිි වෙලා හිටියා. නුවර මිනිහෙක් එක් මැටල් කැටයක් දැම්මද පාරකට.. ලබ්බ තමා මුන්ගෙ බයිලා...,1,sinhala
මේ ආණ්ඩුව ආවට පස්සෙ පටන් ගන්න ඇති.,0,sinhala
මේ රටේ හුකන්නෝ තනිකර පිස්සු හුකන්නෝ! URL,1,sinhala
මේකී බලපන්කෝ ඒකී හෙන කෑල්ල කියලා වෙන්න ඇති හිතන් ඇත්තේ Dione Diana · 6 Aug 2021 මං දන්නවා මාව දැක්කම මට ආදරේ හිතෙනවා කියලා ඒත් එහෙම එපා! එක මට කරදරයක්,0,sinhala
යහපාලනයේ පොන්න පොලිසිය සහා නිතිය මෙන්න..... දැන් වෙනස සැපද... නිතිය රකින්න unp බල්ලන්ට කතිරය ගහපු ගස් බල්ලො කො... URL,1,sinhala
දැන් ඔය හැරෙන්න හදන්නේ අල්ලගත්ත උන් නිදහස් කරන්නද? ගල් ගහලා බං මරන්නෝන මුංව ගල් ගහලා!,1,sinhala
මෝඩ ජනතාවනි දැන්වත් ඔය හොරුන්ගෙන් යැපෙන එක නවතා එවුන්ව දන්ගෙඩියට ගෙනියන්න පෙළ ගැසෙව් නැතිනම් තොපි දරුවන්ගේ අනාගතය පාවලාම දීපියව්!,1,sinhala
මෙවැනි ව්‍යාජ දේශප්‍රේමියෝ කියන ගොන් කතා වලට උත්තර දෙන්න පුළුවන් රෙදි ගැලවෙන්න. නමුත් එහෙම නොකර සිටිමි sunanda deshapriya · 15 Sep 2021 කුණූ හෝදන එකේ සීමාවක් නැත්ද? වසංගතය අස්සේ ඡන්දයක් ඉල්ලුවා. දැන් ලොහාන් ගේ පස්ස කහනවා! Is there a no limit to laundry services in #SriLanka. Please learn to be critical! twitter.com/RehanJayawick/…,1,sinhala
ලබ්බ. යකෝ කොහෙද ඕකෙ සාකැසම්. සිරාවටම කරන්න පුලුවන් වැඩක් දහයක් වත් සෙට් වෙනව නම්. ලේසි නෑ එකෙක් දෙන්නෙක් කරන එක.,0,sinhala
ඉන්ටර්කූල් නෙවෙ බොල ඉන්ටර්ක්රූරල්... වරෙන් කියලා දෙන්ට,0,sinhala
", බළලුන් ලව්වා කොස් ඇට බානවා.",0,sinhala
"දැන් කාලෙ යන ඉන්දියන් ගොන් ආතල් දෙන කතා වලට වඩා මනෝකාය, භවත්‍රා වගේ පොඩිකාලෙ අපි පට්ට ආසාවෙන් බලපු කතා රත්තරන්... URL",0,sinhala
"1015 දෙනෙක් අමු අමුවේ මරාදාල තිරිසන්නු. #අවුරුදුපොකුරු #තිලකවර්ධනෂොපින් #ට්‍රැවල්බබල් #යුක්රේනියන්ටුවරිස්ට් #වසන්තසැනකෙළිය #උදයංගපොකුර #ලොකුගේපොකුර ආණ්ඩුවට කරන්න දෙයක් නැහැ. මිනිස්සු ඔච්චර මෝඩ විදියට හැසිරෙන්නෙ නැති වෙයි සිතුවා.#දැන්සැපයිමහින්දමහත්තයෝ Dasuni Athauda · 18 May 2021 COVID FATALITIES IN SL CROSS THE 1000 MARK more Covid-19 related deaths reported today; total fatalities in Sri Lanka now at 1,015. - Gov't Info Dept #lka #SriLanka #COVID19LK #StayHome #WearAMask",1,sinhala
සිරිසෙන අනිත් පක්ශවල අඩුපාඩු හොයනවා. තමන්ගෙ පක්ශෙ පිස්සු කෙලිනකොට,0,sinhala
මහම මහ වේස බල්ලෝ ටිකක් .. ඉන්ෆාස්ට්‍රක්චර් හදන් නැතුව ඔහේ පැකේජ් විකුනනවා Hiru · 25 Aug 2021 කොහොමද මෙහෙම ඉන්ටර්නෙට් නැති වෙන්නේ නෙට්වර්ක් .. සිග්නල් ඔක්කොම ෆුල් තියෙනවා හැබැයි dns ප්‍රෝබ් කරද්දි ටයිම් අවුට් වෙනවා,1,sinhala
ගම්මන්පිල වගේ හරක් කියන කතා අහන්න එ විදිහේම මිනිස්සු ටිකක් රටේ ඉන්නවා,1,sinhala
රවියා හෙන ගොන් කියලා උගේ ගෑණි වත් කියන්නේ නැද්ද මන්දා,1,sinhala
"අමාරුවෙන් ලැබෙන දෙය හැම විටම ශ්‍රේෂ්ඨයි ! ඇතින්නියක් සහ බැල්ලියෙකු එකවර ගැබ් ගත්තේය. මාස තුනකට පසු බැල්ලි බලු පැටවුන් හය දෙනෙකු බිහි කළේය. මාස හයකට පසු, බැල්ලි නැවත ගැබ්ගෙන ඇති අතර, මාස නවයකදී එහි තවත් බලු පැටවුන් දුසිමක් බිහි කළේය. රටාව දිගටම පැවතුනි.",0,sinhala
බණ දන්නවා සහ බුදු දහම අවබෝධ කරගන්නවා කියන්නෙ වෙනමම කාරණා දෙකක්... සසර කෙටි කරගන්න පුළුවන් බුදු දහම අවබෝධ කරගැනීමෙන්ම පමණයි... සුනීත සෝපාක වගේ අය මග ඵල ලැබුවෙ දැනගත යුතුම දේ දැනගැනීමෙන්... ඒ තමයි දුකෙහි ඇති දුක මනාකොට විඳි ඔවුන් සැපෙහි ඇති දුක දැකීම... අන්න ඒකයි දකින්නත් අමාරු...,0,sinhala
කොහේ තරහ වෙන්නද උත්ටෝ. කරන්න අමාරු වැඩක් නෙවේ කරන්න බැරි වැඩක්...,1,sinhala
"කොපි කරන්න නෙවෙයි බන්, පේස්ට් කරන්නයි අමාරු උනේ..",0,sinhala
අම්මෝ හොඳයි කියලවත් කරගන්න බැරි වැඩක්..,0,sinhala
අඩෝ ඒකි හොරෙන් ගනී,0,sinhala
"හරියට තමන්ගේ රස්සාව කරලා, තමන්ගේ ආයතනය ලාබ ලබන ආයතනයක් කරපු මිනිස්සු නම් පඩි වැඩිවීමක් ඉල්ලන්නේ ඒක දෙන එක සාධාරණයි. මේ මොක්කුද? ගෑණි එක්ක නිදාගන්න වෙලාවටත් OT දාලා සල්ලි කඩන ජරා සත්තු.",1,sinhala
පරීක්ෂණ හා නිගමන වලට අනුව පිස්සෙක් කවදාවත් තමන්ට පිස්සු කිය්ලා කියන්නෙ නෑ. ඒකෙන් පැහැදිලි වෙන්නේ ඔයාට පිස්සු තදවෙලා කියලා,0,sinhala
කොහොමද උඹ කට ඇරන් නිදාගෙන ඉද්දි බිජ්ජ හැලුනොත්?,1,sinhala
"හැම දරුවම අම්මට ආදරෙයි.. මොකද දරුවො මොන බලු,සක්කිලි,පහත් වැඩක් කරත් අම්මගේ ආදරේ වෙනස් නොකරන නිසා..",0,sinhala
මෝදි දුන්න සුවසැරියේ නැගීලා ජින්පින් දුන්න නෙලුම් කුලුන බලල්ලා කැරොලින් පුෂ්පිකාගේ වත උනාලා මිරිස් කකා බුලත් පයිය කොටල්ලා මැදමුලනේ සංහුරේ රජ කොරල්ලා තොපේ පැටව් මහ මුහුදට දමල්ලා යන්න රටක් ඇත්දැයි වටේ බලල්ලා නොහැකි එවුන් දෙකට නැවී හපල්ලා,1,sinhala
"ජෙප්පෙක් වගේ රංගපාලා අනුර කුමාරට මඩ ගහන්න හදපු නන්දසේනගේ සක්කිලියෙක්ගේ රෙදි ගැලෙව්වා. ඇත්ත වෙනුවෙන් පෙනී හිටින එක අනුර කුමාර වෙනුවෙන් කතා කරාලු. මේ වගේ සුළු දෙයක් වත් තේරෙන්නේ නැති ගොන් ගොබ්බ මැටිමෝල්ලු එක්ක මේ රට ගොඩ ගන්න එක සිහිනයක් තමයි. 𝙽𝚞𝚠𝚊𝚗 𝙲𝚑𝚊𝚖𝚒𝚔𝚊𝚛𝚊 · 31 Aug 2021 ඇත්ත , මම දැක්කා අනුර කුමාර වෙනුවෙන් කතා කරලා තිබ්බා , ඒක තමා වෙන්න ඕනේ පක්ෂයක් වෙනුවෙන් වැඩ කරන එවුන්ට පුළුවන් තරම් රිදෙන්න ඕනේ",1,sinhala
නිදාගෙන නැගිට්ට ටිකට බුකියේ සමහරු නාකි වෙලා සමහරු ගෑනු වෙලා අනේමන්දා බන් තව පොඩ්ඩක් නිදාගෙන නැගිටලා බලනවා මුන් යතා තත්වෙට ඇවිත්ද කියලා,1,sinhala
පක තමා තොපෙ,1,sinhala
බාලගිරි දෝෂය අද නොවේ හෙට #gotabayarajapaksa අයියෝ සල්ලි #SriLanka #bananarepublic,0,sinhala
යකෝ චුක්කි කියන්නේ දෝණිගේ බැල්ලි,0,sinhala
ගොං වේසියෙ ඔය සංශෝධනය ආවෙ 1990 ගණං වල. දන්න දෙයක් කියවපන් පට්ට වේසි,1,sinhala
මෙහෙනම් පට්ට පෑවිල්ල කුඩේකිං වත් යන්න බෑ.. VK · 2 Jul 2019 මහරගමට වහිනවා,0,sinhala
"හම්බයෙක් මැරුවොත් අපේ උන්ට හෙන අමාරුයි. UNP කාරයො 88, 89 මරපු ඒවත් ගොඩ දාල බලපල්ලකො ඉවරයක් කරන්න පුලුවන්ද කියල #GenElecSL",1,sinhala
"පොදු ප්‍රවාහනයට යොදා ගන්නා බස් හා දුම්රිය, ආරක්ෂක අංශවල සහයෙන් හෙට (14) සිට විෂබීජහරණය කිරීමට පියවර - ජනාධිපති මාධ්‍ය අංශය කොරෝනා වෛරසය හේතුවෙන් මේ වනවිට පුද්ගලයින් 4,981ක් මරුට. - URL #lka #News1st #SriLanka #Covid19",0,sinhala
ආතල් එක සාපේක්ෂ දෙයක් හුජ්ජ කොල්ලො අද ඊයේ මේකට ඇවිත් හැමිනෙන්න එපා මං වගේ ආතල් එකක් අරන් පාඩුවේ හිටපන් අලුත්ම ලොජික්ස්,1,sinhala
ලජ්ජා වෙයන් තොපි වගේ එවන් ජාතක උනාට. ලජ්ජා වෙයන් තොපි අහිංසක මිනිස්සු මරපු කොටියට උද ගෙඩි දෙන එකට. කාලකන්නින්ගෙන්... URL,1,sinhala
"අද x factor විඩියෝ එකක් බැලුවා, ඒ කෙල්ලට ඇහෙන්නේ නෑ ඒත් සින්දුවක් කිව්වා පට්ට ලස්සනයි. ඇඬුනා ඒක බලලා නම්",0,sinhala
“කවුද මේ පිස්සා මෙතන්ට ගෙනාවේ “තොටවත්ත මෛත්‍රීගේන් කුණු බැනුම් URL,0,sinhala
තොපි සාපයක් යකෝ. අරුන් දෙන්නව officially ටිම් එකට වද්දා ගත්තා විතරයි හොදට සෙල්ලම් කර කර ඉදපු එවුන් ටික පිස්සු කෙලින්න ගත්තා. තොපි සාපයක්!!,1,sinhala
ලංකාව තුළ මෝඩ දේශපාලනඥයින් නොමැති අතර ඇත්තේ නූගත් දේශපාලනඥයින් පමණි,0,sinhala
"6 - ජනාධිපතිවරයාගේ වැය ශීර්ෂය 90%කින් කප්පාදු කරනවා - රටපුරා ගොඩනගා තිබෙන ජනාධිපති මන්දිර එම ප්‍රදේශවලට උචිත වනපරිදි සංචාරක හෝටල්, සංස්කෘතික මධ්‍යස්ථාන, පුස්තකාල බවට පරිවර්තනය කරනවා - සොරකම් කර එක්රැස් කර තිබෙන සියලු මහජන ධනය මහජනතාවට ප්‍රතිලාභ දීම සඳහා යළි පවරා ගන්නවා",0,sinhala
ලංකාවේ ගොං හැත්ත: මුලින් PFIZER ඉල්ලලා නාහෙන් අඬලා දැන් PFIZER BOOSTER එක එපා කියලා නාහෙන් අඬනවා. #lka #covid19,1,sinhala
ටහුඩු! පිස්සු හැදෙයි! S h i h a n i · 6 Oct 2020 How do you say “damn that’s crazy” like in a professional way???,0,sinhala
කලගුන සලකන්න මහජනතාව දුන් බලය සහ රටේ නීතිය බවිතා කල හැකිද ???,0,sinhala
"නින්ද යන්නෙත් නෑ ඕයි. බැරල් සුනිල් මටත් තියපන්, රෙද්ද. #Koombiyo #Koombiyo50",0,sinhala
ගැලරිය පිනවීමට කියන ගොන් කතා,1,sinhala
අන්තාවාදියෝ වෙලා පාරට බහින එව්න්ව මට්ටු කරන්න බැරි පොන්නයෝ ඉන්න හමුදාවක් කියලාද දන්නෑ අර පරට්ට සබ්‍රී හිතං ඇත්තේ.. ඌ දන්නෑ ලෝකේ ඉන්න දරුණුම ත්‍රස්තවාදීන්වත් ඉවරයක් කරේ අපේ හමුදාව කියලා....,1,sinhala
හබරල කොල හිල් වෙන්න හුජ්ජ කරන්න ඉතින් අලි පයියක් වෙන්න ඕනේ,1,sinhala
ඇයි කටට මොකක්ද වෙලා තියෙන්නේ,0,sinhala
අපි හිතමු මිහිරි කියන නිලිය නාන එකක් ලීක් උනා කියල .. ඒ ලීක් වෙලා මාස 8 දවස් 3 පෑ දෙක්කට පස්සෙ අපි ඔන්ලයින් හෙව්වොත් හෙන අමාරුයි ඒක හොයාගන්න.. ඒ වෙලාවට ඕ වගේ ස්ටොක් පකිරෙන්තුවෙක්ට මැසේජක් දැම්මහම ඌ ඒක උගෙ ලෝකල් ස්ටෝ එකෙන් හොයල අපිට් ධානෝ..,0,sinhala
ලංකාවේ ට්‍රාන්ස්පෝට් හැමදාම පට්ට ෆේල්. පොතේ හැටියට 9:05 ට කොළඹ කොටුවට ලඟා වෙන්න ඕන කෝච්චිය තාම ගම්පහ. උට හිතන හිතන වෙලාවට කෝච්චිය අද්දන්නේ. යකෝ බදුල්ල එක්ස්ප්‍රස් එකක් ඔහොම පිස්සු කෙලිද්දි අනික්වා ගැන මොන කතාද. ලංකාවේ ජිවත් ව්ව්න අපේ වටිනා කාලේ භාගයක්ම පාරෙම ඉවරයි බං. #LKA,0,sinhala
අපෝ නෑ... කට්ටිය හිටියා..ඒත් මේකේ එහෙම ගොන් පාට් නෑ...,0,sinhala
"උඹගේ එයා උඹව ගනම් ගන්නේ නැද්ද එක පාරටම වෙනස් උනාද දනින් වැලා ඇද්දත් ඒකි/ඒකා නොදැනෙන ගානට ඉන්නවද ගනන් ගන්න එපා බන් සංසාරේ පිරුණු නය ගෙවන්න තියෙනවා නම් උඹව නොදැනෙන හිත් වලටත් උඹට ආදරේ කරන්න සිද්ධ වෙනවා. #copied අනේ මංදා. මේවා කව්ද ලියන්නේ. මේවා ඇත්තද,",0,sinhala
"ගල්කිස්සේ Silver Wok එකේ ඉන්නවා තට්ට නාකියෙක් (ඔව් තරහට කියන්නේ) . ඒ පරයට සිංහලෙන් මොනා හරි කිව්වත් ඉංග්‍රීසියෙන් උත්තර දෙන්නේ. ඌ හිතන් ඉන්නවා කඩේ කැෂියර් වැඩේ කලාට, ඉංග්‍රීසි ටිකක් කියෙව්වම ඌ හෙන ලොකු පොරක් කියලා අපි හිතයි කියලා. . අනේ උගේ ලොකු ! ගොං පකයා",1,sinhala
ප්‍රභාෂ්ගෙ ඩාලින් ෆිල්ම් එක බලන්න ලව් ස්ටෝරියක් තියෙන්නෙ.වලි නන් නෑ හැබැයි,0,sinhala
මේවාගේ මිනිහ හරියට කතාකරල තියෙනවා මම පොන්නයද කියල උඹ කිවුවද ඌට නම් පුකේ අරින්න ගියේ නෑඔය කිවුව පයිය කටට අරන්ද දන්නෑ ගොන්ද නැද්ද බැලුවේ,1,sinhala
ඒසීයෝ වේසියෝ කියන්නෙ යුගල පදයක් ඉස්කෝලෙ දි උඹ ඉගෙනගත්තෙ නෑ!,0,sinhala
අපිත් මේ ලබ්බ නොදැනම හිටියනං හොදයි.. රෙද්ද.. හොද වෙලාවට ඉන්දියන් උන් එක්ක වැඩි බජනයක් නැත්තෙ නැත්තං පුකත් පෙන්නල යාවි.,1,sinhala
"පට්ට කැත කෙල්ලො, පට්ට ලස්සන ලොකේශන් වලට ගිහින් අර කැත මූණත් තහඩුවෙන් වහනවනෙ ලොකේශන් එක",0,sinhala
යකෝ චීනමනෙ එක වෙලා තියෙන්නෙත් ඒකෙන්...,0,sinhala
උඹේ පුක තමා අයියේ.,1,sinhala
Lanka News Alert – මේ අවජාතක ආණ්ඩුවක ඇරැඹූමයි URL via,1,sinhala
"නොදකින් පොන්න රැල, මේවගේ හරක්ද යකෝ ලංකාවෙ ඉන්නෙ? කොටියම කාපිය තොපිව. URL",1,sinhala
ඉදිරි මැතිවරයකදී නාමයෝජනා ලබාගන්න සියලුම අපේක්ෂකයන්ගේ සුදුසුකම් ප්‍රසිද්ධියට පත්කල යුතුය.,0,sinhala
යකෝ වින්ඩෝස් 98 වල සොෆ්ට්වෙයා වැඩකරනවා 10 වලට වඩා රෙද්ද,0,sinhala
අනේ සොරි ඇ. පිස්සු ඩබල ඔලුව අවුල් කරනවා,0,sinhala
"MCC ගිවිසුම පත්තෙර් දැම්මනම් ඉවරයිනේ, ඡන්ද ව්‍යාපාර කෝටි ගනම් වියදම් කරන්නේ",0,sinhala
බිජ්ජ සිබිඩ්ඩෙන් පනින්න කලින්,1,sinhala
වෙන රටවල කක්කා හිරවෙලා එකෙක් මැරුනත් නිව්ස් දාන මීඩියා හැත්ත.. අර සිරියාවෙ දහස් ගනං බෝම්බ දාල මරනව.. එක නිව්ස් එකක වත් ඒවා දාන්නෙ නැහැ...,1,sinhala
හරකා වගේ තමා ගුටිත් කයි ඔනෙ නම්,1,sinhala
අඩො අර #මලවැලී දැක්කෙ නෑ ගොඩ කාලෙකින් මැරිලද දන්නෑ,0,sinhala
බත්තරමුල්ලයි බොරැල්ලයි පටලගන්න මෝඩ මූසලයෙක් මං :/,1,sinhala
අරූ පැය 2කට කලින් War is over කියලත් දාලා අපි මෙහේ නැගිටගෙන බලන් ඉන්නව.. මොනෞත්තක්ද අයිසෙ,1,sinhala
තෝ පල.. පව් නෑ,1,sinhala
"ජෙස්ටර් සයිටම්, ෆ්‍රී ෆ්ලෑශ් සුපුනා උඩ්ඩ ඇලන් කෙල් මට තමුසෙලව හම්බෙන්න ඕන අයිසෙ",0,sinhala
සීයේ රයිස් කන මට ඔයාව ගැලපෙන් නෑ ඩාලින්!,0,sinhala
තල වපුරන කාලෙට වී වැපුරුවොත් තලත් නෑ වීත් නෑ. ඒ හින්ද ඉගෙන ගන්න තියෙන ටික කාලෙට ඉගෙන ගන්නිල. සල්ලි තිබ්බත් ප්‍රයිවට් ඩිග්‍රියක් කරන්න හරි S3ක් තියෙන්න ඕනෙ. කරපු සබ්ජෙක්ට් මාරු කරල හරි S3ක් ගන්න. මේ මගුල් වලට ඇවිල්ල කාලකණ්ණි වෙන්න එපා..,1,sinhala
අධ්‍යක්ෂ ජනරාල් සහ එයාගේ නිර්වචනය විහිලුවක් වෙලා,0,sinhala
"පුවත 1: අම්පාරෙ කඩේක හොද්දක පිටි ගුලියක්. "" යකෝ හම්බයො පෙති දාල ජාතිය වඳ කරනෝ රට ජාතිය අනතුරේ සිංහල ලේ කකියනෝ යන්නෙත් මේව බලා කුඩුකරපියෝ ඉන්නේ කෝමදෝ ඇස්ගෙඩිවලට හෙණ ගහල ද සිහළුන්නේ පුවත 2: ඉතිහාසයේ සොයාගත් දෙවැනි විශාලතම කුඩු තොගය ආණ්ඩුසමයේ බේරුවලින් හමු වේ. -රැහැයියන්ගේ මී නාදය",1,sinhala
මම කෙල්ලෙකුට බැල්ලි කීවම මගෙ මූණ දිහා අයෙ බලන්නැති වෙන්න තරන් තරහා වෙන්නයි ඒකිටම කෙල්ලෙක් ඒ බිච් කීවම ඒකි පට්ට ෆිට් එකක් වෙන්නයි හේතුව මොකද්ද,0,sinhala
ඔලුව ගහගන්න පිස්සා තවත් රස කතා මෙතනින් බලන්න ->URL URL,0,sinhala
කෙල්ලොන්ට බොන්න එපා කියනවා නෙමේ. ඒ උනාට මටනම් බොන එක අනුමත කරන කෙල්ලෝ පේන්න බෑ. මම හිතන විදිහට කෙල්ලෙක් කොල්ලෙකුට බොන්න එපා කියලා බනින්නේ ආදරේ හින්දා. කෙල්ලොත් රැඩිකල් කියලා හිතන් හරි පොශ් කියලා හිතන් හරි බීම අනුමත කරනවා කියන්නේ හෙනම ගොන්.,0,sinhala
විසිල් විතරයි බල්ටි නැති රාජිත පනින්නට ඉණිමං නැති රාජිත දත් නොගලවන දත්දොස්තර රාජිත ඇයිද බය බොරු නොවේ නම් රාජිත,0,sinhala
අඩෝ වසන්ත ගොං වස්සෝ තෝ ඔය කොල්ලාව මරං කලා ආතල් ගන්නද හුත්තෝ බලං ඉන්නේ ? කැරියා තොගේ බයි කැහිල්ලටද fake news පතුරුවන්නේ ? අවජාතක හැත්ත,1,sinhala
පව් ඉතිං කාලකණ්ණි ජීවිත,1,sinhala
බුදාම්මෝ .. GIF,0,sinhala
'මා හැර ගිය දුකින් තැවී නුඹට සාප කරනු බැරී නුඹේ නපුරු කමට කිපී හිතේ වෛර බඳිනු බැරී,0,sinhala
අනේ පකෝ තෝ වගේ ගොන් හුත්තෙක් වල් වෙසිගේ පුතා,1,sinhala
"අඩෝ මැරැනට වඩා වේදනාවක් වෙයි බන් ලමයෙක් නැති උනොත් ඒක හිතද්දිත් පට්ට වේදනාවක් බන් , උබල හරි අමුතුම සත්තු කොටසක් සක්කිලි බොල තොපි.........",1,sinhala
අම්මෝ පට්ට කථාව......... ඔක් 26 වෙනිදා මේ මාමී කරපු දේ බලපුවාම.............,0,sinhala
අර මිසිස් සිරිලංකා එකේ තෝරාගැනීමේ වට වලදි වත් අහුවෙලා නැද්ද ඒකි ඩිවෝස් කියන එක,0,sinhala
Online බැලුව ලබ්බක් යකෝ 20mb ඒවා බලන්නෙ :v,1,sinhala
තොට තමා කවදහරි ඕක වෙන්නෙ. චූටි මල්ලි සුපර් ග්ලූ ගෙනත් දෙයි,0,sinhala
"සයන්ස් එක ""හරි""! මහා ශිෂ්‍ය සංගමේ ""හරි""! කියලා, පොර ටෝක්ස් දෙන, ඔප්පු කරන්න දඟලන, මෝඩ ජෝකර්ස්ලා ටික, අවුරුදු... URL",0,sinhala
පොන්න පකෙක්. අපී මෙහේ සීතලට අදින ඇදුම් .ගිනි ගහන රස්නේ මේ මීහරකා යටට ඇදලා බිජ්ජ halfboill වෙලා ඇතී,1,sinhala
අනේ කොල්ලනේ.. මුස්ලිම් අයට හිරිහැර කලෝතින් මේ ප්‍රශ්නය උඩුදුවාවි. එවිට ඔවුන් අතර සිටිනා සුලු ත්‍රස්තවාදීන් පිරිසට සාමාන්‍ය මුස්ලිම් වරුන්ගේ සහය නිරායාසයෙන් ලැබී ඒවා තව තවත් සංවිධානය වනු ඇත. අවශ්‍ය නම් නිහඬව ඔවුන්ව වර්ජනය කරන්න. හිරිහැර කරන්න එපා. ජීවිත දේපල හානි එපා..,0,sinhala
පක රතු පාටයි පුක කළු පාටයි,1,sinhala
හැබැයි උගන්ඩාවෙත් ගිය #lka #srukabja ගොන් ටෝයියන්ගේ දැනගැනීම සදහා පමණි URL This Tweet is unavailable.,1,sinhala
ඉතින් ඇයි බං ඕක ඒවෙලේ කිව්වෙ නැත්තෙ. ගෝඨා නැතුව වෙන එකෙක් ඡන්දෙ ඉල්ලුවනං අද ගෝඨගෙ නම වෙනුවට ඔතෙන්ට දාන්නෙ ඒ මනුස්සයගෙ නමනේ. දේශපාලන වහල් පොන්න වේස කැරි හුකන කතා කියන්නෙපා හුත්තිගෙ කොල්ලෝ හුකන්න බෝම්බ ගහපු වෙලේ එක පකයෙක් හා හූ නෑ අන්තිමට ඡන්දයක් ළංවුණාම ජංගිය අස්සෙ තියෙන ඇට 1/2,1,sinhala
බලය නැති උනාම හැ⁣මා්ම එකයි. ඉස්සර උන් පාරෙ නැටුවා.. දැන් මුන් නටනවා...,0,sinhala
අර ගෑණි කෑගහන එකක් දාපං එකපාරක්.,0,sinhala
අම්මා එක්ක වෙසක් බලන්න ගිය පුංචි දැරියට තරුණයෙක් කරපු කැත වැඩේ - Rate Gossip URL,0,sinhala
මොංගල්ද ඩාලින් මුන්ට King Of Happiness · 6 Mar 2021 අඩේ,0,sinhala
පච්ච කෙල්ල කියලා ජනතාව කුලප්පු කරන ජනතාව නොමඟ යවන ඔය පාඨලී චම්පක යව ඇතුලට දාන්ඩ ඕන අනිවාර්යෙන්ම ඕකව ඇතුලට දාපන් ඕකා මල වදයක් මුළු රටට සාපයක්,0,sinhala
ඔව් මේ ලගම ඉන්න එකාගෙන්නෙ ප්‍රවේසම් කරගන්න අමාරු,0,sinhala
එ අපෙ වැඩ ටොයියො,0,sinhala
එහා පැත්තෙ ඉන්න සුද්දගෙ පිටේ හිම වැටිලාවගේ නිසා පොඩ්ඩක් බැලුවා. ඉස් හොරි ගොඩාක්. නොදකින් නාන්නෙත් නැති පස්ස හෝදන්නෙත් නැති පර සුද්දෝ.,1,sinhala
ගොඩක් කලබල බලාපොරොත්තු වෙලා වගේ හිටං,0,sinhala
දැන් ඉතින් ඇවිල්ල හමාරය්,0,sinhala
"එකෙක් මලා කියලා ඌට post හදලා ඌගෙ ගෙවල් වල එවුන්වයි, දන්න කියන එවුන්වයි හැමෝටම ගින්දර දෙන එක ආතල් එකක් නෙවේ මෝඩ... URL",0,sinhala
උතුරත්-නැගෙනහිර නැතිනම් අදත් ජනපති මහින්ද ඒකට සැලකුවේ නෑ ඒ අය.,0,sinhala
ලාංකික පොන්න ආණ්ඩුව හෙන ගහපන්..... තොපි සිංහල ජාතියක් වශයෙන් මෙහෙම කට වහගෙන ඉන්න එපව් බොල... හෙට වෙද්දි දන්නෙම නැතුව අපිටම හුකල යයි...තොපි කාල බීල රීලා කට වහගෙන ඉන්න හැකිතාක් මේ පොන්න හුත්තේ ආණ්ඩුව තව තවත් කැලෑ... URL,1,sinhala
ඉතින් යකෝ කොළොන්නාවේ උබල ඡන්ද දුන්නෑ කියල මොකෝ මේ රට සංවර්ධිත රටක් වෙනවයැ. මෝඩ ජෝක්ස් නැතුව හිටපල්ල ඔය පොඩි ඡන්ද කෑලි ටික තියාගෙන #GenElecSL,0,sinhala
අසූචි බාල්දි ලෑස්ති කරගෙන ඉන්නෙ සහයෝගය දෙන්න,1,sinhala
"ඔය ගහන පොල් ඔක්කොම ගහන උන් ගහන්නේ කාට හරි කෙළවෙලා පලයන් කියලා... පුළුවන් නම් මට එකෙක් පෙන්නපන් හොඳ හිතින්, පිරිසිඳු චේතනාවෙන්, ආත්මාර්ථකාමී නොවන අරමුණකින් පොල් ගෙඩියක් දේවාලෙක ගහපු... හිත කුණු වුණ කාලකණ්ණි... මමත් ඉස්සර ගහලා තියෙනවා... අත්දැකීමෙන් කියන්නේ... #SriLanka #LKA",1,sinhala
"උඩුගං බලා පීනන කොල්ලෙක්. පොඩි කාලේ ඉඳන් බෝලේ පිත්ත හුරුවෙච්ච, ක්‍රිකට් ලේ වල තියෙන රටක ක්‍රිකට් ක්‍රීඩකයෝ පිස්සු කෙලිද්දි ජැමෙයිකාවේ, ඇමරිකාවේ සුපර් ලෙජන්ඩ්ස්ලා එක්ක කරට කර මීටර් 100 දුවන්න යන අපේ කොල්ලා",0,sinhala
"මෙකට like දාන්නේ කොහොමද . මම මේ කෙනා දැකලා තියෙනවා කථා කරලා තියෙනවා . ඉස්සර ඩ්‍රාමා ඒකක නිතරම ""poh” කියලා කැල්ලක් දැම්මා .. හොන්ද නළුවෙක් . ඔහුට නිවන් සුව !",0,sinhala
දැන් බාගෙට පිස්සු ඒකිට,0,sinhala
මේ ගෑණි මොකක්ද ඇහැට දැම්මා දැන් මෙලෝ ගබුගල් පේන්නෑ. අකුරු ටයොප් කරන්න බෑ බොඑද වෙල පේන්නේ.,0,sinhala
සමන්තභද්‍ර ට බණින හොරිකඩ චීවරධාරීන් ගැන කෙටියෙන්. මේව වගකීමෙන් කියන්නෙ. ඇස් දෙකට දැකපුව. උන් තමයි ලංකාවේ ලොකුම බිස්නස් කාරයෝ . වෙලාවට කනවා වෙලාවට බොනවා වෙලාවට බඩුත් ගහනවා සිවුර කියන්නේ නිකං ඉදං කන පර්මිට් එකට බන් . ලංකාවේ ගොන් බිජ්ජොන්ට සත්‍ය තේරුම් ගන්න අමාරුයි . බොරුව හොඳයි,1,sinhala
ටහුඩු නංගිලා දන්න දේවල් URL This Tweet is unavailable.,0,sinhala
පියුමි කොමඩි 2 කොටස,0,sinhala
ලංකාවෙ කිඹුලන් ටත් ප්‍රස්න බම්..උනුත් පොලිසි එන්න පටන් අරන්..,0,sinhala
අදත් බංගලියො ගැහුවොත් පට්ට නේ,0,sinhala
"මේ ටුවිට් එකේම තියෙනවා ඇයි ගෑණුන්ට අනාරක්ෂිත ගබ්සා වලට යන්න සිද්ධ වෙලා තියෙන්නේ කියලා. දරුගැබක වගකීම බොහොමයක් පිරිමි බාරගන්න ඇකමැති නිසා තමයි ගෑණුන්ට මේවගේ දේවල් වලට යෝමුවෙන්න වෙලා තියෙන්නේ. මොකද අපේ සමාජය හැමවෙලෙම ගෑණු කෙනාට ""වේසි."" කිවත් ඒ ගෑණු කෙනාව බඩකරපු පිරිමියාට ""වේසාවා""",1,sinhala
දේපල රාජ සන්තක කරලා හිරේ දාන්න ඕන උන් බණ කියනවා,0,sinhala
බලං හිටපංකො ලොකෙ වටෙ හුක හුක යන රස්සාවක් ලැබුනාම,1,sinhala
මුන්ගෙ බොරු වලට මිනිස්සු රැවටුන කාලය ඉවරයි.,0,sinhala
අඩො අන්න maths paper එක උස්සලා විභාගෙ කල් දානවලු,0,sinhala
එහෙම ඇහුවේ නෑ බොල,0,sinhala
බඩගින්න වැඩි කරන්ඩ එපා අයිසෙ.,0,sinhala
අද දවස උදේ 7.00- හවස 6.30 PRACTICE හවස 7.00 - රාත්‍රී 10.30 CLZ එහෙම ජීවත් වෙන අපිට එයාලා වෙනුවෙන් වෙලාවක් තියෙනකොට එයාලා පැයක් දෙකක් බිසී උනොත් දවසටම වෙලාවක් නැතිලු. ආහ් ඔව් ඔව් ඒ හරකා විකිනුවා. ආය නෑ.,0,sinhala
හොරු එලියේ ඉද්දි ඇත්ත කතා කරන එවුනව හිරේට යවන ලංකාවෙ නීතිය කෙතරම් සුන්දරද.. බොරු ප්‍රචාරය කරන මිනිස්සුන්ව ගොනාට අන්දන ඔයගොල්ලන්ගේ මාද්‍ය ආයතනවලට කොහොම නඩු දාන්න ඕනිද එහෙම බැලුවොත්,0,sinhala
ඉස්පිරිතාලෙ කොමන් වාට්ටුවක මං දෙවතාවක් උන්නා.. හොඳ හොඳ කෑම පලතුරු බිස්කට් ආදිය සෙයා වෙනෝ.. කීපවතාවක්ම අපි තේවතුර නෙස්ටමෝල් හොඳ ට හදාගෙන බොනෝ.. කරාපිටියෙ නම් එකපාරක් ඇඳක් නැතුව අනාථ ලෙඩෙක් විදිහට කොරිඩෝවෙත් උන්නා.. ඒකත් ආතල්.. මං රවූමක් ගිහින් එද්දි මගේ ඇඳෙ වෙන අමාරු ලෙඩෙක්..,0,sinhala
රෙද්ද තමයි. විනාඩි දහයකට පිස්සන් කොටුවෙ උනුත් විනීතව ඉන්නවා,0,sinhala
"යොහානි ලංකාවට ආවම එයාපෝර්ට් එකේදි මාධ්‍ය මයික් අරං ගිහින් අහන්නෙ ""මේ ජනප්‍රියත්වයත් එක්ක දේශපාලනයට එනවද?"" මොනවද අයිසෙ මේ ගායිකාවකගෙන් අහන ප්‍රශ්න?",1,sinhala
මොන ගොනෙක්ද මේ ප්‍රශ්න අහන්නෙ..?,1,sinhala
ඇරපං කටට මසුරමක් දාන්න,0,sinhala
මනුස්සයෙක්ට මෙච්චර මෝඩ වෙන්න පුළුවන් ද ? පුළුවන් Dushanthi Niwarthana · 10 Sep 2021 හැම එකටම රට අත ඇරලා යන්න ඕනි කියන අයට යන්න කලින් හිතන්න දෙයක් මෙන්න පල්ලෙහාන්. LKR 2000 = Canadian $ 12 LKR 2000 = USD 10.02 LKR 2000 = AUD 12. 52 LKR 2000 = Euro 8.46 LKR 2000 = Somali Shilling 5858 දැන් මේ බඩු මල්ලෙ පේන්න තියෙන්නෙ Nestmalt එකක්නේ අපි බලමූ මේ රටවල Nestmalt 2/1 twitter.com/AmIsoSweet/sta… Show this thread,0,sinhala
"දන ගහලා වදිනකොට, දන ගහන්න පුලුවන්ද, පස්ස කොහොමද වාගේ දේ බලා ගන්න පුලුවන් නිසා වෙන්නැති.",1,sinhala
", සික් ඉතරක්. විසික් කරපං යකෝ ඕක.",1,sinhala
"ඉස්සරහට #ඒසියාකප් එක ඉවරවෙන හරියේ මෝඩ බයියෝ බොහෝවිට කියන ගොන් කතාව ""හරි හරි ඉන්දියාවට පැරදුනාට,අපි #නයිපැටව් ටිකට ගේම දුන්නනේ """,0,sinhala
යකෝ මාත් කාලයක් උන්නා පස්සෙ ඔබලම ඇතිවෙල ඇප් එකම උගුල්ලම දැම්මා,0,sinhala
URL ඉතින් කොහොමද කියන්නේ පිරිමින් යහපත් කියලා.... මේ තරමින් අසික්කිත වැඩ වනසිව්පාවන් වත් කරන්නේ නැහැ...... සල්ලාල එකෙක් ඇති බහුතරයකගේ නම කැත කරන්න...,1,sinhala
මෙයාට නම් ලගදිම බදු සහන හම්බෙනවා,0,sinhala
Ooooi මොනාද අයිසෙ කරන්නෙ දැන් කොහෙන් හරි ඒකිව හොයල දීපන්,0,sinhala
මූ නම් මහ අමන පාදඩ තුප්පහි සක්කිලි අවජාතක තිරිසන් හොරෙන්.සේරම හොරකන් කරන්න ඇත්තෙ මේකා තමා.ඒකනෙ පැරදුන ගමන් රට... URL,1,sinhala
පට්ට පට පට...,0,sinhala
පිස්සු මං තමා කියන්න ඔනේ,0,sinhala
තොට අද කෑවා ඇති නේද මචන්..........අනිත් එක්කනා ට තව වැඩි කල් නෑ පරිස්සමෙන් — feeling crazy,0,sinhala
අනේ බොල මෙච්චර වෙලා නොකා හිටියා වගේනේ කතාව ...,0,sinhala
දැන් පිස්සු වැට්ලා ජනතාව මතින් ගොඩ යන්න කල්පනාව පරිසමෙන්,0,sinhala
ඒක ඩබල් මීනින් ජෝක් එකක්.. මම කාගෙවත් අම්මෙක්ට බැනලා නෑ. අනික කෝට් කරලා තියෙන්නෙ question mark එකක් එක්ක. පුක ලොකු වුනා කියලා උන්ට මේවා තේරෙන්නෑ ශානා,1,sinhala
ශ්‍රි ලාංකිකයන් ලෙස ආඩම්බර විය යුතු ව්‍යාපෘතියක් වේ. ලංකාවේ අනෙක් ප්‍රදේශවලටත් කල හැකි වේනම් වාඩාත් ආඩම්බර විය හැක.,0,sinhala
නොදෝමකින් මොිඩයෙක් රටට කරපු අපරාදයක්,1,sinhala
පිස්සු හැදෙයි... එහෙනම්.!!,0,sinhala
අනුරගෙ සට්ටැඹියන්ගෙ ඉත්තෑවො දුඑඅන එක අහන්නදෙයක්ද තව බැනපල්ල ට්ගව මඩගහපල්ල උඹලගෙ සක්කිලි පර ගති ලෝකෙටම පෙන්නපල්ල. %ට ඇදල දැම්මෙත් මේකෙ ඇමනෙන සිප්පිකටු,1,sinhala
සාප වැඩ ඊයේ පෝය නේද Λ ｎｊａｎａ · 31 Oct 2020 නිවාඩු දවසට බියර් එකක් බිව්වට කමක් නෑ නේ,0,sinhala
කතෝලිකයිනනි මෙවන් අසික්කිත අවජාතක මoගල සමරවීරයා දේශපාලන වේදිකාවෙන් අතුගා දමන තුරු අපේ සටන ලoකාවේ සියලුම දෙව් මැදුරු තුලින් එලියට බැස ප්‍රකාශ කරමු තෝ හිතුවද කතෝලිකයෝ කියන්නෙ තෝ වගේ නිවටයො කියලා. දැන් බලපිය කතෝලික අපේ හයිය. උබ වැඩේ වරද්ද ගත්තා.උබේ දේශපාලනයට තිත තියන්නෙ කතෝලික අපි.,1,sinhala
"සුබ උදෑසනක් ලැබුවෙ නෑ හෙන කාලෙකින් මට,",0,sinhala
අඩො ජෙරී... එදානම් අමතක වෙන්නෙ නෑ.. මඟුල නැගල යනවනෙ.,0,sinhala
මල්සරො විදිනවානම් විදපන් ඉක්මනට නැත්‍තන් පල යන්ට මුසලයා,1,sinhala
ඒක තමයි මේ දවස්වල තල්මස්සු ගොඩගහන්නෙ,0,sinhala
ගිය ඉරිදා හොරණ ගිය වෙලාවක CIB කියන කඩේ ට ගියා. ලොකු බුදු පිළිමයක් තියලා මල් පහන් පත්තු කරලා. මුලින්ම පේන්න තිබ්බේ බෞද්ධ කොඩිය ෂර්ට් සාක්කුවට අල්ලලා මහපු සුදු අත්කොට කමිස ටිකක් මම හැරිලා ආවා එලියට බෞද්ධකම අල්ලලා මාකටින් කරන හැත්ත ගැන මට තියෙන්නේම පිළිකුලක් !,0,sinhala
කිව්වෙ බොරුද ඇත්තද ගොන් කතාවක්ද නැද්ද ඒ හැමදේම ප්‍රතික්ෂේප කරන්න විදි තියෙනව.විශේෂයෙන් ගැහැණු කෙනෙක්ට එක එක නරක වචන කිය කිය කෑගහන පිරිමිනම් අනේ මන්ද ඉතින් ඒව සාදාරනීකරණය කරන්න සමහර උගත් කියල හිතන් ඉදපු මිනිස්සුත් කියල තියෙන ඒව දැක්කම තවත් පුදුමයි,0,sinhala
"වේසකමේ ගිහින් ජාතක වෙච්ච උඹ, අම්මගෙන් අහපන් පුලුවන් නම් එදා ඇනපු එකාගේ එක හිට්ටේ හරහටද කියලා පොඩ්ඩක්. ඊට කලින් පොඩ්ඩක් හොයලා බලපන් එදා කීදෙනෙක් ඉදලද කියලා. එතන අනිවාර්යයෙන්ම බිජ්ජ කොට එකෙක් ඉදලා තියනවා. ඒකයි උඹ දකින හැමඑකාගෙන්ම ලොකුද පොඩිද අහන්නේ.",1,sinhala
බයික් එක වික්කා ප්‍රෙන් දැන් ආයෙ උබලට මගෙ අඩො වැඩියාව අහගෙන ඉන්නයි වෙන්නෙ,0,sinhala
ඔහොම බලාපොරොත්තු දීලා අරන් යන්න එපා පකෝ #SLvsNZ,1,sinhala
සැපේ හුත්තො. තෝ කොහෙද? අර බෝතලේට සෙට් උනානෙ? නේද?,1,sinhala
සිරාවට ම කාලකණ්ණි ජාතියක් බන්,1,sinhala
ඔයාලට වෙන වැඩක් නැද්ද ඇත්තටම අපිවම කන්න බලන්නේ. මෙච්චර ප්‍රශ්න තියෙන මේ රටේ ඒ ප්‍රශ්න හොයන්න බය උනාම තමයි අපිව මතක් වෙන්නේ රෙද්ද. වැඩක් නැත්තම් කලින් ගෙදර ගිහින අම්මට බත් ටිකක් උයන්න උදවු කරහල්ලකෝ,1,sinhala
"හැම අයෙක්ටම ඇප් දාගන්නපුලුවන් පෝන්නෑ, සමහර පෝන් වලට ඇප් දාගන්නබෑ, සහර අය දන්නේනෑ, ඒක වයසක අයටත් ඒ කියන්නේ අපි වගේ අයටත් සුදුසු එකම විදිය තමයි ඔය කාඩ්බෝඩ් කෑල්ල පෙන්නන එක තමයි, ඒක අපිට ලේසියි ඔයාවගේ පොෂ් කොල්ලන්ට ඉතින් අමාරුයි, නමුත් වයසක අයටත් තරුණ ලස්සන කැත කොරෝනාට නම්එකයි.",0,sinhala
මේ බල්ලා එල්ලන්න ඕනි..!!!,0,sinhala
ටහුඩු එච්චර දරුණුද සීන්ස් එක,0,sinhala
'තමුන්ව රට පාලනය කරන්න තාම සුදුසු තත්වයක නැහැ...ඊට පෙර මොන්ටිසොරි යවන්න ඕන...,0,sinhala
ඒක ඒකාලෙම කරා නම් හොදයිනෙ...,0,sinhala
කොච්චර බුද්ධිමතුන් හිටියත් වැඩක් නෑ චතුර රට පාලනය කරන වල් හරක් ටික ඉන්නකල්… මේ රට හැදෙනවානම් හැදෙන්න කල් දැන්.. යන කෙනෙක් ගිහින් තමන්ගෙ ජීවිත සාර්ථක කරගන්න… මේකෙ ඉඳල වැඩක් නෑ..,0,sinhala
වියන්ගොඩ යනු $ ඩොලර්කාමී උමතුවෙන් පෙළෙන අවජාතක තක්කඩියෙකි.. URL #lka #sriLanka #colombo #Galle #Kandy #Viyangoda,1,sinhala
නඩුත් හාමුදුරුවන්ගේ බඩුත් හාමුදුරුවන්ගේ කිව්වහම හාමුදුරුවන්ගෙ බඩුව පිනට ඉල්ලගන්න බැරිවෙයි ද දන් නෑ කියලා හිතන පෞකාර මම.,1,sinhala
"බඩු ගැසීමට යොදා ගන්නා කාන්තාව බඩුව වෙයී. ගෙදර දොරේ වැඩ කරවා ගැනීමට, ගෘහ වගාවට, කහ වැවීමට, තේ හැදීමට, රෙදි සේදීමට, බත් ඉවීමට, අතුපතු ගෑමට යොදා ගන්නා කාන්තාව අම්මා වෙයී.",1,sinhala
"""මේ පාරත් චන්දිමාල්ගේ රාජකීය උපන් දින පාටිය ගත්තලු නේද"" "" ඉතින් අපිට පාන්ද හුත්තො. උපන් දිනෙ ඌගෙ නං ඒක සමරන්නේ ඌ නං ඒකට වියදම් කරන්න සල්ලි ඌට තියෙනවනං බොලාගෙ ලබ්බ කහන්නෙ ඇයි..",1,sinhala
පැපොල් බෑය අතින් ගත් පරා උත්තමාණෝ අතින් හෙට සභා ගත වෙයි.,0,sinhala
ඒ අස්සෙ අපේ හෙන රෙන(ව)ලූෂනල් කියල හිතන් ඉන්න උන් ටෝක් දෙනව අපේ ප්‍රතිප්ත්ති වෙනස් වෙන එක ගැන. අනේ ගොබිලො රෙද්දෙ ප්‍රතිපත්තියක් නෙවෙයි අවස්ථාවෙ විදියට ටීම් එක දින්නම සතුටු උනා විතරයි. එහෙම කියල ලංකාව ගහද්දි ඉන්දියාවට ගහන්නෑ. මොන කරුමෙකට ඉපදුන ගස් ගොබිලොද දන්නෑ මුන්.,1,sinhala
ගැඹුර දෝන් කාර දෙනවා ඩාලින්,0,sinhala
"අයිසෙ තවුසෙ බීල ද? සුද්දො ටිකට බෝම්බ ගහල එලවලා, තම්බි ටිකක් මේක අස්සෙ දාගෙන tourism ගොඩ ගිහින් කියල කියන්නෙ ?",1,sinhala
හම්මෝ යකෝ ට්‍රැක් ඩයල් ඉන්නේ,0,sinhala
ගෙම්බන්පිලයට බැනලා වැඩක් නැ. මුගේ මේ ගොන් කතා මිනිස්සු මතක් කරද්දි කිබුහුන් යන්නෙ ගෙම්බගෙ අම්මට. පවු අර අහින්සක... URL,1,sinhala
"මම මේ නිකමට අහන්නේ, මොලෙන් පක ඇල්ලුවොත් කොහොමට තියෙයිද?",1,sinhala
යකඩෝ...... #මතක #අමතක වෙනවා ඉබ්බ ඇරපු ගමන් අර චීත්ත හැත්ත ගෙදරට කිව්වාම,1,sinhala
මොකා වුණත් සාප වේවා! උන්ගේ වෙලාව විතරද වටින්නේ? අනෙක මුන් මෙච්චර කලබලේ ගිහින් කොරන්නෙ මොනවද? #රටකන්නෝ! #අයියෝයහපාලනය #lka,1,sinhala
ආයේ දෙයක් උනාම එකෙක් එන්නෙපා සිංහලයෝ මෙහෙමයි සිංහලයෝ අරහෙමයියි කියාගෙන.. ජාතියේ සමගිය රෙද්ද පල්ලෙන් බේරෙනවා..,1,sinhala
", බලන්න පිංවත්නි පක පුක උන අපූරුව",1,sinhala
"අපේ ගෙදරත් තත්වෙ ඔමමයි. එක දවසයි කොන්ඩෙ කපන්න ඕන කියල කිවුවෙ, ""තමුසෙ ඕකකපාගෙන ගෙදර එන්න එපා"" කිවුව.",1,sinhala
පොන්න සිරිසේනයි පොන්න රනිලුයි එකතුවෙලා අන්තවාදි පර දෙමළට ආයේ මේ රටේ ලේ වගුරවන්න නිත්‍යානුකූල අවසරය දෙන ලදී මේ... URL,1,sinhala
අැයි පාතාල අයගේ මුහුන වහන්නේ මොවුන් අපරාද කරැවන් මොවුන්ව සමාජයට පෙන්විය යුතුයි මුහුන වැසිමෙන් මොවුන්ව අාරක්ෂා කිරිමක් කරන්නේ කුමක් සදහාද......?,0,sinhala
අපිත් පිස්සු වැටිලා වගේ බිව්වේ..,0,sinhala
ආයෙත් අහලා.. ඒකි මැරිල නෑ,0,sinhala
පතායා Thanos කියලා දාගෙන...යකෝ Thanos දන්නවා නං දෙකට නැමිලා හපාගෙන මැරෙනවා.,1,sinhala
සයර්. නංගිටයි මස්සිනාටයි කෝල් එකල් දීලා අහන්නකෝ,0,sinhala
පිස්සු හැදෙයි... ඊට වඩා මනෝ ගහන් කල්පනා කරයි...,0,sinhala
පිස්සා අයියා වලියක් අවුස්සන ට්‍රයි කරනවා...ඔවා කැත වැඩ හොදේ,0,sinhala
දාඩිය සුවදට රජකම් බලු වෙන සමාජයක ජීවත් වෙයි අප සැම සිංහල රැප් ගෙනියමි ඉහලාකාසෙට හෙල දෙස පුලතිසි රැප් රජු මම බොල... URL,0,sinhala
ඇදිරි නීතිය ඉවත් කිරීම පිලිබදව. තචත් සිතිය යුතුය. ජනතාව මරණයට පත් කරමින් ආර්ථිකය විවෘත කර අගාධයට වැටෙනවද? ජනතාවත් බේරගෙන ආර්ථිකය විවෘත නොකර ඉවසනවද?,0,sinhala
හා #SriLanka #Politics #LandLikeNoOther,0,sinhala
"විකට් එක යද්දි නෙට් රන් රේට් එක 4.63, මේක දාද්දී 4.53. විකට් එක ගියාම ඕයි දැම්මේ Cricinfo එකේද මැච් බලන්නෙ උඹ ?",0,sinhala
"කාර් කෑල්ලකුයි, අයිෆෝන් එකකුයි තිබුන කියල අර ගොනා හිතන් ඉන්නෙ ඌට කෙල්ලො කැමති වෙයි කියල",1,sinhala
අහක යන නයි රෙද්ද අස්සේ දාගෙන ඊට පස්සෙ නවසීලන්තය The following media includes potentially sensitive content. Change settings View,0,sinhala
ඕක මොකක්ද අයිසේ ඔහේගෙ අර සදාදරණීය නායකතුමා මහා සංහාරයක #EasterSundayAttacksLK චූදිතයෙකු වෙලත් අර චූන් එකේ පද්ද පද්ද ඉන්න එකේ. බලාගෙන ගිහාම අයිසෙ කඩේ නොගිය කෙනෙක් හොයාගන්ටත් නෑනෙ..,0,sinhala
mun දැන් පිරිලා.. FB eke... අවජාතක හැත්ත..,1,sinhala
600 එක ගෙනිච්ච පකා ඒක කාලා ශැක් මී හරකා,1,sinhala
මෙහෙ ඇවිල්ලා නේ..ගම්මු ඉස්සර කෑව විදි ඇහුවොත් එහෙම පිස්සු වගේ. හැබැයි අපෙ අම්මලා ඕවා කියනවා. මන් ආස ඒ කතා වලට..,0,sinhala
සිහ ශක්ති බෑන්ඩ් එකේ music පට්ට කියල හිතෙන්නෙ නැද්ද,0,sinhala
ඔබව පිස්සු වට්ටන පුදුම සහගත අම්මලා සහ දූ වරුන්ගේ අපූරු ජායාරූප 10ක් මෙන්න URL,0,sinhala
"එකවුන්ටෙකට සල්ලි වගයක් වැටුනා ,මාත් හෙන හැපි එකෙ හිටියෙ බැන්කුවෙ උන්ට වැරදිලා දාලා ඇති කීලා",0,sinhala
අනුන්ට කොච්චර මොනව කරත් අන්තිමට අපිට අපි විතරයි එකෙක් එන්නෙ නෑ තමන්ට තමන්ගෙ පිහිට විතරයි අම්ම තාත්ත නැති දවසක — feeling meh,0,sinhala
’හම්බන්තොට වරාය ආපසු අරන් මිසක් පස්ස බලන්නේ නෑ’ - ඇමැති විජයදාස lankadeepa.lk ’හම්බන්තොට වරාය ආපසු අරන් මිසක් පස්ස බලන්නේ නෑ’ - ඇමැති විජයදාස හම්බන්තොට වරාය මහජන දේපළක් වන හෙයින් එය චීන සමාගමකට විකිණීම සම්පූර්ණයෙන්ම වැරදි ක‍්‍රියාවක් බවත් එය නැවත කෙසේ හෝ ජනතාව අතට පත්කර මිස ආපසු නොබලන බවත් අ ..,0,sinhala
වලිගේ පාගගන්න කලින් ඔයාට යුතුකමක් තිබුනා මට අඩුම ගානේ WA කරලා අහන්න... දැන්වත් WA බලන්න ඩාලින්,0,sinhala
"අලුත් දෙයක් එක්ක හමුවෙමු.. හැමදාම එකම දේවල් කරන්න ගියාම කම්මැලි.. ""ඉන්නොනේ ගොනා සේ"" ධනුවා (Dhanuwaa) · 2 Oct 2020 මේ දවස්වල ඉංග්‍රීසි පොඩ්ඩක් පොලිශ් කරගන්නවා.. සුභපතන්න පෙන්ස් මට..",0,sinhala
ටහුඩු මූ යකෝ Ranuka® · 14 Mar 2017 ආදරේ කළ යුත්තේ ආදරේ ලැබීමේ අදහසින් නොවේ. එවිට එය ගනුදෙනුවකි. සැබෑ ආදරය යනු පෙරලා එවැනිම ආදරයක් බලාපොරොත්තු නොවන උත්තරීතර ධර්මතාවයකි.,0,sinhala
ශුවර් ද ආදාරයක් කියලා,0,sinhala
ඡන්දෙ කල් ගියා කියලා නෙවෙයි පකෝ සතුටු වෙන්නේ. දෙදහස් පහලවේ දි පුක දීලා කරගත්ත ලොකුම හොඳ දේ වෙන 19A තවම ආරක්ෂා වෙලා තියන එක ගැන. අපේ බයි යාළුවන්ට හිත රිදෙන්නේ නැති වෙන්න හෙමීට RT කරන්න.,1,sinhala
"මේ ටුවීටුව දෙස බලනු !!! මෙතැන් පටන් නුඹ වල් ඌරෙක් හා දැන් ශබ්ද නගල කියන්න "" මං වල් ඌර... මං වල් ඌරා...."" කියලා",0,sinhala
උදේට මට ගුඩ් මෝනින් කියපන් නැත්තම් අද දවසම උඹට අකුලෝලා පලයන් වගේ සාපයක් උදේ පාන්ඩරම බුකි වෝලේ අලෝගෙන ශෙයා කොර කොර... URL,1,sinhala
"""බිජ්ජ තියාගෙන ඇට දෙකෙන් **න්න ලෑස්ති වෙන්න එපා"" - ප්‍රසන්න රණතුංග #GenElecSL",1,sinhala
ජනාධිපතිට හැම දවසකම මෙහෙම මයික් එකක් දිලා කතා කරන්න කිව්වා නම් මේ මිනිහා කියන පිස්සු කතා ජනතාවට අහන්න එපා වෙනකොට අඩුම තරමේ මේ යකාව ගල් ගහලා හරි එලවලා දායි.රනිල්ව අගමැතිකමෙන් එලවලා මාසයක් වෙනවා තාම බැරි වුණා බැදුම්කර වාර්තාවට අනුව නිතීය ක්‍රියාත්මක කරන්න.මේයාගේ පොර ටෝක ගෑණිට හොඳයි,1,sinhala
ඔය බල්ලො බැලියන් නටන්නේ දෙමාපියන්ගේ හයියෙන්. නීතිය සාදාරණව ඉශ්ට වෙයි කියලා හිතන්න අමාරුයි. තූ නොදකිං ගොං වේසි,1,sinhala
මොනවා වුනත් රනිලුත් දන්නවා සජිත් රට හරකා කියලා,1,sinhala
මහින්ද රාජපක්ෂ හෙටත් පාර්ලිමේන්තුව මග හරියිද දන්නේ නෑ.හෙටවත් පාර්ලිමේන්තුවේදී ආණ්ඩුවට විරුද්ධව ඡන්දය පාවිච්චි කරන්න හිතුනොත් හරි,0,sinhala
"මොනවා උනත් ටිකක් හරි සිංහල සිංහල උන් ආයෙත් එකතු වෙන එක නම් පට්ට හයියක්,, අපි අපේ රට ජාතිය ආගම ගැන එකට එකතු වෙලා වැඩ කලා නම්, මේ රට හැදිලා ගොඩක් කල්,, අවස්ථාවාදීන්ට රඟන්ඩ බැ මේකේ,, දේශපාලනේ තමයි රට කන්නේ,, ජාතියක්, ජම්මයක්, ආගමක් නැති සමනල්ලු, පොන්නයෝ ගොබ්බයෝ ආයෙත් නොයවා ඉමු",1,sinhala
පට්ට වැඩේ කියන්නෙ අපිට හිනාවෙන එවුන්ගේ ජීවිත දිහා බැලුවම උන්ට හිනාවෙන්න අපිට වෙනම නිවාඩුවක් දාන්න වෙනවා,0,sinhala
බඩු මිල ඉහල යනවා කියන්නේ දැන් සාමාන්‍ය දෙයක් බවට පත්වෙලා... ජනතාව ආර්ථික වශයෙන්ද පීඩාවට පත් වෙලා..,0,sinhala
මෙවත් දැන් පෙන්නපල්ලා රාජපක්ෂ ලා හරම කොරා මෙහෙම කොරා කිවුවනේ තොපි රාජපක්ෂ ලා ගේ අල්ලපූ හොර බඩු පෙන්නපල්ලා ජනතාව... URL,0,sinhala
නංගි යන වචනය “බඩුව” බවට පත් වූයේ කාගේ වරදින්ද..? තරුණ තරුණියන් කියවිය යුතුම ලිපියක්..! හැමෝටම දැනගන්න Share කරමු... URL,0,sinhala
ඈ බොල ගොන්පාලො තෝ දන්නවාද මම කවුද කියලා .. ටුවීට් දාන පෝන් එක බලන් පාදඩ කතා නොකියා හිටු !,1,sinhala
අයියා අද Commentary එකේ හිටියුත් IND කාරයන්ට දේන්ඩ තිබ්බා අරුන්ගේ කටට,1,sinhala
යකෝ අපි මේ කොස් කාලා ජීවිතේ ගෙවන වෙලාවේ එක එක මස් ජාති වල photo යවන්න එපා පෙන්ස් . . . . හරිම වේදනයි මට,0,sinhala
ඇන්ටිලා පට්ට යකෝ.. . . . . . . උපුටා ගැනීමකි,0,sinhala
රත්නත්ත්‍රයේ අනුහසින් රට කොරෝනාවෙන් මිදේවා,0,sinhala
"03 - 02 - රාජගිරිය තරුණියන් 03 වයස 20,27,31 - ගල්කිස්ස තරුණියන් 02 වයස 38,43 - ගල්කිස්ස තරුණියන් 03 වයස 21,23,36 රෙද්ද බැනියම නෙමෙයි සිංහල/දමිල/මුස්ලිම් ඇදුම නොවෙයි මේ රටට උවමනා වෙන්නේ දරුවෝ මේවායින් මුදවා ගන්න විනයක් ඇති නායකත්වයක් නොවේද",0,sinhala
"""බාවුජි බාවුරන් නහි කන්දස් පාතාහේ"" *කල්පනා කාරි වන්න බලන්න කදු උඩ රෙන අවස්ථා ඇත*",0,sinhala
බත් කට හිර උනා ඔයි,0,sinhala
ටෙලි ෆෝන් නොම්බර නම් හදලා දෙයි ! අර අජිත් රෝහණ වගෙ උන් ඉන්නකම් 5 ක් බේරේ 5 ක් බේරේ ..මෙලෝ රහක් නැනේ,1,sinhala
"ගෑණුන්ගෙ තන් දෙක මැද දාරෙ ගැන බණට කියද්දි එදා ඔබ වහන්සේලා විරුද්ධ වුනානම්, අම්මලගෙ ෆොටෝ සූට් ගැන කතාකරන ඔබලා ඉංදියවෙදි ගෑණියෙක් ප්‍රසිද්ධියේ කිස්කරපු ගණය ගැනත් කතා කලා නම්, අනුරාධපුරේ පංසල් වල ගෑණු හුටපට ගැන හෙව්වනම්, මේවට විරුද්ධ නොවී කොහොමද රෙද්දක් ඇදන් ගිහියන්ට වරද පටවන්නෙ. VEN.SIRINANDA THERO. · 30 Jul 2020 නාකි ආච්චිලා තමන්ගෙ පුතාලටත් වඩා බාල කොල්ලන්ව, මුත්තලා තමන්ගෙ දුවලටත් වඩා බාල කෙල්ලන්ව කසාද බඳිනකොට,බඩදරු අම්මලා ඇඳුම් නැතිව ෆොටෝ SHOOTING කරනකොට,පොඩි ළමයි LITTLE STAR වෙන්න අම්මල අප්පොච්චිලා කියන සිංදු කියාගෙන නටනකොට,ඒවට විරුද්ධ උනාම කුහකත්වයැයි අවලාද කල උන්ට සතුටු ඇති දැන්..",1,sinhala
මේ දැන් ඉන්න ගොන් පකේලා ගෙවල් Rent එකට අරන් DJ දලා ගහන්න පුලුවන් හැම මලජරාවම ගහන්න පුලුවන් සැප පාටි දාන කලාක් හොයාගෙන ඇවිල්ලා නදකින් ඕවා කරනවනම් පාඩුවෙ අහු වෙන්නෙ නැති වෙන්න කරන්න ඔනේ අන්තිමට කෙල වෙන්නෙ අපි වගේ පාඩුවෙ සෙට් වෙන එවුන්ට ගෙදරින් එලියට බැහැගන්න බැරි වෙන එක...,1,sinhala
ගොං හාමුවා බැඳුම්කර හොරා නොකා හිටිය නම් මෙච්චර පොලි නගින් නෑ. මට ණයක් වත් අරගෙන ගේ වැඩ ඉවර කර ගන්න තිබ්බා. ඕකට නම් හෙන ගහලත් මදි අම්මපා,1,sinhala
ඒකි මාව Follow කරනවා මම ඒකිව Follow Back කරනවා ටික දවසකින් ඒකි මාව Unfollow කරනවා එතකොට මම ඒකිගේ ෆෑන් කෙනෙක්.... #අහලාතියනවාද,0,sinhala
කට තලන්න ඕන ඕකගෙ,0,sinhala
අනේ මාවත් ඔය ජාතික හරි අවජාතක හරි ලයිස්තුවෙන් ඇතුලට දාපන්කෝ! තව කට්ටිය ඉන්නවද #SriLanka Parliament ඈතුලට යන්න බලාගෙන?,1,sinhala
මෙවයේ චරිත කියලා හිතන් ඉන්න සමහරක් උන් ඇත්ත ජිවිතේ හෙන ගොන් පක්කු. එහෙම උන් දෙතුන් දෙනෙක් දන්නවා.,1,sinhala
"මට තියෙන පස්නෙ, තමුසෙ කොල්ලෙක්ද කෙල්ලෙක්ද කියලා",0,sinhala
කවුරුත් ඔය උත්තමාවියගෙන් මිලියන 390 නඩු තින්දුව ගැන අහන්ඩ අමතක වෙන්ඩ ඇති ? URL #SRILANKA #LKA #ShiraniBandaranayake,0,sinhala
*මම දෙන්නම් තල්ලුවක් *ඔය අපේ ගෙදර හරකා - උම්බෑැ *නගාාා-මං එනවාා එපා කියද්දී පැන්නනෙ හැක් මට පරණ අැඩ් එකක් මතක් උනා,0,sinhala
යකෝ තොපි තවම යහපලානේ කියා කියා මිනිස්සු රවට්ටනවා. බෝල කාලකන්නි අතම ලැබූ බලාපිය ඇස් ඇරලා කව්ද මේ යහපලානේ කන්නේ තොපිම නෙවේද කියල. තොපි හැමෝම එක එක එවුන්ට බනිනවා. එත් තොපිම තමා මේක කල තියෙන්නේ. කන්නෙත් තොපිම තමා. DailyMirror · 25 Jun 2018 Aloysius had given liquor dealership to some MPs: Ranjan URL,1,sinhala
එකනම් පට්ට බ්‍රෝ.,0,sinhala
ඉතින් බැංකුවට ගිහාම හප්පා නාකි සෙට් එකක් තමා ඉන්නෙ..උපරිම 35 ට වැඩි..මට වයස 21යි.. අර කට්ටිය හිටියෙ ඉතින් දෙන්නං උඹලට මූඩ් එකේ..ඔන්න ඉතින් අපි අර ඉස්කෝල මානසිකත්වයෙන් එලියට එන්නෙ මෙතනදි..අපි ඉස්කෝලෙ ඉන්නකොට ශා ඔක්කොම කට්ටිය හොඳයි විහිලු කියන හරි ශෝක් උනාට රස්සාවෙ එහෙම නෑ,0,sinhala
"හැම පකටම රාවනා. වාල්මිකී දන්නවනං පුකෙං හිනායෙන්නෙ. මිනිහ හිටියනං තව කතාවක් ලියනව ""රාවන දේසේ පොන්න පැටවු"" කියල",1,sinhala
සමහර විට අර ඉංගිරිස් ෆිල්ම් වල වගේ කටට කටතියලා අර ලමයාගේ බඩට වෙන ලමේක් හුලං පිම්බුවාද දන් නැහැ.,0,sinhala
අනේ මන්දා දිනාල් ඔයාගෙ මොළේ තරම. පක විතරක් දිගට ලොකුවට තිබිලා වැඩක් නැහැ. #Teamදිගපයිය.,1,sinhala
පුතේ නාකි සීයට කියන්න අපිව නයකරා ඇති කියල! Gotabaya Rajapaksa · 4 Oct 2021 Meeting my granddaughter Dulanya for the first time.,1,sinhala
අර යහපාලන පක කොරෝනා එද්දිත් රට කරා නන් වෙන ටික කෙටියෙන් මුලින් රට ඉන්න එකෙක් ඉබගෙන සිරා කොරෝනා හදාගන්නවා ඊට පස්සෙ ඌ සජිත් බදාගෙන ඌට හදනවා ඊට පස්සෙ ඌ පොනිල්ට හදනවා ඊට පස්සෙ ඌ සාගලට හදනවා උන් සේරම එක්ක ඇමැති මන්ඩලේටම හදනවා ඇමැති මන්ඩලේ උන් සෙට් වෙලා පාර්ලිමේන්තුවටම හදනවා,1,sinhala
බිජ්ජ ට කියන සමාන පදයක්,1,sinhala
"ඈ බොල හිනෙන් නයි පේන එකයි,කොච්චර දිව්වත් එක තැන ඉන්න එකයි,කෑගැහුවත් මටවත් ඇහැන් නැත්තේ මට විතරද?? — feeling confused",0,sinhala
ඇම්බැට්ටයෝ ටික ලඟට කොරාන ලොක්කට කියලා කොමිසමකුත් දමාගෙන කෙලවන්න හැදුවට එකෙකුට .... වුනා නොවේද එය කොමිසමයම .... ලැජ්ජාවක් ඇත්නම් දැන්වත් අර Frequency හම්බ වුනේ කොහමද කියලා දාන්න අයියෝ . . . ඔට්ටුයි බැහැ,0,sinhala
මල්ලිගෙ උපන්දිනේට හෙට දෙන්න දෙයක් කල්පනා කර කර ඉද්දි ලොක්කා දුන්න සප්‍රායිස් එක නම් පට්ට.. රතිඤ්ඤා පෙට්ටියකින් ෂේප් උනෑකි හැමිනේෂන් ourNation HappyBirthdayඒඅස්සේ,0,sinhala
අම්මාගේ redda කැපකිරීම්.. සිමෙන්ති කඳුලක් නෑ.. කාලකණ්ණි තුප්පහි සක්කිලි ආණ්ඩුව,1,sinhala
"අනේ ඉන්දියාවේ ඉන්න ගොන් හරක්.. dove Ponds , Ole , කැලේ URL",0,sinhala
මලහත්තිලව්වයි. ජිවිතේට කුනුහරප නොකීයපු අපෙ අම්මත් දැන් කුනුහරප කිය කිය සාප කරනවා මහත්තයො. අනේ ප්ලීස් ඔය ඇති.,0,sinhala
කොහොම හරි බලන්නේ බලය ගන්න,0,sinhala
රටම බලන් ඉන්නේ එකම ගලවුම් කරුවානනි ඔනට ජය,0,sinhala
ඔව් ඉන් පොඩ්ඩක් මෝඩ නිසා තමයි උඹලා වගේ පන්ඩිත පකීර්ලව ෆලෝ කරන්නේ,1,sinhala
ඔයා අනී කිව්වට හෙන වදේ,1,sinhala
මම මෝඩ කතා කියන්නෙ මෝඩ කමට නෙවෙයි හනේ. අනිත් මෝඩයො මාව මෝඩයෙක් ගානට දානවද බලන්ට! පව් ඉතිම් #sithuwili,1,sinhala
ඒකනම් ඇත්ත......මොනා උනත් දැන් මිනිස්සු මෝඩ නෑ එකපාරක් දෙපාරක් මට්ටු උනානේ....දැන් හොදට හිතල බලල තීරණ ගන්නෙ,0,sinhala
නෙදකින් මේ ගොනාගෙ කට ඉරියන් දවසින් දවස බෙල්ලෙ ගොමර හැදියන් දකින දකින උන් මුට තඩි බාපන් සාප නොකර ෆලොව් කරල මෙතනින් පලයන්.. හු හූ,0,sinhala
"බන්දුල ගුනවර්දන අර කියපු හයිබ්‍රිඩ් නිදහස් සෞඛ්‍ය , පිටින් බෙහෙතුයි පරීක්ෂණයි කරගන්ට කියනකොට වෙන්නෙ නැද්ද ?",0,sinhala
"මතකද පොඩි කාලෙ ගණිතයට , ලබ්බ සමච්චේදනය කලා",0,sinhala
අද දෙරණට සීල් තියන දවස කවදා කොහේදී උදාවේද,0,sinhala
අපේ අම්ම මට මේම කවදා කියයිදෝ..... දැවෙන ප්‍රස්න තමා ඉතිං මේව.. URL This Tweet is unavailable.,0,sinhala
නිසි පුද්ගලයාට නිසි තැන නොදුන් නිසා එම පල විපාක අප විසින් විදිනවා.,0,sinhala
"""අවදිවන්න අවදිවන්න දීප්තිමත් දි.."" ""ඔය ලයිට් එක ඕෆ් කරපිය ගස් බල්ලෝ තොට දීප්තිය පෙන්නන්න කලින්.."" සු.උ. ට්විටර් වාසීනී",1,sinhala
මයිනින් ෆාම් දාන්න සුදුසු රටක් නෙමෙයි ලංකාව. අතිවිශාල තාපයක් මේ හරහා පරිසරයට මුදා හැරෙනවා. මේ හරහා විශාලා පරිසර දූෂණයක් වෙනවා. ඇත්තටම අනාගතයේදී පසුතැවීමක් ඉතිරි කරන අපරාදයක් මේ වැඩේ.,0,sinhala
අනේ උඹේ අම්මට හුකාපං පොන්න වේසිගෙ පුතා. යස්මින් සූකා කියන්නෙ කව්ද කියලා තෝ අපිට කියන්න එපා පකෝ. ගොන් කැරියො තොපි මොන මඩ ප්‍රචාර ඇරියත් තොපිට ආයෙත් මේ රට කාබාසිනියා කරන්න දෙන්නෙ නෑ පකෝ. සක්කිලි වහල් වේසිගේ පුතා,1,sinhala
දිමුත් ගැටලුවක් නැත .නමුත් පළපුරුද්ද අඩුයි.,0,sinhala
ඉට්ස් ඕකේ කෝලි බේබි දැන් පලයන් # පිට්_තමය #CWC15 #AUSvIND,1,sinhala
You Are Here: Home → ශ්‍රී ලංකා ටෙලිකොම් ආයතනයේ නව දත්ත මධ්‍යස්ථානයට ජනපති අතින් මුල් ගල තැබේ ශ්‍රී ලංකා... URL,0,sinhala
හැමතිස්සෙම මුන් group වල පෝස්ට් කරනව මොනව පෝස්ට් කරනවද දන්නෑ :/ Notification පිරිලා රෙද්ද,0,sinhala
කොන්ද පන තියෙන විපක්ශ නායකයෙක් මේ සැරේ පාර්ලිමේන්තුවේ ඉන්ඩ ඔනි,0,sinhala
ට ඔහොම අරින්න එපා සෑර්.. හැමදාම 69 බඩින්,0,sinhala
"මෙවැනි යෝජනාවක් කරන්ඩතරම් මොලයක් තියෙන එකෙක් අපේ මහබැංකුවෙනම් නැහැ, එහෙම හිටියනම් මෙහෙම රටකට කෙලවෙයිද???",0,sinhala
"ගුරුතුමා : ""සිරිසේන කියනවා බලන්න ""බුලත් පයියට හෙණ ගැහුවාම කිල්ලෝටේ ගැන කතා කරලා වැඩක් නෑ"" කියන එකට උදාහරණ "" සිරිසේන : ""ඇයි සර් 2015 න් පස්සේ ලංකාවේ නෙවේද ඉන්නේ, සර් ක්‍රිකට් මැච් බලන්නෙත් නැද්ද ?"" ගුරුතුමා : ""හරි බං එළ සිරිසේන කොලුවෝ උඹ අපිට ඒක හොඳටම තේරුම් කරලා දුන්නා """,0,sinhala
මේක ඇත්තක් ද බොරුවක් ද ?,0,sinhala
වැඩේ උනා කියලා හිතාගන්නකෝ,0,sinhala
තඩි කොල්ලොන්ට තමා පූසෝ හොඳටම හුරතල් කරන්න පුළුවන්,0,sinhala
තමන්ගෙම කට්ටිය දාවල ගල් ගස්සගෙන ගල් ගැහුවා කියලා කියන එක පුතාණෝගේ තාත්තගේ කාලේ ඉඳලම තිබුණ,0,sinhala
මල්ලි/නංගි ඕක ඩිලීට් කරන්න නැත්තං බොරු ප්‍රචාර කරනව කියයි,0,sinhala
කුසල් මෙන්ඩිස් retire උන දවසට ආයේ ලංකාවෙ උන් ගහන match බලනවා. thanks අපිට ක්‍රිකට් එපා කරවනවට. තෝ තොට ඇතිවෙනකම් ක්‍රිකට් ගහපන් මල්ලි. #ENGvSL,1,sinhala
උඹ මොනාද කන්නේ? - හරක් මස් කන්නෑ. හරි යකෝ හරක් මස් කන්නැති බව දන්නවා. තෝ මොනාද කන්නෙ කියාපිය. #SinhalaStories,1,sinhala
අද දවසට අකවුන්ට් 10ක් විතර බ්ලොක් හුත්ත -_-,1,sinhala
ඔය කියන ශරියාව මෙයාගෙ කොතන තියෙනවාද?,0,sinhala
එහෙම පකෙක්ට පුළුවන් ද ජනාධිපති වෙන්න,1,sinhala
ලප අනුරගෙ කට් එක අයින් කරා.....මැදමුලනෙ නාකි මහින්දගෙ කට් එක ගැහුවා.දෙදරු පියෙක් වගෙ හුත්තො .එනිවෙ මහින්ද හොරා - පිස්සුවක් දැනෙමින්,1,sinhala
අඩෝ ඒවා නම් කැත වැඩ බන්. අසාධාරණ විදිහට මිනිස්සුන්ට රිද්දන එක.,0,sinhala
ඒකි හිතන් ඉන්නේ ඒකිට වගේ මට ෆෝම් වෙනවා කියලා .පව් බන්.,0,sinhala
"""උඹ ගස් බැඳගෙන පෙන්නපන් මේක වැරදියි කියලා."" පවු අනේ",0,sinhala
අල්ලපු ගෙදර එකාගෙ ඔලුවට තඩි ගලකින් ගසා ඔලුව පැලීම #childhoodmemories,0,sinhala
"ඔව්____|| ජීවිතේ එහෙම හමුවීම් තියෙන්න පුලුවන් ලඟට ගන්නත් බැරි වුනු, අතෑර ගන්නත් බැරි වුනු, ඒ දැනෙන අසරණකමට මුලු ජීවිතේමත් එපා වුනු, උඹ මගේ ජීවිතේට එහෙම හමුවීමක් හැම රෑමක හීනෙනුත් හොයපු ඒක මහ සාපරාධී වෙන්වීමක් ජීවිතය දෙකක් කරපු #අක්කාලව්එක",0,sinhala
රාජපක්ශලාගේ ගූ කන වහලෙක්ට රිදිලා. අනේ පකේ තෝ දන්න හුත්ත මගෙ බිස්නස් මන් බලාගන්නම්. අපි දන්නවා මුං දේශප්‍රේමය ඉස්සරහට දාගෙන නටන ජවුසං. බලන්න තිබ්බා ඉන්දියාව ගත්තනං මූව සල්ලි දීලා එහෙනං මූ ලංකාවට පුක පෙන්නලා ඉන්දියාවේ කන්ඩායම පුහුනු කරන්න යන්නේ. අපි නොදන්න කපටි මහේලයා,1,sinhala
System එක වෙනස් වෙමින් පවතී,0,sinhala
දැන්වත් හොඳට හිනාවෙලා ඉන්න අපේ මෝඩ නන්ගි,0,sinhala
මේ ගෑණි සෝබෝන් එකේ ඉගෙන ගත්තාලු...ගේට්ටුව හොයා ගන්න බෑ..චන්ද්‍රිකා මැතිණියගේ අධ්‍යාපන සුදුසුකම URL,0,sinhala
"නිව්සීලන්ඩ් සෙට්එක ගෙදර ගිය එකට පකිස්තානෙ ඉන්නෙ පට්ට අව්ලෙන් නේහ්.. නරකද මේ වෙලාවෙ පකිස්තානෙට කරන උදව්වක් විදියට අපේ #සෙට් එක එහේ යැව්වනම්? ලේකෙම ගෞරවයයි, අපිට බැන බැන බලන්න මැච් ටිකකුයි හරි ලැබෙයිනෙ.. අනික මුන්ට බෝම්බ ගැහුවත් අපිට දුකකුත් නෑනෙ",0,sinhala
නොදකින් රසල් ෆෝම් වෙලා #SLvsWI,1,sinhala
ලංකාවෙ බස් මාෆියාවක් නෑ කිව්වොත් කනට දෙකක් ගහල සිකුරාදා දවසක 17 බස් එක්කට නග්ගපන්. ඒසී බස් දෙක තුනකට පර්මිට් දෙන්න බැරි පොන්න නිළධාරියෝ.,1,sinhala
ඔබ හිතුවද මේ සමියා මෝඩ බවක් ඔය තතු මම දැනගෙන දැන් බොහෝකලක් තොපි දෙන්නම මට වැඩියෙන් නාකි උනත් තොපිට වැඩිය ගස්... URL,0,sinhala
"යකෝ හැමෝම කතා කරන්නෙ ඒකිගෙ පැත්තනෙ, එකෙක් වත් කියන්නෙ නෑ අපි රෙදි ඇඳන් පාරෙ යන්නෙ කොහොමද කියල.",0,sinhala
අම්මප ඉන්දියන් කාරයො වගේ දැන්නං කුසල් මෙන්ඩිස්ට ගහන්න ඕන මගදි අල්ලල...රෙද්ද..පොර ටෝල්ක්ස් දෙන්න විතරයි දන්නෙ,1,sinhala
උගෙ මොලෙ ⁣පුකේ හරි ඇති. තොගෙ කොහෙද තියෙන්නෙ. අර නගින්නෙ නැති පයියෙ ඇට දෙකේද?? අඟලක්වත් නෑ නේද පයිය..දුක තමා රංජනී..,1,sinhala
හැමදාම ඕක තමා කරල තියෙන්නෙ.,0,sinhala
මොනා උනත් අපේ තත්වෙ තියාගන්න ඕනෙනෙ හුත්ත URL,1,sinhala
කම්මැලි කොල්ලනේ පොල්කටුව ගෙන අතිනේ පලයන් හිගමනේ තොපට අන් පිලිසරණ නෑනේ,0,sinhala
කට්ටියට චැට්බොට් එක්ක චැට් කරන්න කිව්වම....මුන් අමු කුණුහබ්බ....කියනවා....ඊ ලඟට ඒවල තේරුම අහලා මට මැසේජ් එනවා...රෙද්ද....,0,sinhala
නොදැකින් කාලකන්නි දෙන්නා මුංට සැර් නෙවෙ කියන්න ඕනැ. අවජාතක බල්ලෝ. තරුණ පරමුරම මුලා කරපු අවජාතක බල්ලෝ .,1,sinhala
කූඩැල්ලන් මෙට්ටයේ තැබිය නොහැක.තබා නහුතෙටම කෙලවගැනී⁣මෙන් වලකින්න. හැබැයි බල්ලන් මෙට්ටේ තැබිය හැක. එවිට බල්ලා සැපසේ නිදයි. හැබැයි උගේ ඇගේ මැක්කෝ ඉන්නෝ. මැක්කන්ට කකුල් ගොඩක් තීනෝ. මැක්කන් වදවී යාමට බේත් දෙන්න වෙනෝ. මැක්කා වදවී යෑමට ලක්වී ඇති සතෙකි. මැක්කෝ හරි කැතයි.,0,sinhala
අහිංසක අම්මෙක්ට දරුවෙක් නැති කරපු අවජාතික සක්කිලි හැත්ත ඉන්න අරුම පුදුම සහෝදර නිවහන URL,1,sinhala
අද තමයි ඒවට මූලාරම්භය වෙන්නෙ....තව කොච්චර ගොංකං කරයිද...යාළුවො ඔයිට වඩා දේවල් කරල කියල හිටියොත් යාළුවොනෙ කියල ඒ මනුස්සය සද්ද නැතුව ඉදීනෙ.ගෑණි ඒ මනුස්සයගෙ කියන එක මමත් දන්නවා...මම අදහසක් විතරයි පළකලේ.,0,sinhala
බල්ලෙක් හදලම නෑ වගේ නේද? මන් හිතන්නේ මේ මගේ දහ වෙනි නැත්නම් එකොලොස් වෙනි බල්ලා පොඩිකාලේ ඉඳල හදපු.,0,sinhala
ඒක ඇත්ත.කරපු පව් වල හැටියට තාමත් නිරයේ දුක් විදිනවා ඇති. මිනිසුන් සාප කලේ දරුවන්ටත් එක්ක.එදා අපරාද කරපු බොහොම දෙනෙක් මිය ගියේ අඩු තරමින් බලන්න මලකුනවත් ඉතුරු නොවී.,0,sinhala
"ගෝටාබයට බල්ලා කියලා බනින ස්වාමීන් වහන්සේ නමක්..අද රටේ සැබෑ තත්ත්වය මේ ස්වාමීන් වහන්සේ කියන්නේ #lka #SriLanka #COVID19SL #COVID19LK youtube.com බල්ලා.. පරයා.. ජනපතිට, අගමැතිට බැන වදිමින් භික්ෂුන් වහන්සේ නමක්... බල්ලා.. පරයා.. ජනපතිට අගමැතිට බැන වදිමින් භික්ෂුන් වහන්සේ නමක් පිස්සු නටයි.",1,sinhala
නොදකින් අහන එකාට වමනේ යයි බං,1,sinhala
"අනුමත එන්නත් දෙකම ලබාගෙන අදාළ කාලය පසු කරලා නම්, පිටරටින් එන විට සහ නැවත මෙරටට පැමිණි පසු ගන්නා PCR නෙගටිව් නම්, රටින් පැමිණෙන සියලුම දෙනාට දින 14ක හෝටල් නිරෝධායනය අනිවාර්ය කරන්නේ ඇයි?",0,sinhala
අ/නිවත්තක චෙතියන්ස්ලා ඉස්කෝලෙ උපන්දින සැමරැම මාරයි පොඩි හුජ්ජ කොල්ලො එකතුවේලා තොපි ඉස්කෝලෙ නම කන්න එපා බොරු සො... URL,1,sinhala
චතුරලා පොන්න වැඩ කරන්නෑ පකෝ. උන් ස්වාධීනයි කියලා බෝඩ් අල්ලන් බෝම්බ පුපුරවන්න උදව් කලේ නෑ,1,sinhala
කවුරු හරී දුවගෙන දුවගෙන ඇවිත් තඩි පොල්ලකින් මගෙ ඔලුවට ගැහුවනම්.. ⍣༗Baby Koala ♡✿࿐⍤⍤  · 10 Jan 2020 කවුරු හරි දුවගෙන දුවගෙන ඇවිල්ලා මාව බදාගන්නවනම්,0,sinhala
අයිසෙ මෙවට හිනා යනවනෙ . සොශල් මීඩීයා වල යන විහිලු වලත් හෆොයි නැද්ද මට පොඩ්ඩක්,0,sinhala
ඡන්දේ දින්නට පස්සේ බලය ලැබෙන ටර්ම් එකක් තියෙනවනේ එකෙන් හරියටම බාගයක් යද්දි මිනිසුන්ට පුළුවන් බලයේ ඉන්න උන් චාටර්නම් අර ඉතුරුකෑල්ල මාක්කරලා තැපැල් කරන්න කලින් දිනපු ගානට වඩා මාක්කරපු ගාන වැඩිනම් සෙනිකව ආණ්ඩුව විසුරලා ආයේ ඡන්දයක් තියන්ඩෝනේ අර කෑල්ල නැතිනොකර තියාගන්ඩෝනේ මිනිස්සු,0,sinhala
"මේක නවන්න පට්ට ගේමක් දෙන්න ඕන. Farhan Nizamdeen · 15 Aug 2020 ගාල්ල - උඩුගම ප්‍රධාන මාර්ගයේ හොර වංගුව Galle - Udugama main road ""Hora Wanguwa (Bend)"" #Galle #lka #Srilanka",0,sinhala
නැත ඔහු මෙලොව වසනා කාලකණ්ණි කිහිප දෙනාගෙන් එකෙකි,0,sinhala
මොන ලමෙක් කිව.... පස්ස ටමා භොල... මට ඩැම් ලමයි හඩල ඇටි වෙලා... අම්මපාං.... මෙ කොරියාවෙ මිනිසුම්ගෙ හැන්සම් වීමෙ රහස හොයම් උම්ව කැත කොරම්ඩෝනෙ...,0,sinhala
"එකෙක් නෙවෙයි, ඔය බූරුවො සෙට්එකක්ම ඉන්නව මචං. දෙරණ කොහොමත් ඔය වගේ බූරුවො ගෙන්නලා, ගොන් ආතල් දෙනඑක #අලුතින්සිතන්න දෙයක් නෙවෙයි කියල උන්ටනම් හිතෙන්නෙ නෑ",1,sinhala
කාලකණ්ණි බල්ලො ඉන්නේ පොලීසියේ ! #එලඑලඑල,1,sinhala
කුඹුරුවලට යොදන ඇතැම් වල් නාශක ප්‍රමිතියෙන් තොර අලෙවි කිරීම නිසා වල් මර්දනය සිදු නොවන බව ගොවි සංවිධාන නියෝජිතයෝ හම්බන්තොට දිස්ත්‍රික...,0,sinhala
අපි හදන්නේ මහින්දලාගේ සයිටම් අවජාතක දරුවා සුජාත කරන්නයි! | Mahajanathawa URL,1,sinhala
හෙන හතම වැදියං.නොදකින් නොදෝමකින් මේ වගේ උන්නම්,1,sinhala
දුලිප්පයියා ?? තෝ ඕකට එකක් අහගෙන පුක දීලා වෙඩි කාපන්,1,sinhala
වතුර එක්ක කරන්න පුළුවන් අමුතුම විදිහේ පිස්සු වැඩටිකක්... URL,0,sinhala
"පපී කිව්වම අනා හුරතලෙ, බැල්ලි කිව්වම මල පැනලා කුනුහබ්බ කියනො.. අනේ යකෝ",0,sinhala
නොච්චියාගම මොරවක කන්දේ හත් දරු මවකගේ (73) කිරි හරකා මස් කඩයට විකුණා ඇතැයි දැනගත් පසු ඇය හඬා ව... URL #LKA #SriLanka,0,sinhala
"මේවට විදේස අාදාර ලැබිල තියෙනව නම්, මේවා නොමිලේ අධ්‍යාපනය ලබා දෙන්ඩ ඕනෙ, කව්රු හරි පිරිමියෙක් අාණ්ඩුවෙ ඉන්නවනම් අාණ්ඩුවට පවරාගන්ඩ",0,sinhala
"රස්නේ ඕන වෙලා මත්පිට හේත්තු උනා, ඒ හෙත්තුව මිනිහා වැරදියට දැකලා, පවුල් ඈරවුල් උනා, ඒ ආරවුල මත් පිට දුර දිග ගොස්, දෙන්නම ඒක මතින් විසදන්න බැලුවා, ගමේ, නගරේ,රටේ, මේ ගෑණි බොනවා, මිනිහලා ඉන්නවා කථා හැදුනා ඒවා දරාගන්න බැරුව දෙන්නම බොනව ඇබ්බැහි උනා, ප්‍රශ්ණ පිට ප්‍රශ්ණ, ඒ එක බියර්",0,sinhala
බලේ අල්ලන් ඉන්න ජඩ-පාලන සක්කිලි ඕනෑම පහත් වැඩක් කරයි #sriLanka #lka,1,sinhala
කව්ද අඩො ඩොටේ පැයයි විනාඩි 15යි. දැනුත් මේ එන ගමන්,0,sinhala
"ඔව් ඊට පස්සේ කියයි චීනෙන් අපි වෙනුවෙන්ම හදපු සෝක් app එකක් කියලා. GPS , GSP අදුරන්නේ නැති ගොං නාකි ලොක්කෝ අපිට ඉන්නේ, එහෙම එකේ මේ දේවල් නොවුනොත් තමයි පුදුමේ..",1,sinhala
සමඟි ජන බලවේගයටයි ශ්‍රී ලංකා පොදුජන පෙරමුණටයි දෙකටම වෙලා තියෙන්නේ නායකත්වයත් නැතිකම නිසා බල්ලෝ වගේ හැසිරෙන එක. ජනතා විමුක්ති පෙරමුණට ස්වයං විනයක් තියනවා. දෙමළ ජාතික සංවිධානයයි එක්සත් ජාතික පක්ෂයයි දැඩි නායකත්වය නිසා එක එකා ගොන් කතා කියලා නායකයන්ගෙන් බැනුම් අහන්නේ නැහැ.,1,sinhala
කවදහරි ලංකාවේ ජනාධිපති උනොත් මුලින්ම කරන්නේ ඔය කියන රෙද්දේ ව්‍යවස්ථාව හැමෝටම තේරේන භාශාවෙන් සුද්ද සිංහලෙන් පරිවර්තනය කරන එක... . (A). අද ඉදන් තෝ අගමැති... ආයේ කතා කරන්න එපා එක වචනයක්... තොට සෙට් එක වැඩිනම්... URL,1,sinhala
යකෝ කෙල්ලෙක්ට තියා බල්ලෙක්ට වැටෙන ලයික් ගානවත් මට වැටෙන්නෑනෙ . මං යනවා මේ ලෝකෙන් රෙද්ද,0,sinhala
වෙන දෙයක් ගැන කතා කරන්න දෙරණ. දැනට මෝටර් සයිකල් හරහා බෙදා හැරීම් ජාලයක් වත් නැති සතොස කොහොමද ඔහොම දෙයක් කරන්නේ. කෝ ඔය වැඩේට යටිතල පහසුකම්. ශාඛා කිහිපයක පමණක් ඕනෙනම් ක්‍රියාත්මක වෙයි. මේවාගේ නිව්ස් හොඳයි පක්ෂ වහලුන් චූන් කරන්න.,0,sinhala
රෙන කං කියල කියෙව්වෙ මං විතරද දන්නෑ?,1,sinhala
"ඈ පකෝ, මම වැල එවනවා WA එකේ?",1,sinhala
"වැල්ලේ ඉද්දි පම්ප් එකක් සෙට් වෙලා වැටකෙයිය පදුරකට හුජ්ජ කරා, කැරි වැඩ කරන්නෙපා කියල කපල් එකක් පඳුරෙන් එලියට පැන්න",1,sinhala
අනුර කුමාර දිසානායක යැයි කියන මූට පිස්සු යකෝ ..... අනේ පකෝ...... මුළු ලෝකයම වසංගතයකට මැදිවෙලා / බයවෙලා ඉන්දැද්දි දැන් වත් ඔය මරිමෝඩ කටවල් වහගෙන ගෙදර ඉඳපල්ලා..... ___ note by Tonga (Proud Sri Lankan) lanka C news · 13 May 2021 සෑම කොරෝනා මරණයකටම ජනාධිපති වගකිව යුතුයි… URL,1,sinhala
පිස්සුද අයිසෙ. මොනාද මේ කියවන්නෙ. ඒව කරන්න පුලුවන් දින්න නම් විතරයි. පැරදිලා බෑ.,0,sinhala
එහෙනම් අත්සන් කරන්න එපා ඇඟිලි සලකුණ තියපන් විමලෝ,0,sinhala
තෝ පල පැණි සෙවෙල චමත් මීමා,1,sinhala
"ලංකාවේ මෙච්චර දෙයක් කරන හමුදාව ලඟ ලඟම දේශද්‍රෝහී වෙන සීන් එකක් තියෙන්නෙ. ඇයි හමුදාව ඇතුලෙම කොවිඩ් ලෙඩ්ඩු වැඩිවෙනව. ඡන්දෙ තියාගන්න බැ. ""රා'පස්ස සර්ලගෙ ඈයෝ හමුදාවත් මේකපතුරවනව විපක්ශයේ කොන්ත්‍රාත්තු බාර අරග්ගෙන මේ ඡන්දෙ කල් දාන්න කියල කියන්නත් බැ නැ. බලය වෙනුවෙන් ඕනදෙයක් use කරනවනෙ",0,sinhala
"යකෝ කසාද සහතිකේ විතරයි නැත්තේ, කාසාදෙන් පස්සේ වෙන්න ඕන දේවල් උඹ දැන්ම කරලා ඉවරනේ",0,sinhala
"Highway bus එකක නැග්ගාම , ජීවිතේට කෙල්ලෙක් ඇවිල්ලා ලගින් වාඩි වෙලා නෑ බං රෙද්ද!!",0,sinhala
ඒකි තමන්ට තියෙන පොරෝ පාරෙන් වැඩ ගන්න දන්නවා .මේ සිබාලා නිදහස ලැබිච්ච දවස දන්නෙ නෑ කියලා මරං කන්න හදනවා . කවුද මෝඩ ?,1,sinhala
Hasley කියන්නෙ පට්ට කටහඩක් තියන ගැහැනියක්,0,sinhala
ජීවිතේ සමුදෙන්න දැන් යන්න යන්නට දුර ගමන් දුක් කඳුලු අතරේ පාවෙමින් මේ කඳුලු තොට අභියස ඉඳන් #Sajje,0,sinhala
පොන්නය උඹ කවුද කියල මේ photo එකෙන් පේනව..තොට හෙනම ගහපිය..අපේ හමුදා වීරයො සැමදා අමරණීයයි.. Vikalpa · 18 May 2016 Remembering Mulliwaikkal #MulliwaikkalBeach #srilanka #lka,1,sinhala
සිංහයෙක්ගේ කසාදයකට අවිත් බල්ලෙක් එකසිය ගාණට නටනවා දැක්ක තව සිංහයෙක් බල්ලා ළග ඇවිත් +මොකද උම්බ මේහේ කරන්නේ? -මමත් බදින්න කලින් සිංහයෙක් තමයි,0,sinhala
ඉන්දියාව හඳටත් යනවා ඔන්න. විස්තරය කියවන්න. රටක් ලෙස අප ඉන්නේ කොතැනදැයි නැවත සිතන්න. දිගට ම මෙහෙම පිස්සු නටමු ද? නැතිනම් අසල්වැසි රට දිහාවත් බලාගෙන හැදෙමු ද? URL,0,sinhala
සමහර අයට ට්විටර් කෙල්ලො පුක පෙන්නලාත් ගියාලු. අපි ඉල්ලුවම තමයි මේ කෙල්ලන්ට නයිටිය පිටිං සෙල්ෆියක් වත් දාන්න බැරි..,1,sinhala
සිරිපාල හෙන ගොනා එ උනාට හිත හොද මනුස්සය #BeLikeSiripala,1,sinhala
පරට්ට බැල්ලි කියලා පටන් ගන්නේ,1,sinhala
#එයාබැන්නත්මන්යැව්වෙ අන්තිමට.දවසක ඔයා කාගෙ හරි බිරිදක් වෙලා දවසක ඔයා අම්මා කියනපදවියටඑයි.ආන්ඒකටගරුකරනවා.තරහක් නෑ.ඒ අම්ම කියන තැනට එන්න ඉන්න ඔයාට ගරු කරලා මන් සමුගන්නම්.කලින් බැන්නට වෙන් වෙද්දි ඔයා වගේ බනින සිරිතක් මගේ නෑ.ඒ පදවිය දරන්න ඉන්න ගෑනු ළමයෙක් නිසා ඒකට ගරු කරලා සමුගන්නවා,0,sinhala
ගෝඨා හදපු තැන් නම් යට වෙන්නෑ තාම! අනික නෙළුම් කුළුණ හැදුවෙත් ගෝඨා නෙවෙයි මහින්ද. මීතොට මුල්ල කුණු කන්දට යට වෙලානම් මිනිස්සු මැරුණා ඒක ඇත්ත. ගෝඨා කොළඹ අතුගාලා ගිහින් දාපු කුණු වලින් වෙන්න ඕන. මේ ආණ්ඩුවෙන් පට්ට කසල කළමනාකරණයක් දැක්කා. ඇත්ත රනිල් කළා තරම් ලබ්බක් ගෝඨා කලේ නෑ තමයි,1,sinhala
අපරාදේ තෝ වගේ අපතයෙක් ෆොලෝ කලේ,1,sinhala
මිටි තැන් දැක පුප්පන්නේ උස් තැන් දැක හැකිලෙන්නේ.. #SLPolice,1,sinhala
"ලංකාවේ මේවගේ දේවල් කලොත් අම්මල රෙද්ද උස්සන් එන්නේ, ජපන්නු වගේද යකෝ අපි කියල URL",0,sinhala
හරකා වෙනුවට එතුමා! #CoupLK,1,sinhala
උබේ හුනු බිජ්ජ බලන්න.. මම සබ්ජෙක්ට් එකේ නෑ බොක්ක සොරි,1,sinhala
අනේ හුකන්නෝ කොන්ද පන තියෙනවනම් ඔප්පු කරහන්. නැත්තම් කටයි පුකයි වහගෙන පැත්තකට පලයන්. අවුරුදු පහ හයකට වඩා මේකේ ඉන්නවා. උඹ එනවද මේකේ අනිත් උන්ට මං ගැන චරිත සහතික දෙන්න.,1,sinhala
කෙල්ලො කියලා හිතන් හිටියට මේකේ ගොඩක් ඉන්නවා පට්ට නාකි ඇන්ටිලා.,1,sinhala
"යාපනයේ කොටි සැමරුමක් ති⁣යල නේද? ඉදපල්ලකෝ හුත්ත මේ කොන්ද පණ නැති සිරිසේනයව පන්නල දාලා, නන්දසේන ස'ව ජනාධිපති කරනකල්... ඔය කැරි දෙමළුන්ට හුකවල ගන්න.",1,sinhala
"The බයි logic - හොරකං කරාට කමක් නෑ ආයුබෝං, යුද්දෙ දින්නනෙ... The ටොයි logic - හොරකං කරාට කමක් නෑ අයිසෙ, කොමිසම ඉදිරියෙ සාක්ෂි දුන්නානෙ... #BananaRepublic #ConNation #lka",0,sinhala
"නොදකින් ගල් මුසලයා Razmit · 26 Jun 2019 මිනිමැරුම්,ලිංගික අපචාර,සොරකම් සහ මත්පැන් පානය කිරීම වලට තියන දඩුවම කොහොමද? පොඩි like එකක් දාමු ද.",1,sinhala
"බයීක් එකේදී මාස් දැමීමෙන් කෝවිඩ් වලට නම් වැඩක් නැහැ, හැබැයී ගොයම් මැස්සෝ කටට යන එක නම් නවත්වන්න පුලුවන්. cdc.gov COVID-19 ARCHIVED WEBPAGE This historical page is not up to date. Find the latest on COVID-19.",0,sinhala
ඕකා මරු ඈ එක්ක පලයන්..,0,sinhala
තඩි බිඩි තඩි බිඩි තඩි බිඩි තඩි බිඩි ගාලා ලොකුවෙන්න....,0,sinhala
මු හොදය සර්ගස් එකක ජොකර් කෙනක් කරන්න,1,sinhala
මම දන්නවා තෝ චීත්තයක් වගේ මේකේ හැමෝගෙම ඕපේ හොයනවා කියලා... එක නිසා තොගේ මුනට කිව්වත් එකයි වටේ කිවත් එකයි... අනික මේ තෝ වගේ මෙකේ ගැනු පලල් කරල දෙයි කියලා හිතාගෙන ඔලු අත ගන්න යන්නේ නෑ.... එහෙම අහේනියක් නෑ යකෝ,1,sinhala
හීනෙන් නැදෑ අක්කලා එක්ක සෙස් කරලා අහුවෙන්න එපා තෝ... — කවුද නෑදෑ? URL,0,sinhala
AC බස් එකේ උදේම එකෙක් තඩි ලීයක් ඉරනවා...,0,sinhala
"දෙමළ භාෂාවෙන් පයිය කියල හඳුන්වන්නෙ මල්ලට, මඩිස්සලයට ඒ දවස්වල ඔය පැත්තෙන් තමයි ලංකාවට මලු ගේන්නෙ. පයි ආ ගල පයියාගල විදිහට වෙනස්වුණේ එහෙමයි :3",0,sinhala
රාජ්‍ය සේවකයින්ට 3000යි 24000යි කියෙලා වැඩි කරන්න පුළුවන් එහෙත් වතු කම්කරුවන්ට 1000/= වැඩි කරන්න බැරි රජයක් තමා මෙ...,0,sinhala
"නොදකින් උබෙරෙද්දෙ මනුස්සකම, හැම ලබිබටම දේශපාලනය ගාව ගන්න එපා",1,sinhala
ආන්ඩුවක් පිස්සු නටනවනම් ජනතාවගේ පැත්තෙ ඉඳල මේ වගේ උද්ඝෝශන පාගමන් කරන්න ඕනෙ. නැතුව තමංගේ වැරදි වහගම්ම හදන එල නෙමෙ. නැත්තම් වෙන්නෙ ආන්ඩ්ජ්ව ඔහේ යයි විපක්ශේ පාඩුවේ එයි! සෑම අතිම මිනිස්සුන්ට කරදරයක් නොවන විදිහට පරිසරයට හානියක් නොවන විදිහට කරනවනම් #ජනබලයකොළඹට,0,sinhala
යන්න තිබ්බෙ මීට කලින්...,0,sinhala
"මේ කොමඩි නාට්‍යයේ දෙවන කොටස ඉදිරියේදී විකාශ වනු ඇති බවත් ජනතාව මීට ප්‍රතිචාර දක්‌වමින් සිනහසෙයිද, හඬාවැටෙයිද, ගල් ගහයිද යන්න තමා නොදන්නා බව ඇමැතිවරයා ප්‍රකාශ කළේය. ජනතා අසහනය මෙන්ම ඇමැතිවරයා තුළත් අප්‍රසන්නභාවයක්‌ ගොඩනැඟෙන බව පැහැදිලිය URL",0,sinhala
"අපිට ඉක්මනට Power ආවේ නැති උනාම හෙන වාතයි තමා ඒත් එක පාරට පට්ට breakdown තොගයක් ආවහම CEB එකේ මිනිස්සුන්ට ඒ ඔක්කොම එකපාරටHandle කරගන්න බැරි වෙනවා.පොඩ්ඩක් ඉවසලා ඉන්න එක තමා අපිට දෙන්න පුලුවන් එකම සහයෝගේ. හමුදාවත් ස්පෝර්ට් එකට ආව එක නම් වටිනවා Azzam Ameen · 2 Dec 2017 CEB with the support of Army has restored more than 800,000 power connections that were disrupted due to bad weather in last 48 hours",0,sinhala
", ටහුක් තෝ ඉන්නවා ද",1,sinhala
යුගයක සෙනෙහස සිතුවිල්ලක්වී සැගවි මතකය අද රහසේ පෙමි කල සිතකට සාප නොකල මැන වෙන හිතකට පෙමි කල දවසේ #sajje,0,sinhala
කුරුණෑගල පොලිසියේ තිබ්බ පාටියේ සීසීටීවී නැද්ද ? නිව්ස් නැද්ද හුත්තෝ මේ ඉවර වෙච්ච නිව්ස් එකක් අල්ලං දඟලන්නේ,1,sinhala
ෝ ේ අධ්‍යාපන ඇමති......?,0,sinhala
අවුරුදු 18 අම්ම ලගින් නිදාගන්න පුංචි පුතා මම ගොඩක් අඩම්බරයි.... මහ රැ ඇහැරගෙන පාන්දරින් ඇහැරගෙන පාඩම් කරන්න වෙන... URL,0,sinhala
මේ මනෝගනේෂන් කතා කරන හැටි හරියට රටේ ජනාධිපති මෙයා වගේ කොටිත් එක්ක එකට හිටපු කොයි වෙලාවෙත් කතා කරන්නේ මෙයාගේ වාසියට මුන්ට තනතුරු දීපු අගමැතිට හෙන ගහන්න ඕන,1,sinhala
මගෙ කොන්ඩෙ නැත්ත් ඉන ගාවට රෙද්ද හැට්ටෙ නොඇන්දාට හැදිච්චකම තාම තියනවා එතකොට හැදිච්චකම තියන්නේ විනිවිද පේන රතුපාට මෙව්වා එකකද බන්,0,sinhala
"ටහුඩු , ඩීපි එක , නිකන් හිංදි නිලියක් වගේ",0,sinhala
ලංකාව සිංහල රටක් කියල කියන්න කොන්ද පණ නැති අවජාතකයෝ... කොහොමත් මේ උතුම් රට තොපි වගේ නිවටයන්ගේ රට නොවන බව අපි... URL,1,sinhala
වනජීවි මහත්තුරුනේ... මේ අවජාතක හැත්ත අල්ලා මුන්ට දඩුවම් දෙන්න බැරිනම් ඔය වනජීවි කම දීපන් ලමයෙක්ට URL,1,sinhala
ණයට කහින්නෑ අපි හුත්තො කැස්සොත් දෙනවා කටට,1,sinhala
මුලදි හිතුනේ පට්ට චා වෙයි කියලා ෆිල්ම් එක ඩබ් කරලා වගෙ ඇහෙන්න ගත්තම ඒත් ෆිල්ම් එක ඇත්තටම ලස්සනයි මුලදි හිතෙන්නෙ නැති මැදක් අවසානයක් තියෙන්නෙ...Spoil කරන්නෑ පුලුවන් නම් බලන්න...හොද නිර්මානයක්,0,sinhala
ස්විට්සර් ලන්තෙත් මාසෙන් කයි.,0,sinhala
පිස්සා තමන්ගේ හිතට එන මුල්ම අදහස කවදාවත් අත් නොහරී,0,sinhala
ආන්ඩුවේ ඇති රෙද්ද පල්ලෙන් බේරෙන ස්වධීන භාවය ගැන නාමල් රාජපක්ෂ මහතා මාධ්‍ය හමුවේ පතුරු ගහයි. URL,0,sinhala
ඉස්සර දෙස් විදෙස් නෙත් මවිත කරවයි මහරජානනි කියපු කෙනා දැන් ඇවිත් කියනවා දෙස් විදෙස් කුමන්ත්‍රණලු... සහේලී තොට පිස්සුද ගැනියේ,0,sinhala
කමක් නැති උනාට හෙන දුරයිනෙ මෙයා..,0,sinhala
මංදා මෙව්වා කරුම ජීවිත කියන්න කියා ගන්න බැරි අවුල් ගොඩක් එක් හිනා වෙන්න try කරනකොට අර පරණ රෙද්දවල් මතක් වෙලා හිත දුකින් පුරෝගෙන මූණෙන් හිනා වෙන්න දගලනවා. ආදරේට ආදරේ දෙනකොට වැරදි අය ලං වෙලා ජිවිත විනාශ කරනකොට ආදරේ දන්න කෙනා විනාශ උන ජීවිත හදනවා.අන්න ඒ හදන කෙනාට පැලෙන්න ආදරේ කරන්න,0,sinhala
මගේ අම්ම ඔයා එහෙම කීවනන් ඇති අලේ,0,sinhala
නෑ දංකොටුවෙ මිනිස්සු අපිට කැත වැඩක් කරා,1,sinhala
ආයේ නාවට කමක් නේ,0,sinhala
බූරවො දන්න රෙද්දක් කතා කරපිය!! රට ගිනි තියන්න බලං ඉන්න කාලකණ්ණි ! මහ ලොකු මාධ්‍යවේදියා!!,1,sinhala
අපේ ගරු ජනාධිපතිතුමනි ! මෙතරම් සමාජ මාද්‍ය දියුණු කාළයක යම් පුරවැසියකුට කිසියම් කාණ්ඩ යටතේ තම එකම පණිවිඩයක් හෝ ඔබතුමාගේම කියවීමට ලබාදිය හැකි වන ලෙස යම් පණිවිඩ කවුලුවක් විවෘත කරන්නේ නම් ඔබතුමාට රටතුළින්ම සම්පත් දායකයින් තොගයක් රටේ දියුණුව උදෙසා එක් කරගනු හැකිවෙතැයි මගේ විශ්වාසයයි.,0,sinhala
කට්ටියට බලය ගන්න එකනෙ ප්‍රශ්නෙ... මිනිස්සුන්ගෙ ප්‍රශ්න ගම්මැද්දෙන් විසඳන්න වෙලා තියෙන්නෙ....,0,sinhala
"තෝ වගේ ගොන් හරකෙක්, මෝඩ මුසලයෙක්! #දේශපාලනටෝක්ස්",1,sinhala
අඩො වරෙන් මෙතනත් වලියක් #waliyak #වලිMarketing රස්තියාදුකාරයා · 11 Sep 2017 Seriously ??? කොහෙන්ද මේ research එක කලේ ?? අපිත් ආසයි දැනගන්න. URL,0,sinhala
ඔ්... එ් අපි දන්න තරම තමා.. නාකි විසේ ගෙටත් උසේ කියනවනෙ...,0,sinhala
සමහරක් අදින දෙකේ දෙකේ කෑල්ල වුනත් හෙන ගනන් බන්.,0,sinhala
""" අපට බෙදලා අනලා කවන්නත් පුලුවන් ඒත් ගිලින්න කියලා කටට අනින්න බැ"" මැකො",0,sinhala
මුන් දෙන්නව දකිද්දී ඇගේ මාළු නටනවා කාලකණ්නි හැත්ත,1,sinhala
"මාළු කෑල්ල පැටවූ දාල තියෙයි ද දන්නේ නෑ, breeding tank එක එනකොට හයියෝ සල්ලි",0,sinhala
"නංගි, කිරි එකක් බොන්න එන්න. අපේ උතුමාණන් කියලා තියෙන්නෙ ගහන්න කලින් කිරි බොන්න දෙන්න කියලා, වරෙන් නංගි පිස්සු නැතුව URL",0,sinhala
"අද උදේ රටේ ජනපති මේ මෝඩ තර්කය කියනවා TV news එකෙ ඇහුනාම අපේ රට ගැන ඇතිවන කනගාටුව කියා නිම කරන්න බැහැ... ජනපති තරම් මෝඩ මිනිස්සුත් ඉන්නවාද මේවා ""හරි"" කියලා පිළිගන්න???? 4-5 පන්තිවල ළමුන්ට පවා තේරෙනවා මේක මෝඩ තර්කයක් බව",1,sinhala
"""අඩෝ.. මතක තියාගනින්. උඹලා ජීවත්වෙන්නේ අපි හින්දා.. අපි නැත්තං තොපි බඩගින්නේ මැරිලා.. - මීට චූන් පාන් කරුවන්ගේ සංගමය.",0,sinhala
ලංකාවේ වගේ අඟවනවා.කියවලා බැලින්නං ඇමරිකාවේ.මේක ඇන්ටිජන් මාධ්‍ය කලාව.,0,sinhala
"සමාජයේ පැවැත්මට, කැමති අවජාතක නපුංසකයන් නොවන සියල්ලන්ම මෙය Share කරාවි..! URL",1,sinhala
"ටයිටැනික් නැව ගිලී ගියේ..., විද්‍යාත්මක හේතුව - කපිතාන්වරයාගේ නොසැලකිල්ල නිසා නැව අයිස් කන්දක ගැටි ජලය කාන්දු වීම නිසා. ලංකාවේ තියරිය - අරුන් දෙන්නා කසාද බදින්න කලින් මගුල් නැටුවනේ. ඒ පව තමා ඔය ගෙව්ව. ඒ සාපේ තමා ඉතින්.වේසා හැත්ත.දෙයියෝ බුදුන් ඕවා බලන් ඉන්නේ. සුභ දවසක්...!",1,sinhala
Advanced Micro Devices (AMD) -16 කාලය AMD සමාගමට ගෙවුවේ බොහෝ අමාරු කාලයක්. සමාගමේ දැඩි තරඟයෙන් පරාජයට පත්වෙමින් සිටි AMD සමාගම නුදුරේදීම බංකොලොත් වනු ඇතැයි වෝල් ස්ට්‍රීට් විශ්ලේෂකයින් අනාවැකි පලකලා. 2012දී AMD කොටස් මිල $2ක් දක්වා වැටුනු අතර 2014දී CEO ලෙස පත්වූ ලීසා සූ,0,sinhala
බඩේ අමාරුව හොඳ නොකර පස්ස පැත්ත මැහුවා වගේ වැඩක් නේද මේ. මේ සඳහා රුපියල් මුද්‍රණයේ උද්දමන බලපෑම ඉදිරියේදී තවත් දැනෙයි භාණ්ඩ මිල දෙතුන් ගුණයකින් ඉහල යනකොට.,0,sinhala
හාආආආඅම්මෝ!!!!!! අතෑරුනා කියලා හිතුවේ... පණ ගියා යකෝ,0,sinhala
අර සෙලිබ්රිටි ඩීපී දාන් නමත් වෙනස් කරන් හිටපු උන් ටික දාපු ට්වීට් දැන් උන්ගෙ හරි නමත් එක්ක කියවන එක ඊට වැඩිය ආතල්. රත්තා කියනව ඌ අලුත් පරපුරේලු. සුකිය කියනව ඌ බඩුව පත්තරේ ඉන්නවලු. තිලා කියනව ඌගෙ පුක ලොකු වැඩීලු කොමඩ් එකේ ඉදගන්න.,1,sinhala
"ඕයි රවී, තමුසෙ කට්ට‍ා කරවල එහෙම වැඩි කලේ නෑ නේද?",0,sinhala
කැරි පකයා පොන්න හුකන්නා කැරි බඩුව (6)ඉහත සදහන් මූලික කුනුහරප හා ප්‍රණවාචී නාමපද එක්වී නව කුනුහරප හටගනී... හුත්තිගෙ පුතා වේසිගෙ පුතා කැරි වේසිගෙ පුතා හුත්තිගෙ කෙල්ල හුත්‍තිගෙ කොල්ලා (7)තවද මූලික කුනුහරප හා අප්‍රාණවාචී නාමපද එක්වී නව කුනුහරප හටගනී...,1,sinhala
මේ කියැවෙන්නෙ සමාජය වෙනස් වෙමින් තියෙන බවයි ! ජවිපෙට නිකරුනේ කටට ආවට බනින මිනිසුන්ට රන්ජන්ගෙන් වචනයක් ! URL,0,sinhala
කරෝලයි අලයි මාරු කලා නම් පට්ට … මම ආසා එහෙම,0,sinhala
ඇයි දැන් උඹලා ඇදවල් උඩද ඉන්නේ? ලැජ්ජයි උඹලා ගැන. පිස්සු තදවෙච්ච නරියෙක්ව ෆෝම් කරන උඹලාට ගහන්න ඕනෙ හරක් පයිවලින්.,1,sinhala
නැ අපේ අම්ම උගන්නල ඇති ..,0,sinhala
සෝනි ලංකාවට වඩා වෙනත් රටවල ජනප්‍රියයි.,0,sinhala
හා හා හරි හාවා.. කැලේ මැදින් ආවා.. හිටගෙන ගඟ ගාවා.. ගල් කාලක් ගැහුවා.. නොදකින් වල් හාවා.. :3 බන්ස් | BΛNZ · 3 Mar 2018 #NewProfilePic,1,sinhala
ස' මුන් ඉන්ටර්නෙට් එකටත් දහස් ගනං ගෙවනවා ස' මාසේගානේ. ඉන්ටර්නෙට් මොන එසෙන්ශල්ද ස. ස'මාර්ට් ෆෝනුත් නැති එකේ ඉන්ටර්නෙට් මොකටද. ඔන්න 2G දෙන්න 4G අයින් කරලා. 5G වලට සල්ලි වියදම් කරන්න එපා ස'. ස' හොඳට තදට කරන්න ස'. දෙන්න එපා ස' බුරුලක් ස. ස' තමයි හොඳටම කරේ ස',0,sinhala
මේ උගත්කම ද? මෝඩ කමද? URL,0,sinhala
", ගොටා",0,sinhala
මේ හුත්ත හෙණ අවුලක් වගේ දොඩං ගෙඩි පහහයක්කුස පොඩි හුකමො ටික දෙනෙක් රසිකයගේ tweet එකක් අල්ලං කිංඩියට QT කරල දාලා මාරුවෙන්නේ නිකං හර්කියුලීස් මහාමේරු පර්වතේ දෙබෑවෙන්න පයියෙං ගැහුවා වගේ ගැම්මක් පුකෙං හදාගෙන. ඔය සූට්බූට්පකයි මගෙං හැවුවා නම් ලස්සනට කියලා දෙනවා ගොං බිජ්ජන්ට.,1,sinhala
"ඒකනේ අනේ, නොදකින් අපේම කරුමේ.",1,sinhala
ගිවිසුම නැතුව 'ගිවිසුමක්' යන්නෙන් අදහස් වන්නේ පැරණි ගිවිසුම ඉවත්කර නව ගිවිසුමක්ද?,0,sinhala
පැහැදිලි ඉරිසියාව ඔය. අපේ පව්ල කඩාකප්පල් කරන්න අාව හැතිරි! ගහනව තොට වැලි,1,sinhala
ඕවාගෙන් අනාගතයටවත් වැඩක් තිබුනානම් කලකිරෙන්න වෙන්නේ නෑ තොට,1,sinhala
මම හැරිසන් ගාව හිටියේ තොපේ අමිමලාට ………….වනවා බයියලාගේ .මම ලංකාවට ඇවිත් තොට කන පැලෙන්න ගහනවා. මම සිසිර කුමාර... URL,1,sinhala
"වෙලාවකට හිතෙනවා මේ කොණ්ඩෙ වවාගෙන කරගත්ත මෝඩකම කියලා.. ආයෙ කල්පනා කරලා බලද්දී, කරලා තියන මෝඩ වැඩ එක්ක ඒක මොකද්ද කියලා හිතෙනවා",0,sinhala
මේක මාලිංගගේ ඉත්තෑව විසින් ප්‍රකාස කරන ලද්දක් බවට කරුනාවෙං සලකන්න. කොහෙද මේ ටුවිටරේ ඉඩිට් බටන් එකක් නෑනෙ... රෙද්ද.. මීට මගේ ඉත්තෑව.. ගම්ම · 4 Jun 2019 හයියෙං වැහැපු හින්ද නතර කලේ.. යන්තං වැස්ස නම් කුඩයක් ඉහලගෙන හරි ගහනව... මීට මාලිංග,0,sinhala
ටයිප් කරන්න අමාරු වචන දැක්ක ගමන් ලිස්සලා යනවා :P,0,sinhala
", බී කෙයාෆුල් ඩාලින්",0,sinhala
"මට වෙලාවකට සුප්පා ගැන හෙන දුකකුත් හිතෙනවා හැමදේම සිරා කියලා හිතන එකට අපි සෙට් එක හිනා වෙන වාර ගාන අනන්තයි අප්‍රමාණයි ඒස්වාහ් පුහ් Yoooo · 25 Jul 2020 ගෙම්බා කොල්ලෙක් කියලා මොකෙක් හරි හිතාගෙන ඉන්නවා නම් මේන් මේක බලාගෙන පලයන් සේප් එකෙ , මොකො මේකි කෙල්ලෙක් එවගෙමයි වට්ටි අම්මන්ඩියෙක් ,ඔනෙ නැති මගුලක් නෑ twitter.com/unknown_lankan…",0,sinhala
"භයානක නව ප්‍රභේද නැවැත්වීම සඳහා කොවිඩ්-19 මුලිනුපුටා දැමිය යුතු ය wsws.org භයානක නව ප්‍රභේද නැවැත්වීම සඳහා කොවිඩ්-19 මුලිනුපුටා දැමිය යුතු ය කොවිඩ්-19 හි ඔමික්‍රෝන් ප්‍රභේදය මතුවීම, රෝගය පැතිරීම නැවැත්වීමට අවශ්‍ය අගුලු දැමීම් සහ අනෙකුත් තීරනත්මක මහජන සෞඛ්‍ය පියවරයන්ට විරුද්ධව ධනේශ්වර ආන්ඩු විසින් ක්‍රියාත්මක කරන ලද රංචු ප්‍රතිශක්තිකරන...",0,sinhala
සුනිල්ටයි අම්මටයි පට්ට මහන්සි ඇති නේ ... පඩිපෙල්ම කීයක් නැගගද?,0,sinhala
"මේ මොහොතේ ද තම තමන්ගේ පක්ෂයට, දේශපාලන මතයට පුක දෙමින් Post share කරන බයියන්, ටොය්යන්, ජෙප්පන් හෝ නොයෙකුත් ගොන් ප#යින් ලෙසින් හැසිරීමෙන් වළකින්න... එදා මෙදාතුර සිදුවන හා 70 වසරක් රටට සිදුවූ දුක්ඛිත ඉරණමට කාලකණ්ණි... URL",1,sinhala
ටීවි එකේ නිව්ස් වල යනවා දැක්කා. Police officerට බැන්නේ වේසි කියලා.,1,sinhala
"ටිං ටිං කියල ශබ්ධ කරන්න බැ. ඒ නිසා ""තන් තන්"" කියනව. ""තං තං"" කුනුහරපෙ තම ""චිං චිං"" තමයි කුණුහාරපේ. ඒ කියන්නෙ සරළැවම සිංහලෙන් ""පයිය"" කියන එකට. ඒත් පොඩි ලමයි තමා ""චිං චිං"" කියන්නෙ. හරි වචනෙ ""ඉන්කෙයි""",0,sinhala
"අම්ම ගෙදර නෑ,එව්ව කොහෙද දන්නෙත් නෑ බං අම්මලගේ කාමරේ ඇත්තේ,අදින්න බෑ වගේ",0,sinhala
Dr. ගම්පහෙන් ඡන්දෙට දාන්න පුලුවන් චරිතයක්,0,sinhala
"බොන වතුර ටිකටයි, බේත් ටිකටයි බදු ගහන කාලකණ්ණි ආර්ථික ප්‍රතිපත්තිය ආණ්ඩුව විසින් වහාම අකුලාගත යුතුය.",1,sinhala
බිලි ගන්නෝ ඊයේ ෆෝම් කර එකා වේසි වගේ තාම කියවනෝ P U S P E · 17 Jan 2019 උමේශ් අද රෑට කවුරු සෙට් කරගනිවිද,1,sinhala
කොන්ද පණ නැති උන් රවන හැටි නොදකින්.. වෘක හම ගලවපන් කාපන් ගිහින් තණකොළ.. — ascoltando උඹලා ඉන්නෙ දුරින් presso Napoli URL,1,sinhala
ඔය මැටි මොල දැනන් හිට්යනම් කොරන්නේ මොකක්ද කියල අහන්න එකෙක් නෑනේ....,1,sinhala
සුදුසුකම් සහිත දෙමල සිංහල කවුරිත් හිටියෙම නැද්ද හලෝ? ගෑනු උදවියත් නැද්ද? තමුසෙගෙ අයියන්ඩිගේ ගෝල බාල පුක ලෙවකාපු සැට් එක විතරයි මෙතන නේද? #lka #srilanka,1,sinhala
අනේ මේ.. මුගෙන් මොන උදව් ද??,0,sinhala
"තුප්පහි වැඩ කරලා රාජ්‍ය විශ්ව විද්‍යාල එපා කරවලා, ඊට පස්සෙ පලයන් පෙලපාලි පුද්ගලික විශ්ව විද්‍යාල එපා කියලා. මූසල හැත්ත. #Ragging",1,sinhala
"ගනන් ගන්ඩ එපා බන්, සමහර උන් දාලා තියෙන්නේ සහසික කැත විදියට, එ්ක බලලා, එ්වට දාන රිප්ලයි උඹට දාලා හරියන්නෑනෙ අඩුම තරමේ සහරන් කැරිවේසිගෙ පුතා කරපු වැරද්ද අපි හරි ගසසන්න බලමු",1,sinhala
ඇමතියෙක් කියලා හිතන් ඉන්න කාලකණ්ණි බල්ලෙක්..උඩරට මිනිස්සුන්ට සෑහෙන්න ආඩම්බරයක් මට හිතේ මේවගේ අම්බරුවෝ URL,1,sinhala
හායි බේබි කියලා මැසේජ් එවන ඔක්කොම ළදරුවෝ වගේ උන්. මගේ කරුමෙද උන්ගෙ කරුමෙද මංදා යකෝ,0,sinhala
"කෙල්‍‍ලො ටිකක් එකතු වෙලා, මහන්සි වෙලා මැච් දින්නා. කාලකණ්ණි, ඒකෙත් ජාතිය අවුස්සනවා. මේ ගොබ්බයෝ හිතන් ඉන්නේ ජාතික සමගිය කියන්නෙ, මිනිස්සුන් ගෙ පැටිකිරිය හොයලා ලේබල් ගහන එක කියලා. තර්ජනී, කණ්ඩායමට ගන්නෙ උස හින්දා.... URL",1,sinhala
"චීනය තම යටත් විජිත කියල හිතාගෙන ඉන්න රටවලට ඔහොම තර්ජන කරනවා සාමාන්යෙන්. Hong Kong, Taiwan වලට කරන තර්ජන පේනවනේ.",0,sinhala
shimp ලා හදුනා ගැනීමේ ත්‍රෙඩ් එකක් දාන්නද .. හැබැයි වැදිලා අඩාගෙන තැන් තැන්වල මගෙ පයිය කොටයි .. කෙල්ලෝ සෙට් වෙන්නෙ නෑ ගගා කියවන්න බෑ හොදේ,1,sinhala
"ඒ අපගේ දැයෙහි සැබෑ නැගිටීම ඇත්තේ එහි නිසාවෙනි... කැරි පක පයියේ දමා ගෙන ගොස් වේසියෙකුට දීම... වත්මනේදී අවර ගණයේ (කුණුහරුප) ලා සලකන වදන් කිහිපයක නියම හෙළ අරුත ගැන දැක්වෙන පෝස්ටුවක් පෙරදිනයක උපු‍ටා දැක්වූ මාහට, එවැනි වූ වචන කිහිපයක නියම අරුත මෙලෙස පලකරමි.",1,sinhala
විවාහය අමු අඹයක් වැනිය... කන උන් දෙස බලා සිටින ඒකාගේ කටට කෙල උනයි.. කෑ එකාගේ දත් හිරි වටී දගලයි ...,0,sinhala
"තෝ මහ කරුමයක් Calculus Wijesekara · 26 Dec 2017 Type ""තෝ මහ කරුමයක්!"" And @ the 3rd person.",0,sinhala
47/5 trail by 265 runs .පේනවා නේද.මෙකත් ඇනෙයි වගේ.,0,sinhala
උඹ ඉඳාං මං සිස්සත්ත පංතියෙන් උඹට කෑල්ලක් ටෝක් කරල දෙන්නං,1,sinhala
", ඔව් ඔව් ඒකි කෑල්ලලු",0,sinhala
"මාධ්‍යවේදියෙකු වූ පමණින් ඕනෑම රෙද්දක් ඇසීමට අයිතියක් නැති බව, අහන හැම රෙද්දටම ජනතාව පිළිතුරු දිය යුතු නැති බව සහ මාධ්‍ය භාවිතාව ප්‍රශ්න කිරීමට සෙසු අයට අයිතියක් ඇති බව තමන් මාර මාධ්‍ය පොරවල් බව සිතා සිටිනා හුජ්ජ... URL",1,sinhala
"ඔය කතාව අහගෙන හිටපු පැත්තක හිටපු බුවෙක් “තොට ඔක්කොම හොඳ චීනේ නං එහෙට පලයනුත්තෝ” කියලා කණට එකක් අතෑරියලු. චීන බුවා කිව්වලු “ආපෝ, මේ ගුටි මොනාද, චීනෙ ගුටි තමා ගුටි” කියලා! #චීනේ_නෙවෙයි_ඇමරිකාව #අනේ_හුකේ",1,sinhala
ඒකෙ ඉන්නෙ හෙන කෙට්ටු හැන්ඩි බුවෙක්නේ.,0,sinhala
උඹ ලග නැති උනාට බැසිල් ලග තියෙනව.,0,sinhala
හොඳට බීල දුක කියවපං කාත් එක්ක හරි. කුඩු වෙන්න ගහල ගෙදර යන්න. ඊලඟ දවසෙ ඇගට අමාරු වෙනකොට හිතෙයි මොන ලබ්බක් ද මේ කොර ගත්තෙ කියල. ඉතින් දවස් 2ක් විතර යනකන් උඹට වෙන මුකුත් හිතන්නෙ හම්බෙන්නෙ නෑ ඇගේ අමාරුවට. 3වෙනි දවසෙ ආපහු දුක දැනෙයි. හැබැයි ඒක මුලදි තිබුනට වඩා අඩු වෙලා තියෙයි.,0,sinhala
සලබලාන්න්න්න්න්න්න්න්න් * අල්ලපු ගෙදරින් අපි මෙහෙ ඉඳන් *ලොකු කෑල්ල මට..........,0,sinhala
සල්ලි තිබ්බත් කොලිටි බඩුවක් ගන්න බැරි කාලකණ්ණි රටක් බන් මේක...,1,sinhala
නයා කෑවා කියලා ගෙදර හිටියා මතක නැද්ද.. තමුන් ඔක්කොම එක වල්ලෙ පොල් තමයි.. වෙනස පක්ශෙ පාට විතරයි,0,sinhala
වැඩසටහන තාවකාලිකව දින නියමයකින් තොරව කල් දැමිමට,0,sinhala
අරේසි දාලා ගිහින් ටෞකණ්ඩපුතානෝ පැරදිලා 2020 පටන් ගත්තේ කැද වගතු නැ ඔයි...නොදකින්,1,sinhala
"තාත්තා තැපල් නයින්ටියේ පිටිපස්සෙ තඩි ලෑලි පෙට්ටියක් බැඳගෙන දෙහිඅත්තකණ්ඩිය, ළිහිනියාගම, සිරිපුර සහ අවට පොළවල් ගානේ ගිහිං ලොතරැයි විකුනපු කාලේ. ඒ පෙට්ටිය අස්සෙ තිබ්බ කැසට් ප්ලෙයර් එකේ දාලා තිබ්බ රෙකෝඩ් කරපු සිංදු සෙට් එකෙන් කීපයක්. එතකොට මං පෙර පාසැල් යන කාලේ.",0,sinhala
හීරුවා නේ L200 එකක පුක මේකා. යකෝ එලෝන එකාට ගානකුත් නෑ L200 එකේ එකාට ගානකුත් නෑ,1,sinhala
", අහල පහල අයටත් වැදිලා ඒක ඊයා යකූ තඩි බඩා ජම්බෝලයා",1,sinhala
හුජ්ජ කරන බිජ්ජ වහගන්න කලිසම සරම අදින දයාසිරිලට ලැජ්ජා හිතෙයි කියල පෝස්ට් සෙයාකරන අපිත් මෝඩයෝම තමයි ඉතිං..,1,sinhala
කටුනායකෙන් මෙරටට සැපත් වූ ශර්ලොක් හෝම්ස් සහ දොස්තර වොට්සන් දෙපල අද සවස ජනාධිපති නිළ නිවසේ දී විශේෂ රහස් සාකච්ඡාවක් පැවැත්වීමට නියමිත බව නිළ නොලත් ආරංචි මාර්ග සඳහන් කරයි. ගුවන් තොටුපලේ දී ආප්පයක රස බැලූ හෝම්ස් මහතා කියා සිටියේ ගුවන් සේවාවන් හි අක්‍රමිකතා රැසක් ඇති බවයි. #NewsStory,0,sinhala
එහෙම තමයි යකෝ ඕක හදන්න මුකුත් නොකරපු උන්ට කතාවක් දුන්නම කතා කරන්න දෙයකුත් තියෙන්න එපැයි.ඔය තියෙන්නේ ඌ හොයාගත්ත කතාව. #ණයඋඟුල,0,sinhala
පෙම්වතියට පුතෙක් ආවෙ කොහෙන්ද ඒක කමක් නෑ කියමුකෝ පුතාට මනාලියෙකුත් ඉන්නවා එක්කො සොහොයුරායි සොහොයුරාගෙ පෙම්වතීයි නාකි ජෝඩුවක් නැත්තම් පෙම්වතී ඒකි ඉපදිලා ටික දවසකින් ළමයෙක් හදලා නැත්තම් පෙම්වතීගේ පුතායි පුතාගෙ මනාලියි තාම දනගාන කපල් එකක් King Of Happiness · 10 Nov 2020 දවසේ ප්‍රශ්නය,0,sinhala
අඩො sale දාලද ගන්න ඕනෙ එහෙනං,0,sinhala
මූත් පොන්නසේකාගේ ජාතියෙම අවජාතක එකෙක් තමා... කෝ කඩේ ගිය එවුන්? #lka கரிகாலன் garikaalan · 15 Oct 2017 IGP Pujitha Jayasundara got one of his bodyguard to clean mud on his shoes in a public event held in #Jaffna yesterday pix-,1,sinhala
මෙහෙන්දි ආර්ට් එකකුත් දාගත්තා! මේ නිදහස් ජීවිතෙන් ඇති වැඩෙ මොකද්ද ඔව කලේ නැත්තම්. නාකි වෙලා කරන්න යැ.,0,sinhala
ටහුඩු ඒ කියන්නෙ මගෙ කඩ්ඩ පොලිශ් වෙනවා ඉස්සරහට සුලා · 24 Jan 2019 ජෙරියගේ අනාගත කාල SS එකක් හම්බුණා ප්‍රෙන්ස්..,0,sinhala
ගහෙන් වැටුන මිනිහට ගොනා ඇන්න සීන් එකේ අලුත් version එක :p URL,0,sinhala
භොක්කෙන්ම කරපු ලව් එක නවත්තලා.. තව එකෙක්ට සිරාවට ලව් කරනවා දකිනකොට හිනා යන්නේ කටින් නේමේ යකෝ.. #හ_හ_පුක_හිනාව_නවත්තපන් #සතුටින්ඉන්නකොසුදුනෝනා_නෙමේහුකෝලාගන්නේ,1,sinhala
කාර් එක නවත්තලා කඩේට ගිය ටිකට කවුරු හරි බයික් හරි ත්‍රීවීල් හරි වේසිගෙ පුතෙක් ඉස්සරහා බෆර් එකේ අතුල්ලගෙන ගිහිල්ලා.. ශික් ! නම්බර් ප්ලේට් එක මැදින් ඇතුලට එබිලා.. පේන්ට් එක සෙන්ටිමීටර් 20 වගේ හීරිලා.. මුන් දන්නවා නම් අපි වාහන පරිස්සම් කරන විදිහ... හෙන ගහපිය බලු වැඩ කරන එවුන්ට,1,sinhala
පකෝ Shamal Dilantha · 24 Jan 2018 දවස් දෙක තුනක්ම කිව්වම කියනව 300 කෑලි වලින් කපන්නෙ නෑලු... අනේ පලයං අයිසෙ බොරු බයිල ගහන්නැතුව,1,sinhala
"2/2 අනුන්ගෙ වැරැදි ගැනම හිත හිත ජීවත් වෙලා, අනුන්ගෙ වැරැදි ගැනම හිත හිත නාකි වෙලා, අනුන්ගෙ වැරැදි ගැනම හිත හිත මැරිලා යනවා... අනුන් ගැන තරහෙන්ම ජීවත් වෙලා, අනුන් ගැන තරහෙන්ම නාකි වෙලා, අනුන් ගැන තරහෙන්ම මැරිලා යනවා... කාලකණ්ණි ජීවිත! මේ තාක් මාත් එවැනිම එක කාලකණ්ණියෙක්...",1,sinhala
දැන් මං එක පිරිමියෙක්ගෙන් සැනසෙන්න බැරි ගෑණියෙක් පස්සෙන් යනවද තෝ මාව මෙන්ෂන් කරන්නෙ මේවට,1,sinhala
"ආගම කියන්නෙ පයියක් වගේ. අපේ එකතමා හොඳම එක. අපිටහෙන ආඩම්බරයි ඒක ගැන. අවුලකට තියෙන්නෙ අපි ඒක ප්‍රසිද්දියේ වනන්නයි, අනිත් එවුංගෙ උලන්නයි තියාගත්තම හෙන අප්‍රසන්න වෙන එක. ©",1,sinhala
Meka හරි අපි නිවාඩු,0,sinhala
නොදකින්... මලීගෙඉස්කෝලෙ ටැග් එක කියවන්න ගිහින් බලනකොට මේකෙ උන් ටිකක් ඒක ගූ කරලා. පැසිව් එන්ගේජ්මන්ට් ගන්න ඒ ටැග් එක පාවිච්චි කරන්න එපා යකුනෙ. ඒක ආසාවෙන් කියවන්න යන මං වගේ උන්ට තොපේ ලබ්බවල් කියවන්න ඕන්නෑ. ඒකෙ දැන් ටීචර් දාන ට්වීට් වලට වඩා වෙන උන්ගෙ ට්වීට් නෙ තියෙන්නෙ.,1,sinhala
ගොන් ගෑණියෙක් නිසා අඩන්නෙපා පරයො! Shaluka | ශාලුක ® · 23 Jul 2017 May u see this.... URL,1,sinhala
හු#තෝ ගෑවා ⍣༗Baby Koala ♡✿࿐⍤⍤  · 23 Jun 2020 මගෙ පොඩි තාරා Show this thread,1,sinhala
ඊය හලෝ වල් හිත -_- මං දන්නව රිප්ලයි කියල,1,sinhala
රේඩියෝ චැනල් වල දෙන ගොන් ආතල් ඇහුණම කල කිරෙනවා.. ගොබ්බම ගොබ්බ මෝඩ වැඩ කරන්නේ...,1,sinhala
ඔව් ඉතින් ටොයියන්ට ජාතිය ආගම විහිලුවක්ම වෙනව වගෙ තමයි. ජාතිය කිව්වෙ අවජාතක ශ්‍රිලාංකික ජාතිය නෙමෙයි ශේෂ්ට සිංහල ජාතිය. අනිත් එක අපට අනුව සිංහල ජාතිය ආරක්ෂා කොට පෝෂණය කිරීම රාජ්‍යයෙ සහ එහි නීතියේ පරම යුතුකමයි,1,sinhala
"ඇල්ලීම ප්‍රමාද උනු නමුත් දැන් දැන් හොරු ඇල්ලීම කරගෙන යනබව අපට පෙනීයයි. එය ඡන්දයක් ලඟ ලඟ එන බවට පෙරනිමිත්තකි. නමුත් බැඳුම් කර කොමිසමට ගිය ""රනිල්"" මේවන විට ජාතික වීරවරයෙකි.ඔබත් කෙසේ හෝ බැඳුම්කර කොමිසමට ගොස් ""බය නැති සුජීව"" යනුවෙන් පෝස්ටර් ගසා ජාතික වීරයෙක් වන්න.",0,sinhala
අනෙ අම්මේ අර ගෑස් පහ හන්දියෙ බ්ලාස්ට් කරන වෙලාවෙ ඒක බලන්න යන ගොං හැත්ත කොච්චර එලෙව්වත් යන්නෙ නෑ උන් අස්සෙ ඉදල එකෙක් suicide කරගත්තොත් එතනම කීයක් ඉවරද මුං ඔක්කොම ෆෝන් උස්සන් යනව පකීර්ල වගේ,1,sinhala
"කාලකණ්ණි අවස්ථාවාදී දේශාපාලුවන් දැන සිටි පාස්කු ඉරිදා ත්‍රස්ත ප්‍රහාරයට මාස පහයි..මියගිය සියලුම දෙනාට මෝක් සුවය ලැබේවා.. ප්‍රහාරයට උදවු කරපු, ප්‍රහාරය දැනසිට ජාතික සමගිය සහ රටේ සාමකාමී බව නැති කරපු කාලකණ්නි හැතිකරේට හෙන හතම වැදෙවා !!! #lka #SriLanka",1,sinhala
අම්ම වේසකම් කලාම පාරට බැහැල අම්මට වෙX කියන්න ගියාම ඌ දන්නෙ නෑ ඌ නිකම්ම වේXගෙ පුතා වෙන බව — feeling sad,1,sinhala
වෙන මොකූත් එපා...ජනාධිපති අගමැති මාරු උනොත් ඇති,0,sinhala
අඩොව් අර පාලම නං පට්ට ආ,0,sinhala
කෝච්චිය එන්නකලිං නගින් ගිහින් තමා ගී සතියෙ අපේ ඔෆිස් බුවෙක්ට කකුලක් සදහට නැථි උනේ..මං කෝච්චිය සම්පූර්න නැවැත්තුවට පස්සෙ ගෑනි වගෙ ලතාවට ගිහින් නැගල හිටගෙන යනෝ.. කකුල් කැඩුනොත් පුක තියං යන පෑ බාගෙ වගෙ නෙවෙ නේ..,1,sinhala
"""ගාල්ලේ පංති කට් කරපු උන්ගේ සංගමය "" පට්ට ඕයි.",0,sinhala
උසාවි නඩු තීන්දුවක් දෙද්දි රටේ ඒ වෙලාවෙ තියෙන සියලු නඩු සලකලා මේක පොඩි කේස් එකක් කියලා නඩුතීන්දු දෙන සිරිතක් නෑ. මේ සිද්දියට අදාලව උසාවිය තුලදීම කාන්තාවකට තර්ජනය කිරීම වරදක්..ඉතිං ඒ ඔප්පු උන වරදට අදාල දඬුවම හාමුදුරුවෝ විඳීවි . .(සිරිසේන ගොනා පනිනතාක්කල්),0,sinhala
දැන් ඉතින් එයි රෙද්ද උස්සගෙන,1,sinhala
ඉස්සර අම්ම ඉස්සො ගෙනාවම ඉස්සො තම්බන වතුර ටික වෙනම වෙන් කරල ඒ ටික තියාගන්නව ඊට පස්සෙ ඉස්සො ටිකේ පොතු අයින් කරල ඒක කතුරු මුරුන්ග කොල එහෙම දාල කිරි හොදි හදනව. බත් තම්බන්නෙ ඉස්සො තම්බපු වතුරෙන්. ඉස්සො තම්බද්දි අයින් වෙන පොශ පදාර්ත ටික ඒ වතුරෙන් ආයෙ එකතු වෙනව වගෙම අමුතු රසකුත් එක්වෙනව Workout With Hiruni · 24 Jan 2019 කෙට්ටු වෙන්න දගලන අයට හොද කෑමක් තමයි ඉස්සො කියන්නේ. ඒත් ඉතින් උෂ්ණාධික කෑමක්. කැල්සියම් බහුලව තියෙනවා.මොලය වර්ධනය කරනවා.ඉදිමුම් වේදනා සමනය කරනවා.ඇසේ සුද මතු වීම වලක්වා අස්ථි ශක්තිමත් කිරිමේ හැකියාවක් තියෙනවා. මුරුන්ගා කොල ටිකක් එකතු කිරිමෙන් උෂ්ණ බව ටිකක් අඩු කරගන්න පුලුවන්.,0,sinhala
ගහෙන් වැටුන මිනිහට ගොනා ඇන්න වගේ වැඩක් රුක්ෂානාට වෙලා URL URL,0,sinhala
"මිනිස්සු බම් ඕන තරම් පාරෙ තොටෙ යද්දි එද්දි එවෙලෙ දකින වැරදි, කරන වැරදි එමටයි... ඒ දේවල් හදන්නෙ නැතුව, තමන් හැදෙන්නෙ නැතුව රට හදන්න කෑ ගහද්දි තමයි ඉතින්... මූණ පොඩි කරන්න හිතෙන්නෙ හැත්තගෙ.. මෝඩ හරක්..",1,sinhala
URL කොරෝනා වයිරසය ගැන කටුනායක ගුවන් තොට අවදියෙන්,0,sinhala
මුන් ටෝක් කරද්දි ටෝක් වෙන්නත් ඕනී ටෝක් උනාට පස්සෙ බඩුව කියලා අහගන්නත් ඕනී කෙල්ලන්ට උනත් එපා වෙනවානේ ඉතින් ඔහොම කිව්වාම,1,sinhala
සවේන්ද්‍රයි සයි හින්දා තෝ අද tweet කරන්නවා. තොපේ ගොබ හැත්ත හිටියනම් ඉතින් වලපල්ලේ තමා.,1,sinhala
ආ හුත්තිගේ පුතා ආවද... කැරියා....අඩු කුලේ පද්දා....තොපි වගේ අඩු කුලේ නූගත් හැත්තගේ අවජාතක කම තොගෙන් පේනවා...තොගෙ මහ වේසි තරමත් හිතා ගන්න පුළුවන්.. අඩු කුලේ කැරි පද්දා....ඈක්කා. තෝ පද්දෙක් නැත්නම් කරාවෙක් තමයි අනිවාර්යයෙන්..,1,sinhala
මෙය වනාහී ඈතට ඇදී යන ලදකගේ තඩි පුපක් දිහා අනූසයා හොරෙන් බලාගෙන සිටන අවස්තාවක ඌට මතක් වූ පද පේලියකි..,0,sinhala
"ටහුඩු , කලු කෙල්ලෙක් මේක RT කරලනෙ, රෙදි ඉල්ලෙයි Blood Diamond · 11 Nov 2016 Liberian Girl",1,sinhala
-අපෝ අපේ මල්ලි ට වඩා හොඳ ට මී හරකා අඩනෝ.....,1,sinhala
ඒ උනාට අපේ අම්මා නිතරම කියන්නෙ 'තොපි හින්ද මට මේ සංසාරෙන් නං ගොඩයෑමක් නෑ' කියල.,0,sinhala
"එක බල්ලෙක් නෙවෙයි.මම තුන්දෙනෙක් හදනවා..හැබැයි අනාථයො.එක්කෙනෙක් අවුරුදු දවස්වල රතිඤ්ඤාවලට බයේ ඇවිත් හැප්පිල. හප්පපු මනුස්සය පාර අයිනෙ දාල ගිහින්,අනිත් එක්කෙනා ගාමන්ට් එකක පැටව් දාල ඉදල බල්ලො ඔක්කොම අරං ගිහින්,බැල්ලි මේ පැටියට කිරි නොදී කන්න පයිනවා කියල එක්කෙනෙක් ගෙනත් දුන්න කෙනෙක්",0,sinhala
"Windscreen Cover Insurance... A/C බස් එක අැතුලෙ වලියක්. ගෑනියෙක් මිනිහෙක්ට ගහන්න දඟනවා කුඩෙන්. හේතුව මිනිහා ඇඟට හේත්තු වෙලා. ""මගෙ තාත්තට වඩා වයසයි යකෝ තො⁣⁣⁣ට. දෙනවා බලපිය කුඩේ කැඩෙන්න"" මිනිහා -"" ඇත්තට. කුඩේට පාරක් ගහගනින් ගෑණියෙ...."" ගෑණි ගත්තා කුඩේ. දමලා ගැහුවා මිනිහට",1,sinhala
සිංහල කඩේක මීට කොලිටියට අඩුවට තියෙනවා නම් මං එතනින් ගන්නවා.. මුදලාලියා ඌට ඕනි වැඩි ගාන්ට විකුනන්නයි.. අපි නිකං ජාති ආදරේට ගිහින් උන්ට පුක දෙන්නයි.. මේක අලි හුත්තක් නෙ..,1,sinhala
නාකි සුද්දට සිංහල බැරි එක ගැන ලැජ්ජා විය යුතුයි. ජාත්‍යන්තර විස්තර විචාරකයෙක් විදියට වසර ගනනාවක් ඉඳලත්. සිංහලෙන්... URL,0,sinhala
Traitor දේශදෝරහි පිපිම්පියා. මූටත් ගහලා එලවන්න ඕනේ,1,sinhala
ටහුඩු.. තපස්සු සොඳුර කියන්නේ නෑ බං..,0,sinhala
හරකා කියලා මරන්නද බං ... ඔහෙ හිටපුවාවේ .. පාඩමක් ඉගෙන ගන් නැතෑ,0,sinhala
"මතකද පුංචි දා දුටු තැන පහත්වෙලා කඩාගෙන කාපු හැටි, ගලේ තියල අඹරල ලුණු මිරිස කොහොමද ? මතක් වෙද්දිත් කටට කෙළ උනනව... URL",0,sinhala
කිම්බ අස්සේ රිංගන්න එපා.. චූටි මීයොන්ට ඉඩ නැ,1,sinhala
", දාන රෙද්දක් 12 පස්සෙ දාගන්න හුත්ත ඇහැරෙද්දිත් 10ත් පහුද කොහෙද",1,sinhala
"""පයිය"" යනු ද අතීතයේ සාමාන්‍ය ජනවහරේ පැවති වචනයකි. බුලත් විටක්, ළඟ තබාගැනීමට සකසා ගන්නා ආකාරය ""බුලත් පයිය"" ලෙස හැඳින්විය. එදවස ""පයියාගල"" හෙවත් අද ""පයාගල"" ප්‍රදේශයට නම ලැබෙන්නේද මේ ආශ්‍රයෙනි, එනම් ""බුලත් පයිය"" තිබූ ගල, පසුව ""පයියාගල"" නම් විය. тнαяιη∂υ ツ · 24 Jul 2018 ""පක"" යනු අතීතයේ බාවිතා උනු ගෙඩියට සමාන පදයකි. මෑත කාලයේ අසැබ් වචනයක් ලෙස භාවිතා කලද අතීතයෙදී මුතුන් මිත්තන් ගෙඩියට කියා ඇත්තේ ""පකය"" ලෙස අතීත පොත පත වල සඳහන්. අතීතයේ මුතුන් මිත්තෝ කඩවල් වලින් බඩු ගත්තේ කෙසේ දැයි මගේ මනසට නැගේ! "" මුදලාලි මට පොල් පකයක් දෙන්න""",0,sinhala
හැමතිස්සෙම ප්‍රජාතන්ත්‍රවාදය නීතිය අල්ලගෙන පඩි වදන් දෙන එවුන්ම අද අරයට දෙන්න එපා මෙයාට දෙන්න එයාට බෑ අරයට තමයි පුලුවන් කියල නීතිවිරෝධීව අනියම් ඡන්ද ප්‍රචාරණය කරනව කෙනෙක්ගෙ අයිතිවාසිකමකට අයුතු බලපෑමක් කරනව කටේ නරිවාදන් රෙද්ද පල්ලෙන් බේරෙන කොට කැතයි ගඳයි!,1,sinhala
දැනටමත් එය දුර්වල කර ඇති බව ඔබ නොදන්නේද? ඔබ මේ දවස් ටිකේ හරියට පත්තරයක්වත් බැලුවේ නැද්ද?අහෝ රටක ජනාධිපතිවරයෙකුගේ මන්ද මානසිකත්වය #ConstitutionalCrisisLK #CoupLK #CoupSL,0,sinhala
කොච්චර අමාරු වුණත් මැරෙන්න කලින් කොකිස් ටිකක් කෑවා තමයි හැදුවේ #මැරෙන්න_කලින්,0,sinhala
#IfThereWasNoInternetSL මේ වගේ ගොන් හරි ගොන් නැති හරි ආතල් දෙන එවුන් නෑ,1,sinhala
ආයේ නිවාඩු නෑ තෝ... දෙමළිච්චී..,0,sinhala
අඩො ඉට සෙටින්ස් වලට ගිහිම් බ්රයිට්නස් අඩුරකරගනින් සෙඩ්ඩ. . .,0,sinhala
ඔය යන්නෙ දුමින්ද ඇතුලෙ හිටපු කාලෙ සීන් එක රන් කරපු අය වෙන්න ඇති. ආණිඩු පෙරලුනා වගෙ තමයි. එස්කොබාර් එලියට ආවම මේ වගෙ පොඩි පොඩි වැඩිය ගනන් ගන්න එපා... මේ රටේ ඉන්න හරක් ප්‍රතිශතය අනුව එස්කොබාර් ජනාධිපති වෙන්නත් ඉඩ ඇත.,0,sinhala
උඹ කෑම සූත්‍රය කියවලා තියෙන්නේ.පුස් කාලා නිසා කෑම කාම වෙලා පෙනිලා තියෙන්නේ,0,sinhala
රට යවන්න කලින් දේශීය අවශ්‍යතාවය සපුරන්න මහත්තයෝ..,0,sinhala
"ලෝකේ පලවෙනියට ඩිස්ටිඩිඩින් කරපු එකාට උගේ ගෑණි කොහොම react කරන්න ඇද්ද? ""ඉදකින් මිනිහො මේක කක්කුස්සියක් කියලා හිතුවද? අප්පිරියයි. "" රත්තා · 26 Nov 2017 ලෝකේ පලවෙනියට තොල් කිස් කරපු එකාට උගේ ගෑණි කොහොම react කරන්න ඇද්ද? ""ඉදකින් මිනිහෝ කටට කට තියලා උරන්නෙපා අප්පිරියයි""",0,sinhala
"වයසක අම්මලා තාත්තලා ජීවත්ව ඉන්දැද්දී කිරි පැනි ටිකක් තෝර මාලු කෑල්ලක් එයාලා ආස කරන දෙයක් අරන් නොදීපු ආදරණීය දරුවෝ... එයාලා මලාට පස්සේ, තැබිලි වතුර බොන්න දීලා තෝර මාලු බැදලා කිරිපැනි කවනවා හාමුදුරුවන් ට රෙද්ද අස්සෙන් බේරෙන කෙලෙහි ගුණ",0,sinhala
"මුන් මොනා නැතත් බොරු පම්පෝරි ගහන එකට නම් දක්ෂයි. දුම්කොළ වවන්න , සක්කිලි වැඩ වලට Dutch , British කාලෙ ගෙනාව උන් ගිය උඩ",1,sinhala
මේක මොකෙක්ද අයිසේ...!!! GIF,0,sinhala
‘පිම්පියො අහිකුණ්ටිකයො වාඩිවෙනව අයිසෙ’ –අගමැති පාර්ලිමේන්තුව අමතයි සභාව ගිනියම්Video URL #lka #sriLanka #RanilW #Colombo,0,sinhala
මැයි 18 කිට්ටූවෙද්දි ගොන් බයියො ටික යුද්දෙන් මැරුනු මිනිස්සුන්ගෙ පොටෝ කෑලි ටික පෙන්න පෙන්න මිනිස්සු බයකරන්න හදනවා..,1,sinhala
කිකිලියොත් උන් දාන බිත්තර විකිනෙන්නේ 8 කියලා දැනගෙන ද බං චූටි බිත්තර දාන්නේ. පුක ඉරන්න ඕනේ ඕකූන්ගේ.කතා වෙලාද මංදා බිත්තර දාන්නේ.,1,sinhala
"අල්ලාහ්, ලබ්බ කියපු සංවිධානය? #TuQuoque",1,sinhala
සෙට් එකක් එක්ක අමාරුවෙන් සෙට් උනාම ඔක්කොම අහනවා සෙට් වෙමුද කියලා. කොහෙ තියන සල්ලිද යකෝ..,0,sinhala
අහසේ දෙයියෝ නෑ හුත්තෝ දෙයියෝ ඉන්නේ මෙහෙ මෙහෙ උට්ටෝ මෙහෙ මන් කිව්වනේ දැන් මෙහෙ ඉන්නේ කිව්වම අහපන් පකෝ දෙයියෝ ඉන්නේ මෙහෙ උට්ට #පිස්සා,1,sinhala
කැත වැඩක් කලා ඒයිඅර ගානුටික. දවසක් මම ෆ්‍රී වෙලාවක whatsApp group එක්ක මැසේජ් කලා. එතකොට එකේක්කෙනා කියන ඒවට ඉතින් හිනා යනවනෙ. ඉතින් මම තනියෙන් ඉඳගෙන කටත් ඇරගෙන හිනා වෙවී මැසේජ් කරනවා. ඒ අක්කෙක් හොරෙන්කරලා,0,sinhala
සාම්ප්‍රදායික ටුනා පාස්ටා සලාදය සාදන ක්‍රමයට පුංචි වෙනසක් එක් කරලා මේ විදියටත් පාස්ටා හදලා රස බලන්න හිතුනේ ලංකාවේ අපි කටට රසට සැරට කන්න උනන්දුවක් දක්වන නිසා. මම අත්දැකපු දෙයක් තමයි ගොඩක් අය අමු ලුණු රසට අකමැති බව. ඒ වගේම හුග දෙනෙක්... youtube.com ලාන්කීය රස පදමට ඇමරිකානු ටූනාපාස්ටා සලාදය|Tuna Pasta Salad|Sri Lankan... URLwill show you how to make the tuna pasta salad to satisfy our Sri Lankan taste budsIn Sri Lanka some people don't like r...,0,sinhala
මායි යි නැත්තං තොපි බකට් බාගයක්වත් කන්නෙ නෑ,0,sinhala
සරසවි සිසුන්ට පහර දීමට උපදෙස් දෙන පාදඩ තුප්පහි දේසපාලු හැත්තට හෙණම ගහපිය. ළමයි කෑ ගහන්නෙ තොපිට වගේ වාහන ඉල්ලලා නෙමෙයි. මූසල හැත්ත.,1,sinhala
අර්ජුන මහේන්ද්‍රන්ව තවම ලංකාවට ගෙන්න ගන්න මේ ආණ්ඩුවට බැරි ඇයි? මහ බැංකු බැඳුම්කර වංචාවට සම්බන්ධ පුද්ගලයන්ගේ බහුතරයක් ඉන්නේ එළියේ ඔවුන් හරි නම් මේ වෙන කොට හිර ගෙයි සිටිය යුතුයි. #lka #BondScam,0,sinhala
ඒක ලස්සනට තිබ්බා ඒකයි ටහුඩු කිව්වේ..,0,sinhala
ඉන්දියාවේ ජම්මු කාෂ්මීර් වල නරේන්ද්‍ර මෝදිට වඩා පිළිගැනීමක් තියනවනේ යකෝ නාමල් රාජපක්ෂට. අර ගොලෑ සෙට් එක එංගලන්තේ CHOGM ගිහින් හදාගත්ත PR එකට වඩා PR එකක් මේ හාදයා ඉන්දියාවේ කදුකර ප්‍රාන්තෙකට ගිහින් හදාගන්නවා. Well done 1,0,sinhala
"#Tweet eka ශ්‍රී ලංකාව ගැන තියෙද්දී , reply එක සෞරග්‍රහ මණ්ඩලය ගැන දාන්නේ ගොන් බූරුවෝ ! නොදකින් කියල තියෙන දේ තේරුම්ගන්න බැරි ගොන් බිජ්ජෝ ...",1,sinhala
මොනා නැතත් රසිකයාව පරිස්සමින් ආශ්‍රය කරන්න ඕන. මේ යකාට පරණ හැමදේම මතකයි. මොකෙක්ගේ හරි මොනහරි ලබ්බක් කිව්වහම් රෙදි ගලවන්නේ උගේ ඉපදුන දවසේ ඉඳන්. අර ගෑණි මූව දාලා ගියේ ඒ බයටද මන්දා.,0,sinhala
Fb වොල් එකේ උඩ පහල යන එක පට්ට බෝරින්.එත් twitter වොල් එකේ උඩ පහල යන එක පට්ට ආතල්.love you twitter,0,sinhala
ටයිම් ලයින් එක දැකලා පක නැග්ගාද යාළුවනේ?,1,sinhala
Admins: යකාට බය නම් සොහොනෙ ගෙවල් හදන්නෑ පකෝ.. Also Admins: යාලු මගේ කලින් පේජ් එක රිපෝට් කරල බ්ලොක් වෙලා. අලුත් එකට ලයික් කරල ෂෙයා කරල රීච් එක හදාගන්න මට උදව් කරන්න යාලු. දවස් හතකින් කන්නත් නෑ. #SLPageAdminsbelike,1,sinhala
අනේ කාලෙ වනේ වාසෙ කීවලු,0,sinhala
ඡන්දෙ වෙද්දි හුගක් අය නිරෝධායන මද්‍යස්තාන වල ඉඳීවි. මුන් පුලුවන් නම් එතනත් ඡන්ද පොළක් දාවි වැඩිය අමාරු නැති ලෙඩ්ඩුන්ට ගිහින් ඡන්දෙ දාන්න.,0,sinhala
ඊයා ... නොදකින් මොනවද අයිසේ මේ ගේන පුබ්බ තර්ක ?? නොදකින් මූත් අර විමල් විරවංශ කියන මැටි හරකාගේ එකෙක්නේ.. වතාවක් කිව්වේ යාලුවෙක් නිකන් රෙදි කඩයක් දාලා දුන්නා කියලා Ranjan Ramanayake · 24 Oct 2019 Yet another example of how SLPP MPs spreading racism in the country by dividing our communities with fake news & in this instance a complete lie.,1,sinhala
""" බලන්න අර වසලයාගෙ ගෑණි මෙහෙකාරියන්ට කරලා තියෙන ඌරු වැඩ, මුං හිතාගෙන ඉන්නේ මේක මුංගෙ අරාබිය කියලා. ඔව් ඉතින් අපේ එ්ස පාලකයෝ මුංගෙ දොළපිදේණි වලට වහල් වෙලානෙ ඉන්නේ """,0,sinhala
උබලා හරි ඒවා දිපන්කො,0,sinhala
අංකෙ ඉල්ලන එක සෙල්ලමක් අයිසෙ,0,sinhala
ටිකිරි මැණිකෙ රෙද්ද උස්සලා ගොවිරාල පයිය නග්ගලා ගලන ගඟෙන් ගල සෝදාලා ගොවියා හුකයි මරහඬ දීලා #සාජ්ජෙ,1,sinhala
"උඹ ගෙදර බැල්ලි නිසාද ""චූටිකුකූ"" කියල නම දාලා තියෙන්නේ? නැත්තම් කුක්කු දෙක චූටි නිසාද? ගෝප්ස් · 30 Jul 2019 අපේ අම්මා - චතූ, කඩේ යවාගන්න ඕන්නම් ආච්චියේ තාත්තා- චූටිකුකූ හස්බන්ඩා- ගෝප්ස්, අක්කෙ, නැන්දේ තංගච්චි එයාගෙ අම්ම- බබා මම්ම- චූටි බබ ලොකු මාමා- සුදු හාමිනෙ. twitter.com/Navo_D/status/…",0,sinhala
අඩෝ. අගෝස්තුත් ඉවරයි නේ! පිස්සු හැදෙනව.,0,sinhala
නිරුපමා රාජපක්ෂ ගැන හොයන්න කමිටුවක් දැම්මා. මාසෙන් වාර්තාව ඉල්ලුවා කෝ දැන් ? අර පිස්සා කමිටු දාන්න දාන්න වියදම් වෙන්නෙත් අපේ සල්ලි,1,sinhala
බීතෝවන් වුනත් කවදාවත් හිතන්න නැතුව ඇති තමන් පුක ඉරාගෙන හදපු සිම්පනි පාං විකුණන ත්‍රීවිල් වල යයි කියලා #FurElise #TukTuk #ChoonPan,1,sinhala
blog එක පට්ට ඩෝ.,0,sinhala
කාලකණ්ණි හැතිකරේ...පිං පඩි ලබන මුන් ටික එලවලා දුම්රිය සේවය පෞද්ගලීකරණය කරන්න ඕන #lka #SriLanka,1,sinhala
තමුසෙ කියන වචනේ කාට හරි කියලා බනිනවා ඇහුනහම ..කනපලලා බෝංචි හිට වන්න හිතෙනවා ... කවුරුත් කාගෙවත් අත පල්ලෙන් වැටිලා නෑ ..හැමෝටම ආත්මගරුත්වයක් තියනවා ..,0,sinhala
යාලුවනේ තොපි කාරුවත් අලුතින් ආපු Huawei Y6 ෆෝන් එක ගැන විස්තර දන්නෝද.පාවිච්චි කොරන එකෙක්ම දන්නෝ නම් වැඩිය හොඳ යි..,0,sinhala
වෙලාවකට හිතෙනව සීරියල් කිලර්ස්ලා බිහි වෙලාද කියලත්,0,sinhala
තම්බි චූ කල්ල බිජ්ජ හෝදනව කියල අපිත් හෝදන්න ඕන නෑනෙ.. හොඳ දේවල් උනත් හැමෞත්තම කොපි කරන්න ඕන නෑ..,1,sinhala
නෑ ඒකෙන් ගත්ත නිගමනේ සම හරක් තඩි කෙල්ලෝ ජීවිතේට කෙට්ටු කරන්න බෑ කියලා ඒ නිගමනෙත් වැරදි කරන්න ට්‍රයි කරනව දැන්,1,sinhala
විල්පත්තු ---------- ජාති ආලේ ගත්තු කැරි නර සත්තු කළා ගිනි පත්තු හේත්තු වී මායිමට විල්පත්තු ඡන්දෙට බැලුවේ ඔත්තු බොරු කෙබර අතේ පත්තු තොපි කැව්ව ද වඳ කොත්තු ඌරු පුකට දැන් දීපිය තොත්තු,1,sinhala
මැරෙනකං ලොරි චැසි වල තමයි යන්න වෙන්නෙ,0,sinhala
"මට වචනයක් කියන්න හිතෙන්නෙ නෑ, මේ රටේ කාලකන්නි මෝඩයින්ට කිව්වට තේරෙන්නෙ නෑ. මේ තරම් ව්‍යසනයක් සිදුවුණේ තත්කාලීන රජයේ දුර්මුඛ පාලනය හින්දා. අනේ ඒක තේරුම් ගනිව්. ආයෙ ඡ්න්දෙ උන්ට දීලා උඹලත් ම්ලේච්ඡ ත්‍රස්තවාදයට පණපොවන්න එපා. එහෙම කරලා තොපි යන අපායෙන් තොපිට මිදෙන්න බැරි වෙයි කවමදාවත්.",1,sinhala
නැගිටිමු ශ්‍රීලංකා එකත් චයිනීස් වලින් දාගන්න බැරිවෙයිද Dulith Kasun (DK) · 21 May 2021 සිරසෙන් කොලනිය accept කරලාලු ද?,0,sinhala
අදවත් නිවාඩු පාඩුවෙ මංගල කිංකිණි කෑල්ල බලන්න....!,0,sinhala
"හුරුවෙයන් Channel EYE එකේ මැච් බලන්න, ඒක පට්ට! #SLvZIM #අම්මගෙරෙද්ද",1,sinhala
ඒ කියන්නේ තෝ තමා කොටම,0,sinhala
සමහර ගෙවල් වල රෑට ටීවි බලන එව්වා දැක්කම හිත කීරි ගැහිලා යනවා රණ්ඩු කරන එව්වා සාප කරන එව්වා ගහගන්න එව්වා පලිගහන එව්වා මිනී මරාගන්න එව්වා රිමෝට් එක ගන්න ඔය තරම් දේවල්? අනේ මන්දා ඉතින්.,0,sinhala
කන්නෙ නැත්නම් මොන යෝනියකටද මාසෙකට කෝටි ගානක කෑම හදන්නේ.,1,sinhala
අපේ ෆෝර්සස්ල හොයා ගත්තට වඩා දෙයක් හොයා ගනියිද. කරන්න ඕනෙ දේවල් පැත්තක තියාගෙන පිටරට අයට රටට එන්න පාර කපනව. අපේ අනාගතෙ නැති කරනව. පුදුම වේදනාවක් දැනෙන්නෙ.,0,sinhala
තොපිට වගේ අපිට කොරෝනා නැ යකෝ.අපිට තියෙන්නෙ ඩිස්ටම්පර්. - මීට සුදුවැල්ලෙ කෙරි බල්ලා,1,sinhala
අතට ආපු දේ කටට දමා ගැනිමට පින නැති වීමක්ද මන්දා?,0,sinhala
එළුවා දිනයිද.. නැත්තන් හරකා පරාද වෙයිද ෂා FM 90.9න් හෝ 91.1න් දිවයින පුරා.. URL,0,sinhala
වෙලාවට පට්ට කෑල්ලක් නොවුනේ Dione Diana · 28 Oct 2021 මේ කොල්ලෝ හිතන් ඉන්නේ උන් කැමති ද අහපු ගමන් අපි කැමති වෙලා උන් එක්ක යාලු වෙන්න ඔනේ කියලා ... ... පුදුම පිස්සෝ ජාතියක්,0,sinhala
යකො පව් ඒකි. Amila Chathuranga · 17 Apr 2019 ඉතින් උඩගිහිම් බිජ්ජ පෙනුනාද ලෝකෙට,1,sinhala
"වරක් නෙමේ දෙවරක් තුන්වරක් සිතන්න..... උඹලා අපි ගැන හිතන්නේ නැති කාලකණී නැවතත් නායකයන් කර ගන්නවාද කියලා ඊලඟ මැතිවරණයේදී අමතක කරන්න එපා අපට සලකපු විදිහට උන්ට සලකන්න. එහෙම නැති උනොත්, කාලකන්ණී අමනා දේශපාලුවෝ නිසා ජීවිතයෙන් වන්දී ගෙවු අහිංසක මිනිස්සු සාප කරයී මට උඹලට.",1,sinhala
හදන්න නෙමේ බොල බලන්න ගන්නවනේ,0,sinhala
වෙඩින් එකවත් කියන්න එපා තෝ...,0,sinhala
කෞද පකෝ ජෙරී Jerry  · 23 Sep 2019 ජෙරිගෙ සෙට් එකෙ අය RT කරන්න..!,1,sinhala
මොනාද බොල මං දුන්න පොර ටෝක් තෑන්ක්ස් ඈ,0,sinhala
උඹත් පලයන්... හෙට අරූගෙ බණ ගෙදර යනව නේ?,0,sinhala
Mekage බිජ්ජ ට කෙටුවා නම් තමයි වැඩේ,1,sinhala
තෝ ට්වීට් සුවිට් කිව්වට මට මේකේ මෙලෝ ලබ්බක් තේරෙන්නේ නෑ බන් මන් පොටො එකක් දැම්මා මේකට උබේ දායක සබාවට කියලා අත ගස්සපන්,1,sinhala
"""මැග්නිටියුඩ් ඒකක""?? #Richter_Scale #double_check #bloopers :03 views",0,sinhala
"කවදාවත් වෙලාවට train එකක් නැහැ, හැබැයි අකුරට වැඩවර්ජනය කරනවා. ආන්ඩුවටම ගැලපෙන රාජ්‍ය ආයතනයක්",0,sinhala
පිස්සා මූ.... පිස්සා මූ.... පිස්සු පූසා මූ...... #sajje #childhood #lka,0,sinhala
ඔන්න එඩිට් කරන උන් එඩිට් කරපිය 󾌴 දානව අද ඉදන් රියල් ෆොටෝ ... 󾍃 ඔන්ලි මී කරපුවත් පබ්ලික් දානව 󾌰 බය නෑ එක ගොන්... URL,0,sinhala
ගහ ගැන ලියන්න බැරි උනාම ගහට හරකෙක්ව බැඳල හරකා ගැන ලියනව xD,0,sinhala
"ජනාධිපතිවරණය සමයේ දී කියපු ""සමහරක්"" කතා බොරු බව ක්‍රමිකව අධිකරණය ඉදිරියේ ඔප්පු වෙනවා ද?. නැත්තම් අධිකරණය ස්වාධීන නෑ කියල සාධාරණීකරණයක් දෙනවද ආණ්ඩුව මේ වෙලාවේ?",1,sinhala
අවුරුද්දට බාර් වහල හින්ද බාර් එක ලඟ පොර කාල බෝතලේ ගත්තු තොපි ඔක්කොම හැඳි ගෑවිලා පලයන් (අළුත් අවුරුදු පැතුම),1,sinhala
", කොහෙන් ගියත් හම්සා පිස්සා",1,sinhala
අද උදේ ඉස්කෝලෙට චූටි බැල්ලි පැටව් දෙන්නෙක් ගෙනත් දාලා කවුරුහරි. ළමයි උන්ව අයිති කරගන්න පොරකෑවා ඒත් ළමයි සේරම උන්ට ආදරෙයි කන්න බොන්න දුන්නා,0,sinhala
හුටා අමතක උනා. සිප්පි කෑල්ල,1,sinhala
"අපේ බල්ලාගේ කකුලේ පොඩි කොරයක් තිබ්බා.පස්සේ මං TV එකේ දැක්කා සන්දිසුදා ඇඩ් එක.ගෙනත් ගෑවා විතරයි දැනට මාසයක් වගේ ඇති, බල්ලා ආගිය අතක් නෑ.. #TypicalSayings #SlAds",0,sinhala
"මෙතන වැරදිකාරයො එල්ලන්ට කතා කොරන උන්නැහැ තව තැනක අධිකරණේ දෙවතාවක් ම වැරදිකාරයා කොරපු ගණින්නාන්සේ කෙනෙක් නිදහස් කොරන්ට සූජානම් වෙනවා...!!! ""හක්කේ බුදුරැස් බොක්කේ දඩමස්"" කියන්නේ මෙව්වට තමයි..!!!",0,sinhala
මේක ව්‍යාග්‍රා නැගිටීමේ අවසානේ...!!!!!,0,sinhala
එතකොට 11 මුලු රටම ආයෙත් කලින් වගේ අරිනව කියලද කියන්නෙ..?,0,sinhala
", අයිබන් උන් දෙන්නා කොච්චර දගලනවාද පයිය කියන්න",1,sinhala
"මාගේ සජබ/හූ ඇම් පී/3% සගයනි රාජපක්ෂලා හරියටම ලංකාව කාටද වික්කේ කියපියවු. චීනෙටද, ඇමරිකාවටද, ඉන්දියාවටද? කට්ටිය කථා වෙලා එකක් කියපියවු බං.. බොරුවක් උනත් හරියට කරන්න ඉගෙන ගනිවු. අර පංචරයගේ ගොං සෙට් එක වගේ හැරෙන හැරෙන පැත්තට පච ගහන්න එපා.. මාට්ටු උනාම රෙද්ද කැඩෙනවා..",1,sinhala
ඔහු වැරදිකරුනම් ඔහුට දන්ඩුවම් ලබා දිය යුතුය. මේ මොකක්ද කැලේ වවන්න කියන්නෙ. ඔය කපපු කැලේ අයෙත් වවන්න පුලුවන්ද?? විකුනපු ඉඩම් අයෙත් ගන්න පුලුවන්ද? හරියට හොරෙක් අහුවුනම අයෙත් බඩුටික දුන්නම නිදහස් කරනව වගෙ වැඩක් මේක.,0,sinhala
"කැමැත්තකුත් නැති පොඩි කැමැත්තකුත් ඇති, ආදරෙත් නැති චුට්ටක් විතර ආදරෙත් හිතෙන, ඇතුවත් බැරි නැතුවත් බැරි මහ බූත, අමතක කරන්න අමාරු චරිතයක් ගොඩක් අයගෙ හිත් වල හොල්මන් කරනවා ⁣කියලා හිතෙනවා.. #නමක්දෙන්නඅමාරුබැඳීම් The following media includes potentially sensitive content. Change settings View",0,sinhala
ආයාචනා පට්ට කෑල්ල නේ....සූදුයි...හුරතල් ....,0,sinhala
නුඹට පානා හනික කෝපේ නමට පමනා කරුම දීගේ පිපුණු තිසරුන් මඟදි දුටුවැයි පැලුණු එ උකුල් නොදැක කොහොමැයි පිරිමි ඔහොමයි මුගුර නරකයි උකස් දුන් හෘදේ (හර්දේ) නුඹටා ඇහැට ගැටෙනා තැනක මානේ ගැහැණු අගුණා මෙමට කීවේ #සිංදුපොත yourchoiceway.com Latin Kankaariya Song Lyrics - ලතින් කංකාරිය ගීතයේ පද පෙළ Song Title : Latin Kankaariya (ලතින් කංකාරිය) Vocals by Hashani Wasana නුඹට පානා හනික කෝපේ නමට පමනා කරුම දීගේ පිපුණු තිසරුන් මඟදි දුටුවැයි පැලුණු එ උක,0,sinhala
කවුද දෙයියනේ ඇඳට සුපර් ග්ලූ ගෑවෙ... බොහොම අමාරුවෙන් හෙන motivation එකක් දාලා දැන් නැගිටලා ඉඳගත්තා.,0,sinhala
ලීක් කර ප්‍රේමය නිමා කරති. එසේත් නැතහොත් අල්ලාගන්නට බැරිවූ කල මං ඕකිට ගැහුවා ඒකි මෙහෙමයි ලෙස ඇයව වචනයෙන් දූෂණය කරති. සැබෑ ආදරය යනු රැඳී සිටීමම පමණක් නොව එක්කො රැඳී සිටීමයි. එසේත් නැතහොත් ඔහුගේ හෝ ඇයගේ සතුට වෙනුවෙන් යන්නට දීමයි. උපුටා ගැනීමකි.,1,sinhala
"තෝවගේ මෝඩ මුසලයෙක් , මී හරකෙක් .යකෝ මුළු ලෝකේම දැක්කා උබලගේ විනීත හැසිරීම .මීට මර්වින් සිල්වා",1,sinhala
කාල ශොපොං කරල ගෙදර එනව්,0,sinhala
"ටහුඩු රස්තියාදුකාරයා · 6 Sep 2017 ""Necklace එකක් දැම්මම ගණිකාව"" එතකොට, - කරාඹු දැම්මම පොන්නයා - ඇට මාල දාන එකා සන්නාසියා - ටැටූ ගහන එකා කුඩුකාරයා මරු රට ඕයි මේක",1,sinhala
ටැක්ස් විතරක් ඒ ගාන කියන්නේ බෝතලේ හෙන ගනන් ඇති නේ,0,sinhala
"කටපුරා කිව්ව හැකි මේ නම් ""වේස නිරූපණය"" කියල..",1,sinhala
රටේ මිනිස්සු තමන්ගේ කැමැත්තෙන්ම කපටි වංචා සහගත මිනිස්සු බලයට පත් කරනව . ඊට පස්සෙ බල්ල බූරුවන් කියල විතරක් නෙමෙයි හොරා කියලත් බනිනවා. ඒත් ඒ මෝඩ අවංකයො දන්නෙ නැහැ ඒ වෙද්දී උන්ගෙ න් අරුන්ගෙ හත්මුතු පරම්පරාවම ගොඩ ගිහින් කියල .,0,sinhala
"අම්ම හැමතිස්සෙම කියනවා ""යකෝ තොට ලබන මාසේ 4 ඒලෙවල් නේද? පාඩම් කරහන්"" කියල.ඉතින් මට ගානක්වත් නෑනේ :3 #පිස්සා",0,sinhala
නංගිලට යකෝ කියන්නෙපා පකෝ >_<,1,sinhala
බූට් පිට බූට් තිබ්බත් උන්ට බඩුව කියන්න තරම් පහත් මානසිකත්වයක් නෑ,0,sinhala
දැං කියාං ඕකා බල්ලා ද ගොනා ද හරකා ද කියලා හරියට.,0,sinhala
පයියට පයිය නොකියා අඹ ගහ වටග් නමක් කිවුවනං ඒක තමා ඒයි කුනුහරපෙ,1,sinhala
නොදකින් තුහ්.... විතරක්...,1,sinhala
ආ හරි. දැන් ගිහින් අපේ නෝනට කියන්න ඉතින් පවුල කැඩුනොත් තෝ තමයි,1,sinhala
ටහුඩු එහෙම වෙන්නත් පුළුවන්,0,sinhala
"වෙන, වුණ, වෙන්න නියමිත මෙලෝ හසරක් නොදැන, රටින් පිට ඉඳන් සියල්ල දත් වගේ පෙන්නන්න හදන රිංලොවන්නොයි, ගෙවල් වලට වෙලා ලපං ගහන ටිංකිම්බොයි, මේ හුත්ත අස්සට රිංගලා; දකින දකින පයියවලුයි, පුක කහන කහන සැරේට හිතෙන හිතෙන... URL",1,sinhala
මචං. iMessage කියලා එකක් තියෙනව. ලව් කරන උන්ට ඒක පට්ට. ඒකට පලයංකෝ දෙන්නම,0,sinhala
ඉන්දියාව කවදාවත් ලංකාවට පක්ෂව කටයුතු කලේ නෑ... දෙබිඩි පිලිවෙතක් තියෙන්නෙ උන්ගෙ. මෙවරත් ජිනීවාහි ඉන්දියාව මධ්‍යස්ථව ඉන්නවා... ඕකුන් තමයි කොටවලා කෙලවන්නෙ අපිට... කාලකණ්ණි,1,sinhala
"Enrique වගේද සනී ලියෝන් , කියපු වෙලාවට ආවා..රෙද්ද ගැලෙව්වා..පොඩ්ඩක් නැටුවා... ගියා... #EnriqueInSL",0,sinhala
නොට්ටිගේ..මාමාගේ නොට්ටිගේ..පුතා මේ දිනවල පිස්සු බලු බෙහෙත් බීමෙන් වැලකී සිටින නිසා.. මහජනතාවනී ඉතා ප්‍රවේසම්වන්න !!,1,sinhala
දැන් ඉන්න කෙල්ලෝ හෙන දරුණුයි ඕයි,0,sinhala
සතුට යනු මගේ ගොන් බූරු වැඩ වලට එකහිතින්ම සහභාගි වන එල නංගියෙක් සිටීමයි,0,sinhala
", අපේ කන්තෝරු මිස්කෙනෙක් නවසීලන්ත ෆාමෙක බල්ලා ඇවිත් තාකෙනෙක්ට විස්තර් කර්නො අහං උන්නා.. ලොකු ‍යි ලු උන්.. එක ගොනාට ගොඩක් වැස්සියො පොරකනෝලු. ලීටර් ගොඩක් ගන්නෝලු. මටත් ආසිතුනා..",0,sinhala
"ටහුඩු, දන්නවනං ගරු නම්බු ඇතුව කතා කරවනේ, අචාරී හූ... ගැත්තාට අනුකම්පා මෙව්වා කරත්වා!!",1,sinhala
ඔය සමාජේ කොහෙද අප්පා තියෙන්නේ පාලකෙයා් හිතන්නේ අපි ගොන්නු කියලද...,0,sinhala
"අ: අඩෝ කවදා ඉඳන්ද උඹ රැප් සීන් එකේ? ඇ: පිස්සුද ඕයි, මේ ටී-ශර්ට් එක තිබ්බේ XXL විතරයා!",0,sinhala
මම හිතන් හිටියේ මටයි හොඳටම පිස්සු කියලා. දැන් දැන් තේරෙනවා මේකේ සමහර උන්ට මට වඩා පිස්සු කියලා.,0,sinhala
මුන් නම් මහ සක්කිලි,1,sinhala
රාජ්‍ය නායකයෙක් තියා අවම සමාජ සාරධර්මවලින් හෙබි මිනිසෙක් වත් නොකරන සක්කිලිම සක්කිලි අවර අදම බලු විදියට මිනිසෙකුගේ ලිංගිකත්වයට අපහාස කර නුබ මනුෂ්‍ය ශුක්‍රාණුවකින් සංසේවනය වූ කළලයකින් ඉපදුනා විය නොහැක.. කරුණාකර මව් පාර්ශවයෙන් විමසා පියා කුමන වර්ගයේ සත්වයෙක් දැයි සොයාගන්න..,1,sinhala
තැන්කියු ඩාලින් පුලුවන්නං a fake profile එකේ ලින්ක් එක මගෙත් එක්ක share කරන්න,0,sinhala
තූ නොදකින් මූ වගේ ගොන් කතා කියන එකෙක් ආතල් දෙන්න උපන් එකෙක් වෙන නෑ අක්කේ..,1,sinhala
හරි බන් උබ පාටලි ගැන කියලා නැ. එල.ට්ව්ට් වලට රිප්ලයි වැටෙන එක අවුල් නම් ඔක ප්‍රයිවට් එකවුන්ට් 1ක් කරගනින් අනිත් මිනිස්සුන්ට ට්වීට් නොපෙනෙන්න.එහෙම නැතුව ට්වීට් 1කට රිප්ලයි දැම්මම උබෙ ගැනි අපි ගත්තා වගෙ ගොන් ටෝක් දෙන්න එපා ට්ව්ටරෙ පබ්ලික්නෙ.ඒක නොතෙරෙන ගොබ්බයෙක් දැක්කමයි.,1,sinhala
යසෝදරා ෆිල්ම් එකේ යන නැන්දා මාලනී ගෙ බූට් කවි සෙට් එක පට්ට.. ඒ කවි සෙට් එක ෆිල්ම් එකට ගහපු එක මටනම් හොඳයි..,0,sinhala
"#යහපාලන ආණ්ඩුව තිබ්බ කාලේ විපක්ෂයේ ඉද්දි; සීනිගම, කතරගම වගේ් තැන්වලට ගිහින් ආණ්ඩුවට විරුද්ධව පොල් ගහපු එක කැරකිලා මේ 2/3 ආණ්ඩුවට සාප වුණාද මන්දා...",0,sinhala
"ඔය ශ්‍රීපාදය නෙවෙයි හීරා කන්ද. ""Mount Hira"" දන්නේ නැති දේවල් කියවන කොට බලාගෙනයි, මෝඩ කම ප්‍රදර්ශනය වෙනවා. RISE_UP · 5 Jul 2020 දැනගෙන ජිවත්වෙමු.එකතුව එකාමෙන් සිහල අපි බුද්දිමත්ව විසදුම් සොයමු.",1,sinhala
කසාදෙ ළං වෙන්ඩ වෙන්ඩ මූත් අර මරන්ඩ ගෙනියන හරකා වගේ වෙලා Anusha Chaturanga · 20 Oct 2018 මයි ඩාලින් කාටද පිස්සූ උබ හින්දා සුදෝ පන යාවී ගැහී සුදු නෝනේ සූකිරි බට්ටී පිලිකන්නේ ඉදන් බැලුවාම ඇතී.,0,sinhala
"මේක අවජාතක ආණ්ඩුවක් ! භික්ෂූන් 48ක් ,රණවිරුවන් 09 ක් හිරේ ...සුද්දාගේ කාලේ මීට හොදයි ! - URL via",1,sinhala
මං හිටි බෝඩිමක ඇන්ටි ධූට බනිනො.. තෝ වේසි මගේ ඔක්කොම ලියාගෙන ඒවයින් කකා බිබී තෝ වේසකමේ යනෝ..මං මේ කීයක්වත් හම්බකරගත්තම තොට ඉවසං ඉන්න බෑ.කතන්දර කියනො.. ආදී වසේන් වලි. ඒ ආන්ටි පවුල් වෙලා උපයාගත්තේ කුනුහබ්බ කියාන රණ්ඩු වෙන්න පුළුවන් දුවෙක්.. ඒකත් වටිනෝ ඉතිං එ නාකි උන්දැට..,1,sinhala
අම්මෝහ් මාව හරි පාරේ එක්කන් පලයන් හොදේ ජී Kaushalya Jee URL,0,sinhala
"අර ලෝක වෙළඳ පොලේ තෙල් මිල ""හිඟන ගානට"" තිබෙනකොට අපිට ඕනේ තරම් තෙල් තොග තියෙනවා කියලා වහසි බස් දොඩවපු නිලධාරිනුයි, බලධාරින්ගේනුයි මේ පාඩුව පියවා ගන්න කියන්න. #srilanka",0,sinhala
14 others මම කිව්වෙ මූට Inferiority Complex කියලා... සීයක් දීලා දාහක කියෝනවා.. දේශපාලන හාල්පාරුවො වගේමයි... අපි මොකටද බන් මේ ලොක්ඩවුන් අස්සෙ උඹ වගේ හාල්පාරුවෙක් ගැන හොයන්න ග්‍රාම සේවකයො හොයන්නෙ? පිස්සො කියන ඒවයෙ ඇත්ත නැත්ත හොයන්න අපිටත් පිස්සු යැ.. අනේ බන් #බෙට්ටො,1,sinhala
මිනිස්සුන්ව අපහසුතාවයට පත් කරන්න එපා බොල Gayan Tharaka · 19 Dec 2016 දැන් උස කීයද?,0,sinhala
කුනුහරුප ලියන විට හොදම ප්‍රැක්ටිස් එක තමයි *හුත්ත *පක *වේසි *පොන්නයා ආදී තරුවද සමගින් කුනුහරපය සම්පූර්ණයෙන් ලිවීම.,1,sinhala
අහක යන නයි රෙද්ද අස්සේ දාගෙන කන්න දුන්නම ඔහොම වෙනවා බොලවූ #lka #sri #srilanka,0,sinhala
කලින් තහනම තිබ්බ කාලෙ ගෑනු ප්‍රසිද්දියෙ බිව්වෙ නැද්ද? ඕක අපහු දැම්ම කියල ගෑනු ප්‍රසිද්දියේ බොන එක නවත්තයිද? ගොන් පාට් නෙහ් මහත්තයෝ ගොන පාට් නෙහ් නෝනෙ. තම තමන්ගෙ පාඩුවෙ වැඩක් බලාං හිටපල්ල බං,1,sinhala
ගෙදරින් බත් කාලා හමාර වෙන ප්‍රශ්න අහන්නෙපා ඩාලින්...,0,sinhala
"පොලිසිය හිටියතැන පිටිපස්සෙ ලාවට එලිය තියන ලයිට්කනුවක් තිබ්බා.... මං කතාව බාගෙට කියද්දි එතන හිටිය එක පොලිස්කාරයෙක් මගෙ උරහිසෙන් අල්ලලා මූන ලයිට්කනුව පැත්තට හැරෙව්වා. හරවලා ""අම්මටසිරි බන්ඩයියෙ ඔයා"" කියලා කිව්වා. යකෝ අයියෙ උඹ පොලොන්නරුවෙ එනවනං කලිං කියන්න එපැයි බං කියලත් කිව්වා..",0,sinhala
තෝ ගැඩවිල් සීනිබෝලෙ පගා ඇරන් හොර මෙන්ශන් දැම්ම නේද,1,sinhala
සුද්දා ගල විදින්න කලිනුයි අපි සදකඩපහණේ කැටයම් දැම්මේ යාළුවා,0,sinhala
කොපර කොපර පිපිඤ්ඤා කරන අයුරු නෙව්ස් ෆස්ට් කැමරා කාචයට අසුන්වුනේ මේ ආකාරයට,0,sinhala
ජනාධිපතිවරණය ... මොකද මේ අවුල පටන්ගත්තේ ජනාධිපති. ඒ වගේම ලගම කාලයකදී නිත්‍යානුකූලව තියන්න පුලුවන් මැතිවරණය ජනාධිපතිවරණය ... 2019 ජනවාරි 8 න් පස්සෙ තියන්න පුලුවන්,0,sinhala
"ඇයි පාතාල නායලයොන්ගේ වයිපර්? දැන් බලන්න, ඔච්චර සල්ලි තිබිලත්, පෝට රීකෝ වගේ රටකින් සුරංගනාවියෝ වගේ කෙල්ලො තියාගන්න හැකියාවක් තිබිලත්, අපේ රටේ තවත් බැදපු කෙල්ලෙක්ව දෙවනි ගෑණි විදිහට තියන් ඉදල තියෙන්නේ මධූශ්? ඒ ගෑණු කෙනාගේ මොන power එකක්ද මධූශ්ව නම්ම ගත්‍ත එකම.",0,sinhala
", එයා මගේ ගෑණි.. ඔය ලියුම ලියලා තියෙන්නෙ හොර ගෑණි",1,sinhala
බඩුවට බඩුව නොකියා මල් පහන් තියල වඳින්නැයි,1,sinhala
"තෝ එතකොට වැදගත් කතාද මිනිහො කියන්නෙ?? ගැනියෙක් ට කතා කරන්න දන්නෑ, වැදගත් දේවල්ලු හොයන්නෙ..",1,sinhala
ටහුඩු Satoshi Matamoko · 24 Jan 2017 Thank you,0,sinhala
තෝ මොකද බොල තව බලන් ඉන්නේ .. #schooltalks,0,sinhala
අතල් දෙන්න එපා ..,0,sinhala
මැට්ට වාගෙ ආදරේ කලේ එල හරකා වාගෙ සීරියස් උනේ . . . ඒක තමයි මේක ප්‍රේමෙ තමයි මේක කියල හිතල සිරා වෙන්න ගිහිල්ලානෙ වැරදුනේ...,0,sinhala
බෙල්ල කඩලා මරනවා. ඒකරලා ෆිජ් එකෙ දානවා ඩාලින්,1,sinhala
නොදකින් බූරුවා මේ වගේ වරද්දං දාගෙන යන උනුත් ඉන්නවනේ,1,sinhala
Singapore server එක්කට connect වෙලා YouTube ගියා පුදුම ad ගොඩක් නේ හුත්ත සිරිලංකන් ටෙලිවිසන් හොදයි,1,sinhala
"බෞද්ධ වුන අපි නත්තල් කාලෙට නත්තල් සීයා තෑගි ගේන කං බලං හිටියෙ, චර්ච් එකකට යන්න ආසාවෙන් ඉන්නෙ, පරාටා, ඉට්ලි, තෝසෙ, වඩේ වගේ දෙමළ කෑම කන්න පට්ට අසාවෙන් ඉන්නෙ, මුස්ලිම් අවුරුද්දට මගෙ මුස්ලිම් යාලුවන්ට ""අඩේ තම්බියා මේ සැරේ වටලප්පං ඕනෙ"" කියලා උන් දෙනකං තොලකට ලෙව කකා ඉන්නෙ, ⁣අපි ලඟ",0,sinhala
"අරැන්ගෙ , මුන්ගෙ හොරකම් ගැන අපි ළග සාක්ෂි තියෙනවා කියන පාහර හැත්ත, ඇයී ඒවා වලට එරෙහිව ක්‍රියාත්මක නොවෙන්නෙ? උබලා වගෙ දෙශපාලූවො තමයි මෙ රට කන්නෙ. හෙනම ගහාපිය",1,sinhala
අහිංසක කොල්ලොන්ට කෙල්ලන්ට; ආණ්ඩුවේ ටැබු එකට ප‍්‍රී වයිපයි එකෙන් වැලක් බාලා බලලා කරලා සැපේ ඉන්න තිබ්බ හීන මාලිගා කැඩුවට තොපිලාට සාප වෙනවා බොලව් #lka,1,sinhala
ඩයලොග් සහ පාරිභෝගියන් අතර ඇත්තේ අඹු සැමි සම්බන්ධයක්... මිනිහා දෙන්නම් දෙන්නම් කිව්වට කවදාවත් හරියට දෙන්නෙත් නෑ... ගෑණි දුන්නැත්තම් යනවා කිව්වට යන්නෙත් නෑ...,0,sinhala
ඒක දැක්කේ නෑ. කවුද පොන්න කටහඬකින් නන්දා මාලිනිගේ සිංදුවක් මැරුවා,1,sinhala
තමන්ගෙ බිරිඳට මහ පාර මැද දාගෙන කැති පහරවල් 35 ක් ගහපු cctv දර්ශනය.. වේදනාව කියන්නෙ ඒ ලගින් යනව පොලිස් කාරයෙක් මූ ක්ෂණික බයික් එක හරවන් යනව..යකෝ කැත්තෙන් කොටපු මිනිහට නඩු දාන්න කලින් අර පොලිස් කාර⁣යගෙ වැඩ තහනම් කරන්න ඕන..ඔය වගේ කාලකණ්ණි නීතියටත් නින්දාවක්,1,sinhala
අපේ හාමුදුරුවන්ට තෙරුවන් සරණයි,0,sinhala
උඹ අසනීප උනොත් කරන්නේ කොහොමද ?,0,sinhala
සිරා. කාලයක් කොල්ලුපිටියෙ නැවතිල හිටියා. රෑ දොළහට එකට ඇවිත් ටිකක් නිදාගන්ඩ හදනකොට උදේ පහට හෙන ගහනව වගේ ස්පීකර් සද්දෙ අල්ලපු පන්සලේ. මහ කරුමයක්.,0,sinhala
අඩෝව් ඉර මාමේ රස්නෙ වැඩි යකෝ ෆෙස්බුක් එකේ පොස්ට් එකක් හදලා බොටත් ගස්සවනවා ගල්! #AiyoLanka #FB #Attack #to #Sun,0,sinhala
ඉස්සර හිංදි පිචර් වල වාහන හැප්පුනාම ඉබේම ගිනිඅරන් ටිකවෙලාවකින් ඩෝන් ගාල පුපුරල මීටර් 10ක් විතර උඩගිහින් බිමට වැටෙනවා මතකද හෙන ගොන් නේද? ඒක මතක නං ඔයා ඉන්නෙ බඳින වයසෙ.තාම නැද්ද කෙ⁣ලේලෙක් ? මටත් නෑ හැබැයි මේකෙ වැලලෙන්නෑ ...ඉතිං,0,sinhala
අඩො මෙ කාලා ටිකක් ඉද්දි ආයෙ මොනා හරි කන්න හිතෙනවා ඔයි,0,sinhala
තාත්තා එහා පැත්තේ හුප්පෝ ට උකන්න දාලා මූගේ රිප්ලයි එක මොකක්ද බලන්න ඇවිත් මාත් ඉල්ලගෙන කෑව. ඒ මගුල හම්සා තොටත් හෙන ගහපං.,0,sinhala
අනේ මගේ notification ටික පිරිලා.. කොහෙද යන වල් බල්ලෙක් මගෙ පුක ලෙවකන්න හදනවා #කන්දෙමල්ලි,1,sinhala
"හැමෝම කෝල් කලාට අහන්නේ කවුද කියලා, තරහට නෙවේ යකෝ, අමතක කරලත් නෙවේ.. පෝන් එක නෑ යකෝ...... බනින්න එපා.... :O —... URL",0,sinhala
ඔබ ටිප්පාවියක් නොව ටිප්පෙක් නම් එය මෙසේයි. පියවර - ගූගල් දෙයියාගේ පිහිටෙන් හැඩැති ළදකගේ ෆොටෝවක් සොයා ගෙන ෆේක් එකවුන්ට් එක සාද ගන්න. පියවර - දැන් QT කර ඇති ට්වීටයේ පියවර අනුගමනය කරන්න. රෙද්ද කාගේ උවද කෙලි ප්‍රෆයිල් එකක් නම් රෙදි සෝදා වේලීමට බොහෝ පිරිස් පෝලිමේ එනු ඇත. ᴳᵃᵛᵉᵉⁿ · 21 Oct 2019 ඔය රෙදි සෝදන්නේ නැති කම්මැලි ඔබට මෙන්න විසදුම පියවර 02 න්(කෙල්ලන්ට තමයි ඉතින්) පියවර - කිළුටු ඇදුම් ටිකක් ඇතිබවට ට්වීට් එකක් දමන්න. පියවර - ඒ ටික හෝඳා වෙලා ඔබටම ගෙනත් දෙන ට්වීප්ස්වරුන් බොහොමයක් ඔබට පහසුවෙන් සොයාගත හැක. ඉස්තූතියි #tips twitter.com/madushi_pavi/s…,0,sinhala
හා හා ඩාලින් අන්න අරයට තැන්කූ කියන්න,0,sinhala
මේක නම් හරි ඇත්ත.. එක දවසක් මහ දවල් 177 route එකෙ බස් එකක හරි කැත music videos වගයක් play කරා.. ඒ වෙලෙ බස් එකෙ ඉස්කොල් ඇරිලා යන ළමයි ගොඩක් හිටියා..හරිම awkward,0,sinhala
කැනීම් අවසන් වුන කළු ගල් වලවල් ⁣සුදුසුයි..no leakages,0,sinhala
එතකොට ඒවා පාලනය වෙන්නෙ අධ්‍යාපන අමාත්‍යාංශයෙන් නෙවී ද.?,0,sinhala
ෆලොවස්ලා වැඩි උනාම බිජ්ජ හම්බෙනවා ඇති,1,sinhala
අන්න අදත් රට ඉදලා ආපු ගොන් පකයිලා පිස්සු නටලා. මොකට ඕකුන් ගෙන්න ගන්නවද මන්දා.,1,sinhala
පුලුවන් නම් ගලවල පෙන්නපන්. තොගේ බිජ්ජ කපලා poster ගහවි! වහල් රිලවා!,1,sinhala
.........නව පරපුරට ........ ප්‍රභාකරන් ත්‍රස්තවාදියෙකි මතක තබාගන්න ඒ බල්ලා අපේ හාමුදුරුවරු මරපු බව මතක තබාගන්න... URL,0,sinhala
නෑ නෑ ට්විටර් නෑ ඒකි,0,sinhala
එහෙම උනොත් ඔයාට ජනාධිපති වෙනව බොරැ,0,sinhala
වතුරෙ රත බලන් කත ඔහොම ලත උනොත් පුත යතුර මත කරයි කැත,0,sinhala
ඇන්ටි පූසා පාන් බල්ලා සම්බෝල පූසා හිඟන්නා මව් බැල්ලි බෝල මූණා අපතයා මැක්ස් බල්ලා.... තව නම මතක නැති බල්ලෝ පූසෝ රාශියක් අපෙන් බත් කටක් කාලා ජීවිතේ දවසක් හරි ගෙවාගෙන හිටියා. ඔය එක සතෙක්වත් අපි හදපු උන් නෙවෙයි. කවුරු හරි සත්තුන්ට පැලෙන්න ආදරේ කරපු අය හදපු උන් සහ පැටව් හැබැයි!,0,sinhala
කුසාන්තට කෙල්ලෙක් සෙට් උනා අක්කලාට කොල්ලො සෙට් උනා අන්තිම සහෝදර ප්‍රේමය බල්ලට ගියා බල්ලා රට ගියා Amith Malinga · 23 Nov 2018 අර කුශාන්තට ඉදපූ අක්කීලා ටික කෝ,0,sinhala
මේවා සියල්ලටම මහජනතාව අහුවෙනවා දේශපාලනඥයන්ට වුවමනා දේ ඒ ගොල්ලෝ කොහොම හරි කරනවා,0,sinhala
අපි ඉස්සර හුජ්ජ කරපු කාක බෝගහ මුල අද.... URL,1,sinhala
අඩො සද්ද දාන්න එපා,1,sinhala
මට මොනා හරි කියන්න හිතෙනවනෙ මේකට දැන් එතකොට මොකේද අයිසෙ ඉන්නෙ හඤේ හඤේ,0,sinhala
කොටියා ද?? දිවියා ද??,0,sinhala
බැට් එකට වදින බෝලයක් බෝලයක් ගානේ පපුවෙ අමාරු හැදෙන එකට කියන්නේ අපේකම කියලා මහත්තයෝ #sl #SLvWI #WT20,0,sinhala
අම්මෝ මේ කෙල්ල ප්‍ර‍ශ්ණ පත්තරයක්නෙ.... අමාරුවෙන් බේරුනේ... AL Com Maths paper එකවත් මෙච්චර අමාරු වුණේ නෑ... හි හි හිහිහි...,0,sinhala
නෑ තොට වෙනම බනින්නම්,0,sinhala
ඕක කරන්න මෙතුමිය බලාපොරොත්තු වෙන්න බේගල් අනුර කුමාර නායකත්වයේ තියාගෙනද??,0,sinhala
පුලුවන් අර ඇග ලොකු මහත මෝඩ මුස්ලිම් ගෑනිත් (මතක නෑ අප්පා නම ) ඕකත් බොරු වක් කියල ඔප්පු කරන්න හදයි ඒකිගේ ජාතිය බේරගන්න බැල්ලි.ඔක්කෝම එකයි තම්බි,1,sinhala
"දෙමව්පියො කොහෙද උඹලට සහය දෙන්නෙ, පුලුවන්නම් ගුරු හොරු පවුල් වලින් නැතිව සීයක් හොයාගන්න.",0,sinhala
ඒවා නාකි අයට එවන්නෑ,0,sinhala
චූ බර නෙමෙයි ඕගේ බිජ්ජ කපන්න ඕන,1,sinhala
ඉනේ ගහන් ඉන්න කණ්නාඩියත් දැම්මා නම් මරු බඩුව two fifty,1,sinhala
මාතර අහස අයින් කරා නම් හෙනම වල් කවියක් P I N K Z♡ · 6 Oct 2018 මාතර අහස... . . . ඔයා නෝටියා... . . තෙමුවා නේද මාව.... . . වල් කොල්ලා . . කමන්නෑහ්.. මගේනෙ,0,sinhala
අයියෝ නම කියන්න බය ද ඇවිත් වෙඩි තියයි කියලා? #PeoplesOpposition ලු...රෙද්ද!,0,sinhala
චිචී හූර ටට්‍යානා කැකුලිට පයිය පොජ්ජ මංදු කොරාපු සංතෝසේ සමරාපු වැදි උස්සවේ කවාදාද දන් නෑ..,1,sinhala
"ඩාලින්, ඉට්ස් අ මැජිකල් මැජිකල් ලයිෆ්, ලයිෆ්, ලා..යිෆ් ඔහ්, හනි, ඉට්ස් අ මැජිකල් මැජිකල් ලයිෆ්, ලයිෆ්, ලා..යිෆ් ඇන්ඩ් බේබි, ඉට්ස් අ මැජිකල් මැජිකල් ලයිෆ්, ලයිෆ්, ලා..යිෆ් වෙන් යූ කැන් ෆයින්ඩ් ද මැජික් ඉන් එව්රිඩේ නයිට්, නයිට්, නා..යිට්",0,sinhala
"මූ මේකේ කියන්නේ පාට කරපු එක ගොන් ජෝක් එකෙක් කියලා නෙමෙයි. ලමයි ගිහින් පරිසරය සුද්ද කරල පාලම් යට පාටකරන එක දේශපාලන වාසි වලට ඒ පක්ශ යොදා ගන්න එකයි ගොන් ජෝක් එක කියලා ඌ කියන්නේ. මන් මූට ආස නෑ. හැබැයි මූ කොල්ලන්ට මුකුත් මේ වීඩියො එකේ කියන්නේ නෑ. RISE_UP · 3 Dec 2019 හරින් ඔයා ඔච්චර කුහක වෙන්න එපා! ""මේ වගේ මිනිස්සුන්ට නැවත බලයට පත් නොකරන්න """,1,sinhala
මිහිරේ යලි හමු වේවා කව්ද අයිසෙ මිහිර මකරෙක් #PrayForSriLanka ♡ · 8 Apr 2021 අද රෑ වුනාවේ හෙට එළි වුනාවේ,0,sinhala
"ගොන් හරක්, මිනිස්සු ගෙන්නලා වැස්ස කාලෙ වෙලවට හවස ගෙදර යන එක නැති කරල ලෙඩෙත් බෝ කරල යයි වහල්ලු ටික",1,sinhala
පස්සේ සාප කරයි පවු ඔයා,0,sinhala
අඩොලා ඒක පට්ට,0,sinhala
"මචන්, උඹේ ඔය ස්වාධීන මාධ්‍යවේදී ලේබලේ ගලවලා #UNPමාධ්‍යප්‍රකාශක කියලා දාගන්න ප්ලීස්! කඩේ යනව නම් එළිපිට කඩේ පලයන්!",1,sinhala
කැබිනට් එකේ නිදාගෙනද හිටියේ දැන් බොරුවට තප්පු ලන්න එපා මෝඩයා,1,sinhala
"මියුට් කරල තියෙන්නේ,ඇගේ ලේ ඉතුරු කරගන්න. උබ රිප්ලයි කරල තියෙන නිස බැලුව.ලේ පයින්ට් එකක් විතර පිච්චුනා ඒක දැකල.ලබ්බේ රැකවරනය. බෝම්බ කාපු පොඩි උන්ගෙ ආත්ම වලට තාම සැනසීමක් නැතුව ඇති.යන්න පාරවල් පාලම් නැතුව ගිලිල පොඩි උන් දුසිම් ගනන් මැරුන.එතකොට රැකවරනය තියෙන්නෙ ඇත්හෙ මුගෙ පුක අස්සේ.",1,sinhala
මේ news එක කාටද වැදගත් වෙන්නෙ ?,0,sinhala
ඌරා හරකා ගෙම්බා වඳුරා නරියා හැලි වඳුරා හැල ගෙම්බා ගස් රිලවා I hate you,1,sinhala
"එදා JR, විදවන්න උනේ අහිංසක දෙමළ මිනිස්සුන්ට, අද සිරිසේන, විදවන්න වෙලා තියෙන්නේ අහිංසක මුස්ලිම් මිනිස්සුන්ට... නායකයෝ ඉන්න ඕනේ ප්‍රජාතන්ත්‍රවාදී කියල නැට්ට පස්ස පැත්තේ ගහගන්න නෙවෙයි, අමාරු උනත්, ජනප්‍රිය නොවුනත් හරි තීරණ ගන්න · 30 Oct 2020 රනිල්ට සාම-ගිවිසුම් අත්සන් කර කරුණාව කඩා ගන්නට හැකිවුනේද, සාම ගිවිසුම කඩමින් ලොකු සීන් දමමින් සිටි ප්‍රභාකරන්නට කුඩු වෙන්නට දෙන්නට මහින්දලාට හැකිවුනේද ඉන් පසුවයි. ඉන්දියාවේ ආරක්ෂාව ප්‍රභාට ලැබුනානම් ප්‍රභාකරන් තවමත් ඉන්දියාවේ යහතින් සිටිනවා නියතය. යුද්ධයද අවසන් නැත. Show this thread",0,sinhala
"කොහොමද #වහල්කමිල ට දැනිල තියන කාලකන්නි සතුට. තමන් කඩේ යන ආන්ඩුවේ වැඩකට විරෝධය පෙන්නපු කොල්ලෙක්ව හිරේ දැම්මට මේ! මුන් එතකොට ආන්ඩුව විවේචනය කරන අපි උඹල කාවහරි මැරුනත් පට්ට සතුටකින් ට්වීට් කරයි ""ආන්ඩුව විවේචනය කලාට දේව සාප"" කියල. එහෙව් බයියො මුන්. ඔයාලගෙ පාක්ශිකයෝ Kamila Dias · 30 Apr 2021 චීන ආරක්ෂක අමාත්‍යවරයාගේ ශ්‍රී ලංකා සංචාරය අතරතුර සංවිධානාත්මකව මහජනතාව කුපිත කරවමින් විරෝධතාවයක් සංවිධානය කළ 31 හැවිරිදි පුද්ගලයා පොලිස් අත්අඩංගුවට ගෙන ඇති අතර සියලු තොරතුරු අනාවරණය කරගෙන මේ පිළිබඳව ක්‍රියාත්මක වීම සම්බන්ධයෙන් ශ්‍රී ලංකා පොලිසියට මාගේ ස්තූතිය ප්‍රකාශ කරමි.",0,sinhala
"එතකොට repair කරගත්තු උන්ට ආශිර්වාද කරනවද දන්නෑ ඔය ඉන්න හාමුදුරු ගොල්ලොම තමා අපහාස කරගන්නේ කටට එන දේ ඔහේ කියලා Prabhash Jayaweera · 17 Feb 2020 අපහාසයක් නෙවෙයි, හිතුණ දේ... හාමුදුරුනමක් බණට කියනවා වෙඩිමෙදි අෂ්ටක කියනකොට දෙවියෙක් ඇවිත් කපල් එකේ වර්ජිනිටි චෙක් කරලා උන් වර්ජින් නෙවෙයි නම් උන්ට සාප කරලා යනවලු. මට තියෙන ප්‍රස්න, ) සුද්දන්ගෙ වෙඩින් වල දෙයියා එන්නැද්ද? ) අෂ්ටක නොකියා වෙඩිම ගත්‍තොත් දෙයියා ඒත් එන්නැද්ද?",1,sinhala
කොම්පැනිය සී ඊ ඕ කොට්ටක් පැනල අහුවෙල.. මොන හිවලෙක්ද ඒ.. සික්..මොකට පොටෝ ගත්තද ඒ ගොනා..,1,sinhala
ඉස්සෙල්ල මේ මනුස්සයා තුරන් කරන්න කෞරුට් නැද්ද,0,sinhala
සිරාවට මොක්කුද අප්ප මේ? ලොවෙත් නැති ගල් පැලෙන බොරු ටුවිට් කරන verified Twitter accounts. මේ ලංකාවෙ උන්? ප්‍රොෆෙශනල් විදිහට ජාතිවාදය ප්‍රචාරය කරලා ඊට පස්සෙ මිනිහෙක් මම සිංහල කිව්වොත් ඌව මරන් කන්න යනවා ජාතිවාදියා කියලා. සල්ලි වලට මෙහෙමත් සක්කිලි වෙන්න පුළුවන්ද මිනිස්සුන්ට?,1,sinhala
"පොඩි එකා උබෙ අඩනවා බං වාවන්නෙ කොහොමද?? ""අපෙ අම්මා එන්නේ නැද්ද"" සැතපුනේ සතුටින්ද උඹ සහරාවෙ කෙලවර අද.....",0,sinhala
"මල්ලී පොතක් ගන්නවඳ... කමක් නෑ, මේ කඵාව අහන්ඩකො... ඒඳා පාද යාත්‍රාවට පස්සෙ අප්පොච්චිට පිස්සු හැඳුනා... බැසිළ් තාම... URL",0,sinhala
මෙවන් කාලකන්ණි සක්කිලියන්ගේ මුළු පව්ලටම හෙන ගහන එක වැඩි ඈතක නෙවෙයි ලේ වමනේ දාලතැනින් තැන මැරී වැටෙනවා මුන් The following media includes potentially sensitive content. Change settings View,1,sinhala
පෞ යකෝ ඊට පස්සෙ පොරව දාලා බෝම්බ හදයි. ඊට පස්සෙ සෙනග ගැවසෙන තැනක පුපුරවයි. පොහ් ගාලා බොල් හඩකින් අදෝවාතයක් ගියා වගේ සීන් එකක් වෙයි. එතකොට බෝම්බෙ බැදන් යන බුවා පෞ. ඌට යන්න වෙන්නෑ ස්වර්ගෙ,0,sinhala
අනේ යකෝ.. ප්‍රසිද්ධියේ පුංචි කෙල්ලෝ දූෂණය කරලා පාටි දාද්දි.. උඹලගේ කටවල් තිබ්බේ කොහේද.? දැන් බල්ලෝ වගේ උඩුබුරන්නේ.,1,sinhala
තෝ පලකො තොට මූඩ් එක හරි ගියාම හැම එකාවම විහිලු නැත්තං අපි වැරදියි,1,sinhala
"ගෝඨා දින්නා යැයි සිතමු, පාර්ලිමේන්තු ඡන්දෙන් බැසිල්,විමල්,රෝහිත,එස් බී, මහින්දානන්ද,ගම්මන්පිල,ලාන්සා,රණවීර,පවිත්‍රා etc. වැන්නන් නැති වී රට සුඛිතමුදිත වෙයි නේද ? . . . . . අනේ නිකන් පලයන් බං යන්න ගොන් හැත්ත.",1,sinhala
එයා ප්‍රධාන ශිශ්‍ය නායකලු අල්ලන්න අමාරු වෙයි අනික 10 වසරේ...,0,sinhala
දිනාගෙන ආපු මැච් එක කෑවනේ නොදකින්!! <SaTHa> URL,0,sinhala
කව්ද යකො වේසි,1,sinhala
පිස්සෙක්! ගුඩ් මොනිං පිස්සා,1,sinhala
"#ලයිට්කැපුවම හාමිනේගෙ මූණ දිහා බලනවා. පේන්නෑ වගේ නම් අතගාලා බලනවා. ""තමුසෙට නාකි විසේ!!"" කියලා බැන්නාම දැනගන්නවා ඒ මූණ නෙවෙයි කියලා. #MyTweetsIn40Years",1,sinhala
"ඇඩ්මින් මොකක්ද ඔය 1,2150,000 ලියන විදිහ, එක්කො ඉලක්කමෙන් ලියන්න. නැත්තන් සම්පූර්ණයෙන් අකුරෙන් ලියන්න වගකිව යුතු මාධ්‍ය වශයෙන්, ගණන් ලියන්න දන්නේ නැද්ද?",0,sinhala
ඇයි මේ වගේ තවත් මිනිසුන් රවට්ටමින් ඉන්නෙ හිතන්න කාලෙ අවිත් . මේ වගේ කාල කන්නින්ට තවත් රටක් බාර දෙනවන්ම් ලංකාවෙ මිනිසුන් ගැන හරි දුකයි,1,sinhala
මොනවා වුණත් ඕනෑවට වඩා වෙනස් කම් කරන්න ගිහින් ලංකාවේ ළමයි ගොන්නු කරලා තමයි නවතින්නේ.ඇමතිතුමා හදන්නේ ඒයාගේ කාලේ තමා අධ්‍යාපනයේ ලොකු වෙනස්කම් රාශියක් කරා කියලා නමක් හදාගන්න. ඔය විහිළු විකාර වැඩ වලින් අන්තිමට ළමයි මෝඩයෝ වෙනවා.,1,sinhala
"""බොක්ක අපිරිසිදු උනාට කමක් නෑ බෙලෙක්කෙ පිරිසිදුව තියාගන්න බලන්න"" බොක්ක එලියට නොපෙනුණත් බෙලෙක්කෙ හොදට පට්ට පජාත ........",0,sinhala
පට්ට සීන් එක පිලුමකට මරු ස්ක්‍රිප්ට් එක..,0,sinhala
ඉන්දියාවේ උන්ට ලැජ්ජාවක් නෑ නෙ එහා ගෙදර ඉන්න අපේ රෙද්ද උස්සල බලන්නෙ.!,1,sinhala
ඔන්න ඔය වේසිගෙ පුතාව byte කරපන්..පොන්න බල්ල ඕකව එක්කො රිපෝට් කරල දාන්න,1,sinhala
කවුද ඉතින් මෝඩ පාලකයන් ඉහළට ඔසවා තැබුවේ මේ අපිම නේද...අපේ කතිරය තමයි ඒ වරද කර ඇත්තේ.,1,sinhala
පලයන් කැරි පොන්නයා යන්න. ඕව තොපේ හිත්වල තියෙන ඒවා තමා. උඹ හිතුවද වහගත්තු පලොයට ඔක්කොමහොද උන් කියලා. හොයලා බලපන් උඹලගෙම උන් කීයක් වටේ යන්වද කියලා. තෝ හිතුවද ඔක්කොම වහන් ගෝනි බිල්ලො වගේ නැති ගෑනු ඔක්කොම ගණිකාවො කියලා වේස පකා,1,sinhala
මහින්ද රාජපක්ෂ කියන්නෙ අවුරුදු 76ක මනුස්සයෙක්නෙ. හිටගෙන ඉන්න අමාරු එක සාධාරණයි සහ මානූෂීය විදියට හිතන්න ඕනෙ.,0,sinhala
මොනවද අයිසෙ හැමදාම වැඩක් කරගන්න ගියාම තමුසෙලගෙ customer service එකෙන් කියන්නෙ එකක් arcade එකට ගියාම තව එකක්. අපිට වෙන වැඩ නැතුව නෙවේ බොරුවට පෝලිම් වල රස්තියාදු වෙන්න,1,sinhala
ඊයේ බස් එකේ ගියපු තාම නිදිද තොපි හන්දා හිනෙනුත් බස් එකේ,1,sinhala
"ඒ බන් වැරදි විමසිල්ලෙන් හිටියොත්, අපි හොඳ සිහි කල්පනවෙන් හිටියෙ, මටනම් තේරුනා ගොනා එන්නේ පොල් පැලේට තමා කියල :P",0,sinhala
මේ පට්ට හීතලේ බයිසිකලේ උදේ පාන්දර වැඩට යන්න වෙනව කියන්නෙ කරන්න බැරිවුනත් කරන්න වෙන දෙයක්. #ෆීලිංග්ෆ්‍රීස් #ගුඩ්මෝනින්ග්,0,sinhala
"පකිස්ථානයේ බලොචිස්තාන් පළාතේ සුඛෝපභෝගී හෝටලයකට, සටන්කාමීන්ගෙන් ප්‍රහාරයක්. - විදෙස් මාධ්‍ය #Shooting",0,sinhala
", තෝ ඩුකුලා",0,sinhala
ඩයලොග් TV වල අංක කියේද චැනල් එක දෙන්නේ,0,sinhala
ඊබේ එකේ අන්පේඩ් අයිටම් වැඩී කියලා මාව බොක් කල්ලා. :'( කවුද පකෝ ඩොලර් එක ඉහල දාපු එකා.. >:( ඒකෙන් කෙලවෙන්නෙ අපි... URL,1,sinhala
"අපි මෙහෙම මේකෙ tweet කර කර ආතල් පාටට හිටියට , අපිට තියෙන ප්‍රශ්න තොපි දන්නව නම් එහෙම උඹල අඬන්නෙ අපිව බදාගෙන යකෝ..බදාගෙන \/ || _/ \_",0,sinhala
කලු පුක නම් ෆේවරිට් කරන්න. සුදු පුක නම් රීට්වීට් කරන්න.,1,sinhala
"යකෝ, රෙදි කඩවල් වල කැශියර්ලට ඉන්න කෙල්ලො මොඩ්ල්ලට වඩා ලස්සනයිනෙ මේ දවස් වල!! නම අහන්නමයි හිතෙන්නෙ. කොහෙද මම අම්මත් එක්ක ආවනෙ හරකා වගේ :P",1,sinhala
අම්මෙ ජොබ් එකක් හොයලා දෙන්න කො පොන් අරං දුන්නා මැෂින් එකක් අරන් දුන්නා ඉන්න ගෙයක් තියෙනවා කන්න බොන්න දෙනවා අැදුම් අරං දෙනවා තොට මොකටද තව සල්ලි සල්ලි හොයන්න තව කල් තියෙනවා මුලින් ඉගෙන ගෙන ඉදපං එක එකාගෙ පුකවල් හොදන්න යන්නැතිව කළු ගලක් ඔළුවට අතෑරියා වගෙ හරිම සනිපයි,1,sinhala
"නමුත් මන් අකමැතිම දෙයක් මේක.. මෙතුමා හොඳ පුද්ගලයෙක්, ඒකට අපි ගරු කරනවා. ජනාධිපතිතුමා මේ game එක මෙච්චර හොඳට ගහන්නේ මෙයා නිසා. ඒක එක team work එකක්. වැරදිලාවත් අපේ අවාසනාවට මෙතුමාට covid-19 හැදුනොත් අපි ඔක්කොම අමාරුවේ..",0,sinhala
තොරතුරු හෙළි වුණාට දඩුවම් ප්‍රමාද ඇයි මෙතරම්?,0,sinhala
රස්තියගෙ ටුවිට් එක දැක්කා. මටත් කියන්න තියෙන්නෙ ගෑණිගෙ පොටෝ එකක් දාගෙන ගෑණි වගේ පෝස්ට් දාන ඒ ගෑණිගෙ මිනිහත් ඊයා කියල තමා. තව එව්වට reply දාන උනුත් එහෙමම තමා. ගෑනිගෙ profile එක handle කරන මිනිහ එක්ක තොඳොල් වෙනව.,0,sinhala
"ගුහා සටන | කාංචනා අමිලානි | 39 කොටස URL ""කාපං….."" මීනාක්ෂි ආයෙත් ලී කූඩුවට පයින් ගැහුවා. ""මාව මරපං!!"" ""නෑ, උඹව මරන්නෑ. නොකා මැරෙන්න ඕන නම් ඒ විදිහට මැරියං. ඒක උඹේ තීරණේ. ඒත් මං උඹව මරන්නෑ."" ""බැල්ලී….තෝ අපිව උගුලකට අහු කළා. උඹ කාගෙ පැත්තෙද?",1,sinhala
අර චන්දේ නොදි හිටපූ රාජ පස්ස ලත් එක්ක,0,sinhala
මැණික රිසාල්ට් කෝමද ඔයාට ඔයා හින්දා තමා මම ෆේල් උනේ අයිසෙ. මෙව්වට වග කියන්න ඕනෙ ඔයා මේකි යකෝ #WhenALResultsAreOut,1,sinhala
පුක සුදුදැයි කියලාවත් මම දන්නෙ නැති කෙල්ලෙක් මට බනිනවා එයෑට අතවර කලා වාගෙ..,1,sinhala
සැමදා උදෑසන බ්‍රහ්ම මුහුර්තයෙන් පිබිදී පක්ෂියා රජ කරන වේලාව බලා පුටු සෙටි කකුලකට හුජ්ජ කරන්න,1,sinhala
"අහිංසක මිනිස්සු කන්න නැතුව දුක් විදිනවා... මේ වගේ හිවල් සුනඛයෝ අවජාතක වැඩ කරනවා.... මුන් මේ තැනට ආවේ කොහොමද කියලා දැන් කතා කරලා වැඩක් නෑ... කොරෝනා නිසා වත් අපේ මිනිස්සු ඉගෙන ගත්තොත් මේ වගේ වල් බල්ලෝ හරියන්නේ රට පාලනයට නෙවෙයි..වැසිකිළි වළවල් පිරිසිදු කරන්න කියලා, ලොකු දෙයක් Azzam Ameen · 11 Apr 2020 Balangoda Mayor (UNP) under fire for destroying a stock of vegetables by adding Kerosene URL",1,sinhala
දවස් දෙකම දන්සැල් වලින්ම Shape කරගන්න බැලුවේ..ගෙදරින් කවද කන්න බැරිද. අම්මට උයන්න එපා කියන්න ඕනා. ඒත් මේ දවස් දෙකෙත් ඇවිද්දොත් අම්ම බනීද..?,0,sinhala
"මිනිස්සු ඉල්ලුවේ ලංකාවේ ගව සම්පත රැක ගන්ඩ මිසක් හරකා විතරක් පව් කියලා නෙමෙයි අපිනං මේක මොන ආන්ඩුවෙන් කලත් හොඳ කියනවා මිසක් ඒකෙත් කොක්කක් හොයන්නැ මොකද ගව මස් කන්ඩ කැමති මිනිස්සුත් ඉන්නවා එයාලට රටකින් හරි ගෙන්නයි මොකද ගව මස් කියන්නේ ප්‍රධාන ආහාරයක් නෙමෙයි මේ රටේ King Of Happiness · 9 Sep 2020 ලොව විශාලම හරක් මස් අපනයන කරුවා ඉන්දියාවයි (සමහර අවුරුදු වල බ්‍රසීලය යි) මෙරට හරක් මැරීම තහනම් කිරීමෙන්, මාකට් එකේ අයිතිකරුවා විය හැක්කේ - ඉන්දියාව - චීනයට - බ්‍රසීලයට - ඔස්ට්‍ර්‍ර්ලියාවට - නවසීලන්තය ඔබ හිතන රට කමෙන්ට් කරන්න",0,sinhala
මහත්තයෝ අපි ඉවසපු තරමට ඔබ තුමන්ලාත් ඉවසුවා නම් රටට මෙවැනි විනාසයක් වෙන්නේ නෑනේද????,0,sinhala
", නිම්නාස් , ඉස්සෙල්ලා හරියට කතා කරන්න ඉගෙන ගන්න. බැල්ලි කියලා කියන එක තුට්ටු දෙකේ වචනයක්. මෙකේ වැදගත් විදිහට ජීවත් වෙන්න. නිශාදි නංගි ඒවා හිතන්නෙප.මේ ලෝකේ හැම මිනිහම එක වගේ නෑ...",1,sinhala
අනේ කොහොමට හිටපු කොල්ලෙක්ද මේ ජාත්තන්තරේට ගියේ බන්ඩාලින්.උඹට යන්නම ඕන නම් තනියම යන්න තිබ්බනේ .ඇයි යකෝ අපේ අසරණ... URL,0,sinhala
"රට ගණන්ගනීද ඉත්තෑවො ලෝකයා, තෝ වගේ තට්ට හොරුන්ට ඒ රටේ අපි තාම වඳිත්දි.",1,sinhala
ලග තියා ගනින්... රණ්ඩු වෙලා රණ්ඩු වෙලා පලයන් කිවත් ලග ඉන්න ආදරයක්.. වැටෙන්න පුළුවන් අඩියට වැටිලා අනේ මට බැ කියද්දි. ඔයාට බැරි දෙයක් නැ සුදු මහත්තයෝ මාත් ලග ඉන්නවානේ කියන ආදරයක්.. උබ අඩන හිතින් දුක් විදින ප්‍රස්න දාහක් අතරේ. කො දැන් හිනා වෙන්න මගේ සුදු මහත්තයො කියන ආදරයක්..,0,sinhala
අතට එන කෙල්ලන්ව කටට දා ගන්නේ නැත්තේ අපි හොද වැඩි නිසයි....,0,sinhala
තමන්ගෙම කියලා බිස්නස් එකක් පටන් ගන්න තියන අමාරුව දැනගන්න ඒකට අතගහලම බලන්න ඕනේ.. විශේෂයෙන්ම මේ කාලේ.. පට්ට ආතල්..,0,sinhala
ඒත් පබාගේ පස්ස නම්... ඉස්සෝ කොටුවක් උනත් දාන්න පුලාම් Fifty Shades Crazy · 13 Dec 2018 පස්සෙ ඉත්තෑවො කියනවට වඩා ලේසි සහ ගැලපෙනවා පස්සෙ ඉස්සෙක් කිව්වනං <,1,sinhala
තෝ බීලාද ඉන්නෙ,0,sinhala
චීනේ ගත්තා කියන්නෙ අපි ගත්තා වගේ තමා ඉතින්.,0,sinhala
ඉස්කෝලෙ කාලෙ සිරිපාලයා ඇද්ද බඩුව යනවා දැන් නලව නලවා හෙලුව දෙයි නම් කන්න අපිට බෙදාගෙන පලුව සත්තයි පලනවා තියාගෙන වරුව වරුව,1,sinhala
කැඩුනම ඒකත් කට්ට කාගෙන ඉංජිනේරු සෙට් එක හදන්න එපැයි මෙහෙ ඉදන් පත හෑලි ලියන උඹලට ලේසි කියන්න ඉක්මනට කරන්ට් එක දියන් කියලා. ලොකු තුවාලයක් හොඳ වෙන්න කාලයක් යනවා වගේ තමා ලොකු ඩැමේජ් එකක් විනාඩි පහෙන් හදන්න උඹලා හිතුවද Film එකක් බල බල පොප් කෝන් කනවා වගේ වැඩක් කියලා අනේ පකෝ.,1,sinhala
ඒ කාලේ මතක් වෙද්දිත් උම්බලකඩ වඩේ රස එනවා කටට,0,sinhala
මේ කෙල්ලනේ මේ. නමුත් වෙනස් කොරන්. දැන් එනවා මට නක්කලේ දාන්න. මේ කෙල්ලට >> පිස්සු අනේ.,0,sinhala
"අනූ හයේ ජනවාරි මාසෙක ඉර එබිකම් කලා, ඒ දවස තිස් එක හිතුවෙවත් නැති වෙලාවක කරුවල උනා ජීවිත සිය ගානක බිල්ඩිමේ නම මහ බැංකුවලු තට්ටු ගානක් පොළව යටත් තිබුනලු බෝම්බ ලොරිය පිපිරුනාලු හුඟ දෙනෙක් තවමත් හොයාගන්න නෑලු එතකොට මම පොඩියි එයාල නැතුව පාලුයි සාප කලා මතකයි සමහරුන්ට අමතකයි #කවිපොත",0,sinhala
ජිවිතේත් හරියට බබල්ගම් එකක් වගේ.... මුලදි පට්ට රසයි පස්සෙදි මෙලොක රහක් නෑ......,0,sinhala
මෙයා මේ රටේ ජනාධිපති නෙවෙයි වගේ....,0,sinhala
පවු යකූ ඒකි හෙන හිද එකී,0,sinhala
කටට ටේප් ගහගෙන කථා නොකරම වැඩ පෙන්නලා අවසන් තරඟයටම ආපු සුපිරි ජෝකර් URL,0,sinhala
කාලකණ්ණි මී මැස්සා මැරිල පලයන්,1,sinhala
අප්පෝ ආපහු පටන්ගත්තද හුත්ත සයිකො ගහන්ඩ දන්නව නං තොට ගන්ජ ගස්සන්නෙත් නැ,1,sinhala
කලු පටියක් බැදපු කෙනෙකුත් ඉන්නව...,0,sinhala
"මට මගේ පාඩුවෙ ඉන්න දෙන, ඕනිවට වඩා නීති දාන්නෙ නැති ශොට් එකක් බෙදාගෙන ගහලා, බයිට් එක කාල ජොලියෙ ඉන්න කෙනෙක්. මගේ පිස්සුව හොදට තේරුම් ගත්ත මට පිස්සු වැඩි උනාම ආතල් එකේ බලන් ඉන්න. මගේ කාලෙන් කාලෙට අලුත් වෙන හොබී වලට අත හිත දෙන කෙනෙක්. ගොඩාක් romantic පොඩ්ඩක් stubborn පිස්සෙක් 🅷🆁🆂🅷 | බණ්ඩාර · 12 Jan 2020 ට්වීටර් යෙහෙලියන්ට විවෘත ආරාධනයක්.... ඔබ ඔබේ පෙම්වතා/සහකරු/සැමියා ගෙන් බලපොරොත්තු වන පුද්ගල පෞරුෂත්වය පහලින් කොටාගෙන යන්න.... කමෙන්ට් පිලීස්",0,sinhala
"ටහුඩු රෙදි ඉල්ලෙයි , ඇයි එහෙම කියන්නෙ ?",0,sinhala
මොනවද අයිසෙ කැත වැඩ කරන්නෙ නිතර නිතර tweets නොදැම්මට මමත් මගේ default music player එක විදියට yonder එක තමයි යූස් කරේ,0,sinhala
එහෙනං තෝ පල මංම කොරගන්නං,1,sinhala
යකෝ.තව පොඩ්ඩෙන් බස් එකේ වැටෙනවා මේක දිහා බලන්න ගිහින්.බ්‍රේක් පාරක් ගැහුවා ටහිකෙන්න,0,sinhala
"හිටියා නම් අවුරුදු 5න් මැලේසියාව කරලා 10න් සිංගප්පූරු ව කරලයි පස්ස බලන්න්නේ, කොහෙද බලය දුන්නෑනේ, ආයේ දීලා බලමු",0,sinhala
Headset එක ගෙදර අමතකවූ දවසක් කියන්නෙ කරුම දවසකි.. බස් එකේ එක එකාගේ ගොං ටෝක්ස් අසමින් බස් සින්දු වලට අකමැත්තෙන් ඇහුම්කන්දෙමින් එන්න වෙන එක අප්‍රසන්නයි.,0,sinhala
චමිඳු තමා පට්ට! එයා ඔයාට වඩා හපන්!,0,sinhala
"අහම්බෙන් ලස්සන photo එකක් දැක්ක නිසා ගියා ගෙ account එකට.. ඒ photos ටික දැක්කම හිතුණු එකම දේ, ""මාත් නිකං ළිං කටෙන් එහා ලෝකයක් නොදකින,ළිඳේ ඉන්න ගෙම්බෙක්ගෙ මට්ටමෙමයි නේද"" කියන එක.. #ලංකාව හරි ලස්සනයි,මිනිස්සුන්ගෙ හිත් කැත වුණාට",0,sinhala
ටහුඩු සන්ග්ලාස් එක යකූ..,0,sinhala
"තෝ අද බොන්න සල්ලි නැතිව, කසිප්පු ගැහුවද?",1,sinhala
උඹට අමාරු නම් මම කරල දෙන්නම්,0,sinhala
"අඩෝ පී3 ඩයල් එකක් නේ (PPPSenarathna) P1= පොන්න, P2=පයියක් නැති P3= පකයෙක්",1,sinhala
A : ඵල ඇති රුකටනෙ ගල් ගහන්නෙ නේ බං ? B : ඉතිං උඹ මයියොක්ක ගහක්නෙ කොහෙදෞත්තෝ බොට ඵල? A : හාරල බලහංකෝ... අල්ලපු ගෙදර සුමනගෙ ගල පරාදයි මගෙ අල.. B : පල පල..මයියොකු ලොම්බ තොගේ අලේ හෑරුවම තෝ ජීවත්වෙන්නෙ කෝමද ? A : ආ ඇත්ත තමය්.. ඒනන් උඹ කාටවත් කියන්නෙප මගේ අලසයිස් ගැන.,0,sinhala
යකෝ...අපි වෙනුවෙනුත් දවසක් තියෙන්න ඕන... මම හැම අවුරුද්දෙම ඔක්තොබර් 2නිදා වෙන් කරනවා ලෝක බූට් කාපු උන්ගේ දිනය... URL,0,sinhala
තමුසෙ කරන ඒව හැමෝම කරන් නෑ මෝඩ සුපුන්,0,sinhala
සිරිසේනට කඩේ ගිය මඩකරියෝ ටික 2020 ගැන දැන්මම බය වෙලා මුන් දන්නේ නෑ රෙද්ද උස්සනකොට නැට්ට එලියේ කියලා #lka Prasad Welikumbura · 2 May 2018 මම දන්න තරමින් ඔය පින්තූරේ ඉන්නේ ගෝඨාභය රාජපක්ෂ යටතේ හිටපු කට්ටිය.,1,sinhala
රැ ඩැනියල් දවල් මිගෙල් is on Swarnawahini හම්මේ.. ගොන් ජෝක් තමා.. ඒත් කොච්චර බැලුවත් එපා වෙන්නේ නෑ..,1,sinhala
මටනං ඔය තෙප්පිලි කටට වඩා ලංකාවෙ නෝමල් විදියට ඉන්න කෙල්ලො ලස්සනයි.,1,sinhala
මොනවද අයිසෙ මේ Azzam Ameen · 6 Oct 2020 U Turn : Curfew to be imposed only in 4 police areas in Gampaha District URL,0,sinhala
"මටනම් තේරෙන්නෙ නෑ ඇයි මේ ලංකාවෙ උන් ක්‍රීඩාව, කලාව, හැකියාව තියෙන මිනිස්සු නැතුව පොන්නයොයි, ගූ බඩුයි, කිසිම හැකියාවක් නැති නාකි ගෑණුයි ප්‍රසිද්ධ කරගෙන හැමිනෙන්නෙ කියල... තුක් නොදකින්",1,sinhala
එතකොට සිංහල උන් ජාතිවාදියෝ. ලබ්බ ලොජික් මේවනම්. කොහොමහරි ඇවිස්සුනානේ දැන්. බලමු ඉස්සරහට මොකද වෙන්නේ කියලා. ඔය වගේ ජරා හැත්තක් ජීවත් වෙලා ඉන්නකම් කිසිම මනුස්සයෙකුට පාරක බැහැලා යන්න බෑ. නිකරුනේ මිනිස්සු වන්දි ගෙවන්න ඕනද ඕවට. මීඩියා වල කියන දේවල් විස්වාස කරන සම+හරකුත් ඉන්න රටක් මේක.,1,sinhala
සීනි රුපියල් 2කින් අඩු කරනකොට මේ මෝඩ ඇමතිවරු සද්ද නැහැ URL,1,sinhala
අම්මෝ තෝ ගුටි කාපං.,1,sinhala
ගෙදරට මරගාතෙ ලෝකෙට පරකාසේ! පම්පෝරිම ගසන හෙන බක්කම දේසේ නියපොතු නොමැත කැහුමට පුක හෝ නාසේ බයටම රෙවෙන මුත් මරුවා ලඟ වාසේ ගෙදරට මරගාතෙ ලෝකෙට පරකාසේ සේසේ -10-2021 #සේසේගේකවිකොලය The following media includes potentially sensitive content. Change settings View,1,sinhala
දෙවෙනි පාරට රට කන්ඩ?,0,sinhala
"තමන්ගේ ඇතුලේ ඉන්න පිස්සා අවදිකරගත්තොත්, 'මිනිස්සු' කාගෙවත් වහල්ලු වෙන්නේ නෑ...",0,sinhala
වල් ඌරා හා සමානවම ඇතාද මඩ නා ගනී. කෙසේ වුවත් ඇන්ඩ්‍රොයිඩ් නම් ඇතා ඉදිරියේ iOS නම් වල් ඌරා හූණු බිජ්ජකි.,1,sinhala
ඒකට දැන්කාලේ කොල්ලා :- තොට පෝන් එක උස්සන්න බැරිද බැල්ලියේ... කෙල්ල :- ඇයි තෝ හිතන් ඉන්නෙ මං පෝන් එක බෙල්ලෙ එල්ලන් ඉන්නවා කියලද.. එතනින්ම මගුල ඉවරයී,1,sinhala
කුමාරයෙක් නං හොයා ගතෑකි . . . . . . . . . . . . . . . . . . . නමට කුමාර කෑල්ල තියන,0,sinhala
ඔය කොලම් එකේ යන කතා විශ්වාස කරන්න හරිම අමාරු අභව්‍ය එව්වා,0,sinhala
රනිල්ගේ හුජ්ජ කොල්ලාට වෘත්තීය සමිති නායකයෝ පයින් ගහයි URL,1,sinhala
සන්ගගෙ බිජ්ජ ද ?,1,sinhala
කෙල්ලෙක්ව බඳින්නෙ වැල බලනව වගේ ඔයාගෙ ආසාවල් පිරිමහගන්න නම් ඉතිං එකම කෙල්ලෙක් එක්ක ඉන්න අමාරු වෙයි. ඔය ප්‍රශ්නෙට උත්තර දෙන්න පුලුවන් හොදම කෙනා ඔයාගෙ තාත්තා. එයා කියල දෙයි ඇයි බඳින්නෙ කියල. කා විසින් කා හට කියන ලබ්බක්ද,0,sinhala
"ඔය 'මම නං නෑ ඔය අලුරුදු නැකැත් ෆලෝ කරන්නේ, මං හරි බුද්ධිමත් ඔයාලට වඩා මං ස්මාට්' වයිබ්ස් දෙන ප්‍රාඥ ලෙවල් ඩයල් ඉන්නවා නේද. ඕකුන් තමා ටියුෂන් ක්ලාස්වලත් ඉස්සරහම පේළියේ ඉඳං වචනයක් නොතේරුනත් නොබෙල් එක අතේ වගේ කැරකිලා අන්තිමේ විභාගෙට බල්ලා පුක බිම උලන්හැහෙ ගිය පජා උන ඩයල්ස්",0,sinhala
"වියළි සෙම නැත්නම් හෙම්බිරිස්සාව හරි මොකක් හරි කියල අසනීපයක් තියෙනව ද ? හුස්ම ගන්න ටිකක් අමාරු වෙන ,නහය බර වෙලා වගේ ? දන්න කෙනෙක් කියන්නකෝ.",0,sinhala
1 වෙනි පෝස්ටුවෙන් පසු... මොකක්ද යකෝ ඔය දාල තියෙන්නෙ.... වෙනි පෝස්ටුවෙන් පසු... මදි මදි අයිසෙ.... වෙනි පෝස්ටුවෙන් පසු... ත...ම්බින්ටත් ටිකක් රිදෙන්ඩ දාපං...,1,sinhala
"අනේ යකෝ තමන්ගෙම මිනිස්සු සිය ගානක් තමන්ගෙ ඇස් ඉස්සරහ කෑලි වෙලා තියෙද්දි,තොගෙ ආන්ඩුව ඒක දැනගෙන ඉදලා මුකුත් නොකරද්දි ,උබ තාත්තා කියපු හින්දා ගෙදර ඉද්දි,රාජිතලා,ජොනී ලා ඒකට හිනාවෙද්දි ,රනිල්,සිරිසේන බෝල පාස් කරද්දී, ඔය විදයට කියන එක හොද වැඩී තමුසෙලට. Harin Fernando Media Unit · 23 Jun 2020 කාදිනල්තුමනි මෙය දේශපාලන ගැති භාවයක් නොවේද ?",1,sinhala
උඹ ඔය එක එක මගුල් වල රෙජිස්ටර් වෙලා තමයි මේ ස්පෑම් DM එන්නෙ,0,sinhala
විසඳන්න අමාරු ඇති එහෙනම්,0,sinhala
"#FloodSL මෙවන් දරුනු තත්වයක් තුල මාද්‍යක් ඉදිරියේ, බැනවදින මෙම රහල් නමති තුට්ටුදෙකේ අවජාතක තරුවට තවදුරටත් මාද්‍යය ලබා නොදෙන්න. #SriLanka",1,sinhala
වේස පකයලා උදේ පාන්දර රතිඤ්ඤා දානවා හතර වටේ නිදාගන්නත් නෑ හුත්ත,1,sinhala
පලයන් බිජ්ජා යන්න,1,sinhala
මේකෙ අනුත්තරා නාකි ආච්චි කෙනෙක් වගේ. නදීසය සල්ලි වලට නාකි සුද්දියෙක් බැඳපු බීච් බෝයි කෙනෙක් වගේ. MЯ.MΛDЯID™ · 12 Dec 2018 ටහුඩු අනුත්තරාට විශ් කරන්න බැරි උනානේ... හැපි උපන්දිනයක් වීවා අනූ ඩාලින්...,0,sinhala
වර්ණපාල තියරිය නම් දාන්නම වෙනවා... නැත්නම් කොහොමද අයිසෙ මේ ලංකාවෙ කෙල්ලො හොයන්නෙ?,0,sinhala
පකිස්තානයේ එහෙම වුණත් ලංකාවේ එහෙම වෙන්නේ නෑ. #LKA,0,sinhala
"මන් හිතන්නෙ ඔයාට ""නොදී"" කියන කෑල්ල අමතක වුනා බ්‍රෝ",0,sinhala
", නෑ යකො අම්ම මුත්ත කාලෙවත් වෙච්ච දේවල්ද",0,sinhala
උබ පලයන් මල්ලීයේ මටනම් බෑ ඕන් කිවුවා,0,sinhala
සජිත් දෙපා මුලට ගිහින් ජනතා සේවය කරනවලූ අනුර ජනාධිපති මන්දිර ජනසතු කරනවලු එතකොට විදේශ නායකයින් ආවාම රෙද්ද අස්සේ පිලිගන්නේ ගෝඨාභය කරන්න පුලුවන් දෙයක් කීවා වැඩිහිටි අය සදහා,0,sinhala
"දිසා - මේ උමේස්.. එළියට යමුද අපි දෙන්නා.. බලන්න මම ඇගිල්ලෙන් පෙන්නන්ම්...ම්ම්ම්ම් උමේස් - ඌඌඋ....ම්ම්ම් සැමන් - තුහ්ං නොදකින් හරාම් හැත්ත.. Dizy · 4 Mar 2021 ගොඩක් උන් දැන් වලි ය. සමහරු කෑලි සමග පෙම් කෙලි ය. සමහරු බේබද්දන් ය. තව උන් ලොකු සීන් ය. ඉතිරිය දැන් බිසී ය. ලඟම සිටි උන්, එසේම ය. වර්ථමානය කෙසේ වූවද, අපි මෙවැනි අතීතයකද උරුම කරුවෝ වෙමු! කොරෝනා තිබුණෙ නැති Show this thread",1,sinhala
", තොපි කාලකන්නි අවජාතකයෝ යකෝ සීතලට හුකලා කරුමෙට ඉපදුනු එවුන්",1,sinhala
ලෙඩා- ඒකට තමයි පකෝ අපි බදු ගෙවන්නෙ. තෝ අම්මට හු.. නැතුව තොට උගන්නපු සල්ලිවලට හරියන්න වෙදකං කරපං. අපිට හැදෙන හැටි උගන්නන්න එන්නෙ නැතුව. දොස්තර- තෝ එන්න එපා ආපහු. ලෙඩා- ඔය නලාව ගහගහනිං පුකේ. (සැබෑ සිදුවීමක් නොවේ. Hasalaka Thusharaගේ මවාපෑමකි),1,sinhala
"අපෙ නමි අහිංසක මිනිස්සු තමා දඩුවමි විදින්නෙ, සක්කිලි දෙශපාලනය හින්දා",1,sinhala
තෝ එහෙනම් කොහෙද ගියේ,0,sinhala
දේශපාලන පක්ෂවලට කඩේ යන පෙරේත හැත්ත ඉන්නවා නේද... නොදකින් කාලකන්නි තමන්ට වැඩක් කරගන්නත් නැ අනුන්ට කඩේ ගිහින් උන්ගෙ අවුරුදු ගාන ඉවර උනාම බලු කුක්කෝ වගේ ඉන්නවා අයෙත් බලයට එනකම් කඩේ ගියපු එකා... වෑක්කා,1,sinhala
"පාලයා තමන්ගේ ඉපදෙන්න ඉන්න දරුවන් වෙනුවෙන් ගෑණුන්ට උපදෙසක් දුන්නම උන් දාන ලොජික් , අපේ අම්මා පූසෝ පහක් හුරතල් කරා මට ලෙඩක් නෑනෙ, යකෝ ගොබ්බ විදිහට හිතන එකත් මානසික ලෙඩක්",1,sinhala
මේ වගේ පෞද්ගලික ඒවා රටට පෙන්නන්න ගොන් වැඩ කරන්න එපා! මිනිහා ප්‍රවේසම් කර ගන්න බැරුව - ගැණුන්ට තියෙන ප්‍රශ්න URL,0,sinhala
මේ නුගත් මුසලයා කට ඇරියෝත්... නිදහසට කාරනා facebook.com Ape Rate Gawa Sampatha-අපේ රටේ ගව සම්පත - ඝෝටාබයට මහින්දගෙන් උපදෙස්... ඝෝටාබයට මහින්දගෙන් උපදෙස් මාලාවක්,1,sinhala
තදේටම කඩේ ගිය මොළේ තියෙන උන් ටික නිහඩයි බත් කන අමු මී හරක් කීපදෙනෙක් නම් තාම උම්බෑ කියනවා Copied from FB ඔව් ඔව් උබට තමා කිවුවේ හරකා,1,sinhala
අහක බලාගෙන යන්ඩ එපා යකෝ උදේ පාන්දර good morning කියාගෙන පලයන්,0,sinhala
"අම්මට උඩු ,මට අදහා ගන්නත් බෑ අයිසෙ පුකක් ටුවිට් දානවා කීවම",1,sinhala
⁣සිරිට නිදහසට කාරනා නැත්නම් කාටද තියෙන්නෙ.,0,sinhala
ඇත්ත කියනව ජෝං බාස්.... තමුසෙ නේද පිස්තෝලෙ කටට එබුවෙ.....,0,sinhala
නෙදකින් තෝ ඇවිදින වැසිකිළි කට,1,sinhala
ටහුඩු ඒක Sailor · 9 Dec 2018 Apple කියන්නේ ආගමක් ලු වැටිලා ඩිස්ප්ලේ එක ගියොත් තියන්න වෙන්නේ බෝදි පුජාතමයි #Apple #ආගමක්,0,sinhala
සිරා ඕයි ඒ ගෑණි හින්දා වදපු අම්මටත් බැනුම් අහන්න උනා,0,sinhala
උඹ පල. උඹ අදාල නෑ.,1,sinhala
මඩ ගහන්න එපා බම් මහත්තුරුන්ට.. ඕව පලදෙයි තොට..,0,sinhala
නිවැරදි කිරීමයි: යලි බන්ධනාගාර රෝහලට,0,sinhala
"එකෙක් ""මෙන්න මේකෙන් ඇන්දුවේ මේකෙන්"" කියලා ලයිට් හයි කරපු පුක පෙන්නවා ඇති..",1,sinhala
රිප්ලයි 491යි තියෙන්නේ. අර මාතර පැත්තේ පැනි වල් පොරක් ඉන්නේ දිසාපාමොක් කියලා නමක් දාන් හිටි ඩෑල් එකත් රිප්ලයි කරලා.,1,sinhala
"තොපි එකෙක්ටවත් 80% නැති නිසා ඇඩ්මිශන් එකක් දකින්නවත් ඉඩ තියන්නෙ නෑ අනේ, තැන්කිවු සර්",0,sinhala
111. ඔය කැම්පස් වල පකයලා පාරවල් ගානේ උද්ඝෝෂණ කරන වෙලාවේ මේ වගේ දෙයක් කරා නම් මොනා වෙනවද? නොදකින් මෝඩ හුකන්නලා. මෙහෙම දෙයක් කලා නම් අපිත් යම්කිසි ආධාරයක් කරනවා නේ — watching American Pie Presents the Naked Mile,1,sinhala
යකෝ ...........මම ගෙදරින් එලියට ඇවිල්ල ඉන්නෙ බොලවු.....යන තැනක යන්න මාව ගන්න කවුරු හරි වරෙන් කො යකෝ F*********... URL,0,sinhala
අනේ නිකං ________ යන්ඩ,0,sinhala
"මෙච්චරකල් ඕක කරන්නේ නැතුවද ඉන්නේ, ඔහ් තව රටේ ප්‍රශ්න වැඩිවෙනකන් ඉන්නවද?",0,sinhala
"ඔයාට / උබට / තොට මට කියන්න මොකුත් තියනවා ද..? දැන්ම කියන්න , මේ අවස්ථාව මගැරගන්න එපා. ලැබෙන අන්තිම අවස්තාව වෙන්නත් පුළුවන් මේක. #අවස්ථාවක්",1,sinhala
වෙන්නෙ නෑ තමා. මම මොකාද කියල දාපු එකා දන්නවා ඇති. ඒකයි පන තියේ නම් වරෙන් කීවෙ. යකෝ... ආතල් එකක් ගන්න ඕන නම් ගන්න පුලුවන් තැන් තියෙනවා. පලයංකෝ එහෙම. ඔච්චරම අමාරුයි නම්.,1,sinhala
බංගලි නම් පට්ට හිගන්නෝ ටිකක් නොදකින් එක මැච් එකක් දිනලා පැනපු උඩ....,1,sinhala
යාපනය පැත්ත ඉංදියාවට දෙන්නම් කියලා ණය ගනිද දන් නැ. එහෙව් බඩු,0,sinhala
"රිපෝර්ට් හදන උන්ගෙ රටවල්වල දවසකට දාහා,දෙදාහා මැරෙන්නේ නමුත් අපේ රටේ 7 යි ඒත් උබේ තියෙන කාලකණ්ණි කුහක කමට ඒක උබේ හිතට වාවන්නේ නැහැ මොකද උබට ඕනෑ මිනීමැරිලා හරි දේශපාලන වාසි ගන්න නොදකින් කාලකණ්ණි පෙරේතයා ශිට් මහත්තයෝ උබනම්",1,sinhala
පලයන් තෝ බය උනා ඇන්ග්‍රිය රිඇක්ට් කරද්දිම,1,sinhala
ටහුඩු ලේසි නැනේ,0,sinhala
මාව හාපු ඔබ ඩබලට හෙන හත පිං,1,sinhala
කැදවන්න ඔනේ...අර්ජුන මහේන්ද්‍ර කියනවා නම් රනිල්ගෙන් ප්‍රශ්න කරන්න කියලා අගමැතිවරයා බැඳුම්කර කොමිසමට කැඳවිය යුතුයි. #BondScam #lka,0,sinhala
කාටුන් චරිත වල නම් වලින් අපේ යාළුවන්ව ඇමතීම. - අපි රජ ඉබ්බෝ - ස්කූබි ඩූ - පිස්සු පූසා ඔය වගේ තව ගොඩක් සෙට් හිටියා #ImALankanKid,0,sinhala
ඇත්තටම අවුරුදු විස්සකින් ලංකාව ගස් වලින් වැහෙන්න යකෝ මේ කපන් යන කැලෑ ටික බේරගෙන ඉන්න එපැයි යුනේශ් අයියේ. ඒකට කරන්න ඕනේ ගස් අලුතෙන් වවන්න විතරක් නෙමෙයි. මහ හුකන මෝඩ කතා කියන්න එපා ඔයත්,1,sinhala
රනිල් ගේ UNP එක උදව් කරන්නේ එක්තරා පන්තියක් නියෝජයනය කරන ඇතිහැකි අයට මිසක්කා නැතිබැරි මිනිස්සුන්ට නෙවෙයි. ඒ වුනාට බලන්න ඕනේ අතේ පිච්චියක් නැති UNP එකට ඡන්දේ දාන ගොන් බිජ්ජන් ගේ උජාරුව. වැදෙන තැනකට වදිත්වා! රිදෙන තැනකට රිදෙත්වා!,1,sinhala
Excellent speech.... සුදුස්සාට සුදුසු තැන දීමට දැන්වත් කටයුතු කළ යුතුය.,0,sinhala
"මම මේකට අාපු දවස්වල තිබුන විදිහෙයි, දැන් තියෙන විදිහෙයි ලොකු වෙනසක් තියෙනවා.. මේ වගේ අවජාතක මිනිස්සු නිසා තමයි මේකටත් මෙහෙම වෙලා තියෙන්නෙ.. . . කණගාටුයි මට මේ විදියට කතාකරන්න වුන එක ගැන, කවුරුත් මං ගැන වැරදියට හිතන්න එපා.. අවුල් වගේ නම් block කරලා දාන්න..",0,sinhala
නීතිපති දෙපාර්තමේන්තුවේ ඒ නඩුව පැවරූ අය ඉල්ලා අස්විය යුතුය.,0,sinhala
පුරන් කුඹුරක් තියා අස්වද්දපු ලියද්දක්වත් උබට තියෙනවද..උබ ටෝක් කරනකොට මම උබේ හිත දැකලා ඉවරයි..තඩි ගොනා..තෝ 89 90 ඉඳලා වරෙන් කතාවට..හරකා..තෝ දේශපාලනය...මම රට ජාතිය ආගම ..මාතෘ කා දෙකක්..තොපිවත් වලට යවන්න තමයි තියෙන්නෙ කඩේ යන පාහරයන්,1,sinhala
Sexy lu... කව්ද බං මේ ගොන් ලිස්ට් හදන්නේ?,1,sinhala
“ජන ජීවිතය සාමාන්‍ය පරිදි පවත්වාගෙන යන්න” යකෝ social media block කළාම කොහොම ද ජන ජීවිත සාමාන්‍ය වෙන්නේ,1,sinhala
ඒක ඇත්ත.. පෙරේතයෝ කුම්භාණ්ඩයෝ එක්ක ඉන්න පුලුවන්නෙත් ඒවගේම පෙරේතයො කුම්භාණ්ඩයොන්ට පමණයි..,1,sinhala
විහිලු සපයනවා විතරයි,0,sinhala
බඩුව ඔරිජිනල්ද වැඩක් නැනේ කන්න පුළුවන් නමි,0,sinhala
DP changed දැං ඉතිං මේක දැක දැක පහලට යන්නැතුව ලැයික්ස් එකක් රීටිවිට්ස් එකක් දාපල්ලා හැත්ත...,0,sinhala
තෝ පලයන්.. තොගේ ට්විටර් එවුන් එක්කම ඉදපන්.. පරයා . . . අන්තිමේදී ඌට තේරුනා මං ඌව ගනන්ගන්නෙ නෑ කියල,1,sinhala
ලමයින්ටත් ඒ දේවල් අඩුවක් නැතුව පුරුදු කරෝලා අවසානෙට රජයටත් බැනලා තව බනින්න පුලුවන් හැම තැනටමත් බැන බැන ඉන්නවා දියුණු වෙන්න බෑ මේ රටේ ඉදන් කියලා..දියුණු වෙන්න බෑ තමයි මෙහෙම ගොන් හරක් වඩ කරද්දි. දැන්වත් ටිකක් හිතලා වැඩ කරමු...ඒක තමන්ට වැඩක් නොවුනත් අනික් වෙනින් කෙනෙක්ට වැදගත් වෙයි,0,sinhala
සාක්කුවෙන් ද දන්නෑ අරන් දෙන්නෙ,0,sinhala
මලික් සමරවික්‍රම ? #srilanka,0,sinhala
හුඟක් පෞද්ගලික අංශයේ ආයතන සිකුරදාට casual අදින්නෙ .මෙය වඩාත් සුදුසු වන්නෙ ඔහුන්ට Promote කරන ඵක.රජ්‍ය සේවයේ කටිිටිය එකත් නිකන් දෙනවනමිි අඳියි.,0,sinhala
දැං පොන්න පොරවල් හැමතැනම.,1,sinhala
"මෝඩ ආතල් දෙන්න ආපු පොන්න පැටව් 2ක් BLOCK කරලා, blocking list එක start කරා මොන්ටිසෝරි ආතල් දෙන වේසිගෙ පුතාලා හිතන්නෙ උන්ගේ සුරංගනා ආතල් වලට හැමොම කැමතියි කියලා",1,sinhala
"පමණ ආසන්නයේ සිදු කරන ලද කැණීම් වලදී මෙම කබොක් ගලින් නිර්මාණය වූ ස්ථූපය සහ යූප ගල සොයා ගෙන තිබේ. කෙසේ වෙතත් මේ වන විට අදාළ ස්ථානයේ කැණීම් කටයුතු ආරක්ෂක අංශ වලද සහය ඇති සිදුකරමින් පවතින අතර, කැණීම් කටයුතු නවතා දමන ලෙසට දෙමළ ජාතික සන්ධානය ඇතුළු දෙමළ පක්ෂ කිහිපයක් විසින්",0,sinhala
"#Oii icc එක ඉන්දියාවෙන් බදු අරන්ද බොල ICC Cricket World Cup · 9 Jun 2019 ""I play every game like it is my first for my country"" ""I was always fond of chasing totals as a kid"" ""The only person I need to protect myself from is me"" Will #ViratKohli light up the #CWC19 on today? #TeamIndia",0,sinhala
මළගෙවල්වලට roadshow තිබ්බට සිල් ගන්න ඕනේ ගෙදර ඉඳන්,0,sinhala
ටහුඩු ඉසානිවතීටත් සිංහල බෑ කියහන්කො,0,sinhala
"මම පහ වසරේ ඉද්දි පොරක් වෙන්න නම් පැටල් බාර් වල ""වවුලා ගාන්න"" ඕනේ,ඒ කියන්නේ වවුලා වගේ කකුල් දෙකෙන් එල්ලිලා ඉන්න ඕනේ.ඒ දවස් වල හැටියට ඒක ලොකුම දෙයක්.ඉතිං බං ඉස්කොලේ තිබ්බ බාර් දෙක එක ලඟ නිසා වැඩේට අමාරු උනේ නෑ.දවසක් අපේ ගෙවල් ගාව තියෙන ප්‍රජාශාලවට ගියා අයියා එක්ක",0,sinhala
ඔන්න මචං තත්වේ. ඔන්න ඕක තමා සහජීවනයට පුක දෙන්නේ නැත්තේ මං. ඔය කටින් කිව්වා එකෙක් විතරයි. නොකියපු උන් ඕන තරම් ඉන්නවා. පිට රටවල් වලින් එන පූජක හැත්ත තමා ඔව්ව අපේ උන්ගේ ඔලු වලට දන්නේ. මොහිදීන් බෙක්ගේ සිංදු අහන්න තහනම් බවත් මතක්කරන්න කැමතියි.,1,sinhala
නමුත් දේශපාලන බලපෑම් කල යහපාලන දේශපාලුවන් කවුද කියා හෙළිදරව් කල යුතුයි.,0,sinhala
කර්මාන්ත ශාලා ගිනිතියල ජෝගි නටද්දි ඔහොම හිතුනෙ නෑ?,0,sinhala
දීපිකා නෙමේ බොල ප්‍රියංකා... අහවල් පොල්ල හිනා ගිහින් සික්ස් පැක්ස් ආවා කියහන්කෝ,1,sinhala
ප්ලාස්ටික් හාල් ගිලලා බයියන්ට කන්න තියා රෙන්න වත් බෑරි වෙන scene ඒකක් තියෙන්නේ,0,sinhala
මමනම් ඔය එකෙක්ටවත් චන්දෙ දෙන්නෙ නෑ. මට මගෙ චූටි ඇඟිල්ලෙ නියපොත්ත වටිනවා ඔය නාකි බඩ තඩි හැකර කටුමාරිස්ලට වඩා. රට ගොඩගන්න ඔය එකෙක්ටවත් බෑ. අනික රට තීන්නෙ මගේ චූටි ඇඟිල්ලෙත් නෙවි. මගෙන් රටට ඕනි දේවල් ටික මම යුතුකමක් හැටියට කරනවා. හිතුනොත් ගිහින් චන්ද කොලේ බබෙක් ඇඳලා එනවා,1,sinhala
අනිත් උන් ස්ත්‍රී සැප ලබද්දී මම මේ උඩ බලන් ඉන්නෙම හුත්තී..,1,sinhala
පව් ඕයි විමල්. උෟ ස්ටේජ් වල රෙන්න හදන්නේ ජීවිතේ අමාරුවටම වෙන්න ඇති. මේ වගේ පිස්සු ගෑණු රොත්තක් එක්ක වසනවා කියන්නේ... URL,1,sinhala
හත්තික්කේ ඒ කාලෙ අපිට අර හෙන තඩි computers තිබ්බා නේද. මම ආස පින් බෝල් සෙල්ලම් කරන්න,0,sinhala
"බලහල්ල රජයේ කැම්පස් වලට බැනපු උන් මොනවගෙද ඉන්නෙ කියල ,එක්කො SLIIT,NIBM,NSBM අඩෝ බන් ම්න් අන්තරේත් නෑ ,ම්න් අරගල කරල නෑ.අඩුම අරගලේකට ගියෙක් නෑ .උන් ඉල්ලපු ඉල්ලීම් හරි කිව්ව විතරයි . හුත්ත උබල හිතුවද මන් අන්තරේ කැදවුම් කරු කියල උන්ට අරගල කරන්න බැයිනම් තොපි වෝක් යන්නත් බෑ",1,sinhala
ඔකේ ප්‍රශ්නයක් නෑ.. මගේ බොලොක් ඔෆ්ශන් එක හොදට වැඩ ... මට බොලොක් කරන්න පුලුවන් .. මං ඔබ බොලොක් කරන්නම් එතකොට මං වගේ ගොන් ගෑණියෙක්ගේ ටුවිට් ඔබට පේනේ නැතිවෙයි .. එහෙම වැදගත් කෙනෙක් නෙවේ නම් මගේ ටුවිට් අස්සේ ඇමිනෙන එක නැවැත්තුවා නම් හරී...,1,sinhala
*කේ ආණ්ඩුව. රට කෑව මූසල කාලකණ්ණි හැත්ත.,1,sinhala
අඩෝ Photo එකක් ගහලා දියකංකො අඩෝ Photo ටික Edit කරලා දියංකො අඩො Photo ටික ඉක්මනට දියංකො උබලා ඔහොම කිව්වට අපේ Device වලට අව්ලක් උනාම උදව්වක් ගන්න එකෙක් නෑ සරලම කතාව,0,sinhala
මාව දිරවන්නෙ නැති අද ඊයෙ ඇඩ් වෙච්ච ගොබ්බන්ට කියන්නෙ... කිම්බ කන්නද ලිස්ට් එකෙ ඉන්නෙ අන්ෆෙන්ඩ් වෙලා වද නොදී පලයන්කො හුත්තො,1,sinhala
"සබ් එකක් උනත් වැදගත් ඇඩ්වයිස් එකක් බං ඒක ගොනා විකුණුව රස්තියාදුකාරයා · 17 May 2019 ඇසිඩ් පරණ කෑල්ල එක්ක යාළු වෙලා නෙවෙයි, ආයෙ ගොනා වෙලා.",1,sinhala
එක පාරටම රෙද්ද අන්දන්නද නංගි අහන එක හරි නෑනෙ. ඉස්සෙල්ල බබා වඩාගන්න ඕනෙ,1,sinhala
", බඩුවටත් බඩුව කියන්න එපා. මනුස්සයෙක්නෙ.",1,sinhala
"ඔවැනි සිද්දීන් හැමදාම පැය භාගයක් පුවත්වලට පෙන්නන්ඩ එවන්නම්, කනගාටුවවනම් නීතිය එලෙස බාල්දුවීමට හේතුව සොයා නොබැලීමයි!!!",0,sinhala
රැසියා නෙමේ යකෝ ඌ රුසියා. සේට්ටම කලින් නම ටයිප් කරන්න ඉගෙන ගෙන වරෙන් ගොං හරකා. යකෝ මේ නමක් වත් හරියට ටයිප් කර ගන්න බැරි වතු පාළුවොද ඔස්තාර්ල වගේ ටෝක් දෙන්නෙ. හයියෝ #සාන්ත,1,sinhala
අන්න එයාටවත් කියන්න මේ violence එක නවත්තන්න කියල,0,sinhala
මට උඹ වගේ සිඹින්නෙක් ඇසුරු කරන්න නම් ඕනෙ නෑ බං . උඹලා රෑට ෆෝන් එකට වැඳලා නිදාගත්තට ඇපල් වල ඇති ලබ්බක් නෑ බං සෙකියුරිටි ඇරුනම. උඹගෙ ඔය ෆොටෝ ස්ට්‍රීම් එක 5gb ඉවර උනාම මොකෝ කරන්න හිතං ඉන්නෙ,1,sinhala
විමර්ශන action වෙනු බලා සිටිමු,0,sinhala
රුවන්වැලිසෑය පාප කර්මයක් කියපු අලුත් පරපුර කියාගන්නා අවජාතක පරපුරට අපේ රජිත හිරාන්ගෙන් කනේ පහරක් URL,1,sinhala
දැන් අර කැරි පොන්න ඉන්දියන් වේසිගෙ පුතාලා මේකෙ හායි,1,sinhala
කටට ඩොලර් සීයක් දෙසීයක් දාන්න ඕනෙ මුගෙ කතාවට.,0,sinhala
උඹ එදා මැනුවල් ඇක්වා එකක්ද පැද්දේ නමුනුකුළ යද්දි? අනික මම insta එකේ දැක්කා මේ වගේ ඇඳුමක් ඇඳගෙන ඉන්නවා ඔයාගෙ 2,0,sinhala
පොන්නයෝ 3 දෙනාගේ පොන්න ජවනිකාව. චාමරට නෙවෙයි ළග පහතක හිටියනම් තොපි ගැන බලා ගන්න තිබ්බා ගොබ්බයෝ. තොපි පිරිමි... URL,1,sinhala
"බයියෙක් නෙමෙයි, බයි රජෙක්. නෙදකින් කාලකණ්ණි හැත්ත..",1,sinhala
බේරාගන්න කිසිම කරදරයක් නැතිව අවස්ථාව තියෙද්දී මේ නරැම මිනිසුන් කලේ ළමයා ගිලිලා මැරෙනකන් Video කරලා පසුව එය Fb එකට මුදාහැරලා තිබුන එකයි දැන් ලංකාවෙත් සිදුවෙන්නේ එ්කම නෙමේද ? අපේ සමාජය අැදෙන්නේත් එ් තිරිසන් ම්ලේච්ඡ අසමජ්ජාතී අවජාතක උන්ගේ ගොන්නටම නේද ?,1,sinhala
", , , /25 දෙදෙන රජයේ නිවාඩු දින නිසාත් සංචරන සීමා ක්‍රියාත්මක වන නිසාත් පුද්ගලික අංශය වැඩට එන්න ඕනෙද .මේ පිලිබදව පැහැදිලි කිරීමක් කරන්න පුලුවන්.",0,sinhala
"වෙල්ගමට මඩ ගහන්න යන පර්ලිමෙන්ට් ජෝක්ස් එක වචනයෙන් විල් ලැජ්ජා වෙයි! -""මල්ලි අපි ගැනුන්ට අසා තමයි එත් නාකි ගෑනුන්ට... URL",1,sinhala
මට හෙන ආසාවක් තියේ ලෝකාන්තෙට කට්ට පටපට පට සීතලේ එයත් එක්ක අතිං අල්ලං ගිහිං බලංගොඩට වැටෙන්න හුජ්ජ කරන්න බිමට,1,sinhala
පිලිගැනීම විතරයි. විපක්ෂ නායක වෙන්න බෑ,0,sinhala
"අපේ අම්මයි නැන්දයි හෙන අයිතිහාසික කථා වස්තු වගයක් දිග හරිනවා “ඔයාට මතකද ඒ කාලේ අපි දෙන්නා “කියල මම ලඟින් යන හැම වෙලාවේම සින්දු කියාගෙන යනවා “ඒ කාලේ සිද්ද වෙච්ච කතාවක් මේ , shopping ලු ගිහිල්ල තියෙන්නේ, ඔෆිස් ඇරිලා ෆලූද බීල රෙදි කඩවල් අස්සේ එහෙම කරලා තමයි මෙහෙම නාකි වී ඉන්නේ “",0,sinhala
මගෙ දෙයියනේ මට බෑ.මේ ඊයෙ පෙරේදා දවසක් ලඟ ගෙදරක ඇන්ටි කෙනෙක් අපේ අම්මිට වැඩ පලුවක් ගෙනත් දීලා තිබ්බා. මාත් ජීවිතේ පලවෙනි වතාවට මදුලක් ගලවන් කටේ දාගත්තා. ඒකෙ ඇටේ එක්කම මට ගිලිලා උගුරෙ හිරවුනා යකෝ අපේ අම්මා පිට කොන්ද හැඩෙනකල් තඩිබෑවා ඒක එනකල් අම්මෝ එපා,0,sinhala
ඇත්තම කතාව පෙලක් කෙල්ලාන්ට හුජ්ජ කල්ල අහක්වෙලා ඇදට වෙලා නින්ද යනකල් වල් පල් කියවන්න අපිව ඕනි වෙනවා.. අපිත් යූස් වෙන එකේ සීමාවක් මායිමක් තියෙන්න එපැයි..,1,sinhala
"විටෙක අම්මාට සුදු පුතා සුදු මහත්තයා වන මා විටෙක, ගොනා බූරුවා මී හරකා ද, වෙයි. අම්මට",0,sinhala
තොපි ඔක්කොම පොට්ටයෝ,1,sinhala
හහ් හහ් හම්මෝ නේත,0,sinhala
ස්වයන් වින්දනය. අනේ පලයන් පැගිරි · 27 Feb 2020 කැම්පස් එකක් ඇතුලෙ CCTV කැමරා සවි කිරිමෙන් ලබන වින්දනය කුමක්ද ..?,0,sinhala
"අගමැති පාර්ලිමේන්තුවේදී පහත් වචන භාවිතා කරයි-පිම්පියො, අහිකුණ්ටිකයො, වාඩිවෙනව අයිසෙ’ අද ඇරඹි පාර්ලිමේන්තු... URL",1,sinhala
ඇහ් බොල එතකොට අපි,0,sinhala
ඉදලා ඉදලා හිත ගියේ එක කෙල්ලටයි.. ඒකි තරම් බඩුවක් මුළු පිටකොටුවෙවත් නෑ..Friends...,1,sinhala
එංගලන්තයේ සිට පැමිණ සැප ඉල්ලා ගුවන් තොටේදී පිස්සු කෙලියේ කිරිඇල්ලගේ බැරිස්ටර් පුතාද.. URL,0,sinhala
අනේ නිකන් පලයන් ඇමතිතුමා යන්න ! මොන ආණ්ඩුව ආවත් ඔහේලා ඇමති .. උඹලව පත්කරන උන්ට ගහන්න ඕනි අම්මගෙන් බීපු කිරි මතක්වෙන්න,1,sinhala
ආදරෙයි #අවිශ්ක කොල්ලෝ ගහපු එක ගැහුව කැත නැතුව,0,sinhala
හැදෙන්නේ එක ලෙඩයි...ඒකත් ලෙසටම අමාරු වෙනවා.... කැත විදියට හිතන්න එපා යකෝ...සෙම හැදුණේ....,0,sinhala
හරකා හා මී හරකා අතර වෙනස දන්නවාද..? . . . . . . . . . . . . . . . . . . හරකා උබ වගෙ... මී හරකා මං වගෙ..,1,sinhala
අයිසෙ වට් ද පක්?? Sri Lanka Tweet · 25 Jun 2021 Another ship fire ! MSC MESSINA ship reported a fire in the engine room in the Indian ocean halfway between Sri LankaMalacca Strait. The ship is en route from Sri Lanka to Singapore - Navy #LKA #SriLanka #MSCmessina File Photo Show this thread,1,sinhala
අර SL Diaries කරපු වීඩියෝ එකේ වයසක අයට බනින එක වැරදී කියලා ඌට බනින උන්මයි උන් කෑල්ල එක්ක යද්දි එකෙක් බැලුවම මොනාද හුත්තෝ බලන්නේ අහන්නේ වයසක උන් තමා ගොඩක් වලත්ත. සැකනම් බලපන් බස් එකක පොඩි කෙල්ලොන්ට ජැක ගහන්නේ මොක්කුද කියලා,1,sinhala
තෝ පොහොට්ටු නේ ගල් ඉබ්බා,1,sinhala
තේරුම් ගනින්! මේ සෝශල් මීඩියා හදලා තියෙන්නේ අනුන්ගේ කුනුගොඩවල් හොයන්න වගේම තමන්ගේ කුනුගොඩවල් පෙන්නන්න! ඒ නිසා කවදාවත් කියන්න එපා අනුන්ගේ කුනුගොඩවල් හොයන්නේ නැතුව ඉන්න කියලා! එහෙන්ම් ඒකට සෝශල් මීඩියා ඕනේ නෑනේ! අනික තොපි හැමදාම මේකේ රිංගන්නෙත් දිය බුං ගහන්න නෙවේනේ!,1,sinhala
ජනාධිපතිවරණයේ දී ස්වාධීන වීම වෙනුවෙන් කැබිනට් එක ගෙවූ වන්දිය මෙයයි,0,sinhala
කැම්පස් එකේ ආදරණීය මිනිස්සු හම්බ වුණේ කැම්පස් ජීවිතේ අන්තිම දවස්වල. නොදකින් කාලකණ්ණිකම,1,sinhala
හම්මේ ඉතින්... වසල සහෝදරයෙක් සමග බැදි කාලකණ්ණි මිතුදම... මේකෙ නැති ඒවත් එක්ක වීඩියෝ කරානම් කෝපි කඩේ වගේ දකුණු... URL,1,sinhala
"ඒකි :- ""මගේ facebook account එකට අමතරව තව fake accounts පහක් හදාගන්න කිව්වා. මට තියෙන්නේ අයියේ, ස'ගේ page එකේ post වලට ""ජය නියතයි"", ""ඌවේ පැතුම ඔබයි"", ""ඔබයි නියතව ජය ගන්නවා"" වගේ comments දාලා post ටිකත් එයාලගේම group එකේ share කරන්න විතරයි තියෙන්නේ... (2/4)",0,sinhala
තෝ අදෝනා දෙන්නේ නැතුව ඉදපන්,1,sinhala
මෙතුමා කියන දේ ටිකක් විතර විස්වාස කරන්නත් අමාරුයි. මොකද ඇමතිට බයේ මුලින් කියපු කතාව PSC එකේ වෙනස් කරලා කිව්වා නෙහ් ! කෙසේ වෙතත් ගෞරවාන්විත හමුදාවට හදවතින්ම ආදරෙයි.,0,sinhala
"""සිද්ධාර්ථ තමුසෙ වගේ මාලිගා නෑ අයිසෙ අපිට දාල යන්න අපි භාවනා කලොත් ගෙදර උන් බඩගින්නෙ "" අවස්ථා සම්බන්ධය සොයන්න.",1,sinhala
ඒකට මෝඩ සුප්පත් රිංගලා,1,sinhala
මාස්ක් දාලත් නෑ මුං,0,sinhala
ඉස්සර මං හිතුවෙ එනසාල් ධාන්‍ය වර්ගයක් කියලා.. පස්සෙ අම්මා තමා කිව්වේ කුළුබඩු කියලා . . . . . . . . . . . . . . . . . . . . . . . . . . . . . . . බොරුවක් කිව්වෙ බොල.. උඹලා මට පිස්සු කියලා හිතුවද..,0,sinhala
යකෝ 2009 වල i had to put up to a struggle to stop him.මගේ සීයා හිටියා නම් දැන් 90ක්..ඒ මනුස්සයා මේ පිස්සා එක්ක වැඩ කරන්නේ නෑ ..,1,sinhala
වැඩට ආවම කොහෙ තියෙන නිදිමතක් පහත් වෙනවද මන්දා.. බෝඩ්මට ගියාම එලිවෙනකම් නින්ද යන්නෙ නෑ මොන කරුම ජීවිතද,0,sinhala
අවුරුදු 27 ක් ඌට නොදකින්,1,sinhala
"මල්ලීගේ school එකේ Junior section Head Prefect විදිහට මල්ලිව තේරිලා. මිනිහා දැන් හෙන ආඩම්බරෙන් ඉන්නේ, අම්මත් ආඩම්බරෙන්. කොහොම උනත් ආඩම්බරයි #සහෝදරයා මටත්. #සුභ_පැතුම්_මල්ලී",0,sinhala
ළමයි අන්දලd සාපෙළ අමාරු කළාද ? URL #LNW,0,sinhala
ඒකි මගේ කෙල්ල උඹල ඒකි පස්සෙන් එන්න එපා කියල කියන්න වෙන්න ඇති,0,sinhala
අහක යන නයි එපා එපා කියද්දි රෙද්ද අස්සේ දාගෙන පස්සේ රෙද්ද උස්සලා පුකෙත් ඇරලා ගියාම කනවො කනවෝ කියන්න එපා හුත්ත,1,sinhala
ජාති වාදි මැසෙජ් පොවඩ් කරන අවලම් හැත්ත ....Fb අැක් එකක් තිබ්බ පලියට උන් හිතන්නේ හෙන චරිත කියලා ...තු නොදකින්,1,sinhala
"""ඔය පොත යටින් තියල පලයන්"" - පොලිස් නිලධාරියෙක් පගාව ගත් හැටි (වීඩියෝ): URL",0,sinhala
"RT මේ, කවුද, කොහේද, කාගෙද, එව්වා, වැඩක්, නෑ, මට, මේ, කෙල්ලව, ඕනී.... පිස්සු හැදෙනවනේ බං sexy look එකට? #lka #colombo URL",0,sinhala
මහා .න්නයාගේ හයිය නාකියා වුණාට,1,sinhala
වෛරය වෙනුවට ආදරය පතුරුවන්න අමාරු ඇයි... ප්‍රචණ්ඩත්වයට වඩා ලිංගිකත්වයට ආස මිනිස්සු වෛරයට වඩා ආදරයට ආස නැත්තේ ඇයි?,0,sinhala
"කෙල්ලෙක් මොනවා හරි ගොන් කතාවක් කිව්වොත්, ඒක මාධ්‍ය වලින් හයිලයිට් කලොත්, අපේ උන්ටත් ඒක තමයි ලොකුම කියමන....",0,sinhala
රැවුල වැවෙන්නැති චාටර් එක වහන්න මාස්ක් එක පට්ට,0,sinhala
බෑ මේම විදගන්ඩ තනියෙන්ම දුක හිර කරන් මට හලිම පාලුයි මගේ රත්තලන්................. . . . . . . . . උදේ ඉදන් අම්ම... URL,0,sinhala
තෝ GOT බලල මල වදේ.. හැම තැනම කැ ගහනවා..,0,sinhala
"දාර බඩුවලටත් අපි කිව්වනේ යකෝ ""ඔයා මගේ විතරයි"" කියලා අහෝ කුණ්ඩවාල දෙයියනේ !!",0,sinhala
"කියන්න නම් කටට ගොඩක් දේවල් එනවා. පොලිස්පතිතුමා කට ට දර කෝටූ දෑව නිසා කට වහන් , වෙන දෙයක් බලාගෙන , දෙන දෙයක් කාගේන ඉන්න තීරණය කලා.",0,sinhala
බංගලි කෙල්ලෝ එපා !!!! කොල්ලෝ අච්චර මෝඩ නම් කෙල්ලෝ කොහොම මෝඩ ඇද්ද අමු ගොන් හරක් ඇත්තේ :3 රෙද්ද උස්සන් එන් එපා පීස් :3,1,sinhala
තඩි කට්ටක් ගහල සේරම ටික ගන්නෝන,0,sinhala
අපිට බදු පිට බදු ගහලා මැති ඇමැතිවරු උන්ගේ වැටුප් 215%කින් වැඩි කරගනී. නොදකින් කාලකණ්ණි මුන්ට වැහි නැති හෙණ ගැහුවත් මදි. අපේ වාහනවලට බදු ගහලා මුන් බදු රහිත වාහනවල ආතල් එකේ යනවා. බදු ගෙවන ඔබට ස්තූතියි !,1,sinhala
යකෝ මගේ බඩුවක් ගන්න ගියා වගේනෙ !,0,sinhala
හම්මෝ චාමිකර... මොකො උඹෙ හනිමූන් ඉවරෙයි? දැක්ක කල් යකෝ,0,sinhala
ඒ පිස්සා ආයේ රිප්ලයී එකක් දාලා,0,sinhala
අපේ බල්ලා මර නින්දකින් වුවද ඇහැරවීමට හිරමනය සෙලවීම ප්‍රමාණවත් වේ..,0,sinhala
ඒ පාර ලංකාවෙ බුකියෙ ලොකුම ප්‍රශ්නෙ රේගු නිලදාරියෙක් අකුරට රාජකාරි කරමින් පිටරට ඉඳන් ආපු කෙනෙක්ගෙ පළතුරු ටික විශේදනය කිරීම( quarantine ). මේ ලබ්බෙ රටේ මිනිස්සු හදන්න බෑ.. ගොන් තර්ක දදා අර රේගු නිලධාරියාට බනිනව.. ඒ ටික... URL,0,sinhala
සියලු ගෑනු දිහා එ අම්මා නංගී කියාල බලන එක එතකොට මානසික අතින් හෙනම ලොකු කමක්ද? ඒම උන් හරි ලොකු ඪෑල්ද? අනෙ හුකෙ.. ගස් නරිය තෝ දන්න සයිකො..,1,sinhala
තමුසෙ කොහොමද දන්නෙ මන්ත්‍රීතුමා ??? :) ........... URL,0,sinhala
අපේ පැරණි වීරයෝ රට නිදහස් කර ගත්තේ චාන්ස් එක හම්බු වෙච්ච ගමන් සුද්දගේ රෙද්ද අස්සේ රිංගන්නද? නැත්නම් අපේම දේ රැකගෙන ඉදිරියට යන්නද?,0,sinhala
"ඔය ඉංගිරිසි නම් තියන අපේ කලු සුද්දන්ගේ මි මුත්තො,මුත්තියො එක්කො සුද්දට රෙද්ද උස්සලා තියනවා. නැත්නම් සිංහලයව පාවලා දීලා තියෙනවා කවදාක හරි.",0,sinhala
කට්ටිය යුද්ධෙට බස්සනකොටම call එකක් ආවනේ රෙද්ද,0,sinhala
මනුස්ස හෑගීම් තියෙන උන් ඒ ගැහැනියගේ වේදනාව නොතේරීම අපේ මිනිස්සුන්ගේ තියෙන තිරිසන් කම ප්‍රදර්ශනය කිරීම.ඒ ගෑනිටම වෙන එකෙක්ගෙන් ලමයෙක් ලැබුනොත් ඒකි වේසි වෙලා බල්ලො රැල වගේ පාඩුවෙ ඉන්න දෙන්නෑ.වැරදි වැඩ කරන එකාමයි සමාජය ඉදිරියේ හරි කියල පෙන්නන් මේමිනිස්සු මේවට ඇදල දාන්නේ,1,sinhala
උඹ ලියන ඒව කුණුහරුප ගොන්නට කෙලින්ම වැටෙන්නෙ නැහැ.,0,sinhala
ආලයත් කාලයක් යනකොට පුරන් වී වල් වදිනු රිසි වේද.. එවන් ගැරහුම් නොකල මැන හිතකින් ප්‍රේමයත් වන්දනාවක් පින් ලදොත් දැහැනට - සමවැදුනු හදකින්_ #Copied_ #ප්‍රේමය_ #,0,sinhala
"අපේ මැඩම් කොයි වෙලෙත් ""යා පකෝ"" ගාගෙනම තමා පන්තියෙ ඉන්නෙ....",1,sinhala
නරකද වී නිෂ්පාදන වියදම් අඩුකරලා ගොවියායි පාරිභෝගිකයයි දෙන්නටම සහනයක් සැලැස්සුවා නම්...,0,sinhala
"මේ ආණ්ඩුවේ ඇමතිවරුන්ගේ ජනප්‍රියම වචනය තෝරන තරඟයක් තිබ්බොත් ෆිර්ස්ට් ප්ලේස් ගන්න වචනය - "" කාලකණ්ණි "" Senu_Kavi · 17 Aug 2021",1,sinhala
ඇත්තටම බහුතරයක් ෆේස් බුක් මෝඩ හැත්ත හිතන් ඉන්නෙ රොත්ත පිටින් ගිහින් රිපෝට් කරාම පෝස්ට් එකක් සස්පෙන්ඩ් කරන්න පුලුවන් කියල.. අද උදේ අර නාමල්ගෙ කාටුන් එකට හෝ ගාල රිපෝට් කරපනරකයි මෙකයි කියල දඟලන සෙට් එකට ඕක කියන්න හිහින් මං අහගත්ත හරියක්..,1,sinhala
දැන් මුන් නොදී ඉන්න හදන්නේ පස්සේ ලැජ්ජා නැතුව කතන්දර කියන්න හිතාගෙන. යකෝ රටට කෙල වුනාට පස්සේ කතන්දර කියල මොනවා කරන්නද ??? Sukiya · 23 Sep 2019 ඡන්දෙ නොදුන්නට ප්‍රශ්නයක් නෑ. ඒ උනාට පස්සෙ ගොබ්බ පාලකයො පත් උනාම රෙද්ද උස්සන් මේවයි කෑ ගහන්න එන්න එපා. #PresPoll2019,1,sinhala
"මං කලින් යාලු වෙලා හිටපු කොල්ලට තියෙන්නෙ යන්තම් ගොඩ ගිය ජෙනරල් ඩිග්‍රී එක විතරයි. කඩ්ඩත් අවුල්. මට අවුරුදු 4ක ඩිග්‍රී එකක්, ප්‍රොෆෙෂනල් කොලිෆිකේෂන්ස් තියෙනව. හැබැයි එයා මාර ප්‍රැක්ටිකල්. ජොබ් එකේ පර්ෆෝමන්ස් පට්ට. බහුතර කෙල්ලො ඒ අතිං ගොඩක් පිටිපස්සෙන් ඉන්නෙ. හිතල වැඩක් කරනව අඩුයි",0,sinhala
නොදකින් සමහර පිරිමි බස් එකේ යන විදිය.. මුන්ට ගල් ගහන්න ඕනි,0,sinhala
අපි මේ වැස්ස දිහා ආදරෙන් බලන් ඉන්න අතරෙ කීදෙනෙක් කැඩිච්ච වහලෙන් බේරෙන වැහි බිංදු වලට භාජන තියනව ඇතිද.. වැහි පොද ගේ ඇතුලට අරන් එන සීතල හුළගට සාප කරනව ඇත්ද... පාරවල් අයිනෙ තෙමි තෙමි නිදාගන්න වෑයයම් කරනව ඇත්ද.... #වැස්ස,0,sinhala
"කාලයක් අපි තමයි ශූරයෝ. රොහාන් ප්‍රදීප්, ප්‍රසන්න සම්පත් අමරසේකර,..........., සුගත් තිලකරත්න.ඒත් දැන් මලල ක්‍රීඩාව හේදිලා ගිහින් ආයිත් නොඑන්න",0,sinhala
අම්මට හුකන රැස්වීම 9.00 කොළබ යන්න අපු මට කඩවත ට යන්න පැය 7 ගියා වෙනදා යන්නේ පැය 5 යි උපරිම කොළබ ගියානම් යන්න වෙන්නේ පැය 10 කින් තමා රටේම ඉන්න උන් අරගෙන ගෝල් ෆෙස් පුරවන්න කළින් චන්දෙකට ඇවිත් දිනලා පෙන්නපං අනුරාධපුරේ උන් කොළබ යනවා ලැජ්ජයි යකෝ කොළබින් පුරවපං ඔක පුලුවන්නම් පුක තමා,1,sinhala
ටුයිටරේ ඉදන්ම ඒක බලන මම,0,sinhala
තව ටිකයි 200 අල්ලමු,0,sinhala
පණනන් තමා ඉතිම්කොයි එ බැල්ලි පණ,1,sinhala
ඒකි ඉතින් හෙනම හිතන් ඉන්නෙ,0,sinhala
යකෝ මේ පුක කොහෙද හිටියේ දැක්කේ නෑ කාලෙකින්.,1,sinhala
නොදකින් කරන්ට් එකවත් හරියට දීගන්න බැරි ආන්ඩුව.....,1,sinhala
URL ජනාධිපතිතුමාට මේක ගොඩ දා ගන්න උනන්දුවක් කැපවීමක් තියෙන බව පේනවා.ඒත් කොහෙන් හරි කාලකණ්ණි මෙලෝ වැඩකට නැති එවුන් සෙට් එකකුත් (ජනාධිපතිතුමාගේ වැඩපිළිවෙලට නොගැලපෙන) ඉන්නවා.උන් ටික අයින් කර ගත්තා නම් හොඳ පාලනයක් වගේම රට ගොඩ දාන එකත් ට මහ ලොකු දෙයක් Newsfirst.lk Sri Lanka · 18 Jan 2020 රාජ්‍ය සේවය දියුණු කරන්න ජනපතිගෙන් උපදෙස්... URL #lka #News1st #President,0,sinhala
ඔන්න ඉතින් මෙන්න මේවට තමා ගොන් ආතල් කියන්නේ! හැම දේකම වැරැද්දක් හොයනවා! හරියට JVP ඓක වගේ! පුලුවන් වෙලේ සතුටු වෙයන්! අඩු පාඩු හොයන්නේ නැතුව! URL,0,sinhala
මාත් නංගිගේ බබාට පිටකොටුවේ නීරෝ සීඩි හවුස් එකෙන් කාටුන් වගෑක් ගෙනිච්චා.. තූ නොදකින්..කොලිටි සෑහෙන අඩුයි..ඉන් පස්සේ දැන් පෙන් එකකටවත් දාල දෙන්න ඕනි.. ඒත් පෙන් එකක් දෙන්න බැහැ අනික් අයිය බුවාල ආවම උන්ගේ වැල එහෙ මෙහෙ ගෙනියන්න ඒක ගන්නවා.,1,sinhala
"ඇයි හෝමස් මේක කෝට් කරේ මඩක් ගහල ෆලෝවර්ස්ලා වැඩි කරගන්න මිත්‍රයා ඒක මහ කැත වැඩක් නේ හෝම්ස් කැත වැඩ කරන්න අපි ඉගෙන ගත්තේ සුරියගේ ලගෙන් මිත්‍රයා Hamza · 19 Apr 2020 හෝම්ස් මිනිස්සු අහනවා ඇයි ඔයා අනුන්ට මඩ ගහන්නේ කියලා මේකනේ වොට්සන්, අනුන්ට මඩ ගැහුවම උන්ගේ යාලුවොත් මගේ ට්වීට්ස් කෝට් කරනවා. එතකොට මගේ එකට ලයික් RT වැඩිවෙනවා ඉතින් එහෙම ගන්න ලයික්ස් RT වැඩක් නැහැනේ හෝම්ස් අපේ මුඩුක්කු ජීවිත වලට ඒ නීති නැහැ වොට්සන්. හ..හ...හ....",0,sinhala
නවනිදන්පිල්ලේ දමිළ උඹලව අන්දලා ගාණක් හොයාගෙන පෙන්ෂන් ගියා මිසක් උඹලට ලැබුන මල ඉළව් ඊළමක් තියේද ? දැන් අල් හුසේනුත් නැගෙනහිර උඹලට දෙනවා කියා උෟත් උඹලාව අන්දලා ගාණක් හොයන් යනවා.. තොපි හැමදාම දුකට සැපට හිටපු සිංහල අපි එක්ක කා කොටා ගන්නවා කොහෙවත් ඉන්න පට්ට බල්ලො බැල්ලියන්ට රැවටිලා,1,sinhala
ඇයි උඹ වෙන කොහෙවත් බොන උන් දැකල නැද්ද,0,sinhala
රා නෙමෙයි පකෝ වඩේ. Jerry  · 7 Aug 2021 පකෝරා.,1,sinhala
සක්කිලි වැඩ කරන්න අමාරුයි ඇපල් එකේ ඇන්ඩ්‍රොයිඩ් වගේ නෙමි,0,sinhala
ක්‍රශ් එකට උබ ගැන හිතට වදින්න දෙයක් කියන්න ඕනෙද?උබේ ෆස්‍ට් ලව් එක ගැන කියපන් හන්ගන්නෙ නැතුව ඔක්කම.අනිවා ඒකි උබ ගැන දුක් වෙලා උබ ගැන හිතනවා:),0,sinhala
බොරු මල්ලී. අමූලික පට්ට පජාත බොරු.,1,sinhala
මට හැදෙන්නෙම රෙද්ද උනයි හෙම්බයි එකටමනෙ බං රෙද්ද.... 󾌥󾌥󾌥󾌥󾌥 අපෝ හතුරොන්ට නම් හැදුනට කමක් නෑ 󾰑󾰑󾰑 උබලට නම් හැදෙන්න... URL,0,sinhala
වෙන්න පුලුවන් නේ.. ඒවගෙ තඩි collections තියෙනව නෙ,0,sinhala
Epidemiologic definition එක පැත්තක තියලා මේ ලෙඩේ සමාජගතවෙලා කිව්ව නම් ඉවරයිනෙ. මිනිහා මැරුන ගෑණි වගේ මුන් අඬනව අඬනවා ඉවරක් නැනෙ.,0,sinhala
මල්ලි දැන්ම ඉදංම මහ චන්දෙදී පාස්කු සීන් එක නිසා වෙන පාඩුව නවත්තන්න වැඩ වගේ.. කරගෙන පලයං කරගෙන පලයං. මේ පාර උඹලට වෙන දේ තාම තොපි දන්නෙත් නෑ.. අවුලක් නෑ.. #UNP ට ඉන්නේ හෙන SM පොරවල් සෙට් එකක් නේ නේහ්..,1,sinhala
"""අඩො.. මගෙ බයික් එක දීල පලයං""",0,sinhala
*වෙන උන් crush එකත් එක්ක msg කරද්දි* Crush එක : පිස්සා වෙන උන් : ඔයා නිසයි පිසසෙක් උනේ *මම crush එකත් එක්ක msg කරද්දි * Crush එක : පිස්සා මම : උබේ තාත්තා පිස්සා,0,sinhala
", මූට බෑ කියන්නෙ මෙන්න ලැජ්ජ කරන්න එපා පකෝ",1,sinhala
ඇයි දැන් බදු අය කරන් නෑ ද ??,0,sinhala
ස්ජීද දන් නෑ අඩු කරේ,0,sinhala
කෑල්ල අනේ එයා දැන් මැද පහන විද්‍යාලයට යයි,0,sinhala
"මේ වගේ වේස බල්ලො එල්ලන්න ඕන ################ කන්න දුන්නු අත හපා කෑ තවත් සුනඛයෙක්. මූ නමින් අජිත් සුසන්ත, ඉන්නෙ... URL",1,sinhala
කට්ට කපටි උඹේ හිත ලඟ.. පට්ට ලපටි මගේ ආදරය.. පට්ට පදිරි වෙලා ගියා නංගී.. #fb,0,sinhala
අවුරුද්ද 20 30 පැනලත් කොල්ලෙක් කෙල්ලෙක් නෑ කියන්නේ දේවත්වේ නෙවේ බං එහෙම උන් තරම් අවාසනාවන්ත ලොන්ත පකඩයෝ පරසක්වලකවත් නෑ කියන එකයි. අලුත් පරම්පරාවේ (මාත් ඉන්නේ ඒකේ නේ ඕයි) එපා ම කරපු වැඩක් තමයි තමන්ගේ කාලකණ්ණිකම් වගහන්න තඩි අයිසින් පාරවල් ගාන එක,1,sinhala
"නැ බන් තාම. කාට හරි දාගන්න කියලා අත ඇරියා බන් ,උබගේ පොන්න රනිලා දිනන නිසා මට දුකයි රට ගැන ,මට කන දෙයක්වත් ඇගට අල්ලන්නේ නෑ බන්.",1,sinhala
මන් බැලුවා තෝ මොකද තාම මේවා එලියට දැම්මේ නැත්තේ කියලා,0,sinhala
", අම්ම⁣ටහුඩු ලැව් ගින්නක්",0,sinhala
එපා අයිසෙ. එතකොට බලන්ඩ වලියක් නැතිව යනව,0,sinhala
කොච්චි කරල් සයිලන්සරයක් කටට අරන්ද එතකොට මෙයා,0,sinhala
පිස්සා කිව්වට පිස්සු පාටක් නම් පේන්නෙම නැ..,1,sinhala
"තොට පිස්සුද හු#%& අම්මා ඇහුවා මොකක්ද කියලා, වෙලාවට ලෙබනන් ගින්න කියලා ෂේප් උනා ගෑනියෙක් ගිනි අරන් කියල නොදකින් තෝනම්",1,sinhala
අද අපේ බල්ලා ජයග්‍රාහී 2වෙනි වතාවටත් දම්වැල කඩාගත්තා පිංවතුනි. පොර එකපාරටම hulk වෙනවා වගේ,0,sinhala
හූ නෙමෙයි කියන්න ඔන‍ේ මුන්ට. වාස් බලය තියෙන කාලයේ තොපි ඔයිට වඩා දේවල් කලේ. බලය නැති උනාම නිකන් මොක්කුද වගේ... #lka,0,sinhala
"නිවාඩු කියල අමතක වෙලා ඔෆිස් ගිහිං, ආපු නිසා හාෆ්ඩේ වැඩ කරල ආපු මිනිස්සු අපි. අද පෝය කියල අමතක උනා රෙද්ද. ශික්.",0,sinhala
රස්සාවනෙ බන්. අතනයි මෙතනයි බාගෙට පෙන්නන් පොටෝ දාගෙන reach ගන්නව. අපේ සෙවළ පැණියොත් ලෙවකාගෙන රොතු පිටින් ෆලෝ කරනව. ඊට පස්සෙ ඒ ගෑණි දාන හැම ලබ්බම සමාජගත වෙනව. පොරෝපාරක් නම් අනේ සැපයි කියාගෙන ඇඹල වාහෙලත් එව්වට එහෙයි එහෙයි කියන් පෙරනව.,1,sinhala
මෙන්න මේ කෙල්ල මට පිස්සා කියනවා,0,sinhala
"අනික් උන්ට ඕඩර් කරන ඔක්කොම මගුල් සති දෙකෙන් එනවා,මන් මොකක් හරි ඔර්ඩර් කරොත් එන්නෙම නෑනේ.රෙද්ද..",0,sinhala
නාකි විසේ ගෙටත් උසේ කියන්නෙ මේකට තමයි Star-Lord · 3 Aug 2020 mk na dr. mi col u nait oke.,0,sinhala
#ගෝටටා ස ට රට හදන්න උපදෙස් දෙන සංගමේට එකේකෞං එකේකෞත්තවල් දානවා බලං අපිත් නිකං ඉඳලා මොටද කොං වෙලා පිය සොඳුර කියලා හිතිලා මේ පයිය කොටලා එතන එබුවා. ඇත්තටම මේක්ස් සෙන්ස් ද මංදා ඕයි. නිකමට කියෝලා බලහංකො. රට බෙදමු!... URL,1,sinhala
ඔබට සතුටුයිද දැන් මුදලට කරන වල් නි #lka #SriLanka #SriLankan,0,sinhala
Deepthaයා තව නාකි වූ වගයි.. පාටිය හෙට රෑට කොට්ටාවේදී. එන වුන් වරෙල්ලා.... මෙකී නොකී හැමෝම එන්ට.,0,sinhala
මේවට ඉතිං හොඳයි සෞදි අරාබිය...,0,sinhala
ගල විද්ද සුද්දා ලබන සතියේ රජු ඉදිරියේ පාපොච්චාරණය කරයි.ගල් කටුව ගැන විශේෂ පරීක්ෂණයක් කිරීමට ඉන්දියාවෙන් විශේෂ ගල් කාරයෙක් මෙරටට #එදාගොසිප්,0,sinhala
45 හැවිරිදි කාන්තාවක් කැලේට ත්‍රිවිලරයකින් කැලේට අරගෙන ගිහින් කරපු කැත වැඩේ: වලස්මුල්ල වරාපිටිය ප්‍රදේශයේ 45 ස... URL,0,sinhala
"ගොන් කතා කියන්න එපා , උබල සුද්දෝ ලෝකේ වටේම තියෙන රටවල් වල ඉන්න පොන්සියෝ ටික සමලින්ගිකයෝ කොලාම ළමයි හම්බුවෙයිද බන්",1,sinhala
හා හා තොපි කලබල නොවි හිටපියව්,0,sinhala
හෙන වලත්තයා ඕකා මගෙන් ඇහුවා පිප්පියට කෙලව ගන්න ඕනද කියලා... . . වවුල් ගැටයා සුප්පයියා... 🅽IRMAL ✰ · 27 Apr 2020 සුප්ප මහ වලත්තයෙක් නේහ්. මෙන්න මූ,1,sinhala
කොළඹ වාරායට පැමිනිනෞවකාවක් අදික වර්ෂව හෙතුවෙන් යාපනය ජාත්‍යාන්තර ගුවන් තොටුපලට හරවා යැවෙි... සත්‍යයේ සටහන බුද්ධියේ විමසුමට,0,sinhala
කඩේට යද්දි පාර ගාවදි බල්ලෝ දෙකක් බුරාගෙන පැන්නා..එද්දි තඩි පොල්ලකුත් අරන් ආවා එද්දි..ගල් ගොඩකුත් බාල තිබුනා පාරයිනේ..ටිකක් සයිස් ගලකුත් මල්ලට දාගත්තා.. එද්දිත් ආව පකයලා බුරාගෙන..දුන්නා ගල් පාරක් වැදුන් නෑ..ඒත් ඊඨ ප්සසේ බලු පකයලා දෙන්නාගේ සද්ද වැහුනා සටස් ගාල..,1,sinhala
"වේස ගෑනු ගන්න එපා මච්න්, හොද ගෑනීයෙක් හොයා ගනින්. නිකම් ජීවීතේ අපායක් කරගන්න එපා.",1,sinhala
බලමු මෙයා කොච්චර වෙලා ඉදීද කියලා,0,sinhala
එන එන හැම app එකටම phone එකේ ඔක්කොම access ටික දීලා... රැල්ලට යන්න දගලන අපේ හැත්ත...,0,sinhala
මාශී : ඔයා දැක්කද ඒ බැල්ලි ඒ බල්ලට ආදරෙන් උම්මා එකක් දුන්නා. නන්දේ : සා වෑව් නේද මාශී : ඔයාට අවුලක් නැත්තම් පණ මමට් දෙන්නද කිස් එකක්. නන්දේ : හරි අවුලක් නෑ. ඒත් බලාගෙන ඒ බල්ලා හපයි ඈ. #නන්දෙමාශි,0,sinhala
කෙල්ලො ඉන්නව නේද අහිංසක බව පේනවනම් ඒකි වල් ය .වල් බව පේනවනම් ඊටත් වඩා වල් ය,0,sinhala
අලි රංචුවක්ම මරන්න තරම් මිනිස්සු කොහොමද හිත හදාගන්නෙ? ඒ දේ කරපු වල් වේස බැල්ලියොන්ගෙ දූලා පුතාලා ඔක්කෝම නැති වෙලාම පල!,1,sinhala
මැරියන් ඉන්ද්‍රජිත් තෝ පණුවො දාලා කුණු වෙලා මැරෙන්නේ,1,sinhala
හපොයි වෙඩිමෙ ණයතුරුස් ගෙවල ඉවරවෙද්දි නාකි වෙල දඹදිව් යතෑකි,0,sinhala
මරු කටට සැරට බයිට් එක..,0,sinhala
විශ්වාස කරන්න පුලුවන් හාමුදුරැවරැ කවුද ඉන්නෙ.මෙයාටත් හොඳ ඉල්ලමක් පාසා දුන්නානම් ඔහොම කියන්නෙ නෑ.ප්‍රෙමදාසට ආවඩපු ගොයියා හැරෙනනෙ පොල්පැලේ කන්නවගේ,0,sinhala
තොට අපි රැපක් කරපං කිව්වම තමා කරන්න බැරි. ලබන ට්වීටප් එකේදී එකක් කරපං,0,sinhala
"ටහුඩු.... Star-Lord · 6 Nov 2019 Why you should marry a beautiful girl? If you gonna see one face in the morning rest of your life everyday, at least that face should be pretty to look at.",0,sinhala
ඉන්දියාවෙන් දුන්න රු මිලියන 500 ගැන පොඩ්ඩක් අහන්නකෝ එහම සල්ලි කොහමද ලංකාවේ පක්ෂයකට එන්නේ එතකොට ලංකාව මෙහයවන්නේ වෙන රටකින්ද,0,sinhala
"සතුරු කැලම සඳළු තලේ හිඳිති මඳු බිබී, අපේ හැත්ත එල්ලී යති උන්ට පුක දිදී..",1,sinhala
වරෙන්කො එකෙක් පිට්ටනි හදන්ඩ ඕනෙ කියාගෙන. පුකේ අරින්නෙ පුකේ. යකෝ look at that uv index. Almost at extreme,1,sinhala
මහන්සියේ සෙවනැලි අතරින් හිනාවෙයි උඹ වලාකුළු දැල් අතරින් පයලා වගේ ඉර අහම්බයකින් රෑ මැද ඉඳහිට පොඩ්ඩක් නෝක්කාඩු කියයි කකුල් කැක්කුම ගැන වෙලාවට නොඑන මෝඩ බස් ගැන ඒත් මැණික උබ දන්නෙ නැති උනාට මම කමතී ඒවගේ මොහොතවල් වලට උපාමා රූපක නැතිවම කියන්න පුලුවන් මට ඒක .11.02,0,sinhala
පිස්සා මූ පිස්සා මූ පිස්සු පූසා මූ.... ආන්න ඒක නිසා ඉෂා ඒ හන්දා ගනන් ගන්න එපා,0,sinhala
ඉඩම් පිළිබඳව නිසි ප්‍රතිපත්තියක් නෑ (ho ho ho mcc). නගර සැලසුම්කරණය ගැන කිසිම ප්‍රතිපත්තියක් නෑ. මහරගම ටවුන් එක මැදින් යද්දි එපා වෙනව. මොන කරුම සැලැස්මක්ද ඒක? කොළඹත් එහෙමයි.,0,sinhala
මොනවද හුත්තො උඔ මේ ලියන ගොං කතා ???? යකෝ ටිකක් මැචුවරියට එකක් තියාගෙන වැඩක් කරපං,1,sinhala
සමහර විට ඔබතුමාට ඉල්ලා අස්වෙලා යන්න තරම් ඒ තීරණ දැඩිවෙයි..,0,sinhala
සතොසට කෙලියා.. අයියා බේර ගත්තා. දැන් මැණිකටත් කෙලින්න වගේ හදන්නේ...,0,sinhala
සීගිරි ළඳ කැමරාවට පස්ස හරවයි,0,sinhala
"ඕක කියපන් ගිහින් හම්බයන්ට, සින්හල උන් කවද්ද යකෝ හම්බයින්ට කිව්වෙ අපිට ඕනි විදිහට ඉන්න කියල. උම්බලගෙ පොන්න ආන්ඩුවනේ මෙකෙ අරාබි නීති දාල ඉස්කෝල දාල රගන්න් දුන්නේ. මේක බෞද්ධ රටක්, සින්හලය බහුතරය. මුස්ලිම් හින්දු කතෝලික හෙමෝටම නිදහසේ ඉන්න පුලුවන් වෙන්නේ උම්බල වගේ පොන්නයෝ මරුන දවසට.",1,sinhala
එකතු කරන්නේ.. එකතු... ළගදි එකක් වැනිෂ් කරමු. මම උස්සන් එන්නම්.. තෝ බීපන්,0,sinhala
පස්දරු මවක් මසක් වයසැති නිවුන් දරුවෝ අතේ තබා මහ පාරට යැයූ කරුම සම්පුර්ණ ලිපිය මෙතන ► URL URL,0,sinhala
ඊට කලින් සුරලොව යන්න දෙයියෝ.,0,sinhala
......මහජතාවට කොහොමත් එක රටයි..... එක නීතියයි..... වැඩේ කියන්නේ sir..... ඕක ඔයාගේ වටේ ඉන්න උන්ට ඕක තෙරෙන්නෙත් නෑ..... උන්ට ඕක අදාලත් නෑ...... Sir.... ඔයාගේ වටේ ඉන්න උන් මේ රටේ උන් නෙමෙයිද?,0,sinhala
අපි දාන්නේ හිර ගෙවල් වලට,0,sinhala
ඉස්සර අපේ ගෙවල් ලග හෙන වත්තක් තිබ්බා දවුල් කුරුඳු ගස් 50ක් විතර තිබ්බ පස්සේ ඔක්කොම කපලා විනාස කරලා වත්ත අයිති මිනිස්සු. හැබැයි ඒ මිනිස්සු වත්තේ මුකුත් කරෙත් නැ ඊට පස්සේ. තාමත් ගමේ මින්ස්සු ඉස්සර පුරුද්දට අවුරුදු කාලෙට හොයාගෙන එනවා දවුල් කුරුඳු කොල අරං යන්න 𝗦𝗮𝗻𝗱𝘂𝗻 · 13 Apr 2021 දවුල් කුරුඳු ඕනේ මොකටද?,0,sinhala
ලිංගේ තියෙන්නේ DP එකේද..? අනේ නිකන් පලයන් පකෝ යන්ඩ..! කරන්න වෙන වැඩක් නැති වුනාම ඔහොම වෙනවා.. අනුකම්පා ලිස්ට් එකට දැම්ම ඇ.. බායි!,1,sinhala
"මේ ආණ්ඩුව නෙවේ කොයි කලින් ආණ්ඩුවත් එහෙමයි , ඔක්කොම කාලකණ්ණි Chamal Kanishka · 8 Nov 2017 ජනවාරි ජන්දේ හෙට බජට් එකත් එනවා. සහන දෙයි හිටු කියලා. ඊට පස්සේ ආයෙත් අර හැට දෙලක්ෂයක් ගොන් නාම්බෝ ටික ෆෝම් වෙයි #Budget2017",1,sinhala
මම දන්නව උඹ බැඳල කියල.. ගෑණි කිව්වම කැත නිසා කෙල්ල කිව්වෙ,0,sinhala
ජෙරියා හැමෝටම අපහාස කරනවා....මගෙත් කොච්චර ෆොටෝස් එඩිට් කරනවද ඕකා...මේ පාරවත් පාඩමක් ඉගෙනගනියි...නෙදකින් භූගත බල්ලා,1,sinhala
"ඔහොම්මමයි , පානිය දාං එනවා වැඩක් කරගන්න නම්.. කාලෙකට කලිං මං ඒ ගොනා හොද ගානකට වික්කා.. Prabhash Jayaweera · 4 Sep 2020 එකියක් උදේ ඉඳන් කෝල් කරනවා, ලැප් එක අරන් ගිහින් ලිනක්ස් දාන්නලු VirtualBox එකේ. ඉන්නෙ අයිටී ඩිපාට්මන්ට් එකේ. මම මේ යකා පුකේ බැඳන් පාඩම් කරනවා හවසට කුප්පියක් දාන්නත් ඕන. හැම එකම විරිත්තලා අනුන්ට කියලා කරවගන්න බලන්නෙ වැඩිහරියක් ගෑණු. කතාවනං මෙතන සම අහවල් එක ගැන... මගුල!",1,sinhala
හිරගෙවල් කීයක් කියල හදන්නද ඇල්ලුවනම්,0,sinhala
"ඔව්, ඔය මී හරකා අපේ පොරක්නේ, අපිවගේම #lka GIF",0,sinhala
අපේ ගෙදර -බලු කෙල්ල -සුදු මැණික -මැණික් කැටේ - සුදු මණික -දෙයි කෙල්ල -පිංකි -කුකී -බලු බැල්ලි (කේන්ති ගියාම),0,sinhala
හොයපු තරමට හම්බ උනා නම් අද මන් ගාව මගේ කියල හීන දැකපු සේරම මගේ ලග තියෙන්න තිබ්බා ඔව් මම පට්ට ආවාසනාවන්තයි!! නෑ... URL,0,sinhala
"ශ්‍රී ලංකා පොළීසිය යනු මෝඩ ආතල් දෙන ස්ථානයකි... මන්දයත්, සැක පිට පාසල් සිසුවෙකු අත් අඩංගුවට ගෙන රිමාන්ඩ් භාරයට... URL",1,sinhala
දාන්න දෙයක් නැ පහලින් පොඩි එකෙක් දාලා හිටං කුණාටුව කියලා .. ඌව උස්සපන් . උගේ social මීඩියා එක block කරමු අපි,0,sinhala
ටහුකන්ඩ යකෝ ඒ ටික #එකළඟTweet වෙලානේ...,1,sinhala
වේස නිරෑපනය උඹ.,0,sinhala
දෙවැනි එක. ඒකවත් දන්නේ නැද්ද. මෝඩ ගොනා,1,sinhala
", ඇත්තටම ප්රශ්නය සහ පිළිතුර තෝරා බේරා ගන්න බැරි නායකයෙක් පත්වුනාම මෙහෙම වෙනවා",0,sinhala
රෑට රෑට සදුන් අයියා එරංග අයියා ඩිලංක අයියා එහෙම RT කරන එවා දැක්කම හිතෙනවා බැන්දට පස්සේ මාත් වල් ⁣කොල්ලෙක් වෙයිද කියලා,0,sinhala
මෙරට ජපන් වෙලාද මොකක්ද ඔවා නිව්ස්ද,0,sinhala
සිරාවටම මුන් මහ සාපයක් තමා.. කාලකණ්ණි හැත්තක් බන් රටට වැඩකුත් නෑ වැඩ කරන කෙනෙකුට කරන්න දෙන්නෙත් නෑ..,1,sinhala
ඒක පැහැදිලිව දාපන් එක්කෝ වරහන් වල තෝ AL fail ම වෙන්න ඕන ගොං බූතයා,1,sinhala
", මැස්සො යනව දැන් කටට.....",0,sinhala
මගෙ යාලුවො සෙට් එක මේ පාර සප්ත කන්‍යා 7ම නැගලා.. මට මිස් උනා නේ.. පාර සහ නැගීමනම් පට්ට අමාරුයි ලු.. සෙට් එකක් හොයාගැනීමයි ඉතිං ගේම..,0,sinhala
ඔබේ ප්‍රධානියා යාලු කරගෙන උසස්වීමක් ගන්න. ඔබත් මේ ෆෙන්ශුයි ක්‍රමය අත්හදා බලන්න. මේ වගේ ගොන් නම්බොත් ඉන්නවනේ මේ ලෝකේ URL,1,sinhala
වේස කොල්ලෝ ටිකක් ඊයේ පුක ඉරාගෙන නෙත් එකෙන් ගහපු නිව්ස් එකක් ගැන කියලා තිබුණා..කෝලි නාරාහෙන්පිට ක්‍රිකට් ගහපු හැටි... URL,1,sinhala
"උෂ්ණාධික දිනවල ලිහිල් හා විවෘත ඇඳුම් ඇඳීම විදේශික කාන්තාවන්ට ""ඕකේ"" වීමටත් ලාංකික කාන්තාවන් කල විට ""වේසා බඩුව""ත් වන ආකාරය පැහදිලි කර දෙන්න.",1,sinhala
අතීසාරයට අමුඩ ගැසීම,0,sinhala
හරි ඉතින් ආය.. ඕකට සාප කරන්නේ.. ගොනා,0,sinhala
වේයන්ගොඩ බස් ස්ටෑන්ඩ් ඒකේ ගෑනු චන්ඩියෙක්..කෙල්ලෙක් දැක්කම මොනා හරි කුප්ප කතාවක් කියලා ආතල් ගන්න දඟලන මුන්ව එල්ලන්න ඕනේ.කෙල්ලෙක් ලගින් ගියත් ඇති.නංගි ලග උන්නේ නැත්නම් අද ඕකගේ දත් ටික නෑ මේ වෙද්දි. යකෝ පොඩි එකෙක්වත් පාරේ තනියම යවන්න බෑනේ මුං නිසා.,0,sinhala
ඔයගොල්ලෝ කියන්නකෝ අපි අහන් ඉන්නම්,0,sinhala
මාස හයක් පරන නිව්ස් දාලා රට්ටු බයකරන්න එපා ඕයි,0,sinhala
ඇත්ත ම කිව්වොත් කව්ද බල්ලා කියල හොයාගන්න අමාරු උනා එකපාරටම ටිකක් .,0,sinhala
"මේ වගේ ආතල් ගන්න පොන්න හරකුනුත් ඉන්නවනේ මේ ලෝකේ, බලන්නකෝ එතකොට තේරේවි................ URL",1,sinhala
කොරෝනා..ඔයිට වැඩිය හොඳයි උඹ මට හැදිලා..මට ඇරිය නම්...කල් බලාගෙන හිටියා කන්දක් නගින්න..රෙද්ද...,1,sinhala
බෝලයක් අල්ල ගන්න බැරි අඩු කුලේ පර හැත්ත! පලයව් යන්න මගේ දෑහැට නොපෙනී.,1,sinhala
නාකියාට හොඳටම මොංගල් දැන්. ඡන්ද ගන්න අනවශ්‍ය ආගමික සංවේදී කමක් පෙන්නලා හරි ගොඩ යන්න හදන උම්මත්තකයෙක්මූ. රනිල් සජිත් වගේම තමයි මේකත්. මුස්ලිම් ඡන්ද ගන්න මුස්ලිම් එවුන් නොමිගේ මක්කම එක්කන් යන්නත් බැරි නෑ.අපේ දෙමව්පියෝ කොහොමත් අපිව දහම්පාසල් යැව්වා.මේක මේ අනිවාර්ය කරන්නේ රට හදන්නද,1,sinhala
", නිකන් පල මාලු වේසි යන්න. මංගලගෙ ඇටේ උරල එනව දැන් අපිට පුක දෙන්න",1,sinhala
===Job=== . ආවෙ කොහොමද ඒකි මෙතනට වැරදිනේ ඔක්කොම ෆයිල්... ඇත්ත බං උඹ කියපු එකනං නෑළු ඒකිට ඒ ලෙවල්... මොනරු දීලා... URL,0,sinhala
යාදර්දෙ යාර් අ බුලෙයා තමුසෙ පුකාර බුලෙයා,1,sinhala
දාල ගිය කිම්බ හමතිස්සෙම මතක් වෙන්නෑනේ.. රටේ ලෝකෙ අනික් දේවලුත් දැනගන්න ඕනි නේ..,1,sinhala
"කටට එනව හොද හොද ඒවා, ඒත් කියලා වැඩක් නෑ, ලක්ෂ 62ක ජනතා කැමැත්තනේ.",0,sinhala
පකයා වචනය වැරදි කැත වචනයක්ද? පයියාගල මිනිස්සු ගමේ නම වෙනස් කලාද? සිංහල බස වැඩෙනවා පරණ ඒවාට,0,sinhala
මෝඩයා DM එනවා හරකා,1,sinhala
තෝ වලිය බැලුවොත් ඒකටත් හෙන ගැහිලා යයි මැච් බැලුවා වගේ තමයි #HooduAqeeb,0,sinhala
ඔය හදිස්සිය නැත්තේ ඇයි පාස්කූ ප්‍රහාරයේ පරික්ෂණ වලට,0,sinhala
"අන්න හරි. එයාට එහෙම කිව්වෙ නෑනෙ ඔයෙ ""තන්"" කතාව",1,sinhala
මෙන්න මහින්දගෙ අවජාතක පුත්තුන්ගෙ තවත් අවජාතක වැඩක්.. වි වල බර ගැන හොයන්න කලින් වි වල ප්‍රමිතිය හොයලා බලලා... URL,1,sinhala
", රටේ නීතිය ගැන තෝ දන්නවද වඳ වේසිගේ පුතෝ ? දන්නැත්තං ඉගෙනගං! ජාතික වනසත්ත්ව හා තුරුලතා ආරක්ෂණ ආඥාපනත කියලා එකක් තියෙනවා. ඒකට අනුව ලංකාවේ හමුවන සර්ප විශේෂ 103න්, 98ක්ම ආරක්ෂිත සතුන්. (උග්‍ර විශ පහ හැර). එහෙම තොට ඕන ඕන විදිහට මරන්න කොටන්න බෑ. නීතය ගැන කියන්න කලින් ඉගෙනගනිං බූරුවා!",1,sinhala
තොපි මහා මල්ටිප්ලග් හුකම්නලා නේ,1,sinhala
""" : අයහපත් කාලගුණයෙන් මිය ගිය ගණන 8 ක් දක්වා ඉහළට #lka #WeatherSL URL",0,sinhala
"හිරු එකේ කාටුන් තෝරන පර හැත්ත , පොඩි උන්ගේ රස වින්දනය කනවා!!",1,sinhala
"O_o ඇයි යකෝ, මොන කරුමයක්ද ඕයි ඒ.",1,sinhala
"තමන්ගේ කැමැත්ත අකමැත්ත මත එන්නත් නොගන්න එක වෙනම එකක්, හැබැයි තමන්ගේ මෝඩ, අන්තවාදී මතවාද සමාජ මාධ්‍ය ඔස්සේ පතුරවලා යම්කිසි කොටසක් brainwash කරන්න තැත් කරනවා නම් ඔවුන්ට විරුද්ධව නීතිමය ක්‍රියාමාර්ග ගන්න ඕන. තමන් මෝඩයෙක් උනාට කමක් නෑ, රටක ඔළු විනාස කරලා ඒ රටේ herd immunity එකට...",0,sinhala
පාන්දර තුනට රතිඤ්ඤා දාන පිස්සා කවුද ?,0,sinhala
සීනි අඩු වෙලා හොඳටම..හොඳ සිහිය ආවම එයා අරක්කු බීලා මත් වෙලා පිස්සු කෙළිය කියලා හිතාගෙන ඔක්කෝගෙන්ම සමාව ගත්තා සියා කෙනෙක්..මැරෙන එකට අමතරව ඔය වගේ දේවල් පවා සිද්ද උනා එහේ,0,sinhala
මෝඩ රනිදු ඌරා,1,sinhala
කවුද බං අර මුසෝලීනිගේ පස්ස ගිනි ගත්තා වගේ බෙරිහන් දෙන එකා ?,0,sinhala
මොකද්ද උබේ නම? ප්‍රියන්ත... ප්‍රියන්ත මහඋල්පතගම රෙද්ද.. #Koombiyo,0,sinhala
යකෝ මේ ගැනු රෙදි බගෙට ඇදං ඇවිල්ල අපි දැක්කාම ඇබරෙනව හරියට රෙදි අපි ඇන්දුව වගේ තූ තොපි,1,sinhala
මූ යකෝ.. මෙව්වා rooftop එකේ ඉඳන් කතා කරන්න ඕනේ දේවල් ෆ්‍රෙන්,0,sinhala
හුක.. නෑ ඕන්නෑ,0,sinhala
ගොන් අලියෙකු.. පිට නැගි.. ගොන් අලියා...!!! අපේ ගොනා.. අපට හොදා - මීට..UNP පාක්ෂිකයන් !!!!,1,sinhala
මොකා රාක්ෂ ගෑණි :O,1,sinhala
අලුත් කෑල්ල රහයිද ප්‍රෙන්,0,sinhala
කොල්ල තාත්ත කිව්වෙ අපේ තාත්තට. උට අවුරුදු 3 දී අපේ තාත්තා නැතිඋනා. දැං කොල්ලගෙ අම්ම වෙලා ඉන්නෙ අපේ අම්මා. උගෙ වයස දැන් 10 ක් වෙනවා.,0,sinhala
- මෝඩයා/පිස්සා - සාම්ප්‍රදායික රාමු වලින් කොටු වූ සමාජ සම්මතයට පටහැනි සත්‍ය ප්‍රකාශ කරන්නා.. #Sagara,0,sinhala
මිනුවන්ගොඩදී පොලිසිය සමග සිදුවූ වෙඩි හුවමාරුවකින් ගොනා කෝවිලේ රාජා මියයයි වැඩි විස්තර >>> URL,0,sinhala
"ෆිෂර්මන්ට යකා ආවේස වුණා. 'තෝ මෙතන ඉංගිරිසියෙන් ප්‍රස්න අහන්නෙ, දෙන්නෙ බෙල්ල අනිත් පැත්තට කැරකෙන්න' කියලා ඇස් ගොරක ගෙඩි කරගෙන කිව්වා.",0,sinhala
අනේ පලයන් කොල්ලො යල්ල,0,sinhala
හොඳ මිතුරියක් කතා කලා. විස්තර කතාකරමින් ඉදලා මේ දවස්වල මොකො කරන්නේ ඇහුවා. මම උයපු හදපු කෑම බීම ජාති කිව්වා. බැඳලත් නැති එකෙ ඔච්චර උයන්න යන්න එපා තෝ ගෑනියෙක් වෙයි කියලා එයා කිව්ව. ඒක ඇහු වෙලේ ඉදන් ඇග බිජ්ජට තියෙන සම්බන්ධය අඩුවෙනව වගෙ. මේ කොරෝනස්සෙ ඒකත් හැලිල යයිද මන්දා,1,sinhala
ගොං කියන්නෙ ගොනාට බූරුවා .තඩි හරකා සත්තු තුන්දෙනෙක් .එකට බ්ලෙන්ඩර් කරාම හැදෙන එකා,1,sinhala
අය වැයේදී වැඩිම ගානට විකිනෙන්නේ කවුද? 1. විමල් 2. ගෙම්බන්පිල 3. බතික්සිරි 4. සුලුපක්ශ කියාගන්නා රැවුල් රිමෝට් 5. බලු සබ්බි,1,sinhala
බිජ්ජ මේ Tweets ගැන කියන්නෙ :3,1,sinhala
ඔය ඉතින් ඒ හුත්ති හිතන් ඉන්නේ ඒකි මහින්ද රාජපක්ෂගේ දුව කියලා,1,sinhala
"ඇයව ලඟට දැකලා කතාකරල එහෙම නෑ.නමුත් ඇය ලියූ කෘති ගනනාවක් කියවලා මගේ මතකයේ තවමත් තියෙනවා.ඉඳුනු පේර,කළු පුල්ලි රෙද්ද,වඳුරු උදව්ව,අමතු කෑමක්,හොරා අල්ලපු හැටි,නරි උගුල⁣ මේ ඒ වාගෙන් ටිකක්.ඇත්තෙන්ම කුඩාකලයේ ළමයෙකුට දෙන්න පුලුවන් හොඳම දේ තමයි ඒ. නිවන් සුව! සබිල් නැන්දේ",0,sinhala
අවජාතකයකු විසින් කල අමන ප්‍රකාශය. මම බලාපොරොත්තු වෙනවා තෝ ලබා අවුරුද්දේ මැරිලා යනකන්.,1,sinhala
ඇයි ඕයි මිනිස්සු හොර කරන්න මාවම තෝරා ගන්නේ හුත්ත,1,sinhala
තොට කොහෙද අයිසේ අයියා කෙනෙක් #AwuruduMysteriousPerson18 #ApeAwurudu,0,sinhala
"සිරාවටම දැන් තමා ලගට දැක්කෙ .ඒකි යෝදියෙක් වගේනෙහ් බැරි වෙලාවත් ඇගට පැන්නොත් ,මාව මැරෙයි",0,sinhala
.රෙද්ද ගලවා ගන්නේ නැතුව කට්ටිය පාලනය කරන්නේ කොහොමද කියලා Daenerysට Lyanna Mormont ගෙන් ඉගෙන ගන්න කියන්න. #GoTS7 #HouseLannister #TrustCersei,0,sinhala
"අනේ අදත් හතර දෙනෙක් ඉන්නවා පරිස්සමින් අයින් වෙලා යන්න. ටුවිට් එකක් දා ගන්න හේතුව, මේ වගේ අය ටුවිට් එකක් දාගෙන සේව් කර ගන්න ඕනා. ෆලෝබැක් එකෙන් පස්සේ අන්ෆලෝ කරන එක මන් දකින්නේ හෙන කැත වැඩක් විදිහට.",0,sinhala
"දැන්වත් බොලාට තෙරුනා ද මෙච්චර කල් කරපු දෙවල්, හම්බකරපුවා තෙරුමක් නෑ කියලා ..? . ඒ උනාට කමක් නෑ හෙටත් වැඩට පලයල්ලා, හම්බකරොත් තොපි කයි වෙලක් ඇර වෙලක් හරි. . ස්තුති..",0,sinhala
එහෙම කියපු මූම මෙහෙමත් කියනවා මේ වගේ අවස්ථාවාදී ගොන් බිජ්ජෙක් කටින්නම් වෙන්න බෑ මූ කතා කරන්නේ The following media includes potentially sensitive content. Change settings View,1,sinhala
මේ මනුස්සය යුද හමුදාපති කාලේ සහරාන් පත්තරේ දාලා බොම්ම්බ ගැහුව. ඔක තමයි ඉස්සරට තේමාව...,0,sinhala
"එළියට බහින්න කලියෙන්.. නීල් පැහැති වස්ත්‍රයෙන් සැරසී.. (ආභරණ නෑ), උපන් කැත අරින්න බෑ තමයි යාළුවේ.. #AwuruduSelfie18 #ApeAwurudu",0,sinhala
"හස්බන්ඩ්ගේ අම්මගේ අක්කාව හොස්පිටල් අරන් ගිහින් සිහිය නැතුව. ICU එකේ ඇඳේ තියලා injection එකක් ගහන්න. කොහොමහරි සිහිය නැති නිසා අත ඇඳේ ගැට්ටෙන් බිමට එල්ලිලා. හස්බන්ඩ්ගේ මල්ලි ඉඳලා එතන, nurse ගෑණි එයාට injection එක ගහලා, පස්සේ හිනා උනාලු මල්ලිගේ අතින් ලේ විදිද්දී. #සිරාසිද්දි #lka",0,sinhala
අශ්වයා පැනලා ගියායින් පසුව දැන් තමයි ඉස්තාලයේ දොරවැසිමට මතක්වෙලා තියෙන්නේ.,0,sinhala
නෑ නෑ මන් ඒකි නෙමෙයි කිව්වේ. අර සුදු කෙල්ල.,0,sinhala
සඩුන් බුවා මේම හිටියට අලි බඩක් තියෙන පට්ට තඩියෙක් ඈ #FutureMinds2016 #Galle . .,0,sinhala
බල්ලා ගැන ශෝකයෙන් මැරී බලු ගති ඇති ප්‍රේතයකුව URL,0,sinhala
ඊලග විනාඩියෙ එයිද ට්විට් එකක් ප්‍රශ්නකර නිදහස්කරා කියල,0,sinhala
අපේ පැත්තේ රස්නෙ හැටියට මගේ පෝන් කෑල්ල මදැයි මෙයින් බේරැනා,0,sinhala
ඕකගෙන් අහන්ටකෝ ඒ කාලේ රටේ දිපල විනාස කලේ රාජ්‍ය සේවකයෝ මැරුවේ විවස්ථානුකූලවද කියලා?,1,sinhala
", සක්කිලි බන් කැලනි කැම්පස් එකෙ ඉන්නෙ ,ආර්ට් කරන උන් ඉන්නවා කියන්නෙම එතන ගාල ගෝට්ටි",1,sinhala
"ඔව් මචං මේ ශාන් කියන එකෙකුයි උගේ සෙට් එකයි එක පුද්ගලයෙකුට මහ අවජාතක පිම්පි විදිහට reply කරලා තියෙනවා වරුවක් විතර, ප්‍රශ්නෙ ගිම්සි කියන බඩුවකගේ් tweet එකට joke reply කලා කියලා",1,sinhala
ටහුඩු යකෝ..පුංචි කාලේ කොල්ලෙක් වගේ,0,sinhala
"Posh උන් surfing board උස්සන් මුහුදට ගිහින් ආතල් ගන්නකොට ඒවා ""Tourism"" ලු ! එහෙම කරන්න permission තියෙනවා ලු ! අපි ගමේඇලට ටියුබ් එකක් අරන් ගිහන් පැද්දොත් පොලිසිය රෙද්ද උස්සන් ඇවිත් අපිව කුදලන් යනවා ""නිරෝධායන නීති කඩ කරා"" කියලා ! මේවා ජිවත් වෙන්න මරු රටවල්",1,sinhala
හුක්කුන් මොකක්ද යකෝ ඒ ... JAYA RECORDS · 5 Mar 2016 ow ithin...mktda owwa baba hukkun kale idnma nneee,0,sinhala
අපෙ සල්ලි . ඕක මිනිස්සු වෙනුවෙන් වැය කරානම් මොන තරම් වැඩ කරන්න තිබුනා ද,0,sinhala
කොමත් ශරීරගත වෙන ඩෝසේජ් එක එක්ක සුවර් නෑ අනික කොමද බං දන්නෙ මොන හුත්ත වෙල මැරෙයිද කියල. අනිත්‍යයි,1,sinhala
සංචරන නීති තියෙද්දි මොන මගුලකටද අයිසෙ කොළඹ යන්නෙ,0,sinhala
මුසත් හෙනම බඩුව වෙලා ඕයි දැන් Mushaf · 13 Apr 2017 මුං nudes share කරනවා වගේ නේ යකෝ මගේ Photo එකත් share කරන්නේ #AwruduBite,0,sinhala
"දේශපාලන කුහකත්වය වෙනුවෙන් ලාංකීය ක්‍රිකට් බිල්ලට තැබීම ගැන ලැජ්ජයි යකෝ, #",1,sinhala
අර කිවුවත් වගේ පුලුවන් නං තම්බි හරක් මරන එකටත් බැනලා ඔහොම ලියපංකෝ.. ඔලුව නමං ඉන්න එකාලට හැමදාම ගහන්න යන්න එපා.. තොපිට විකණං කන්න රටක් ජාතියක් ඉතුරු වෙලා තියෙන්නේ උන් ඒක රැක්ක නිසා.. බලු හැත්ත..,1,sinhala
මුස්ලිම් වෙන්න ඇති.වෙන මොක්කුද මේ රටේ ඔහොම සක්කිලි ඉන්නේ.,1,sinhala
මුලින්ම බලද්දි දැක්කෙ ගඩොල් කැට ටිකක් වගේපස්සෙ තමා #Caption එක දැක්කෙ,0,sinhala
රනිල් අගමැති කෙරුවොත් කිව්වා වගේ පැය 2න් ගෙදර යන්න වෙනවනේ...,0,sinhala
නොදකිං කාලකණ්ණි මුන් නත්තලට සුභ පතන්ඩ ගියාම එතනත් එක එකා ආගම් බදාගෙන ලයින් අල්ලනවා.පරයෝ,1,sinhala
එදා ඉඳලා මං ගොඩක් උන්ව අත් ඇරියා. ඔනෑවට වඩා පුක දෙන්න ගියාම අගයක් නැති වෙන බව තේරුම් ගත්තා,1,sinhala
ඔයාගෙ යෝනිය ගැන මං දන්නෑ.. හැබැයි මේ කරන කැත වැඩේට අහු උනොත් ගුද මාර්ගෙනම් පලනවා අම්මපා..fuk _Heshu_ · 3 May 2021 හායි guys කොහොමද ඔයාලට.. බලමු මගේ යෝනියට කරන්න පුලුවන් දේවල් මොනාද කියලා,1,sinhala
ජූඩි ඔයා එච්චර මෝඩ වැඩක් කළා කියලා මට විශ්වාස කරන්නත් බෑ,0,sinhala
"ඕව සාධාරණීකරණය කරල, පොල්ස් ලබ්බන්ට සුදු හුණු ගාන අවජාතක බැල්ලියොත් මේ බුකියේ නැතුවාම නෙවෙයි.... URL",1,sinhala
අඩො අලිමන්කඩ හන්දියෙ වෙච්ච දේ මෙතන වෙන්ඩ ඉඩ තියන්ඩ එපා,0,sinhala
"අමුතුවෙන් හිතන්නත් දෙයක් මෙතන නැහැ... මේක තමයි මේ ඇමරිකානු ඩොලර් වලට, ලංකාවේ ඉදිරිගමනට එරෙහිව වැඩ කරන මේ හැත්ත කරන්නේ #lka #SriLanka #Colombo #Srilankapolitics",1,sinhala
අම්මෝ දේව සාප Lahiru | · 21 Mar 2021 අහිංසකත්වය ප්‍රතිමූර්තියක් බඳු වූ පොෆයිල් එකකි හැකිතාක් කාරුණිකව හැසිරෙන්න....,0,sinhala
වෙනදාට කෑල්ලත් එක්ක ගිහින් love කරන උන් දැන් film බාන්න යයි!,0,sinhala
රන්ජන්ගේ පට්ට පල් බොරුවක් සජීවී මාධ්‍ය හමුවකදී අතේ මාට්ටු වෙයි.! URL,0,sinhala
මේ දැන් කරන්ට් එක ගියා -_- හුත්ත රෑට නිදාගන්න කලින් ෆෝන් එක Charge වෙන්න දාපු දවසට මොන හුත්තක් වත් වෙන්නේ නෑ..... URL,1,sinhala
"ටහුකන්න.. AC කාමර වල ඉදලා, සිංහල බැරි තොපි ලංකාව හදන්නේ කොහොමද යකෝ.. පොඩ්ඩක් පාරට බැහැලා බලපන් මිනිස්සුන්ට තියෙන... URL",1,sinhala
අපේ පැත්තක බස් එකකට නැග්ගොත් එක්කො තඩි ඇන්ටි කෙනෙක් නැත්නම් ඇන්ටිල වගේ කෙල්ලො. ඒකට මෙහෙ......,0,sinhala
කිසිම අදහසක් එන්නෙ නෑ පිස්සගෙ ඔලුවට.ඔලුව කරවෙලා ගිහින් ඔව් :/ :( #පිස්සා,0,sinhala
යකෝ මැරෙද්දි ඩබල් දාලා මැරෙනවැයි. මුගෙ අප්පගෙ තියරි බොල මෙව්වා,0,sinhala
ඒ කියන්නේ ගෑනු කිව්වොත් මේ පුක කහනවා කියලා..කහන්නේ පුක නෙමෙයි අනික් පැත්තද? දන් නැති නිසයි ඇහුවේ ඉතිං..,1,sinhala
වෙනසක් නැති වෙයි බන්..වැඩක් නෑ ඒවා ගැන නම් හිතලා...මොනා උනත් ඒවායින් උපරිමෙන්ම අමාරු වෙන විදිහටම එයි..,0,sinhala
හිතුනොත් මොකක් හරි සීරියස් ගොන් වැඩක් කරලා GoFundMe account එකක් හදලා සල්ලී හොයලා ඒකට ප්‍රතිකාර කරනවා #මටහිතෙනදේවල්,0,sinhala
අපේක්ෂකයන් ගනන වැඩිවෙලා වෙන්න ඇති .අවලංගු කරන්න කියන්නේ ?,0,sinhala
අම්ම මල්ලිලාගෙ Parent Teacher Meeting ගියා. තාම නැත්තෙ සේරම පටි රෝල් කරගෙන වගේ,0,sinhala
මොකක්ද බොලේ කිව්වේ...?? මගේ මොලේ අස්පට් නැත්තම් ඔයාල වගේ මොලේ අමාරු කාරයොන්ට tweet දායිද..,0,sinhala
මොංගල් ද ඩාලින් #2,1,sinhala
ඇත්තනේ ඉතින්.. එයාලට දර ලිප් වල උයන්න දන්නේ නැහැනේ,0,sinhala
ඔයා ඒ අම්ම ගැහැව්ව වැරදි ඊටපස්සේ කරලම නෑද ?,0,sinhala
හැක් කරලම තිබුනා නම් හැමදාම වැදගත් දේවල් බලන්න තිබුනා,0,sinhala
යකෝ අපට හෙන ලග,0,sinhala
අපි දැන් ඔයාගෙ වහලුන් ඉතින් ඔයා ඕනෑ දෙයක් කරන්න ලොක්කා,0,sinhala
ඒක මරු කතාව... තරුණකමේ මෝඩ ජවය එක්ක කුහක කම එකතුවෙලා මොකක්ද අමුතු දෙයක් දැනිල තිබ්බෙ.. තාමත් කුහක ජෙප්පෙක් විදිහටමයි හිතන්න පුරුදු...,1,sinhala
සර්ලා වෙනුවෙන් ඉවසන්න අපිට රට වෙනුවෙන් ඡන්දේ තියන්න ඔනි නේ ඔයලා ගෙනල්ල ඔවා බැ නේ අනේ,0,sinhala
අපි වෙනුවෙන් කොන්දේසි විරහිතව ජීවිතය වුනත් දෙන්නේ අපිට ජීවිතය දුන්න රත්තරන් අම්ම විතරමයි.. #MothersDay... URL,0,sinhala
Curfew දැම්මනම් ඔය මොන ලබ්බක්වත් නෑනෙ යකෝ...එලියට බහින හැම එකාම කස්ටඩි හන්න ෆෝසස්වලට පවර් එක දුන්නම හරිනෙ,0,sinhala
මේක දැකපු වෙලේ කකා හිටපු කේක් කෑල්ල මොලොස්සෙ ගියා බන්.,0,sinhala
"සමහර එකියො දෙන ටෝක් වල හැටියට උන් උන්න නම් අම්මපා "" ගෑණුන් විසින් මේ ලොව අලංකාර කරන ලදී "" කියල හතර අතේ බෝඩ් ගහන්ඩ තිබ්බ. හැබැයි තොපි අර රෙද්ද උස්සන් වේස කමේ යන උන්ටත් වඩා අන්තයි. උන් පිළිගන්නව හරි ඒක. තොපි යටින් ගහන ගේම් ටික වහ ගන්ඩ උඩින් ටෝක් කර කෝනව. අනේ හුකේ.",1,sinhala
අපේ මෝඩයෝ රුපියල් 5000හේ කැරට් අලේට රැවටිලා ආණ්ඩුවේ ප්‍රශංසා ගයනවා. කොච්චර කාලෙකටද දන්නෙ නෑ. මේ මෝඩ හැත්ත හිතන් ඉන්නෙ රුපියල් 5000 හැම මාසෙම ලැබෙයි කියලා.,1,sinhala
මෙ මනුසයාව ඝාතනය කරන්න දන්ගලන්නේ මොකාද? ඌ අමු ගොන් හරකෙක් වෙන්න ඔනේ..ඉන්න තරමට අනික් උන් ගොඩ,1,sinhala
සෑහෙන්න වැරදිලා තියෙනවා බං..පොන්න කබ්බොන්ව ෆෝම් කරපු එක තමා ලොකුම අවුල. Salina Lakshan · 12 Dec 2019 අශේන්ව දන්නවද දන්නවා නේ.. ලංකවේ කොතැනක් දැක්කත් අදුරනව. මැතිව් අබේසිංහ දන්නවද දැක්කොත් අදුරන්න මතකද මුණ රන් පදක්කම් 7ක් රිදී පදක්කම් 2ක් එක්ක ලංකාව රනින් බබලවපු කොල්ලෙක් දක්ෂ කොල්ලෙක් රටට ආඩම්බරයක් ගෙනාපු කොල්ලෙක් අපිට කොතන හරි වැරදිලා කියල හිතෙනවද? -Copied-,1,sinhala
කරොත් හොද නැද්ද ....මේකේ බරපතළකම පෙන්වන්න ඕනා,0,sinhala
"ඊයේ ඔබ පාසලේදි බඩුව යැයි විහිලු කල කෙල්ල ඇත්ත්තටම නොපිපුන මලක්ය ඔබ මෝඩයා කිව්වේ අම්මා නැති අහිංසකයෙක්ටය.. හැමදාම කැන්ටිමෙන් නොකන ඔහු ලෝබයෙකය, ඔහු හැදෙන්නේ ආච්චි ලග කියා ඔබ දන්නේ නැත ඊයේ හවස ඔබ තල්ලු කලේ අම්මා නැති ගෙදර අම්මා උන ලොකු අක්කාය..",0,sinhala
ඒක මෝඩ වැඩක් කියල පස්සේ තෙරුම් ගත්තා,0,sinhala
එක්කෝ පට්ට කැත වෙන්න ඕනි එක්කෝ පට්ට හැන්ඩ්සම් වෙන්න ඕනි ඇවරේජ් වෙලා ඉපදුනාම මාර කරුමයක් හැම දේම හෙන ඉන්ටෙන්ස් එකෙන් උපරිමේටම කරන්න ඕනි .. පොඩ්ඩ වැරදුනොත් වැටෙනවා වැටිල්ලක් නැගිටා ගන්න බැරි වෙන්නම,0,sinhala
පල පොන්න වේසිගේ පුතා. සල්ලි දෙනවා කිව්වොත් ඕනම තුප්පැහි වැඩක් කරන තෝ සක්කිලි බල්ලා ගැන අපි දන්නවා පකෝ. තෝ පහුගිය දවසේ ගොන්ජා බිජ්ජ උරන්න යනකොට අපි දන්නවා පකෝ වෙන්න යන්නේ මොකක්ද කියලා. කරලා බලපංකො සක්කිලියා.,1,sinhala
"අහල පුරවගන්න හිටියෙ."" ""ඕකනෙ තමුසෙල එක්ක වැඩක් කරන්න බැරි. බලනවකො අයිසෙ."" කෝපයට පත් කළමනාකාර තුමා පිළිගැනීමේ නිළධාරියට බැන වදිමින් එතනින් පිට වුනේය. කාලය මෙසේ ගතවිය.දින සති බවටත් සති මාස බවටත් පත් විය. එම ආගන්තුකයා ද කළමනාකරුට අමතකව ගියේය . හරියටම වසරක් ගත විය. ඊළඟ වසරේද එම",0,sinhala
ශා ... මරුනෙ අක්කෙ.අපිට මේ කොහෙවත් යන්න නැතිව නිිකන් පිස්සු ⁣වගෙ.,0,sinhala
පාර්ලිමේන්තුවෙ රංජා නැති පාඩුව පුරවන්න කාටවත්බැ,0,sinhala
ඒකත් එහෙමද බොල.... එහෙනන් ඊලග සතියෙ හොදින් හිටපල්ලා,0,sinhala
ප්‍රියාවිය උඹ මගේ අක්කාය ගෙන යන්ට සුදුස්සාය කිසිවෙක් නැති මගේ හිස් අතත් අරන් ඔබ යන්න යන තැනකට -කාලකියුලාශ්‍ර #TweetlikeUnfollowNangi,0,sinhala
කියලා පෝලිම් දාගෙන වදාපු අවජාතක හැත්ත උඹලා. හම්බයන්ටද පෘතුගීසි කැරියන්ටද කියලා හරියටම හොයලා බලාගනින් උඹලගේ ජාතකේ. මේකෙ ඉන්න වේස බැල්ලියන්ගේ පැණි අම්බුඩ එකතු කරලා තම්බලා බීපල්ලා ඔය කැරිකම හරියනවද බලන්න,1,sinhala
", නොදකිං තෝ.",1,sinhala
නියම වැඩ...ඕකුන්ව තියන්න හොද නෑ.. ගවයෝ 14ක් ලේසි පහසු ගානක් ද මං අහන්නෙ.. අඩුම අවුරුද්දක්වත් හිරේ තියන්න ඕනෙ.. ලේසියෙන් අතරින්න එපා..,0,sinhala
කව්ද මගේ කටට දුන්නේ ඇට්ටිය මම උගේ කටට දෙනවා ඇට්ටිය උපුටා ගැනීමකි,1,sinhala
තෝ තනියම ගියා නේද? ගල් මූසලය!,1,sinhala
පලයන් කැරි අවජාතක ඌරා පුක නොදී මගේ ට්වීට් එකෙන්,1,sinhala
වල් නාශක වර්ගයක්‌ යෙදීමෙන් අනතුරුව මින්නේරියේ කුඹුරු රැසක වී වගාව විනාශ වෙයි රටේ නායකයා පොළොන්නරුවේ නේද ? ඔහු දැනුවත් කලේ නැතිද ?,0,sinhala
බලන්න හම්බවුණොත් තෝ එපා කියයි,0,sinhala
"හොද දේ අඟය කරන්නටත් වැරදි දේ නිවැරැදි කරගන්නට විපක්ෂයේ සිට කටයුතු කරනවා වෙනුවට ""අපි විපක්ෂයේ නිසා අයවැයට විරැද්ධ වෙමි"" යැයි ප්‍රකාශ කිරිම තරයේ හෙලා දකමි... හිටපු ජනාධිපතිගේ මෙවැනි ප්‍රකාශන මගින් ඔහු අප රටේ සැබෑ දේශපාලන නායකයෙක් ද යන්න සැක සහිතය...",0,sinhala
කියන්නත් ඕන. එක්කො ඕන නෑ. දෙරණෙ උඹලා හෙන පවු බං,0,sinhala
ග්‍රවුන්ඩ් එකට ගියා කෑල්ලකට නම්බරේ දෙන්න.. දුවල දුවල මාර හති.. ඒකි SPORT කරන එකක්.. හෙඩ් සෙට් එකත් ගහගෙන දුවනව. අපි පස්සෙං දුවනව..,0,sinhala
මටම තේරෙන්නේ නෑ සාන්ත .....,0,sinhala
පිස්සු විකාරේ දාගෙන පොල්කටු මාලේ සිංදු කිව්වේ අපි තමුසෙලා කිරිබොන කාලේ #sajje,0,sinhala
"දැන්වීමයි ඔබ google හි කුරුණෑගල බස් ඩිපෝව සෙවූ විට එන ඩිපෝ අංකයට අමතා නොසිටීමට තරම් කාරුණික වන්න. මගුල ඒ කරුම කෝල් එක එන්නෙ මට මං ඩිපොවෙ නෙවෙයි. වැඩක් කරගන්නත් නෑ. කුනුහරප නොකියා, බයිට් නොකර ඉන්නෙ හරිම අමාරුවෙන්.",1,sinhala
කොහෙන්ද ඩෑලෙකක් පහත්වෙලා නොදකින්..*කැරියා.. *හුත්තටත් වදිනවා මූසලයා කියලා බැනලා එලෙව්වලු නේ.. පෟ නේද?,1,sinhala
සැනින් හිටපු ජනාධිපති තුමා ඒවා හාරා එහි ඇති නිදන් සියල්ල පරිස්සමට තියන්න ගෙදර අරන් ගිය බවයි වාර්තා වෙන්නෙ...,0,sinhala
අනේ යන්නෙපා ඩාලින්,0,sinhala
ඒ මැරුන මිනිස්සු කොයි ආන්ඩුවේද? ඒව හොයනව කියල ආවේ කොයි ආන්ඩුවද? ඒක හොයන්නම කියල ඡන්දෙ දුන්නු කොයි ආන්ඩුවේ මිනිස්සුද? පාර්ලිමේන්තුවම දැනගෙන ඉද්දි ගහද්දි ඒ කොයි ආන්ඩුවද? ආපු ගමන් අල්ලනවා කියල කිව්වේ කොයි ආන්ඩුවද? ඒවට රැවටිල ගොන් බිජ්ජො වගේ ගිහින් කතිර ගැහැව්වෙ කොයි ආන්ඩුවේ එවුන්ද Slash - සිසිර · 3 Mar 2021 පාස්කු කොමිසම කොයි ආන්ඩුවෙ එකක්ද?,1,sinhala
""" නාකි විසේ ගෙටත් උසේ..! "" සැමියාට නිදිපෙති පොවයි-හොර මිනිහා සමඟ අහවල් වැඩේ කරයි(VIDEO) | Medaperadiga URL",1,sinhala
"පහුගිය අවුරැදු හතර හමාරේ වගේ ,",0,sinhala
කරුම දතේ කැක්කුම නිසා නින්ද යන්නෙත් නෑ,0,sinhala
අනේ පකයෝ..... අම්මට හිකුවේ බල්ලෙක්ද?? ජාතිවාදය අවුස්සන්නේ උබ හුත්තෝ..... කැරි පොන්නයා...... තොගේ පයිය කපල සොසේජස් හදලා ඌරන්ට කන්න දානවා.... දැනගනින් වේසිගෙ පුතා.... තොට ගාඩ් එක නැතුව එළියට බැස්සොත් වෙන දේ.... කැරි පකයා..... වේස බල්ලා..... අම්මා ගණිකාවක් තාත්ත සල්ලාලයෙක් ද??,1,sinhala
"ඒ උනාට ඒකි ඉන්නවනං තමා පට්ට,",0,sinhala
අපේ ගෙවල් ඉස්සරහින් කැමරා කරන් යනකොට ඉස්සරහා ගෙදර බල්ලා විතරයි පාරේ ඉඳලා තියෙන්නේ :-D,0,sinhala
අවවාදයට වඩා ආදර්ශය උතුම්ය,0,sinhala
පොන්න රජා..පොන්සියා. පක බුරියා...කැරි තඩියා . අඟලේ පකා...,1,sinhala
මං : මොකෝ ? ඌ : බොන්නවත් සල්ලි නෑ අයියේ මං : යකෝ තොට නාන්න සල්ලි තියනවා නේද ඌ : ඔව් ඉතින් නාන්න විතරයි බොන්න නෑ,0,sinhala
එන්න එන්නම නාකි වෙනවා කියලා තේරෙන්නේ අලුත් අවුරුද්දක් ලබන කොට හිටං! #December31st,0,sinhala
"ඉන්නකම් මව්පියන් කියන දේවල් කනකට නොගෙන, මව්පියන්ට සලකන්නේ නැතිව, මව්පියන්ගේ සිහින සැබෑ නොකර, මව්පියන් මිය ගිය පසු පට්ට විදිහට රගපා මින් ඔවුන්ගේ නැති වීමේ අඩුව ගැන කතා කරන බහුතරයක් දැන් සමාජයේ ඉන්නේ. උන් මහ කාලකන්නි. ලබන ආත්මේ ඒවායේ පල විපාක ලැබේවි",1,sinhala
හයිබ්‍රිඩ් කාරයට සහ කොළඹ සුපිරි නිවස වෙනුවෙන් වෘත්තීය සමිති පාවාදුන් රනිල්ගේ හුජ්ජ කොල්ලා | URL via,1,sinhala
එක මිනිහෙක්ට ජීවිතේ ගැන කලකිරිලා බිල්ඩිමකින් පැනලා මැරෙන්න හිතාගෙන උඩට ගියාම දැක්කලු පහළ අත් දෙකම නැති මිනිහෙක් සන්තෝසෙන් උඩපැන පැන නටනවා. මේවගේ කෙනෙකුත් සතුටින් ඉන්න විදිහ මමත් අහගන්න ඕනෙ කියලා ගිහින් ඇහුවම ඌ කියනවලු තමුසෙ මේ මගුලක් කියනවා මම මේ පු* කහගන්න බැරුව දඟලන්නෙ කියලා... බන්ස් | BΛNZ · 22 Dec 2020 එක ගෑනුකෙනෙක් පොලිසියට කෝල් කලාලු පාරෙන් එහාපැත්තෙ තියන ගෙදර මිනිහා සැරෙන් සැරේ එයාට අත වනනවා කියලා. පොලිසිය ඇවිත් අර මිනිහගෙන් ඒ ගැන ඇහුවම ඌ කියනවලු රාලහාමි මගුලක් කියනවා මම මේ ජනෙල්ටික පිහදාගන්න බැරුව දඟලනවා කියලා... (ජනෙල් පිහදාද්දි එහාගෙදර කෙල්ලක් ඉන්නවා දැකලා මතක් වුනේ..),1,sinhala
උබ මගෙන් කුනුහබ්බ අහගන්න එපා හොඳේ ེගහනවා තොට භූමිතෙල්,1,sinhala
: නාන්න ඕන කීවනෙ..නානව ඉතින්.. : ක්‍රිස්මස් එනවනෙ..අනේ අපි රැවුලක් දාමුකො.. : බටූස් තමුසෙට රිදෙන්න දෙකක් දෙනව හරී.. : අනේ අනේ අදට විතරනේ.. : ක්‍රිස්මස් කේක් එක කියල කනව දැනගන්නව.. : හා හා : මෙන්න මෙහෙ එනව.. මගෙ මෝඩ බූරුව වර්තමානයේ දකින හීනෙක අනාගත ෆොටෝකොපියක්,0,sinhala
උඹ කියන දේවල් කරන්න උඹ මගේ තාත්තද? ට්වීට් දදා හිටියෙ නෑ ඒ මිනිස්සුන්ට උදව් කරනව මිසක්. පරණ ට්වීට් තියනව ඕනිනම් ගිහින් බලපන් ගිය පාර මම ගිහින් දීපු ඩොනේෂන්. කලින් පාර අරණායක කදු කඩන්වැටෙන කොට ගිහින් දීල ආවෙ. උඹල වගේ කීබෝඩ් එකක් පස්සෙ ඉදන් පුක රත්වෙන්න කෑගගහ හිටියෙ නෑ.,0,sinhala
පුංචි අපෙනුත් සුභ පැතුම !!,0,sinhala
උඹ මේ මඟුලක් කියනවා. සිංහල පොතේ ඒ කෑල්ල සම්පූර්ණයෙන්ම කපලා තිබ්බෙ. පස්සෙ කාලෙක පොත කියවද්දියි සුදු කපුටු සීන් එක දැක්කෙ :D,0,sinhala
"මගේ නිදහස් දින පසුවදන සහ පැතුම .... පෙබරවාරි 4 නිදහස් දින උළෙල පොන්න හිපියෙකු නොවූ, යටත් වැසි ජනතාවට තම දරුවන්ට සේ සලකන, සොඳුරු ආඥාදායක පාලකයකු යටතේ නිදහස සමරන්න සියලු ලක්වැසි ජනතාවට ලැබේවා යන්නයි",1,sinhala
"අද බදුර්දීන් ට නීතිය ක්‍රියාත්මක කරන්න කියන ආය, දැන් දන්නව බදුර්දීන් වෙනුවෙන් කතාකලොත් රෙදි ගැලවෙනව කියල.. එහෙම නොවුනනම් අර අකුනු ගහන වෙලාවට එලියට විසිකරන යකඩ කෑල්ල වගේ කතා කිය කිය හිටියෙ...",0,sinhala
බයික් එකට තියපු වෙඩිල්ල වෑන් එකට වැදිලා.අපරාදේ කියන්න බෑ. පට්ට ඉලක්කෙ ගැනිල්ලක්.තුවක්කු නෙමෙයි සී ලංකා පොලිසියට පොලු කෑලිත් බර වැඩියි. #lka,0,sinhala
shaa fm 90.9 or 91.1 islandwide... _________________________ උඹ දැනගනින් මම පැන්නොත් පැන්න පැත්ත දිනුම් - ශනිදා... URL,0,sinhala
ඔය හවුල් පාලනේට චන්දෙ දුන්නු එවුන් දැන් මගුල් කියාගෙන එන්න එපා.ඇට තලනවා.තොපි රටට ශාපයක්.රැඩිකල් පොන්නයො අනිත් එඋන්.අර සමනලී ෆොන්සේකා වගේ අවජාතක හැත්ත කෝ බන් උන්ගේ මීඩියා කන්ෆරන්ස්.උන්ගෙ අම්මගෙ රෙද්ද.දැක්ක තැන නෙලපියව්.ණය ගත්තා තමයි පකෝ.හැබැයි අපිහුස්ම ගත්තා.,1,sinhala
නෑ බොල මාලිගාවට,0,sinhala
අවජාතක ටොයියන් වෙතයි. උඹලට අම්මෙක් අප්පෙක් සහෝදරයෙක් නැති අවජාතකයො නිසා සතුටු වෙන්න පුළුවන් ඇති. හැබැයි උඹලපවගේ... URL,1,sinhala
බ යන්න ඩු යන්න බඩුව,1,sinhala
ඇයි ඒ කරන්නෙ... අපිට ඕනි හින්ද පකෝ... තොට ඕනිනම් අහක බල0 පල...,1,sinhala
දැන් ඉතින් අඩුවේගෙන තමයි යන්නේ. URL එකේ බාගයක් විතර හරි. The following media includes potentially sensitive content. Change settings View,0,sinhala
මන් දැක්ක වස්ති yfm එකේ ශෝ එකකට ඇවිල්ල කියනව යූටුබ් එකේ ඉන්න ඕන නැති කට්ටිය දැන් ඉන්නවලු. ඒක ෆ්‍රී නිසා ඔනවට වඩා කට්ටිය ඉන්නවලු. උන් කොහොමද බන් එහෙම කියන්නෙ? මුල අමතක පොන්න හැත්ත.,1,sinhala
කල්ලතොනි තොපි කලවං උන නිසාඑහෙම කියන්නෙ හුජ්ජ කොල්ලො උබල එච්චරයි,1,sinhala
""" මෝඩ පුද්ගලයකු තමන් මෝඩයකු බව දන්නේ නම් ඔහු එක්තරා ආකාරයක පණ්ඩිතයෙකි. මෝඩ පුද්ගලයකු තමන් පණ්ඩිතකු යැයි සිතන්නෙම් නම් ඔහු සැබෑම මෝඩයෙකි "" -බුදුන් වහන්සේ-",0,sinhala
පිස්සා මූ පිස්සා මූ පිස්සූ පූසා මූ,0,sinhala
තෝ දාන එ්වා අම්මයි තාත්තයි දැක්ක දවසට එ් මිනිස්සුන්ටත් හිතේවි හරි කියල,1,sinhala
මුලින්ම කලයුතුව තිබුනේ මෙයයි. එයින් ඇතිව්ම වලක්වන්නට ඉඩ තිබුනි. නමුත් දැන් පතිරි හමරයි. නිවරදි තිරන හරි වෙලාවට නොගනීමේ විපක අපිට විදීමට සිදුවිය.,0,sinhala
වැඩ වර්ජන කරවල රටේ ප්‍රශ්න ඇති කරවලා 3% වැඩි කරගන්නත් බෑ විජිත..,0,sinhala
"උඹලා අමිමා මෙිවා බලනවාද නැත්නම් මැරිලාද – පියුමිගේ ""තන් විකුණා"" වීව්ස් ගත්තු ඉරාජ් ලද ප්‍රේක්ෂක ප්‍රතිචාර URL",1,sinhala
හුත්තො පෙරිය තෝ මැරිල නෑ එහෙනං තාම මොකෝ වෙන්නෙ මොනාද අලුත් විස්තර,1,sinhala
තාත්තාද දන්නේ නෑ කිව්වේ එකත්,0,sinhala
තමුසෙ කඩං කෑවද ඒක,1,sinhala
වතුරට හුජ්ජ කරපු එකනම් වැරදි,1,sinhala
"ලංකාවෙ ගුරුවරු කියන්නෙ සමස්ථයක් විදියට අපි අත්දකින තකතීරු සමාජය හදන්න දරදිය ඇදපු උදවියම තමයි, අනෙක් අතට ඒ උදවියත් මේ තකතීරු සමාජක්‍රමයෙම ප්‍රතිඵල. ඒත් ගුරුවරුන්ට සාප කරන මෝඩයන්ට නොතේරෙන දේ තමා, ඒ පල්ලෙහාට දාන්නෙ තනිතනි පුද්ගලයින්ව නොව වෘත්තියක් විදියට රටක වැදගත්ම මුරගලකට කියන එක",0,sinhala
ඕන කෙනෙක් ෆලෝ කරනවා. කිසි භේදයක් නැතුව කොමෙන්ට් කරනවා. මේ රෑට කොට්ටෙ ගෑවිලා හුජ්ජ යන කෙල්ලො තමා අන්ෆලෝ කලොත්. පව් ඉතින්.,1,sinhala
ඔය කියන්නෙ පොත්ත කැත වුන්ගෙ හිතත් කැතයි කියලද,0,sinhala
"""ඤාව්ව්... සූට් බූට් දිග කලිසං, රෝල්ස් රොයිස් ගමන් බිමන්.. අද මැදුරේ හෙට පැදුරේ, පිස්සු පූසා මූ.. පිස්සා මූ පිස්සා මූ පිස්සු පූසා මූ.. #මංබලපුකාටුන්",0,sinhala
පැය 4ක් බස් එකේ ඇවිත් මැරිල වගේ. එක්කො දැන් බස් වල ගිහිං පුරුදු නෑ. නැත්නම් මං නාකි,0,sinhala
අමාරුදත් අහනවා..අපිට මෙහෙම අමාරුනම් ඇත්තට කොවිඩ් හැදුනම කොහොම අමාරු ඇත්ද හිතෙනවා,0,sinhala
කරුම ලෙඩේ හොද වෙන්නෙත් නැ එපා වෙලා ජීවිතේ — feeling sick,0,sinhala
තව සතියකින් චීනයෙන් හෝ ඉන්දියාවෙන් කරන්ට් යන්නේ නැති බලාගාරයක්,0,sinhala
:බත් බෙදන්න හදන්නේ. කවුද දැන්ම කන්නෙ? :මං කන්නෙ 2.30 ට විතර දැන්ම බෙදන්න එපා. :මං 2.15ට විතර කන්නම්. බෙදන්නකො දැං. බත් එක නිවෙන්නත් එපැයි. :බඩගිනී බඩගිනී.බෙදන්න බෙදන්න. :අැයි උඹ කන්නැද්ද අහ්.? :එහෙම මේ ගහෙන් ගෙඩි එනව වගේ කියන්න බෑනෙ. ඉන්න ටිකක් කල්පනා කරනකන්.,0,sinhala
යන එකී එක්ටැම් ගේක දාගෙන හිටියත් යනවා !! මගෙ කෑල්ල බඩුවක් නෙමෙ හුත්තො ඒකී ආවෙ ඇත්තටම ආදරෙ කරපු මා එක්ක මිසක් වෙන එකෙක්ව අත ඇරලා මා එක්ක ආවා නෙමෙයි තෝ කවුද කවුද තොට කිවිවෙ මන් දීඝගාමිණි එක්ටැම් ගෙදර හිටියේ මගෙ එකී !!,1,sinhala
"**හෙන හිනා මූට, හිතන් ඉන්නෙ පොර කියලා වෙන්න ඇති.. අවජාතකයෝ.. ශ්‍රී පාදේ අපි වැදලා නෑලු, බොරුවටලු කෑ ගහන්නෙ.. මුගෙ... URL",1,sinhala
ගෑනිව මුලින් හදාගනින් ඒකි මේකේ ගොන් පානවා උබට අහවල් එකක් තීද බලපන් මුලින් කලිසම ගලවලා,1,sinhala
"#Twitter එපා උන උන් පල මෙකෙන්.. තොපි නෑ කියලා මෙක වහන්නෙත් නෑ, අපි මෙකෙන් යන්නෙත් නෑ.. ඔ ඔ උබට තමයි කියුවේ",1,sinhala
අන්ත සහ අනන්ත සිදුවීමක් ලෙස දෙරට වැසි දකිති.....,0,sinhala
මෙව්ව සංසාරගත කරුම බන් කරුම URL,0,sinhala
කුචු කුචු රොම්බා යසට ගුණට කටට රහට රොම්බා,0,sinhala
අපේ බල්ලා ජාත්‍යන්තරයට ගොස් ට්‍රෙන්ඩ් වූ වගයි #apeballa,0,sinhala
බිංදු ඇන්ටි පාරක් ගහල යන ගමන් වෙන්න ඇති,0,sinhala
මට iPhone එක ගෙනාවෙ නැතොත් මේ එකක්ට අහුවෙනඑක අහු වෙනවම තමයි.,0,sinhala
", දැනගත්තා ගොනා හැරෙන්නෙ පොල් පැලේට කියලා",0,sinhala
අඩො huawei මොක හැදුවත් කමක්නෑ කියවන්න ලේසි නමක් දාගනිල්ලා,0,sinhala
‘තමුසෙ හොරෙක්’.. ‘තමුසෙ පල් හොරෙක්’.. කැබිනෙට්ටුවේ මුස්ලිම් ඇමති ඩබලකගේ සහජීවන ගාලගෝට්ටි URL,1,sinhala
තුහ් නොදකින් වසල හැත්ත.! අර අහින්සක රණවිරුවන්ට ගහපු ඒවුන් ගෙනත් පොලිමක තියල පෙති පෙති කපන්න් ඕන. වුන් පොර වුනා... URL,1,sinhala
බුර්කාව ඉවත් කරන්නට කලින් දේශීය අන්තවාදීන්ට පණ පොවන දේශපාලන නරින්ගේ බැටලු හම ඉවත් කල යුතුයි,1,sinhala
ආ.. බල්ලො මොකො බැල්ලි මොකෝ,0,sinhala
"කෝවලන්ට මාධවී එපා වෙන කොටස තමා මරුම. සක්කිලි කමට වේ* ගෑණියෙක් බැඳල අරාකාර තමන්ට ආදරේ කරන ගෑණි දාල ඇවිත්, ඊට පස්සෙ යක්ෂය ආවේස වෙලා. අනේ සාදු..! #පත්තිනිබලනගමන් #HiruTV",1,sinhala
අපි SM වල කුණුහර්ප දාපු හැටි. - @#$% - හු#$% - හු*ත - හුත්ත,1,sinhala
උන් පණදාගෙන අඳිනවා. . .මුන් ඊට උඩින් බැනර් පෝස්ටර් ගහනව දැක්ක තැන ගලවලා කසළ බදුනකට දාන්න. #කාලකණ්ණි #LKA #ගුරුවරුන්ගේආදර්ශය,1,sinhala
ඉස්ටේප්ලර් අයියා හානවා හෑමක්... ගොනා පරාදයි...,1,sinhala
"මට හදවතින්ම රන්ජන් අය්යා ගැන පට්ට දුකයි සුපිරි සැපවත් ජිවිතයක් ගත කරන්න පුළුවන් මිනිහෙක් ද. අනිත් දේශපාලඥයෝ වගේ ඡන්දය විතරක් ලං උනාම රගපාලා, මිනිස්සුව රවට්ටලා, කොමිස් ගහලා, සුපිරි මන්දිර හදලා, සල්ලි බැංකු වල දාලා, කුඩු හෝ බාර් හෝ මොන යම් බිස්නස් කරලා, දේශපාලන වාසි පැත්තට",0,sinhala
එතකොට රනවිරුවන් හිරේ දානකොට උඹලා කොහෙද හිටියේ. හඳේද?,0,sinhala
මේ වෙලෙත් නැගිටලා නම් උබල මහ සාප යකෝ,1,sinhala
"අමාත්‍ය මණ්ඩල සංශෝධනය විහිලුවක් වෙලා, මගේ විශ්වාසය තරුණ කටයුතු රාජ්‍ය අමාත්‍යාංශය තරුණයකුට දුන්න නම් වඩාත් ප්‍රායෝගිකයි කියල හිතනව. මොකද තරුණ මන්ත්‍රීවරු ගොඩක් ඉන්න නිසා. (බුද්දික පතිරණ වගෙ) ජනාධිපති තුමා අද දින සිදුවු මෙම සංශෝධනය විහිලුවක්, අපරාදෙ කාලය.",0,sinhala
Tv එකෙ පෙන්න්නැති වෙයිද,0,sinhala
මල්ලී අනේ එන්න අපෙනුත් මල් ගන්නකෝ.... ඔය මල්ලි එන්න මගෙන් මල් ගන්න මේ පොකුරම 100 යී මන් මේ මල් ඔක්කොම දෙන්නෙ ආදරේට හරි මල්ලි මේ රෝස මලකුත් ගන්න එකක් 100යී : රෝස මල් දෙන්න කවූරුත් නෑනෙ අක්කේ බුදු හාමුදුරුවන්ට දෙන්න ඉතින්... කැත හිත මල්ලිලගෙ... . . #මල්photography,0,sinhala
මගෙත් එහෙමයි. එක අකුරක් වෙනස් නෑ. ස්ක්‍රීන් කැප් හිටන් අරගෙන තියා ගත්තා. මේ වගේ ලයික් හිඟන ගොන් හැත්ත...,1,sinhala
තෝ දාන ෆොටෝ වලට මෙහෙම කරානම් වස්ත්‍ර ඉල්ලේ පුතේ,1,sinhala
කොමඩි කියන දේ හරි අමාරු දෙයක්.ඒක වචන වලින්වත් හැසිරීමෙන්වත් දෙන්න පුළුවන් කියලා හිතන්න බෑ.විශේෂයෙන් මුණේ ඉරියව්... URL,0,sinhala
"අපි පොඩි කාලෙ අහපු ""ඇම්ඩගෙ කතා"" ඇත්තද එතකොට.? ඇම්ඩගෙ අම්මා පියුමි හංසමාලිද.? දැවෙන ප්‍රශ්න අයිසෙ මේවා",0,sinhala
ඔව් බල්ලෙක්ට සාමාන්‍යයෙන් වතුරෙ නෙමෙයි අහසෙ තිබ්බත් අනතුරක් නම් නැත්නම් වෙනත් සතෙක් නම් දුර තියාම දැනෙනවා.කිඹුලෙක් කියන්නෙ ඉවට නොදැනෙන සතෙක් නෙමෙයිනෙ.බල්ලා ඇවිදින රේන්ජ් එකෙ ඌට එන්න බැරුව වගෙනෙ ඉන්නෙ ඊට එහාට යන්නෙ නැනෙ.මහ වේස වැඩක් ඕක නම්,1,sinhala
"(5/5) ගෑණි වෙන මිනිහෙක් බඳිනවා නම් ඒකි බඩුව, නැත්තම් වෙනස් වුණා. අපිට ඕනෙ ළමයි හැමදාම වැල් පාලමෙන් යනවා බලන්න. නැත්තම් අර ගෑණි හැමදාම තනියෙන් අඬ අඬ ඉන්නවා දකින්න. දුප්පත්කම, වේදනාව, විරහවට හෑලි ලියන්න ආසයි. ඒවාගෙන් recover වෙනකොට ඒකට මඩ ගහන්නත් ආසයි",0,sinhala
තිරිසනුන් අතර අවජාතක තිරිසනෙක්... URL,1,sinhala
"ටහුඩු , බාල බඩු එහෙනම්",0,sinhala
මේ වගේ සුලු දෙයක් වත් හරියට කලමණා කරගන්න බැරි ආණ්දුවක්..,0,sinhala
"පව් බන්, ඌ හිතන් ඉන්නෙ ඒකි සුරංගනාවියක් කියල",0,sinhala
අදික ප්‍රදර්ශනය කාමයෙන් පෙලෙන පොන්න සිකයියෙක්ට රීච් දුන්න ටිකක්. ඉදල හිටල රටට ලෝකෙට වැඩ දායි දෙයක් කරන්නත් එපැයි.,1,sinhala
වෙස් මුහුණ යට ඉන්න කෙනා හදුනාගන්න අමාරුයි.,0,sinhala
හරි දෙකක් නෙවේ තුන හතරක් අැති,0,sinhala
I liked a URL ලැජ්ජා නහරය බිජ්ජ ලගින්ම කපා,1,sinhala
දැන් අමාරු කරනවා.පූර සිඥ්ඥෝ දැවී ගියා,0,sinhala
"ආගම්වල ප්රශ්නයක් නෙවි තියෙන්නේ මහත්තයෝ,සෞඛ්‍ය පිලබද ප්රශ්නයක් ,මොලේ අවුල් වෙලාද,අර නසමාව දිල නිදහස් කරපු එකා ගාවට වෙලා හිටිය නම් ශරිර සෞඛ්‍යය ට හොදයි",0,sinhala
අම්බුළුවාව කැලෑවේ තනිවී සිටින දරුවන් සහ අම්ම ගැන අගමැතිගේ නෙත ගැටෙයි URL,0,sinhala
He=මැනිකෝ.. She=ඇයි මගෙ මැට්ටෝ.. He=වැඩ ඉවරද? She=ඔව් මගෙ වස්තුව ඇයි? He=මට නැගල ඉන්නෙ ලෙසටම.. She=හපෝ...හොරගෙඩියා..දැන් කට්ටිය ඉන්නවනේ පස්සේ කරමු... He=පයින් දෙන්න කලින් පෙත්ත අරන් වරෙන් බැල්ලි...ප්‍රෙසර් නැගල තියෙන්නෙ... #වල්කතාඅතරසිරාකතා,1,sinhala
කෙල්ලට බඩ යනවා ඇති... දැන්...,0,sinhala
බැසිල්ට පිස්සු ද? බැසිල්ට පිස්සු කෙළින්න දීල පැත්තකට වෙලා බලා ඉන්න ඒකාබද්ධ විපක්ෂයෙ නායකත්වයට පිස්සු ද? URL,0,sinhala
සිවිල් එවුන් මොනවද මේ වෙඩි තියාගන්න ඒව අස්සෙ කරන්න යන්නෙ,0,sinhala
ඔවු අපි එය හොදාකාරවම දනිමු ස්වාමිනි! නමුත් ඔබ දේශපාලනයේ ක්‍රියාශීලි වුවත් ඔබට නම් මෙතෙක් ඒ ගුණාංගය තිබෙන බව නොදුටිමු,0,sinhala
සල්ලි වලට ගන්න බෑ මනුස්සකම බොක්ක දීලා ලගට ගන්නේ නෑ අවස්ථාවාදියෝ… තනිවම නැගිටින්න පුළුවන් කම තියාන තොපි එක එකා පස්සේ යන්නේ ඇයී…? රට බෝතලේ පෙන්නලා අයියා දුන්නා උගේ රස බෝතලේ ඇතුලේ… ඔලුකන වස…වස පමණට වඩා ඉදිමුනාම හොදම... URL,1,sinhala
පොඩි කෙල්ලගේ කිම්බෙ පයිය අතුල්ලනවා,1,sinhala
"පින් බත් කාරයෝ යැපෙන්නේ ඔකුන්ගේ සල්ලි වලින්නේ කොහොමත්, එකනේ ඔකුන් 225ටම ආගමක් නෑ, ජාතියක් නෑ, රටක් නෑ, සල්ලි නිසා ඔනිම පර බල්ලෙක් කියන ඔනීම දෙකට බුරනවා...තූ... සක්කිලි.. ඔකුන් යන එනකොට හැප්පිලාවත් මැරෙන්නේ නෑනේ රටට තව පව් දෙන්නේ නැතුව...",1,sinhala
මේ තමයි #SriLanka වේ ජනතාව ගොනාට අන්දන රටේ ප්‍රධානියාගේ ඩබල් ගේම. මේ පිස්සු වැඩ දැන් #SriLankan ජනතාව හොදටෝම දන්නවා. මිනිස්සු ගු ගාගෙන ඉවරයි. දැන් තාමත් ඉන්නේ 2020 දී වතුර ලැබෙනකම් හෝදාගෙන පිරිසිදු වෙන්න. එත් 2015 දී ගා ගත්තු ඒවායේ ගද යන්නේ නැ.,1,sinhala
පුක නම් ජෙරී. ජෙරීනම් පුක,1,sinhala
"අනේ හුත්තෝ වැරැද්ද මොකා කරත් වැරැද්ද, මේ වැරදි හදන් ඉස්සරහට යන උන්ට යන්න දීපං, වැරදි පෙන්නලා දෙන එක කුමන්ත්‍රණ කියන්නෙ කොහොමද ? කුමන්ත්‍රණ වෙනම තියෙනවා, (ලංකාවේ කාර්‍යෂමතාව අඩු කරන මේ වගේ කාලකණ්ණි සෙල්ලමක් මිනිස්සුන්ට එපා වීම පිළිබඳ සතුටින් පසුවෙමි)",1,sinhala
තෑන්කූ තෑන්කූ ඩාලින්,0,sinhala
පරට්ටි වේසි වගේ වචන වලට පුරුශ ලිංග පද නෑ.අවශ්‍යතාවක් නැති නිසා,1,sinhala
ඉස්ලාම් අන්තවාදය කොයිතරම් ව්‍යාප්ත වෙලාද...? මේ ඉන්නේ ශ්‍රී ලංකා මුස්ලිම් කොන්ග්‍රසයේ ආරම්භක නායක M.H.M. Ashraf සහ ඔහුගේ බිරිඳ... මේවා උඹලා දකින්න ඕනේ.. මේ ඉන්නේ ශ්‍රී ලාංකිය මුස්ලිම් යුවලක්.. උඹලා මූණ වහගෙන හැමිනෙනවනම් බනින්න බය නෑ තොපි හැමෝම අන්තවාදියෝ.. මේ වගේ ඉඳපල්ලා... #lka The following media includes potentially sensitive content. Change settings View,1,sinhala
මන් උදෙන්ම බස් එකේ යන්වා ට්විට් බල බල තනියම හින වෙවි හිටන් ඉන්න මිනිස්සු හිතන්ව ඇති මට පිස්සු කියල,0,sinhala
ඔතනින් අයින් වෙච්ච එක හොඳයි. තව හිටිය නං තව ළමයි කී දාහකට කුඩු පොවයිද,0,sinhala
වියත්මගවල් හදලා පාර්ලිමෙන්තුවට උගත්තු ගෙමු කියපු ඔවුන්ම දැන් මෙහෙම කියනවා. තනිකර බොරැවනෙ කරලා තියෙන්නෙ.,0,sinhala
"ටහුඩු, වන්නියෙ ඒකෙත් නම වෙනස් කරල... . · 4 Mar 2019 මං නම් යන්නෙ ෆුඩ් දිට්ඨියට, පොස් කමට නෙමෙයි, පොලේ ගිහින් කොහොමද, දෙහි ගෙඩි දෙක තුනක්, කැරට් අල දෙකක් වගේ අඩුවෙන් ගන්නේ",0,sinhala
"පොර වෙන්න fb එකේ පොස්ස්ට් ශෙයාර් කරන්න එපා අනේ ගහෙන් වැටුන මිනිහට ගොනා ඇන්නෝ ගාගෙන හුත්ත රත්තා · 24 Mar 2020 The #Hantavirus first emerged in 1950s in the American-Korean war in Korea (Hantan river). It spreads from rat/mice if humans injest their body fluids. Human-human transmission is rare. There were even vaccines developed for it. Please do not panic, unless you plan to eat rats.",1,sinhala
":- තරිඳු මන් මහතද අනේ... :- පිස්සුද කාංචනා.... ඔයා ගානට ඉන්නවා ශේප්, මම කැමති ඔය ගානට... :- අනේ මගේ පිස්සා.. මේ මට බඩගිනි පැටියො මාව ෆ්‍රිජ් එක ලඟට උස්සන් යන්නකො :- නෑ ඔයා ඕම ඉන්න... මම ෆ්‍රිජ් එක උස්සගෙන මෙතනට එන්නම්...",0,sinhala
", ඔයාගෙ කැත හිතනේ දුලිප්පයියෙ.",1,sinhala
හුත්ත පයිය හුත්ත පයිය හුත්ත පයිය හුත්ත පයිය හුත්ත පයිය හුත්ත පයිය හුත්ත පයිය හුත්ත පයිය හුත්ත පයිය හුත්ත පයිය හුත්ත පයිය හුත්ත පයිය හුත්ත පයිය හුත්ත පයිය හුත්ත පයිය හුත්ත පයිය හුත්ත පයිය හුත්ත පයිය හුත්ත පයිය හුත්ත පයිය හුත්ත පයිය හුත්ත පයිය හුත්ත පයිය හුත්ත පයිය හුත්ත පයිය හුත්ත,1,sinhala
දන්න දෙයක් කතා කරපං බං.කරුණට රජ සැප දීලා ඌව හොඳ මාර්ගෙට හරෝගෙන උගේ මාලු උගෙ පිටේම තියල කපල තමා යුද්ධෙ කලේ..අහපන් සරත් ෆොන්සේක සර් ගෙන්..ෆොන්සේකා මහින්ද ගෝඨා තුන් කට්ටුවෙ සැලසුම්.උබල මොනාද කරපු සැලසුම් සටන් විරාම දදා පිට රටවල් වලට පුක දුන්න මිසක්.,1,sinhala
මොන බැල්ලිගෙ පුතාද යකෝ මේ.,1,sinhala
"අමාරු වෙනකොට ""මොකක්ද චැනල් එක"" කියලා අහන එක මේ පිලේ ගතියක්... URL",0,sinhala
ටොයියන්ගේ තවත් ජාවාරමක්... මරික්කාර්...අනේ හුකේ.. හැමිනියන් තෝ... URL,1,sinhala
මිරිස් වතුර පැකට් ගහන්නද,0,sinhala
"Body positivity හෝ body shaming කියා උලව්වක් මහපොලවේ නැත. ගැට තන් ඇත.වැල තන් ඇත.තඩි පුකවල් ඇත, ලෑලි පුකවල් ඇත.එකක් අනෙකට වඩා හොඳ හෝ නරක නැත.එපමණකි. #නොපලට්වීට් Senali De Silva · 9 Feb 2020 What do you peeps think? twitter.com/LisaBritton/st…",1,sinhala
පක තමා යවනවා බ්ලොක් ලිස්ට් එකට Rasikalink · 15 Nov 2019 ලොකු සීන් පෙන්වීමද ආදරයකි twitter.com/Rathgamaya/sta…,1,sinhala
පයියක් තියෙන හින්දා හුත්තො පයිය පෙන්නන්නෙ,1,sinhala
මේක කරන්න දවස් 4ක් ගියා...,0,sinhala
සංචරණ සීමා ඉවර උනාම බලන්නකෝ. සිගරැට්වල විකුණුම අඩු වෙලා තියෙන්නෙ මිනිස්සුන්ට එලියට ගිහින් සිගරට් ගන්න බැරි හන්දා.,0,sinhala
"මහින්ද එපා නම් ඡන්දෙ නොදී හිටපල්ල, පරාද කරපල්ල.. මේකෙ බොරුවට පොර tweets දැම්ම කියල එහෙම වෙන්නෙ නෑ බොල #GenElecSL",0,sinhala
මිනිස්සුන් ගේ ආකල්ප දියුණු කරොත් තමා රටක් ලස්සන වෙන්නේ....මේ වගේ කුහක් හැත්ත නිසා තමා අපේ රට තාමත් සංවර්ධනය වන රටක්... #LKA #StreetArt #StreetArtSL,1,sinhala
තෝ මොනවද මේ කරන්නෙ?,0,sinhala
තෝ ඉටින් කිහිලි ලෙවන්නනෙ ආසා,1,sinhala
"ගිහාන්ගේ ගෑණි ඌට ගහනවා, එතකොට සංජයගේ ගෑණි අම්මලට සලකන්න දෙන්නේ නෑ .. දසුන්ගේ ගෑණි මෙලො රහක් නෑ. ගිහාන්ලව,සංජයලව,දසුන්ලව Tag නොකරන මෙන් ඉල්ලා සිටිමී. #Podda #PoddaFB #Karaoke #Wife URL",1,sinhala
මේ යන වොදියට ගියොත් ඉන්ඩ්ගියාවට බඩුම තමා. Is@ කියා ගන්න බැරි සුතුටකින් .#පිස්සා,0,sinhala
අනික ඉතින් අපි වැල බැලුවා කියල පාරවල් ගානෙ ඉන්නෙ ගැනුන්ට හුක හුක යන්නෙත් නෑනෙඅරුගෙ මානසික අවුලක්,1,sinhala
මම බර්ත්ඩේ පාරිටිස් එකක් ගත්තාම නෙහ් හැමෝටම අමාරු,0,sinhala
අන්න හරි මං වල් ඌරෙක්...මං වල් ඌරා... #BestCartoonEver — watching සූර පප්පා,0,sinhala
සුදු හඳුන් පකිස්ථානයට ගෙනියන්න බැරිවෙයි: සුදු හඳුන් තොගයක් නීති විරෝධීව රැගෙන යාමට උත්සාහ කළ පක... URL #lka AdaDerana,0,sinhala
ආව්වා සුබ සංද්‍යාවක් ඩාලින්,0,sinhala
මොකද බං ගල උඩ ඉඳන් කොල්ලො භාවනා කරන dp දාන් ඉන්නෙ,0,sinhala
"""වලක් හාරලා පයිය ඒකට දාන්න"" ඔව් ඔව් හෙන වලත්තයි වගේ තමයි.... කඩ්ඩෙන් කිවුවනම් ශේප් නෙහ්...එතකොට ලස්සනයි...",1,sinhala
ඕ එක තමයි.. නොදකින් පොඩ්ඩි මෙහෙම පොන්නයෝ... ගෙදර ගැණිත් තනියෙන්නේ ඇත්තේ ඒවා හොයපල්ලකෝ රෙද්ද,1,sinhala
ඔය මිනිස්සු ත්මයි මේ ලෙඩේ පතුරන්නේ,0,sinhala
ශ්‍රී ලංකාවේ අධිකරණ පද්ධතිය මී හරකෙක් පිස්සුවෙන් දුවනවාලූ අලියා-ඇයි උඹ දුවන්නේ ? මී හරකා-උන් එළදෙන්නු සේරම... URL,1,sinhala
ඇයි පකෝ තෝ කෝල් කරන්න නෙවෙයිද ඉල්ලුවෙ නොදකින් උබත් ගොලු කාන්ති වගේ...ඊය යකෝ පිරිමි කම ලැට් එකේ දොරට හේත්තු කරහන් කුක්කු බිලිංජා,1,sinhala
අවුරුදු 10ක් වත් හිරේ යන්න ඕන,0,sinhala
"පෑන පෙට්ටියට දැම්මා කියලා උජාරුවෙන් කිව්ව මිනිස්සුනේ මේ පෑන හොරකම් කලේ නෑ කියලා fact check කරන්නේ කිව්වම හිත වාවන්නෑ ""අනේ නිකන් පලයන් බන් යන්න.අපේ බැසිල්තුමා ඔය වගේ පොඩි හොරකම් කරන්නෑ"" කියලා කිව්වනම් කවුරුත් විශ්වාස කරයි.හැබැයි මේ වගේ fact check නම් මලාට විශ්වාස කරන්නෑ.",0,sinhala
ඇයි බං මේ වගේ ගොන් බිජ්ජෝ වෙනුවෙන් කාලය නාස්ති කරන්නේ? ඔය seen එක ඔප්පු උනත් නැතත් මුන්ගේ මතය වෙනස් කරන්නේ නෑ.,1,sinhala
"චණ්ඩි බුද්ධාගම, පොන්න පොලිසිය සහ යහ (ලාලකතිස්ස) පාලනය URL #lka #SriLanka",1,sinhala
"හා හරි. ඔයා හරි කියමුකො. දැං එටිසලාට් වට්ටල ඉවරයිනෙ. එහෙනං තව මොන රෙද්දද, පටංගන්නකො කැම්පේන් එකක් ඩයලොග් වට්ටන්න. මොකද ඒකත් මැලේශියන් රජයට අයිති එකක්නෙ. මැලේශියා කියන්නෙත් තඩි හම්බ රටක්නෙ. හැබැයි ඉස්සෙල්ලම ඔයා ඔයාගෙ සිම් එක කඩල පින්තූරෙ දාන්න ඕන හරිද?",0,sinhala
එහෙම ඕනිනං තඩි පොල්ලක් ඕනි වෙනව,0,sinhala
", වේසිගේපුතේ මහින්ද නොහිටියනම් ඔය කියන කරුණයි ප්‍රභාකරනුයි දෙන්නම එකතුවෙලා උතුර නැගෙනහිර වෙනම පාලනයක් අරගෙන අපි අද දකුණට වෙලා කොයිවෙලේ බෝම්බයක් පත්තුවෙයිද කියලා බයේ ඉදීවි.තෝ කොහේ හරි ඇඳක් යට ගුලිවෙලා ඉදීවී.පකිස්තානෙයි ඉන්දියාවයි කාෂ්මීරෙ මරාගන්නවා වගේ අපේ හමුදාවේ උන් හැමදාම මැරිල-",1,sinhala
කාලකණ්ණි ගේම් එක අන්තිමේට අතින් කයිට් වෙන ඇත්ත පූල් බෝඩ් එක්කින් අපිව නතර කරේ VK · 13 Sep 2020 Ball Pool ප්ලේ කරන්න කවුරුත් නැද්ද,1,sinhala
බුලර්ස් ප්ලේස් පලයන් ..fpa එකෙන් ඕනී තරම් අරන් ආවැහැකි වොලන්ටරි ප්‍රෝග්‍රෑම් එකට සෙට් උනා නම් ගමටම බෙදන්න ඉල්ලගෙනත් ආවෑකි,0,sinhala
"පුද්ගලිකව දකින්නේ UNP අය කරේ ලංකාවේ ලීස් නැත්නම් ඒකත් පිටරටින් ගෙනල්ලා දීලා කන්න දෙනවා වගේ දෙයක්,ඒත් අමාරු උනත් ලංකාවේ දෙයක් හදලා මිනිස්සුන්ට දෙන්න දැං ඉන්න අය කටයුතු කරනවා,පහුගිය ආණ්ඩුව බාල දේවල් ගොඩක් ගෙනාවා මිනිස්සුන්ගේ බෝ නොවන ලෙඩ ගැන හිතුවේ නෑ,අඩුපාඩු එමටයි ඒත් හොදක් තියේ",0,sinhala
හිනා වෙලා හිටහන් .. කාගෙවත් පව් කරුම උඹට මට වෙනස් කරන්න බෑ කෙල්ල..,0,sinhala
"නොදකින් මුසලයා , වත් පරාද කරන්න හදන්නේ චන්දෙන්.",1,sinhala
මෙවන් අත්තනෝමතිකව ක්‍රියා කරන්නවුන් ප්‍රතිපාක්ෂිකයන්ගෙන් සංහිදියාව බලාපොරොත්තු නොවිය යුතුය !,0,sinhala
මැදිවයසෙ අම්මා කෙනෙක් හිමිහිට අංක බල බල ගගහ CDM මැශිමෙන් එකවුන්ට් 2කට සල්ලි දානෝ.. මට පිටිපස්සෙ ඉඳිය ගෑනු දෙන්නයි ම්නිහයි කුනු කුනු ගානො .. දවසම යයිලු.. පරක්කුයිලු.. අනේ මන්දා එ ගෑනු මිනිස්සු ඇයි ඒම.. බැරි අමාරු මනුස්සයෙක් බැරිකම නිසානෙව පරක්කු වෙන්නෙ..,0,sinhala
ඊයේ උදේ ට්‍රෙින් එකේදි උඹ කිව්ව මිනිස්සු හරි භයානකයි බන් කියල.මන් අනිත් අයටත් කියල හිනා වුනා මෙයා ඒක දන්නේ දැන්... URL,0,sinhala
Reply එකෙයි Quote එකෙයි වෙනස. Reply එක - අඩො උඹ කියල තියෙන්නෙ කැත කතාව. චාටර් ඈ. Quote එක - ඒ ඒ මේ ඒ මෙයා කැත කතාවක් කියලා. චී යා නේ. ඒ අනේ බලන්නකො මේ මෙයා ඊයා කතාවක් කියලා. කෝ එන්න අපි බනිමු. එන්නකො අනේ බනින්නකො මෙයාට. අනේ බනින්නකො.,0,sinhala
ගෑණු 5ක් එක්ක නිදයන පිරිමියා පොරක්.. පිරිමි 5ක් එක්ක නිදියන ගෑණි බඩුවක්.. දූපතේ ලොජික්,0,sinhala
ඇයි එයාලට මාසික දීමනාවක් දෙනවද වෙන රටවල වගේ?,0,sinhala
", ගෑණි කියන්නෙපා බං... නෝනා කියලා ලස්සනට කතා කරපංකො",0,sinhala
සුභ උදෑසනක් බැල්ලියනේ.. සිහ් ඒකෙ කැත.. The following media includes potentially sensitive content. Change settings View,1,sinhala
ලංකාවේ අධ්‍යාපනය දැන් තිබෙන්නේ විනාශ මුඛයේ.ආණ්ඩුවේ කයිවාරු විතරයි.#LKA #education,0,sinhala
ඕං කනෝ පිනුම් කිව්වලු....,0,sinhala
කෝට් කරපු එකෙක් වත් ආවෙ නෑනේ රෙද්ද උස්සන්,0,sinhala
"රු.100 සම්බා රු.150ට රු. 80 සීනි රු.230ට යන්න දෙනවා. ඩඩ්ලිලා සජාඩ්ලා පට්ට ලාභ ගන්නවා. 'ස' පොඩි ෂෝ එකක් දාලා සම්බා රු.125ට සීනි රු.130ට බස්සනවා. ඩඩ්ලිලා සජාඩ්ලා සතුටින්. 'ස' කූට ව්‍යාපාරිකයන්ට පාඩමක් ඉගැන්නුවා කියලා බයියො සතුටින්. කොහොමද 'ස'ගේ ටිකිරි මොලේ. URL Wasantha Perera · 9 Sep 2021 සහල් මාෆියාවට ශොට් එකක් වැදුනා, ගෝඨාභය සැර මදි කියූ අපේම ඈයෝ පෝලිමට එමු බලන්න.",1,sinhala
අප විසින් කර යුත්තේ ඉතා සුපරික්ෂාකාරීව අපගේ අතීත ප්‍රවේණිය සොයා දැනගැනීමයි‍. ඒ අපගේ දැයෙහි සැබෑ නැගිටීම ඇත්තේ එහි නිසාවෙනි... කැරි පක පයියේ දමා ගෙන ගොස් වේසියෙකුට දීම...,1,sinhala
තව ටික දවසයිනේ බෙහෙත් නොබිව්වට කමක්.නෑ.,0,sinhala
ඇත්තටම පිස්සා සහ දොස්තර URL,0,sinhala
දැන් කවුද කියපං මේකෙ ඉනනේ අන්න අරූ ගියා... මොන ලබ්බක්ද බං මේ.. කො ඇයි යකෝ ඉම්රාස් ඈතින් වගේ ඇහෙන්නෙ??? ⁣මොකද යකෝ මේ එකෝ වෙන්නෙ කවුද ස්පීකර් ඔන් කරලා තියෙන්නෙ.. ආහ් දැන් හරි.. නෑ නෑ තව එකෙක් ඔන් කරගෙන..,0,sinhala
"අර මාශියන් ඩයල් එකගෙ අන්තිම සීන් එක හෙන ගොං. අච්චර සිද්ධියක් වෙනවා නිකන් බලන් ඉඳලා අන්තිමට ඇවිල්ලා කියල යනවා ""ඒ මේ කේස් එකක් නම් මට කියන්න ඈ"" කියල.",0,sinhala
"උබ ගොනා, කරත්තෙ අයිති කරන් ඇද්දට මමත් ඉදලා හිටිලා ඕකෙ නැගලා ගිහින් සැපක් ගන්න්වා — feeling Diss",1,sinhala
පුල්ලි ගොනා පුරුදු කාරයා මම ගොනා කරත්ත කාරයා #MisheardSinhalaLyrics,0,sinhala
ටුවිටර් හොලික් උනාට පස්සේ අරකිගේ හෙන ඝනකම නේද යාලෝ.. ටැග් ටැග්,0,sinhala
#Gammadda100 #lka #News1st ඔක්කොටම කලින් තමන්ගේ කාර්යාලයට යන පාර හදලා හිටියනම් හොඳයි නේද ? ලෝකෙට පරකාසේ ගෙදරට මරගාතේ,0,sinhala
පවු අනේ UNP එකට චන්දෙ දුන්න අයට..,0,sinhala
හොද හොද අපරාද බලාගන්න පුලුවන්. හුරේ........,0,sinhala
ඇය.;;... පැදුරේදී මැණික වී සමාජයේදී බඩුව විය නොහැක..,0,sinhala
ගමේ සමහරක් ඇන්ටිලත් බඩුව එයාලගේ දුවලත් බඩුව,1,sinhala
මෙි රටෙි මිනිසුන් තනිකර කෙලින්නේ පිස්සු..,0,sinhala
"පිල්ලෙයාන්ල, කරුණාලාගේ උදව් ගන්න හොඳයි සක්කිලි රාජපක්ෂලට. ෆීල්ඩ් මාර්ෂල්තුමා හිටපු LTTE අයට එන්න කිව්වම මුන්ගේ ඉත්තෑවො දුවනවා. එහෙම තමයි ගොනෝ උන්ගෙ අරමුණු ඉවත් කරන්න ඕනේ. මේ ගෙ ඒවා කෙයාර් කරල උබත් නෝන්ඩි වෙනවා. #ගොන්බයියො",1,sinhala
RT : යුවරාජ්ගේ පියා දෝනිට සාප කරයි URL #srilanka #lka,0,sinhala
තොපි කපූ සපූ කියලා මැරෙන්ඩ හැදුවම තමා හැමදාම ඕකා අවුට් වෙන්නෙ කට වහපියව් හැත්ත....,1,sinhala
මොකක්ද තීරණය? තාම නිර්දේශ වෙලා විතරයි,0,sinhala
"මතක තියාගනිල්ලා කොල්ලනේ මින් පස්සේ උඹලා බිජ්ජ පිපුරුවත් කමක් නෑ, පාරවල් වල , ගස්වලට, පඳුරු වලට හුජ්ජ කරන්න එපා. පරිසරය විනාශ වෙනවලූ.. ආදි මානවයා හිටියානම් ඌ මානව හිමිකම් යනවා මේවා දැකලා.. එන්න අපිත් බිජ්ජ පුපුරවාගෙන පරිසරට සුරකිමු.. #පරිසරවේදියා",1,sinhala
එයා හෙන කෑල්ල කියල හිතාන ඉන්නේ.,1,sinhala
අයියෝව්ස් දැන් ඉතින් උඩ බලන් ඉදෆිය මුසලයා.... 󾍀󾍀 #අසික්කිතයි URL,1,sinhala
මුන් නම් මහ අමුම අමු කාලකණ්ණි සක්කිලි බයියෝ බන්. පොඩ්ඩක් නිකමට හිතලා බලපන් නන්දසේන ගෝඨාභය රාජපක්ෂට හරීන් නන්දසේන කිව්වා කියලා ස'ට අච්චර හිත රිදුනා නම් මේ පොඩි කෙල්ලට 69 ලක්ෂයක් එකතු වෙලා මේ කරන පහර දීමට කොච්චර හිත රිදෙන්න ඕනේද? මානුෂීය වශයෙන් බයියෝ ඉන්නේ සෘණ මට්ටමක.,1,sinhala
රැපියලට සිදුවී ඇති බලපෑම සහ ලෝක ආර්ථික අවපාතයක් පවතින අවස්ථාවක ඉහළම නායකයන් කියාගන්නා අයගේ පවුලට සම්බන්ධ හැත්ත බුරැත සියල්ලම ජනතාවට අයත් විදේශ මුදලින් රට පටවාගෙන යන විට අපට පැවැත්මක් තියේවිද? මේවායේ සාපය කා පිටින් යාවිද? #lka #SriLanka,0,sinhala
ඇමැති දිලුම් මෝටර් රථ ප්‍රවාහන දෙපාර්තමේන්තුවේ පස්ස දොරේ වැඩ හොයයි URL #mawbima #latestnews #lka,0,sinhala
ආන් ඒ උන්දෑ අක්කා.. රටක් වෙනස් කල ඒ මෝඩ හුට්ටප්පරේ,1,sinhala
ගස් ගෙම්බා සමනලයා වල් ඌරා හරකා මී හරකා රෙපේතයා,1,sinhala
ඒක පට්ට.. 𝗛𝗜₦₵𝗛𝗜 ♡ · 30 May 2019 අයින් වෙන්න අයින් වෙන්න,0,sinhala
"දහ අටවන මාසයේ බැල්ලි ඇතින්නිය ළඟට ගොස්, ඔබ ගැබ්ගෙන ඇති බව ඔබට විශ්වාසද? අපි එකම දිනයක ගැබ් ගත්තා. මම බලු පැටවුන් දුසිමකට තුන් වතාවක් දරු ප්‍රසූතියක් කර ඇති අතර ඔවුන් දැන් විශාල බල්ලන් බවට පත්ව ඇත. නමුත් ඔබ තවමත් ගැබ්ගෙන ඇත. කුමක් සිදුවේද?",0,sinhala
යහපාලන රෙද්ද කඩා ජාත්‍යන්තරයට රට පාවාදුන් හැටි දැනගන්න URL,0,sinhala
අපි සතුටු වෙනවා ශ්‍රී ලංකාවේ ජනාධිපති තුමා ඇමරිකන් නියෝජිතයෙක් නේද ?,0,sinhala
"මෙන්න මේක FB එකේ share කරල තිබ්බ අංකල් ලංකාව වැඩක් නෑ කියලා ""ඉන්දියානු"" පුරවැසිභාවය අරන් දරුවන්වත් එහෙ ඉස්කෝල වලට යවාගෙන ෆුල් හින්දුස්තානී වෙලා ඉන්න එක්කෙනෙක්. යකෝ ඉන්දියානු පුරවැසිභාවය???? පුකෙන් හිනා. මුන්ගෙ ජාත්‍යාලය රෙද්ද පල්ලෙන් බේරෙනව.",0,sinhala
"46 others කුලී ලියන්නෝ බලපියව්, යුද්දේ කරපු එකා අතපය නැතුව රෝද පුටුවෙන් බිමට බස්සලා යුද්දේ විකුණගෙන කාපු කම්බා හොරාගේ කකුල් දෙක ලග, ඇයි කාලකන්නියට බැරිද රෝද පුටුව ලගට යන්න. අනිකා බලපියව් යුද්දේ යන අතරේ හොරා කාලා පැනලා යනවා. තොපි වගේ අවජාතකයෝ මුංව ඇදැහුවාට දැං ඇත්ත කවුරුත් දන්නවා.සක්කිලි!",1,sinhala
අද වත්තට බැහැලා පට්ට අමාරුයි ඇගටත් අමාරුයි ගස් නැගලා ශනු නංගි කීයට ඇක්ටිව් වෙයිද දන්නෑ ..,0,sinhala
කලින් කෑල්ල කිව්වෙ බොන්න එපා මල්ලී කියලා. ඔතන්න එපා කිව්වෙ නෑනේ. ඒ නිසා බොන්නෑ,0,sinhala
කෙල්ලොත් උඩ දාගෙන කොල්ලන්ට බැන්නට හනිමුන් දවසේ ඔය හැම කෙල්ලම කොල්ලා ඉස්සරහ පට්ට පදිරි බන් :3 :3,0,sinhala
චූටි කාලේ TV එකෙ ඉන්න මිනිස්සුන්ට මාව පේනවා කියලා හිතලා එයාලට හිනා උනා මෝඩ මං... ඒකට දැන් ළමයි ...,0,sinhala
අල්ලපු ගේදර නැන්දගේ දුවගේ කිම්බ වගේ මයි,1,sinhala
දාන් ඉන්න අමාරුයිලු.මුගේ ආච්චිට යකෝ මේ වගේ ගල් බූතයො හින්දා අපි මුලු දවසම ඉටිකොල ගෝනියකුත් ඔලුවෙ ඉදන් පොරවන් මාස් දෙකක් දාගෙන වැඩ කරන්නෙ මේකට මේ පැය ගාන මාස්ක් එක දාන් ඉන්න අමාරුව..මන් ඒ ටික කියන්න කලින් කොල්ලා සාක්කුවෙන් ගත්ත මාස්ක් එක දාගෙන ශේප් වෙලා ගියා ඉතින් රජය වැරදීලු!,1,sinhala
"අනේ තෝ වගේ මොඩ මුසලයෙක් ගොන් අලියෙක් හිවලෙක්,මදුරුවො කවදද බොල හරක් මස් කෑවේ",1,sinhala
ඇ බොල පර බැල්ලියේ උබේ පුතා එහෙම කියලා සිංහලයාව පාවලා දුන්නද ? තුක් නොදකින් ඒ ගල් මුසලයා ආවදෙන්කෝ ලංකාවට චන්දය... URL,1,sinhala
සංශෝධනයට එරෙහිවත් හිටියෙ මේ අයම නේද...විජේදාස රාජපක්ෂ අඩුයි වගේ..!,0,sinhala
නෑ අචී. මට ඔයා දැක්කම හෙන දාර්ශනික හැගීමක් එන්නේ. එහෙම එකේ ඔයා වල් උනාම,1,sinhala
"පියුමි කියන වැදගත්ම කාරනාවා, හිරු එකේ මෙගා ස්ටර්, අවුරුදු උස්සව වලට ආපු නලු නිලියෝ 150කට කොරෝනා හැදුනා. ඒ අයව ගෙවල් වලම නිරෝදායනය කලා.. කෝ දැන් මේවට නීතිය? ණයට කහින උන්ට නීතිය වෙනස්ද? දැන් එනව මුන් පාරෙ යන මිනිහගේ මුඛ ආවරනය හරියට දානවද බලන්න. සක්කිලි.",1,sinhala
දකින දකින කෙල්ල අනාථ කරලා පැනලා යන එකෙක් හිටියා. ඌ අන්තිමට බර තියෙන තැනකින් කසාද බැන්දා. අන්තිමට උගේ ගෑනිගෙන් ඌට සමාජ රෝගයක් හැදුනා. ඒකි ඊට වඩා වටේ ගිය බඩ්ඩක්. උඹලත් ඒ වගේ නම් දිට්ඨ ධම්ම වේදනීය කර්මය ගැන බලාපොරොත්තුවෙන් හිටපං. අඩුම ගානේ දරුවන් පිටින් හරි ඔය පාපකර්ම යනවා,1,sinhala
රැවුල ගිනි ගත්ත වෙලාවට සුරුට්ටු පත්තු කරන්න එපා..,0,sinhala
"ඩබල් බල්ලා බං.මේකා බුල්ඩෝග්,අසෝක් කන්නා වල්ටේසන්",1,sinhala
බල්ලා කියන්නේ ඒකනේ..ඉක්මනටම බලු දොස්තර කෙනෙක්ට පෙන්නන්න.,0,sinhala
අනේ පලයන් චුට්ටෙ යන්න,1,sinhala
ඔය කැත වැඩේ මැකෝ ගිය පාරත් කලා මුලින් බයියන්ට ෆෝම් වෙන්න දීලා ඇදලා අතෑරියෙ නැද්ද බිමට ගෙම්බා ගැහුවා වගේ #GenElecSL,0,sinhala
"හොර තක්කඩි දේසපාලුවන්ට ඔබයි අපේ මුර දේවතාවා, ඔබයි අපේ මහත්තයා, ඔබයි අපේ පණ, ඔබයි අපේ තාත්තා, ඔබයි අපේ රත්තරන් අනාගතය වගේ ගොන් කතා කියන උන්ගේ පස්ස ලෙවින උගත් උනත් ගොබ්බයො ඉන්නකල් මේ ගස් කැපිල්ල නවතින්නේ නැ... හොරා කන එක නවතින්නෙත් නෑ...",1,sinhala
බොල වේසි* කුණුහර්ප කියන්න එපා කැරි* චැට් කරනකොට පොන්*^ .... :3 :3 :3 — feeling ලෙල්ල හුටන්,1,sinhala
යකෝ මැරෙන්න බයේ town එක වැහුවමත් ඒකටත් බයින උන්නෙ ඉන්නෙ. අම්මප මේ දේසපාළුවො 225 ගිහින් රට කරවන්න පුළුවන් (ඉදල පැරදුනු උනුත් නෙමේ) එවුන් ටිකක් මේ රටේ පහල වෙන එකක් නැද්ද?,1,sinhala
යටි බඩ හෙමීට ඇඟිල්ලකින් පිරිමැදපන්. බිජ්ජ එලියට ආවොත් පිරිමි. චූටි උන්ගෙ වෙයිද දන්නෙ නෑ. අවධානයෙන් හිටපන් නැට්ට උස්සලා පස්ස වෙව්ලලා ඈතට විදලා චූ දැම්මොත් ගෑනු. අණ්ඩකෝෂ නම් පොඩි උන්ගෙ හොයන්න බැරි වෙයි.,1,sinhala
වැඩ කරන තැන එපා කරන සක්කිලි බල්ලෙක් හැම තැනම ඉන්නවා... ඌට මනුස්සකමින් හිතපන් කීවහම ඌ එහම නැල්ලු.. කෙලිම්ම කීවා මම ඒක දන්නවා කියලා ..,1,sinhala
පාන් නොකා ඉන්නවා සරලයි,0,sinhala
පලයන් මීගමුවේ ගොලු කාන්තිට ගහන එකා මට බඩු ගැන කියන්න එනවා වෙන්නප්පු වේසි,1,sinhala
Photo: පිළිකුත්තුව බැලුන් ගල මුදුනේ (at lake house) URL,0,sinhala
ඔය කාලකන්නි හුත්තලා ඔක්කොම මැරෙන්න ඔනෙ පයිය,1,sinhala
"මේ අවජාතක පරයා දන්නේ නෑ ලූ ""වම්බටූ ගහල පලා ගත්තද"" කියන එක දෙපැත්ත කැපෙන වචන පෙලක් බව. වර පරයා උබව නලවලා ගන්න youtube.com තිස්සකුට්ටි යළිත් ලැජ්ජ නැතිකම පෙන්නයි - ජනාධිපතිතුමා ඔබේ බිරිද... තිස්සකුට්ටි යළිත් ලැජ්ජ නැතිකම පෙන්නයි - ජනාධිපතිතුමා ඔබේ බිරිද ඉදිරියේ මේක අහන්න පුළුවන්ද ?පාර්ලිමේන්තුවේ උණුසුම් තත්ත්වයක්Subscribe today for Latest News, ...",1,sinhala
Kurunegala සිටම කොලබ දෙසට පාර හදන නිසා බස්සෙක හෙන හෙමින් එන්නෙ,0,sinhala
"උඹ ශෘංගාරි නෙවෙයි සුන්‍යාගරයක්, උඹේ තොම්පලේ ලෙව කාපු උන්ට කියපන් පොන්නයා කියලා. කතා කරන්න දැනගනින් ලොන්තපෝල් ගොන් වේසි. උඹට ටිකක් සද්ද නැතිව ඉන්නකොට එනවද කටේ උලන්න පඳුරු ගොනා",1,sinhala
අනේ මුන්ගේ news . යකෝ අපේ website වල අහවල් එකක් ගන්නද .. ඔය පොඩි කොල්ලෙක් ජොලියට කරන්න ඇති . පලයන් යන්න ගොන් ආතල් දෙන්නේ නැතුව .,1,sinhala
ටහුඩු ලිලී බැරල් එක නේද මේ,0,sinhala
අලියට/බුලත් කොළේට ඡන්දෙ දෙන එකා නෙවෙයි මෝඩයා. මෙදා පාර කාටවත් දෙන්නේ නෑ කියල උන්ට බැන බැන ගෙදරට වෙල ඉන්න උඹ තමයි ලොකුම මෝඩයා! #GenElecSL,1,sinhala
"තෝ මහ කරුමයක් ! Calculus Wijesekara · 26 Dec 2017 Type ""තෝ මහ කරුමයක්!"" And @ the 3rd person.",1,sinhala
අපේ තාත්තාගේ සමහර සමාජවාදී ප්‍රතිපත්ති නිසා බල්ලෙක් වත් ගෙදර නවතින්ෙන් නැහැ. තාත්තට අනුව බල්ලා කන්න බොන්න යන්න එන්න ඉන්න හිටින්න හැමදේකටම අනුමත විදියක් තියෙනවා..,0,sinhala
"Genocide කියන වචනෙ තේරුම දැනගෙනද දන්නෑ අර ලබ්බෙ hashtag එක හැදුවෙ.... intentional massacre එකක්ද සිද්ද වුණේ? දෙමල මිනිස්සු විතරද මැරුණේ? සිංහල, මුස්ලිම්, බර්ගර් මිනිස්සු දාස් ග⁣ණං බල්ලො බලල්ලු ගානට පාරවල්වල මැරිලා ගියෙ නැද්ද? කලගුණ දන්නැති කාලකණ්ණි.",1,sinhala
උබනම් ගොන් හරකෙක් මෝඩ මූසලයෙක්. දියුනු වෙයන් මල්ලි කෙල්ලෙක්ගෙන් මෙහෙම අහගන්න තත්තෙට. .මටනම් සිප්පල්කේස්.,1,sinhala
ඔක්කොම එපා වීගෙන එන්නේ නුගත් මෝඩ ගොන් මේ සුපිරි ජිවිතේ විදිමට දිව්‍ය ලෝකය විදිමට නොහැකි කාලකන්නි පිරිසකටය. උගත් හැමෝම බුද්ධිමත් නෑ. බුද්ධිමත් හැමෝම උගත් නෑ. තනිකරම සිත සහ මනස අතර අන්‍යෝන්‍ය ක්‍රියාකාරකමක්. මෙය ගැබුරුයි කෙටියෙන් විස්තර කල නොහැකි තරම්.සරළ යි,0,sinhala
ගෙවල් වල ඉන්න නිසා ඉබේම අයින් වෙනව.පාඩුව විදින්නෙ ඒ කැපවීම කරන මිනිස්ස.කොටසකට අවුරුදු 2 තිස්සෙ හරි ආදායම් නෑ.අන්න ඒ මිනිස්සු තමයි අන්තිමට බලද්දි ලෙඩේ පාලනය කරල තියෙන්නෙ.තව කොටසක් හැමදාම කරේ පාස් හදාගෙන සුපුරුදු විදියට සල්ලි හම්බ කිරීම.,0,sinhala
ආන්ඩුව පොල් ගහන්න හදන්නේ unp කාරයොන්ගේ වත්තකින් පොල් කඩලා...,0,sinhala
තොට ඉතින් අපිට ගල් බනිසක්වත් අරන් දෙන්න බෑ :/,1,sinhala
හරකාට කිව්වත් එකයි ට හරකා කිව්වත් එකයි සරලයි,1,sinhala
සති 3ක් යනකම් කොන්ද කෙලින් තබාගෙන තීරණ නොගත් පාලකයෝද හම්බවුනු ආයුධ සාධාරණීකරනය කරමින් බබා පාට් දැමූ නායකයෝද මේ අලු යට තිබූ ගිනි පුපුරු ගිනි ඇවිලෙන තෙක් බලා සිටියාට සාප විය යුතුය! අහෝ පෙරදිග මුතු ඇටය මේ අමනයන් රැල විනාශ කලහ!,1,sinhala
"එහෙනම් කිසිම ගැටලුවක් නැ...සංස්කෘතියට ගරහන එවුමුත් නැ,නිරාගමකියනුත් නැ...පෘතුගීසින්ට රෙද්ද පාත් කරපු එවුන් තමා එක එක පැතිවල දැන් ඉන්නෙ... Kepler-22b · 21 Aug 2018 පෘතුගීසි ලංකාවට ආවෙ නැත්නම් ලංකාව කොයි වගේ වෙයිද Show this thread",1,sinhala
කවුද යකු උබට පිස්සා කියලා නම දැම්මේ,0,sinhala
"ලොකුම ප්‍රශ්නේ ලෝක බැංකු ණය ආධාර වලිනුයි, ජනතාවගෙන් එකතු කරපු සල්ලි වලිනුයි, අය වැය හරහා වියදම් කරනවා කිව්ව සල්ලි වලිනුයි මෙච්චර කල් මොනවද කරේ? මෙහෙම මිනිස්සුන්ගේ ජීවිත එක්ක සෙල්ලං කරන එකයි, රටේ අනාගතයත් එක්ක පිස්සු කෙළින එකෙයි සීමාවක් තියෙන්න ඕනේ. දැන් ආතල් දුන්නා ඇති.",0,sinhala
", ලොවට හොරා යූ එන් පීයට හෝ ජ වි පෙ ට පුක දෙන සොහොයුරෙක්",1,sinhala
එක එකා ඉපදෙද්දි හැලිච්ච කුප්පි පෝස්ට් දැකලම එපා වෙලා රෙද්ද,1,sinhala
මොන රෙද්දක් වුණා ද මොකට ගහගත්තා ද දන්නේ නෑ ඒත් මෙව්වයෙ ඇවිල්ලා තුන්වැනි ඇහෙන් දැක්කා වගේ ගොන් ආතල් දෙන්න එපා වහුතු හැතිකරේ. බෝම්බ ගහපු වෙලේ කොහෙවත් හිටිය සිපයියො දැන් අළු ගසාගෙන එන හැටි සිංහල කෑල්ලක් ගෑවුණොත් ඇති. ගහගත්ත මිනිස්සු එක්ක වඩා මුන් එක්ක තමයි මල පනින්නේ.,1,sinhala
"චීනේ, කෝවිඩ් නිසා අදත් නගර පිටින් මිනිස්සුන්ව ගෙවල් ඇතුලට දාලා සීල් කරනවා. හුජ්ජ කරන්නවත් එලියට යන්න බැහැ. ලංකාවේ මෝඩ හරක් හිතාගෙන ඉන්නවා, අපිට ප්‍රජාතන්ත්‍රවාදය වැඩක් නැහැ කියලා. මට ලංකාවේ ඔලිම්පික් තියන තරමට දියූණු නොවුනට කමක් නැහැ, රෑට කොස් ගහ යට හුජ්ජ කරන්න නිදහස තිබුනාම ඇති.",1,sinhala
සජියනම් ආයේ උස උනත් මිටි උනත් රස්සානම් දෙන්නැ සත්තයි,0,sinhala
මම ඉබ්බ නම් තෝ ගල් ඉබ්බී,0,sinhala
"මදුරැැව කෑවම ඉදියි තෝ ලස්සනට, පාඩුවේ...",0,sinhala
උන්ගේ අම්මලා තාත්තලා මෝඩ නං අපි මෙහේ ඉතුරු වෙද්දී උන්ව එහෙ යවයිද,0,sinhala
"""උඹ එන්නෙ නැත්නම් මගෙ හීනත් ගියාවේ ඔන්න ඔහේ පාළුවට "" ඒ මේ තත්පරේ උඹේ හිත නේද ? නොදන්න විදිහට නොදැනෙන විදිහට මං මග අරින ඒ හිත නේද ? මං කියන්නෙම , ජීවිතේ අරන් ඇවිත් උඹ මේ ඇස්වල නම් නවතින්න නරකයි... සමහරක් ජීවිත කාටවත් අයිති නෑ බන් ආදරේ එහෙමයි... #ගොන්ට",0,sinhala
අරූ. අරෑ නෙවෙයි !!! (තොට ඉස්සරත් කිව්වා),0,sinhala
ගිනිකඳු නිවුනත් අළු ඉතුරු කරපු මතක එක්ක... සුනාමිය ගියත් ශේෂ වුනු නටඹුන් එක්ක... උඹ ගියත් අපි ආ ගිය පාරවල් වල යන එනකොට පේන් හීන... කරුමක්කාරයි... කළුපාට රොමෑන්තිකය...පෙබරවාරි 14.... ගෙ වැඩක්!,0,sinhala
අහ්හ් මැට්ටා ගොනා පොල්බූරුවා,1,sinhala
ඇවිල්ලත් මොනවා කරන්නද මෙයා හිටියත් එකය් නැතත් එකය් නෑ,0,sinhala
අපි කෝච්චිය අල්ලගන්න එද්දි තමයි මුන්ට හරි වෙලාවටත් කලින් යන්න හිතෙන්නේ. රෙද්ද!,0,sinhala
"හැමදාම ගංවතුරයි, අරකයි, මේකයි වගේ ලෝකේ නැති ප්‍රශ්න.. Cricket කියලා මේ කොණ පණ නැති වේසිගේ පුතාලට මොකට බාල්දු වෙනවද මන්දා අපේ රටවල හැත්ත.. ඔන්නොහේ ඉන්න කියහල්ලා බං. හිඟන්නෝ ආවා කියලා රටට ඇති සෙතකුත් නෑනේ Island Cricket · 29 Jun 2019 Bangladesh are reportedly waiting for security clearance before they decide on their tour of #SriLanka after the conclusion of the World Cup. URL",1,sinhala
ගානක premium subscription එකට 1400 ගානක් ගෙවපල්ලකො. පිස්සු නැත්තං ශෝක්.,1,sinhala
"මුන් හුත්තලට සිංහලෙන් කිව්ව කට වහගෙන හිටපන් කියල. පුකේ අමාරුවකට ජාතියෙ රෙද්දක් හින්දවත් දෙකට නැවෙන්න කියන එකවත් නෙවේ මිනිස්සු කාටවත් හානියක් වෙන එක වළක්වන්න මොනම හරි ක්‍රමයක් අවශ්‍ය හින්දා. මේ වේසියෝ වගේ කියවන එකෙන් ඉන්න අනිත් ගොබ්බයොත් ඇවිස්සෙනව. මොන මෝඩ හුකන්නලද මන්ද. Zaman · 13 May 2019 This is a tweet out of genuine curiosity. Seriously what is our forces doing right now? shops, properties vandalized in broad daylight, some of the tweeps are in fear of mobs raiding their vicinity. What's the purpose of curfewEmergency Law?",1,sinhala
මම... මම වෙනකොට තමයි මට... මම කැමති #ඒකටම__තමා__ඒකි__අකැමැති,0,sinhala
යකෝ ඒක Dinuk · 9 Nov 2020 කොවිඩ් වසංගතය සතුටුදායක ලෙස පාලනය කළ පසු මාධ්‍ය මෙන්ම ජනතාව ද සියල්ල අමතක කිරීම සහ වගකීම පැහැර හැරීම වත්මන් තත්ත්වයට හේතු වු බවත් මෙරට සෞඛ්‍ය සේවයට ඉතා පහසුවෙන් කොවිඩ් මර්දනය කළ හැකි බවත් අවශ්‍ය වන්නේ ජනතා සහය බව ජනාධිපති ගෝඨාභය රාජපක්ෂ මහතා පවසනවා. #lka #SriLanka #COVID19SL,0,sinhala
"අද උඹලා ඒකි මගේ බෙස්ට් ෆ්‍රෙන්ඩ් කියලා ආතල් දුන්නට, 2014 දී ඒකි මාවත් බ්ලොක් කරා පස්සේ අපි ආයේ යහළුවෝ වුනා. මේකේ මන් දැක්ක සුපිරි කෙල්ලෙක් බන් ඒකි.",0,sinhala
අවුලක් නෑ. හෙන කාලෙකින් 300ක් ගැහුවේ මරු කතරට දිය පොදක් ඉස්සා,0,sinhala
ෆනියස්ට් ට්වීප් උනා කියලා හෙන පොර් කියලා හිතන් ඇත්තේ ...අනුකම්පා ලයිස්තු මේන්ටේන් කරන්න අනේ පලෑන් බං යන්න,0,sinhala
ඉස්සර කිව්වෙ. ගොඩක් කිව්වා..බූරුවා ගොනා හරකා මීමා..මී හරකා.. හරිම ආදරේ හිතෙනවා,1,sinhala
ඒක හරි අමාරු ජීවිතයක්,0,sinhala
පළවෙනි එක අරලියගහ මන්දිරේ තියෙන්නෙ මේ වෙලාවෙ පත්තරයක් කියෝනව.,0,sinhala
තොපි මාව හලල පොටෝ අරන් තව හෙඩර් වලටත් දානව නේ,0,sinhala
හැමදෙයක්ම දන්නවා කියලා හිතාන ඉන්න උන් නම් සාප,1,sinhala
ඔහොම ඉඳලා සුප්පයියා පට්ට කෑල්ලක් සෙට් කර ගත්ත දවසට තොපිට ටුවිටර් ඩිඇක්ටිවේට් කරන්න වෙයි #CumOnසුප්පයියා,0,sinhala
#Palestin23අ ක්‍රමයට සෙල්ලම් කොරන්න වෙන්න ඇති,0,sinhala
ආදරෙයි බිජ්ජ පැලෙන්න්න්න්න...,1,sinhala
දකුණෙ ඈයො ඉල්ලන් කෑවෙ මේ වගේ ගොන් පාර්ට් දෙන්න ගිහින් තමා....,1,sinhala
එක දිගටම සති 2 හෝ 3 ඇදිරි නීතිය දැම්මොත් ( lok down) කලොත් බොහෝ දුරට මේ වැඩ්වන රෝගින් ප්‍රමානය අඩුකරගත හැකි. ඇදිරිනීතිය සතියක් අයින්කල නිසයි ආසාදිතයින් වැඩිඋනේ.,0,sinhala
ඒ නාකි කක්කල් කැස්සක්,0,sinhala
පවු බං ඒකි මැරිලා,0,sinhala
සිංහලෙනුත් කියන්නම්. තොට නැති තොගෙ ලග ඉන්න එවුන්ට තියන ලබ්බවල්වලින් ඔළුව උදුම්මගත්ත ගොන් හුත්තෙක් උඹ,1,sinhala
පල යන්න පොඩි වේසි,1,sinhala
අද හෙන කුජීතයි. ඔෆිස් එකට යනවා බොඩිමට එනවා. කිලෝමීටර් තුනක් ගියා මේක හොයන් එන්න,0,sinhala
ටහුඩු. මන් ගැන නෙමේ වෙන්න ඕනා මේ කියන්නෙ,0,sinhala
මේව කැරි වැඩ පකෝ මිනිස්සු තවත් අසරණ කරන එක නවත්තපාන් වෙඩි තියලා මරන්න ඕන මේ වගේ පකයි. Dinuk · 21 May 2021 මුදලට විකිණෙන කොරෝනා එන්නත ... අහලම බලන්න #lka #SriLanka #COVID19LK URL,1,sinhala
යකෝ මම කාලයක් තිස්සෙ ට්‍රයි කරල අහපු කෑල්ල හා කිව්වෙත් නෑ බෑ කිව්වෙත් නෑ.. බයයි කියල යන්න ගියා.. ඒම ප්‍රස්නවලට පේස් කලේ අපි.. උබ සෙද්දක් කතා කරනවා.. දුක ගැන කියනව මූ මට..,0,sinhala
මේ වගේ පොස්ට් එකක් දැක්කත් සතුටුයි අයිසෙ ICC · 26 Jun 2021 Sri Lankan bowlers mount an excellent fightback to restrict England at 180/6. Dushmantha Chameera ends with figures of 4/17 in his four overs #ENGvSL | URL,0,sinhala
මතකද තෝ වැරදි විදියට හිල් වලටඇඟිලි තියල හුජ්ජ කරල ඇඟ පුරා ගාගත්ත හැටි ?,1,sinhala
කලවා ප්‍රදේශයෙන් යන්ත්‍රයට සංඥා නිකුත් වූ නිසා CNN නිවේදිකාවට ආරක්ෂකයින් කල කැත වැඩේ සම්පූර්ණ ලිපිය මෙතනින්... URL,0,sinhala
"නොදකින් කුපාඩියා -,-",0,sinhala
හොඳ කීර්තිමත් පොර කියන්නේ. හිනා යනවා අහවල් තැනෙනුත්,0,sinhala
වත්තල ඝාතනය ගොන් ජොන්ගේ ලේකම්ගේ වැඩක්! | Lanka News Web Today - URL via,0,sinhala
මොන්ගල්ද ඩාලින් Twitter · 7 May 2021 open Twitter close Twitter open Twitter close Twitter,0,sinhala
සක්කිලි හැත්ත ඔවා කරනවා නංගි..,1,sinhala
ත්‍රස්තවාදීන් මිලියනකගෙ ජිවිත අවසානයේ,0,sinhala
කැරකිලා නැමිලා බොන්න බෑ යකූ! උඹ හිතුවද සර්කස් එකක් කියලා :) වාඩිවෙලා බොමු ;-),0,sinhala
පං පං පං පන්සි ලක ලන්සි පක පාරු උක ඌරු පක පමල දෙක දෙමල පක පලා රික රිලා පක #මංකිවුවෙසින්දුවක් #සිරිමත්මගෙසකියහපත්ළමයෙකි මහසොහොන් · 18 Dec 2018 දැන් අර මොකක්ද කුණු හරුප සීන් එක. අර ගස් ගෝතයෙක් නම් කුණු හරුප ගැන මොකක් හරි #මංපොර ටෝක් එකක් දාල තිබ්බ. දැන් කාගෙන් හරි අවසර ගන්ඩෝනද කුණුහරුප කියන්න. මේක හරි හුකන ආන්ඩුවක්නේ හුත්ත. කුණුහරුපයක් කියන්න නැති මාර පකේ සමාජයක්ද මේක. ටෞකන්ඩ. අනේ තොපේ හැදියාව හතරට නමලා ගහගං පුකේ.,1,sinhala
ලකුණු ආපු දවසට: අම්මා- තොට තමයි අමාරු වෙලා තියෙන්නේ බලපන් අර අල්ලපු ගෙදර එකා ඒ කොල්ලා 100 න් 99 ක්ම අරං.තොට සැප වැඩි වෙලා..####### මම-,0,sinhala
"අනිවාර්යයෙන් ..කොල්ලොනේ උන් ඉතිං පදුරකට හරි හුජ්ජ කරයි කෙල්ලෙක් ට එහෙම බෑනේ කියල අතඇරියොත් පුතේ .. පාරේ ඉන්න බල්ලෝත් පදුරුවලට තමයි ඔය වැඩේ කරන්නෙ.. තිරිසනුන් කරන වැඩ කරන්න උන් පසු බඩ වෙන්නෑ... 🅒🅗🅐🅝🅓🅤 · 10 Jul 2020 ඒක හරි අක්කේ ""කොල්ලොනෙ.. උං හැදෙනවා කොහොමත්"" කියන්නෙ මාර භයානක කතාවක් සමහරවිට",1,sinhala
"රනිල් හා උරණ වීම නිසා හොරුන්ටත් කඩේ යන ""සිරස"" ඔබ ආයතනය කෙරෙහි වූ ගෞරවය නැත්තටම නැතිවී ඇත..",0,sinhala
අනෙ බොල මං කියන්නැ තොට,0,sinhala
"කෙලවුන හින්ද කියනව නෙමෙයි, ට්වීටර් හැන්ඩ්ල් එක නැතුව මන් හිටියනෙ සති දෙක තුනක්. පට්ට නිදහස් කාලෙ බන්.",0,sinhala
සිරිසේනයගේ ලමයිට තාත්තා කරන වැඩ හින්දා ආයෙ පාරෙ බැහැලා යන්න වෙන්නෙ නැ. ඩබල්ගෙම් කාරයා - නිවටයා - ගුනමකුනා - පබයා - මුසලයා - පාවාදෙන්නා ගේ පුතා හෝ දු කියලා මහාජනයා කියනකෝට පාරේ කොහොම යන්නද? #lka #SriLanka,1,sinhala
ස්ටෝබෙරි සීන් එකේ අලුත් ඉතුරු ලීක් ටිකත් වට්ස්ඇප් ගෘප් හරහා ලැබුනා අද.. ඇත්තටම උන් දෙන්නගෙ ආතල් එක වෙනයි. උන් දෙන්න ෆුල් ලවින් සහ ෆුල් අන්ඩස්ටෑන්ඩ් කපල් එකක්..ඒක දෙකක් නෑ නමුත් ඒක කැරිම කාලකණ්ණි විදිහට ලීක් කරන වේසිගෙපුතාලා නම්.. හදුන්වන්න වචන නෑ,1,sinhala
මේ ලෙඩේ උඩු දුවන්නේ අපේ රටේ සක්කිලි වගේ හැසිරෙන සමහරක් මොඩ හැත්ත නිසා.. රට ඉදන් ආපු සමහරකුයි මෙහෙන් හැදුන අයගෙන් සමහරකුයි ගොන් හරක් වගේ වැඩ කරපු නිසා රොගය මෙච්චට උඩු දිවුවේ එවාට හෙතු උන සෙරටම හෙනගහපන් නැත්තන් අල්ලලා වෙඩි තියපන්.. #CoronavirusOutbreak #SriLanka #COVID19SL,1,sinhala
මන් ඌට මැසේජ් එකක් දෑම්මා දැන් ටික කාලෙකට කලින් වැඩ සෙට් වෙයි කරන් පලයන් කියල. ඌ සතියකට පස්සෙ වගේ රිප්ලයි කලේ . ඕකුන් ඔක්කොම එකයි බන්.,0,sinhala
මොනවද ඕයි මේ titles නෙදකිං,0,sinhala
'ඊළඟ කෑල්ල' සැප්තැම්බර් 1 වැනිදා ප්‍රසූත කෙරේ. URL,0,sinhala
SF ගේ හුජ්ජ බලකායට අපගේ පිලිකුල. යකෝ මේ ආන්ඩුව මහ පිච්චන්ම ආන්ඩුවක්. තූ,1,sinhala
ඇයි යකෝ නේතන් ජේම්ස්,0,sinhala
මං ට්විටර් එකට ආපු පොඩි කෙල්ලෙක් උනානම්.. වේස බඩුව වගේ හැම එකා එක්කකම කේක් කන්න යනවා..තේබොන්න යනවා විතරක් නෙමෙයි රූමුත් යනවා.. හොද වෙලාවට මම වගේ වල් අදාස් තියෙන එකෙක් කොල්ලෙක් වුනේ..,1,sinhala
නඩු කතා කරන්න දක්ශ ලෝයර් කෙනෙක් වෙන්න ඕනි .. බඩු කර ගහන්න නම් හොද නට්ටාමි කෙනෙක් වෙන්න ඕනී ඔයාලා දැක්කනේ අන්තිම බඩුව කරගහන්න ගිහින් එකෙක් පුක බිම ඇනන් අදෝනා දුන්නා පහුගිය ටිකේ .. . අපි මේවා ආවට ගියාට කරන දේවල් නෙවෙයි නෙහ් මල්ලී,1,sinhala
දුකයි බන් උඹ Sliit එකටම වැඩ කරලා ජීවිතෙන් සමුගත්තා.. ඊයේ නිදිමැරුවේ පිරිත වෙනුවෙන් වැඩ කරන්න. ඇයි හොද... URL,0,sinhala
මුලින්ම කියවගෙන එද්දි හිතුවේ අර පවුලේ එකෙක් දෝ කියල ...,0,sinhala
හිස් බෝතලේට ඕක කර කර ඉන්න වෙලාව තියෙනවනම් මම ටොයිලට් ගිහින්ම කරනවනේ බොල,0,sinhala
අල්ලන කෙනෙක් නෑ අෆ්ෆා,0,sinhala
මොන හු@$#*( හැමදාම විදුලි විසන්ධි කරනවා... යකෝ සති දෙකක් තිස්සේ මුන් අමුතුවෙන් කණු ඉන්දලා විදුලිය අයේ අලුතෙන්... URL,1,sinhala
වේසියේ තෝ මළ මුත්‍රා කරන්නෙ නැතුවද මේ ලෝකෙට බිහිවුනේ.පවු යකෝ තාත්තා නේද බන් තොගෙ.වයසට ගියා කියලා මෙහෙම කරන්න... URL,1,sinhala
"අරයා අන්තවාදියා, එයා මෙහෙම කිව්වා කිය කිය තවත් මේකෙ කා කොටාගෙන , එක එකා වෛර බැදගෙන මරාගන්නෙ නැතුව වෙන වැඩක් බලාගෙන ඉදපල්ලකො. ඔය මගුල් කරන වෙලාවෙ ෆොටෝ ටිකක් හොයලා දාපල්ලකො ටුවරිසම් එකවත් ගොඩදාගන්න.. රෙද්ද",0,sinhala
"කන පැලෙන්න ගහනව කකුලට, බල්ලා. #SriLankanThreats",1,sinhala
එයා හෙන කෑල්ල ලෑලි කෑල්ල,1,sinhala
උතුරෙන් හමුදාව අයින්කරන්න දගලන උතුරෙ මහඇමැති ඇතුළු නන්දොඩවන දේශපාලකයන් ජලගැලිමට හසුඋන ජනතාව බෙිරගන්න වතුරට බැස්සද. අපේ හමුදා ⁣ව පිරිස හැර අපේ නායකයන්ටත් මෙිව තේරෙන්නෙ නැති හැටියක්...,0,sinhala
"සමහර උන්ගේ TL පුරාවමට තියෙන්නේ හින්ට් ගහපුවා, සබ් ගහපුවා. සාපලත් නෙවෙයිද කියහංකො? පොඩ්ඩක් විනෝදෙන් ඉන්න නොතේරෙන හැත්ත",1,sinhala
තෝ වගේ අවජාතකයෙක්ට පුත්තු නැති එක ගැන සතුටුයි.. ලොල්ලා,1,sinhala
පොදු හතුරෙක් බොල මූ තමා මගෙ වයිෆ් ට අවෙ,0,sinhala
බල්ලෙක් හින්දද මරාගත්තේ? #johnWick හෙන ගොන්,0,sinhala
ගමෙ පාරක තොටක යද්දි හුජ්ජ බරක් හැදුනට අල්ලන්න බැදි කුට්ටියක් නෑ..හැමතැනම ගෙවල්.. තට්ටු නිවාසවලට නොයා හැමෝම ඉඩං අරං ගෙවල් හැදීමෙන් ලොකු විනාසයක් වෙනෝ රටට පරිසරේට...,1,sinhala
අනේ මේ ටෝ පලයන්,1,sinhala
එහෙම වෙන්න බෑනෙ ඩාලින්. මේ සමජෙ විසින් ඔයෑලෑ මනස විකෘති කරල ඔය තියෙන්න. බය වෙන්න එප. අපෙ සජී පුතා අවම ෆොනී එක්ක මේ රට සුරක්ෂිත දිවයිනක් කරනව. එතකන් ඉවසන් ඉන්න.,0,sinhala
අනේ මේ යන්ඩ තිෂ් ඔවා දන්න බිජ්ජ...,1,sinhala
දෙන්නම තමා ඉතින් ඒත් ඕක මාට්ටු උන ගමන්ම කෙල්ලගේ දෙමව්පියෝ තමන්ගේ ළමයා පත්තිනි අම්මා කෙනෙක් කරලා තියෙන මාන්නෙට අර කොල්ලට බනිනවා..කොල්ලගේ දෙමව්පියෝ තමන්ගේ ළමයා උපාසකයා කියලා හිතලා අර කෙල්ලට බනිනවා පදුරැ වේසි කියලා..ඒ අතරේ හොද දෙමව්පියොත් ඉන්නවා හරියටම වුන දේ ගැන හොයලා බලන,1,sinhala
'නිකං වාඩිවෙනව අයිසෙ' එතකොට කිරිඇල්ල මෙහෙම පාර්ලිමේන්තුවෙ කියන්න පුලුවන්..'වාඩිවෙනව..වාඩිවෙනව' එතකොට රනිල්ට එහෙම කියන්නත් පුලුවන්,0,sinhala
ඔව් හුත්ත ඒකනේ ඌ එක්ක වැඩි ආශ්‍රයක් නැත්තේ ගින්නා · 20 Sep 2018 සිරිමත් මොන පකෙක්ද බන් අපේ හැදියාව ගුණයහපත් කම් එක්ක බැලුවම,1,sinhala
ඔය ඉතින් ඊලග බැල්ලි ප්ලග් වෙනකන් විතරයි.,1,sinhala
හෙන ෆ්‍රෙන්ඩ්ලි කතා කරා ඌ උස් හඩින් කතා කරන්න හිතුනෙම නෙහෙ,0,sinhala
"Lanka News Alert – ඔල්මාද කාරයා ,පිස්සා —- කවුද මාව වාඩිකරන්නේ ? URL via",1,sinhala
පොඩි කෙල්ලෙකුයි කොල්ලෙකුයි හැමිනෙන සීන් එකක් ලීක් වෙලා වීඩියෝ එකක් ලීක් ලු නේ යකෝ එතන ඉන්න මහ උන් හැසිරෙන්නෙ නිකං ජීවිතේට ගෑනියෙක් මිනිහෙක් එක්ක උන්නෙ නෑ වගේ. ලංකාවෙ උන් සංස්කෘතිය කියල මහා ලොකුවට පුස් හනමිටි අදහස් ඔලුවෙ තියාගෙන පොඩි කාලෙ ඉදම්ම මොකක් හරි දෙයක් ටීවි එකක,1,sinhala
මූට මලාට එන්න වෙන් නෑ.. ඇතුලෙ උන්ම ගහනවා.,0,sinhala
හුජ්ජ ටීම් අල්ලගන ඔහොම ගෝල් ගහන එක ඔබින්නෑ බොල #ENGvPAN,1,sinhala
ඇන්ටී නම්බරේ දෙන්න හරකා දැක්කොත් කියන්නම් URL,0,sinhala
"මිනි මරල මරල, දැන් අහිංසක විදිහට කට උල් කරල කතා කරනව. එදා ඒ JVP යුගය මතක අයෙක් ඉන්නවනම්.........",0,sinhala
ඉරාජ් අයියා හිතන්නේ උගේ සිල් බිඳා සිංදුව හෙන international song එකක් කියලා.යකෝ ලෝකේ වැඩියෙන්ම sex search කරපු රටේ උන් ඔය මගුල නොබලා ඉදීද?,1,sinhala
නංගිව ක්‍රොස් කරන්නද? (බැල්ලි කිව්වොත් බනින නිසා නංගි කිව්වා ),0,sinhala
#ටුයිටරේSecretary අහලද දන්නැ කලේ,0,sinhala
මෙන්න කොටි හිතවාදී වේසි.... පුතාලා කිබිතිගොල්ලාවේ අහිංසක කිරි දරුවෝ විකුණගෙන කන හැටි #lka #SriLanka,1,sinhala
ඒක අමතක උනා යකෝ සිරාවටම,0,sinhala
| හැමෝම හදට ආදරේ කරද්දි මම ආදරේ කරේ ඉරට .. ඒ ඉරට ළං වෙන්න ගොඩක් අමාරු නිසා .. ඉරේ රස්නෙට ඔරොත්තු දෙන විදියට... URL,0,sinhala
"ක් විතරද පිරිමි, තූ නොදකින්",1,sinhala
හිනාවෙන්න තැන් නෑ මේවාට :3,0,sinhala
ඔබමද මේ පෙර උන් එයා,0,sinhala
පුටින් මෛත්‍රීට දුන් රජ බඩුව කටුගෙට #lka #SriLanka Srilankamirror · 30 Mar 2017 පුටින් මෛත්‍රීට දුන් රජ බඩුව කටුගෙට URL,0,sinhala
කට හොදලා නිදා ගනින් අයියේ මතක ඇතුව නැත්තන් උදේට නැගිටිනකොට කට පුක වෙලා තියේවි,1,sinhala
අඩො y බන් :22 views,0,sinhala
"මේකෙ අර ග්‍රන්ථි දෙක පෙන්නලා අලුතින් ට්විටර් එකට එන උන් ගෙන් ෆලෝවර්ස් කෞන්ට් එක වැඩි කරගත්ත උදවිය එහෙම අර නටන කෙල්ලට හිනා වෙන්න එපා හොඳේ... සාප වෙයි. පෙන්නුවට කමක් නෑ, අර වගේ ඒවට හිනා නොවී කරුමාන්තෙ කරන් යන්ඩ.",0,sinhala
අඩො මචං නැද්ද බං දිරච්ච ලනුවකුයි කල් ඉකුත් වෙච්ච වහා බොතලයකුයි ගන්න...,0,sinhala
"යම් කිසි දෙයක් වැරදුනු තැන හෝ යමෙකුට අපහාසාත්මකව චෝදනා කරන විට 'මන්ද බුද්ධික හැත්ත! මානසික ලෙඩෙක්, අංගවිකලද ඕයි!' වැනි දෑ කියන්නේ මන්ද? වැරැද්ද කළ අයෙකුට බැන වැදීම වෙනකකි. ඒ වැරැද්දට අහක ඉන්න අහිංසක උපතින් වෙනස් වූ... URL",1,sinhala
මෝඩ කම යනු : සීනි බෝතලේ අස් කරද්දී හැන්ද ඩස්බින් එකට දැමීමයි ගොන් කම යනු : ඒක උදේ පාන්දරම අම්මාට කීමයි,0,sinhala
අර පට්ට බැල්ලියෝ එක්ක බලද්දි ගෙදරට හොරෙන් ජරා වැඩක් කියලා කරේ මල් පාත්තියට චූ කරපු එක විතරයි ඒකත් පහුවදාට මාට්ටුවෙනවා,1,sinhala
නින්ද යන්නේ නැති එක නම් කරුම ලෙඩක්,0,sinhala
අද vet එකට ආපු ඇල්ටේශන් mega size බල්ලා. ආච්චි කෙනෙක් එක්ක ආපු වල් බල්ලා එක පාරයි බිරුවෙ නැට්ටත් පස්සේ ගහගෙන හැංගුණා කියන්නකො . . . මේ යටින් ඉන්න ඒ වල් බලුස්,0,sinhala
බල්ලන්ටයි අපිටයි එකට වසන්න බෑ අයියේ. කොහොම පිරිසිදු කලත් බල්ලා බල්ලමනේ. ගේ ඇතුලේ තහනම්,0,sinhala
නාකි විසේ ඉහට උසේ URL,0,sinhala
ඔය මැද්දෙ ඉන්න නෝනා කෝට්ටේ නගර සභාවට මෛත්‍රී ගුණරත්නගේ පක්ෂෙන් එජාපයට විරුද්ධව ජන්දෙ ඉල්ලුවා. එයාගෙම සහෝදරිය ශ්‍රීලනිපයෙන් ඒ ජන්දෙටම තරග කලා. මුන්ට පිස්සු,1,sinhala
", නායකයා කතා කරද්දි ඒකට මූන ඔබාගන්න දගලන ලපයි සිපයි.. තූ නොදකින්..",1,sinhala
මේකේ ඉන්න දෙතුන් දෙනෙක් ඉන්නවා උනට මං හිතන්නේ චීනෙක් ඇරලා.. දැන් උං පුක කැඩිලා වගේ කෑ ගහනවා චීන්නු එපා කියලා.. දන්න මගුලකුත් නෑ නොදන්න මගුලකුත් නෑ.. මෝඩ යක්කූ..,1,sinhala
අනේ බොල ගොං බල්ලො තොගෙ මොලේ පුකේද? තෝ වගේ මෝඩ වාහෙ කෙනෙක් මේ රටේ තවත් නැතුව ඇති. රටක් මහ ව්‍යසනයක් තියාගෙන තෝ කියන කතා තොගේ මොලේ තරම කියාදෙනවා ගොං නාම්බෝ. තෝ සංචාරක මණ්ඩලයේ අධ්‍යක්ෂ කෙනෙක් නේද.. තෝ රජයේ සේවකයෙක් නේද .. මේ ආතල් දෙන්නෙ කාටද.. ආතල් ගන්න වෙලාවක්ද භල්ලෝ,1,sinhala
අනේ පකෝ මුන්ගේ කතා අහද්දී බෙල්ලේ වැල දාගන්න හිතෙනවා. මුන්ට මේක විහිලුවක් වේදනාව දන්නේ නෑ ඒකයි ඇත්ත. මුන් ගන්නේ ආතල් එකක් හුත්ත sorry for my language,1,sinhala
හම්බෝ.. අය්යා හෙන වැඩ්ඩා,0,sinhala
පද හදන්න එපා පර බල්ලා තෝ...,1,sinhala
එහෙම බැ. ගනින් හිතට. පැය තුනක් නිදාගෙන යකෝ අපි මේ ඉන්නේ. අපි වැඩ කරන්න මොරාල් එක ගන්නේ අනාගතේ ගැන හිතල. අම්මලග්ව් මල්ලිලලගෙ මූනවල් හිතේ මවාගෙන.. එහෙමටි.. උඹලට බැරි වෙන්නෙ නැ,0,sinhala
සනී ලියෝන් ගැන එළි පිට කතා කරපු එකී වේසි වුණේ කොහොමද.. සීනි පන්සීය ගේන්න කඩේට යන්නෙ නැති එකී හුරතලේට හැදුණ මල වෙලා ගාල්ලෙ ඉඳන් යාපනේට තනියම ගිහින් එන එකී අවලමේ ගිය එකී වුණේ කොහොමද.... !!! ලියන්න ගියොත් ලෝකෙ ඉන්න සේරම කුරුමිණියො ඉවර වෙනකන් ලියන්න වෙනවා.... /7,1,sinhala
96.1 FM Or 96.3 Island wide... _________________________ නාකි වෙනකොට සතුටු වෙන්න බැහැනේ URL,0,sinhala
තෝ මැරියන් බල්ලා,1,sinhala
නොදන්න කෙහෙල්මලට වඩා දන්න ලබ්බ හොදා,1,sinhala
"උඹ විතරක් මොකද? අර පිස්සු හිටං, එතකොට රංගොන්ජා, කැක්කුම තියන හර්ෂයා, රවී කරුපයියා. තව ඕනද?",1,sinhala
අනේ යකෝ. කෙල වෙලා තියෙන්නෙ වෙන කවිරුත් හින්ද නෙමෙයි තමුසෙලා වගේ ගොන්නු හින්දා. හැම ප්‍රශ්නෙම අනුන්ගෙ පිට දාන්නැතුව තමුන් හැදෙන්න බලපන්. මෝඩ ගෙම්බා..,1,sinhala
අන්න සුපිරි වැඩක්.. පොලිසියට බාර දුන්නත් දවස් හතෙන් ඇප ලැබෙනවනේ ඕක තමයි කරන්න ඕන,0,sinhala
අම්ම කියල තියෙන්නෙ කොතන ගියත් නම තියල වරෙන් මයෙ පුතේ.... කියල,0,sinhala
අපෙ රටෙ ඉන්න පොන්න පාලකයො හින්දා ඒ හාමුදුරුවරුන්ට තැනක් නෑ බන්,1,sinhala
"කමලාගේ දිනපොත ස:වැඩට යද්දි වෙල අයිනෙ පාලුගේලඟ හිටපු නිමලයා මහ කැත යෝජනාවක් කලා. වනචරයා අ:අදත් අරූ ඒ කතාවම කිවුව. වලත්තයා බ:නිමල් අදත් හිටිය. එයා කියනව මං ලස්සනයිලු, මලකෝලං බ්‍ර: මාව දැක්කම ලස්සනට පිස්සු හැදෙනවලු, පිස්සා සි: මාව නොලැබුනොත් නිමල් මැරෙනවලු සෙ:නිමල්ගෙ ජීවිතේ බේරගත්ත 𝘚𝘦𝘮𝘪 𝘊𝘰𝘭𝘰𝘯 ; · 6 May 2019 පනාගොඩ කෑම්ප් එකගාවින් බස් එකෙන් බැහැල ඇවිදන් එද්දි හමුදාවෙ ඩියුටි දාලා ඉන්න අය ස්ස්..ස්ස්ස්.. කියනවා, මහන්සිද අහනවා, දැන්ද එන්නෙ අහනවා.. හෙට ඉදන් කතා කරන්නෝන!",1,sinhala
මුගේ වීඩියෝ වලට යනවට වඩා හොඳයි බිජ්ජ කපන් වැලලෙන එක,1,sinhala
ඒ කියන්නේ 250ක් වත්. කොහොමද මෝඩාබේගේ වැඩ,0,sinhala
ටහුඩු මේකි බලාංකෝ..වර්ජනේ හෝද ගෙනම යන්න වස්සනවා දවස් හතක් එක දිගට,1,sinhala
ප්‍රජාතන්ත්‍රවාදී ආණ්ඩුවක් ‍යටතේ... ජනාධිපති මැතිවරණයකට.....,0,sinhala
මේ වේස බල්ලො බැල්ලියෙක් දැක්ක ගමන් පාර හරහා පනිනවා ඇහිල්ලක් බැලිල්ලක් නැතුව. තව පොඩ්ඩෙන් එක බැල්ලිගේ පුතෙක් පරලොව යනවා වාහනේ වැදිලා,1,sinhala
මොකද්ද ඩාලින් ඒ කතාව,0,sinhala
"ටහුඩු #teamපොල්තෙල් Embraer · 12 Apr 2021 We’re always working to improve the flight experience. Learn more about our latest conceptual project under study, the Sterile Lavatory: URL #EmbraerStories #WeAreEmbraer #ForADifferentWorld",0,sinhala
මතකද මේ රට කාපු දේශපාලන මුසලයා. මතු උපදින ආත්මෙකවත් ආයිමත් මේ පින් බිමේ නුපදිවා කියලා ප්‍රාර්ථනා කරන්න හිතෙන්නේ අපිට විතරද ? #srilanka,1,sinhala
"පවු අප්පා, උපුල් අයියා සෑහෙන්න චාටර් එකක් කෑවා නේද? පොත දියන් නැත්තන් පුක දියන්",1,sinhala
නොදකින් හුත්ත එකක් ගිහින් පැයක් යන්න ඕන අනික යන්න. හුකාන මැරෙන්න හිතෙනවා. නිදාගන්නත් නෑ රෙද්ද.,1,sinhala
වැඩක් නෑ කතා කරලා ඔය ගැන.. මේ රටේ ඉන්න මිනිස්සු කියලා ජාතියක් ඉන්නවා.. උන්ට ඕකේ බරපතල කම තෙරෙන්නෙ නෑ... ඇඳිරිනීතිය වෙලාවෙත් පිස්සු කෙලියා අයින් කරලා පොඩි නිදහසක් දුන්නම හරක්ට හපන් විදියට හැසිරුනා. අනිත් එක ප්‍රාදේශීය සභා වල ඉන්න ගොබ්බයෝ ඕනි එපා හැම එකාටම ඩිලිවරි පාස් දුන්නා.,1,sinhala
අග්‍රාමාත්‍ය මහින්ද රාජපක්ෂ මහතා ඉන්දීය අග්‍රාමාත්‍ය නරේන්ද්‍ර සිං මෝදි මහතා සමග ද්විපාර්ශ්වික සාකච්ඡා පවත්වයි.,0,sinhala
"""ආ.....ඔයාලමනේ හොඳයි කිවේ! දැන් පෙනෙනවනේ රෙද්ද උස්සන් මාධ්‍යට බනින්නේ කවුද කියලා"" -- මහින්ද මැතිදු මාධ්‍ය වාරණයට... URL",0,sinhala
පොන්න තම්බී තමංගේ මිත්‍යා දෘෂ්ටි නිසා අහිංසක ළමයි මරනවා.. තොපිට කන්‍යාවීයෝ ඕන නම් මැරියවු. ඔය අහිංසක ළමයි අපිට දීලා.. අපි හදා ගන්නං #lka #EasterAttackSL,1,sinhala
අඩේ මගේ කමරේ හෙන තඩි කිබුල් හූනෙක් වගේ එකෙක් එදලා පැන්නා යකූ,0,sinhala
දැක්කම පයිය කෙලින් උනා...,1,sinhala
"මිනිස් හදවතක වටිනාකම රැපියල් කෝටිගානක්, එත් මම තොට නිකන් දුන්න හදවත නේද ගැණියෙ තෝ එපා කිව්වේ",1,sinhala
මට කෝච්චියේ යන් කියලා ඒකි වෙන කොල්ලෙක් එක්ක යනවා කියහන්කෝ.. #PoorMe,0,sinhala
එකෙක් හිනාවක් දාල තියෙනවා දැක්ක මගේ පරණ කොමෙන්ට් එකකට. ඇයි බන් ඔච්චර කල් හිනාව හිරකරන් ඉන්නේ? උඹ මටද හිනාවෙන්නේ උඹ උඹටමද හිනාවෙන්නේ? මට හිතෙන්නේ උඹ උඹටම හිනාවෙන්නේ කියල.පොන්නය පොන්නයමයි කොහේ ගියත් කොයි කාලෙදිත්.,1,sinhala
මිනිහගෙ ෆෝන් ලොක් එක වෙනස් කරල කියල දැනගන්න ගෑණි!,0,sinhala
"එතකොට හන්දියෙ කඩපලට ගිහින් පැන්ටා කුප්පියක් අරන් දෙන්න, හම යනකං කට කන්න, ඈ බොල සති අන්තෙ තොට වෙන වැඩක් ඇත්තෙම නැද්ද කියලා අම්ම තාත්තගෙන් බැනුම් අහගන්ටත් පුලුවන්. Saviii · 16 Aug 2018 වෙලාවකට හිතෙනවා... දුර පලාතක ගෑනුලමයෙක්ට ආදරේ කරන්න... සති අන්තෙ මුන ගැහෙන්න යන්න... ඒ හම්බෙන්න ගිහින් සතියක් පුරාවට හිතේ හිරකරන් හිටිය ආදරේ ඈට දෙන්න... මූන ගෙවෙනකන් ඇගෙ මූන ඉඹින්න...",1,sinhala
මං තමා හැමෝටම වැරදි දැන් :( #රෙද්ද,1,sinhala
සමහරු කීනව ලකුණු 170ක් අරගෙනත් ශිෂ්‍යත්වෙ පාස් වෙන්න බෑලු. ප්‍රශ්නෙ විසදන එක හරිම ලේසියි. පේපර් එක අමාරු කරන්න.,0,sinhala
ඉතිම් ඒකනේ මාත් කිව්වේ ගොනා හකරා ගෙම්බා තඩියා තට්ටයා කොන්ඩයා යනවා යන්න,1,sinhala
"මේ මචන්, අස්වෙලා ගෙදර පලයන්. ඒක තමා ලොකුම උදව්ව.",1,sinhala
සබරි කියන්නේ රාජපස්ස වළව්වේ අසූචි කන ඌරෙක්..!!!!,1,sinhala
උබල දෙන්නා මාව බයිට් එකට ගන්නවද බොල.. මං ගියා.,0,sinhala
එකනේ මොනා කරන්නද අමාරැ උනත් පොඩි උන් ආරක්ෂා කරගන්න ඔනනේ..මුං අපේ නිදහසත් නැති කරානේ කාලකණ්ණි,1,sinhala
මොකො කටට දුන්නද කෞරු හරි,1,sinhala
ඇයි මෙහෙම මිනිස්සු මෙච්චර කෲර වෙලා තියෙන්නේ,0,sinhala
කැත වැඩ කරපු සෝමේ : කරූට වැඳ සමාව අරගෙන ! URL,0,sinhala
ඇත්තටම බන්. අන්තිමට ඉවර වෙන්නෙම රාජපක්ෂගේ පස්ස ලෙවකන එකෙක් කියල.,1,sinhala
"පද්ධතියේ ), උකවා (උරා / අවශෝෂණය කරවා), පෙම් බිජ්ජ (පෙම් බීජය / ප්‍රේමය නමැති ඇටය) තිරි (තුරුණු / තරුණ), රිරි පක (රිරී = ලේ, පක = ගෙඩිය ; රිරි පක = ලේ පිරුණු ගෙඩිය, හදවත), රසකයියා (රස කය / ලස්සන ශරීරය)",0,sinhala
"මෝඩ වේස ගෑනු Officer dibble · 3 Jun 2019 Am I surprised at the response of this Yahapalanaya political stooge for her mockingly catcalling, targetted hate & bigotry towards #SriLanka Maha Sangha? #lka Do you have a choice in disassociating yourself with this type of a person?",1,sinhala
අම්ම දන්නව හොදට පුතාගෙ හැටි. මම හැදුවෙ පොන්නයෙක් නෙමෙයි කියල අම්ම දන්නව,1,sinhala
", ""සිහින හතක් දුටුවෙමි මම හත්දවසක් එක විදියට එක සිහිනෙක චන්දු දැක්කේ පිරිමියෙකු වගේ පිරිමියෙකු වගේ"" ⁣නාකි කෙල්ලො දැන් කියන සිංදු",0,sinhala
මල කරුම අප්ප........,0,sinhala
වසර 70 ක් දෙගොල්ලන්ටම රැවටුනා යැයි විස්සෝප වෙමින් ජවිපෙ හිවල් කටට පනින්න යන උ.බු.ප්‍රජාවගේ දැනුවත් වීම සඳහා ජ.... URL,0,sinhala
කරුම තමයි බං. උන්ගේ තදියමට කරුමෙ ගෙවන්නේ පොඩි උන් තමයි ඉතින්,0,sinhala
හුජ්ජ කිරීමට මතක් කිරීම සම්බන්ධයෙන් මගේ හද පිරි මේව්වා එක,1,sinhala
"පුකරංගල නැගලා කිලෝමීටර් ගාණක් ඈතින් තියෙන සීගිරි ලලනාවන්ගෙ තං වලට හුජ්ජ කරලා, ලෝකෙට පුක පෙන්නලා ආතල්ලෙකක් ගත්තු කොල්ලොංගෙ කළු පුකවල් බලලා පයි උරුක් කරගෙන, ඇඟවටේ ඔතං ඉන්න සිවුරු හීනියට රෝල් කරලා පුකේ ගහගෙන, ඉවසං... URL",1,sinhala
මිහිපිට පළදෙන කරුම විපාකේ.. විභාගේ..විභාගේ.. #Soon — feeling happy,0,sinhala
ශෝක් පොටෝ කෑල්ල :D අඩේ ඉස්සර අපේ ගෙදර දාලා තිබ්බ ජනෙල් රෙද්ද :D,0,sinhala
චන්ද දුන් මිනිස්සු එක්ක මෙහෙම විහිලු කරන්නෙ ඇයි මේ දේශපාලක‍යෝ.,0,sinhala
"රටක් වශයෙන් අපි ආඩම්බර විය යුතුය. එක රටක්, එක නීතියක්. කොරෝනා වය්රසයෙන් මැරෙන සියලුම දෙනාම ආදාහනය කරන්න තීරණය කරලා. ආදාහනය ගැන සිංහල සහ දෙමළ මිනිස්සුන්ට කිසි ප්‍රශ්නයක් නෑ. ඒ මන්දයත්, ආදාහනය ඒ ජන කොටස් වලට සාමාන්‍ය සිරිතක් නිසාය.",0,sinhala
"මෙහෙ මිනිස්සු කිරි පැකට්එකක් හොයන්ඩ රටවටේ යනව, මුන් මෙන්න චීනෙට යවන්ඩ දගලනව, මුන්ට අමුකැවිලද???",1,sinhala
උඹ වගේ හොරට ආචාරියෙක් උන්නෑ බොල......,1,sinhala
"අන්තරෙත් ඔහොම තමා යකෝ...අන්තරේ රන්කරවන දේශපාලන පක්ශ වලට විශ්ව විද්‍යාල වල උන් නාකිවුනත්,එකෙක් මැරුණත් ගාණක් නෑ...එකෙක් මැරුණොත් උන්ට ඒක හෙන ජයග්‍රහණයක්...අවුරුදෙන් අවුරුදට මැරුණ එකා මාකට් කරන්න පුලුවන්...",0,sinhala
"ඔසවයි නේන්නං, ඔය සවුක්‍ය ඇමති ඒවා ගානට බෙහෙත් කොම්පැනි වලට ඕනේ විදියට බෝ කරලා යයි. අර කාගේද ... ආ සේනක බිබිලේගේ ප්‍රතිපත්ති ක්‍රියාත්මක කොරන්නනේ ආවේ. රටේ රට හරක් කතිරයක් ගහගන්නවත් තේරෙන උන්ද වේ ඉන්නේ. #srilanka",0,sinhala
ආන්න් දැන් හරී.ඔච්චර ලස්සන මූනක් ඇන්ඩ් නමක් තියෙද්දි නෙහ් පිස්සු කෙලින්නෙ,0,sinhala
රොබරෝසියා රොබරෝසියා ඔය හිතට දුක නැද්ද රොබරෝසියා හන්තාන මල් මැදුරේ දොරගුළු පියා මට යන්න ඇයි කිවේ රොබරෝසියා #sajje කාලෙකින් පට්ට නම්බරයක්,0,sinhala
මොනාද අයිසේ තමුසෙ මේ කරන දේශද්‍රෝහී වැඩ,1,sinhala
"මම කීව ද දැන් ඔයාට කෑල්ල වෙන්න කියලා, අනේ මේ ගොන් කතා කියන්න එපා",1,sinhala
වාචාල දේශපාලකයෙක්. තර්ක වෙනුවට තඩි මොඩ වදන් කියන තුට්ටු 2 දේශපාලකයෙක්.,1,sinhala
අයිසේ මේ අපේ අගමැති වෙන්න ඉන්න තවත් අපෙක්ෂකයකු The following media includes potentially sensitive content. Change settings View,0,sinhala
"පයිය :- එල්ලාගෙන යන නැතිනම් ක‍ට ගැට ගැසූ කුඩා මල්ලට අතීතයේදී කිව්වේ පයිය කියාය. නුදුරු අතීතයේ පවා ගැමියන් ගමනක් යනවිට බුලත් දුංකොල දමාගෙන ගියේ බුලත් පයියේය. කෙනෙකු කර්කශ ලෙසින් ඝෝෂා කරන විට ගැමියන් එය හැඳින්වූයේ ""ඒකා බෙලිකටු පයිය පෙලොවේ ගසනවා"" ලෙසිනි.",0,sinhala
මොන ලබ්බක්ද යකෝ. කොළඹ ලස්සන පොටෝ එකක් ගන්න නෑනේ. අර කොළුකාරයගෙ පොටෝ බැනර් හැමතැනම.,1,sinhala
තවත් මොන වාර්තාද?දේශපාලකයින් මෙම කුණු කන්ද ඉවත් කිරිමට කටයුතු කරා නමි මෙවන් විනාශයක් සිදු වීම වැළකෙනවා.,0,sinhala
අප්පට හුක###; අවුරුදක් විතරයි වවපු කොන්ඩෙ කැපුවා..මාර දුකයි.අවුරුද්දට වෙනස් උනා කියලා හිත හදාගන්නවා සරලයි ... - දුකක් දැනෙමින්,1,sinhala
අපෝ අද දවසත් නිකන්ම කාලකණ්ණි වෙනවා :/,1,sinhala
බල්ලා පිදුරූ කන්නෙත් නෑ කන ගොනාට ..... දෙන්නෙත් නෑ ඕකයි පින්වතුනී ලෝක ස්වභාවය,0,sinhala
කෑල්ල එක්ක ශොපිං ගීන් fiton rm එක ඉස්සරා තනි පංගලමේ ඉද්දි cima cls එකේ කෙල්ලො දෙන්නෙක් set උනා.උං දැං හෙනට හැඩ වෙලා..,0,sinhala
මොන්ටිසෝරියෙන් එක වසරට පාස් වෙන්න විභාගයක් තියේද මම දන්නැ නේ බං උඹ තාම මොන්ටසෝරියටවත් ගිහින් නැති එකේ දන්නැතුව ඇති ඒ ගැන,1,sinhala
ජීවිතේ පට්ට ආසාවකින් ඉදපු පට්ට කඩයිමක් පසු කරන ගමන් ඉන්නේ,0,sinhala
DP එක පට්ට ඈ,0,sinhala
ඇයි ඩාලින් ඇගිලි කහපාට.? Eන ගමන් බෝම්බයක් වත් පෑගුවාද.? Shani  · 15 Jan,0,sinhala
බැල්ලියෝ බිරුවට කදු පාත් වෙන්නෙ නෑ බන්. බුරන බල්ලො සපා කන්නෙත් නෑ. පස්ස හෝදන්න වතුර නැති උන් ටොයිලට් නෙමේ මේකත් ගද ගස්සනෝ #LankanReactions,1,sinhala
"ඒක තමා කිව්වෙ නැට්ටුක්කාර වේසි කියලා, නම දන්නෙ නැනේ",1,sinhala
කාලකණ්ණි මිනිස්සු..කොහේ යන්න හිතන් ඔවා කරනවාද මන්දා,1,sinhala
මේම ඉස්සරහින් ගැහුවාම මම පාරට ගන්නේ උබේ ලබ්බ උඩින්ද කියලා අහන්න කලින් ඌ කඩේ ඇතුලට රින්ගුවා මං පොටෝ එකක් ගහලා ට්විටර් දැම්මා ඉතින්,0,sinhala
නිවැසියන් නෙවෙයි යකෝ රැඳවියන් මුගේ FM සිංහල මෙව්වා URL This Tweet is unavailable.,0,sinhala
"කෙටි කලොත් "" දැන් මට කලින් ගෑණි ගහන්නෙ """,0,sinhala
", ඉස්සෙල්ල පයිය නග්ගන් හිටපං ගෑනු තුනක් ඉස්සරහ නිකං පීචං වෙන්නෙ නැතුව. පයිය පෙන්ටෝච් කෑල්ල වගේ තියාගෙන හැමනෙන්ඩ හදන ගොං වේසිගෙ පුතා. තෝ හොඳ පුක දෙන්ඩ පකෝ.",1,sinhala
දැන් මේකෙ හැටියට මැරුනේ කවුද? මනාලියද මිත්තනියද?,0,sinhala
තව මැරෙන්න ගත්තෙ නෑ... අපේ හොස්පිට්ල් වල ඇති වෙන්න ඇඳවල් තියෙනව නේහ් අවුලක් නෑ තව ඉමු #President,0,sinhala
කෙල්ලංගෙ මූණු ප්‍රොෆයිල් පික්චර් එකට දාගෙන ඉන්න අඩුකුලේ පර හැත්ත. වහලෙ කඩං වැටිල මැරිය. -_- රැවටෙනවනෙ අප්පා,1,sinhala
"යකෝ ගමක් ඇවිල්ලා ගහනවද පවුලේ ප්‍රශ්න වල ම අනික උන්ගේ පවුලේ ප්‍රශ්නයක් නෙමෙයිනේ. උබලගේ පල්ලියේ එවුන්ට අමාරුව තිබිලා තියෙන්නේ, තොපි වගේ අන්තවාදියන්ව මේ රටෙන් එලවන්න ඕන.",1,sinhala
ඉස්සර තුම්පනේ. දැන් කුලියාපිටිය! පව් යකෝ අර අහිංසක නොදරුවා. ඒ දරුවට නිදහසේ ඉගෙනගන්න අවස්ථාවක් දීපල්ලා අමනුස්ස හැත්ත.,1,sinhala
....අඩෝ-මචං-වරෙන්-පලයන්... වචන සෙට් එකේ තියන ගැම්ම...... සුරංගනා ලෝකෙන් බැහැපු සූට් බූට් බිකිනි ඩයල් දන්නේ... URL,0,sinhala
කවි නෙමේ එක තමා ඇත්ත..ඒත් ඉතිං පොලිටිකල් ගේම්ස් නොදන්න ලංකාවෙ මෝඩ හැත්ත කැමති නැත්තන් කොරන්ඩ බෑනෙ..යූ එන් පී ජේවීපී වහල්ලු රෙදි උස්සං කෑ ගහනවනෙ..අඩුම ගානෙ ඉස්කෝලෙ යන කාලෙ පුරවැසි අධ්‍යාපනයවත් ඉගෙනගෙන තිබ්බ නං හරි..ඔක්කොටම වඩා ගොන්නු තම්බි.උංට නිදානෙ හම්බුනා වගේ කිරිබතුත් ඉව්ව,1,sinhala
2. ඒ අස්සෙ දකුණෙ ඉන්න සින්හලයට අයිතිවාසිකම් ගැන කතා කරන්න විදියක් නෑ... සුද්දගෙ පුක ලෙව කන NGO කාරයො සුළු ජාතික අයිතිවාසිකම් ගැන කතා කර කර හැමිනෙන්න හදනව.... ඔව් සින්හලයො ජාතියක් විදියට පට්ටම අසරණයි... තමන්ගෙ රටේම ආගන්තුකයො වෙලා.....,1,sinhala
", එකා නිදාගන්නකල් උන්නොත් අපි නාකි වෙයි හලෝ",0,sinhala
ගෙදර ඉන්න බල්ලා තරම් කොන්දේසි විරහිතව ආදරය කරන කෙනෙක් මම දැකලා නැ,0,sinhala
උඹ ඒ මවපු ගින්නේ දැන් මම තනිව තැවෙනවා හැමදාම රෑට ඇස් කදුලින් තෙමෙනවා දවසක් ආයේ හමුවෙන්න පෙරුම් පුරනවා ඔහු එක්ක හෝ අවිදින් හමුවෙන්න මට ඔබට සුබ පතන්න තියනවා #වේසියකට_පෙම්_කරමි,1,sinhala
"ආන් ඒකයි. අපේ ගෑණි ඉන්නවනේ , ඕකි කොයි වෙලේ හරි වැල්ලේ පාලයා එක්ක යනවා සුවර් බන් කොලුවෝ. මේකි NishOfficial.lk · 25 Sep 2020 අප්පේ නෑ සෝමේ මාමේ... අපි නම් ඕං ඔය අර බූට් මේ බූට් කන්නේ නෑ.",0,sinhala
"vikalpavoices අධික තන්හාව,බලයට ඇති කෑදරකම මිනිසුන්ව පිස්සු වට්ටන බවට කදිම උදාහරණයකි දූෂිත, බල ලෝභී මහින්ද රාජපක්ෂP… හේතුහාමි සරණපාල · 11 Aug 2015 අධික තන්හාව,බලයට ඇති කෑදරකම මිනිසුන්ව පිස්සු වට්ටන බවට කදිම උදාහරණයකි දූෂිත, බල ලෝභී මහින්ද රාජපක්ෂ@PresRajapaksa #lka #GE15",0,sinhala
"කාත්තන් කුඩි එපා පලයන් අකුරණ, අම්පාරේ කල්මුණේ , අක්කරෛපත්තු තොපිට සහජීවනය උගන්වයි !!!",0,sinhala
බීලා පිස්සු නටන උන් දිහා බලලා උන්ට බැන බැන බිව්වට පස්සේ බැනපු මිනිස්සුත් ඒ පිස්සුම නටනවා,0,sinhala
කොරෝනා මිනිස්සුන්ගෙ ජීවිත කොච්චර වෙනස් කරනවද කියනවනම් මේ මොහොතෙ අපේ අම්මයි තාත්තයි හෙන උනන්දුවෙන් ඩොක්ටර් නවරියන් බලනවා,0,sinhala
අපේ ගමෙ ඉස්සර හිටියා හොඳ ජාතියෙ ගොනෙක්.හැබැයි මූ ගොනෙක් උනාට ඌට බුරු ගතිත් තිබ්බා ගොන් ගති වලට අමතරව.හැබැයි මූ හිතාගෙන ඉන්නෙ මූ කඟවේනෙක් කියලා.හොඳට හපුතලෙ කන්ද නගින්න පුළුවන් හැබැයි මෙල්ල කරන්න අමාරු සීන් එකක් තිබ්බේ.ගමේ ඈයො නම් කිව්වෙ කොච්චර හොඳ ගොනෙක් උනත් කන්ද උඩ මෙල්ල කරන්න,0,sinhala
සමහර ට්වීට් වලට මිනිස්සු පට්ට ගොබ්බ රිප්ලයි ඩාලා තියනවා යකූ මරෙනවා හිනාවෙලා,0,sinhala
තොපිලා හෙන ජෝබ්ලෙස් නේ කියා scroll කර පහලට යන පොකුර #පොකුරටනමක්,1,sinhala
ටහුඩු.. ඉන්නවා නේන්නම්.. ඔයා මාර දස්සයි නෙ..,0,sinhala
ඔව් හීනෙන් කිව්වේ ගෑණි,0,sinhala
Sinopharm දෙවෙනි මාත්‍රාව දියතෙ පටන්ගන්නෙ කවදාද?,0,sinhala
"මිනිසුන්ගේ මුලික ප්‍රශ්න, අවශ්‍යතා වලට මුල් තැන දෙන්න ඕනෑ වගේම, රටට WiFi දීමත් කරන්න පුලුවන්නම් හරිම වටිනවා මොකද එකත් පුද්ගලික මෙන්ම අධ්‍යාපන, ව්‍යාපාර ආදී දියුණුවට රුකුලක් කරගන්න පුළුවන් නිසා... නමුත් 2015 චන්දෙදි WiFi දීම බොරු චන්ද පොරොන්දුවක් වුනා විතරයි....",0,sinhala
වැඩියෙන්ම මෝඩ කම 80%ක් වගේ,0,sinhala
අපේ බලශක්ති සුරක්ෂිතතාවය වෙනත් රටකට බාර දෙන්නේ අැයි?ඒය අප විසින්ම සුරක්ෂිත කළ යුතු නොවන්නේද?,0,sinhala
"පයිය :- එල්ලාගෙන යන නැතිනම් ක‍ට ගැට ගැසූ කුඩා මල්ලට අතීතයේදී කිව්වේ පයිය කියාය. නුදුරු අතීතයේ පවා ගැමියන් ගමනක් යනවිට බුලත් දුංකොල දමාගෙන ගියේ බුලත් පයියේය. කෙනෙකු කර්කශ ලෙසින් ඝෝෂා කරන විට ගැමියන් එය හැඳින්වූයේ ""ඒකා බෙලිකටු පයිය පෙලොවේ ගසනවා"" ලෙසිනි. එපමණක් නොව මුහුදු බඩ",0,sinhala
ඊයේ අමාත්‍ය තුමා රිවෙස් කිව්වාට අද වෙන කතාවක්.,0,sinhala
ජෙපි ටෝක් එකක් දුන්නෙ !!!,0,sinhala
එකනෙ අනේ... කැත වැඩ ඒවා...ජරාව දෙන්න හොඳ නැහැ කාටවත්... පව්...,0,sinhala
"චීනෙට වෙලා පට්ට ගේමක් දීලා vpn දාගෙන මේකේ උඩට පල්ලහට යනකොට දකින ඒවට එන කලකිරීම ආවේ, අවුරුදු 10කට පස්සේ. යනකොට තිබුන රට නෙමෙයි ආයේ එනකොට තියෙන්නේ. බලේට කෑදරකමේ රටේ මිනිස්සු බිල්ලට දෙන උන් පණපිටින් වලලන්න ඕන.",1,sinhala
"තොපි වගේ රැවටුන උන්ගේ රෙදි ගලවන්නේ අපි නෙමෙයි බන්, සිරා. මේ කෝ බන් අර ලැම්බොගිනි???",0,sinhala
නොදකිං මේ වගේ එලොවටත් නැති මෙලොවටත් නැති පොන්න පකයො නම් PS : බයට නෙවේ SS දැම්මෙ quote කරන්න බෑ අපිව blocked,1,sinhala
කිම්බ ලී ට නෙවේ යකෝ මෙහෙට එව #100FREEiPhone12,1,sinhala
ජාතීද්‍රෝහී දේශද්‍රෝහී නා ගොඩහේවා ඉතාම පිළිකුල් කෙනෙක් බවට පත්විය,0,sinhala
මම : අම්මා.... මම නාගෙන එන්නම්. අම්ම : දවස් දෙකයි පෑව්වෙ. ආයෙ වස්සවන්නද හදන්නෙ යකෝ. බෑනෙ කරන්ඩ ඉතිං.,0,sinhala
ජර්සියේ ඩයලොග් නම ලොකුවට ගහල ලංකාවෙ නම පොඩියට ගහනව මදිවට සක්කිලි වැඩත් කරන්න පටන් අරන්. ටිකට් දෙනවා කියලා ඒව... URL,1,sinhala
ඔව් ඔයි.. ජෝක් එකට කොලු ලයින් දාලා... එක පාරක් පාරෙදි වෙන යාලුවෙක්ට එ් විදියට අත වැනුවා.. මම කොහොමත් පිස්සා කියලා දන්න නිසා අවුලක් නෑ... හැබැයි දැන් නම් ජොක් එක නවත්තන්න කාලේ හරිවගේ.. නැත්තන් ගුටි කයි වගේ...,0,sinhala
නෑ බන් ඌ මේ බොදුබල සේනාවෙ එකෙක්නෙ.,0,sinhala
ඒකි එහෙම නෑ බං. ගුඩ් නයිට් #වේසියකට_පෙම්_කරමි,1,sinhala
"""මුල පිරුවා පමණි"" ලබ්බ ගහේ පුහුලම බිම කියන්නැහෙ ලොක්ක කෙලිය නේද ගෙඩිය පිටින්ම බිලියන් 59000 ක් :o",0,sinhala
ලෝගගෙ කැත ෆොටෝම ගන්න එපා බොලව් පවු ඒ මනුස්සයා,0,sinhala
"අයිසෙ මහත්තයා, දන් නැත්නම් පොඩ්ඩක් ඇස් ඇරලා බලාගන්න තේකක් බීලා ඉන්නෙ නැතිව යනවා ගොවි අරගල බලන්න",0,sinhala
", මොකද උඹලට තියෙන අර්බුදේ රටේ ඕනම තැනක පල්ලි හදනන පුලුවන් ,ජීවත් වෙන්ට පුලුවන් ,ව්‍යාපාර කරන්න පුලුවන් වෙන මොන රෙද්ද",1,sinhala
රටේ පාලක පොට්ටයෝ උන්ගේ වාසියට යම් දෙයක් දකිනවා හැර රටේ දියුනට ප්‍රගතියට නෙත් නොපෙනෙන්නේය.,1,sinhala
හැබැයි සිලින්ඩරේ බර වෙනස් විය හැක.,0,sinhala
ඒ වුණාට කතාවට කියන්නේ වල් බල්ලො දාහක් හැදුවත් බය නෑ මේ එක ලොම් බල්ලෙක් හදනවට වඩා කියලා. බල්ලොත් එකයි පූසොත් එකයි,0,sinhala
නයිට් ටයිම් ඩේටා තියෙද්දි ඇයි රෑට බෝනස් ඩේටා වලින් කපන්නේ. ටහුකන කෑදර කමක් නේ යකෝ මේ කොම්පැනි වල ඩේටා වලට තියෙන්නේ. ඇටයක් යනවා වගේ #SLT,1,sinhala
"එම්. කේ සිවාජිලිංගම්, මිහිදු - සංඝමිත්තා පිළිම දෙක එහෙන් අයින් කරපු එකට ⁣පොහොට්ටුවට පුක දෙන උන් මාධ්‍ය ප්‍රකාශ නිකුත් කරල තියෙනව දැක්කද බං?",1,sinhala
අපේ සර් ඇහැව්වා! මොනවද තමුසෙ මේ කරන්නෙ URL,0,sinhala
පලයන් පකයා යන්ඩ.. උඹ කාගෙද බන්,1,sinhala
ශොපින් බෑග් ලබ්බෙ එල්ලගන්න තෝ හිතුවද මටත් තොට වගේ ලබ්බ ලීක් කියලා ඈ යකෝ,1,sinhala
"ඈ බොල Donald J. Trump.., අපි බොලාට පක්ශව කඩෙ ගියා තමා.. ඒ අර Hillary Clinton ඇන්ටිව පත් කොරන එක හොද නෑ කියල... URL",0,sinhala
මොකක්ද යකෝ මේ සමනළ මාවතක් ගැන කියල තියෙන්නේ? තෝ හිතුවද මමත් හසිය වගේ කියල,1,sinhala
ගිය ආත්මේ ක්‍රිකට් ක්‍රීඩකයෙක්ද මන්දා මේ බල්ලා කඩුලු රකින අපූරුව බලන්නකෝ..!! - English - Hiru Videos URL,0,sinhala
රෑට බය වෙන්නෙ මොකටද සජියා ඉන්නවනේ,0,sinhala
ටහුඩු අක්කෙ.. උමත් ඉදලාාම හෙන දාර්සනික වෙන්න හදනො නේ,1,sinhala
මේ පොන්න හුත්තල ආමි එකේ කොල්ලො ටිකත් නොන්ඩි කරනව.... පොන්නයොත් ඉන්නව...මුන් ඇවිල්ල රාජ පොන්නයො,1,sinhala
අරූත් නැවටම නාකි වෙන සීන් එක්ක තියෙන්නේ නැත්තම්,0,sinhala
ඔවු බන් මමත් බැලුව මේ ගෝතය මොකාද කියල බැලින්නම් යුනේස් සොලි ඩාලින් යුනේ,1,sinhala
උබට පේනවද? මට පේන් නෑනෙ අයිසෙ,0,sinhala
ඩාලින් කියන්නෙපා මිනිහෝ අපේ හොරේ අහු උනොත් උබට විවාහ සහතිකේට කලින් මරන සහතිකේ ලියලා දෙයි.,0,sinhala
අපොයි මෙහෙමත් මොඩයෙක්. ජනදිපති අපෙක්ශකයෙක් මීටවඩා බුද්දිමත් විදිහට කතාකලයුතුයි.,1,sinhala
"'බෑ'කියලා නැට්ට උස්සලා කොඩිය දාලා යන්න යනවා. මේ ඔක්කොම නිකං චිත්‍රපටියක් වගේ මට පෙනුණා.ඒ ඔක්කොටම උඩින් දිව එළියට දාලා හිනාවෙවී හිටියේ සුදු ඇගේ කළු ඩොට් තිබ්බ 'සැප්' බල්ලා.කිඹුල් බනිස් අරන් දුන්නට පස්සෙ කන්න කියලා කොට්ට යට,මෙට්ට යට ඒවා හංගන පිස්සු බලු තඩියා. මං හිතන්නෙ මේ ඔක්කොම",1,sinhala
රෙන රාජා තමුසෙනන් හැදෙන ලිං ගෙම්බෙක් නෙවි බන්. 150ට ඔය ටික කාලා විකුණගන්න තරම් පුකක් තිබ්බද බන්.... ??,1,sinhala
විල්පත්තු මන්නාරම් දිස්ත්‍රික්කයේ ද තියෙන්නේ ? අනේ පකෝ ගිහිං අතන තියෙන කඩේකින් අහපං තෝ ඉන්න පළාතේ නම භූගෝල විද්‍යාව හදාරපු එකෙක්ගෙන් අහගනිං විල්පත්තුවේ සිතියමක්. නිකං පොර වෙන්න හදනවා. ගිහිං අර කෙල්ලංගේ ජංගි ටික හෝදපං,1,sinhala
අනේ නිකන් පලයන් හුත්තෝ යන්න,1,sinhala
"ගෙදර කවුරු හරි විල් බැරෝ එක ගන්නවා වැඩක් කරන්න.... අපේ ගෙදර බල්ලා : ""මේක මට පදින්න දීපියවු......""",0,sinhala
ඈ මට පිලිතුරක් දුන්නෙ නෑ.ඊට කලින් ආයෙමත් අර සද්දන්ත මනුසයා ඇවිත් දේවාස්මිකාගේ කොන්ඩෙන් අල්ලන් ප්‍රශ්න කරන්න ගත්තා! “බැල්ලි තෝ හිතුවෙ මං නොදන්නවයි කියලද. මං හැමදෙයක්ම දන්නවා හැම දෙයක්ම!මං නොහිටිච්ච කාලෙට තෝ කා එක්කද මුකුළු කරේ මේ සොල්දරේ ඉඳන්.කාටද හාදු දෙන්න ගියේ.පරට්ටි!,1,sinhala
කන්න මොනාහරි ඉල්ලුවාම තඩි චොකලට් එකක් දුන්නා ගෙදර වගේ නම් කාලා නිදා ගන්න හරි තිබ්බා මේකේ එහෙමවත් නෑ,0,sinhala
"හරි... දිලිත් ඊළඟ ඇන්ටිජන් නැවත් ඕඩර් කරලලූ. අවුලක් නෑනෙ, සැපට ෆන් එකක් අරන් එන්නල එහෙනං.",0,sinhala
ඇතුලේ උන්ට ජය සමරයි ...පුක ලෙෆ්ට්,1,sinhala
එකපාරට රසායනික පොහොර තහනම් කරලා රට 100% #කාබනික කරන්න බැහැ නිවැරදි ක්‍රමවේදයකට පියවරෙන් පියවර යන්න ඕනේ කියලා අපි දිගටම කිව්වා. විෂය දැනුමක් නැති ගොන් බයියෝ කවි සිංදු ලිව්වා. ඔන්න අන්තිමට 'ස' බයියන්ට පස්ස හරවලා. බයියෝ කියන්නේ කොරෝනා වලටත් වඩා භයානක සාපයක්. URL,0,sinhala
"හුරුවෙයන් මුරලිලා, අනුරලා වගේ කෙලින් කතාකරන එකෙක් නොවී මහින්දට කඩේ යන එකෙක් වෙන්න.. මහින්දට විරුද්ධ හැමෝටම ජාතක කතා ලියන අවජාතක උන් එදාට උඹට ගෞරව කරාවි.. URL",1,sinhala
"Duke : ""තොට පිස්සුද යකෝ මට සුදු මැණික කියන්න. තොට ඇස් පේන්නේ නැද්ද ගොන් හරකා. කාගෙද බං මූ? කවුද මූ?"" Duke The Dog · 23 Jan 2021 සුදුමැණික නෙවෙයි රත්තරනේ කිව්වත් තරහයි නම් තරහයි. #DukeTheDoggy",1,sinhala
ලබ්බ මුන්ට මැච් එකක් ටෙටිකාස්ට් කරගන්න බෑ හැත්ත,1,sinhala
ඊළඟ #DiyathaMeetup එකට කෑම හදාගෙන ආවෙ නැත්නම් මන් තොට බෝතල් වලින් ගහනව දැනගනින්,1,sinhala
රෙද්ද උස්සගෙන එයිද අදාල උන්..,1,sinhala
එහෙම පදිංචි උනානන් හරී,0,sinhala
හරි බං එල... සංචරන සීමා තුල සංචරනය වෙනදට වඩා පහසු කල ඔබට හිස නමා අචාර කරන බව අප පොලීසියට මතක් කරමු,0,sinhala
", උඹ එද්දි තන් බලල ඉවරයි මුං",1,sinhala
විමල් වීරවංශ සහෝදරයගේ LankaCNews පවා ‘ඊළඟ කෑල්ල‘ට line එකේ ඉන්නේ URL,0,sinhala
"සමහරු හිතන් ඉන්නෙ අපි දාන ට්වීට් එකකට එයාල කමෙන්ට් කලොත් අපි ඒකට ෆේව් කරල අනිවාර්යයෙන් reply කරන්නත් ඕන කියල.. එහෙම බැරිනම් ""අන්ෆලෝ වෙලා පලයන්.."" කියලත් බනිනව අනේ වස්තුවේ ඉතින් අපි කැමතිනම්නෙ අපි රිප්ලයි කරන්නෙ.. ඔය සද්ද.. #තියාගනිංගෙදරගෑනිත්එක්ක සුහද සිතින් ටිකක් සැරෙන්",0,sinhala
කිරි ඇල්ල කියන්නෙ අමු පිස්සෙක්. ආණ්ඩුවටම ගැලපෙන විපක්ෂය,1,sinhala
"ට තවත් අපේ රට කන්න දෙන්න එපා. මුගේ පස්ස ලෙවකන ගොංවංශ, ගොංමංපිල ඇතුලු පොන්නයෝ මේවා තේරුම් ගත්තොත් හොඳයි.",1,sinhala
_සිදුව ඇති බවය. අනතුරෙන් බස් රථය ගිනිගෙන පිපිරීමට ලක්ව ඇති අතර එහි සිටි මගීන් 16 දෙනෙකු මෙලෙස අවාසනාවන්ත ලෙස ජීවිතක්ෂයට පත්ව තිබේ. අනතුරෙන් තවත් පුද්ගලයින් අට දෙනෙකු තුවාල ලබා රෝහල් ගත කර ඇති බව ද විදෙස් මාධ්‍ය වාර්තා කර ඇත.,0,sinhala
මම එහෙම තමයි කරන්න හැදුවෙ මගේ ඩාලින් හබී එනව කිව්වලු මාව ගන්න,0,sinhala
තිස්ස ලොකු පක්ෂවලට පස්ස දායි URL,0,sinhala
සල්ලිත් අතේ නැති එකේ යන්න ඕනේ බැංකුවක්වත් කොල්ලකාලා නම වෙනස්කර ගෙන සතුටින් සැපෙන් ඉන්න....,0,sinhala
අයියේ දෙමව්පියන්ගෙ වැරැද්ද...පොඩි කාලෙ මම යාලුවෙක්‍ට මෙහෙ එනවකො පොඩ්ඩක් කිව්ව එකට අපේ අම්මා මට පාර මැද්දෙ කුඩෙන් ගැහුව..එදා හැදුන එක තාම එහෙම්මමයි..හැබැයි ඉතිං කතා කරන වැඩිහිටියා වැඩිහිටියෙක් විදියට ඉන්න ඕන..බූරුවෙක්ට නං ඉතිං සාරධර්ම රෙද්ද අස්සෙ ගහං කතා කරන්නෙ,1,sinhala
"කවුරුහරි මොනවහරි ගෙනාවම, අපිත් කාල අම්මට ඉතිරි කරල තියෙනව. එයා ආව ගමන් ""අම්මෙ අරක අතන, කන්නැද්ද?"", ""අම්මෙ අරව තියනව"", ""අම්මෙ කන්නකො කූඹි වහයි"" අන්තිමේ අම්ම කියනවා අරං කන්න මට එපා කියල. #ChildhoodMemoriesLk",0,sinhala
හදේ පොටෝ ගැහුවා ඉතින් හරියයිද කියහන්කො .පැහැදිලි නෑ .රෙද්ද,1,sinhala
කලුවර විඩියෝ එකේ විශුවල් එක දැකලා බය වුනා යකෝ,0,sinhala
දෙයක් කෙලින් කියලා ඉට පස්සෙ වටෙ යන උන් වද්දාගෙන මෙකෙ සබ් ගහ ගහ හැමිනෙන්නෙපා #කාටහරිවැදිය ගොන් හැත්ත,1,sinhala
", ඩයලොග් කියන්නෙ තමන්ගෙ මව විකුණා කන සක්කිලි බලු නෙට්වක්. මුන්ට යුනියන් ප්ලෙස් එකේ වේසි ගෙයක් දාලා හම්බකරන්න වටිනවා.",1,sinhala
අයියෝ සිරිසේන මේ හුජ්ජ දෙමල ත්‍රස්තවාදීයාට බයේ දැන් එතකොට...යන්නෙම නැද්ද..අෑැැහ් ??? විළිලැජ්ජයි..සිරිසේන දීපිය ඔය ජනපතිකම ළමයෙකුට..,1,sinhala
ලිංගික අසහනකරුවන් වැඩිම ඉන්න රටවල් වලින් එකක් වෙලානෙ ලංකාව.. යකෝ ජීවිතේ කියන්නෙ හුකන එකම විතරක් නෙවෙයි ..ශුද්ධ සිංහල පොෂ් මදි නම් Fuck කියන එක දාගනිල්ල.. කුණුහරුප නෙවෙයි රටේ වෙන අපචාර වලක්වන්න පුලුවන් වැඩ පිලිවෙලක් ගැන සමාජ කතිකාවක් ගෙඩනැගෙනව නම් මීට වඩා හොද නැද්ද .,1,sinhala
ගොන් වස්සෝ දැන්වත් ඔය මැන්ටල් වැඩ නතර කරලා මනුස්සයෙකු වගේ කටයුතු කරන්න උත්සාහ කරපන් උඹටත් මිනිහෝ මෝඩයො ලක්ෂ තුනක්ද කොහෙද ඡන්දෙ දීලා තියෙනවා නේද අපට දැන්වත් වැටහෙන් නැද්ද ඔය කාලකන්නි මෝඩ වැඩ අත්හරින ඕනේ කියලා,1,sinhala
දත් නැති උන්ටනෙ බං සාමාන්‍යයෙන් හපල කන්න අමාරු.මට අමතක උනා වයසක උන්ටත් දත් නෑ කියල ඒකයි උබට ළඳරුවා කිව්වෙ sry ආ,0,sinhala
"අනේ මගේ කාඩ් ඒක එවපන් එලියට ඕක හංගගෙන වැඩක් නෑ, මට මතක නැති රහස් අංක තොට කොහොම මතක තියේද! පිස්සු කෙලින්න එපා ෂෝපින් යනගමන්",1,sinhala
තෝ මගෙන් අහලා tweet කරන්න ඕනේ නෑ.. දන්නැති ලබ්බ වල් ගැන tweet කරන්න කලින් හොයලා බලලා tweet කරොත් නරකද...,1,sinhala
Shanuka Vithana තමුසෙ ලංකාවට ආවත් හරි ආයි ජාත්‍යන්තරේට ගිහිං නේ අයිසේ #මාතර URL,0,sinhala
උඹට වෙලාවකට තමන් මෙලෝ රහක් නැති ගොන් ලබ්බෙක් කියලා හිතෙනවනම් මතක තියාගනින් Supergirl සීරිස් එකටත් සමාන දීපු මිනිස්සු ඉන්නව කියලා,0,sinhala
මෙච්චර කල් රාජපක්ෂලට හාල් ගරලා දැන් බයිලා කියෝනවා.,0,sinhala
ඩිපි එක නම් පට්ට,0,sinhala
"පොලිසිය සිලින්ඩරේ උස්සලා බලලා පුකට පයින් ගහනවා මෙක කොහෙද හුත්තෝ ඉවර, තෝ එනවද අපිට බොරු කරන්න කියලා Dinal · 24 May 2021 යකෝ මුන් ඔක්කොගෙම ගෑස් ඉවර වෙලා තියෙන්නේ අද ද .?",1,sinhala
එතකොට තුන් පාරක් දඩේ ගෙවන්න ඕනෙද?,0,sinhala
වෙන රටවල නම් පඹයන්ට නොව ජිවමාන එවුන්ට නෙලනවා නේද? #පක්ෂවහලුන් පාලකයන්ගේ මලම මුත්‍ර අසුචි නාගෙන ශුද්ධ කරනවා නේද ? පස්ස ලේව කාපු තරමටම මුදල් වරප්‍රසාද වෙනුවෙන් නේද? පව් ඕයි අසරණ නුගත් #පක්ෂවහලුන් 𝘈𝘴𝘦𝘯𝘯 · 17 Nov 2021 පබයෙක් කියල ඇත්ත මනුස්සයෙක් දාල ඌට සෙට් එකක් වට වෙලා ගහනවා උන්ට මතක නෑ ඌ උන්ගෙ එකෙක් කියල පින්කෙත හෙල රන් දෙරණේ යලි උපදින්නට හේතු වාසනා වේවා හේතු වාසනා,0,sinhala
මට අර ළමයට කියන්න හිතයි ඔයාට බඳින්න වෙන්නෙ නැත්තෙ ඔයාගෙ අම්ම හින්ද කියල,0,sinhala
සා. . . මරූ නේ,0,sinhala
මෙයාගේ වඩේ ඉතින් හැමදාම මෙලෝ වැඩකට නැති ගොන්නු 225 එක්ක සාකච්ඡා කිරීම පමණ යි..රටේ සල්ලි නාස්තිය විතරයි ජනාධිපතිතුමා ආරක්ෂක අංශ එකතු කරගෙන විශාල යුද්ධයක රට බේරාගන්න.. මේ යකා පිස්සු නටනවා තාමත්,1,sinhala
අපි මෝඩ නිසා.. ඒ නිසා අනිවාර්‍යෙන් අපිට වඩා බුද්ධිමත් ජීවීන් ඉන්න ඕන වෙන කොහේ හරි.,0,sinhala
නොදකින් මේ වගේ සක්කිලි හැත්ත.ලින්ක් ශෙයා කරලා මදිවට ඉවත් කිරීමට පෙර නරඹන්ඩලුකාලකණ්නි පරයො,1,sinhala
ඔහොම අය ඉන්නවා අළුත් කඩෙ උසාවියෙන් බන්ධනාගාර බස් එකට දාද්දී . මේක පට්ට,0,sinhala
තෝ මාව mute කරලද කියලා බැලුවේ,0,sinhala
මමත් කාලයක් මැරීගෙන පොත් කියෙව්ව. දැන් නම් පට්ට කම්මැලියි..,0,sinhala
මූ ලිස්ට් එකෙන් අාවොත් මිසක් මූට ඡන්දේ දෙන්නේ මොළේ පුකේ තියෙන එවුන්...,1,sinhala
"""රැකියාවට සම්බන්ධ කර නොගන්නා ලෙස"" කෝ අර හතු පිපෙන්න වගේ එන රෙදි කාරයො මේවා දකින්නැද්ද? හැම එකටම රස්සාවටම කෙලින්න එන කාලකණ්ණි. Thisara perera · 4 Jan 2019 Just let me do my work peacefully please",1,sinhala
මේකා දුම්මල ගහලවත් එලවන බෑනේ අප්පා,0,sinhala
ඇත්තටම පියුමි හංසමාලි චන්දිමාල් ඇප මත නිදහස් උනේ පියුමි හංසමාලි රෙද්ද උස්සලා පෙන්නන නිසාද..පර ගෑණිට මාධ්‍ය මයික් අල්ලනවා...එතකොට අර වයසක මිනිස්සු දින ගනන් හිරේ දැම්මෙ මාක්ස් නැහැ කියලා..රාජ කාරිය කියන්නෙ වදාපු අම්මව උනත් කමක් නැහැ කුදලලා හිරේ දාන්න ඕන..පියුම් වැදගත් ගැනියක්ද,1,sinhala
තොපි වගේ අලුගුත්තේරු යාළුවෝ නෑ මෙහෙ,1,sinhala
අතට ගත්ත ඵකක කටට දාගන්න බැරි උනාට ටුව්ටර් ඵකට දාගන්න පුලුවන් උනා නෙ. පිංතුරෙ බලලවත් සතුටු වෙන්න,0,sinhala
"ඔබ දුටු මුල් දා එදා. දැක්කේ අරකම තම. එය දැකලා, පක නැගලා. දුටුවා මුහුණත් එදා.",1,sinhala
"ජනාධිපතිතුමා නම් සතුටු ඇති. දැන් ඒ වැඩෙත් රාජිතට පිස්සු කෙලින්න බාර දීලා, මොනිටරින් වැඩේ විතරක් කරන්න පුළුවන් ය.",0,sinhala
මෝඩ සිංහලයනි. ලොකේ අතිමහත් ජනතාවක් මුස්ලිම් යන වචනයට පවා අකමැතිය. නමුත් එ අතර හොද පුද්ගලයන්ද සිටිනු ඇත. ඔවුන් වරදක් කර නොමැත. ගැටුම් අපෙගේ ක්‍රමය නොවේ ඔබ ඔවුන්ව ප්‍රතික්ෂේප කරනවා නම් ඔබ ඔවුන්ගේ භාණ්ඩ භාවිතය හා ඔවුන් සමග ආශ්‍රය නවත්වන්න. එහෙම නැතුව ගැටුම් වලින් ලැබෙන ලබ්බක් නොමැත.,1,sinhala
"""රටේ තරුණයෝ මුළු රටේම තාප්පවල චිත්‍ර ඇන්දා, පක්ෂ දේශපාලනය පටන්ගත්ත දා ඉදලා පෝස්ටර්වලින් තාප්ප කැත උනා"" අගමැති අද පොදුජන පෙරමුණේ 5 වන සංවත්සරයට සහභාගී වෙමින් කියයි. #lka #SLPP #5thAnniversaryCelebrations #SriLankaTruth :10 views",0,sinhala
"මේක පට්ට තරගයක්, 20-20 එකක් වගේ උණුසුම් #GenElecSL",0,sinhala
සල්ලි වලට කඩේ යන හෝරාව,0,sinhala
තෝ බබා නෙ,0,sinhala
ප්‍රබාගේ මිලේච්චි යුද්දයෙන් මේ රටේ අහිංසක මිනිසුන් දිනුවා ඔහෙලා වගේ දෙකේ පන්තියේ දේශපාලකයින්ට වඩා.,1,sinhala
පවු බන්.. අඩො transport එකට උඹව අද අමතක වුනාද දන්නෙත් නෑ..,0,sinhala
මා හිතන් හිටියේ රෙද්ද කඩා ගත්තා විතරක් කියාය. නමුත් ක්‍රිෂ්මාල් කියන්නේ ඇට දෙකක්ද නැති බවය. URL,1,sinhala
"කවුරු දැන් පළාත් වලට පුක දීගෙන නැටුවත්, ශ්‍රී ලංකා ප්‍රීමිය ලීග් එකෙදී මුලින්ම කප් එක ගත්තේ තිළිණ කණ්ඩම්බිගේ නායකත්වයෙන් ක්‍රීඩා කරපු ""ඌව යුනයිටට්"" කණ්ඩායම...",1,sinhala
"ජොන්ග් උන් එක අතකට හරි. උගේ රටෙ ප්‍රජාටහ්ත්‍රවාදය නැ කියල කෙලින්ම කියනව. ඒකට අපේ, රෙද්දෙ රෙවෙනකම් කතා කරන්නේ පුජාතන්තවාදය ගැන, ඒ උනාට හුජ්ජ කොල්ලන්වත් සීඅයිඩී ගෙනියනවා මීම් එකක් ශෙයාර් කරපු ගමන්.",1,sinhala
"සමහරු අතීතය මතක් වන විට දැං දුකින් විඳවති, සමහරු අතීතය මතක් වන විට දැං සතුටින් විඳිති, හේතුව මේ දෙපිරිසටම අතීතයෙන් මිදීමට නොහැකි වීමයි. හිතාමතා අමතක කිරීමට සමතෙක් නැත අතීතයෙන් මිදීමට ඇති එකම ක්‍රමය සියල්ල අවසාන බව තම නුවනින් දැකීමය ඉන් මෙහා අතීතය, ගොනා පසු පස එන කරත්ත රෝදයකි..",0,sinhala
බීලා කාලකණ්ණි වෙනවා කියලා ඒ සුන්දර බීමට අපහාස කරන්න එපා ෆ්‍රෙන්.. හිත කීරි ගැහිලා යනවා..,0,sinhala
"නමෝ බුද්ධාය, නිවෙන්න නිවනෙහි",0,sinhala
මොකද්ද යකෝ වෙලා තියෙන්නෙ. උදේ ඉදල නැවල් අල්ලගෙන.,0,sinhala
ටහුඩු යකෝ. මූ.,0,sinhala
"ජනතා සල්ලි වලින් AC එකේ ඉදලා කාලා, බීලා ගෙදර යන්න...#ayyosrilanka#දුප්පතුන්ගේ අනාගතේ",0,sinhala
මේ උඹේ මිනිහට කියපන් හරියට කතාකරන්න කියල පයිය ගැනයි පොන්නද නැද්ස කියල බලන එකද උගේ ගේම හුකන කතා නැතුව පාඩුවෙ හිටපන් හුත්ති,1,sinhala
යකෝ... මේ lockdown වෙලාවෙ වාහන විකුණනවද අහගෙන මිනිස්සු එනවනේ ගෙදරට...,0,sinhala
/￣￣￣￣￣￣￣￣￣￣\ බිත්තියේ හුජ්ජ අල්ලන්න එපා ! \＿＿＿＿＿＿＿＿＿＿/ `\ (•◡•) /´ \ / --- _| |_,1,sinhala
කඩේ කෑල්ලගෙ ඔලුවේ තඩි ද කොහෙද .. බැලුවොත් ඇත්තං ඔලුව කහනෝ..,0,sinhala
", නොදකින් ගල් මුසලයා. කිසිම හැගීමක් නෑ මේකට",1,sinhala
"සජීවී වැඩසටහන් නවත්වලා,නියම මාධ්‍ය මෙහෙවරක් කරනවා.#Kosgama ලොකු අනතුරුක් වෙලත් ආතල් දෙනවා",0,sinhala
"පස්සෙනේ පිස්සු කෑල්ල දැක්කේ, නොදකින්",1,sinhala
ඇමතිතුමා පොර ටෝක් දුන්නා කියලා ජන්දේ නම් හම්බවෙන්නේ නෑ.,0,sinhala
තමන් ආදරේ කරපු කෙල්ලට බඩ්ඩ/ වේසි කියනව කියන්නෙ එතන උගේ ෂෝට් එකක් තියෙන්න බැරිද? කොච්චර වැරදි තිබ්බත් කොච්චර වටේ ගියත් තමන් කාලයක් ලවු කරපු කෙල්ලනෙ,0,sinhala
මක්කටය් ඔය එත්තන් එන්නේ මෙහෙ,0,sinhala
හුත්තෝ ඒකි මගේ දිහා බලනවා #අහලාතියනවාද,1,sinhala
ව්ටද පක් අයිසෙ. ඔහෙලා ඒක හාලානෙ.,1,sinhala
"ගෑණු ලමයිට ""බඩුව"" යැයී කිම ඉපැරණී අදහසක්. දස පණතේම තියෙනවා, අසල්වැසියාට අයීති දේ, ගොනා බූරුවා සහ ගැණි ගැන හිතන්න එපා කියලා. ඒ ගෑණිත් අසල්වැසියාට අයීති ගොනා බූරුවා වාගේ දෙයක් නිසයී. ගෑණු, පිරිමින්ට යටත් කියලා බුද්දාගමෙත් කියලා තියනවා. ඒක හරිද?",0,sinhala
මේ මූසල බස් කාරයො උදේ පාන්දර යකා අවුස්සනවා. ගොන් කසඩ සින්දු කණ පැලෙන්න දානවා. මේ වගේ ගොන්නු තමයි දේසපාලු හැත්ත කියන ගොන් කතා වලටත් පසඟ පිහිටුවා වඳින්නේ. නොදකින් කිසි නියාමනයක් නැති මෙහෙව් රටක් #162ACbus,1,sinhala
සිරාවටම මුන්ට නෙමේ බං ගහන්න ඕනේ.මේවගේ කාලකණ්ණි වේසිගේ පොන්නයෙක් හදපු මහ උන්ට. URL,1,sinhala
අපෙත් ඉල්ලීම ඕකම තමා එතුමාගෙන්.,0,sinhala
ඒකාබද්ධ විපක්ෂය පිළිනොගෙනීම හමුවේ ප්‍රජාතන්ත්‍රවාදය වල් වැදෙයිද?: ලෝක කම්කරු දිනය හෙවත් 'මැ‍යි 1 වෙනිදා' ආසන්... URL,0,sinhala
ඔය වගේ හොයලා අප්‍රේල් 20 අපිට කිව්වනම් 21 අපි පල්ලි යන්නේ නෑනේ. මේක හොයන්න තියෙන උනන්දුව අපිට කියන්නත් තිබ්බනම් හොඳයි නේද,0,sinhala
"1 . වැක්සීන් ඕන නෑ, අපිට අපේ ( පැනි) ප්‍රතිකාර තියෙනවා. . දැන්, හදිසි නීතිය = ප්‍රජාතන්ත්‍රවාදය.! මේ වගේ එවුන් පාර්ලිමේන්තුවට එවන රත්නපුර බයියන්ට සාප වේවා. !",1,sinhala
ගණන් ගන්න එපා අපේ රටේ මිනිස්සු කතිරේ ගහත්දී මෝඩ වුනාට සිවුරෙන් දේවදත්තයා වෙන් කොර ගන්න හොදට දන්නවා. මොකද හැමෝටම නිවන් යන්න ඕනේ මිසක් දේවදත්තයෝ පස්සේ අපායට යන්න ඕනේ නැති නිසා. ඕක අපාය නොවී සුරලොවක් කියල කිවුවානම් උන් සේරම යනවා,0,sinhala
"මෙම සිද්ධිය වුයේ අප ප්‍රදේශයේය....රත්ගම,වැල්ලබඩ,රිල්ලඹ හන්දිය දුම්රිය හරස් මාර්ගයේය...",0,sinhala
මගෙ ස්ක්‍රීන්ශොට් දාලා පෝස්ට් දාන එක වයලේශන් එකක් කියලා තෝ දන්නැද්ද.. තොට ඉංග්‍රීසි බැරිද.. කියවපන් ඒවා වැඩක් නැත්තම්. හුත්තවල් ගානෙ දිව දදා යන්නැතිව. අයින් කරපන් රිපෝට් කරන්න කලින්.. උඹලා මේ මොන පකයොද,1,sinhala
අනේ පලයම් මිනියෝ යන්න තොට තියෙන්නෙ හෙන බෙබා මූණක්,1,sinhala
"Lanka News Alert – පිස්සා ,ඔල්මාදකාරයා….. පැවසීම යහපාලනයයි !(Video) URL via",0,sinhala
හනේ මන්දා ටුයිටරෙත් . . . ඇරියස් එහෙන් යනව . . . මෙහෙන් යනව . . . එ් අතරෙ ඩීඇම් අස්සෙත් යනව. පුකේ ඉඳල පිස්සු ඕයි මුංට. . . පුකේ ඉඳල පිස්සු. #සෝශල්මීඩියාඇඟටගත්තගොංබිජ්ජලා,1,sinhala
වලෙන් උබේ අප්පවයි අම්මාවයි උබට ඔන විදියට හදලා දෙන්න අහිංසක පිස්සා,1,sinhala
සිරාවට උඹ බොනවැයි? Lool,0,sinhala
""" එක දේශපාලන කඳවුරක හෙළුවෙන් හිටගෙන අනෙක් කඳවුරට මඩ ගසන මේ වගේ බඩගෝස්තරවාදීන් ඉන්නකම් කවදාවත් අපට ⁣මේ අන්තවාදී හැත්ත හැතිකරේ සදහටම නැතිකිරීමට බැරිය "" දිවුලපිටිය රෝහල පිටුපස ඇති බුදු මැදුරට එල්ල කල අසූචි ප්‍රහාරය දේශපාලනීය කිරීම බෞද්ධයන් වු අපට ලැජ්ජාවකි.",1,sinhala
නැහැ. මෙතන අපේ උන්ගේ වැරැද්ද තියෙන්නේ. OLD TWEEP කිව්වහම හරිම නං join වුන date එකත් එක්ක බලන්න ඕන. මේකේ ගොඩක් අය OLD TWEEP කියන මිම්ම භාවිතා කරන්නේ පරිණතභාවය මනින්න. ඒ මිම්මෙන් බලද්දි උඹ කිව්වා හරි. මේ SS එක හෙන ගොන්,1,sinhala
පිස්සුද බොල the end,0,sinhala
සොරි තමා ඩාලින් එහෙනම්.,0,sinhala
තෝ මේක බලල තියෙහිද? :/ URL,0,sinhala
"අද දින වන විට ලක් වැසියන් 250+ කෝවිඩ් හේතුවෙන් මියගොස් ඇත. මැණික් ගල් කුළුණු, අනිවාර්ය හමුදා පුහුණුව, ගංජා පැණි වැනි මෝඩ ජිල්මාට් වලින් අප චූන් වී, මෙම යථාර්ථය අපට අමතක වේ යැයි සිතන සමහරක් සිටිති. අපි ගොබ්බ වැඩ කල පමණින් ගොබ්බයෝ යැයි සිතීම ඔවුන් වරද්දා ගන්නා තැනය.",1,sinhala
බූරු හරක් දන්නේ ජාතික කියන එකේ තේරුම හෝම්ස් මහත්මයා.. ජාතික කියන්නේ ඒ ඒ රටවල් වලට අදාල අනන්‍යතාවය.. ඉතින් අපේ රටේ ජාතික භාෂාව මොකක්ද? සිංහල නෙහේ.. ඉතින් ඔය පොන්න සිපයියන්ට තේරෙන්නේ නැත්තේ මොකෝ ජාතික ගීය ගායනා කරන්නේ ජාතික භාෂාවෙන් කියලා.. පන්න පොක්කු,1,sinhala
දක්ෂ ශිල්පියෙක් වෙන්න බලාගෙන අනුන්ගෙ සිංදු වලට කවර් සිංදුවක්වත් කරලා ජනප්‍රිය වෙන්න හදනනෙපා. ඒවා කැත වැඩ. - ප්‍රවීන ගායන ශිල්පී චන්ද්‍රසේන හෙට්ටිආරච්චි මහතා සහතික ඇත්ත.,0,sinhala
හේකනං හොද දෙයක්..නවත්තලාම දාන්න පුළුවන්නං ගොඩක් හොද දෙයක්,0,sinhala
"සබ් දෙකක් නෙවෙයි, අර ෆ්ලෑෂ්බැක් ලා පිට්ටනි වල ෂෝ වලට ගේන තඩි බෆල් සෙට් දෙකක් තියමුකෝ හදවතටම දැනෙන්න.",0,sinhala
කුශාන්ත හෙන පොර කියලා හිතන් හිටියට ඌ තරම් චීත්තයක් මේ twitter එකේ කොහෙවත් නැතුව ඇති,1,sinhala
මොකාද මේ සාරි ඇදගෙන ගාල කඩාගෙන බැන බැන ගියපු බලු හරකා..,1,sinhala
ඉතින් පකෝ මදූක ව සෙට් කරගනින්කො,1,sinhala
ලංකාවේ අනෙකුත් බොහෝ වෘත්තීන්ට අදාලව උපාධි මට්ටමේ පෞද්ගලික අධ්‍යාපන ආයතන ඇරෙද්දි ඉස්සරහ පස්ස දෙකම වහගෙන හිටපු උන්... URL,1,sinhala
ඈක්කා... මූට තනිකර පිස්සු. ගොන්‍ රන්ඦා. මූ ඕනකමින් ම කුනුහරප අහගෙන රෙකෝඩ් කරගෙනද කොහෙ.බල්ලා. URL,1,sinhala
මොකෙක්ද මේ? සමනල් පාටයි යකෝ..,1,sinhala
",දුන්නොත් මේකිගේ කිම්බ හපලා දිව දාලා උරලා පුකේ හිලත් ලොකු කරලා කනෙන් කැරි විසි වෙන්න හුකන්න ඔනි.. යාලුවෝ තුන් හතර දෙනෙක් එක්ක පොඩි අඩියක් ගහාන ගමන් මේකිව බයිට් එකට ගන්න තිබුනනම් මරු ඈ",1,sinhala
"""රාජපක්‍ෂ කෑවෙ බීවෙ ජනතාවගෙ සල්ලි ජනාධිපති බලතල ගෙන රැඟුවෙ උගෙම මල්ලි මහන්තත්වෙ ඉහට ගහපු කවුද බල්ලො බැල්ලි රගර්... URL",1,sinhala
ටහුඩු මහසෝන ගහල · 18 Aug 2021,0,sinhala
"හැමෝගෙම නෑදැයො ගෙදර ඇවිත් කවද්ද බදින්නෙ අහලා, කපුකම් කරලා, මඟුල් සෙට් කරලා දීලා.. අපේ ගෙදර ආව කව්රුත් මගෙන් නිකමටවත් මුකුත්ම ඇහුවෙ නෑනෙ අයිසෙ",0,sinhala
සමහර උන්ට අපි කියන ඒවා ලොකු නෑ ඒවා ගනන් ගන්නෙ නෑ ඇත්ත කිව්වත් පිලිගන්නෙ නෑ .මොකක් හරි කිව්වම ගොන් තර්ක ගෙනවා වෙන එකෙක් පඩයක් යවලා ඒ ඔන්සිජන් කිව්වම හැබැයි පිලිගන්නවා ඊට පස්සේ ඒ ඔක්සිජන්මයි කියලා අපෙ එක්ක තර්ක කරනවා,1,sinhala
හමුදාව දාලා කොරෝනා පාලනය කරපු එකට සමහර උන්ට හෙන... පුකේ අමාරුව. යකෝ ගත්තේ හමුදාව නිසා නෙවේ උන් දෙන වැඩේ හරියට කරන නිසා. අනිත් උනුත් ඒ වගේ වැඩ කරන්න පුරුදු වෙයවු.,1,sinhala
රෑට නින්දයන්නේ නෑ උදේට ඇහැරෙන්න බෑ.. මොන රෙද්දක්ද යකෝ මේක ?,1,sinhala
ඒකි ring එකේ ගොංනේ නැත්තං ලස්සනයි,1,sinhala
ඔව් ඔව් අපි දැක්කා..,0,sinhala
"""පකෝ"" කියලා එවන මැසේජ් එකටත් හාට් රියැක්ෂන් දාන මිනිස්සු අපි හැදියාව",1,sinhala
මුං මහ අවස්ථාවාදී හැත්තක් බං. අර Surgical mask දාගෙන ගිය ගොන් වාහේ ගැන මෙතන පුක පාත්වෙන්න හියුමන් රයිට්ස් කතාකරනවා. මේ ගැන මීක් සද්දයක් නෑ. ට්විටර් එකේ දකින උන් බහුතරය අන්තවාදී උන්. කළකිරිලා ඉන්නේ කෙලවරටම,1,sinhala
උගෙ අම්ම ගන්න එපයි වේසිගෙපුතා... යකෝ මූ වදින ගමන් කරන වැඩේනෙ වේදනාව තියෙන්නෙ Janaka · 19 Nov 2020 What a sick bastard exposing to a little child. Hope they catch this bastard. #helpfindhim Show this thread,1,sinhala
අනේ නෑ ඩාලින්! ඔයාට මොන බොරු busyද ? ඔයාව බලන්න පැනල එන්නේ!,0,sinhala
"මනුස්සකමට රෙද්ද ඉස්සුවාම ණයට හුකන්න එනව කියන්නෙ මේකට. Zahran Careem · 3 May 2019 There’s nothing called සිංහල රට (Sinhala country). #SriLanka is a country, where majority of the people speak Sinhala.",1,sinhala
මම ආසා නෑ එහෙම වෙනවට. ඒත් අනිවා අවවාද කරන්න ඕනේ. මොකද මිනිහ කරන්නෙ නිකන්ම නිකන් රස්සාවක් නෙමේ නිසා. කතාකිරීමේ නිදහස තිබ්බා කියලා කටට එන හැම මගුලම කියවනවට හොඳ පාඩම්.,0,sinhala
ඒකත් හරියට ගහෙන් වැටුණු මිනිහට ගොනා ඇන්න වගෙයි,0,sinhala
"සමහර කෙල්ලෝ ඉන්නවා හදපු කරුමෙට උන්ගේ අම්මලා කරත්තෙක ගැට නොගහා ඉන්නවා ඒ තරම් ගොන්, මොකෙක් හරි හොයාගන්නකොට පිට පොත්ත විතරක් නෙවේ මොලෙත් පොඩ්ඩක් තියෙනවා ද බලපං, උඹේ හැම ප්‍රශ්නයක් ම ඒකිට විසදන්න බැරි වෙන්න පුළුවන්, ඒ උනාට උඹට පොඩ්ඩක් හරි මානසික නිදහසක් දෙන්න පුළුවන් එකියක් බලහං",1,sinhala
හරි හරි උඹ කැමැත්තක් කරහන්. සතියකට සැරයක් වත් අම්මා අප්පට මුණ පෙන්නලා වරෙං,0,sinhala
#KandyMeetUp මට 9.30ට එන්න කියලා .. මුන් එකෙක් නැ තොට හෙන ගහනවා,1,sinhala
"ඔබගේ මොන දේට එකඟ වුනත් මේකට එකඟ විය නොහැක . මේව අමූලික කේප්ප පච. ඇත්ත නම සිංහල ට හරවගෙන පිස්සු කෙලින්න එපා.. අනික.. ගෝ ගෝතම කියන්නෙ හරකට. ඔයාල ඔය කරන වැඩෙන් වෙන්නෙ අපහාසයක් . මායා කියන නම ලංකාවේ එකක් නම් , ලංකාවේ බැල්ලියන්ට දාන නමක් ඕක. ඔච්චර මෝඩයෙක් වෙන්න එපා චාතූර්යා කැප්පෙටිපොළ · 28 May 2021 බාබුජී,බැහැංජි,මෝධි......වගේ ඉන්දියන් නම් ඇයි බුදුන්ගේ සමයේ කිසිම කතාවක සදහන් නොවන්නේ.... කොහොමද...... ආනන්ද,අහිංසක ...මහාමායා යශෝධරා,ප්‍රජාපතී වගේ අපේ සිංහල නම් විතරක්ම හැම තැනකම කියවෙන්නේ....",0,sinhala
පිස්සා ප්ලෙන් යන්නෙ පාරෙ කියලද රෝඩ්.එල්කේ එකත් මෙන්ෂන් කළේ?,1,sinhala
තව කොටස් කීපයක්ම යන්න තියෙද්දි කිසා සමාප්ත කරපු එක නම් කැතම කැත වැඩක්,0,sinhala
පොලිස්පති නෙමේ යකෝ තොපි ඉල්ලා අස්වෙයව්!!! රන්නපොජිතයා,1,sinhala
මිල පාලනය කෙසේ වෙතත් පෞද්ගලික රෝහල් දෙන සේවා රජය නොමිලේ දුන්න නම් ඉවරයි.. ඕවා පාලානය වෙනවා,0,sinhala
ගොනා හරකා කැරපොත්තා හිකනලා බස්සා ඌරු මීයා ඌරා වල් ඌරා ගෙම්බා තලගොයා හැකරැල්ලා කපුටා මයිනා,1,sinhala
කන්නාඩියක් ඉස්සරහට ගියානම් බලාගන්න තිබ්බා බැල්ලි කවුද පුතා කවුද කියලා මීහරකා,1,sinhala
"බෝනික්කි type, අඩි 7ක් උඩින් යන කෙල්ලොන්ට වඩා කැත, චාම් කෙල්ලො සුපිරි.",0,sinhala
ස්තූතියි නොම ජගත් තුමා. ටයිම් ලයිනය පිස්සු කෙලින බැවින් ගැත්තාට කමන්න. ඒස් වාහ් පුහ්.,0,sinhala
මෙච්චර infect වෙය් කියල හිතුවෙ නෑ ඉතින්.,0,sinhala
සක්කිලි වැඩ මහත්තයො ඕව. මිනිහෙකුට නිදහසේ හිනා වෙන්ඩ නෑනේ ටෞකන්ඩ,1,sinhala
"අපෝ හරි සරලයි , කෙල්ලෙක් කිව්වා නම් ඒකි කැමති බල්ලොන්ට කියලා උඹ ඒකිගෙ ගෙදර ගිහින් බලාම් අයියේ ගෙදර ඒකි පූසෙක් ඇති කරයි, උඹ ඇහුවොත් ඇයි කියලා එලවන්න බෑනෙ හලෝ පව් කියයි, ආන්න ඒමයි සීන් එක",0,sinhala
හෙලෝ හොබි බ්‍රෝ කෝමද ඩාලින් ඉටින් අයිම් ෂොක් ඕකේ අද දවසට ඇති මේ ඩෝන්ට් ඩූ දිස් මචන් ආදරෙයි හොදේ මේ බයිදවේ #WhereIsJungkook #MPN #BTS #ARMY,0,sinhala
ට හුක්.....යකෝ Asitha Sahanpriya · 31 Dec 2020 ඔයා නැති උනත් ඔයාගෙන් බබෙක් හරි මට දීලා යන්න #අහලාතියනවාද,1,sinhala
ශ්‍රී ලංකාවේ බුදු දහමට අපහාස කරන ආගමක් දහමක් ජාතියත් ජන්මයක් අම්මෙක් තාත්තෙක් නැති අවජාතක උපතක් ලැබු අන්තවාදී අන්‍යාගමික මිත්‍යා දුෂ්ට්ක පූසාරියෝ.,1,sinhala
බලු පරපුර බිහි කරන්න බල්ලා බැල්ලිට උකනව සංසාරෙන් එතෙර වෙන්න දෙන්න දෙපැත්තට අදිනව ඉස්සර විරිදුකාරයා ඔය සිදුවීම දැක්ේක ඒමයි..,0,sinhala
සිරාවට ගොන් කෙල්ලො :v URL,1,sinhala
අම්ම තාත්ත ආච්චී සියා නාකි හුචක්කු නෙවෙයි ද ලංකාවේ වැඩිහිටි නිවාස වැඩි මේ වගේ හිතන එවුන් නිසා,1,sinhala
මේ පකේ ලබ්බ දැන් මට ඇති වෙලා!!!!!,1,sinhala
වෙන රටවල් වලින් උදව් ගන්නවාට වඩා තමන්ගේ රටේම හැමදේම තියෙද්දි ඇයි මෙහෙම කරන්නෙ. අනිත් රටවල් වලින් ඉල්ලිම් කරන්න නෙමෙ. ඒ රටවල් අපේ රට හොයාගෙන එන විදිහට කටයුතු කරන්න ඕන තරම් පුලුවන් කම තියෙනවා. ඒවා හිතන්න. අනිත් රටවල් වල දේවල් ඉල්ලන්න නෙමෙ ඒ දිහා බලලා ඊට වඩා දෙයක් හිතන්න. ජයෙන් ජය.,0,sinhala
මේ තව කාලකණ්ණි යෙක්... නිවන් දැක්ක කිව්වම ඇගේ නහර පුප්පගෙන කෑ ගහන බහුජ්ජයො මේවට මීක් නෑ.. Chandu Rashmika (wiz) · 6 Sep 2020 මන් හිතුවෙ අපේ හාමුදුරුවො සිගරට් වලට පිරිත් කරනවා කියලා බොන මිනිස්සුන්ගෙ පව් සමාවෙන්න... මොකද මේ වෙන්නෙ ලන්කාවට :43 views,1,sinhala
අලියා- අර්ජුන් මහේන්ද්‍ර හොදායි අත- කිලී මහේන්ද්‍ර හොදායි පොහොට්ටුව-පර්සි මහේන්ද්‍ර හොදායි මම? නොදකින් විතරක් — feeling disappointed,1,sinhala
එන්නද කොය්ද හදන්නෙ......හෆ්...හෝ...........ය් GIF,0,sinhala
"මූ බලපකෝ. යකෝ මම ටුවිට් එකක්වත් නොදා නේද උඹ කතන්දර හදන්නේ. එයාට හොදයි අපි කරාම වැරදි. P U S P E · 20 Apr 2020 , ට්වීට් එකක් දාපු පලියට මිනිස්සුන්ට ඕම කදන්දර හදන්න එපා",1,sinhala
"ඉස්කෝලෙ ෆොටෝ වගයක් බලද්දි පරණ මතකයන් ගොඩක් අලුත් උනා. Main hall එක ලග ගල, සෙල්ලම් උයන, පහල සල් ගහ, පිට්ටනියේ අඹ ගහ. අයෙත් ආසයි යන්න.....",0,sinhala
කෙරි බල්ලා අවුට් වෙයන් මූශලයා,1,sinhala
: ටහුඩු! අද ඉඳන් පොලිතින් බෑ නේද පුතී O.o — feeling concerned,0,sinhala
", තියෙනවා... ඔය ඩයල් එක හෙන වල් හලෝ. ඒකයි",1,sinhala
මේ ලබ්බ ඕපන් කරොත් Maintenance එකක්.,0,sinhala
ඒකනෙ ඩාලින්.. පිස්සු හැදෙනව,0,sinhala
අම්ම තාත්ත ගෙදර එනකං බයෙන් හිටිය කියලත් මතක් උනා Nayan J · 7 Jul 2018 හිට්ලර්වයි ප්‍රභාකරනුයි සම කරන්න බෑ. එයා එච්චර දරුණු නෑ. - විජයකලා - දොරක් වැහෙනවට ඔතල සෙට් කරල තියන ගල් කෑල්ලත් බෝම්බයක් කියල රැවටිච්ච දවස් තිබ්බා කියල මතක් උනා දෙයියෝ! ඉස්කෝලෙ ඇරිල බස් එකේ එනකොට දැන් මේක පුපුරයි වගේ හිතිච්ච කාලෙකුත් තිබුනා දෙයියෝ!,0,sinhala
", මා කොරෝනා හැදිලා මලත් චයීනීස් ජරාව ගහන්නේ නැත. ඒ නිසා ඒවා 69 ලක්ෂයට පුද කරමි.",0,sinhala
"කලිං ඕෆ් වෙලා ඇවිත් නාලා කරලා ට්විටර් ආවා හෙන ෆ්‍රෙශ් එකේ,ඒ එද්දි මෙන්න වලියක් #Waliyak",0,sinhala
NIBM එකේ මෙහෙම පොන්න වැඩ නෑ අය්යෙ...,1,sinhala
මෙහෙම මෝඩ අඳබාලයෝ ඉන්න ආණ්ඩුවකට මෙහෙම වෙන එක පුදුමයක්ද.,1,sinhala
මූලාස්රේ:- මූණුපොත තෙල් මිල කෘත්‍රිම ව පාලනේ කොරන්ට මේ පාණ්ඩුව කටයුතු කොරන එකෙන් අයුතු ලාභයක් උපයන්නේ ඉන්දියානු කොම්පැනිය..!!!! මේක කරුමයක් වෙලා තියෙන්නේ අපිට.මාසෙකට මේ කොම්පැනිය #ඩොලර්මිලියන 80000 ක් ඉන්දියාවට ගෙනියනවා මේ කාලකණ්ණි චක්කරේ ට පින්සිද්ද වෙන්ට..!!!!,1,sinhala
මොකටද බන් ඔකත් වහල දාපන්,0,sinhala
"""මගේ කොල්ලන්ට අත උස්සන්න එපා එහෙම උනොත් ලොකු ප්‍රශ්ණයක් වේවි!"" - Mr.කාලි අනේ හුකේ නන්නානේ! මෙහෙව් උන්ගේ රෙද්ද පල්ලට යනෝනේ අපේ වාහෙලත් බෙහෙත් ගන්න කියලා! නොදෝකින්! නොදෝමකින්! මේ වගේ ගෝත ජනතාවක් එක්ක කෝමද බන් රටක් හදන්නේ! අප්පිරියයි",1,sinhala
රැවුල වවන්නෝ හෙන වීරයෝ නම් මා පාතාල වැනි රහස් සංවිධාන වීරයෙකි..හොදට වැවෙන්නේ යට රැවුල පමණි..,0,sinhala
අයිසෙ දෙයියො කෝප වෙයි,0,sinhala
අයිසෙ සකර්බෙන් මට තමුසෙ පෙන්නන්න පුලුවන් තමුසෙගෙ ෆේස්බුක් එකත් පෙන්නන්න පුලුවං එ්ත් තමුසෙගෙ ඉන්ස්ටා එක පේන්න බෑ,1,sinhala
"අපේ ""ස"" ට තරහ යයි. ඇයි ඉතින් මෙහෙ කියන්නේ ලෝකෙන්ම හොඳටම පාලනය කලේ අපි කියලනේ. මේගොල්ලෝ ඒක දන්නැද්ද..",0,sinhala
හාං අපි බලාගන්නම් ස',0,sinhala
මයිත්රීපාල උඹේ අම්ම මතක් කලා කියපන් වේස බල්ලා,1,sinhala
හිතයි පෙම් බදින්ට ඒ අහංකාර සඳට මහා කෝලං ගොඩයි තරු එක්කමයි කථා බබලන අපුරුව හැංගි හැංගි බලා සැගවි එබෙයි වළා අතුපත් අතර රටා හිමිහින් පොලවට අරා ඒත් .......... කෙලෙසක පෙම් බදිම්ද මා සදෙන් සාප ලත් මෘගයකි අමාවක රෑක ඉපදුන,0,sinhala
පොලිස් මහතා : ලයිසන් ඉන්ශූවරන්ස් ගන්න මහත්තයා මං : අනෙ මං ඒ ටික හොටෙල් එකේ දාල ඇවිත් මේ ගේන්න යන ගමන් පො.ම : ආ ඒ හොටෙල් එකේ මහත්තයටත් එන්න කියන්න එයත් ඉර කපාගෙන overtake කරලා අත දාපුහම නවත්තන්නෙ නැතුව ගියනේ. පව් අයිසෙ එහෙම කරන්ඩ එපා,0,sinhala
ඔයාලම තිරනය කරන්න කව්ද මෙතන වදුරා කියලා.... තු නොදකින්... පොන්නයෙක් ගිය උඩ අයිසේ වාඩිවෙනවා - වඳුරෝ වගේ හැසිරෙන්න... URL,1,sinhala
Office එකෙන් facebook යන්න බැරි වුනාට Twitter යන්න පුලුවන් නෙහ් ..පට්ට ආහ්..,0,sinhala
ඉද ඉද ළුක ‌ව‌ෙහෙර -විද විද දහම් මනහර -සිද බිද දුක් සසර- අහෝ ‌දෙව්දත් ‌නෙ‌ාදිටිි ‌මොක්පුර.,0,sinhala
ගලයෙක් නැති නිසානෙ අම්ම හොයන්නෙ,0,sinhala
"""සිරස ඉස්සරහට ගිහිල්ලා සමකාමිව විරෝධය දැක්වු විරෝධතාකරුවන්ට බනින හැමඑකාම කිලීමහරාජාට බය එකෙක් නැත්නම් රස්සාවට පුක දෙන එකෙක් .කශේරුකාවෙ මුදුනෙ සිරසක් නැති එකෙක්. --උපුල් සන්නස්ගල --",1,sinhala
10 others අක්කවත් crush උනාද බොල,0,sinhala
යහ-පාලුවන්ගේ පස්සේ ගිහිං පස්ස බිම ඇනගත් සම්මානලාභී නාට්‍ය කාරයින්ට මහින්ද මැතිදුගෙන් කඳිම කතාවක්..! URL,0,sinhala
උඹ ඒ තරම්ම නාකියිද බ්‍රෝ?,1,sinhala
මොන ලබ්බක්ද යකෝ මේ ? එක පාරක් කියනවා ළමයගෙ අම්මා තාත්තා ආවෙ නෑලු අවසානෙට ඊට පස්සෙ ළමයගෙ අම්මා තාත්තා නිරෝධායනය කරලලු ඒකලු එන්න බැරි දැන් අවසන් කටයතු කරේ විරුද්ධත්වයක් තියෙද්දිලු. එක නීතියක් හරියට ක්‍රියාත්මක කර ගන්න බැරි නපුංසක කම නෙමේද මේ ? එක එකාගෙ චන්ද වලට හිගනවා පර හැත්ත Nimak Nomathi - Lanka · 13 Dec 2020 ඒ බිළිදා ෂෙයික් නම් විය. #America කළු මිනිහෙක් සුදු පොලිස් කාරයෙකු අතින් ( සිතා මතා හෝ නොසිතා ) මිය ගියේය. ඉන් පසු සිදු උයේ ට විරුද්ධවාදී බර්ඩන් #socialmedia බලකාය විසින් විරෝධී රැල්ලක් ඇමරිකාව පුරා #BlackLivesMatter සාර්ථකව Show this thread,1,sinhala
අඩො නෝ .. බං advance එක්කවත් දුන්නේ නෑ.. කෝ සල්ලි .. කෝ..,0,sinhala
දුම්රිය එපා....ඔහොම යන්.... වෘත්තීය ඉල්ලීම් දිනා ගැනීමට වර්ජනය කිරීම පිළිබඳ කතා දෙකක් නැත.එහෙත් දුම්රිය වෘත්තීය සමිති කළ මේ සක්කිලි වැඩේ එවැන්නක් නොවේ.ඊයේ මධ්‍යම රාත්‍රියේ සිට වර්ජනයකට ගියානම් ජනතාව දුක් විඳින්නෙ... URL,1,sinhala
"මන් ලඟ ඉන්න එකේවත්, මන් යාලුවෝ කියලා ලං කරන් ඉන්න අයත් මාත් එක්ක නැහැ කියලා ඊයේ මාත් එක්ක ඇරියස් එකේ ඉන්න හුජ්ජ... URL",1,sinhala
ඇත්තම කිව්වොත් පට්ට මොඩයී,0,sinhala
පොඩි මිනිස්සුන්ට වාහන කියන්නේ හීනයක්ම තමා බන්. නොදකින් ලකේ පංකාවේ අය වැය.,1,sinhala
යකෝ මහෙදිම මැරෙන්න වෙයි වගේ.. Ada Derana Sinhala · 25 May 2020 විදෙස්ගත ශ්‍රී ලාංකිකයින් ගෙන්වා ගැනීම සීමා කිරීමේ සූදානමක්? වැඩි විස්තර - URL,0,sinhala
ඒ බල්ලා මම උනානන් Mayantha Heshan · 24 Sep 2021 ගීතිකාප්‍රන.,0,sinhala
දැන් එතකොට එංගලන්තෙ පිච් එක බැටින් පිච් එකක් වීම අවුලක් නැද්ද ඔය ක්‍රිකට් විශ්ලේෂකයන්ට... මෝඩ හැත්ත. 󾌴󾌴,1,sinhala
ඒක මිනිස්සුන්ගේ කරුමෙ. කොමිස් ගැහිල්ල;වරදාන වරප්‍රසාද වෙනුවෙන් අම්ම අප්පා උනත් විකුණයි මේ කාලකණ්නි...!!!!,1,sinhala
මොන බොරුවක් ද. මේ දැන් ජනාධිපති ගියා නෙලුම් පොකුන ගාවින්. ඔෆිස් එකේ පාක් එකේ නවත්තලා තිබ්බ වාහන අයින් කරන්න කිව්වා.,0,sinhala
කලින් තිබ්බ ටික තියාගන්න තිබ්බෙ එහෙනං මෙච්චර කාලකණ්ණි වෙන්නෙ නෑ බ්ස්ං,0,sinhala
මගේ ජීවිතේ මම දැකපු පට්ටම වේස බඩුව ඔය කියන නුවර වංශවත් අම්මණ්ඩියෙක් තමයි...,1,sinhala
ගහපියව් පළමු ගල හැඟුම් නැති එකකු මුල් වී උදුර ගනු ඇගේ පණ රස නොවිඳි සැවොම එක් වී,0,sinhala
ඔහ්!! අඩො ශරුක් කානුත් කියලා බොල!! URL,0,sinhala
පාදඩ දෙණිය වෛද්‍ය විද්‍යාව ඇරෙන්න ඔක්කොම දන්නවා. තනතුරු වලට වන්දිභට්ටකම් කරන සක්කිලි. කව්රුත් කාබනික ගොවිතැනට එරෙහි වෙලා නැහැ. කරන ක්‍රමය වැරදි කියලා කියන්නේ. #OrganicAgriculture #Agriculture #Fertilizer Emanisa.lk - එමනිසා · 10 Jun 2021 කාබනික ගොවිතැනට එරෙහි වෙන්නේ වස කොම්පැනිවලින් යැපෙන අය....! - වෛද්‍ය අනුරුද්ධ පාදෙණිය URL,1,sinhala
සිංහලේ කකියනවා යකෝ! කෝකටත් උඹේ ඒවා ඔහොම අපතේ යවන එකත් හොඳයි . රටට සුභයි,0,sinhala
තෝ මොනවද එතන කරන්නෙ,0,sinhala
අනිවාර්යෙන්ම ඉන්නව.ඒත් අපි ඒදේවල් ගැන කතාකරන විදිය වෙනස්.මොකද කතෝලිකයෙක් බෞදාගමට අපහස කලොත් කුනුහරපෙන් බැනල සාප කරනවත් දැකල තියනව,0,sinhala
මේ කාලකන්නි ජෙප්පන්ට අපේ රටේ හමුදාව එක්ක පුදුම ඇරියස් එකක් තියෙන්නෙ...කෙරෙන නිරෝදායන වැඩ වල තියෙන පිලිවෙල සහ අවදානම අරන් හමුදාවල අය ඒ කටයුතු කරන එක ගැන එක හොඳක් කියන්න උන්ගෙ කට ඇරෙන්නෙ නෑ...ඒත් ඒවයෙ ප්‍රගතිය ගැන හමුදාපතිතුමා ප්‍රකාශ නිකුත් කරන එක උන්ට හෙන ප්‍රශ්නයක් ! #නොදකිං,1,sinhala
"• ඔය රෙද්දෙන් බැස පලයන් මොනාලිසා • ග්‍රන්ථය මිලදී ගැනීමට ස්ථානයක් දන්නේ නම්, comments කරන්න..",0,sinhala
නායකත්වයට සෘජු තිරණ ගැනිමේ හැකියාව තිබිය යුතුය එවැනි සෘජු නායකයන් තනතුර රැක ගෙන වරප්‍රසාද භුක්ති විඳීමට වඩා වැදගත් වන්නේ තනතුර ගහලා ගියත් නිවැරදි තිරණය නිවැරදි වේලාවට ගැනිමටයි වැරදුණු විට අනුන් පිටට වරද පටවා තමන්ගේ නිවැරදි බව කියන්නේ පොන්න නායකයන්ය එවැනි පොන්න නායකයන් බහුලය,1,sinhala
යකෝ ඔච්චර ආදරේ නං වෙන පේන තැනක කොටන්න තිබ්බනෙ. ටැටූ ගහන එකත් කොල්ලෙක් නම්...,0,sinhala
කොච්චර අපහසුතාවට ලක්වෙන්න ඇතිද ඒ ගැනු ලමයා අර පඩත්තර බැල්ලි කියුපු කතාවට පව් ඒ ලමයා අද වැඩට අවේ නැ. කොල් කලාම කිව්වා සදුදා එන්නම් අයියේ කියලා.. ලැජ්ජාවට අද ඇවිත් නැ පව්.. නකි උනත් පෙලක් එවුන්ට පරිනත බුද්ධියක්නැ. තිබ්බා නම් එහෙම හැමෝම ඉස්සරහ අහයි ද ඒ වගේ කතා..,1,sinhala
ජගත් මොනාද අයිසෙ මේ කරන්නෙ Budu℠ · 23 Jul 2017 මිනිස්සුන්ට මෙච්චර දෙන්න Awards තියෙද්දී ඇයි බන් හැමදාම ජගත් කුසලාන දෙන්නේ.,0,sinhala
Whatsapp ඉන්න නම්බරේ බලලා අනික්වා delete කරනවා. ඇයි යකෝ.,1,sinhala
ටහුඩු... ඒක ෆට්ට.. ඔන්න තව ඉන්නවා සෙට් එකක් කොරෝනා,0,sinhala
", ඇරලා ඈතුලෙම බඩු යැව්වට පස්සෙ බඩුව ඔලුව අතේ ගහගත්තා වගේ වැඩක් අපිට උනේ",0,sinhala
තෝ පලයන් මෙතනින් අව්සන්නෙ නැතුව,1,sinhala
"මුන්ට මෙච්චර ඇරලත් තාම කඩේ යනවනේ, නොදකින් ගොං හැත්ත.",1,sinhala
ඔවු ඔවු ඒකි තමා #පිංකිකෙල්ල,0,sinhala
යකූ... !!!!!හරිනේ මෙවුන් කෙල්ලොනේ.. පිස්සු හැදෙයි.. හොර ඡන්ද ගහනවා ඊට වඩා ලාබයි!,0,sinhala
Birthday ekata අපිට party එකක් නොදී බේරෙන එක අමාරු වැඩක් නෙවේ.. කරන්න බැරිවැඩක්,0,sinhala
කෑලි කෑලිවලට කඩාපන් මගේ හිත මිරිකලා කුඩුකරා දමාපන් මගේ හිත ඒත් මම ඉවසන්නෙ එහෙම කරන්නෙ උඹ නිසා ඒත් මේ නිහඬබව නුඹේ ඔය මුණිවත මං ගැනත් හිතාපන් වෙන කවුද ඉන්නෙ මට මගේ දුක අසාපන් වෙන කාට කියන්නද වැඩක් නැති වෙලාවට නොවෙයි හැම වෙලාවෙම මාව මතකේ තියන් කරගනින් උඹේ වැඩ කවිය සැර වැඩියි තමයි බං,0,sinhala
ඒකත් හොඳ වැඩක්. හැබැයි තෝරා ගැනීමට හොඳ criteria එකක් තියෙන්න ඕන. එහෙම එකක් හදන්න හොඳ වැටුප් පරිමාණ හදන්න ඕන. ඕවා ඉතිං මෙහෙ කරන්න ලේසි නැ ගොබ්බ ජෙප්පෝ එක්ක. උං එනවනේ සම අයිතිවාසිකම් ඉල්ලගෙන. කාලකණ්නි අනුවන හැත්ත.,1,sinhala
"මට එහා පැත්තේ ඉන්න ගල් මුසලයා බීලා...මුසලයා ජනෙල් අරිනවා, වහනවා, ඉවරයක් නැ.. මට බස් සින්දු ඇහෙන්නේ නැ.. චික්..",1,sinhala
එස් බි දෙරණෙ 360' චොර වෙවි ගොන් බයිලා කියවනවා,1,sinhala
ඒ තමුසෙගේ කටහඬ හෙන ලස්සනයිනේ කියලා මේ දැන් කිව්වේ.,0,sinhala
“සිරිසේන මහතා ජනාධිපති බවට පත්කිරීමට දායක වීම අප කළ වරදක් නම් ඒ වෙනුවෙන් අපට සාප වේවා. ඒ වගේම රනිල් වික‍්‍රමසිංහ මහතා නීතිගරුක පුරවැසියන්ගේ යහපාලන බලාපොරොත්තු බිඳ දැමීමේ වරදටත් අපට සාප වේවා.“- මහාචාර්ය සරත් විජේසූරිය ( මාදුළුවාවේ සෝභිත හිමිගේ 77 වන ජන්ම දින උත්සවය) #lka,1,sinhala
ටහුඩු මේ මොකක්ද මේ supun kadangama arachchi · 21 Aug 2020 I love you,0,sinhala
රෙද්ද උස්සා හෙළුව පෙන්වයි අසල්වැසියෝ CCTV කැමරාවේ - URL URL,0,sinhala
අනේ දී යන්න මෝඩ සසිනි.. නැඟිටින්නෙම ගුඩ් මෝනින් මැනී කියාගෙන..,1,sinhala
"මොකෝ සුමනේ මේ මූණ තඩිස්සි වෙලා, හුටා, තුවාලත් වෙලා නේද? ඔව් ජයේ. ඊයේ ගෑණි කොණ්ඩෙ කපන්න සැලොන් යන්න හදනවා. ඉතින්? ඒකි මගෙන් ඇහුවා, සුමනේ මම ලස්සන මොන කට් එකටද කියලා. ඉතින්? මං කිව්වා, පවර් කට් එකට තමයි කියලා. එච්චරයි මතක... #ගල්කතා",0,sinhala
මේ යකෝ රිසල්ට් එන එක පහුකරලා මුන් මේ කරන්නේ....වැඩක් කරන්න පුලුවන් තරුණ ළමයිගේ ජීවිතේ විනාශ කරන එක නේද???,0,sinhala
දුප්පත් අය වැසිකිළියට දැමිමද.....,0,sinhala
විනිවිදභාවය අහන උන්ට පුක පෙන්නනවලු #Katakathaa20,1,sinhala
හාහා ඊයේ මොනා නැතත් කැත ගැහිල්ලක් ගැහුවේ ඉන්දියාවට #IndvsSA #T20,0,sinhala
අර බඩුව ආවට පස්සේ ද order කරපු,0,sinhala
ටහුඩු මතකයි මතකයි ඕව ගන්න තරං අපි මහේසාක්‍ය නෑ අයියා.,0,sinhala
අඩොව් රැපට සෙට් වෙච්චා බොඩ් කැල්ලක් ගහන් පලයන්,0,sinhala
බිජ්ජ කසා ගැනිමට නියපොත්තක් නැති කුරුටුගාමීන්ගේ නවතම පාඨය පලස්තීනයට ජීවත් වීමට ඉඩ දෙනු! ගාසා තීරයේ ජනඝාතන හෙළා දකිමු! - පෙරටුගාමී සමාජවාදී පක්ෂය URL via am.lk පලස්තීනයට ජීවත් වීමට ඉඩ දෙනු! ගාසා තීරයේ ජනඝාතන හෙළා දකිමු! - පෙරටුගාමී සමාජවාදී පක්ෂය පලස්තීනයට ජීවත් වීමට ඉඩ දෙනු ! ගාසා තීරයේ ජනඝාතන හෙළා දකිමු ! යයි සඳහන් කරමින් පෙරටුගාමී සමාජවාදී පක්ෂ මධ්‍යම කාරක සභාව අද (15) නිවේදනයක් නිකුත් කොට තිබේ. පලස්තීනයේ ගාසා තීරය ආශ්‍රීතව ඊශ්‍රායලය...,1,sinhala
එක මෝඩ කම... අනු නංගී හොද පහරක්...,0,sinhala
Congratulations ලූෂන් අයියේ ඔබට චිරං ජයතු.ජයවේවා,0,sinhala
ටික දවසකට කලින් ගුරුවරුන්ට කවි ලිව්වා … දැන් සාප කරනවා ටික දවසකට කලින් බදුර්දීන්ට සාප කරා … දැන් කවි ලියනවා යසයි යසයි,0,sinhala
කව්ද යකෝ කුණාටු වලට අපේ අමතිලගේ නම් දාන එකා..,0,sinhala
පට්ට ලස්සන පොටෝ ටිකක් තිබුනා fb එකේ තිබුනා,0,sinhala
යම් වෘත්තියක අවශ්‍යතාවය තමන්ට නැතිනම් එම වෘත්තියට ගරු කිරීමට ඉගෙන ගත් යුතු යි.... රූපලාවන්‍ය වෘත්තීය යනු එක එකාට රෙද්ද ඉස්සීම නොවන වග කවුරු කවුරුත් තේරුම් ගත යුතුය... Dilan · 18 May 2021 Comment එකහ් ....,0,sinhala
මේ ඔයාට පිස්සු හැදිලද...,0,sinhala
"ගුඩ් මෝනිං.. අද නැගිටින්නත් ටිකක් ලේට් උනා රෑ සෑහෙන ලොකු කන්ස්ට්‍රක්ශන් එකක හිටියෙ ප්‍රෙන්ස්.. වැඩ ඉවර වෙද්දි රෑ 12 විතර උනා. අනේ ඉතින් ""හා හා මූදට යන්නෙපා"" කියල ළමයින්ට කෑ ගහන්න ඕන වයසක ඉන්න මං නේද මේ ඔලුවෙ ඉඳන් වැලි හලාගෙන, වැලි බෝල ගහගෙන රෑ එළි වෙනකන් පිස්සු කෙළින්නෙ..",0,sinhala
යකෝ මං හිතුවෙ බැන්දාම සෙක්ස් ඩ්‍රයිව් එක අඩු වෙනවා කියලා නාකි විසේ ගෙටත් උසේ නෙහ්,1,sinhala
"කුණුහරප සහිතයි: . . . . . . . . . . . . . . . . . . . . . . . . . . . . මේ හුත්තිගේ පුතාගේ අම්මට හැමිණෙන්න ඌ හිතං ඉන්නේ මට වෙන වැඩ නෑ, මං කරන්න ඕනේ අනික් උන්ගේ පක්කාලි වැඩ විතරයි කියලා, පොන්න වේසිගේ පුතා !!!",1,sinhala
උමාඔය බලන්න ගිය අනාගත නායකයා තව පොඩ්ඩෙන් සම්බල්.. ගිලා බහින නිවසක හිර කරගනී.. රැස්වීමටත් සහභාගී නොවී ඇමති පස්ස... URL,0,sinhala
එතකොට රෝහිත ? මුන් ඔක්කොම හොරු තමයි හලෝ,0,sinhala
අම්මටසිරි!!! පට්ට kick එකක් ඕයි!!!! :0 #RWCFinal,0,sinhala
"අරහෙන් අරුං වෙඩි තියනවා. උඹ එනවා මෙතන වීරයා වෙන්න. තව කියවන්න ආවොත් තොගේ ඔළුකට්ට හිල්වෙන්න මම තියන්නෙ."" සරෝන්ද්‍රගෝබි ට යක්සාවේස වෙලා. ඒ මදිවට වෙඩි වරුසා හැම පැත්තෙන්ම. ""තෝ පලයං ඕන නම්. මම කෙල්ල අරං මිසක් අගලට යන්නෑ."" I just published ගුහා සටන:19 link.medium.com ගුහා සටන:19 Every idea needs a Medium",1,sinhala
මෙකේ ඉන්න සමහරක් ප්ලෑන් ගහලා හෙන ගඩක් දිලා දගලන්නේ එකට ඉන්න උන් කොටවන්න... තොපි වගේ උන් තමයි යකෝ නාකි උනාම කාත් කවුරුත් ම නැතුව හුල්ල හුල්ල ඉන්නේ.. නොදකින් මේ වගේ උන් තොපිට සතුටින් ඉන්න උන් බලං ඉන්න බැරි නම් මියුට් කරලා බොලොක් කරලා පලයල් රෙද්ද පව් නොදී... #වද්දගන්නපිස්,1,sinhala
ඉස්සෙල්ලම හිටන් ගාව තියෙන ආණ්ඩුක්‍රම ව්‍යවස්ථා පොත පරීක්ෂා කර බලන්න ඕනේ ඔය හරි එකද කියලා. #coupLK #ConstitutionalCrisisSrilanka #ImpeachSirisena,0,sinhala
කැරි පොන්න හුකන්නල ඔක්කොම එකයි .හුකවන්න ඕනෙ හැති කරේටම හුකෝනව නිගමනය #අංතවාදී_මුස්ලිම් = #මුස්ලිම් එක සිංහල #පකෙක් මොනවත් මට කිවන් එක්ක එපා තොපිට එපානම් #block කරපන් නැත්නම් #Unfollow කරපන්. තොපි සිංහල ජාතියටත් පිළිලයක් මැරිය වහ බීල හුත්තිගෙ හැත්ත.,1,sinhala
මැරෙන්න ඔින කන්ජිපාන පණපිටින්... ජීවත්වෙන්න ඕන හමුදා නිලධාරියාගෙ පණ ගිහින්,0,sinhala
සැහ්ඃ දන්න වැඩක් දාලා පාර්ලිමේන්තුව යන්න බැරි වෙයිද මන්දා.. පට්ට වරප්‍රසාද තියෙනවානේ Dinuk · 25 Dec 2019 අත්අඩංගුවට ගැනීම සඳහා වරෙන්තුවක් නිකුත් කරනු ලැබ සිටින හිටපු අමාත්‍ය රාජිත සේනාරත්න නිසි වේලාවේදී අධිකරණයට ඉදිරිපත් වනු ඇතැයි හිටපු අමාත්‍ය පාඨලී චම්පික රණවක පවසනවා. #lka #SriLanka,0,sinhala
සහය නොදක්වන්නේ කව්ද කියලා හිතා ගන්න පුළුවන්නේ. ඒ වෙලාවට ඉතිං දොරට තට්ටු කර කර ඉදලා වැඩක් වෙන්නෙ නෑ.....ඇරගෙනම යන එකයි තියෙන්නෙ.,0,sinhala
ලස්සන ගස් ලබ්බ නේද? දැක්කම මිරිකන්න හිතෙනවා,1,sinhala
"බැරි නං අස් වෙන්න තමයි වෙන්නේ, ඒත් කණගාටු අර ඛණිජ තෙල් හාරන වැඩේ අලුත් කෙනා අතහැරලා දායිද කියලා. පුළුවන් තරම් ඉක්මනට රට ඇතුලෙන් ඒවා ගන්නම වෙනවා. ඩොලර් නං හම්බ නොවෙන කාලයක් එන්න පුළුවන්. ඒත් ඒක තියෙනවා නං අවුල අඩුයිනේ.",0,sinhala
රෙද්ද තමයි. ඔය දොර ඇරගෙන වෙන මොකෙක් හරි එකෙක් ඇතුලට ගිහිල්ල එළියටත් ඇවිල්ල ඉඳීවි,0,sinhala
චීන භාශාවෙන් විකාශන කටයුතු අරඹයි. #lka #SriLanka #news,0,sinhala
"මරණීය දණ්ඩනය නියම කලානම් එල්ලන්න ඕනා. නිවැරදි කරු කියලා වෙන්නේ පුලුවනම්, මොකටද දඬුවම නියම කලේ?",0,sinhala
"ලැජ්ජයි, මේ වගේ වෙලාවක පාරිභෝගිකයන් සූරාකාපු ආයතන පරිපාලනය ගැන. මොලයක් ඇති සුදුස්සන් පත්කරන්න",0,sinhala
තමුන්ගෙ අවශ්‍යතා වලට අනුව ජීවත් වෙන්න නම් මෙහෙ උන්ගෙ මොල ගලෝල අලුතින් මොල තියන්න ඕනි.. හම්බන්තොට කාස්ටක පලාතේ තියෙන අපේ ගෙදර ජනෙල් දොරවල් වල්ට කර්ටන් දාන්නලු.. යකෝ ජනේලෙයක් ඇරල හුලං ඩිංගක් වදින්න තියෙන ඉඩ රෙදි දාල අහුරන්න.. මිනි පෙට්ටිය ඇතුලෙත් ෆැශන් දාන රට නෙව ඉතිං,1,sinhala
මම කාට හරි කැමතිනම් මගේ හොදම යාලුවා අැ ..... උබ උටත් කැමතිද?? අනේ අම්මපා තෝ නම්.... කියන්න දෙයක් නෑ මාත් එලෙසමයි,0,sinhala
"ඒකි මට බූට තිවුව කාලෙ ඉදලම ලංකාවෙ ටීම් එකටත් හෙනහුරා..සංගා මහෙල රිටයර් උනා,වර්ල්ඩ් කප් ෆයිනල් නෑවිත් කෑව..කනව කනව... URL",0,sinhala
"යුද්දේ කරපු army එකේ ලොකු ලොක්කෝ ටිකත් ඇතුලට දාන දවස වැඩි ඈතක නෑ. සක්කිලි ටිකට සනීප ඇතිනේ වෙනස කොරලා, තව කඩේ පලයව්. #lka Neth FM · 26 Sep 2016 මේ ගැන තවත් විස්තර මෙතැනින්.. URL URL",1,sinhala
කරන්න තියෙන ඔක්කොම බලු වැඩ කරලා අහිංසක ජීවිත ගොඩ නොඑන අගාද වලටම ඇදලා දාලා තමන් හොද වෙන්න අර අගාදේ ඉන්න උන්ටම වරද පටවන සක්කිලි එවුන් මේ ලෝකේ ඉන්නවා.,1,sinhala
ආයෙ මූව මීට් වෙච්ච වෙලාවක කණක් ඇහෙන්න නැති වෙනවා. කූඹින්ගෙ අම්ම අප්පගෙ ඉතිහාසෙ ඉඳලම කියාවි,0,sinhala
"GMOA= මිනීමරු, නිවට, වහල්, සුදු කරපටි අපරාධකරුවන්ගේ එකතුව..!!!",0,sinhala
ගැටුම නිර්මාණය කල එක්සත් ජාතික පක්ෂය සමාව ගතයුතු අතර අදාල ඇමති වන රනිල් ඉල්ලා අස්වියයුතුය.,0,sinhala
"බොහොම ස්තූතියි . මල්ලි මම මේ රටේ දියුණුව වෙනුවෙන් ව්‍යාපෘති කීයක දැනටත් වැඩ කරනවද? මට sm වලත් ඒ වැඩේම කරන්න කියලද උඹ කියන්නෙ. අනේ නිකන් පලයන් බං. රස්සාවටම ඔය උඹලට රට හැදිල්ල බදා ගෙන මට දැන් තිත්ත වෙලා.. යකෝ අපිට කියලත් ලයිෆ් එකක් තියෙනවා නීල් අම්ස්ට්‍රොන් · 12 Jun 2020 ඔයත් හරියට අපේ ගමේ ඉන්න අැන්ටිලා වගෙ හැම දෙකම වැරදි විතරයි හොයන්නේ, මේ මාස ටිකට විතරක් නව සොයාගැනිම් 106 කට වඩා හොයාගෙන තියෙනවා, එවා ගැන කවුරුවත් කතා කරන්නෙත් නැ අනුග්‍රහයක් දෙන්නෙත් නෑ, ඔයා වගෙ අය ඉන්නකම් රට දියුණු වෙන එකක් නම් නෑ",0,sinhala
විජේ ගේ ගන් එකේ ඇදේ කියන්න ගිහින් විජේගේ ෆෑන්ස්ලා තාම මාත් එක්ක වලි.. උන් නම් පුදුම ෆෑන්ස්ලා.. පට්ට විදිහට සදාරණිකරනය කරන්නේ..,0,sinhala
"හැබැයි කෝණ දෙකක.. මම ඒකිගෙ සිතියමෙත් නැති නිසාද මන්දා අතරමං වෙන්නේ හෙමින් නෙවෙයි.. ආදරේ ලියලා දුන්නෙත් පැන්සලෙන්, මකන කෑල්ලකුත් එක්ක.. එකෙක්ට එක පාරක් තියන මරනෙ ඒකි මට දෙපාරක් කරා මූණට ""මැරිලා පලයං"" කියලා කියන්න බැරි නිසා ලිව්මෙ අගටම තිබ්බෙ සමාදානයෙන් සැතපෙවා කියලා දසුන් මෙත්මල්",0,sinhala
හප්පෝ බෝම්බයක් ඒනම් ඒකි වටපිට බලන්න ඇති සද්දේ කෝමද ආවේ කියලා,0,sinhala
URL හොරු රෙද්ද අස්සේ තියාගෙන නීතිය ගැන කතා කරන්න ලැජ්ජා නැද්ද? Harsha jayamal · 20 Nov 2017 ගින්තොටට නීතිය දැඩි කරන්න කලින් නරකද දුෂීතයන්ට නීතිය දැඩි කරා නම් අගමැතිතුමෝ හොරු රෙද්ද අස්සේ තියාගෙන නිතීය ගැන කතා කරන්න ලැජ්ජා නැද්ද?,1,sinhala
ඉස්කෝලෙ හැමදේම උගන්නන්නෙ බාගෙට. රීල සබන් දාල අත හෝදගන්න කීවට කවදද කියපල්ල පුක හෝදගන්න කියල කිවුවෙ ?,1,sinhala
මට බෑ ලබ්බ මේ ඉස්පිරිතාලෙ ඉන්න...,1,sinhala
ඉස්සරහා කකුල් කොහෙද යකෝ. කකුල් දෙකයි නේ තියෙන්නේ. තෝ කුකුලා කියලා හරකා කනවාද දන්නේ නෑ,0,sinhala
මං මේකේ කෙල්ලෙක්ට හිත ගිහින් ඉන්නේ අවුල වෙන කොල්ලෙකුත් talk නේ අපි වැඩකට බැස්සොත් ඔහොමමයි මං පව් යකෝ,0,sinhala
දෙමව්පියන් ගාවගෙන බැනගන්න එක හරි විහිලු කරන එක හරි මහ කැත වැඩක්.,1,sinhala
තොපි යකෝ. අපි කරද්දි photo ගන්න කවුරුත් නෑනේ.,1,sinhala
RIP 443 ාබ් රියාස් තෝ ගෙදර පල. . . #Rip #LionsRecord #පකිස්තාන්පොන්නයෝ,1,sinhala
ඉංදියාවෙ කියල දාපං හුත්තෝ!,1,sinhala
මුන්ට පිස්සු තද වෙලා සීතල කාලෙනේ,0,sinhala
ඊයේ රෑ 9 දෙනාට Vat 69 3යි Royal Stag 2යි මදි වෙලා අන්තිමට දේශිය #ගල් එකකුත් ගේන්න සිද්ධ වුනා.අන්න ඒකයි කියන්නේ උඩ පැන්නොත් බිම වැටේ.කොහෙන් කැරකුනත් ගල ලඟමයි හිත නවතින්නේ -මුදල් ගෙවා ප්‍රචාරය කරන ලබ්බකි-,0,sinhala
කෞද යකෝ වැල ගෲප් එහෙකට මාතර අහස දාපු එකා. P I N K Z♡ · 20 Sep 2019 කොහෙන් එන පොටෝස් ද මං දන්නෑ මේ ගෲප් වල ඩිලීට් කරලම එපාවෙලා..,1,sinhala
"ආදරේ කියන්නේ හිමිකර ගැනීමම නෙවෙයිලු, පරිත්‍යාගයලු. මං කෙටියෙන් අහන්නම් ශුද්ධ සිංහලෙන්..... හිමිකරගන්න නෙවෙයිනම්, වෙන එකෙක්ට අරං යන්න දෙන්න නම් මොන හුත්තකටද යකෝ ආදරේ කරන්නේ.",1,sinhala
යකෝ බොලාට වැහි නැති හෙන ගහන්ඩ ඕනෙ.. මං මේ බීච් එකක ලස්සන බෙල්ලෙක් කියල ලඟ ඉඳපු එකාටත් ඇහෙන්න දැම්මෙ ජිම් එකේ,1,sinhala
මංගල නැති මංගල සභාවාරයක් හුඟ කාලෙකට පස්සේ,0,sinhala
මට තියෙන දැවෙන ප්‍රස්නෙ මේ Flight වල කන් පැලෙන සද්දෙ නෙමෙයි. ඒත් එකපාරටම සද්දෙ නැවතුනාම හෙන ප්‍රස්නයක්...,0,sinhala
දැනට තියෙන ලොකුම ප්‍රශ්නය මේකද,0,sinhala
මට ඕන උනේ අර සෙට් වෙච්ච යාළුවෝ ටික දැකැලා කතාබහ කරලා memmories හදාගන්න.. මේ කොහෙවත් ඉන්න ගොන් හිකනල්ලු මීටප් එකක් තියෙද්දිත් එන්නෙ නැතුව කෑගහන්නෙ තියන පැලියාවට කියලා හොඳටම තේරෙනවා.. තොපෙ පැලියාවට බලන් ඉන්න බැරිනන් කටයි පුකයි වහන් හිටහන්.. අන්තිමට කියන්න තියෙන්නෙ..,1,sinhala
හුම්ම්ම් උං උඩයන්න උඩ යන්න අපිටයි අමාරු.,0,sinhala
ඇයි ඒවගේ හිල් ද ?,0,sinhala
"WA Status එකක් දැම්මම මහරෑ කෝල් ගන්නෙපා හුත්තනෙ , පක නිදාගන්නෙ නෑ කියලද හිතුවෙ ,තොපිට අදාල නැතිනම් අදාල කොරගන්නෙපා .",1,sinhala
මාත් බල්ලෙක් ගේනවා ගේ තනියට.වැඩේ තියෙන්නෙ මගේ බල්ලා ට්විටර් ගේන කාලේ වෙද්දි කලුකුමාර වයසට ගිහින් තියෙද දන්නේ නෑ,0,sinhala
නොදකින් රට කාපු සිරා,1,sinhala
පක සිරස මෛත්‍රී ට පුක දෙනවා,1,sinhala
අපෝ එහෙනම් බිජ්ජ නැතුව ඇති,1,sinhala
පැය 4ක් තිස්සේ බස් එකේ හිටගෙන.එකෙක් නෑ සීට් එකක් දෙන්න.ලබ්බ බැහැපු එවුන්වගේ මුණදිහා බලනො,1,sinhala
නෑ අපෙ ගමෙ පංසලෙන්...ගෙනත් දාල ඉතුරු උනු ස්වීට් ලොං ලස් බැල්ලි පැට්ටියෙක්...,0,sinhala
ගෙදරට නාකි නොවන්නට :P URL,0,sinhala
"මගේ නං පුකේ අවුට්ගොයිං විතරයි මල්ලි, ඉන්කමිං නෑ. උඹේ පුක රෝමිං දාලා ඉන්කමින් විතරනේ. කටින් රෙන ගමන් පුක දිදී වටේ යන්න එපා. උඹේ මට්ටමෙන් මාව මනින්නත් එපා. හා, දැන් ඇඟිල්ල දාගන්න. යන්න. මතක් කරලා අත හෝදගන්න.",1,sinhala
නව දේශපාලන මංකොල්ලය සමග ලෙස නිවැරදි විය යුතුය,0,sinhala
"මහ බැංකුව අධිපතිතුමා, මෙයාගෙන් මිග් ගනුදෙනුවෙන් ගහපු සල්ලි ඩුබායි බැංකුවල තිබෙන බව කියවුනා. ඒ සල්ලි ජනාධිපතිතුමාට කියල ඉල්ලලා ගන්නකෝ. ඔබ රට රැකියා කරන්න කට්ටියගෙන් සොච්චම් ඉල්ලවන වැඩියෙන් මේක හොද නැද්ද ඈ.",0,sinhala
ගෙදර ආවම ගෑණි වෙන මිනිහෙක් එක්ක ඇඳේ හැමිනෙනව දැකලත් 'තවම උසාවියේ ඔප්පු වෙලා නෑනෙ. ඒ නිසා මෙතන මුකුත් සිද්ධවුනාය කියල කියන්න බෑ' කියනව වගේ කතාවක් තමයි මේක,0,sinhala
"අද දෙරණ >> ලබන අවුරුද්ද අමාරුයි - ගමට වයිෆයි ගෙනියනවා: ලබන වසර අමාරු අවුරුද්දක් වන බවත්, වැඩිපුරම ණය ගෙවීමට ඇත්තේ… URL",0,sinhala
"""අපේ රෙද්ද බලන්න එන්නේ- චීනයට රනිල් ගියේ රෙදි ඇඳගෙනද? කට වහගෙන තමන්ගේ වේලාව ගන්න"" ආයෙත් රෝහිත අතින් බණ්ඩාරගම... URL",0,sinhala
අන්තවාදී ජාතිවාදී සුනකයා...දැන් මොකටද දන්නේ නැහැ ..සූදානම් ...,1,sinhala
උබලගෙ ප්‍රවෘත්තිත් වෙපා කාලකන්න,0,sinhala
තාත්තව විකුණලා ගිය පාර පාර්ලිමේන්තු ආපු ගෑණි මේ පාර පාර්ලිමෙන්තු එන්න හදන්නේ රංජන්ව විකුණලා,1,sinhala
එකටම බන්ඩාරවෙල ඇටම්පිටිය පාර කරන්න කියපං,0,sinhala
දවල්ට නිදාගන්නෙ නැත්තං පට්ට :3,0,sinhala
ගෙදර ඉන්න දවස් ටිකේ Greek Mythology ගැන පොඩ්ඩක් හෙව්වා.ඒකෙන් තරු රටා වලට වැටුනා.එතනින් මායන්ස්ලව සෙට් උනා.ඊට පස්සේ අනුනාකි තියරි එකට වැටිලා ස්ටාර් ගේට්ස් ගැන පිස්සු වැටිලා අන්තිමට ඩේවිඩ් විල්කොක්ස් ගේ පිරමීඩ්ස් තියරිය ලඟින් නතර උනේ,0,sinhala
වැරදිලාවත් කරන්න එපා,0,sinhala
ඔව් ඒක තමා මගේ බී එෆ් හොයලා දුන්නා උබ පරක්කුයි...කොනට පලයන්,0,sinhala
"අනිවාර්යයෙන් සර් අපි සාමාන්‍ය මිනිස්සු .. එදා දවස හම්බ කරන් දරුවන් ට උගන්වගෙන .. ජීවතේ ගැට ගහන... අපි දන්නවා රටේ, ලෝකේ මේ තියෙනව දරුණුකම ... නීතී කඩකරන්නනන්ට දැඩි දඩුවම් පමුණුවා .. එක්කෙනෙක් ට දෙන්නෙක්ට මේ නීති ක්‍රියාත්මක කරන කොට අනෙක් හැමෝම ඒක ට හුරුවෙනවා ... මනසින් හිතන්න",0,sinhala
"දිනේශ් ගුණවර්ධන පාර්ලිමේන්තුවේ හැසිරෙන්නේ, කෑ ගහන්නේ පරිණත, ආදර්ශමත් දේශපාලන්ඥයෙක් වගේ නොව, ගාල කඩාගත් හරකෙකු ලෙසය. අලි සබ්‍රි නැමැති ආධුනික හරකා නම් අලුත් නිසා අවුලක් නැත. ඒත් හිතට අමාරු හර් ෂ ද සිල්වා වැනි විනය ගරුක, ඵලදායී මිනිසුන් උන් ලෙසටම කෑ ගහන්න යන එකය.",1,sinhala
පිස්සා මූ පිස්සා මූ පිස්සු පූසා මූ .. #EpicSinhalaCartoonDubs,0,sinhala
"අනේ පලයන් චාතුර්යා කියන නමින් ඉන්න පිරිමියා. උඹට තියෙන පුකේ අමාරුව ඉස්කෝලෙ යන කෙල්ලන්ට පෑඩ් දෙන එකෙක් සිංහල ජාතිය නැති වෙනවා කියන එකද? අනේ හුත්ති-පයියෝ, නිකන් දෙන පෑඩ් ඇන්දම ජාතියක් නැති වෙන්නෙ කොහොමද? පිරිමි ගණිකාව, තොට මානසික රෝගයක්, බේත් ගනින්",1,sinhala
ගොන් ගෑනි අපෙ නංගි,1,sinhala
හම්මේ කවුද ඒ පිස්සා,1,sinhala
"මේ සමහර හම්බ පකයි මේකට ඇවිත් ජාත්‍යන්තරයට පේන්න හොටු පෙරං බොරුවට අඩන එකයි, සිංහල උන්ට අනන් මනන් කියන එකනම් මහ ලැට් එකක්. බිජ්ජ මුලිං කපල දාන්න හිතෙනවා පකයින්ගෙ. හරියට පංසල් වල කඩු තිබිලා අඔඉ බෝම්බ පිපිරෙව්වා වගේ. ටෝක් දෙන්නෙ හාමුදුරුවරු ගැන. ඇයි ඕකුංගේ මවුලවිලා",1,sinhala
ඔව් එහෙම වෙනවා මහා ජනතාවට ඕන රටක් ඉදිරියට යන විදියක් බදු ගහන කෝටි ගණන් වාහන අරන්දෙන්න අගමැතිට . මහා ඇමති මණ්ඩලයක් වත් .....25 කට වැඩි නැහැ..එදා කිවේ ඇමතිමණ්ඩලය .. බොරුවට මහා ජනයා රවටන ..රජයක් ....මහා බැංකුවේ සල්ලි ටිකට විදින රජයක් ..පොහොර නැහැ ..ඕවා තමයි,0,sinhala
තමුසෙ නෙද ඔක ගැහුවේ,0,sinhala
ලගදි දවසක බස් එකට මගින් කපල් එකක් නැග්ගා..මං ලඟමයි කෙල්ල ඊට එහා පැත්තේ කොල්ලා වාඩි උනේ.. බස් එකෙන් බහින්න ලං වෙද්දි කෙල්ල මගේ ඇගේ නිකන් මගේ කෑල්ල වගේ කොල්ලා නිකන් මඟින් නැගපු පොරක් වගේ එහා පැත්තෙන් #SLBusDiaries,0,sinhala
"මොරගහකන්දට උප්පැන්න සහතික දෙන්න අප්පච්චිල පොරකනකොට, උමා ඔය / නොරොච්චෝලෙ අවජාතක උනේ ඇයි දායක සභාව පෙරට එන ඔබටයි මේ අවස්තාව Via Sudesh Chandima De Silva",1,sinhala
ඒක නෙවෙයි කවුදෝයි අර කෑල්ල #SLvSA,0,sinhala
මං ඕකට ගිහින් තෝ එක්ක යනවා.ප්‍රොමිස්.දැන් ප්‍රොමිස් දෙකයිආ,0,sinhala
පල්ලියෙ මෞලවිලා බිජ්ජ විකාගෙන ට්‍රයි කරනව ඇති කොල්ලගෙ කොණ කපල ඒ ආගමට ගන්න.,1,sinhala
ඒකි තාම ඩාන්ස් කරනය ඇති බං උඹෙන් මැසෙජ් එක ආපු සතුටට,0,sinhala
බලාන්කො සමාජෙට මූණ දෙන්නෙ කෝමද කියල.මැද ඇගිල්ලමනෙ ......බල්ලා හැපුවෙ,0,sinhala
"ඔය කියන්නෙ, කොරෝනා වයිරසය ඩයිහයිඩ්‍රජන් මොනොක්සයිඩ් එක්ක ප්‍රතික්‍රියා කරලා ඔක්සිජනුයි, ටෙට්ට්‍රාහයිඩ්‍රජන්කොරෝනාවයිරස් කියන සංකීරණ සං‍යෝගයයි හදනවා කියලා. ටෙට්ට්‍රාහයිඩ්‍රජන්කොරෝනාවයිරස් කෑල්ල ලියන්න කොලේ ඉඩ මදිවෙලා එහා පැත්තේ ලියලා තියෙන්නෙ. තව ඕක තුල්‍ය කරන්න ඕනේ. 2H₂O කියලා.",0,sinhala
ඌට පොවන්න ඕන හුජ්ජ.. බීපිය පාහරයා කියලා..,1,sinhala
පලි ගත්තනම් හොරු කොහොමද එලියෙ ඉන්නෙ. තමුන්ලා දැන් කරන්නෙ ලව් කරන එක කියලා පේනවා,0,sinhala
තුන්වේලම කෝල් කරලා බත් කෑවද මගෙ රත්තරං අහන එක විතරක් නෙවේ ආදරේ කියන්නෙ..තෝ කෑවද වේසිගෙ පුතෝ..උබ කන වෙලාවක කාපන් හුත්තො මම කෑවා කියලා කියන්නෙත් එක්තරා ආදරයක්,1,sinhala
"උඹලා ෆලෝ කරාට කමක් නෑ, රෙද්ද උස්සන් එන්න එපා සල්ලිත් එපා, උඹම තියාගනින්",0,sinhala
පයිය කෙලින් උනා කෙල්ලේ,1,sinhala
ඔයාගෙනේ පස්ස පොඩි,1,sinhala
මගෙ නම සනා වුනා මම ගොනා සුලා · 22 Apr 2020 මගේ නම සුලා.. මම කරන්නේ නෑ ඔබව මුලා.. twitter.com/saviyureka/sta…,0,sinhala
කෝ අගමැති මහින්ද? බයියෝ කිව්වේ කොහොමද?.,0,sinhala
තූ නොදකින් තොගෙ කට නම්.,1,sinhala
තෝ මාව ගල් කරා #YouRockMe #LankanEnrique,0,sinhala
යකෝ බැල්ලි කිව්වට දනත් ගැස්සුවද වෙන මොකක් හරි කිව්වනම් ඉස්කෝලෙන් අස් කරයි උඹව,1,sinhala
බැල්ලියෝ බිරුවට කදු පාත් වෙන්නෙ නෑ බන්. බුරන බල්ලො සපා කන්නෙත් නෑ. පස්ස හෝදන්න වතුර නැති උන් ටොයිලට් නෙමේ මේකත් ගද ගස්සනෝ #OsariAkka,1,sinhala
මලාට ලව් එකක් සෙට් වෙන්නේ නෑ... නොදකින් තූ..,1,sinhala
"හෙට #WeekendMixFactory වලින් අහමු. වස්ති - අඩු කූලෙ පර හැත්ත (#SWRemix) Space Walker · 8 Feb 2021 වස්ති - ""අඩු කූලෙ පරහැත්ත"" ට්‍රැක් එකට #Remix එකක් කරන ගමන්.. #SWRemix",1,sinhala
සියත එක්ක ක්‍රිකට් ලබ්බ තමයි හොදම හරියේ ඇඩ් දාන්නයි සින්දු දාන්නයි මොන්ගල්ද බොලවු 1,1,sinhala
කසල වෙන් කරලා දෙන්න පුරුදු වුනොත් වැඩේ ලේසි වෙයි,0,sinhala
නොදකින් මේ වගේ අවජාතකයි.. ජාතියේ කරුමෙට උපන් වුන්.. තූ නොදකින් කාලකන්නියා Sri Lanka Tweet · 23 Mar 2020 Police filed a lawsuit against a person who refused 14 days self quarantine. Police to arrest the suspectproduce court once the quarantine process is over #LKA #SriLanka #CoronaVirus #Covid19,1,sinhala
ඇයි මේ ලමයි කැම්පස් ‍යන්න මේ තරන් ආස? මං විතරද එතකොට මරන්න අරන් යන හරකා වගේ ඕකට යන්නෙ? හිතුවkකාරි · 22 Apr 2021 රටේ කොච්චර ප්‍රශ්න තිබ්බත් මට තියෙන ලොකුම ප්‍රශ්නේ කැම්පස් යන්න විදියක් නැති එක...,1,sinhala
මෙය අවශ්‍යයෙන්ම සිදුවිය යුත්තකි.බෞද්ධ සමාජය එකමුතුවීමටත් තම ආගමික අරමුනු සාක්ෂාත් කර ගැනීම පිනිස සිහිපත් කරවීමක් ලෙස ඉතා වැදගත් අදහසකි.ඒ සඳහා ජාතික නායකත්වය මග පෙන්වීම ප්‍රසංශණීය කරුණකි.,0,sinhala
Dog:- හම්බෝ...පට්ට බැල්ලී පාරක් යනවා.... Duck:- හම්මට උඩු..පණුවෙක්ද කොහෙද... කොටලම ගන්න ඔනී.. Dog:- *ටහුක් යකෝ...තාර ප*යා.. Duck :- හුටා...ශේප් එකේ මාරු වෙනවා...!!!!,1,sinhala
ඔය කියන ගොන් කතා මේ රටේ පිළිගන්නේ ජනමාධ්‍යත් මේ රජයත් විතරයි මහජනතාව පිළිගන්නේ නෑ,0,sinhala
නොදකින් හකරෝ මේ කුඹුරක්,1,sinhala
ඔයින් මොගන් යකෝ ඌ දැක්කා නම් අපරාදේ 148 ගැහුවේ කියලා හිතෙයි...,0,sinhala
ඔය ගොන් කෝලියා ගන්නේ නෑ මහින්දෙට.ගත්තත් වතුර අදින්න තමා,0,sinhala
තරු ගහපු තක්කඩිි එකෙක් දෙන්නෙක් නිසා අවංකව වැඩ කරන කෙනාගෙත් නම කැත වෙනවා,0,sinhala
මම ඉස්සර එෆ් බී එකේ දාපු පෝස්ට් දැකලා තියනවා බඳිනවා නම් රනිල් වගේ එකෙක් බැඳගනින් කවදාවත් ඇතෑරලා යන්නෙ නෑ අරක මේක කියලා දාපු! නොදකින්! ඌත් කෙලවුනාට පස්සේ දාලා ගියානේ ඉතින්! ඔන්න ඕකයි සරළවම ආදරේ කියන්නේ! තේරුම්ගනිල්ලා දැන් වත්!,1,sinhala
මේක දැකපු ගමං මට හිතුනෙ ඒ කොල්ලා tv එක ඉස්සරහා කාලෙ නාස්ති කරන එකෙක් නෙවේ කියලා. ඊට පස්සෙ හිතුනා යකෝ pink panther කිව්වහම ඌ panther කෙනෙක් නෙ. ඒකෙන් වත් තේරෙන්නෙ නැද්ද පූසෙක් නෙවේ කියලා,0,sinhala
ඩාලින් ඔයාට නෙමේ කිව්වේ සුදු මැනිකේ... ඔයා වගේ වෙන කෙනෙක්ට...,0,sinhala
රාජ්‍ය සේවකයෝ විතරද රටේ ඉන්නේ පකෝ? වැඩක් කරන්නේ නැති රාජ්‍ය පකාල නිකන් ඉඳලා පඩි ගන්නෙත් අපි රට ඉඳලා එවන Dollar වලින්… තව සහනාදාර දීලා බංකොලොත් වෙයව්…ලකේ පංකාවේ රාජ පකාලා…,1,sinhala
"උන්ට පට්ට upset ඇති දෙවැනි පාර බැට් කරලා හොඳට නෙලන්න බැරි උන එකට ඇත්ත තමයි බින්දුමාල් කියලා තියෙන්නේ Gehan Blok · 24 Jan 2019 ""Our best chance to upset Australia at home"" - Dinesh Chandimal අනේ හුකේ නන්නානේ.",1,sinhala
"අදාලයි යකෝ... අදාල නැහැ කියන්න එපා පකෝ.. ණය ගත්ත නම් දීපන්... අදාල නැහ කිය කිය ඉන්නෙ නැතුව. — feeling ""අදාල නැහැ""",1,sinhala
ඉස්කෝලෙ teledrama එකේ theme song එක පට්ට නේද? හැමදාම ඉවර වෙද්දී ඇහෙනවා එක..මාර calm සින්දුවක් ...කරන වැඩේ නවත්තලා අහගෙන ඉන් නො මන්,0,sinhala
ඔව් ෆ්‍රෙන්ස්! අන්තිමට මගේ තුන්මාසේ දානේ මම පනපිටින් ඉන්නකොටම දීලා ඒකි ගියා මල් සාලාවේ එකා එක්ක! Isira · 4 Sep 2019 මැරෙන්න ඕන කියලා ආතල් එකට කිව්වම ඒකට මොනවද කියන්නේ ? මට ඔයාව නැතුව ඉන්න බෑ ? අසුභ කතා කියන්න එපා කියපු කෙල්ලෙක් ඔබටත් ඉදලා තියනවද ? බෝම්බයක් කාලා මැරෙන්න හිතෙනවා මතක් වෙනකොට,0,sinhala
කවුද මේ ගෑණි. ජාතිය අවුල්නේ මේකිගේ,1,sinhala
අන්න නියම තැනට ඔබ පැමිණියා.. භූගත වෙනව කියන්නෙම වෛරසය active අවස්තාවට පත්වෙනව කියන එක යම් ස්ථායි ඉලෙක්ටොනික පද්ධතියක විදුලිය ගමන් කිරීමේදී ඇති වන්නා වූ ප්‍රතිරෝදක බලය සුදු රුධිරානු ක්‍රියාත්මක වීමට අනුලෝමව සමානුපාතික වෙනව ඒ නිසයි මැඩපැවැත්වීම අමාරු,0,sinhala
උතුර ගිනියම් වෙයි. රටේම මහජන බදු මුදල් වැඩි කරමින් කොටි ගණන් සරල මිනිසා විසින් දොරවල් සවි කිරීමට තමන්ගේ අම්බට්ටයින්ට වියදම් කිරීමට ඉඩ දී නිහඩව සිටි. දමිල මිනිසුනේ මෝඩ ජාතියක් මෙන් තමන්ගේ සියලුම කතිරය හංසයාට පාවිච්චි කරේ මේ ටික කරගන්නද ? හඩන්න එපා දැන්,0,sinhala
හැම මොහොතකම පාහේ එක්කෝ තමන්ට සාපේක්ෂව අනුන් ගැන හිතනවා නැත්නම් අනුන්ට සාපේක්ෂව තමන් ගැන හිතනවා... අනුන් මත පදනම් වූ කාලකණ්ණි ජීවිතයක් සහ ජීවන පැවැත්මක්... #Comparison #SelfAnalysis #SelfCriticism #LifeLessons #LettingGo,0,sinhala
බඩුව කියලා අහ ගන්නැති වෙන්න වැඩ කරන්න. ඔබත් මවක් දවසක ඔබ පියෙක් වෙන්නෑද වන් මෝඩ තර්ක නොකර ඉන්න,0,sinhala
මේවගේ බැල්ලි යන්ට අපි උත්තර දෙන්න පසුබට වෙන්නේ නැහැ ශෙයාර් කරන්න URL via,1,sinhala
ඔයාලා ඉන්න නිසා තමා මේ බය!,0,sinhala
""" : රාගමදී දුම්රිය දෙපාර්තමේන්තුවට සිදුවූ හානිය මගීන්ගෙන් අයකර ගැනීමට පියවර URL #SriLanka"" #WhatAJoke",0,sinhala
මුස්ලිම් කට්ටියට මඩ ගහල දෑන් අරාබි රටවල්වල ණයත් ඉල්ලනවා. තොත් එකය් තොගෙ සර් උත් එකය්. තොට ලෑජ්ජ නෑද්ද හු…,1,sinhala
පලයන් යන්න... වහලෙ තියෙන ෆොටෝ එකක් හොයල දාන්නම් ද?,0,sinhala
ඔබතුමා පාලනය අතට ගන්න අපට ඔබ විශ්වාසයි,0,sinhala
අලුත බැඳපු නංගියෙක් නෑදෑ සනුහරෙටම කතා කරලා දුක කියනවා . අපේ අම්ම ඉතිං කාගේත් දුක්ගන්නාරාළ නිසා ඒවා ඇවිල්ල මට unload කරනවා. මම : පව් කියන්න එපා . කසාද ජීවිතේ ගැන හිතන්නේ නැතුව wedding day එක විතරක් plan කරාම ඔහොම වෙනවා. දෙමව්පියෝ ඕව කියද්දී ඒ වෙලවට බලගන්නන් කිව්වනේ,0,sinhala
"යකෝ මේ තාක්ශනේ දියුණුවත් එක්ක දැන් ළමයිටයි වැඩිහිටියන්ව පරිස්සම් කරන්න වෙලා තියෙන්නේ.. තාත්තා අම්මාට කියනවා ""නරි නෑවීමට වේලාවක් නැත"" ලු... කොහෙන්ද ඒක ඉගෙන ගත්තේ කියලා ඇහුවම නිවුස් සයිට් එකක යට කමෙන්ට්ස් වල තිබුණලු...‍",0,sinhala
SLIIT එකෙන් පට්ටම වැඩක් කරන්න යන්නේ. පට්ට වෙයි කියලා හිතනවා #GotTalent #SLIIT,0,sinhala
පීරන්න අමාරු ඇති...මගේ අම්මටත් තිබුන..ලස්සනයි.,0,sinhala
"අද්දැකීමෙන් කියන්නෙ යකෝ, කටට ආවට කියනව නෙවී ..",0,sinhala
උදේම නැගිටලා කෝවිඩ්-19 ගැන කේලම් හොයලා කියන්න ගිය පනුවන්ට මොකො දන්නෝද උනෙ.. උන් පාන්දර්ම කිකිලි ගෙ හොටේට අහූනා.. අවසානෙ චයිනීස් උන හැදෙන්නෙත් නැතුව උන් සාම්ප්‍රදායික විදිහට ම මලා.. ආං ඒ නිස පාන්දර්ම නැගිට්ටද හුජ්ජ කර බිජ්ජ සොලවා නැවත නිදන්න හුරුවන්න.,1,sinhala
මට නන් තව එකක් ගැන හිතාගන්න වත් බෑ ඒ අස්සෙ අරකි අලුත් එකෙක් එක්ක ඇනිවසරිය සමරයිද කියලත් බයයි අයිසෙ Danukaᅠᅠᅠᅠᅠᅠᅠᅠᅠᅠᅠᅠᅠᅠᅠᅠᅠᅠᅠᅠᅠᅠᅠᅠᅠᅠᅠᅠᅠᅠᅠᅠᅠᅠᅠᅠᅠᅠᅠ · 1 Aug 2020 සාදාරණ බයක් ආව ඒකටනම් twitter.com/Iam_paala/stat…,1,sinhala
"""මගේ දරැපැටව් අහසට දෑත දිගු කරන් අම්ම ඒයි කියා ගමටම හඩතලයි වැරෙන් සින්න වෙන ඉඩම මට ගොඩ ගන්න බෑ ඉතින් යන්න නුඹ... URL",0,sinhala
"ඒ ගැන නම් කියන්න දන්නෙ නෑ. හැබැයි Fontera ලබ්බවල් (Anchor, Ratti) සෑහෙන ගේමක් දෙනව Higland, Pelwatte මාකට් බස්සන්න. අපේ අම්ම බෙහෙත් ගන්න ඩොක්ට ගෑණි නියමෙට මාකටින් කරනව. එන එන හැම එකාටම Anchor, Ratti ප්‍රොමෝට් කරනවා. ඒකෙනුයි, මට ලිව්ව brands වලින් හිතාගන්න පුළුවන් වුණා ගෑණිගෙ තරම",1,sinhala
වේසිගෙ පුතාල එකෙක් mask දාන්නෑ බස් වල යන කොට වත්. රෙද්ද යන්න ගිය ගමනත් 3km පයින්ම ගියා. එක අතකට රටම lock down වෙනවා නම් හොදයි....,1,sinhala
මට තමුසෙ රැවුල වවාගත්ත හැටි කියනවකො.මටත් වවා ගන්න,0,sinhala
අපේ ගමේ දහම් පාසලේ ලමයි පන්ති වර්ජයක යකෝ...පට්ට ආතල් එක,0,sinhala
මටත් ඕක අහද්දි අහ ගේවල්.ලග කෙල්ල මතක් උනේ ..එයත් පට්ට ලස්සනයි . මගෙ වයස ජපන් යනවලු ජූලි වල,0,sinhala
""" : ශ්‍රී ලංකාවට ඩොලර් බිලියන 09ක විදේශ මුල්‍ය ප්‍රතිපාදන URL #Srilanka""",0,sinhala
අම්බලංගොඩ කෙල්ලෙක් නේද ඔයා ?? පොඩි පිහියක් අරං ගිහිං තගක් දාන්කකො පුක කපනව කතිරෙ හිටින්න කියල,1,sinhala
කීබෝඩ් එකෙන්නම් ගහයි ඉතින්..ගොන් හැත්ත.නානසාරට තිබෙුනේ තොපි වගේ ගොබ්බ ගෑණු ලඟට ගිහින් මරාගෙන මැරෙන්න.උඹලා කාට බය වුනත් නැත්ත වැඩේ වෙලා ඉවරයි,1,sinhala
ඕකට බඩ පිරෙනවා එදාමන් ගෙනල්ලා හෙන ගේමක් දීලා කලා ඉවර කරේ,0,sinhala
"යකෝ මුරලි fast balls දාන්නත් උගන්නලානේ මුන්ට, වැඩේ කැතයි, මුරලි හොරා!!! #AUSvSL",1,sinhala
කාලකණ්ණි සාප අයියා මේවා,1,sinhala
ගෑණි හොර මිනිහෙක් ගාවට යන පලවෙනි දවසේ ඉඳලා දැන දැන අවජාතක ළමයාට උප්පැන්නෙ දෙන්න වෙනකොට ගෑනිගෙ පතිවත ගැන කතා කරන්නේ කවුද අයියා....,0,sinhala
හමුදාවෙන් ඒ වැඩේ හරියට පිලිවෙලට කෙරුවා.. කයිවාරු ගහන් නැතුව වැඩේ හරියට කරපල්ලා,0,sinhala
ලංකාව ඇතුලේ බෝම්බ ගහපු එවුන්ට මොකුත් කරගන්න බැරි වෙච්ච කොන්ද පන නැති පින් ගොනා වෙන රටක වෙච්ච දේකට මොනා හරි කරයිද,1,sinhala
අක්ක අයිය නැන්ද මාම අම්ම තාත්ත ආච්චි සීය තව කියාන්,0,sinhala
"""කකුල් තද කොට බැඳෙමු - කැත හිත්වලට කවි !!"" URL",0,sinhala
‘වඩේ කාරයා පලයන් යකෝ යන්න’ ෆොන්සේකා කෝප වී පාර්ලිමේන්තුවේ ගුගුරයි.. URL,0,sinhala
ඇට දෙකෙන් එල්ලලා දවසක් තියන්න,1,sinhala
ඒකි රික්වෙස්ට් කරලා හම්බෙලා නෑ..,0,sinhala
අනේ හෙන ගොනා නේ හාවෙක් කියල හිතන් ඉන්නෙ Coco · 15 Feb 2019 මං හිතන්නෙ මං හාවෙක් වෙන්න ඇති,1,sinhala
ඉතිං එහෙම කරන්නකො... ඇයි බයවෙලා..,0,sinhala
ටයරය මැදින් පෙකනිය ඉහලට රුප්පා සළු පිලි හැර දමා පෙන්වන් නී පුප්පා තන් හංසයන් වන් මෙන් chathu · 12 Nov 2015 පෙකණිය නො දක්වා සළු ඇඳ බොලට දක්වා නොපව තන සක්වා සිනා නොමසන් දසන් දක්වා - කාව්‍යශේඛරය -,0,sinhala
ගෑස් වල අවුලට රෙගියුලේටර් මාරු කලා වගේ.. සොම්බි නිව්ස්..,0,sinhala
"ඒයි අඩෝ මේ අහපල්ලා.... ගෙම්බට අර හල් ""ම"" යනු බල්ල අහුවෙලා.. දැන් ටී එල් එක කැත කරගෙන යනව දැකල තමා මේ හදිස්සි ටුවිට් එක දැම්මෙ.. හම්මෝ හති...",0,sinhala
බූරුවා - booruwa මෝඩයා - modaya හරකා - haraka මඤ්ඤංද? කියල කොහොමද සිංග්ලිෂ් වලින් ලියන්නෙ??,0,sinhala
#ටහිකෙයි මොකක්ද යකෝ අද ෆ්ලෝට්න් මාකට් එකේ තියෙන්නේ.. දැන් මං වැස්ස ඉවර වෙනකම් ඉන්නේ කොහෙද යකෝ... — feeling මටමයි #කෙන්නේ,0,sinhala
වෙඩි තියලා මරන කාලයක් තිබුණා. ඔය පාතාලයේ අය මරණවා වගේ තමයි වැඩක් ද? එහෙම නවත්වන්න පුළුවන් වුණා නම් එල්ටීටීඊ එක මෙලහකට ලොවෙත් නෑ. අතු කැපුවට දළු දාන්න පුලුවන් ශක්තිය මුලේ තියෙනවා. මුල කපන්නේ නැතුව මරන එක කිසිම ප්‍රශ්නෙකට විසදුමක් නෙමෙයි. ඒවා ගෝත්‍රික විසදුම්.,0,sinhala
"පර බල්ලෝ , ගොන් හරක් යන නම භාවිතයට විරුද්දව හරක් සහ බල්ලෝ නිතී ක්‍රියා මාර්ග ගැනීමට සැරසේ - පුවතක් යකෝ උන්ගේ නම් පාවිච්චි කරන්න එපා අපේ මිනිසුන්ට : මොකෝ ඒ තිරිසන් සතුන් බෝම්බ පුපුරුවන්, කුඩු ගහලා , සුදු දාලා , හොරා කන්නේ නැ",1,sinhala
"එය රාවනා දේශය නොව, අවජාතක බල්ලන් ගෙ දේශයයි. Captain America ✪ · 15 Jan 2020 ඇත්තටම දුකයි...තව පැත්තකින් කේන්තියි ඔයාලා මොකක්ද හිතන්නේ මේ ගැන..? #LKA",1,sinhala
"like this #සදුන්_අයියා# #හෑශ්_ලකුණු# #හැම# පැත්තෙන්ම අෆේ අම්මා කියන්නා වගේ මේක ""සිරි ලංකාව යකෝ""",0,sinhala
මන් හිතන්නේ ම්න් පොඩි ක්‍රමයක් දන්නව COVID-19 හොද කරන්න,0,sinhala
"මේක දැක්කම හිතන්ඩ පුලුවන් මොන පිස්සු පම්කෙක් ද කියලා ඒත් බලහන් උගේ මයින්ඩ් සෙට් එක. උපරිම සාධාරණයක් කරන්න බලන්නේ බැට් එක අතට ගන්න හැම මොහොතකම. විකට් එක දීලා හිනා වෙවී ඩ්‍රෙසින් රූම් එකට එන්නේ නෑ ආවත් විකට් එක දීපු එකට වොරි වෙනවා මිසක් ESPNcricinfo · 31 May 2021 Nothing to see here, just Steve Smith being wonderfully weird via dani_willis / Instagram",1,sinhala
පලයන් බන් බොරු නොකියා. උබ නිදා ගනි කොට්ට නැතිව. මන් උබේ රූම් මේට්. මන් දැකලා තියෙනවා උබ රුවිතෙට නිදන් ඉන්න හැටි.,0,sinhala
අම්මො මෙඅස්සෙ අර්තික සම්බාධකත් දැම්මොත් අපි එවරයි.,0,sinhala
ඔව් දෙයියො හෙන බලගතුයි .ඒත් ලමයි හම්බෙන්න හෙම දේවාල ගානෙ ගියාම ලැබෙන ලමයි දෙයියො වගෙ නෙමෙ..කපුවා වගෙ නේ..ඇයි ඒම?,0,sinhala
මොළයක් නෙවෙයි මොළ ගෙනාපු නැවක්.,0,sinhala
රෝහල් සේවකයෝ ඔහොමත් වජනය කරනවද . පුදුම රටක් මේක . සාමාන්‍යයෙන් දිඋනු රටක සාමාන්‍ය යෙන් පුද්ගලයෙක් සතියට පැය 37.5 ක් වැඩ කරනවා . මුන්ට පුදුම සැපනේ . රට වැටෙන එක අහන්නත් දෙයක්ද,1,sinhala
අපේ ජනාධිපතියත් මාර ඩයල් එක. ජනාධිපති කෙනෙක් වුනහම ස්ක්‍රිප්ට් එකට වැඩ කරන්න ඕන. මොකද ඔහු රටක් නියෝජනය කරන නිසා. එව්වා නොකර හවසට හන්දියේ කඩේ ලඟ වාඩිවෙලා ප්ලේන්ටියක් ගහලා දාම් අදින ගමන් කයිය ගහනවා වගේ කටට එන එන එක කියලා හරියන්නේ නැහැ.මේ නාන්නේ කීවෙනි පාරද ? #lka #CoupLK,0,sinhala
බොරු වාර්තා නිනුත් කෙරීම් ගැන නීතියක් නැද්ද?.,0,sinhala
ඒ අද කදිරාන පොලිස් විද්‍යාලයට පොලිස්පති ආව. යකෝ ජනාධිපතිටවත් නැති විදිහට හන්දියක් හන්දියක් ගානේ පොලිසියෙන් දාල අමුතු ආරක්ශාවක් මවල... පඩ ශෝ පකයලගෙ.. යුද්ධේ කාලෙත් නැති ආරක්ශා මෙවුන්ට...,1,sinhala
පක තමයි ජය ගන්නෙ. අනේ හුත්තිගෙ පකයෝ හැමිනෙන්නෙ නැතුව හිටපන්.,1,sinhala
"සේනලා ඔක්කොම එකයි, සිරිසේන , නන්දසේන ..",0,sinhala
අද නීතිය වල් වැදිලා රට අරාජික වෙලා අද රුපියල දවස ගාණේ කඩා වැටෙමින් තිබෙනවා. මේක නවත්වන්න මේ ආණ්ඩුවට පුළුවන්කමක් නෑ. අද වන විට ව්‍යාපාර කඩාවැටිලා. ගමේ කඩේට පවා මේ තත්ත්වය දැනිලා තිබෙනවා. පන්සලේ පින්කැටෙන් බදු අය කරගන්නා එකම ආණ්ඩුවත් මේ ආණ්ඩුවයි. URL,0,sinhala
අයිසෙ මම ගියානෙ පැෂන් ඉංජිනියර් කෝස් එකකට... ගිය ගමං ගවුමක් මහන්න දුන්නේ පස්සෙ තමා දන්නෙ එ්ක මැහුං පන්තියක් කියල #ApeAwurudu #BestBoruwa18,0,sinhala
"රාහු කාල, සුභ දිශාව, මරු සිටින දිශාව, නැකැත්, සුභ දිශාව, බල්ලා කන්පට ගැහුවම යන්න ඕනේ ගමන නවත්තලා දාන එක, හූනා චික් ගෑවම වැඩ නවත්තන එක තව දාහකුත් එකක් දේවල් අපි හදාගත්තු මානසික වැටකඩොලු විතරයි. Everything is causeeffect, බෝධිපූජා, පොල් ගහලා වෙන්න තියෙන දේවල් නවත්තන්න බෑ",0,sinhala
අපි දින්නා යකෝ අපි දින්නා කියහන්කෝ #SAvSL,0,sinhala
"දැන්වත් ගෙදර යන්න පීස්, මාර කරුමයක් ඔයා නම්",1,sinhala
මහ ජනතාව කියන්නේ තමන්ව කනවා කියලා දැන දැනම කැලේ රජා විදිහට සිංහයෙක් හරි කොටියෙක් හරි එහෙම නැත්තං නරියෙක් හරි පත් කරගන්න මෝඩ හාවෝ ජාතියක්... උන් කවදාවත් ලෑස්ති නෑ තව හාවෙක්ව තමන්ව පාලනය කරන්න පත් කරගන්න...,0,sinhala
හුකා පුතා මට විද්ද ! උඹ රස්සාවක් දුන්න සිකුරුට්යෙක් මට විද්ද පුතා !,1,sinhala
අවංක කම නෙමෙයි කෙල්ලෝ කැමතී ප්‍රයිඩ් එකට දැන් හිතමුකෝ උබ එක්ක සෙට් වුනා කියලා අනිවා ඉතින් රූම් /බොක්ස් අස්සේ රින්ගන්න ඕනී ලෝකෙට බඩුව වෙවී එපා වෙච්චි දාට බූට් තියලා ගියොත් හැමතැනම යාලුවෝ එක්ක පට්ටන්දරේ දිග අරිනවා .. ඊලග එකාටත් කියනවා,0,sinhala
ගෙදර බල්ලා මාගේ පාපිස්ස වුණු අවස්ථා ද ඇත.,0,sinhala
පාඩම් පොත අතට ගත්තහම මහ කාල කාලකණ්නි නිදිමතක් එනවා හැබැයි ඒ අනිත් පැත්තට ෆෝන් එක අතට ගත්තම නිදිමත හොයන්නත් නෑ .................................................................... මොන කරුම ජීවිතයක්ද ඕයි මේ...,0,sinhala
දිල් තෝ පාගල් හේ.... තමා..,0,sinhala
ටහුඩු... ගෙඩි 2ම කන්න ඕනි... Maduwa · 23 Jun 2019 ගුඩි මෝනිං කොමඩු කමුද වරෙන්,0,sinhala
අනේ පල හුත්තිගෙ පුතා යන්න තෝ ගිහින් මහින්දගෙ ගෑණි එක්ක හැමනියන් කාලකණ්ණි පකය නිදිකුම්බා,1,sinhala
කියන්නෙ පට්ට කෑල්ලක් . . . . . #වෙලවකටමටඑහෙමත්හිතෙනව,0,sinhala
ප්‍රජාතන්ත්‍රවාදයට ගරුකරන නිසාද බහුතරය සල්ලිවලට හදාගන්න බැරිවුනාම පාර්ලිමේන්තුව කල්දා තව වියදම් කරලත් බැරිවුනාම පාර්ලිමේන්තුව විසුරවන්න ගිහින් ඇන ගත්තේ.,0,sinhala
"Tuk driver: කොහෙද යන්නේ යකෝ! පුකේ අමාරුවද? Me, crossing the road: ඔවු අයියේ එ්නල් ෆිශර් එකක් කියලා දොස්තර මහත්තයා කිව්වේ.",1,sinhala
බීච් එක අයිනේ පදුරු අස්සේ කෙල්ලෙක්ට කරපු කැත වැඩේ මෙන්න - කොල්ලනේ වටාපිටාව බලපල්ලා - Videos URL URL,0,sinhala
මං සිංදුව කිව්වට පස්සෙද හැමෝටම සිංදු කියන්න මතක් වෙලා තියෙන්නේ රෙද්ද? මං වතුර බිව්වා.. දැන් උබලත් බීපන්. නැත්තන් අමතක වෙයි,0,sinhala
ග්ලයිෆො‍‍සේට් වල් නාශකය තහනම් | REVOLUTION URL,0,sinhala
ඒක ඉතින් උබෙන් අපි අහන්න ඕන දෙයක්නේ හුජ්ජ බන්ඩෝ,1,sinhala
"කාන්තාවට ප්‍රේම කරන පිරිමි ! ඒ කෙල්ල තමන්ගේ මතයට එකග නැත්නම් ඒකි “බඩුව"" ""ගොන"" ""ගනිකාව"" ඉස්සෙල්ලා කාන්තවකට ගරු කරන්න පුරුදුවෙන්න ඒ කෙනා මොන මතය දැරුවත් .. මොකද අපි අනිත් අය මනින්නේ අපිට ආවේණික මිමි වලින්.. Don’t judge others by your own standards! Respect to a GIRL",1,sinhala
"බාස්මතී හාල් කියන්නෙ සුපිරි product එකක්. ඒක මිනිස්සු නාඩු හාල් සම්බා හාල් කනවා වගේ කන්නෙ නෑ, කිලෝ එකක් 180/= වගේ වෙනවා, ඉතින් ඒක ලංකාවේ හදන්න බැරි නම් ඒක මිනිස්සුන්ට දිව්‍යලෝකෙන්ද ඒක ගේන්නේ ? බත් කෑවට ඔයා තප්පුලන්න ගත්තම හරකා කියලා ලෝකෙටම පේනවා.",1,sinhala
"කැත කතා කියන්න,එපා",0,sinhala
- කොහෙටද? + ටවුන් හෝල් - තර්ස්ටන් ? + නෑ. ටවුන් හෝල් - තර්ස්ටන් ද? + නෑ නෑ ටවුන් හෝල් - කොහෙටද නංගි යන්නෙ ? මගෙ හිත- ඈ බොල ගොං බූරු කොන්දොස්තරයො. තොගෙ කන් ඇහෙන්නේ නැද්ද? ටවුන් හෝල් කියන්නේ ටවුන් හෝල් මූකලන් බස්සො.... මම- ටවුන් හෝල් එකට අයියා. -හරි නංගි. මෙන්න ඉතුරු.,1,sinhala
ගොන් කතාවක් අයියා ඒ මීහරකා කිව්වෙ,1,sinhala
කොල්ල වගේද බල්ලා කියල හිතල,0,sinhala
බටහිර බෙදුම්වාදී බලපෑම් වලට ඔලුව නමන්න ආත්මාර්ථකාමී $ පෙරේත දේශීය සක්කිලි ටිකක් හිටියාම ඇති Nimak Nomathi - Lanka · 20 Jul 2017 #lka #srilanka,1,sinhala
කොරියන් පිස්සියක් ඔලුවට හුජ්ජ කොලාද?,1,sinhala
ඇයි ඩේසි ආච්චිට $ මල්ලක් හම්බවෙනවද? #SriLanka #FailedGovernment #corruption #lka #FinancialCrisis,0,sinhala
"ඔය බනින්නෙ.. හරකා, මී හරකා කිය කිය...",1,sinhala
වට්නා කංසා හේන් පිට්න් ගිනි තියන බලදාරින්..කුඩු .අයිස් ව්නාස කරනවා පෙන්නන් නෑනේ ..,0,sinhala
අනිවා හරකා හැරුණු පලියට ඌට වරද දාල බෑ ඇයි පැලේ බබාද කනකං බලං ඉන්න,0,sinhala
අඩෝ... හරි හරි... මගේ වත්තෙත් තියෙනවා... ගහක්... එත් නම දන්නේ නෑ.. පට්ට මල් පිපුනම.,0,sinhala
"""ජනතාව මුලාකිරීමට අසාත් සාලිත් යහපාලනය විවේචනය කරයි"" නොදකින් මුගෙ කට වහන්නම බැහැනෙ? URL",1,sinhala
හැම පිරිමියා ම නරක නැ ගෑණි ට ළමයි ට මවුපියන්ට සලකන පිරිමි ඕන තරම් ඉන්න වා.,0,sinhala
", ඌට දෙන්නේ කොහොමද හුජ්ජ මෝරෝ. ඌ කමිටුවේ නේ",1,sinhala
ශබ්ද රසය මොකක් වුණත් හරය අවුල් ... බල්ලා සහ කෙල්ලගේ විඩියෝවේ රැප් සිංදුව #අහම්බයන්,0,sinhala
හරි අයිසෙ හරි. මොක්කුද පිස්සො ටිකක් ශෙඩ් අයිනෙ ආතල් එකට වාහන පෝලිමට හිටවන් ඉන්නවා. ඒකට මිනිස්සු රැවටිලා.,0,sinhala
අම්මගේ රෙද්ද තමයි..... රටම පාවා දුන්න අවජාතකයාගේ මඩ හාේදන පාලම් කොක්කු ඉන්නවනේ.... URL,1,sinhala
"වනුඳු ශම්සිට ගැහුවෙ "" මම දෙක, උඹ එකනෙ.ඉඳපන් තොට දෙන්නම්"" කියල වගෙ සීන් එකෙන් කියල හිතෙන්නෙ මට විතරද",0,sinhala
යකෝ කභීර්සිංඝ් ඉඳලා ඉතියෙන්නේ අපි එක්කනේ බොලව් වාව්,0,sinhala
"කෙල්ලන් වෙත..... උබ ඉපදෙන්න බඩේ ඉන්නකොට අම්ම කිව්වෙ ""කෙල්ලෙක් උනොත් හොදයි"" කියලා... උබ ඉපදුනු දා දොස්තර මහත්තයා... URL",0,sinhala
ඔයා අර බඩුව කියලා කිව්ව එක්කෙනාද :P,1,sinhala
කියලා වැඩක් නෑ බන් මල්ලිහ්.. ගොඩක් එවුන් ඔහොම කරන්නේ කෙල්ල දාලා ගියාමනේ.. සමහරු කෙල්ල එක්ක කත කර ඉද්දිත් ඒකිව බඩුව කරනවා.. ඒකනේ බන් අවුල,0,sinhala
O Re Priya සෝන්ග් එක නම් නියම ට කිව්වා. පට්ට හැබැයි ඊයේ අහපු වළාකුළු පෙළින් සින්දුව හිතෙන් අයින් කරගන්න බෑ වගේ මටද ආදරේ නුඹට ආදරේ කෑල්ල මතක් වෙනවා #sirasavoiceteens,0,sinhala
සක්කිලි කූඹීටික ආයෙත් ලැප් එක අස්සට රිංගලා !,1,sinhala
පොලිසියේ කියලා වැඩ්ඩො නෙවෙයි පකෝ උඹලා ලැජ්ජයි සිංහල උන්ට කරන දේවල් මමනම් අදින් පස්සෙ පොලිසියෙ පරයෙක් පාරේ මැරෙන්න... URL,1,sinhala
බෝ ඩාලින් මේ බලන්න මෙයා මට පිස්සු කිව්වා,0,sinhala
"කෙනෙක් නොදන්න දෙයක් ඇහුවාම, දන්නේ නෑ කියලවත්, උඹට වඩා උඩින් යයි කියලා බයේ බාගෙටවත් දෙයක් කියලා දෙන්න එපා. කියලා දියන් උඹ දන්න දේ උපරිමෙන්ම කවදා හරි උඹට පෙරලා කරපුව ලැබෙනවා හොදක් උනත් නරකක් උනත්",0,sinhala
අනේහ් තෑන්ක්ස් ඩාලින් පණේ :*,0,sinhala
හා හා..! අනේ දැන් ඇති යකෝ.. පිටකොටුවෙ පේමන්ට් එකෙන් බඩු ගන්න ගියා වගේ නෙ. මුන්ගෙන් බේරෙන්න බෑනෙ.,0,sinhala
"තමුන්ගේ නිශ්පාදන, සේවා ලෝකෙට අලෙවි කරලා රටට විසාල ආදායම් ගෙනාපු වීරයෙක් නෙව ධම්මික පෙරේර කියන්නෙ. එයාගෙ සුරංගනා කතා විවේචනෙ කලාම සමහරු කියනව එහෙනම් උඹ ධම්මික පෙරේරට වඩා පෝසතෙක් වෙන්න ඕනි ලු. වැඩිය මොකවත් කියන්න හොඳ නෑ.ඒ වගෙ ශේෂ්ඨ ව්‍යාපාරිකයො රට දාල ගියොත් හෙම.. අම්මෝහ්..",0,sinhala
"හරකා අපේ කැලේ සතෙක් නොවෙයී, පිටින් ගෙනාපු සතේක්. ස්බාවික හතුරෙක් නැහැ. ස්බාවිකව පාළනය වෙන්න විදිහක් නැහැ. ඒ කාලේ ගොනුන්ගේන් ආර්තිකමය ප්‍රයෝජන තිබුනා, දැන් නැහැ. කිරි නැති හරක් කැලේට දානවාද අපේ කැලෑ උලා කාලා විනාස කරන්න, පාරට දානවාද ඉන්දියාවේ වගේ?",0,sinhala
අඩුම තරමින් තෙල් බැරල් එකක් වත් මුහුදට හැලුනේ නැද්ද මල්ලි.... ??? චැක්හ්....මොන කරුම කල දසාවක්ද මේ.... - 3%නේ අනුර,0,sinhala
මොනවා උනත් සිරස ඇත්ත දිගාරිනවා..ඒක හොඳයි...සිරස මොන පක්ශයේ උනත් මට නම් වැඩක් නෑ,0,sinhala
"රට විශාල ආර්ථික අර්බූදයක. අර බුද්ධික පතිරණයි, කාවින්ද ජයවර්ධනයි සිරස වැඩසටහනක දැන් කෑම උයනව. නොදකින් මෙහෙම මහජන නියෝජිතවරු.",1,sinhala
මේ මොන කරුමයක්ද ඕයි .. එකපාරක් කිව්වනේ .. මට පිස්සු නැ .. >:(,0,sinhala
ස්කලී මොකක්ද මේ කොලපාට අද්බූත වස්තුව හරිම මෙලෙකයි අයිසෙ මෝල්ඩර් ඔය ගොම තලියක් #xfiles,0,sinhala
මට 2 වෙනිදාට විදගන්න apoiment එක තියෙන්නේ.....,0,sinhala
මං මේ කල්පනා කලේ බැද්දගේ කෑල්ල හලල ජා ජා බිංක්ස් වගේ නමක් දාගන්න. ඇමරිකන් ආණ්ඩුවෙං සලකය් නේද ?,0,sinhala
"ලබන 15 වැනිදා සිට මාර්තු 29 වැනිදා දක්වා ප්‍රංශය, ස්පාඤ්ඤය, ජර්මනිය, ස්විට්සර්ලන්තය, ඩෙන්මාර්කය, නෙදර්ලන්තය, ස්වීඩනය, හා ඔස්ට්‍රියාවෙන් මෙරටට මගීන් රැගෙන ඒම තහනම්. - සිවිල් ගුවන් සේවා අධිකාරිය",0,sinhala
"”හිරු කිව්වත් සල්ලි, හිරුට මිස් කෝල් ගැහුවත් සල්ලි”. මොන ජීවිත ද අයිසෙ මේ?",0,sinhala
දැක්ක ගමන් හිත බැඳුනා රෙද්ද කඩන් බිම වැටුනා වාසනාවෙ දොර ඇරුනා සොයා සොයා ආවා ඒ සෙව්ව මැණික හමුවුනා #MisHeardLyrics,0,sinhala
පට්ට ඔයි... අපිට බුදු සරණයි lanka C news · 14 Mar 2017 මුදල් හා විදේශ ඇමතිලා මරු කරති.. මුදල් මංගලට විදේශ රවිට.. URL,0,sinhala
සිය පියාගේ මරණය අමතක කර දරුවන් බේරා ගන්නට මාරු කටට ගිය වෛද්‍යවරයාගේ වීරක්‍රියාව- Video & Photos #HiruGossip URL,0,sinhala
අඩො DP එක පට්ට,0,sinhala
මෙයාට දැන්ද ඒක මතක් වෙලා තියෙන්නෙ?,0,sinhala
අපේ ගෙදර උළු උඩ විසිවෙන්න මහ හඬින් බෙරිහන් දෙන පුද්ගලයින්.. . බල්ලා . පුතා . ස්ටෙෆනි,0,sinhala
මුන් සාප. මිකී ආතර් ග්ලවුස් අතේ තියාගෙන දුවන උන්ට ආස නැති උනාට සිගරැට් එකක් ගහගෙන සැපේ දුවන උන්ට ලවු ද එතකොට,1,sinhala
සුදු ඇඳගෙන සඳ ඇවිදින් - copied,0,sinhala
"ක්‍රීඩා ඇමති පාර්ලිමේන්තුවේදී කිව්ව 2016-17දී ක්‍රීඩකයන් 45ක් යොදා ගත්ත, සිම්බාබ්වේ වලට 3 - 2 පැරදූනේ. Pitch එක මහ රෑ shave කරලා ඒක කිව්වා කියලා මාලී අවූරදූ එකා මාරක් එලියෙන් තිබ්බ. තේරුම් කමිටුවේ සභාපති කවූද දන්නේ නෑ?",0,sinhala
කොහෙවත් යන ගොන් ලොංත කාලකන්නි කැරි බල්ලෙක් මල පැන්නුව. ශැක්. දැන් කන පැලෙන්න ගහනකන් තරහ නිවෙන්නෙ නෑ.,1,sinhala
Hey siri එකට sri lankan accent එක recognize වෙන update එකක් එන්න වෙනවා. නැත්තම් අම්ම හේසිරියෝ කිව්වම phone එකත් කොම්පියුස් උංගා බුංගා වෙනව,0,sinhala
මාස නවයක් තිස්සේ බඩක්වත් හංගන් තියාගෙන ඉන්න අමාරු රටේ මාස අටක් අච්චර ලොකු මැණිකක් හංගං හිටියේ ඩොලර් එක උඩ යනකම් වෙන්න ඇති,0,sinhala
⦀⦁කරුම ගෙවන ජිවිතේ උරුමකම් හොයන අපුරු ජාතියක් මිනිස්සු෴,0,sinhala
ඔන්න ගුරු නිවාසෙ ගුරුවරියක් විතරක් ඉන්න පිටිසර ඉස්කෝලෙකට අලුත් පත් වීමකට ගුරුවරයෙක් ආවලු. මෙයාලා ඇඳ මැදින් කොට්ටයක් තියලා බෙදාගෙන නිදාගත්තලු. දවසක් ළමයි එක්ක ට්‍රිප් එකක් ගියාලු සීගිරි ගල මුදුනට. මිස්ගෙ තොප්පිය හුළඟෙ ගියාම සර් එ්ක ගන්න ගලෙන් පනින්නද ඇහුවාම මිස් කිව්වලු ...,0,sinhala
අපේ ඇඩ්මින් කෙනෙක් වෙන මේ ළගදි මගේ යාළුවෙක් බස් එකේ යනකොට පොරගේ පයිය(පසුම්බිය : බන්දුල ගුණවර්දන ගේ අර්ථකතන අනුව... URL,1,sinhala
"නිග්ගා ඇඟිල්ලක ලාභම මුද්ද සඳහා හුන්නිඩ් දහසක්, නිග්ගා ඇඟිල්ලක ලාභම මුද්ද සඳහා ලිල් බැච් හුනිඩ් දහසක්, ලිල් බැල්ලි, ඔව් හුන්නිඩ් දහසක් නිගා ඇඟිල්ලක ලාභම මුද්ද සඳහා, ලිල් බැල්ලි, අහ් හුන්නිඩ් දහස",1,sinhala
නින්ද යන්නෙත් නෑ ඕයි රෙද්ද -_-,0,sinhala
ඕක නිලධාරින්ටම කරගන්න දිල තොපි පලයව්... වැරදෙනකොට නිලධාරින්.. හරියනතොට තොපි..,1,sinhala
පොස්ට් එකක් වත් දාන්ට කිසි අදහසක් එන්නෙ නෑ ෆ්‍රෙන්ඩ්ස් නොදකින්,0,sinhala
අපරාදෙ ගග දෙබෑකරං නයෙක් ඇවිල්ල දුන්න කිව්වනං හරිනෙ...ඒගොල්ලො අහන්නෙ සල්ලි හම්බු වෙච්ච විදිහ විතරයි ලොකු දෙයක් නෙමේ,0,sinhala
Beach එකට යන්නෝනි දැන්නම් කොහොම හරි.. පිස්සු හැදෙයි මට නැත්නම්,0,sinhala
නෑ නෑ... මෙයා දකිත් සිල්වා. මර්වින් සිල්වා තමයි නොදකින් සිල්වා.,1,sinhala
අවුලක් නෑ..ඕකවත් හරියට කරන්න..,0,sinhala
"මගුලක් කියනවා, අපෙ අම්මටත් වඩා නාකි ගෑනියෙක් :3 ඒකිට නාකිවවිසේ -_-",1,sinhala
ඒකට ගෙව්වේ බැංකුවේ ඩොලර් වලින් නෙමෙයිද?,0,sinhala
"මේ අවජාතක, කුඩු චැනල් එක තහනම් කොරන්ට ඕනි...!!!",1,sinhala
"දෙරණ 24 නාලිකාවෙ වැසටහනක් යනවා Road to Parliament කියල. පටන් ගන්න කොටම නිවේදක ගොනා කියනව ඉදිරි අවුරුදු 05 රට පාලනය කරන්නේ කවුරුන්ද, ඔබේ පාලකයන් කවුරුන්ද කියල හොයන්නයි අපි මේ වැඩසටහන පටන් ගත්තේ කියල.. ඇත්තටම දෙරණ කියන්නෙ හද්ද ගොං නාලිකාවක් තීරණය කරන්නම ඒ මදැයි",1,sinhala
වතුර නෙමේ පොල් ගෙඩිය කොහෙන්ද? ඒකේ සයිස් එක යකෝ. Diwani | දිවානි · 23 Dec 2019 මං වගේ පොල් වතුර බොන්න කැමති අය ඉන්නවද ? #DiwaniCulinario,0,sinhala
දෙරණ හැදුව වගේ මාද්‍ය ගමනක් ගැන අදහසක් නැතුව ම ?,0,sinhala
උංගෙ මර්ධනය කරගෙන ඉන්ට කියපිය ඉස්සෙල්ලා,0,sinhala
"- ඔයාගෙ ඇස් දෙකටයි, හදවතටයි මම පිස්සු වැටිලා ඉන්නේ නංගියෝ - තමුසෙ අවයව ජාවාරම් කාරයෙක්ද ?",1,sinhala
"ඉස්සර මොකක් හරි දෙයක් උන ගමන් රෙද්ද උස්සන් යන අමිත් වීරසිංහලා,අර පියසාද් කියන පිස්සා,අයේ අර මැදමුලන හාමුදුරුවෝ සෙට් එක කතාවක් වත් නැ!! (හාමුදුරුවන්ට පිස්සා කිව්වේ නැත)",1,sinhala
කියන දෙයක් සිංහලෙන් කියඔඅං අයිසෙ තේරෙන්න..,0,sinhala
මෙන්න මේ ආර්ථික ඔස්තාර්ලට රට බාරදීල මුදල් ඇමති ඇමරිකාවට ගියොත් හොදයි. facebook.com Aluth Parlimenthuwa-අලුත් පාර්ලිමේන්තුව - අම්මේ ඒ කතාවල ලස්සන |... අම්මේ ඒ කතාවල ලස්සන... දැන් ඩොලර් එකක් රුපියල් 202යි..මාර වැඩේ ලංකාවට උනේ,0,sinhala
ඕවා අමතක වෙලා දැන්. ආයෙත් මතක් කරන්න වෙලා..,0,sinhala
අනික ගෑණි ඉන්නෙ මංගල ඇඳුමෙන්. කෝමද උදේ ඉදලා වෙඩිමේ ඉදලා රෑට එහෙම සැට් වෙනකොට.,0,sinhala
මට ඕන දෙයක් උනාවෙ මම යනවා යන්න ලුණාවේ.. මගෙ ආදර පෙම් කතාවෙ මේ කමලා තමයි ලතාවේ... ඇගෙ හිස පීරන රතු නයිලොන් පනාවේ තඩි උකුණො හිටියෙ ඇයිදෝ හත්වලාමේ..,0,sinhala
එතකොට අනියම් සබඳතාව පවත්වාගෙන යන ගෑණි කොහොමද කරන්න ඕනි?,0,sinhala
"ඔව්,නැත්නම් දහසකුත් කතා අහන්න ඕනෙ.ගත්ත බඩුව විකුණන්න හිතෙනව",0,sinhala
ඇත්තම තියනවානම් කරගත්තේ ඉල්ලන් කෑම. ඊශ්වර දෙවියන් වෙන්න ඇති දැන් දිනල තියෙන්නේ. දැන් එකවරම කොරෝනා අතුරු දහක් වෙයි.,0,sinhala
උබව හම්බෙන්න කලින් තාත්තද ප්‍රෙග්නට් උනේ .ඈ බන් ඒකට ඊයා කියන්නෙ හරකා.මගෙන් අහගන්නෙපා මල්ලි ඈ Haripriya de silvaa · 30 Mar 2019 ඊයා හොදේ...,1,sinhala
එතකොට ඩී.එස්. ඩඩ්ලි. ආර්. පේමදාස බංඩාරනායක . හොරගොල්ල සමාධිය. ඇන්.ඇම්. මෙකෟ නොකෟ පිලිම සහ ස්මාරක හැදුනේ කොහොමද? ඒ අයගෙ දූල පුතාලද? පොංසේකා ගැන ජනතාව දන්නව වෛරය පමනයි දන්නෙ.මේ මඩ නවත්තල දැම්මොත් කාටත් හොදයි.,0,sinhala
අනිවා...ඒකි තවම පාරමිතා සම්පුර්ණ කරනවා වගේ බම්..කමක් නැ එතකං ඉන්නවා..,0,sinhala
එක බෝඩිමේ ඇදේ හිටපු යාලුව මහා කලු ඩෝසරයක් දාගෙන උන්නා.ඒ දෙන්නා යාලුවෙලා කොල්ලා කෙල්ලට බනිනවා කුනුහබ්බෙන්. කෙල්ල මට කතා කලා ශොපින් යන්න.මම ශොපින් ගියා. ඉන් පස්සේ එක කාමරේ එක ඇදේ ඉන්නවා..කතා බහක් නැහැ..ඌ මාත් එක්ක තරහයි. මට කියන්නත් හිතුනා..යකෝ මම කිම්බ කඩන් කෑවෙ නැහැ කියලා #මතක,1,sinhala
අඩුම තරමේ සතියට දිස්ත්‍රික්ක දෙක ගානේ හරි වැහුව නම් යම්තාක් දුරට මෙරට බේරිලා. අපෙ පවට මෙ වගෙ අදුරදර්ශී පාලකයන් පත් උනා අප්‍ර්ම මොඩ කමින්.. අපි දැන් එ පව් ගෙවනවා.,0,sinhala
දිව්‍යපුත්‍රයට පුක දුන්න කියල තොට රත්තරන් රෙන්ඩ බෑ.. ආං ඒක මතකතියාගෙන දීපං හරී..,1,sinhala
ලැජ්ජ වෙයල්ලා බන් මේවා නිව්ස්ද,0,sinhala
"එතන හිටපු අං-ටියෙක් ""අනේ ගැණු අපි දන්න පොලිටික්"" කියා කියද්දී , මගෙත් තාත්තිගේත් කට අරින්නට පෙර අම්මා හෙන අහිංසක විදිහට ""දේශපාලනේ දැනගන්න /කරන්න ,ගැහැණු පිරිමි භේදයක් ඕනේ නං සිරිමා තවමත් කුස්සියේ"" කියල කිව්වේ නැද්ද .",0,sinhala
අපේ අය බල්ලන්ට පන වගේ ආදරේලු. නිකන් අහන්කෝ ඒ එක්කෙනෙක්ගෙන් වල් බල්ලෙක් ඉන්නවා හදනවද කියලා? ඊයා පිස්සුද අනේ. උන්ව හදලා වැඩක් තියේද තමා ans එක,0,sinhala
"මොන රෙද්දෙටද බොල අපි ඔය knee එකක් කරන්නෙ කලින් skipper මැතිව්ස් Tamil Catholic තව මහරුෆ්, රසල් ආනල්ඩ් මුස්ලිම් වුණා කියලා ටීම් එකට එන්න ඕනෙද දක්ෂ නැත්තම් ¸,ø¤º°`°º¤ø,¸ 𝐹𝒶t 𝒮𝒶𝓃𝒶 · 30 Oct 2021 Actually the Truth is..... ""We are a Racist Country.. so we cant take Knee against us..."" also we dont give any chances to other religious guys to play in the team. as well.. #SriLanka #SLvSA twitter.com/Anjana_CT/stat…",1,sinhala
නොහුකා හිටහං තෝ දන්න පක.,1,sinhala
කැරි පොන්න අම්මයර් out එක දුන්නා එක out නෑ හුත්තෝ කැරි indian පොන්නයන්ට අත දෙන කැරියෙක් පොන්නයා,1,sinhala
මුහුදු මහා විහාරය ගැන ඉරාජ් කරපු vlog එකේ අර හාමුදුරුවන්ඟෙ තට්ටෙ පලන්න ඔට්ටු වුන එකාවයි පොලු අරන් මග රැකපු උන් ටිකගෙයි බිජ්ජ කපල උන්ඟෙ ගෙවල් ඉස්සර එල්ලුවා නම් හරි.. උන්ඟෙ ජාතක වෙන උන්ටත් ඔය ලෙඩේම තමා නැත්තන්..,1,sinhala
පිස්සා මූ පිස්සා මූ පිස්සු පූසා මූ [VIDEO]: URL via,0,sinhala
අනේ ....එපා පැත්තපලාතක එපා එන්න,0,sinhala
බිජ්ජ තමා අපිට කොයින්ද බිජ්ජො කෑලි,1,sinhala
"පොහොර ආනයනය තහනම් කලාමත් බනිනව.. ආයෙ ඒක රිවස් කලාමත් මොනවා හරි කියනව...හිතාගන්න බෑ පිස්සු වගේ නිකං කේෂර® · 4 Aug 2021 හොඳම විහිළුකාරයා වෙන්න ගෝටාභය 'ස'ට හොඳ තරඟයක් දෙන්න නේද යන්නේ? හැබැයි ඒකනම් අමාරුවෙයි, අන්න රසායනික පොහොර ගැසට් එකත් රිවර්ස් කරලලු.",0,sinhala
මගෙ බල්ලවත් යන්නෑ අයියෙ ඕවට මෝඩ හැත්ත,1,sinhala
"දියවන්නාවෙ කාලකණ්ණි ටික මරල දාන්නම ඕන , පොන්න රනිල, හොර මහින්ද ඕකුන්ගෙ හෙන්චයියන් ඔක්කොම මරල දාල උන්ගෙ ගෑනුටික ගණිකා සේවයේ දාන්න ඕන",1,sinhala
ඇයි කථානයකයො තොට ඕකට මේ ලග දිනයක් දෙන්න තිබ්බෙ නැද්ද.. කට්ටිය ශේප් වෙනකන්ද ලබන මාසේට දැම්මේ.. ගොං හැලපයා,1,sinhala
ඒඉ වරෙං යන්න ආං ඵුකක් නානවා.. අපි ගිහිං වැටෙමු.. . තෝ පල.. අපි එන්නෙ ඊළඟ එකට.. . අර පුක්ලෝලි හූන සහ යාළුවො ..,1,sinhala
"කෙල්ලනේ, නිදියන්න කලින් මේක දාල යන්නම් ඔය බබා උක්කුංලගෙන් ප්‍රවේසම්වෙයන් කැරියො ගොඩක්වෙලාවට මම කැරියෙක් කියන එක තේරෙන විදියට ඉන්නෙ. උන්එක්ක කතාකරද්දිම උඹ දන්නව ඌ කැරියෙක් කියල බබා උක්කුංල ඉන්නෙ මල් වගේ, උඹ කැමතිම පාටවලින්, උඹ අතදික්කරනකම්. ඌ උඹට බබා හුක්කුං කරල යනකම් උඹ දන්නෑ.",1,sinhala
කුලේ නැති අඩුව දැනුනා. :/ දිලී චන්දි ගහපු ගොන් ශොට් දෙකේ වැරද්ද අපිව කෑව.. පෙරේර ලස්සනට බෝල් කරල අන්තිමට දාපු... URL,0,sinhala
. ස . . .,0,sinhala
එතකොට අනන්‍යතාව වෙනස් වෙන විදිහට MAKE-UP කරන්න පුලුවන්ද?,0,sinhala
අපේ උත්සව දැන් ඔහොම ලොකුවට ගත්තට කමක් නැද්ද?,0,sinhala
"අඩො මම හිතුවේ Zoom කියන්නෙ විශාලනය කරනවට කියලා සුබෝ · 8 May 2021 සර්ලට අනුව ""Zoom"" කියන්නනේ තාක්ෂණයක් මටනම් ""Zoom"" කියන්නේ Software එකක්",0,sinhala
වහල තියෙන්නෙ නිලාවේලි පරවි දූපත නේද? මේ තියෙන්නෙ මාතර පරවි දූපත.,0,sinhala
අස්ගිරි පාර්ශ්වයට අයත් රංගිරි දඹුලු විහාරය රජයට පවරා ගැනීමේ සූදානමක් ? #rumors ආණ්ඩුව පට්ට විදියට බය වෙලා ඒ පාර.,0,sinhala
පිටකොටුවෙ මාලු වේසි ඉන්නෙ ඔයාගෙ ගෙදර.,1,sinhala
අනිත් පක්ශවල අය සෙනග ඇද්දෙ විල්බැරො එකෙන්ද ගොන් ලබ්බො.විවේචනය කරනවනම් සේරම කරපන්.කඩේ පලයන් අවුලක් නෑ හැබැයි ලොවින්න එපා,1,sinhala
"ඈ පකෝ, සිකුරාදා රෑ කතා කලාම උඹම නේද දෙකට දෙවාරනේ හිටියේ...? මූ බලහංකෝ",1,sinhala
මට අනූව මෝඩ ප්‍රශ්ණ වර්ග 3කි. . මෝඩ ප්‍රශ්ණ .අමු මෝඩ ප්‍රශ්ණ .හුරතල් මෝඩ ප්‍රශ්ණ,0,sinhala
පට්ට බැල්ලි ඕකි,1,sinhala
"දහ ජරා සාකච්චා එක්ක වීඩියෝ ප්‍රසිද්ධ කරලා පහත්, පොන්න නුගත් සතුටක් මෙයා වින්දා ඒ වගේම කට්ටිය එක්ක. ...දැන් මේ එලියට බැස්සේත් ඒ ලෙවල් එකේම ප්‍රසිද්ධිය සදහා තමයි...මේවා ප්ලැන් කරපු වැඩ",1,sinhala
‘පාගමන් පකීර්‘ කු.පා.ම. පර්සිගේ පාගමන ගොන් පාර්ට් කළේ ඔවුන් විසින් ම මිස අන් කවරෙකුත් විසින් නොවේ #lka... URL,0,sinhala
පරාක්‍රමබාහු කොළඹ ඇවිල්ලලු..නොදකින් එකෙක් නෑනේ රාවණා වෙලා එන..තිරේට ලුණු ඇබුල් එක්කම කියන්න තිබ්බා,0,sinhala
බලමු ඉදිරියට !! හයිබ්‍රිඩ් කාරයට සහ කොළඹ සුපිරි නිවස වෙනුවෙන් වෘත්තීය සමිති පාවාදුන් රනිල්ගේ හුජ්ජ කොල්ලා URL,1,sinhala
රට ඉදන් අරුන් හෙන ගේමක් ගහල මේ රට unstable කරොත් එදාට ඔයා දැන් මේ කරන සක්කිලි වැඩේට පව් පල දෙන්නේ උඩ ඉදන් කුණු වෙලා...,1,sinhala
නං ගොඩ වගේ,0,sinhala
දෙවියනේ... මම දිහා බලන් ඉන්න උන් මට පිස්සු කියල හිතනවද දන්නැ. ඇයි යකෝ බලුවොත් 4න්1ක දිහා බලන් හිනාවෙනවා. බැලුවොත් උඩටයි පල්ලෙහටයි අදිනව..,0,sinhala
ඔය පටිටමිවලින් වැඩක් නැහැ. ජනතාව පෝලිමිවල දුක් විඳින කොට ඔබතුමාගේ හදවත කකියන්නේ නැද්ද. අපට නම් හරිම දුකයි අසරණයින්ට දෙන පීඩාවට.,0,sinhala
"බබා, පැටියො, ඩාලින් මොකටද ""කප්කේක්"" තියෙන්නෙ!!",0,sinhala
හොරකන් නවත්තන්න බැරිකමට ෆුල්ෆේස් තහනම් කරනවා වගේ. යකෝ ස්ත්‍රී දුෂණ නැතිකරන්න බිජ්ජ කපන්නත් කියයිද ? 【#Dc_කළු.】,1,sinhala
මට ඉසුරුවව මැවිල පේනවා බලන්න හෝම්ස් අර රතු බඩා බොන්නෙත් නැතුව බයිට් කන කැත විතරක්...,0,sinhala
සබ් බැරිනං මොක ගැහුවත් පුක පුකමයි නංගී,1,sinhala
"""ස්වාධීන"" මැතිවරණ කොමිසමේ සාමාජිකයක රත්නජීවන් හූල් මහා මැතිවරණය ට එරෙහිව උසාවි යාමෙන්ම කොමිසමේ ""ස්වාධීන"" රෙද්ද ගැලවේ! #lka #Hope4SL",1,sinhala
තෙරුවන් සරණයි සියලු දෙනාට... ආරකෂා⁣වෙිවා හැමොම,0,sinhala
වොයිස් ටීන් එකේ සමීනා නංගියි ශෙහාර මල්ලී සඳ මිතුරි සින්දුව කියනවා..පට්ට,0,sinhala
කෑල්ල ලොකු කරන් යාලුවන්ට අරින එකෙක් උබලගේ සෙට් එකෙත් ඉන්නවද මොන ජීවිතද බං මේවා,1,sinhala
මුලු හත්මුතු පරම්පරාවයි අහල පහල ඈයොයි පාරෙදි හම්බෙන් එව්වොයි බස් එකේ යද්දි මුන ගැහෙන එව්වොයි මුලු හැත්ත බුරුත්තම instagram ඉන්නවා කියහන්කෝ.,1,sinhala
යෝෂිත එක්ක පොටෝ එකේ ඉන්න පොඩි එකාගෙ පයිය බලන්නකො ලොකු ..පොඩියට හිටියට දාර පයියක් වගේ නේද.. ගලක් කපන්න කියාපු මල්ලියා,1,sinhala
"පලවෙනි බැච් ට්‍රිප් එක යන්න ඕගනයිස් කෙරුව දවසෙ ඉඳන් එකෙක් හෙන ටෝක්ස්. ""හම්මට බොනව යකෝ කරටි කැඩෙන්න. අඩො මාත් එක්ක ඔය එකෙක්ටවත් බොන්න බෑ. බ්ලා බ්ලා..."" ට්‍රිප් එක යන්න අරන් පැය බාගෙන් මූ කබා දානව. ඇහුවා මොකෝ සීන් එක. එකෙක් කිව්වා ""මූ redbull එකෙන් උගුරු දෙකයි බිව්වෙ කබරයා දානවා""",0,sinhala
"Wedding එක කැන්සල් බන්,ඒකි පිට යනවා.. තූ... පෙබරවාරි 30හ wedding එක ගන්න හිතන් හිටියේ.. කරුමේ..",1,sinhala
මුඩුක්කු සක්කිලි උනාම සක්කිලි කතා නොකියා හොද කතා කියන්නද බන් නෑ නෑ නෑ.,1,sinhala
Sharia law තියන රටවල් වලින්? පිස්සු ද මනුස්සයෝ? #SriLanka #Politics #Hypocrisy EconomyNext · 8 Apr 2021 #SriLanka seeks Middle East funds to beef up #BOP #lka URL,0,sinhala
තමුසෙ මාව දාලාගිය දා ඉදලා මම අසික්කිතයි,1,sinhala
තෝ බැලුවද හුත්තෝ පොන්නයා කවුද කියලා.. චීත්ත වැඩ කරන්නැතුව පලයං පකයො... Bathiya weerasekara · 27 Jan 2020 පොන්නයා කවුද කියන එකනම් අපිටත් හොඳට පේනවා.. twitter.com/NiMsArA_/statu…,1,sinhala
අනේ පලයන් නිකං බොරු නොකියා... (බදුරලියේ ගිය එකාට කියන්නෙ...),1,sinhala
සක්කිලි කතා කියන්න එපා මිනිහෛා්,1,sinhala
"බැද්දගේගෙ පක දන්සැලක්, කට පන්සලක් කියල ඔයා දන්නැද්ද සංසර්ගන් ? නැත්තං ඔයා දැනගෙන නොදන්නව වගේ රඟපානවද ??",1,sinhala
", Indrajith මං උබට කිව්වා... ගල් මුසලයා. මැරියන් තෝ",1,sinhala
පොන්නයො ඇමතිවරු උනාම මේ වගේ කතා අහන්න වෙන බව රටේ උං දැන්වත් තේරුම්ගන්නෝන. ඇමතිවරුන්ගෙ ළමයි පාසලට එවුවනම් අනිත් අයත් ළමයි එවයි. උංගෙ ළමයි විතරද ළමයි.,1,sinhala
”ස්කර්ට් එක හෙමීට උස්සන්න කෙල්ලෙ” පියුමි කාමුක හිනාවක් දාලා හෙමිහිට ස්කර්ට් එක උඩට ඉස්සුව. ජංගිය පේන්න ගත්ත ගමන් මගේ පයිය නළියන්න ගත්තා. පියුමිගෙ කිම්බ පොඩි බනිස් ගෙඩියක් වගේ >>URL,1,sinhala
ඩේටා නැති ෆෝන් එකක් කියන්නෙ අම්ම නැති ගෙදරක් වගේ,0,sinhala
ටසිකෙ! අම්ම ඉස්කෝලෙ යනවනං බොලා මොට්ටසොරිද,0,sinhala
මූ යකෝ тнαяιη∂υ ツ · 19 Apr 2017 අනිත් ටික හැකියාව මත තමා. ටිකක් මැසේජ් කරලා කියනවා. මගේ Twitter වල DM කරද්දි Stuck වෙනවා. Whatsapp නැද්ද කියලා. පස්සෙ නම්බරේ දෙනවා ඒකිම,0,sinhala
ඇෆ්ගො අපිත් එක්ක විතරයි අමාරු උනේ. අනිත් මැච් ටිකම ලගටම ආව.. අඩේ.. සිරාවටම ටෙස්ට් වරම් ලැබෙන් ඕන,0,sinhala
අනේ මෑටි මෝලෝ. හාමුදුරුවෝ කියලා තියන්නේ මාරාන්තික උපවාසය කියලානේ කබරයත් තලගොයා කරන්න එපා මෝඩ චූන් ගන්න ජීවනී බිබී චූන් එකේ උපවාස කරන එකත් කජ්ජක්ද?,1,sinhala
බිජ්ජෝ තොට දෙන්න මගෙ ලග empty bottle එකකුත් තියාගන ඉන්නේ .,1,sinhala
", කොයි පව්ලක් ගැනද උඹ මේ කිය්වන්නෙ?",0,sinhala
අනේ නිකම් පලයන්.. මන් ඒත් හිතුව මුන්ට කොයින්ද මිනිස්සු ගැන මෙහෙම කරුණාවක් පාත් උනේ කියල ඊට වඩා හොඳ ලෝන් එකක් අරන් ඔන්ලයින් දාගන්නවා,0,sinhala
අනේ පලයන් හිකනලා යන්න... රෙද්දේ පරිසර පොලීසිය,1,sinhala
කුණුහරපමයි කටට එනේනේ The following media includes potentially sensitive content. Change settings View,0,sinhala
හොයා ලෑන්ඩ්ලෝඩ්ට සාප කර කර මුළු කොලණියෙම ඇවිද්දා. පස්සෙ ආරංචි වුණා ජින්ජර් පාරෙ වාහනේකට හැප්පිලා කියලා. ලෑන්ඩ්ලෝඩ්ගෙ අපල ජින්ජර් පූසා පිටින් ගියා කියල කලීඩ් ලෑන්ඩ්ලෝඩ්ට සාප කරමින් හිටියා සෑහෙන කාලයක්. කොහේ හරි පින්තූරෙකුත් තිබ්බා පූස් මඟුලෙ. ඒක හොයලා පෝස්ට් කරන්නම්•,0,sinhala
<fg=b0bf00ff>ගෑණි :- අනේ බලන්නකෝ අපේ පුතා අද මට බැල්ලි කියල කිව්වනේ <fg=b06f00ff>මිනිහා :- ආ..ඔයා ඒක ගණන් ගන්න... URL,1,sinhala
"මතකද O/L මුල් දවසෙ එක්සෑම් හෝල් එකට යන්න යද්දි ඔයා දුවගන ඇවිත් අතේ ගුලි කරල ගිය නිල් පෑන -හොදට ලියන්න, ඊ හුරතල් මූන මතක් කර කර පේපරේ ලියන්න පටන් ගත්ත පෑන ලියවෙන්නෙ නෑ.පෑන දිහා බැලුව..තීන්ත බිංදුවක් වත් නෑ සැකේට පිටිපස්ස බලද්දි ඔයා කටට අත තියාගන හොදට හිනා වෙනව #සුජීවගෙපෑනෙන්",0,sinhala
ඔය කරුම ටික මටත් අඩුවක් නැතිවම හැදිලා..,0,sinhala
සිකේ උඹේ කෑල්ල උඹ තියාගනින්,1,sinhala
"තාමත් පාසල් පටන් ගන්නෙත් නැතිව, නොවැම්බර් මාසෙට අදාලා දීමනාව ඔක්තෝබර් මාසේම ගෙවුවේ කුමණ පදනමක් යටතේද?",0,sinhala
රට හරි අතට හරි සතුටුයි,0,sinhala
ඝන කැලෑවල් මැද්දේ හදල තියෙන ඔබ හිතන්නේවත් නැති ගෙවල් මෙන්න ලෝකෙ විවිධ මිනිසුන් විවිධ පිස්සු වැඩ කරනව.ඒ පීසු සමහර... URL,0,sinhala
අරුට නඩු දැම්මේ නෑ විතරයි මේ පොලිස් කාරයා හොඳ නෑ.. අනේ බං අංකල්.. සමාජය හදන්න එන තෝ අර පත්තර කාරයංගේ සල්ලි පිල්ලී ගැහුවේ ඇයි කියපංකෝ..,1,sinhala
"ජෙහාන්: අයිසේ බුරැවො, ගල්කිස්සෙ වැලි, ඒක එතන දැම්මෙ ප්ලෑන් කරලා. එහෙම කලාම වැලි ටික මුහුදෙන් ගෙනහින් දෙහිවල වැල්ලවත්තෙ ඔටෝ තැන්පත් වෙන්න. ප්‍රියන්ත: ඉතිං අයියේ වැලි ටිපරෙ එක සැරේම වැල්ලවත්තෙන් බෑවනං ඉවරයිනෙ. මේ හතරදිග්බාගෙ රෝන්දෙ යන්නැතිව. ජෙහාන්: යකෝ තොට මම.... #Koombiyo",1,sinhala
බිජ්ජ හැලිලා .. පැල්මක් ආවානම් ඔන්ලි ෆෑන් එකක් හදන් සල්ලි හොයන්න තිබ්බා නෙහ් Amila Chathuranga · 25 May 2021 හොඳ මිතුරියක් කතා කලා. විස්තර කතාකරමින් ඉදලා මේ දවස්වල මොකො කරන්නේ ඇහුවා. මම උයපු හදපු කෑම බීම ජාති කිව්වා. බැඳලත් නැති එකෙ ඔච්චර උයන්න යන්න එපා තෝ ගෑනියෙක් වෙයි කියලා එයා කිව්ව. ඒක ඇහු වෙලේ ඉදන් ඇග බිජ්ජට තියෙන සම්බන්ධය අඩුවෙනව වගෙ. මේ කොරෝනස්සෙ ඒකත් හැලිල යයිද මන්දා,1,sinhala
අනේ බිජ්ජො තෝ දන්න ඇටයක් නෑ,1,sinhala
", කොච්චර නාකි උනත් රාජපක්ෂල කොන්ද කෙලින් තියාගෙන ඇවිදින්න පුලුවන් මේවගේ සෙප්පඩයින්ට ඒකවත් බෑ... පේන්නෙ නැද්ද යන කැත ....",1,sinhala
ආදරණීය යමු! තොපි කොළඹ 7 පොෂ් පැලැන්තිය බව සැබෑය රට ගැන කැක්කුමක් නැති බව හැබෑය රටට කෙලවෙනා විටදි තොපි ලොවෙත් නැති... URL,0,sinhala
මට හිතාගන්න බැරි ලංකාවේ මොකෙක් හරි එකියක් ජනප්‍රිය උන ගමන් ඒකි වගේම කෙල්ලෙක් ඉන්න ජිංකි චිකා එකක් ලීක් වෙන්නේ කොහොමද කියලා #දැවෙනපස්න,0,sinhala
නිළමෙලට ලෝක වාර්තා තියන්න රෙද්ද උස්සන්න ළමයි දීපු අම්මලා තාත්තලා ඉන්නවා නේද? ඔකුන් තමා ළමයිව ආරච්චිට දීලා සන්තෝසමට රිදී කාසි ගත්තේ. #lka,0,sinhala
මොකද බොල අනො කියන්නේ,0,sinhala
"""මගේ ""කියල කියන්ඩ පුලුවන් ""මට ""විතරයි. අනිත් අයට කියනවනං ඔයා මෙයා තෝ තොපි ආදී වසයෙන් කිව හැක. සිංහල is මා මදර්ටං.",0,sinhala
ඉන්නකො මං ඔහෙ නතර උනාම එලි වෙනකම් ගල් කපනවා තොට,1,sinhala
බොරතෙල් වලින් ගෑස් මිලෙන් ජීවන රටාව තත්වය මනින්න හදන ආකල්පය හරියට කොට ගවුම් මෝස්තර හොයන ගෑනියෙක්ට වේස බඩුව කියලා තුට්ටු දෙකේ වචන පාවිච්චි කරන මිනිහෙක්ට එන ආකල්පයම තමයි.,1,sinhala
මූ හෙන කෑල්ල කියල හිතන් ඉන්නෙ Jerry  · 25 Apr 2018 මම නැත්නම් මෙව්වට එයි මුන්... URL,1,sinhala
සමහර දේවල් SS වෙයි හිතන් කෝල් අරන් කියනවා නේ? පේනව නේ දැන් උඹලව අමාරුවෙ දාන්න මිනිස්සු පුක ඉරාගෙන call උනත් record කරන්න ලෑස්ති බව? රන්ජන්ම විතරක් නෙමේ.,1,sinhala
හැමෝම බලම්නෙ ලයික්ස් අඩු කරන් ට්වීට්ස් වැඩි කරගන්න. මේ ගොනා ඒකෙ අනිත් පැත්ත,1,sinhala
අර කිව්වත් වගේ තොපි වාහන වල කඩ වල ස්ටිකර් ගහනවා දහස් ගනන් අරහත් මාගේ දේශය තුල පහල වේවා කියලා! ඒපාර උන් හෙන ගේමල් දීලා පහල වෙන්න පටන් ගත්තට පස්සේ ඒකටත් තොපි ඒකටත් උන්ට බනිනවා!,1,sinhala
සබ් නෙවෙ ඌ සාප කරනව,0,sinhala
මම එන්නේ ඩුබායි රටේ ඉදලා සල්ලි හොදට හම්බ කරලා හම්බ කරපු සල්ලි ගෑණි ළගයි,0,sinhala
තමුසෙ මහ තිරිසනෙක් ඕයි. මම පාර කපාගෙනම ආවෙ මූට මුගෙ මේ ට්ටිට් එකෙම්ම දමල අරින්න. තමුසෙ මට චාන්ස් නැති කලා,1,sinhala
ලෝකෙ කියන්නෙ දකුණු ආසියාවට නෙවෙයි.. අනික අපේ රටට වැදගත් කෙනෙකුත් නෙවෙයි..පෞර්ෂයක් තිබුනු පුද්ගලයෙතුත් නෙවෙයි..සාමාන්‍ය පුද්ගලයෙක් අසාමන්‍ය මරනයක් එච්චරයි..ඉන්දියන් එව්වො ගඳ සක්කිලි..ඉතිහාසෙ ඉඳන්ම අපේ රටට කොඩිවිනයක්..අපේ සිනමාව විනාශ කෙරුවෙත් ඕකුම්මයි.. මාෂි · 14 Jun 2020 ලෝකේම දන්න මනුස්සයෙක් මැරුනාම ඒ මනුස්සයා ගැන නොදන්නා උනත් RIP කියන අය අතරේ .. මං විතරද එයාව දන්නේ නැත්තේ කියන ඒවාටත් කියනේ #සෝබනමානසිකත්වය තමයි ඉතිං,1,sinhala
ඡන්දයක් කිට්ටු වෙද්දි තමා මුන්ගේ තාත්තාගේ හැමදාම අැස්වල කදුළු පිරෙන්නේ අාප්ප කාලා පනින්න ඉස්සරත් නොකා නොබී අැස්වල කදුරැ බේර බේර අැදට වෙලා හිටියා කියලා මුන්ගේ අමම්මයි මේකියි කිව්වේ... පල පලයන් යන්න...කෙල්ලේ තොපේ මොත්තෙට...මිනිස්සු රැවටුනු කාලේ දැන් ඉවරයි.. neetwit · 2 Feb 2018 ඉතින් අපි මක්කොරන්නද ආප්ප කාලා පැන්න පිම්ම නේ ...නිකන් බොරු නොකියා ඉදිං..... අවුරුදු 3 කින් සිය පවුලම සංවර්ධනය වුන හැටි රටම දැක්කානේ #LKA #sriLanka,1,sinhala
හාල් මැස්සන් බැදුම කටට රහට හදමු ස්වයං රැකියාවක් වශයෙන්ද ආරම්භ කල හැකි කටට රහට සකසාගන්න පුළුවන් ආහාර වට්ටෝරුවක්... URL,0,sinhala
ඔය ඇදුමෙ උඩ කෑල්ල කපන්න අමතක වුණාද .නෑ මේ මම කිව්වෙ වෙනදාට පෙන්නලා දාන තන් දෙක පෙනෙන්න නැති නිසා.,1,sinhala
ඇමෙරිකාවේත් රුපියල් පාවිච්චි කරානම් මේ මුකුත් නෑනේ. රෙද්ද,0,sinhala
සහනාධාර බෙදන පන්සලක් පල්ලියක් ගානේ හිරු එකේ live ඇවිත් පෙන්වනවා. මට හිතේන්නේ මුන් එකෙනුත් කරන්නේ ප්‍රජා සත්කාරයට වඩා මාර්කටින් නොදකින් කොරෝනා එකක් විකුනන් කන හැත්ත,1,sinhala
දැන් කට්ටිය කවදහරි බැදල දරුවෙක් එහෙම හම්බුනාම කවදාවත් උට බූරුව ගොනා වගේ දේවල් කියන්න එපා මොකද ඌ ගොනානම් ඔබ ගොනාගේ ගොන් ෆාදර් ය,0,sinhala
යකෝ හැමදාම නිදිමතයි මටනම්,0,sinhala
අපේ ගෙවල් වලට උඩින් ලස්සන ඇඟ පත තියෙන කෙල්ලෙක් ඉන්නවා. හැබැයි හෙන සයිලන්ට්. ගමේ එකෙක්වත් ඒක ටෝක් කරන්නේ නෑ. ඒකට හේතුව විදියට අපෙ උන් කියනවා ඕක අරන් ගියොත් හති දාලා මැරෙන්න වෙයිලු. කිසිම දායකත්වයක් නැති වෙයිලු.,0,sinhala
අනේ නයිටීඑන් එකේ වට්ටෝරුකිම්බ තමයි. මහින්දගෙ කාලෙ උංට පුක දුන්නා. දැන් මුංට පුක දෙනවා. පුක දීමෙත් සීමාවක් තියෙන්න එපැයි. ඈ මං හාන්නේ. ඔය මිනිස්සු ඔච්චර ආතල් එකේ එන්නේ බොන්න තමයි. ඇයි මීට කලිං එකෙකෞත්තලා... URL,1,sinhala
අර අහවල් එක්කෙනා වගා කරනවද දන්නැ විල්පත්තුවේ,0,sinhala
ඉවසන්ඩ බෑ මේ දූරියන් ගඳ යකෝ.....,0,sinhala
"යමෙක් තමන් දරන මතයට විරුද්ධ මතයක් දැරූ පමණින් ඒ අය ""හරක්"" ලෙස ආමන්ත්‍රණය කිරීම සදාචාරාත්මක නෑ කියලයි මන් හිතන්නේ. ඉස්සරහට යන්න හිතනවානම් සෑම මතයකටම ගරු කරලා සාකච්ඡාවෙන් නිවැරදි තීන්දු වලට එලඹීම තමයි සුදුසුම. නැත්තන් අපිට කලින් පරම්පරාව හිටපු තැනම ඉන්න පුලුවන් ගොනා බූරුවා කිය කිය. ℐ𝓈𝒽𝒶𝓃𝓀𝒶 𝒥𝒶𝓎𝒶𝓈𝒾𝓃ℊ𝒽ℯ · 21 Jul 2021 සමහරු මාර ගේමක් දෙනවා, සජිත් ෆේල් - සර් පාස් කියලා ඔප්පු කරන්න.... ඒ හරක්ට තේරෙන්නේ නෑ අපි ඔක්කොම එක පොකුරට ෆේල් වෙලා ඉන්නේ කියලා",1,sinhala
ඔය best life කියල තියන මගුල් කරන්න ගිහින් life එකේ දැනට තියන best එකත් නැති කර ගන්න තරම් මෝඩ වෙන්න එපා.,0,sinhala
අපේ රටේ ගොන් වේසිගෙ පුතාලට අගේ නැති ලෝකයක් ආදරේ කරන නොම්බරය #99,1,sinhala
"කෑම ඔතපු කොළේ පිඹුරෙක් දැක් ඇති වූ කතා බහක් ඕකට ඊයා කියන්නේ මොකටද. පිඹුරා අප්පිරියා නෑ. මාරම සොෆ්ට් හරියට AC එකේ තිබ්බ වෙල්වට් රෙද්දක් වගේ. ඊයා ජරා ගොඩකම බඩ ගාලා එන එකාව බෙල්ලේ දාගන්න. සෙවල වගේ ඇති ජරාව උන් එහෙම නෑ යකෝ. නැත්තේ මොකද, නයා නම් තව කමක් නෑ කුලේ හරි උසස්",0,sinhala
යකෝ මූ දන්න දේවල්,0,sinhala
ඒකනෙ උන් එහෙම නසරානි කියල අපිත් එහෙම වෙන්න ඕනෙ නැ. ඒත් එහෙම කියක වේස ගෑනි වගේ උනොත් ලංකාවටම අරල යනව. ඕකනෙ අවුල,1,sinhala
මයි ඩියර් youtube බෝයිස්. උඹලගේ චැනල් එක ගොඩ දාන්න අද පට්ට දවස. එහෙමයි කියලා ගොනා වගේ TenSports වල වීඩියෝ උස්සලා දාලා කොපිරයිට් වද්දගෙන හම්බ කරන් කන්න තියෙන චැනල් එක එක කා ගන්න එපා. පොඩ්ඩක් මොලේ කල්පනා කරලා වැඩක් කරපල්ලා. ජය.,1,sinhala
ඉස්සරහට කොහෙද යකෝ බැක් කැම් එන්නෙ,0,sinhala
"සමහර බැදීම් තියනවා කොයිතරම් අමාරු,ගැඹුරු,සංකීර්ණ එකක් උනත් ප්‍රේමය වෙනුවෙන් තම මුළු ජිවිතයම කැපකරන... ඒක නිකන් හරියට, කොයිතරම් කර්කශ උනත් කාන්තාරෙක පතොක් මල් පිපෙනවා වගේ.....",0,sinhala
දැල් ගොනා දැල් ගොනා,0,sinhala
පිස්සු නැතිව ක්ලාස් පලයන් මල්ලිහ්,0,sinhala
අනේ පලයන් සීයේ යන්න,1,sinhala
ආහ් ආවද පොන්න පකයා. අල්ලා??? තොගෙ පයිය අල්ලලා වට කරලා ඇදලා ගහ ගනින් තොගෙ පුකේ.. වනචර බල්ලා,1,sinhala
මේවා කාගෙ එකවුන්ට් එකටද දාන්නෙ,0,sinhala
"ටහුඩු අන්න අතන ගෙයක් තිබිලා, අවුරුදු 3ක් විතර මේ පාරෙ ගිහින් අදයි ඒක දැක්කෙ.",0,sinhala
පුතා කවුද එනීශා කියන්නේ ආහ් අම්මා ඒ ඉසුරුලාගෙ ගෙදර හදන බැල්ලිගෙ නම ආං ඒ බැල්ලිගෙම් මිස්කෝල් එකක් අවා ටහුඩු,0,sinhala
මේකේ රට හදන්න මහන්සි වෙන ගොඩාක් කොල්ලෝ කුරුට්ටෝ තාම උසස්පෙළ ලියලත් නෑ කියහංකෝ.. දන්න ලබ්බක් කරපල්ලා බං. තොපි දන්න දේසපාලනේ #සිතුවිලි,1,sinhala
නොදකින් ! අපි ඔය වයසෙදි ෆාමසි වල !අපිටයි කෙල්ලටයි. බෙහෙත් හොයනවා.. ඒකට දැන් උන් .. මල් පොන්න හැත්ත,1,sinhala
පොරට බැරිද දන්නෙ නෑ අපේ රට සල්ලිවලට අරන් අපිව මේ සාපෙන් මුදවන්න,0,sinhala
අනිවාර්යයෙන්ම ඕකවත් ඇතුලට දාන්න ඕනේ,0,sinhala
තොපි කියන කියන විදියට එන්න මට වෙන වැඩ නෑනේ.. මොන කරුමයක්ද මේක - කර්මය -,1,sinhala
අනේ ඇපල්.. ඔන මෝඩ වැඩද.. පිස්සු ඔය කෝල් එකක් අරං ඉන්ටර්නෙට් ගියාම මදිද.. ඕවට වියදම් කරන සල්ලිවලින් නැති බැරි ලමයෙක්ට උදව් කරන්න බැරිද මන් අහන්නේ .. ප.ලි පාවිච්චි කරපු ඇපල් 6 එකක් කීයක් වගේ වෙයිද බන්!,0,sinhala
හුකහන් පකෝ. තොටත් එක්ක බඩු ගත්තහම ඔච්චර කියලත් ආවෙ නෑ,1,sinhala
ඒකනන් ගල්කෙප්ප .ලංසි බඩුවක් වගෙ කොන්ඩෙත් තඹවෙල හෙන මාන්දමික ලුක් එකක් තියෙන්නේ ..,1,sinhala
බල්ලො ගහන්නෙ නෑ iසේ.. උඹ වගේ වේසියෙක් දාව ජාතක වෙච්ච එකෙක් එක්ක කියවනවට වඩා හොඳයි උඹට උඹේ සබ්ජෙක්ට් එකේ යන්න දෙන එක.. රෙන පුක විකුණන් කාපන්.. අවුලක් නෑ.,1,sinhala
අවුරුදු 23ක ළමයෙක් ජීවිතේ බැලන්ස් කරන විදිහ ගැන ට්වීට් එකක් දැක්කා. අවුරුදු 23දි මම හැම වෙලේම මේක අස්සෙ කාලකණ්ණි වෙන එක නවත්තගන්න ට්‍රයි කරනවා. අහන්න දෙයක් නෑ දැන් මෙහෙම වෙලා තියන එක,0,sinhala
ලස්සන කෙල්ලො ඉන්නෙ (පට්ට කෑලි)? කොළඹ .1% මහනුවර % වෙනත් .9% votes · Final results,0,sinhala
අනේ පලයන් කෙල්ලෙ යන්න,1,sinhala
"BF - ඔයා කැමතිද මාව කසාද බඳින්න GF - ම්ම්...වෙන විදියකට අහන්නකො පැටියෝ BF - එහෙනම් ඔයා කැමතිද මගේ ළමයින්ගෙ අනාගත අම්මා වෙන්න G,F - කැමති පැටියෝ BF - එහෙනම් යමු ගෙදර ළමයි බලාගෙන ඉන්නවා BF - ඉඳකින් බැඳපු මිනිහා මැරියන් තෝ....",1,sinhala
"හුත්තී යම රජතුමා · 22 Nov 2019 පුලුවන් නම් ""හු"" අකුරෙන් පටන් ගන්න කෙල්ලෙක්ගෙ නමක් කියන්න.",1,sinhala
පවු බන් කාගේහරි මෝඩ දරැවෙක් වෙන්න ඇති,1,sinhala
සුදානම් විය යුතුයි . GIF,0,sinhala
", එලියට බැහැලා බලපන් ඩිංගක් මුසලයා ,රටේ ජනාතව කොච්චර ආදරයේන් සලකයිද කියලා උඹට.",1,sinhala
"නැතුව උඹ වගේ එකෙක්ට බයේ නෙවෙයි. පොත් පෙරලන්න, ඉස්කෝලේ යවන්න ඕන නම්, ඒවත් කරමු. උඹට වඩා සෙල්ලම් මම දන්නවා. තොපි හිතං ඉන්නවා වගේ පොතේ ඇලිලා...",0,sinhala
පකිස්තානයෙන් සමාව ඉල්ලනකොට ලංකාවේ ඉන්න පුක දෙන පොන්න හැත්ත මරපු එක සාදාරණීකරණය කරන්ඩ යනවා පොඩි කාලේ මව් කිරි වෙනුවට කොනකපා ශුකාණු උන්ට බොන්ඩ දීලා තියෙන්නෙ ඒකයි එහෙම අවජාතක හැත්ත #දැකලාහිතුනා #JusticeforPriyantha #ShameOnPakistan,1,sinhala
මේවා දකින්නද අයිසෙ අපි ට්විටර් එන්නෙ?? Blood Diamond · 22 May 2018 URL,0,sinhala
මැරිලත් ඉන්න දෙන්නෙ නෑ මේ ගෑනු නම්,1,sinhala
උද්ගෝෂණ කරන්න එන අයට ගහන්න ඕන රටේ මිනිස්සු. ගලකින් හරි ගහල එලවන්න. ගුරුවරු කියන්නේ මොළ මිසක් මැටි හරක් නොවේ. ඉත්තන්ට/ ජෙප්පන්ට අසු නොවී ඉන්න. උද්ගෝෂණයක් දුටුවිට ගලක් ගසා රටේ මිනිසෙක් වන්න. 6 වෙනිදා ගලක් රැගෙන යන්න. පොකුරු හදන රැඩිකල් යක්කු.,0,sinhala
තෝ ඒකත් බැලුවද? වල් පරයා.,1,sinhala
අගමැතියා ඇමෙරිකා ගියා ලෙඩ්ඩු බිම බුදියනවා කියාගෙන කට අරින තොපි වාගෙ නිවට නියාලු බූරූ මොංගලයොම තමා මහ ඉස්පිරිතාලේ... URL,1,sinhala
බෞද්ධ රටක් වු බංග්ලාදේශයට අත්වී ඇති ඉරණම... වැඩිකල් නොගොස් ලංකාවටත් මේ ඉරණම අත්වේ... කාලකණ්ණි දේශපාලනයට කූලල් කාගන්නේ නැතුව එකා මෙන් එක්ව කටයුතු කිරිමට පුරුදු වෙමු...,1,sinhala
"Many are guessing "" කාගේ බලාපොරොත්තුවද ඉටුවන්නේ කියලා""",0,sinhala
අර ගෑනු පරාණ දෙක නෙ.. මන් හිතුවා ගොනා හැරෙන්නේ පොල් පැලේට තමා කියල..,0,sinhala
ඕකේ කියන්නෙ මොකේද බොල ?,0,sinhala
එහෙම තමා ඕයී ලෝකේ නීතිය. සල්ලි වලින් කෙල්ලව වහලා තිබ්බත් ඒකි පොලිසියකට ගිහින් මූ මාව අමාරුවෙ දැම්මා කිව්වොත් මොකද වෙන්නේ ? නරක්වෙලා ගියා කියලා බලෙන් පූජාවල් තියන්න ගියොත් දෙයියොත් අහක බලාවි ඈ,0,sinhala
උපාසකම්මා ඇයට වයස අවුරුදු හැටක් පමන වන්නට ඇත. සිල් රෙද්ද සුලගේ යා නොදී ගුලි කරගත් ඇය බුදුන් වදින්නට වූවාය.... URL,0,sinhala
නෑනට දෙල්ගෙඩියක් කඩා දෙන්න ට්‍රයි කරද්දි දෙල් කොල ගෑවුන ඇඟේ.. අම්බෝ කහනව නෙව පට්ට විදිහට..,0,sinhala
බුදුදුහමට නිග්‍රහ කරන බල්ලා ඇනගනි... මුගෙන් ඉගන ගත්තු උන්ට දෙවිපිහිටයි .. අනේ ඉතින් නව පරපුර ගැන මොන කතාද ? ගෞතම... URL,1,sinhala
චන්ද්‍රිකා බලු වේසි තම වයිරී ගූ හිල නැවත අරී URL via,1,sinhala
රන්ජාගේ කටටිකක් අවුල්තමය් එත් උ කාටවත් දෙකටතුනට නැවෙන්නෙනැති චරිතයක්,0,sinhala
සිලිසෙන කොරන වැඩ වලට පට්ට ජොලි දකුණේ ටෝයියන්ට #SriLanka #srilankan,1,sinhala
නොදකින් අච්චර ලස්සන නම වෙනස් කරලා වෙන රෙද්දක් දා ගත්තා. Kevin අනේ බොල තොට වෙන නමක් තිබ්බෙම නැද්ද?,0,sinhala
පිස්සො කවද්ද තමන්ට පිස්සු කිව්වෙ,0,sinhala
මම නම් එක පූසයි නේ තෝ පූසො ගොඩක් තියාගෙන ඉන්නවා නේ,0,sinhala
මං ඉස්සර හිතාගෙන හිටියෙ මට මැරෙනකංම රෙස්ලින් බලන එක නවත්තන්න අමාරු වෙයි කියල හැබැයි පෙර කල පිනකටව ස' රට බාරගත්ත වගේ TripleH කාරයා CEO වුනෙ,0,sinhala
ඒකිගෙ එක තොට දෙනවට වඩා හොඳයි කිතිකවා ගන්න එක ඒකිම..,1,sinhala
නාකි මැදමුලනයා ඡන්දය ඉල්ලපු අන්තිම ඡන්දය... රටට හොඳ කාලයක් එනවා ඉස්සරහට.,1,sinhala
ඉන්දරජිත් ගොනා . .. . ... . . .. . . .. . . . . . . . . . . . . . . . .. . . . . . . . . මේකත් ෆේවරිට් කලොත් ඔහු ඒ බව පිලිගන්නා ලද්දේය..මෙය ෆේවරිට් නොකලහොත් එවිටද ගොනාම වනසේක,0,sinhala
ෆොටෝ ගානක් ගහලා කැත අඩුම එක තෝරගෙන ඒකත් බ්ලැක් ඇන්ඩ් වයිට් කරලා දැම්මම ඔහොම කියන්නෙපා. දුක හිතෙනවා.,0,sinhala
", කෝ මේ ????",0,sinhala
මදෑ යකෙක් කියල ගෙනාවේ නිව්මෝනියා කාරයෙක්,1,sinhala
මේක වැඩි වෙන්න කලින් මොනවහරි කරන්න වෙනවා,0,sinhala
පොන්ගල සමනලවීර. ඡාතික ශාපී.......... .,1,sinhala
දේශීය මාධ්‍ය ආයතනයක් නේද ඔයාලා? ඇයි ඉන්දියාවෙ වෙච්චි සිද්ධියක් ඉන්දියාවේ වෙලා කියලා සිරස්තලයට නොදා ඔහොම දැම්මෙ රටක් ගැන නොකියා දාන්නෙ සාමාන්‍යයෙන් දේශීය පුවතක් නේද හැමෝම ලිංක් එකට යයි කියලා හිතුවද මහ හරක් ඕයි උඹලා,1,sinhala
"රටක් වටින කෙල්ලො අතරෙ අවජාතක එවුවන්ද සිටී... හැබැයි brand එක ශ්‍රී ලංකන් නම් නෙවෙයි ඕං... ThisuriWanniarachchi · 8 Dec 2019 The fact that most Sri Lankan women who make it in the *Miss/Mrs world pagents happen to be of Burgher heritage speaks volumes of the world's eurocentric accepted standards of beauty. Also, why in 2019 do women have to get up on a stage to literally be judged for their beauty?",1,sinhala
යුද විරුවන්ගෙන් බලෙන් සාක්‍ෂි ගෙන අවජාතක පොලිස් ලොක්කා මේ සැරසෙන්නේ තරු ගහගන්නද.. රට වනසන්නද..? බොරු සාක්ෂි වලට... URL,1,sinhala
ගොවියා මඩ සෝදගන්නෙ රජ කමට වගේ? GIF,0,sinhala
රෙදි හෝදනවා කියලා මෝඩ විදිහට රෙදි හෝදන්නත් එපා.. කැතයි,0,sinhala
පුක ඉරාගෙන මැරෙන්න හදන්න එපා. ඉදිර මාස 4 ට ඕනෑම අකාරයකට රට පාලනය කොට රට ගෙඩ දාන්න 70 ලක්ෂයකට ආසන්න මිනිසුන්ගේ කැමැත්ත ගොඨභයට ලබා දි අවසානයි.එයයි පොදු කැමැත්ත. එක්අන්ත වාදි සුළුජාතික පක්ෂ නායකයෙකුට සුළුජතික ජන්ද ගන්න 60වැඩි ආයතන දී තුබියදි තමුසේ කොහෙද හිටියේ.. Traitor,1,sinhala
ඉල්ලන්න දෙයක් නෑ තෝ පැන පැන දෙනවානෙ,1,sinhala
මොකාට විකට් දුන්නත් tahir කාරයට විකට් දෙන්න එපා යකෝ,0,sinhala
අම්බපාලී ගණිකාව බුදුන් ගේ බණ අසා... සාදු සාදු සාදු.. අර වේසි ගමේම මිනිස්සුන්ට අල්ලගෙන යනව මදිවට ඉස්සරහ ම ඉදං සාදුකාරත් දෙනෝ..,1,sinhala
අර බිනුරයා දාන ගොන් නැටුම් කෑල්ල මොකක්ද,1,sinhala
මංගල අපේක්ෂක වුනොත් අනිවාර්යෙයන්ම අනික් පැත්තේ එකාට ඉවසගන්න බැරි මඩ ලොට් එකක් එන එකනම් සුවර්... ඕකා දේසපාලනේ මඩ වලට කියාපු බඩුව..,0,sinhala
ආ...... වේස වෙලා ඉන්නේ හොදටම,1,sinhala
සිංහයගෙ පුක දිහා බලන උන්ට කොටින්ගෙ පඩ ගඳ දැනෙන්නෙ නැහැලු. ඒ උන්ගෙ ඇස් දෙකේම නහය පිහිටලා තියෙන හින්දලු.,1,sinhala
අඩෙ ප්‍රබාගෙ අවජාතක පුතා -CH4RR1TH · 2 Aug 2020 වයසද පකෝ කිව්වෙ? එහෙනන් ප්‍රබාකරනුත් තොට කලින් නෙ ආවෙ.,1,sinhala
ටොරන්ට් සයිට් එකින් එක මක බෑවිලා යන අතරෙ අද හම්බුනා පට්ට සයිට් එකක්. ශැක් කියලා වැඩක් නෑ. මෙච්චර දවස්ක් හොයා ගන්න... URL,0,sinhala
", චික් බූරු ගොන් කාලකණ්ණි බේබදු කුහක නොසන්ඩාල අපත අමනයා",1,sinhala
තෝ බලපන් තොගෙ අඩු වෙලාද කියල උලමා,1,sinhala
: පුත්තලම යුද හමුදා පුහුණු පාසලේ සිසුවෙකුගේ මළ සිරුරක් මහවැවෙන් ගොඩ ගනී විස්තර මෙතැනින්: URL #adaderana #adaderanasinhala #...,0,sinhala
තෝ මගෙන් උස්සන් දානවා නේ,0,sinhala
කෙල්ලො නලවන්න කියාපු බඩුව ඌ. හැබැයි ඌ දන්නෙ නෑ කෙල්ලො ඒකට කැමති නෑ කියලා. වැදුයන් වැදියන්.,1,sinhala
ගෑණි මාව මරං කනවා ඒ පාර මේවා ඕනේ කියල. මෙච්චර වෙලා ක්‍රීම් බනිස් ඉල්ල ඉල්ල හිටියේ.,0,sinhala
අපිව නිව්ස් වල පෙන්නහන් පීස්,0,sinhala
මෙලෝ රහක් නෑ බං. මොන බිජ්ජකද ඒ. ඊට වඩා හොඳයි උඹ edit කරලා දාන videos.,1,sinhala
ලයික අනාථ බැල්ලියක්. අම්ම තාත්ත කවුද කියල දන්නෙ නැතුව ඇති පොඩි කාලෙ ඉඳන්ම.,0,sinhala
සරත් වීරසේකර බූරුවාගේ බූරු පොලිසිය,1,sinhala
සිංගප්පුරුවෙ එහෙම වුවත් ලංකාවේ එහෙම වෙන්නේ නෑ.....,0,sinhala
ඔය අවජාතක මෑන්ස්ලා තමයි ඔය විදිහට හැසිරෙන්න් ඔය කියලා තියෙන දේ ඔහේට කරලා ඇති මොකද ඔය ගැනම කතා කරන්නෙ ඒ අත්දැකීම ඇති මිනිස්සු ඒකෙන් තොර දෙයක් ලෝකයක් නැති ඔහෙලා වගේ මිනිස්සු ජාතකෙ වැරැද්ද කුණු හරුපු කියාගෙන දහලන්නෙ නපුංසකයො,1,sinhala
සත්‍යයක් ගෙරි නානෝ තොපි නන්. තු...,1,sinhala
"අම්මා කියනව පෝන් ඇප් එකක් තියේලු ප්‍රපෝසල් තියන ටින්ඩර කියල,අල්ලපු ගෙදර කොල්ල බැදල තියෙන්නෙත් ඒකෙන් හොයාගත්ත ගෑනු ලමෙක්ලු, මම ඉතින් දන්නෙ නෑ වගේ පරන ප්‍රොපයිල් එකෙන් ගිහින් බැලුව. ඇත්තනේ යකෝ දැන් ඒකේ කෙල්ලො ඔක්කොම Serious Relationship Only! අපරාදේ ඕයි මංගල කිංකිනි එකට දෙන සල්ලි",0,sinhala
උඹට පිස්සුද ගෑණියේ ඇත්තටම...???,1,sinhala
", ඉතිං යන්කො ඩාලින්",0,sinhala
තෙල් ටැංකි ඉන්දියාව්ට දුන්නනෙ,0,sinhala
ආදරය..... මම පණටත් වැඩිට⁣යෙන් ආදරේයි වස්තුව ....ඔයා නැතිව මට ජීවත් වෙන්න බැ.. ලිංගිකත්වය ... බැයිද තමුසෙට දෙන්න.... එහෙනමි මම වෙන කෙනෙක් ලගට යනවා ... උඹට වෙන මොකෙක් හරි ඇති එකනේ මට නොදෙන්නේ වැලන්ටයින් උඹ පිස්සු යකෙක් බං මෙිවා පෙනුන් නැති . කෝ එතකොට ආදරේ ?,0,sinhala
තොපිව කනෙන් අැදලා එලියට දාන්නෙ බලාගන් කාත්තන්කුඩි. ඔය තරමට අවි තිබුණේ. තොපේ ගැනු රකින්නද,1,sinhala
"අම්මපා, ඔච්චර ඕන නම් පැනලා මැරියල්ලකෝ කාලකන්නි. ඔය එක්නැලිගොඩගේ ගෑණි බත් කන්නේත් NGO සල්ලි වලින්නේ.",1,sinhala
කවුද බොලව් මේ රිතික්ගේ බෙල්ලේ එල්ලිලා ඉන්න මයුරි කෙල්ල හෙන ගහනවා බොල,0,sinhala
මේක දැක්කොත් ගුඩ් නයිට් කියන් පලයන් හුත්තො . . . . .. . .,1,sinhala
"දකුණු පළාතේ නිතර කියන ප්‍රස්ථාව පිරුළක් තියෙනවා.ඒක හුඟක් වෙලාවට කියන්නෙ කිසිම වැඩක් නොකර කම්මැලිකමට පැත්තකට වෙලා ඉන්න අයටයි. එහෙම ඉදගෙන අනුන්ගෙ දේවල්වලට කට දාන අයටයි.මොකක්ද දන්නවද ඒ ප්‍රස්ථාව පිරුළ. ""පයියාගල බල්ලා වගේ ඉන්නවා"" එහෙම නැත්නම් ""පයියාගල බල්ලා වගේ හිටපන්"" කියන එකයි.",0,sinhala
තමා නාකි ගැනියෙකු බැද ගත් බව කියන්නට බැරි 'පිම්පිය'ට .... මේජර් ජෙනරාල් ප්‍රසන්න ද සිල්වා කුමණකාරයෙක් කියන්න... URL,1,sinhala
කොරියාවේ ඉද්දී දවසක් වින්ටර් එකේ සීතල වැඩි කමට කෙල්ලෙක්ට ජැකට් එකක් දුන්නා. පස්සේ තමයි මතක්වුනේ බිමවැටිලා අහුලපු කොලයක් මොකද්ද කියලා බලන්නෙත් නැතුව සාක්කුවට දාගත්තා නේද කියලා. මම එපා කියද්දීම ඒකි සාක්කුව බැලුවා. ඒකෙ ලියලා තිබුනේ පොස්ටිනො 2 කියලා. මගෙ රෙදි ඉල්ලේ #මතක,0,sinhala
"යකෝ...ගොඩක් කට්ටිය මොන ගස්ලබ්බකටද... සමවයසෙ , ලොකු , එක්කෙනෙක් තියල තියන්නම් හොඳේ",0,sinhala
"පේෂල, මුලින් ඇඩ් කියවන්න ගත්තා. දැන් දේසපාලු හැත්ත ගෙන්නන්න ගත්තා. ඔයා අපි Champion Stars Unlimited බලනවට අකමැතිද? Janaka Upendra | ♧♪∞ · 21 Aug 2016 ආසාවෙන් බලපු චැම්පියන් ස්ටාර් එකටත් දේසපාලුවො ගෙනල්ලා.. නොදකින්..",1,sinhala
ඔක්කොම සුරූපිනියොද..? Link එක ඇතුලෙ news එකේ එහෙම කියල නැහැනේ...?,0,sinhala
යට ඇඳුමෙන් නම් ටිකක් අමාරු වෙයි නෙහ්,0,sinhala
"අනේ බාබරයෝ, ඉක්මනට Nimalkaගේ කොන්ඩේ කපහං.. උඹේ සාප්පුවේ දාලා තියෙන මේ ආදරයයි ඇහෙන කොට වමනෙට එනවා යකෝ — feeling... URL",1,sinhala
ඇවිදගන්ඩ පනත් නෑ තවත් රට හදනව...අපේ හාමුදුරුවනේ කියල ඇරපු රට,0,sinhala
"වටේ ඉන්න තක්කඩි, හොරු සහ වහල් ගොන් හැත්ත වෙනස් කරන්නේ නැතුව බුදු හාමුදුරුවෝ ඔතන වාඩි උනත් වෙන්නේ ඕක තමයි. ꒒ꂦꁅꍏꈤ 🜲 · 9 Sep 2020 ස' තවත් ගනයේ jokes එකක් වෙන්න වැඩි කාලයක් යන එකක් නෑ වගේ මේ වැඩ වෙන විදියට.",1,sinhala
පුක නොදී පලයන් හුත්තෝ D A N I E · 20 Nov 2020 උදේ පාන්දර TL එකේ තියෙන්නේ නර්ස් නෝනගේ Tweet විතරයි. එයාට බි යු ටි ෆු ල් දැකලා දැකලා එපා වෙලා ඇත්තේ,1,sinhala
අම්මා එහෙම කිව්වොත් අහන්න නාකි වෙලාද මං කොල්ලෙක් හොයාගන්නෙ කියලා?මුහුදෙ මාළු ගොඩක් හිටියට හුගක් අය මුහුදු යනවනෙ,0,sinhala
තෝ සදාකාලිකව තනිකඩ වෙයන් හරකා,1,sinhala
අපේ ක්‍රිකට් ටීම් එකෙ ඉන්න කාලකණ්ණි ටික දෙවෙනි වෙන්නෙ අපෙ දේසපාලන කාලකණ්ණි ටිකට විතරයි. පොඩි පොඩි වෙනස්කම් තිබ්බට අන්තිමට දෙගොල්ලගෙම කාලකණ්ණිම වැදෙන්නෙ අපිට!,1,sinhala
"""මගේ මිනිහට දැන් spa යන්න ඕන නෑ"" කියල බෝඩ් එකක් උස්සන් යන කෙල්ලගෙ කොල්ලට දැන් කී දෙනෙක් පොන්නයා කිව්වද? හොඳ වැඩේ බූරුවට... අර බෝඩ් කෑල්ල විසි කරල දාන්න කොන්ද පණ නැති උනානෙ.",1,sinhala
Social media block කරල අන්තිමට ඒ පිහිටම පතන්න උන හැට්....,0,sinhala
උඹ පලයන් මං එන්නම්,0,sinhala
", අම්මෝහ් තෝ අපෙ ගෙදරත් ආවා",0,sinhala
ඉතින් උඹට පුකද? මම නෙ කිව්වෙ. සො උඹ කව්ද මගෙ අයිසේ වැඩක් බලාගනිම් පොන්න ආතල් දෙන්නෙ නැතුව. කෙල්ලො මැද්දෙ. මොකෙක්ද මූ,1,sinhala
අම්පයර්ලගෙ වැරදිත් එක්කම ෆීල්ඩිනුත් සැට් වෙලා පට්ට එකටම තිබ්බ..,0,sinhala
වයි පයිය තමා ඉතිං ...,1,sinhala
වාරාය සහ නාවුක කියන වචන වල තේරුම නොදන්න කාලකණ්ණි තුප්පහි සක්කිලි හිපාටුවෙක් ඇමති වුණාම ඒකාගේ යටතේ වැඩ වෙන්නෙ මෙහෙම තමයි ...,1,sinhala
නමුත් මැති ඇමතිවරු යෙහෙන් වැජබෙත්.....,0,sinhala
අර එක තාත්තට ගෑනූ 10 විතර try කරන කතාවෙ හදිසියේවත් අම්ම කෙනෙක්ගෙ පැත්තෙන් හැදුවොත් මෙවුන් කොහොම කතා හදයිද නේ?,0,sinhala
"යකෝ මේ ට්විටර් එකේ ෆලෝ කරල, තව මූනට හම්බඋනාම හොඳට කතාබහකරල ඉන්න සමහර උන්ටත් මාත්එක්ක පුදුම ඇරියස් එකක්නෙ තියෙන්නෙ. ඔච්චර ඇරියස් තියෙනව නම් මොන ලබ්බකට මාව ෆලෝ කරනවද මන්ද. පිස්සු යක්කු",1,sinhala
යකෝ බලාගෙන යනකොට මේක පිටිපස්සේ ඉන්නේ යේ සිරිකොතේ නායකයාද කියලාත් රටේ ජනතාවට හෙට අනිද්දා වෙනකොට හිතුනොත් එකේ වරදක් නැති වෙයි. දැන් අහුවෙන / උදවු දීපු උන් ඔක්කොම ඉන්නේ ත් වැඩිය UNP එකේනේ #srilanka,0,sinhala
දරු කමට උනත් බං...... උඹ පව්.,0,sinhala
මුන්ට මොනා වෙලාද ගත්ත ඒවාට මොකද වෙන්නේ .යකෝ මේක තේරෙන්න ඉතින් ජනාධිපතිවරණය එනකම් හිටියා නේ.,0,sinhala
පන පිටින් පිච්චිල මැරෙනකම් බලන් හිටපු උන්ගෙන් මොකට මතය අහනවද මන්දා..,0,sinhala
"උඹ, ලෝකෙට රස්තියාදුකාරයෙක් ද, කුඩුකාරයෙක් ද, ත්‍රීවීල්කාරයෙක් ද, පොලිස්කාරයෙක් ද, සල්ලාලයෙක් ද, මහ ලොකු මොළකාරයෙක් ද, නහරකාරයෙක් ද , දොස්තරයෙක් ද, ඉංජෙක් ද , නඩුකාරයෙක් ද , බේබද්දෙක් ද , මොකෙක් ද කියන එක අදාළම නැහැ.... මගේ හිතට වැදුණනනම් එතැන ඉඳල ""උඹ"" මට “මගේ එකෙක්”",0,sinhala
අනේ මංදා නුඹනම් සුබ උදෑසනක් ඇයි බොල බීඩි ගහන්නෙ,0,sinhala
මා නොදකින් ඒ පුරසද ඔබට හැකිය දකින්න...,0,sinhala
ඒ පාර සුමනපාල. කෝ යකෝ එතකොට සිරිපාලට මොකද වුනේ?? #bot,0,sinhala
හංදි ගානෙ ගිහින් තිසර පට විකුනපං ගොන් හරකා,1,sinhala
මේකප් දැම්මා කියලා උපන් කැත යවන්න බෑ බන්,1,sinhala
මොකෙක් හරි එකෙක් හොදට කරාම -අඩෝ අපේ ඉස්කෝලේ කොල්ලෙක් ඒ ඈ - අඩෝ ඌ අපේ ගමේ ඈ - අඩො ඩයල් එක අපේ පලාතෙ හුත්තො - ශ්‍රීලාංකිකයි හදවතින්ම - ආසියාවේ අපේ බලාපොරොත්තුව - පෘතුවියටනේ හුත්තෝ ආඩම්බර -සෞරග්‍රහමන්ඩලේ අපේ එකෙක් - මන්දාකිනියේ කොල්ලෝ කෝ සද්දේ,1,sinhala
පොඩ්ඩියේ අම්මා අම්මාමයි තාම.. වැරදුනේ අපි නිසයි ඈ වැරදිද කෝම.. බක්මහේ කොවුල් බිජු පුපුරණ දාක.. නංගියෙ අම්මගෙන් උඹ ඉල්ලනවද ගේම..,0,sinhala
පත්තර කාරයෝ කටට ආපු පළියට මොනවත් දොඩවන්නෑ... ජාතිවාදී පැත්තට ගැටලුව තල්ලු වෙයි කියන විශ්වාසය නිසා තමයි හැමෝම නිශ්ශබ්ද වෙලා ඉන්නේ.. සාෆිට විතරක් නෙමේ රෝහල් කීපයකම සේවය කරපු දොස්තරලා කීප දෙනෙකුට චෝදනාව එල්ල වුනා.. පරණ පෙට්ටගම් අරින්න අවශ්‍ය නැති නිසා මම මෙතනින් නවතින්නම්..,0,sinhala
ඔව් යකෝ...නැත්තං කෑමක් තියෙන්නේ,0,sinhala
", දැන් ඔය සුප් කෑල්ල දාපු පායන්නෙන් ඉවරවෙන වචනේ මොකක්ද?",0,sinhala
අද චාතාරිකය ආරම්භ කරමින් අලු බදාදා දිනය කතොලික ජනතාව සමරන ලදී.දින 40 තුළ එක්වරුශිල රැකිමෙන් ජෙසුගෙ කල්වරී යාගයට සහභාගි වෙනවා,0,sinhala
මේ සෙනසුරාදා ඉරිදා නම් නිදාගන්නව පුතී දෙපිටින් යන්න කරුමයක් මේ ලබ්බ දැං නම් ඇති,1,sinhala
ගිය පාර O/L කරපු සෙට් එක පෝලිමට ක්ලාස් යනවා. මැත්ස් බයෝ වලට. මගෙන් අහන අහන හැම එකාටම කියන්නෙ කරල බලපන් පට්ට ලේසියි කියල. පව් යකෝ උන් :3,0,sinhala
මේ ළඟින්ම ඉන්න උන්. අවුලක් නෑ බං. මේ වගේ දිය රෙද්දෙන් බෙල්ල කපන වේස බල්ලෝ කී දෙනෙක් උනත් හැලුනට,1,sinhala
මේ පිස්සා කියන බේගල් දැන් මිනිස්සුන්ට හොඳට පුරුදුයි. ඊළඟ මැතිවරණය එනකං තමයි ඔය හැලියේ දඟලන්නේ.,0,sinhala
අඩො මෙ SLTMobitel · 17 May 2017 #io17SL,0,sinhala
අනේ මං ඔය මුකූත් දන්නේ නෑ බංස්ලා.. මම හෙන ගොනා.. මාව පැත්තකින් තියලා ඔයාල තණකොල ටික කන්න ඇත්ති වෙනකං .,1,sinhala
"ඕලෙවල් පාස් වෙලා මම කරගත්තෙ මොන තරම් මෝඩ දෙයක්ද ? ෆේල් වෙලා ජන්දෙ ඉල්ලුවා නම් මේ වෙද්දි කෝටිපතියෙක්, ජනාධිපතිවරණයට ඉල්ලන්නත් තිබ්බා.. ගියපු නුවන ආයෙත් බැහැ ඇතුන් ලවා වත් අදින්න",0,sinhala
වරෙන් #MY3 තෝ ඉල්ලන් කෑවා #lka #CoupLk #CoupSL #ConstitutionalCrisisSriLanka,1,sinhala
එකෙක් මාස ගානේ පොඩි එකා එක්ක කෝච්චියට පැනලා. තව එකියක් මාස ගානේ පොඩි එකාව මරලා. එක්කෝ මේ වේස හැත්ත දරුවෝ නොහද ඉන්න ඕනා. මහ උන්ගේ කාලකන්ණිකම් වලට අර හය හතර නොදන්න උන් සංසාරගත පව් ගෙවනවා.,1,sinhala
නොදකින් පෙරේතයා. දැනුත් කිව්වා කෝල් කලා කියලා,1,sinhala
බීල ඇවිත් ගස් මුලට හුජ්ජ කලාම ⁣ගහේ ගෙඩි වෙරිවෙනව. ඒකයිඔය.,1,sinhala
ඔවා දාන්න එපා. ඔයාලම තමයි ලැජ්ජා වෙන්නේ.,0,sinhala
මූ පොඩි වුනාට කොහොමද මේ කෙල්ලට කරන්න හදන දේ දැන් ඉන්න පොඩි උනුත් වල් හැත්ත - Videos URL URL,1,sinhala
කරනව නම් රට වෙනුවෙන් කරන්න පුළුවන් ලොකුම දේ.,0,sinhala
පාලන බලයේ ඉන්න ගෝඨා සති දෙකෙන් මහ මොලේ අල්ලනවා කියලි ඇවිත් විමර්ශණයකින් තොරතුරු එලියට එන එක යටගහන්න උත්සාහ කොරන්නේ ඇයි කියලා ඔිනැම ටිකිරි මොලයක් කියෙන එකෙකුයත් තේරෙනවා නොවැ. තමන් කැමතිද තමන්ගේ බෙල්ල කපා ගන්න???ජනතා ආණ්ඩුවකින්පමණයි අපරාද කාරයන්ට ජම්පර් අන්දන්න පුලුවන්.ඒක අපි කරනවා,0,sinhala
එයාර්ලයින් එකක්.. නොදකින් විතරක් ලංගම ඒ දවස් වල දුවපු ලටෙක් බස් තඩි මීට වඩා හොඳයි.. කමක් නෑ.. ලංගම බස් උඩින් යන්නේ නෑ නේ.. හිත හදා ගත්තා. කෑම ගන්නෙත් ඉස්කෝලේ කැන්ටිමෙන් වගේ සල්ලි ගෙවලා.. මුංගේ රෙද්දේ ප්ලේන් කියලා මම කිව්වා.. අපේ එකෙක් අහනවා දෙලොස්දාහට උඹට බිස්නස් ක්ලාස් එකේ,1,sinhala
ඒක තමා එකෙකුටවත් නීතියෙන් දඩුවම් නොකලේ රෙද්දෙ නීතිය ඔක්කොම පාෙඩිමිනිහට,0,sinhala
#news1st දුප්පත් ලමයින්ගේ අධ්‍යාපන අවශ්‍යතා සදහා දායක වීමට අවස්ථාවක් ඇතොත් අපිටත් කියන්න. 077 5900535,0,sinhala
ඇගේ හැරයෑම හින්දා එපා උනා කෙල්ලො සංහතියම සාප කළා උන්ට විසි කළා සරස්වතී පින්තූර පවා ඉරුවා මොනාලිසා රූපෙත් යසයි කියල හිතුනා අත් නැති වුණ - එක වීනස්ට මහින්ද ප්‍රසාද් මස්ඉඹුල.. #ලස්සනපොතක්,0,sinhala
"පුංචි කාලෙ කියවපු මුල්ම වැඩිහිටි ප්‍රකාශනය තමයි ශ්‍රී සඟරාව. ඒක කියවනකොට මා හිටියෙ 3,4 පන්තිවල. ඒවා ළමයින්ට සුදුසුම ඒවා නෙමෙයි. එක කතාවක් සිංහල ප්‍රශ්න පත්තරයකට උත්තර ලියපු දෙමළ නිලධාරියෙක් ගොනා තණ කයි කියන වාක්‍යය ගොනා තන දෙකම කයි කියලා පරිවර්තනය කරපු බව. URL",0,sinhala
"""බල කෑදරකමට විලි ලැජ්ජාව බධාවක් නොවේ""",0,sinhala
අපිව කඩේ යවල නැති බඩු හොයන්න කියල ගෑනු ගන්නෙ මහ හුකනාතල් එකක්.. ඒ කරල ඒ කියපු ලබ්බ ගෙණිච්චත් දාහක් කරුම කූනුකතා අහන්න ඕන. අපේ තාත්තා ගෙනා බීම වීදුරු සෙට් එකකට අම්මා අනන් මනන් කියල තාත්තා ඒක සාලෙ මැද පොලවෙ ගහන්න ගියෙ ඇයි කියලා දැනූයි තේරෙන්නෙ..,1,sinhala
ඒකි Field trip යනවා ඇති මේ ටිකේ,0,sinhala
එකාතකින් උයන්න දන්න එකක් බැන්දොත් හැමදාම කන්න වෙන්නෙ ඒකි හදන්න දන්න බතුයි හොදියි සම්බෝලයි විතරයි..,0,sinhala
තෝ කියන්නෙ මගෙ පයිය මෙන්නෙ මෙච්චරයි කිය කිය හතර වටේ යන්ඩද.,1,sinhala
පිස්සු හුටන්ලා.ඇයි යකෝ මුන් දැන් බලෙන් ආවම ඔහොමනම්.එන්න දුන්නම කරේ යයි ගෝනි නැතිවම,1,sinhala
කඩුගන්නාවේ ගල විද්දෙ චතුර බව ඔබ දැන සිටියාද? #Chathura_Facts cc.,0,sinhala
එදා මහින්දගේ කටවුට් ගැන කැ ගහපු පොන්න හරකුන්ගේ අවදානයට... ඉරිසියාවේ පැලිච්ච බල්ලො දැන් නිදිද ? URL,1,sinhala
මමත් කලින් මුස්ලිම් කෑල්ලකගෙන් ඔය ප්‍රශ්නෙ අහුව.ඒකි මගෙන් ඇහුව ඔයා කැමතිද මගෙ ඇග වෙන කෙනෙක් දකිනවට කියල.මට ඇත්තටම ඒ වෙලාවෙ කියන්න දෙයක් නැති උනා..,0,sinhala
"ඉස්සර ලේලන්ඩ් තනි දොරේ බස් වල හිටගෙන යන්න බෑ ඔලුව වදිනවා, ඉදගෙන යන්න බෑ පුක රිදෙනවා..... හරි විනෝදයි.. #ඒ_කාලේ #ගමේ_බස්_එක M Ꮢ . j · 1 Mar 2021 වලවල් පිරී පාරක බස් එකේ අන්තිම සීට් එකේ ඉන්නේ.",1,sinhala
මගේ acc block කලා කියලා ඔයාලා මගේ idol ට disrespect කරපු එක වෙනස් වෙන්නෙ නෑ !!! ඒක හොදට මතක තියාගන්නවා වැරැද්ද ඔයාලගේ නිසානේ ඔයාලම blk කලේ ( hbai thnk u ) හැබැයි මුළු SL FANDOM එකම ඔයාලගේ තත්වෙ මොකද්ද කියලා දැනගත්තා ඔය දෙන්නම සාප අන්න ඒක කොහෙහරි ලියලා අලවගන්නවා,0,sinhala
"මට හිතෙන්නෙ මූ සේවයට බැඳුනු දවසෙ ඉඳල නිවාඩු යන්න දීලා නෑ.... තවත් එක කාලකණ්ණි දරුවෙක්.. Supun Aparekka · 18 Aug 2020 කටුගස්තොට හමුදා සෙබළෙක් තමන්ගෙ අවු 12 ක් දූල දෙන්නයි , අවුරුදු 14 පුතයි අපයෝජනය කරල. මේ කලියුග කාලය බවට තවත් කුමටද සාක්ෂි .",1,sinhala
සාකච්චා කන්නේ මොනවාද වහන්න රට,0,sinhala
මේකත් කාලේ කන්න කියාපු බඩුව නේ.,0,sinhala
අපේ පැත්තේ හිටිය දයාවතී නැන්දා ටිකක් මෝඩ කෙනෙක්. දයාවතී නැන්දා හන්දියේ කඩේට බඩු ගන්න ආවම ගමේ ඉන්න නොසන්ඩාල හැත්ත එයාව අවුස්සනවා මිනිස්සු ගැන එක එක බොරු කියලා. අනේ මේ මනුස්සයත් ඕවා ඔක්කෝම ඇත්ත කියලා ගෙදර යන ගමන් ගමටම බනිනවා. ඉතින් හැමදාම කොහෙ හරි ගේකින් ඉඳුල්වතුර කොරහකින් නානවාමයි රාස්පුටින් | Rasputin · 7 Jul 2021 ඔය දෙන්නව ෆෝම් කරපු අය අද පේන්නවත් නෑ නේද? ආන්න හැමෝටම හොඳ පාඩම් ඔය දෙන්න පරණ වැඩේම ටික දවසකින් ආපහු පටන් ගනී,1,sinhala
තුක් නොදකින් යහපාලනය ... පොලිස් බල්ලන් නිදිද...? මෙකද බල්ලනේ යහපාලනය ... නිතිය කුඩුනිකා කරද්දි නිහඩවම හිටිම... URL,1,sinhala
ජාකෝලිස් හදපු නැකතක් කොහෙද ලේසියෙන් වරදින්නෙ දැන් චුට්ටකට කලින් ඒ කෑල්ල බැලුවේ,0,sinhala
"මිනිස්සු තමන්ගේ අසරණකම තාවකාලිකව වහගෙන ජීවත් වෙනවා. නමුත් සමහර මිනිස්සු අසරණ නැහැ. ඒ අය අනිත් මිනිස්සුන්ව අසරණ කරනවා. වෙරි ෂොරි, ඒවා අවජාතක වැඩ",0,sinhala
තව ටික ද්දවසයි බණ්ඩිය හකුලගෙන අමාරුවෙන් 4to ගහන්නේ ඊට පස්සේ උඩ කෑල්ල නිරුවත් 4toම දානවා... . . . .හරිය.,0,sinhala
“මචං මං අරකිට ගහලා තියෙනවා“ “මචං ඒකි මගේ පස්සෙන් ආවා“ “මචං ඒකි මට දුන්නා“ “ඒකි මං ගැන පිස්සු හැදිලා“ “මචං... URL,0,sinhala
හැම කොම්පැනියම රට අල්ලන්න කැම්පේන් කරනවා බර ගනන් වියදන් කරගෙන. ඒ උනාට දෙන සර්විස් එක හරියට දෙන්නේ නෑ මනුස්සයන්ට. රෙද්ද එපා වෙනවා,0,sinhala
ලෝකය වටේ හැමතැනම රාගෙන මැරෙන ප්‍රහාර එල්ල කරන අයි එස් සංවිධානය ලංකාවේත් ප්‍රහාරයක් එල්ල කරලා ඒකෙ වගකීමත් බාරගත්තා..ඔය වගේ දෙයක් සිද්ධ වෙච්ච ලෝකයේ පළවෙනි රට ලංකාව නෙවෙයි..හැබැයි අයිඑස් සංවිධානය එල්ලකරපු මරාගෙන මැරෙන ප්‍රහාරයක මහ මොළ කරුවෙක් හොයන එකම රට ලංකාව..,0,sinhala
මෙවැනි කැප කිරීමක් කරන නායකයෙක් නැවත අප රටට කිසි දිනෙක ලබා ගත නොහැක ඔබට ජය,0,sinhala
"අඩො මන් ටිකකට කලින් ලක්සිතයට මැසෙජ් එකකුත් දැම්මා. පොඩි බබා ගැනත් අහලා. මොකො කිවෙ කසුන් ,ලක්ශිත ඉන්න පැත්ත ශෙප් ලුද",0,sinhala
කොල්ලො රන්ඩු වෙනකොට ඇයි ඇයි මොකද ඩෝ ගෑනු රන්ඩු වෙනකොට තෝ පරට්ටී ............................... රෙදි සී සී කඩ,1,sinhala
ඒක අම්මට යසට මගේ අප්පා කලා. උඹ ඒකට වද වෙන්න එපා පක චලකයෝ,1,sinhala
ආදරේ රෙද්ද අස්සේ දාගෙන මේ පැත්තේ ඇවිත් කනෝ කනෝ කියලා කෑගහන්න තියාගන්ඩෙපා ඇහ්! #lka #lk,0,sinhala
අර ගොන් නළුවට පඩයක් ගියාලු .වූ කිව්වලු ඒ පඩයත් හොරකම් කලේ මහින්ද කියලා .අම්මපා ඔය නළුවාට අපේ මුත්තා කිව්වේ කුණු මීයෙක් කියලා,1,sinhala
"එහෙම හරි රෝගීන් සුවපත් කරන්න උත්සාහ කරන රෝහල් අගය කරන්න ඕන, රජයයන් අවශ්‍ය උපකරණ ලබාදෙනව නම් ජනතාවට ඔහොම කරදර නෑ.",0,sinhala
මේක දැං කියහන්කො දැක්කෙ වේසි,1,sinhala
පස්ස ගැන හිතන්න ඕන තමයි,0,sinhala
තමන්ට කියලා කෝ අනුන්ගෙ දේවල්ම හොයනවෝ ඒකාලෙ සෙනෙහෙ දැන් පෙරේත කමට හැරිලදෝ ලෝකෙට ණය වෙලෝ කාලයක් යද්දී මිනිහා පිට යනෝ කාලකණ්ණි වෙලා පල මගෙ කටින්ම සාප හැදිම ගෑවියෝ HAZIඳු · 9 Nov 2018 ඒ වාගෙ නෑ දැන් කදුලු වැටෙන්නෙ twitter.com/defyixviiithar…,1,sinhala
"මම මේකෙ හිටපු නැති කාලෙක මම මේක මගෙ හොදම යාලුවෙක්ට කිව්වා මේකේ ඉන්න.මේ පම්කයා මට බැන්නෙ මහ තිරිසන් විදිහට බැනල ඉවර කලේ "" තෝ වසුරු ගොඩවල් පස්සෙ පැන පැන ගිහින් ඇගේ උලාගත්තා මිසක් ඉදලා හිටලා එහෙන් මෙහෙන් හැර කවුරුත් තොගෙ පස්සෙන් වසුරු උලාගෙන ආවෙ නෑනේ නොහුකා ආයෙ වරෙන්"" කියලා Dingiri (Amabie) · 4 Feb 2021 ට්වීටරයේ වසුරු ගොඩවල් වලින් ඈත්වී සිටීමද සැමරීමට වටින නිදහසක් බව ටී ඇලය දිගේ වතාවක් උඩ පහළ යෑමෙන් පසක් වේ",1,sinhala
කෝමද තෝ හෙනකදයා වගේ නංගිත් ඉන්නකොටම වැටුනනම්.,1,sinhala
ආසියාවම නැති කරල දාන්නද හදන්නෙ සර්.,0,sinhala
මේක rt කරපු හැමෝටම කෝලගෙ දැන් ඉන්න නෝනයි දරුවයි සාප කරයි! ඔව් තොපි ඔක්කොම පවුකාරයො ⍣༗Baby Koala ♡✿࿐⍤⍤  · 1 Jan 2021 මේ අවුරුද්දේවත් කෝලට කෙල්ලෙක් සෙට් වේවා කියලා මේක rt කරන් යන්න යාලුවනේ,1,sinhala
මෙවා අනික් අයට පේන්නේ නැද්ද ?,0,sinhala
"මේ රොබට්........එහෙම කියලා ලපයි සිපයි උස්සගෙන එන්න එපා පොදු අපේක්ශකයා කියලා 2020 දී හොදේ... අපේ එකාව අපිට තෝරගන්න දීලා තෝ ""අනුන්ගේ බඩේ අමාරුවට වැසිකිළි යන්නේ නැතුව ඉදපං""",0,sinhala
මේ තියෙන්නෙ අරලියගහ මන්දිරයේ තිබූ මාධ්‍ය සාකච්ඡාවක් සක්කිලි අවජාතක පකයි හිනා වෙවී සතුට සමරනවා දැක්ක තැන ගහපියවු මුන්ට අහිංසක මිනිස්සු ජීවිතෙන් වන්දි ගෙවුව කිසිම වරදක් නොකර තොපිට සාප වේවා.. ජාති ජතිත් සාප වේවා....,1,sinhala
කඩි පඩ පුක වෙඩි දෙන තොපි තමයි රොඩී හිතින් තරු කටින් මරන් තළු ඔළුගෙඩි වල බොලෑ බැඳිලද පාසි ආදි කාලේ ඉඳන් සුද්දට පුක දෙන එක කලාවක් බං සිංහලයට කටින් තමා දැන්නං ගොඩක් උන්ගෙ වැඩ පස්සේ නෑ බං රිදවන්නේ පොඩි උන්ගෙ හිත කට කෑවත් හුත්තො කියන්නේ මම ඇත්ත මාරු කරං පැත්ත තොපි දාන්නේ බොරු මොත්ත,1,sinhala
ලංකාව මේ දවස් වල පට්ට Famous වෙලා තියෙන්නේ. Bra එකක් නිසා Billboard web site එකේත් ගියා. ඒ මදිවට TMZ එකේත් දාලා #SriLanka #TMZ #Billboard,0,sinhala
ටහුඩු මම නම් වෝට් කරන්නේ නෑ,0,sinhala
හොද වැඩක් . පුලුවන්නම් දේශිය අරක්කු සම්පුර්නයෙන් තහානම් කරලා ටැක්ස් නැතුව විදේශ හොද මත්පැන් ගෙන්න දෙන්න ඔන. ලංකාවෙ තනිකර රා කියලා අරක්කු නිශ්පාදනයට ගන්නෙ කවලම් ජරාව. ටැක්ස් න්තනම් රටින් හොද මත්පැන් අරක්කුවලටත් වඩා අඩු ගානට ආනයනය කල හැකි. ලංකා ජරා අරක්කු බිලා ලෙඩ වෙන ඵකත් අඩුවෙයි.,0,sinhala
බලන් ඉන්න අයයි මෝඩ. ..,0,sinhala
ඡන්ද ගණන් කිරීම කෙරෙහි වැඩි විශ්වාසයක් ඇති කිරීම සඳහා ශ්‍රී ලංකාව ඩිජිටල් ඡන්ද ක්‍රමයට නොයන්නේ ඇයි?,0,sinhala
ඔව් ඔව්.... DP එකෙ හිටපු කෙනා නෙමෙ නේ කොන්ඩෙ ගොතලා සායක් ඇදලා... ගැමිකම වැක්කෙරෙනවා නේ බොල,0,sinhala
"අනුර කුමාර : පොඩ්ඩක් කල්පනා කරලා බලන්න, මේ කන්නෙ කාගෙ ඩේටාද කියලා, ඔයාගෙම ඩේටා නේද... සතියකට පස්සෙ ආසාවෙන් ඩවුන්ලෝඩ් කරපු වැල ක්ලිප් එක කලිං බලලා පට්ට ගහපු එකක් කියලා තේරෙද්දී... ඊයා.. එපා වෙනවා නේද?",1,sinhala
බල්ලා දවසට හතර පස් පාරක් කෑම කනවා. දවසට දෙපාරක් කිරි බොනවා. කනවා වැඩියි වගේ ද?,0,sinhala
මම අර සිංදුව අරුන් හතර කියද්දිම හිත හිත හිටියෙ අරෑ ශ්‍රී වික්‍රම රාජසිංහ වගේමයිනෙ යකෝ කියල. භාතියත් ඒකම කිව්ව.,0,sinhala
බැන්දා කියන්නෙත් මැරුණා වගේ තමා.. ඒ හින්දා පලයන් එහේ,0,sinhala
", අඩො අයියෙ ඊයෙ මොනාද විකුන්නෙ",0,sinhala
මමත් ආසයි පුංචි කාලෙ වැස්සෙ තෙමෙන්න වතුර එක්ක චිරි බිරි ගාල මිරිකෙන්න සීතලෙන් වැස්ස එක්ක දගකාර කම් කරන්න එතකොට හුජජ ගියාම බිජ්ජ විතරයි දන්නේ හුජ්ජ කල බව,1,sinhala
"ගුහා සටන | කාංචනා අමිලානි | 51 URL චෝලගංගාර ට මතක නෑ කලිසම නැතුව ඉන්නෙ කියලා. මිනිහත් පුදුමෙන් මේ ජවනිකාව බලං ඉන්නවා. ""ඕයි තමුසෙ මොකෝ හෙළුබැල්ලෙන්?"" ""පොඩි අප්සට් එකක් වුණා අයියෙ."" ""ඔය මැරිච්ච එකෙක්ගෙ කලිසමක ගලවං ඇඳගනිං බං. හෙළුබැල්ලෙන් යුද්ධ කරතැහැකියෑ?""",0,sinhala
දිය නා ගල උඩ තැබු තුන් හැවිරිදි දැරිය අතුරුදහන් URL,0,sinhala
"බයියොත් හරි, තමුසෙ මහම මහ තිරිසං බයියෙක් ඕයි",1,sinhala
ඉස්සර අපි චුන්පාන් නවත්තන්න පට්ට ගේමක් දුන්නා දැන් කුණු ටැක්ටරය අල්ලන්න මාර ගෙමක් දෙනවා ටැක්ටරේ එන්ජිම ගලවලා ජෙට් ඉන්ජිමක් හයිකරලද කොහෙද....,0,sinhala
"අනේ නිකාන් පලයන්, අපිට ෆේවරිට් කරන නොකරන එක ගැන කියල දෙන්න තෝ කව්ද . . . කියල රිප්ලයි කරන්න ආසයි",1,sinhala
නිල මැස්සො වගේ මුන්. ඒතරං අප්පිරියයි දැං..,1,sinhala
ඔව් හොරා කාලා අසරණ ජනතාවට අධික බදු පනවමින් ආණ්ඩුව හොඳට නම් ගෙනිච්චා,0,sinhala
තාම නෑ ආවෙ තෝ.,0,sinhala
"බැල්ලි, මම ගොඩක් අමාරුයි ��",0,sinhala
මුහුදේ දියනෑමට ගිය තරුණයින් තිදෙනෙක් දියේ ගිලී ජීවිතක්ෂයට පත්ව තිබේ. මුලතිව් මුහුදේ දියනෑමට ගොස් දියේ ගිලීමෙන් අතුරුදන් වු තරුණයින් තිදෙනාගෙන් දෙදෙනෙකුගේ මළ සිරුරු ඒ අනුව අද (06) උදෑසන සොයාගෙන තිබේ. පොලිසිය වැඩිදුර පරීක්ෂණ මෙහෙයවයි.,0,sinhala
බලලා බී ලයික්.. අපෝ මේ ගෑණි ගෙදර ඇවිත්.. අද ඉතින් වසල හමාරයි,0,sinhala
අක්කත් මල්ලීත් මාඔයේ මෝය කටට බිලි URL #News #LKA,0,sinhala
ගහන්නෑ වරෙන් කියලා තමා අම්ම ගැහුවෙ.,0,sinhala
මං ගොනා නාරාහේන්පිට පීටර් · 15 Jul 2021 හිතේ සැනසීම හොයාගෙන සෝශල් මීඩියා ඇවිත් ඊටත් වඩා ප්‍රශ්න වල පැටලෙන ගොන් හැත්ත,1,sinhala
ගීතට පිස්සු කියල හැමෝම දන්නවනෙ බ්‍රෝ හී හී,1,sinhala
"බැල්ලි උසයි බැලලි කොටයි, කොටයි කිව්වේ කපුටෝ කොටනවා වගේ නෙමෙයි උසෙන් අඩුයි",0,sinhala
පොරගේ වයර් ශෝට් හොඳටම. මූ හිතං ඉන්නේ හිටලර් කියලා. තාම අප්ඩේඩ් කරේ නෑනේ පොරගේ ටිවිටර් එක.,1,sinhala
තොට හෙන ගහල අකුලෝලම පලයන් මාමෙ,1,sinhala
"හුට්ටප්පරී හුච්චී හුක්කුච්චි හුජ්ජි හුමාලි හුංගාරි හුයන්නී හුත්තී හුකන්නී යම රජතුමා · 22 Nov 2019 පුලුවන් නම් ""හු"" අකුරෙන් පටන් ගන්න කෙල්ලෙක්ගෙ නමක් කියන්න.",1,sinhala
දෙපැත්තටම තට්ටුමාරු ක්‍රමේට දීල බලනවා ඒත් වැඩක් නෑ ඉතින්. හොද විකල්පයක් නෑ තාම මේ රටේ. එතකන් ඉතින් මේ කරුම ක්‍රමේ තමයි.,0,sinhala
"මේ වගෙ දෙවල් අල්ලන් කාලකණ්ණි සතුටක් ලබන උන් ඉන්නවෙනෙ..ලංකාවට හරියන් නැත්තෙ ඕකයි King Of Happiness · 21 Aug 2020 ඇයි ෆේන්ඩ් ස් මෙයා ටෙලිප්‍රොමීටර දෙකක් තියං අමාරුවෙන් දෙපැත්ත බල බල බෙල්ලෙ පොට යවා ගන්න හදන්නෙ ? එකක් තියං බලාගෙන කියෙව්වා නම් ඉවරනෙ :24 ,040 views",1,sinhala
"Five minutes after getting kidnapped *අඩෝ මචන් උඹ කියන ඕන දෙයක් කරන්නම්, අපේ අම්මට නම් මේ සීන් එක දැනගන්න තියන්න එපා හොඳේ.... The following media includes potentially sensitive content. Change settings View",0,sinhala
ආශික්ලන්තයේ ආශ්චර්යය... 'ව්‍යාපාර කරන්න දන්නැති නම් දැන්ම ඔබේ ගමෙත් පටන්ගන්න..' 'පොන්න වඳුරු රැලට එක්වෙන්න...' #Racism #Muslims #LKA Shihar Hassan · 25 Jun 2019 Dankotuwa Public Market (Pola) is banned for Muslim traders to 'protect the peaceful situation' Well done!! #LKA,1,sinhala
පව් අහිංසක ඒ මිනිස්සු,0,sinhala
"ලොක්කන්ට පැය 1/2 කින් ඇප ලැබෙන, පොඩි මිනිසුන්ට ඉක්මනටම නීතිය ක්‍රියාත්මක වන අරුම පුදුම රටක් එක රටක් එක නීතියක් #SriLanka",0,sinhala
ඇත්තට හුත්තෝ කියන එකේ සිංහල explanation එක මොකද්ද? හුත්තී කියන්නෙ හුත්තක් ඇත්තී. එතකොට අරක හුත්තක් ඇත්තා කියල කියන්ඩ බැයිද?,1,sinhala
දැන් 3 වසරේ උන්ටත් Twitter accounts තියෙනවනේ යකෝ.,0,sinhala
අමාරු ප්‍රශ්ණ මොහොතින් විසඳනවා; ලේසි ඒවා තියාගෙන මැරෙන්න හදනවා. #MeInASentence,0,sinhala
දාර බූට් එකක් කාලා නහයෙන් අඩන සිපයියෙක් වගේ අන්තිමට තාම ආදරෙයි ලු. නෙද්දකිං විතරක් මෝඩ වාසුදේව Senu_Kavi · 13 Jan දුකායි දුකායි,1,sinhala
උඹ නානවද ??? :o :o O_o,0,sinhala
අපි මොකටද යකෝ තොපේ කුනු කිම්බවල් වෙනුවෙන් හිත රිද්දගන්නේ... අනෙප් පලයං කෙල්ල යන්න... අකමැතී කීවම එනෝ මෙතන හිත රිදුනද අහන්න..,1,sinhala
ඒ බූතියක් නෙවේ බොල...දැක්කම පේනවනේ.බලන්න හොඳට ඇස් ඇරලා,0,sinhala
"කේන්ති ගන්න එපා දුලන්ක.. කවදාවත් හෝම්ස් වොට්සන්ටවත්, වොට්සන් හෝම්ස්ටවත් ""තමුසෙ"" කියල කතාකරනව මන් අහල නෑ.. ප්‍රතිවාදී කදවුරේ අදහස් විවේචනය කිරීමේදී සංයමයක් පවත්වාගන්න.. මොකද ජනාධිපති වෙන්නෙ සජිත් හෝ ගෝඨාභය මිසක් ඔබ හෝ මම නෙමෙයිනෙ.. 16න් පස්සෙත් අපි මිතුරන් විදියට ඉන්න එපැයි..",0,sinhala
"රෙද්ද හිතලයි බලලයි එපා වෙලා ඉන්නේ..මොන මගුලක් වෙලාද මන්දා , මේක යකො බෝම්බ ගැහුවාට වඩා හපන්නෙ.",1,sinhala
නොදකින් තෝ පරයා...!,1,sinhala
"O/L වලින් කොටසක් හැලිලා, A/L වලින් තව කොටසක් හැලිලා පෙරිල වගේ සුළු කොටසක් කැම්පස් යනවා. අපිත් හිතනවා මුං උපාදිය අරගෙන රටට හොදක් කරයි කියල. හැබැයි අතලොස්සකගේ පුක තියෙන තැනට මොලේ ගියාම කැම්පස් එකත් එකක් ඉවරයි. ඊට පස්සේ පුක නලලේ තියාගෙන රොම්බ ගොන් ටෝක්ස් ඉශූ කරනව.",1,sinhala
නොදකින් යකෝ මෙච්චර වෙලා මම හිතුවෙ තෝ පොන්නයෙක් කියල. පොෆයිල් එකට ගිහින් බැලුවහම දැක්කෙ තෝ ගෑනුන්ට බිජ්ජ පොටෝ ගහ ගහ දාන මල් පොන්නයෙක් කියල. ට්විටර් එකේ වැදගත්කමයි සිංහල කමයි ගැන තෝ කිව්වෙ තොගෙ අර බිජ්ජ පෙන්නන එකද? තොගේ එකට වඩා හොද භගමනි තියන ගෑනු දැකල තියනව මම.,1,sinhala
අපිටත් එක්ක ලැජ්ජ කරනවා තෝ,0,sinhala
මේ අපේ රාජ කුමාරයාගේ rocket එකද?,0,sinhala
මිතුරෙක් - බලහං කඩවත ඉඳං මාතරට එනකං එක දංසලක් නෑනේ... 2මිතුරා - හයිවේ එකේ කොහෙ දන්සල්ද? පකෝ... #සිරාසිද්ධි,1,sinhala
", පල පල හිකනලා යන්ඩ..හොස්පිටල් ඉදල ආපු මූ යකෝ වීරයා වෙලානෙ දැං.. ඔන්න පොලේ ඔලුවෙ වැදිල පොල් ගෙඩිය පැලුනනම් කීවය්හ් කමන්නෑ..",1,sinhala
හිසක් තියනවද මුන්ට ?,0,sinhala
ගැනියේ තොට ඇහක්් විදියට මම දෙන්නම්,1,sinhala
දෙයියන්ට පට්ට හුජ්ජ බරක් හැදිලා තියෙන්නේ යාලෝ...,1,sinhala
"නේපාල් යනවා නම් ඇයි ඉන්දියන් වීසා? ඌ ඉන්දියාවේ transit තිබුණට airport එකෙන් එලියට යන්නේ නැත්නම් visa ඕනේ නෑනේ ඔය ඉන්දියන් පකෙන්තුවන්ට ඕනේ නැති ලබ්බක් නෑ. අනික දිල්ලි, මුම්බායි වගේ උඩ ඒවා දාන්නේ නැතුව තමිල්නාඩු දාන්නේ ඇයි. පට්ට කචල්",1,sinhala
යකෝ ලංකාවේ චැනල් එකක ගියපාර වල්ඩ් කප් ෆයිනල් එක පෙන්නනවා! අපි පැරදිච්ච මගුල් පෙන්නන්නේ පෙන්නපියකෝ දිනපු එකක්.... URL,0,sinhala
දුප් පරට්ටි ! තොට මිනිස්සු මදි වෙලාද අපේ ගේ අස්සේ රිංගන්න එන්නේ,1,sinhala
වර්තමානය වනවිට Modeling Field එක තුළ හොදම Model වෙනවාට වඩා Field එකේ හොදම බඩුව වීමට වැඩි තරගකාරීත්වයක් ඇත.,1,sinhala
කීයෙ ඉඳන් කීය වෙනකල්ද?,0,sinhala
අයිසෙ ගූගල් ට්‍රාන්ස්ලේට්..... මොනාදෝයි මේ?? Cc,0,sinhala
හැමදාම පුද්ගලික වාහනේ ගමන් ගිහින් ඉඳලා හිටලා ආතල් එකට බස් වල යන අයට නම් බස් සින්දු හෙන කික් ඇති.... ඒක කොච්චර කරුමයක්ද කියල දන්නෙ උදේ හවා බස් වල බඩගාන මිනිස්සු තමා.,0,sinhala
තෝ ගංජා ගහලද,0,sinhala
"පිස්සු නාකියෙක් මූ නම් sunanda deshapriya · 6 Dec 2021 #SriLanka parliamentary opposition held a ""Sinhala Only"" protest against ruling party violence writhing the parliament. කණගාටුවට කාරණේ පොස්ටර් ලියපු කව්රු වුණත් සංහල විතරක් දන්න කෙනෙක් වීමයි! twitter.com/sjbsrilanka/st…",1,sinhala
"මේකා ආපු දවස්වල ඉඳලම කරන්නේ ඕකනේ, එක්කෝ සිවුරකට වැඳ වැඳ ඉන්නව නැත්නම් කොහෙ හරි පූජාවකට සෙට් වෙනව. මේකාට ජනතාව ගැන හිතන්න වෙලාවක් නෑ.",0,sinhala
"අර මිලින්ද කිව්ව වගකීම memo එක ලොක්කට ලැබිලා නැද්ද කොහෙද. දැන් බලන්න, ලොක්කා මෙහෙම කටට ආපු පලියට එක එක දේවල් කිව්වහම ටනේ හරිනැත්තේ. ලොක්කත් එක්ක මේක කරන්න බැහැ.",0,sinhala
", අසාම් අමීන් ඉල්ලා අස්වීමේ ලිපිය දුන්නේ 2020 ජනවාරි පළවෙනිදා. BBC ඒක පිළිගත්තේ නැහැ ජනවාරි 20 විතර රන්ජන්ගේ කේස් එක වෙනකං. ඊට පස්සේ තමයි ඒක පිළිගත්තේ. මේවා අපි දන්න නිසා හොඳයි. කොච්චර නම් අපි නොදන්න බොරු කියනවා ඇතිද තොපි. සක්කිලි පලදෙනවා ඕවා.",1,sinhala
මොනව නැතත් වදන් නං තියනව,0,sinhala
නිදහස් පක්ෂය අවසන්වන තිංදුව අද කිවුවනම් තමයි හරි.,0,sinhala
මාත් හෙන අමාරුවෙන් type කරගත්තේ.,0,sinhala
11 others කවුද යකෝ බඩු විකුණන්නේ? කෝ ලයිසන්?,0,sinhala
නොදැකින් කාලකන්නියා කහ රෙද්දට අගෞරව කරන මුසලයා. මුං ලග සල්ලි නැත්තම් බැංකුවෙත් නැ ගොං හැත්ත. මහණ වෙන්නේ සැප ගන්නද?,1,sinhala
"&@&කේ නීති ඒවා, පොඩි මිනිහට තමා හැම නීතියම,, විහිලුවක් වෙන්ඩ එපා",0,sinhala
කවුද බන් ඔය වේසි උබ උදේ ඉදන් කියන,1,sinhala
දැන් යකෝඑකක් hit කරන්න lip kiss එකක් හරි කෙල්ලෙක් රෙද්ද ගලවන්නම ඕනද ?මේවා trending #1 වෙන්න කරන වැඩද මන්ද URL,0,sinhala
#MI දිනයි කියලා දැනන් හිටියට ගේමක් නැතුව ගහලා දායි කියලා ඒකත් හිතුනා යකො අයියර්ගෙ පුක කාලත් මදිනෙ ගොනා,1,sinhala
ගිහින් අර චන්ද රැස්වීමකට ගල් ගහපන්කෝ මෝඩ හරක් ! #Slvspak,1,sinhala
කාත් එක්ක හරි තියෙන පෞද්ගලික තරහක් පිරිමහ ගන්න ගොන් කතා නොකියා ඉඳින් බන්.,1,sinhala
කොහොම හරි විපක්ෂයේ සහ පොදු මතයට කීකරු වෙන්න උනා.. (රිවස්) මානාහිමි වරුන්ගෙන් ලියමනක් අරගෙන වැඩේ ෂේප් කර ගත්තා. දැන්වත් පරෙස්සම් වෙන්න අපේ මිනිසුන්...,0,sinhala
වද සල්ලි හොදද රට ගොඩ ගන්න????,0,sinhala
A: ශෙහ් මටත් අර බ්‍රසීල් වල් විශාල කෑල්ලක් සෙට්ටුනොත් මොනා වෙයිද? නේහ්..? B: මොනා වෙන්නද ඉතිං? වැලක් රිලිස් උනත් අර පට්ටලේ උඩ තීන කොටේ උඩ නැගල වල්ගෙ හිරකරගත් වඳුරා වගෙ තියෙයි... A: තුහ් නොදකින්.. තොපි වගෙ අමන මිතුරො..,1,sinhala
"අඩො මන් එච්චරට ගොන් වැඩක් නම් කොලෙ නෑ බලන් යනකොට ගොන් එකෙ අල්ට්‍රා ප්‍රො මැක්ස් නෙහ් උබ ,මන් දුක් වෙන්නෙ මය වියදම් උන කාඩ් සල්ලි ගැන",1,sinhala
ඔනම කෙල්ලෙක්ගේ අාදරේ සහ කැමැත්ත ලබා ගන්න මෙච්චරයි ඔ්න කරන්නේ. . සල්ලි .ලස්සන .පට්ට අැගක් .බොරු කිරීමට... URL,0,sinhala
", අඩෝ උඹ චාටර් හුත්තෝ. අපේ යාලුවෙක් කියන්ඩත් ලැජ්ජයි. බීපන් යකෝ දවසට 30ක් එක එකාට සෙකන්ඩ් වෙන්නෙ නැතුව",1,sinhala
":අනේ කිරියෝ, හයිවේ එක්ක ඕන රෙද්දක් කොරගනින් කැම්පස්වලට හොම්බ දාන්න එන්නේ නැතුව තොට දෙකම එකට දුන්නේ මහින්දගේ... URL",1,sinhala
මාසයක් මුසලයා වගේ ඔහේ ඉඳලා අද ඇවිද්දා... වම් කකුල හොඳටම රිදෙනවා බත් කෙන්ද කිට්ටුවෙන්. නහරයක් තෙරපිලාද මන්දා..,0,sinhala
සුභ පැතුම් විතරක් ඇති ...,0,sinhala
"වලාකුලු වහගත්තට,අහසෙම උන්නට.හාවා තුරුලෙ හිටියට,අඩො හද උබ අයිති මට. .",0,sinhala
යාපනේට කෝච්චි තියෙනවා බොල. KKS වෙනකම්ම දුවනවා,0,sinhala
"* කුකුළු මස් ගේනවා, ඒවා තඩි ඇතිලියක දාලා උයනවා. බල්ලට ඔක්කෝම ටික කන්න දෙනවා. * බිස්කට් පැකට් සීයක් විතර ගේනවා. ඒවා හතර, පහ, අහුරු පිටින් කන්න දෙනවා. බල්ලා හව් හව් ගාලා කාලා දානවා. * අයිස්ක්‍රීම් ලීටරේ භාජන පිටින් හැම තැනම තියලා තියනවා. නැට්ට වන වන හැම භාජනෙන්ම පොඩ්ඩ පොඩ්ඩ කනවා.",0,sinhala
විපක්ෂයට යනකල්ද ඉන්නෙ හෙළි කරන්න? මීට වඩා සුදුසු කාලයක් තියේද?,0,sinhala
තෑන්කස්. සෙහ්! අර උඩ ඉන්න එක කැත විදියට හිනාවෙනවනෙ,0,sinhala
"මේ ඉන්දියාවේ උන් ලෙඩ හැදෙන්නේ නැතුව කොහොම ඉන්නවද මන්දා. බලන බලන කෑම එකේ එක්කෝ බටර් වලින් නාවනවා, නැත්තන් Ghee වලින් පොඟවනවා, එහෙමත් නැත්තන් චීස් වලින් වහනවා. යකෝ දැක්කත් ඇති ඇඟේ කොලෙස්ටරෝල් ලෙවල් එක නගින්න.",0,sinhala
හිටපු ජනාධිපති මහින්ද රාජපක්ෂ ඉහත ප්‍රකාශ කළේ මැදමුලන වෙත පැමිණි Prime Land Group ආයතනයේ අලෙවි නියෝජිතයන් දෙදෙනා වෙතය. තමා සතුව රියල් එස්ටේට් වෙත දීමට බිම් අඟලක්වත් නැති බවයි..,0,sinhala
80. නොදකින් IMDb ratings තිබ්බට මට නම් මේක සෙට් නෑ .. අමු ගොබ්බයි — watching Moana,1,sinhala
යකෝ අර ඉස්පිරිතාලෙ ඉන්න දාස් ගාණ දවසට හුජ්ජ කරන්නෙ කෙළ ගහන්නැද්ද උදේ කට හෝදලා?? ඒවාත් පුච්චනවලුද? . #COVID19SL එතකොට ගූ කනවද?,1,sinhala
", නොදකින් ඇයි බන් උඹල මේ නාකින්ව මෙන්ෂන් කර ගන්නේ මේවට",0,sinhala
"වැදගත් රස්සාවල් කරනවා. අදටත් ඒ අය ප්‍රශනයක් වුනාම ""අයියා"" කියලා මට කතා කරනවා. සර් කියන වචනේ අස්සේ මට හෙන ආයතනගතවිමක් තියෙන නිසා මං කියන්නේ මට අයිය කියලා කතා අකරනන් කියල . මගේ ජිවිතයේ මට හමුවුණු සුන්දරතම ගුරුවරයා මට කිව්වෙත් මම උඹේ සර් නෙවෙයි අපි යාළුවො ... මට අයියා කියල",0,sinhala
වැඩි හිටියන්ව අවුස්සා මෙලස අතල් ගැනිමට හෙතුව අවජාතක,1,sinhala
"පණ්ඩෝරා හ ඛාන් මහතා. මෙ මුදල් කොල්ලය දේශපාලනඥයින්, නිලධාරින්, විදේශ සහ දේශීය කොන්ත්රාත්කරුවන් සහයෝගයෙන් සිදු කෙරෙන අතර එක්සත් ජාතීන්ගේ ආයතන සහ ව්යාපෘති සඳහා ණය දෙන රටවල් ද මෙම මුදල් සොරකම් කිරීමට සම්බන්ධ වී ඇත. මුදල් ආපසු මේ රටවලට යයි. කිසිවෙකුට මෙය නැවැත්විය නොහැක :45 views",0,sinhala
අවුරුදු 10 කින්ද ඉතින් දුවල දෙන්න කියල තියෙන්නෙ,0,sinhala
"මෙච්චර බෝලෙට ලස්සනට ඉන්න මාව, ඇයි Photo වලට කැත... දැවෙන ප්‍රශ්න",0,sinhala
", මැරියන් මුසලයා -_-",1,sinhala
"අළුත් ආණ්ඩුවක් ආවම ලංකාවෙ උංට මුලින්ම පෙන්නන පුක තමයි, PAYPAL",1,sinhala
ඉතින් උඹ ගොනා වගේ කට වහන් හිටිය මං අහින්සකයට මතක් කරන්නැතුව,1,sinhala
මාතලන්ගෙ සින්ඩිය: පක හා පයිය.. URL,1,sinhala
නුවර එවුන් කෑල්ලට කියන්නේ බඩුව කියලා... බඩුවට කියන්නේ ගොනා කියලා... අනේ මන්ද ඉතින් #RataWateTalks,1,sinhala
අම්මිගෙන් අහල කියන්නම් ඩාලින්,0,sinhala
උබලා හිතන්නේ කෝවිඩ් ආයේ ආවේ ඉන්දියාවේ සීන් එකෙන් පස්සේ කියලද.නෑ යකෝ ඊට කලින් තිබ්බා.ඒත් මීඩියා වලින් අපිව වෙන දේවල් වලට යොමු කලේ. කොටින්ම කිව්වොත් මේ ලගක් වෙනකල්ම කොරෝනා වසංගතේ ගැන නිවුස් වලින් පෙන්නුවේ බයියන්ගෙයි ටොයියන්ගෙයි නිවුස් වලින් පස්සේ රටවටා නිවුස් වලට.ඉතින් අපිට මතක නෑ.,1,sinhala
"කපල්ස් කියන්නෙ නම් මහ එපා කරපු ජාතියක්. උන් හැමතැනම. වෙලාවක් නෑ.. තැනක් නෑ හැමතැනම. පාරෙ යනවා, බස්වල යනවා කිසිම හැදියාවක් නෑ. ටිකක් රෑ වෙලා දියතට කෙල්ලෙක් එක්ක ගිහින් කතා කරන්න නෑ මුන් එතනත් එක දිගට හැමතැනම. ලව් කරනවා. රෙද්ද. යන්න ගෙවල් නැද්ද මංදා. කාළකන්නි! . · 12 Dec 2018 කපල් එකක්, මුං ලව් කර කර අැවිත්නේ",0,sinhala
", පූරුවෙ කරුම",0,sinhala
ඔව් ඔව් මුගාබේ වගේ ඉතිං? කෝ සම්පූර්ණ කරන්න sentence එක.,0,sinhala
අප්පට සිරි හුකන්නමයි හිතේන්නේ කිම්බ දේන්නකො හොදට දිවදාලා උරලා වතුර ටික එලියට ගන්නං,1,sinhala
"ලයික් ගන්න පොඩි එවුන්වත් බිල්ලට ගන්න සක්කිලි facebook page's, disgusting Thisaranie (තිසරණී) · 23 Jun 2017 අපිත් යාළුවෙක් එක්ක තියා සහෝදරයෙක් එක්කවත් ෆොටෝ දාන්න හොඳ නෑ මේවායේ. පොඩි උන්ගේ ජීවිත කන හරක් හැත්ත. Lankan Facebook ruins people.",1,sinhala
ගෙවල් ගාව ගෙවල් 3ක් ස්වයං නිරෝධායනට දැම්මා. එක ගෙදරක පරයෙක් වොලිබෝල් ගහන්න ගිහින්. එතනට ආව එකෙක් පොසිටිව් වෙලා. දැන් එදා සෙල්ලම් කරන්න ආව උන් හොයනවා. මේ හුත්තලටනන් පිස්සු.,1,sinhala
"""Conflict of Interest"" වෙන දේවල් කරන්න තහනම් පෞද්ගලික අංශයට විතරද ? එහෙම නැත්නං කොහොමද කෘෂිකර්ම දෙපාර්තමේන්තුවෙ ඉහල තනතුරක් දරන කෙනෙක් CIC එකේ අධ්‍යක්ෂක කෙනෙක් වෙන්නේ, CEB වැඩ කරන කෙනෙක්ට පුලුවන්නං පෞද්ගලික විදුලි බලාගාරයක අධ්‍යක්ෂ කෙනෙක් වෙන්න ඒක පට්ට අවුලක්,",0,sinhala
උසේන් බෝල්ට් :- මම තමා වේගවත්ම සොනික් :- පුහ් මමයි ඕයි වේගවත්ම ෆ්ලෑශ් :- ලබ්බ තමා තොපි දෙන්නටම වඩා මම වේගවත් යකුනේ විජයකලාගේ ඇපේ :- keep talking bitches,1,sinhala
පාස්කු ප්‍රහාරයට ජාත්‍යන්තරට ගිය කටිිටියට මෙිිකත් ජාත්‍යන්තරට කියන්න පුලුවන්.,0,sinhala
ටහුඩු යකෝ මොනවයි උඹ ගැහුවෙ,0,sinhala
බත් කන හරක්ට හොදයි මෙවා,0,sinhala
"දුලාජ්ගෙ කඩ්ඩ තමා කඩ්ඩ. එ්ක වලියකට, අාතල් එකකට, සිරා කේස් එකකට, ඔ්න මඟුලකට ගැලපෙනවා අයිසෙ ගේ කඩ්ඩ #appreciationtweet",0,sinhala
"අපෝ නෑ ,මන් හෙන ආතල් එකේ ඉන්නෙ,අපි ඕවට නෑ ,අපිට ඕව නෑ සත්‍ය කතාවක් ඇසුරිනි ...",0,sinhala
බයිසිකලේ ආව පිස්සා හූ කිව්වා. කෝ සීයෙ දිල්කිගෙ නංගී. ඕ... චූ දාගෙන දිල්කිත් එක්ක වලි මේ වලී.... URL This Tweet is unavailable.,0,sinhala
"රස්තුයාදුකාර මහත්තයා උබ ස්කර්ට් අැදන් ඒදදි මං උබ එක්ක යන්න ඇදන් ආවේ ස්කිනිය , උබ මල් වැටුන ලස්සන ගවුමක් ඇදන් ආවට මට පුරුදු ශොට ගහගෙන ආවේ , උබ කොන්ඩේ පිරලා බම්ප් තියලා ලස්සනට ඒ්දි මම හැමදාම ආවේ කොන්ඩේ අවුල් පිස්සා වගේ , උබ සපත්තු දාලා එද්ද මං ගෙවිච්ච පරණ බාටා",0,sinhala
"කළුවරේ ගෙදර එද්දි සඳුනි අක්ක කියල හිතාගෙන කෙල්ලෙක්ගෙන් ""යන්න එනවද"" ඇහුව ඒකි හා කිව්ව. එක්කන් ඇවිත් බහිද්දි... URL",0,sinhala
මම හැමදාම කියනවා මේ හැසිරීම අනුමත කරන්න බෑ. හැබැයි මේකේ ඉන්න එකාලා පුක කැඩිච්ච කඩි වගේ ෆයර් වෙන්නේ මේවට. හාමුදුරුවන්ට ගහන්න ආපුවට අරවට මේවාට මීක් නෑ.,1,sinhala
ටහුඩු ඒ මොකෝ ඒ,1,sinhala
පොන්න හැත්ත.. කුණුහබ්බ කියන්න එපා පකෝ.. Chamalka© · 27 Jul 2018 URL,1,sinhala
මේක නම් පට්ට ප්ලේස් එකක් : ) #LoveTwitter,0,sinhala
පාලකයන් වෙනුවෙන් නීතිය නැමෙනව,0,sinhala
ොව් ඔය උපං කැත. නෑහ් අනේ.. මම කිව්වෙ මම සාමාන්‍යෙන් මේකප් කරන්නෑ කියලා.,0,sinhala
ඊයා ඌ හරකෙක් බන්...ඌව කන්න එකෙක් හොයාගන්න අමාරු වෙයි,1,sinhala
මෙයාට පිස්සු හැදිලද කොහෙද එපාර නම් lanka C news · 5 Nov 2015 අද ජනතාවගේ අතමිට සරුවෙලා.. සල්ලි තියෙනවා.. මිලදී ගැනීමේ හැකියාව වැඩිවෙලා.. | ලංකා සයිබර් නිව� URL,0,sinhala
කවදාද දන්නේ නැහැ සහනේ ජනතාවට ලැබෙන්නේ ?,0,sinhala
නාකි විසේ ගෙටත් වඩා උසයි කියනවනේ,1,sinhala
අාං චාලට් අක්කගේ කොල්ලත් බැදල නේද ? ජයටම මඟුල් ගෙදර ගත්ත. ඔ්ං පුතේ ඊළඟට ඉන්නෙ ඔයා තමා. මොනාද අාච්චි කියනේ අා එහෙම කියල ගෙදරට නාකි වෙන්නද? අර මහතුං අයියලාගේ තාත්ත නැති වෙලාලු. උන්දැටත් සෑහෙන්න වයසයි 70ත් පැනල. ඔන්න අාච්චි ඊළඟය ඔයා තමා. ඔයාටත් දැං 75ක්නෙ. -TheEnd-,0,sinhala
"පැය 24ම තෝ මේ කෙල්ල අල්ලන් දෙන දුකක්, මෙන්ශන් කලත් කතාකරන්නවත් වෙලාවක් දෙන්නෙ නෑනෙ ඇබලයෝ.. කෙල්ලටත් නිදහසක් දියන්... උබෙ ගෑනි.. මගෙ නංගී..",1,sinhala
කම්බුලට ගහලා කොහාෙමද විදෙස පතිපත්ති ශත්තිමත් කරන්නේ,0,sinhala
මහින්දගෙ Tweet එකට cmnt එකක් දැම්මා ගෑනු ටිකක් රෙද්ද උස්සන් එනවා....,1,sinhala
තූ තෝ ගයා....,1,sinhala
"කූජිත පූජීත පක පූම්බා තක පූපිරුවාගනි Nimak Nomathi - Lanka · 4 Jul 2019 යර්ස් සර්, ඔකේ සර්, මෙවැනි වදන් පමණක් රාජ්‍ය නිලධාරියෙකුට වටිනවාද ? ගෙදර ගැනිට දාන ලොකු ටෝක්, තමන් යටතේ ඉන්න අහිංසක නිලධාරීන්ට දාන මෝස්‌තර දේශපාලකයා ඉදිරියේ නොමැති වෙමේ ප්‍රතිපලයි මේ. මෙවැනි නපුන්සක් නිලධාරින් මේ රට කන උන් #srilanka ඕනේ තරම් ඉන්නවා තව",1,sinhala
තඩි කෙබරයක්. යකෝ ඕක කොරන්න කියල විතරයි බැරක් ඔබාමා බලය ඉල්ලුවෙ. ඌටත් ඇමෙරිකාවෙ කොරගන්න බැරි උන වැඩේ එදා වේල... URL,0,sinhala
"බස් ටීවී එකේ චාමර රණවක ස්ටේජ් එකේ shirt එකත් ගලවගෙන, අර තඩි බඩයි, අරවා දෙකයි පෙන්නගෙන, එයාගෙම English වලින් මොනවදෝ කියන ගමන් සින්දු කියනවා. නෙදකින් අප්පිරියයි",1,sinhala
කාලකන්නි ඕකුනගෙ පුක මහලා බඩයන්න බෙහෙත් දෙන්න ඕනා,1,sinhala
එක වෙලාවකට මේ මගුලේ #pornස්ටාර්ස්ලා විතරයි මොලෙත් වික්ෂිප්ත වෙනවා රෙද්ද,0,sinhala
රනුක අයියගෙන් කෝල් එකක්: හලෝ මේ මේ මල්ලි මෙතන මේ අමිත් මාලිංගව පැපී ගාවට දාල තෝ අහවල් එකක් කරනවයි? දාපන් මාව මම මටම: හිටපන් අයියෙ දෙන්න,0,sinhala
"දරුවෝ හදලා කුනුගොඩවල් වල දාලා යන,පාරේ අතරමන් කරල යන අම්මලා තාත්තලට සාප කරනවා! සංසාරේ කිසිම දිනයක දරුවන් නම් ලැබෙන්නේ එපා!",1,sinhala
අතරමං වෙලාද මහත්තයො ?,0,sinhala
තිරය පිටිපස්සෙන්ම ඒ-news Block කරලා නේද ... ලොක්කාගේ ඩිල් එලියට දාපු නිසා,0,sinhala
ඒකටනම් අමුතු කාලකණ්ණි සතුටක් එනවා.. C H I K U U · 4 Dec 2020 කොලොම්බු වලටත් වැදීගෙන එන්නෙ දැන් දැන් twitter.com/SamadhiDilruks…,0,sinhala
ඇයි බොල මේ අපි ඉන්නේ URL This Tweet is unavailable.,0,sinhala
ඕනෑවට වඩා වැඩ කරන රටක් ලංකාව. කෝ හැදිලද? ඩෙන්මාර්කය ස්වීඩනය වගේ රටවල් දවසට වැඩ කරන පැය ගාන පැය 5ට අඩු කරන්න හදනකොට මෙහේ පැය 8 දවසෙම කරවන්න හදන මරි මෝඩ ලොක්කෝ ඉන්නේ,0,sinhala
මං හිතුවේ අරුන්ට කඩේ යන එක විතරයි කරන්නේ කියලා බලන් යද්දි මුන් දෙලොවටම නැති බලූ ගූ චැනල් එකක් නේ,1,sinhala
එහෙනම් ඒකි සදා තනිකඩයි....,0,sinhala
", ඔබ ගෙනයන සමාජ මෙහෙවර අනේකයි! #shame සුජිත් අයියා · 5 Oct 2020 ආ.. news බලලා උද්දාමයට පත් උන අය මේ පැත්තට වෙන්න.. Show this thread :19 ,058 views",0,sinhala
මන් ලගම ඉන්න එකෙක් එක්ක කතාවක යද්දි ඌ කියනව අම්ම ඉඩමක් අරන් දාල තියෙන්නෙ මම තව අවුරුදු හතරක් විතර යද්දි ගේ හදනව බන් ඉක්මනට වාහනේකට ගිහිල්ල ෆික්ස් වෙන්න ඕනෙ අවුරුදු 25ක් විතර වෙනකොට කියල. ඒකට මන් තාම හිතන්නෙ රට වටේ ඇවිදින්න.ආතල් එකෙ ඉන්න. මෙහෙම ගියොත්නම් කෙල වෙනව. #අනාගතපැලෑන්නැ,0,sinhala
මැරෙන්න ඕන උනාම නයි ගැරඬි තලගොයි මුගටි හෝතම්ඹුවො බල්ලො පූසො එළුවො කුරුල්ලො සේරම එන්නෙ අපෙ වත්තට එපා වෙනවනෙ රෙද්ද.!,0,sinhala
"අයිසේ සුනන්ද මෙච්චර කල් අපේ මැරිච්ච සීයා වගේ නිසා ඉවසුව. කොළොඹ ගම්පහ කළුතර විතරයි දිස්ත්‍රික්ක අයිති බස්නාහිරට. යකෝ නාකියායෝ ගොන් බිජ්ජෙක් වගේ ඔහෙට වෙලා රෙන් නැතුව මෙහේ ඇවිත් බලාපිය sunanda deshapriya · 24 Mar 2020 #Militarisation in the time of #Corona . The largest province of #SriLanka with 5,821,710 population & 7 districts including the capital comes under a military governor. Former Air Force Commander Roshan Goonetileke appointed by Sri Lanka president former Lieutenant Colonel GR.",1,sinhala
වට්ටිය අයිංකලා නම් පට්ට කලාත්මක පොටෝව.. මධුවා · 3 Jan 2019 දෙහී වල ගනම් යකෝ,0,sinhala
නොම්බරේ ලියලා තිබ්බ කොල කෑල්ල headup display එක අස්සේ වැටුනා කියාන්කො,0,sinhala
කසිප්පු බිස්නස් එකේ ඉදන් කුඩු බිස්නස් එක දක්වා පිටිපස්සේ ඉන්නේ කාලකණ්ණි තුප්පැහි දේශපාලුවෝ. පුලුවන්නම් උන්ව අල්ලන්න මෙච්චර කල් ඇල්ලුවේ උන්ගේ හෙන්චයියෝ. නඩුවෙන් පස්සේ උනුත් නිදහස්. ඕක තමා හැමදාම වෙන්නේ,0,sinhala
බූස්ට් කරල නේ තිබ්බෙ.රටේ ආර්තිකය minus ගන්න යද්දී කොටස් වෙලදපොල කොහොමද ඔච්චර නගින්නේ.තවත් ආතල් එකක නිමාව.,0,sinhala
ඒත් ගෙවල්වල ගෑණු රෙද්ද උස්සන් අර කතා බලනවා ඇති,0,sinhala
ඔවු කාලකන්නි සක්කිලි ..,1,sinhala
අම්මාගායී ජෙරියා අලගල්ලේ කන්ද නැගපු හැටී.. ගල උඩ තියනවා නගින්න අමාරුම තැනක් එතනින් සිරාවටම පොඩ්ඩක් ලෙස්සුවොත් ඉතිං මිනිය ගන්න වෙන්නේ අඩු ගානක් යටින්. කෝම හරී අපි ඔක්කොම එතනින් ගියා ජෙරියා විතරක් උඩට එන්න බෑ කියලා ඇඩුවා ඊට පස්සේ අපි අනිත් ඔක්කොම ලණුදාලයී පොරව ගත්තේ #Katakathaa20,0,sinhala
මැරෙන්නවත් දෙන් නැ යකෝ Shani  · 11 Jan මල් වඩම් අනවශ්‍යයි..,0,sinhala
වහලම දැම්මනම් නරකද?? රටේ ඇති වෙලා තියෙන අවදානම් තත්වය නැති වෙනකන්..,0,sinhala
"ප්‍රධාන ටික පුරුශලිංගය=පයිය,පක ස්ත්‍රීලිංගය=හුත්ත,කිම්බ නපුංසකයා=පොන්නයා වෘෂනබිජ=ඇටදෙක ශුක්‍රාණු=කැරි සංසර්ගය - හුකනවා මේවා කුනුහරප වෙන්නෙ කොහෙමද? කොළඹ සිංහල මහාචාර්ය කෙනෙක්ම කියලා තියනවා ලංකාවේ තියෙන එකම කුනුහරපය ""ගණිකාව කියන එක විතරයි කියලා.අනිත් එවා මිනිස්සු හදාගත්ත පහත් දේවල්",1,sinhala
ද කිවුවේ අධිපතිතුමනි සාධාරණ නැ කියලා #srilanka,0,sinhala
අශ්වයාට පැනයන්න දී ඉස්තාලය වැසීම හෙවත් නඩුයි බඩුයි දෙකම අප්පච්චිගේ . #lka #SriLanka #AirbusBriberyScandal,0,sinhala
තෝ දැනගනින් මම බැහැල එන්නෙ නෑ. මට වෙලා නෑ උගන්නන්න තියනවා. අවජාතක බල්ලා :P,1,sinhala
තෝ නම් සාපයක්. දාසක් එවලා මම නන්නත්තාර උනා,1,sinhala
හොදයි අපි බොන්නේ දේශීය නිෂ්පාදන බොස් #ශ්‍රීලංකා,0,sinhala
"දේශප්‍රේමීනි, රාජපක්ශ විරෝධීනි, සමාජවාදීනි,.. උඹල ඔක්කොම පට්ට මීටර් එවුන් නිසාම. උඹලා මොල සේදීමට දක්ශ උන් නිසාත්, උඹලාගේ අත් පිරිසිදූ නිසාත් රට ගොඩ දැමිය හැක්කේ, උඹලාට පමනක් නිසාම. මේ මොහොතේ #මීටරෙන්_ඉන්න විජාතික වෛරසයක් උඹලාට එරෙහිව ක්‍රියාත්මකයි. #SriLanka #COVID19LK #lka",0,sinhala
මුන්ව පාර්ලිමේන්තුවට ගෙනාපු කාළකන්නි බයියො නම් හෙන ගහලා හැඳිගෑවිලා යන්න ඕනේ,1,sinhala
"""තෝ අදත් හුජ්ජ කට ගාගෙන නේද ආවේ"" The following media includes potentially sensitive content. Change settings View",1,sinhala
දන්නෙ නැත්තම් බලපත්‍ර දෙන සැටි ජොන්ස්ටන්ගෙන් අහාගන්න.,0,sinhala
ඉස්සරහ ගෙදර ඉන්න මෝඩ මූසලය උදේ පාන්දර කොහේහරි ගිහින් ඇවිල්ලා උගේ ගෑණිට කියල ගේට්ටුව ඇරගන්න හෝන් ගහලා පානදර නිදාගන්න ගියපු මාව ඇහැරෙව්වා.,1,sinhala
"මහින්දානන්ද අලුත්ගමගේ යනූ හොරෙක්, බොරු කාරයෙක්, පිස්සෙක්, වාචාලයෙක්, ගොන් මොඩයෙක්, ගෝඨාභය රාජපක්‍ෂ ඔයත් ඉන්නේ ඒ පිළේ ම නේද.. ඇයි මුන් වගේ අවජාතක සක්කිලි හැත්ත ට කඩේ යන්නේ.. කොහොමද රට ක් පාලනය කරන්නේ.. මහින්දානන්ද ට නීතියක් නැද්ද? අපි මෙවරත් වරද්ද ගත්තා",1,sinhala
අප රටේ මෙතරම් පිටරැටියන් අතින් හින්සාවට ලක් වෙනකොට ගොන්නු 69 ක් තේරූ රට රකින නළුවා ඇද අස්සෙද..,1,sinhala
#අපිටොනිදෙකටනෙමෙන්නේනැතිනායකයෙක්. මුන්නැහැ ජාතියන්තර කුමන්තරනයක ගොදුරක් වෙලා ද මේම කතා දමන්නේ..??????,0,sinhala
ඒකි ඉන්නෙ ඒකිගේ සුරඟනා ලොවේ ළිදේ ඉන්න ගෙම්බා වගේ යකෝ මේකි ගමට පහණ ⁣වෙන්නැති මේ රියන් යකි කෝකනැතත් ඒකි තැරි දාර බයි යෙකි,1,sinhala
අන්තිම එක දාලා නැවත්තුවා බං. ඊට වඩා දෙයක් කියන්න නෑ. උන්ගෙ තර්ක දැක්කම. හොඳ වෙලාවට අර මහත්මා ගාන්ධි මෙහෙ හිටියෙ නැත්තෙ. එහෙම උනානන් බලාගන්න තිබුනා පාරෙ මැද රීලා ෆොටෝ අරන් #Fun ගන්න හැටි ආතල් එකේ අපේ පොඩි හුජ්ජ රැළ.,0,sinhala
අනේ හුත්ත බොරු දාන්නැතුව හිටපන් පකේ ඇඩ්මින්,1,sinhala
"හෙට වුණත් ආණ්ඩුවෙන් යන්න පුළුවන් - ( නොදොකින්, නොපතන් ජරා හැත්ත ) #srilanka",1,sinhala
ඔව් ඇත්තෙන්ම... මේ අවස්ථාවේ...අපී... ජාතීන් අතර... සහජිවනේ... ඇතිකරන්න උවමනායි... Ranil Wickremesinghe *රි ආතල් හු*තෝ Maithripala Sirisena ආදරෙයි :* URL,1,sinhala
රස්සාවට වැඩිය කරන්නෙ වැඩවර්ජන කරන එකනෙ.ආන්ඩුවෙන් බලෙන් රස්සාවල් දීලා වගෙයි කතාව.,0,sinhala
හුත්තිගෙ පුතෝ ප්‍රෝ පික් එක බලල ඉන්බොක්ස් එන්ඩෙපා අසහනකාරී හුත්තිගෙ පුතාල ටිකට කියන්නෙ:| සෙක්ස් කරන්ඩ අහන්නෙ ගහනව තොපෙ අප්පගෙ වම් ඇටේ දෙපාරක් වැදිල අම්මගෙ වහුකුණු හුත්ත කුනුවෙන්න ආයි කියන්නෑ ඔන්න:|,1,sinhala
ආදරෙයි පැලේන්න ස' #SriLanka #Politics #LandLikeNoOther #clowns GIF,0,sinhala
අපරාදේ මුට මරාගෙන මැරෙන්න හිතුනේ නෑනේ අම්මපා!,0,sinhala
උගෙ ආතල් එක ගන්න දීලා පාඩුවෙ ඉඳපං බං.ඕවා කරුම.කලටිපොල් කැරැක්ටර්ස්නේ.අවොයිඩ් කරලා ඉන්න එක තමා හොඳම.නැත්තම් ලේ පිච්චෙන එකයි වෙන්නේ,0,sinhala
ගෙදර තීන්ත ගාන්න හදද්දි අස්සක තියලා හම්බුනේ.... මේව ලොවෙත් හොයාගන්න අමාරු ඒවා... ආසාවෙ බෑ දැන් දකිනකොට,0,sinhala
සුපුරැදු පරිදි මා නැගි කල බස් එකට කෙල්ලක් නැගුනි මලු එල්ලන් අත කටට ගම්දෝ නොගමිදො කියලා සිතුනි මට කවදාද අපේ මලු ගත්තේ මුං අතට -කපුටා-,0,sinhala
මෙයාට ඉන්නව කිකිළියෙක්.. ඒකි කොටන්න බලන්ඉන්නෙ,0,sinhala
ඒක තැබිලි ගහක්ද..පොල් ගහක්ද.. මොනවද අයිසෙ ඔය බලන්නෙ. මම කියුවෙ අර ගහ ගැන The following media includes potentially sensitive content. Change settings View,0,sinhala
මුලින්ම Social Media තහනම අයින් කරන්නකෝ... ඊට පස්සේ පුලුවන් විශ්වාසේ ගැන කතා කරන්න....,0,sinhala
කො අල්ලනව කියන්න හොරු .,0,sinhala
අපි වගේ වාත අමාරු එනකල් ඉන්නෙ නැතුව කෙල්ලෙක් අරං ඇවිල්ලා ඩිස්ටිඩිඩිමක් ගෙදරට වෙලාම දාගෙන හිටාම් පාඩුවේ.,0,sinhala
"මේක දැක්කම මතක් උනේ ඉස්සර ශ්‍රී මහා බෝධිය වඳින්න යනකොට අපේ අම්මා ශොපින් එකක් හරි වෙන බෑග් එකක් හරි අරන් යනවා.ගලවන සෙරෙප්පු ඒකට දාලා බෑග් එකට දා ගන්නවා.අනුමානෙ හැටියට සෙරෙප්පු ජෝඩු 5,6කට වැඩිය නැති වෙලා තියනවා අපේ ගෙදර අයගෙ.කාලයක් දාන සෙරෙප්පු දෙකක් ඒ කාලෙ ගන්න එක අපිට අමාරු දෙයක් KOTTAN කොට්ටන් · 2 Jan 2021 බුද්ධාගම තමයී පන්සල් යෑම. බෞද්ධ සංස්කෘතිය තමයී ගොඩ වෙන්න ඉස්සෙල්ලා සෙරෙප්පු ගැලවීම. බුද්ධ දර්මය තමයී ඒ සෙරෙප්පු දෙකට ඇති බැදීම නැති කර ගැනීම.",0,sinhala
අයවැයට අත උස්සන බත් බැලයන්ට ප්‍රාඩෝ ජීප්-කෝටි 322 ක් රටට අහිමි වේ රනිල්-මෛත්‍රී අවජාතක අයවැය සදහා ඡන්දය භාවිතා... URL,1,sinhala
ටහුඩු. ගෙඩිය පිටින් දාලා වැඩ කෙරුවෙ නැත්නම් alterations බොරු.,0,sinhala
වෝටර් බෝයි ලබ්බ තමා,1,sinhala
තොට ලබන අවුරුද්දෙත් කෙල්ලෙක් සෙට් වෙන්නෙ නෑ,0,sinhala
මූට පිස්සු ඉතින්...,1,sinhala
අපේ ගෑනුන්ට පෑඩ් පැකට් එකක් ගන්න බැරි හිගන්නෝ නෙවෙයි කඩේට ගියාම ඕන තරම් තියෙනවා යකෝ පෑඩ් වගේද ගෑස් අපි රට යන්නද ගේන්න ආන්ඩුව කරන එවුන් නිදිවදිනවද ගෑස් දිපියව් අපි උයන්නේ පෑඩ් දාලද පකෝ,1,sinhala
", ඩොන්ට් තින්ක් අබවුට් ඉට් ඩාලින් අයි කැන් හැඩල් දිස් සිටුවේශන්",0,sinhala
වෙලාවට සල්ලි නොදී බඩු දෙන්නෙ. චීනා උනත් දන්නව ඇතිනේ අපේ උන්ගේ හැටි...,0,sinhala
ලෝ ග්‍රැඩ්ස්ලටත් මාසෙට එක වලියක් දාගන්නේ නැතුව ඉන්න බෑ රෙද්ද. එක්කෝ අපේ උං ඒ පඩංගු ටික බ්ලොක් කරන්න ඕනේ. නැත්තන් ඒ පඩංගු සෙට් වෙලා අපේ උං ටිකව බ්ලොක් කරන්න ඕනේ. හෙණ වේදනාවක්නේ අයිසෙ මේ පඳුරු වේසියෙර් ටික දෙන්නේ හුත්ත.,1,sinhala
මාධ්‍ය ආචාරධර්ම තියාගනින් පකෝ සිරස,1,sinhala
නෙද්දකින් මේ වගෙ හරක් දෙන්නෙක් හිටියාම ඇති රටටකටම කෙල වෙන්න. පර හැත්ත,1,sinhala
"අපිට තමයි බබා, පැටියො, ඩාලින් කියන්න මොකෙක්වත් නැත්තෙ.. . . ඒ උනාට ගොනෝ, හරකි, වගේ එව්ව කියන්න නම් ඕනෙ තරම් ඉන්නව",0,sinhala
පිස්සුදෝත්තෝ කුනුහබ්බ කියන්න එපා පකෝ,1,sinhala
අර කැත නසරානි හිනාව තියන බල්ලා හරි නම් කීයක් හරි මට දෙන්න ඕනේ ලබ්බ.ඌව මේකේ මාකට් කරනවට,1,sinhala
"62 ලක්ෂයක් ජනතාව කැමැත්ත දුන්නු විධායක ජනපතිවරයෙකුට UNP උන් පර බල්ලා, පිස්සා, තිරිසනා, සිංහල භාෂාවේ නැති වචනත් බාවිතා කරමින් ඉතාමත් අමන ආකාරයෙන් අමතනවානම් රටේ ජනතාව හැටියට මේ අවුරුදු 3 නෙම මහජන මුදලින් පින් බත් ගිලපු මේකාට පිස්සෙක් කියන්නත් අයිතියක් තිබිය යුතු නොවේද රටේ ජනතාවට",1,sinhala
මම උඹව දන්න හැම අවුරුද්දෙම උඹ හොඳ මිනිහෙක් වෙනවා කිව්වා. - සාතන්,0,sinhala
දාර බඩුවක්.. හුම්ම් වැටකොළුත් හැංෙගනවා ඒකි දැක්කහම.,1,sinhala
අඩේ.. ඒක පට්ට. පයියාගල හරහා කිඹිස්ස URL,1,sinhala
පූසට දැනටමත් පිස්සු හැදිල ඇති. පෞ. උබට බෙහෙත් විදලා නැත්නම් ඌව එක්ක පලයන් වෙට් ලගට,0,sinhala
හොද බිස්නස් එහෙකට අදහසක් දිපල්ලකො මේකෙ ඉන්නේ ආර්තික විද්වත්තු නෙහ් හොද අදහස් ටිකක් කොටන් පලයන්,0,sinhala
අවජාතක වේස බල්ලෝ තොපිලා මේ දේ කලේ උදේ ආහය ගැනිමට අපු අපේ ස්වාමින්වහන්සේලට නේද බොලවු. මතක තියා ගනියවු මේ දේ කරපු... URL,1,sinhala
නියමයි! දේශීය කෘශි ආර්ථිකයට හොද ආරන්චියක්!,0,sinhala
තව ටිකක් පරක්කු වෙලා මේවා කරන්න තිබුණේ....දැන් මිනිස්සු poplin රෙදි වලින් මහගත්ත mask දානවා,0,sinhala
දෙල්කද හංදියට පොලිස්කාරයෙක් දාපං යකෝ! විනාඩි 20 බස් එකේ!,0,sinhala
"කැරි පොනනයා හුකවගන්න හදන්නෙ...පකයා,රෙන්න තියෙන පුක දෙන්නෙ නැතුව හිටපන් හුජ්ජ පොඩි එකා...",1,sinhala
", මේ පත්තිනි අම්මේ. තී වතාවක් දරෙන් රෙද්ද ගලවගත්තැහේ මේ පාර තිගෙ බොඩියවත් ඉතිරිවෙන්නේ නෑ තංගැට දෙක වහගන්ටවත්. ආං ඒක මතක තියාන අටවගත්ත රෙද්දවල් අකුලන හුම්මෙ ගහන එන දරත් ඇන්න පල ගත්තරු පරට්ටි එනවා මෙතන ජාතක මයින්ඩ",1,sinhala
අපේ එවුන් මහ පාරවල් දිගේ වැඩ වචන කර කර විරෝධතා පා නොකොට කොහෙද හුත්තො රට දියුණු වෙන්නේ,1,sinhala
තොපි දෙන්නම නාකියි. හූ හූ. . . . . . . . . . . . . . . . . මම අනූ තුනේ ඕලෙවල්,1,sinhala
ක්වින්ඩාඕ නෙවෙයි යකෝ ඡිංදාඹ්.,0,sinhala
රෙද්ද බොලගේ ලබ්බේ update එනකන් බලන් ඉඳලයි මහන්සි Helakuru · 9 Oct 2018 Apple කට්ටියට type කරලා මහන්සිත් ඇති නේද? URL #Helakuru #Srilanka #iOS12,1,sinhala
දෙවිවරු පොලොවේ... The following media includes potentially sensitive content. Change settings View,0,sinhala
", ඕකා ඔය තඩි කෙබර කියන්නෙ. ෂුවර් එකටම ලොකුම බොරුවට ප්‍රැක්ටිස් කරනවා. ඕකට ලැජ්ජාව කියල දෙයක් ඇත්තෙම නෑ. හොඳ කොල්ලා. තනිකඩයා. වැඩි වැරදි නෑ. ඇස් පේනවා පොඩ්ඩක් හොරයි. ඒකත් අවුලක් නෑ. කණ්නඩි දානවා. ගොඩින් මඩින් ගොඩක් තියනවා. කලින් පොරොන්දු දෙන්න කෙල්ලෙක් ඉඳල නෑ. චරිතෙ හොඳයි",0,sinhala
වේස බල්ලෝ කියල තමයි දකුණු රටේ ඕකුන්ට කියන්නේ.,1,sinhala
"උඹ මගේ රාස්සය විතරක් නෙවෙයි.. උඹ මගේ හැන්දෑව.. මං හැන්දෑව කියන්නෙ උඹට... මොකද උඹ තමයි මට දවසේ සැනසෙන්න හොඳම තැන.. ඉතින් යස්ස පැටිස් , වහිනවා ඔන්න අද මෙහෙට.. එක කෝපි කෝප්පයක් උඹෙ අස්සට වෙලා බොන්න මං බලන් ඉන්නම් අද හවස... හුස්ම හුස්මට ඔබ්බන්න වැස්සක් අරන් ඔබ එන්න",0,sinhala
දැන් ගූ ගොඩවල් HD වලින් බලන්න පුලුවන්... මරු,0,sinhala
"- පළුදු වෙලා, සිදුරු වුණ භාජන වල වතුර පුරවලා තිව්වට වැඩක් නෑ මචං, ඒවායින් කොහොමත් වතුර කාන්දු වෙලා හිස් වෙනවා. හිස් විදියටම තියෙන්නයි ඒවා කැමති. + මට තාම හිතාගන්න බෑ, දැන දැනම මම, ඒ වගේ භාජනයක් පිරෙව්වෙ ඇයි කියලා. - උඹේ ගොන්කම නෙ යකෝ! වෙන මොකක්ද?",1,sinhala
#IPL නම් සාපයක් වෙයි වගේ. Team 10 ක් වැඩි නැද්ද යකෝ,1,sinhala
ඒ බැංකුවට දුන්නම මාරු කරල දෙනවා. ඒ බැංකුවට යන්න අමාරු නම් කොළේක ඉරිච්ච නෝට්ටුව අලවල ඒක පිටිපස්සෙ account no. Name ලියල account එකකට දාන්නත් පුලුවන්,0,sinhala
මම පට්ට හුරතල් නේද බන්...,0,sinhala
"මෙලෝ රහක් නැති ඉන්දියන් පඩංගු වලට වහ වැටිලා ගොබ්බ සංකෘතියක් හදාගෙන එක එකාට බැනගෙන,,, ඉරිසියා කරගෙන ...වගේ වගක් නැතුව කොට්ට පුක අස්සෙ ගහගෙන දෙමාපියන්ගෙ දේපලෙන් කකා බිබී පුක උඩ දාගෙන පෝන් ඔබ ඔබා හිටපල්ලා... ඒ ඇති...",1,sinhala
"මොන මඟුලක්ද යකෝ exam කාලෙටනේ හැම රෙද්දම එන්නෙ. PUBG: BATTLEGROUNDS · 19 Jul 2018 Event Mode METAL RAIN returns in 24 hours! Battle it out in 8-player squadsuse flare guns to call down a heavily-armored UAZ, or special care package. URL",0,sinhala
මොකද හු....කරන්නේ? මාර පොන්න විදිහටනේ මුන් runout වෙන්නේ,1,sinhala
පෙබරවාරි මාසේ පිස්සු කෙලින මාසයක් නම් වෙන්නේ නෑ Dinuk · 17 Jan 2021 අද දිනයේදී කොවිඩ් -19 වෛරසය ආසාදනය වීමෙන් පුද්ගල මරණ 08 ක් වාර්තා වී ඇති බව සෞඛ්‍ය සේවා අධ්‍යක්ෂක ජනරාල්වරයා නිවේදනය කර සිටියි #lka #SriLanka #COVID19,0,sinhala
"Bike එකේ ගිහින් අහු උනාම ""අයිසෙ තමුසෙට මොලේ නැද්ද ඕයි පිස්සෙක් වගේ වාහන එලවන්නෙ"" කියලා අහන පොලිස් අංකල්ම ඇයි බං... URL",0,sinhala
“ඔයා රනිල්ගේ ඇල්ශේෂන් බල්ලා…” – මහින්දානන්දගෙන් පී.පෙරේරාට අලුත් නමක් (VIDEO) URL,1,sinhala
RT සමපෝස නැත්තං නාකි උන්දැලා වාහන ස්‍ටාට් කරං හමාරයි ඈ,0,sinhala
"කලින් පත් කිරීම් ගැන නාමල් විවේචනය කළා සේම, පත් කළ ක්‍රීඩා කමිටුව පිළිබඳ credit එකත් ඔහුට දිය යුතුයි. මේ වගේ කමිටුවක් පත් කරන්න, ඒකට මේ වගේ තිංක් ටෑන්ක් එකක් දාන්න හේතු වුනෙත් අර කලින් කරපු විවේචනම තමයි. අන්න ඒකයි ඕන ගොන් වැඩකට ප්‍රශස්ථි නොගයා විවේචනය වැදගත් වන්නේ.",0,sinhala
මුගෙ මහ එකාට කවුද දන්නෑ බොරලුාගාඩ සිංහයා කිව්වේ ..මේකනම් තනිකරම මන්ධබුද්ධික නාකි ලොන්තයෙක් .රැකියා ආරක්ෂා කරගන්න කලින් රැකියාකරන එවුන් ජීවත් වෙලා ඉන්න එපැයි ..විදේශවිණිමයක් නැත්නම් මුංටත් හුලං තමයි..ඒකයිමේ දැන් එලිබැහැල ඉන්නේ .තෝ මැරිලම පල නාකි පොන්නයා,1,sinhala
හුකපන් නටාලි වේසි,1,sinhala
කෙල්ලෙක් නෑ පකෝ සෝස මල · 4 Nov 2021 Caption Please...,1,sinhala
"යකෝ රටක් දියුණුවෙන්න ජංගි මහලා හරි ""නිෂ්පාදන ආර්ථිකයක්"" තියෙන්නෙ ඕනි. UNP ආන්ඩුව එදා එහෙම හරි garments ඇරලා, මහවැලිය වගේ අති විශාල ව්‍යාපෘති නොකරන්න මොනවද ශ්‍රී ලංකා ආන්ඩුව නිෂ්පාදන ආර්ථිකයක් වෙනුවෙන් කරේ ? චීනට කලිසම ගැලෙව්වා ඇරෙන්න ? ගොං හරකා Manjula Basnayake · 11 Jun 2021 The UNP government built garments factoryemployed innocent boysgirls to sew underwear for women. We had more history than that - Minister of State Indika Anuruddha. #Lka",1,sinhala
#රෙද්ද නිවාඩු දවසෙවත් ආතල් එකේ නිකන් ඉන්න නැති හැටි..,0,sinhala
ගම්මන්පිල අපි දැන් උඹට ඉල්ලා අස්වෙන්න කියලා බල කරලා ලියුමක් ගහලා media වලට දානවා උඹ සමාව අරං පොඩ්ඩක් ඉල්ලා අස්වෙයන්,0,sinhala
නොදකින් මෙතන බොරැ ලැජ්ජාව,0,sinhala
"නිහඬ පරිසරයක ඉන්න කියල කොහෙහරි එතෙන්ඩ ගිහාම එතෙන්ඩ "" පඩිගත්ත සක්කිලි ආවා වගේ "" ආපුහම..... .",1,sinhala
"හරක් මරා මස් අපනයනය කිරීම පට්ට් කුසල කර්මයක් වන අතර මෙරට අනුභව කිරීම පට්ට අකුසල කර්මයකි,,,!!! #මැඩවිල්ලේබන",0,sinhala
උඹ මුල හොයා ගත්තේ නැද්ද? ආ... රත්තා · 23 Aug 2015 Twitter was peacefulthen tweeted this #Source URL,0,sinhala
"චතුර සේනාරත්න, කාව හරි පරද්දනව කියල නේද කොහෙවත් ඉදල එකපාරට ප්‍රසිද්ධ උනේ ? අඩු ගානේ ඒකවත් කරලද ? වැඩට වඩා කටට තමයි ඉතින් මුල් තැන :-/",0,sinhala
මේ ගොං #UNP කාරයෝ රටට කෙලවන විදියේ වැඩ කරන එක නං නවත්තන් නෑ ලොවෙත්.. මී ගවයිනේ තොපි නං කොච්චර චන්ද පැරදුනත් පාඩමක් ඉගෙන ගන්නේ නැති අපූරු ජීවී කොට්ටාසයක් #enoughUNP #lka,1,sinhala
"වාහන පාර්ක් එකෙන් එද්දි ටිකට් කඩන මනුස්සයා අහිංසකයි, වයසයි වගේනම්.... සල්ලි දීලා, ටිකට් එක නොගෙන ""එපා අංකල් ඒ සල්ලි ඔයාට."" කියන, වචන ටික කියලා ලැබෙන සතුට මං කියනවට අත් විදලා බලපල්ලා.... හුස්ම ගද්දි පට්ට සනීපයි.... AC නැතත් දාඩිය නෑ....",0,sinhala
පට්ට අහ්හ් සින්දුව අහන ගමන් පොඩි ලයික් එකකුත් දාල යන්නෝ Pawanyasara URL,0,sinhala
උඹ සේපට පැළේ කෑවා නේ...,0,sinhala
බස් පයිය මොනවගේද අයියා,1,sinhala
ඕකුන්ගෙ පයිය කපලා හරි තලලා හරි දමන්න ගට තියෙන දායක ඇත්තො ඔය හතර පේරුවෙම නැද්දැ?,1,sinhala
", ඔයා නිකන් මිරිස් කුඩු ප්‍රසන්න රනවීර වගේ. පොල් කිම්බ මං කියන්න ඕනෙද? කණ්නාඩියකින් ගිහින් තොගෙ කට බලපංකො. පොල් කිබි හොදයි. නෙදකින් desi හුත්තක් වගේ",1,sinhala
ඊයෙ පෙරේදත් මේ වගේ සීන් එකක් උනා. කොන්ද පන නැති පොන්න ඩයල් හැම තැනම. මගේ එකී ගැන මටම කියන්න එනවා. කාලකණ්ණි හැත්ත. Shamal Dilantha · 12 Nov 2017 සමහර ඩෑල් ඉන්නව කෙල්ලෙක්ට කොල්ලෙක් ඉන්නව කිව්වම මාර අමාරුවක් තියෙන්නෙ... ලයින් දාල බැරිවුනාම කෙල්ලව චොර කරන්න දගලනව... කතා ඕන නෑ රියල් පොන්නයො,1,sinhala
අයිසෙ අහස පොළව නුහුලන අපරාධ 1,0,sinhala
", බය වෙන්න එපා අපි සපෝර්ට් එක දෙන්නම්. උඹ කරන් පලයන්. අපි ඉන්නවා ඔ්න දේකට.",0,sinhala
බයික් එකේ...ආපු දාට.. පන කඩාගෙන වහිනව... රෙද්ද...ටවුකන්න,1,sinhala
උද්ඝෝෂනකරල දියුනුවුනු රටක් මිහිපිට නැත එනිසා ආන්ඩුක්‍රම ව්‍යවස්ථාවෙහි මෙවැනි දේ සදහා ඇති ප්‍රතිපාදයන් කෙරෙහි අවදානය යොමුකිරීමට කාලය එළබ ඇත!,0,sinhala
"දිරිගැන්වීම, සැනසීම සහ බලාපොරොත්තුව ලබා දීම සඳහා බයිබලානුකුල ලිපිවල තේමාත්මක මෙනුව: Sinhala: URL English: URL French: URL Spanish: URL Portuguese: URL",0,sinhala
එක නීතියක් කියලනේ කිවුවේ?,0,sinhala
සහතික ඇත්ත.. ඕවා අපේ සත් ගුණවත් නලලේ බුද්ධාගම කොටන් ඉන්න කට්ටිය හදාගත්තු බහුබූත තමයි.. ළමයෙක් ඉපදෙන්නෙත් අම්මා ගෙන්. එහෙව් ගෑණි ගෙ කිලි ලු පන්සල ඇතුලට එද්දි.. URL This Tweet is unavailable.,0,sinhala
තැන තැන ගුණකතන වයන්නෙපා බන්. ගොනා කියලා මරන්නද කියලා හිතලා අතෑරලා දැම්මාම එනවා චරිත සහතික දෙන්න,1,sinhala
බය නැත්නම් ගිහිල්ලා උඹේ ලොක්කාට කියපන්කො ඕක GIF,0,sinhala
ද සහරාන් සම්බන්ද වුණේ? එතකොට සහරාන් ඇතුලු 26 දෙනෙකුට මහින්ද රාජපක්ෂ ආණ්ඩුව පඩි දිලා බලාගත්තේ 2016ද???? ඇයි පඩි දීපු උන්ගෙන් ප්‍රශ්න නොකරන්නේ??? අපි දැනගන්න ඕනැ කවුද සටන් පුහුණු දුන්නේ?කොහෙද සටන් ඉගෙන ගත්තේ? කවුද ආයුධ දුන්නේ? කවුද මුංට පඩි දෙන්න අනුමත කරේ?ප්‍රශ්න ගොඩක්??,0,sinhala
මගේ ගෑනිගේ හොද කම කියන්නේ එකී මට හැම වෙලේම කියන්නේ කොච්චර වේස කමේ ගියත් කමක් නෑ ගිහින් ගෙදර එනකොට පයිය හොදට... URL,1,sinhala
ජෝන්ගේ පස්ස අත්අඩංගුවට ගන්න කියලා (වීඩියෝ) URL via #lka #srilanka,0,sinhala
"මුලු ගමම දෙවනත් කරපු ඝාණ්ටාර කුළුණ යට පැටියත් බදාගෙන, බැල්ලි නිදි යසට අරුමය! පැටියගෙ හීන් කෙදිරිල්ලට අවදි වුනා විගහට #ammgesenehasa",0,sinhala
සියත ආයතනයේ අයට ඒ විරෝධතාකරුවන් ලිය්මක් දීල යනව කිසි අවුලක් නෑ සිරස ඒ අයම ආවම මාර අවුලක් උනේ ඇයි,0,sinhala
"නිදහසේ ෆිල්ම්ස් බා ගන්න තිබුණු YIFY සයිට් එකට Ddos ගහලා, කෙලවපු උන්ට හෙනම ගහන්න ඕනේ බොල... YIFY/ YTS Shuts... URL",0,sinhala
ඊශ්‍රායලය අල් ජසීරා බිල්ඩිමට ගැහුව එක හෙන ලොකු සීන් එකක් වගේ කට්ටිය කතා උනාට. kingsmen head office එකට ගහපු එක දැකලා තිබ්බ නම් ඔහොම කියන්නෙ නෑ. කුඩුත් නෑ ඒ ශොට් එකට.,0,sinhala
ජනේලෙන් පුක නොදී හිටහං අම්මෝ මේක ඩෙඩ් වෙලා එම්බාම් උන,1,sinhala
"Facebook එකේ reach ගන්න කොහෙන් හරි පොඩි කෙල්ලෙකුයි, කොල්ලෙකුයි එකට ඉන්න photo එකක් හොයාගෙන ""අද අපි දෙන්නා රූම් ගියා"" ""අපි හතේ පන්තියේ ඉඳලා ලව් කලේ"" වගේ fake post හදලා දාන උන් තමයි ලබන ආත්මේ sexual orientation එක strainght වෙලා, පයිය නගින්නැතුව ඉපදෙන්නේ !",1,sinhala
නිකං කාලය කන්න කතා කර කර ඉන්නවා. අප රටට මෛත්‍රීපාල රාලහාමි අංකල් කරන මේ අපරාධයට ප්‍රතිඵල භුක්ති විඳින්නම වෙනවා.,0,sinhala
කරපු වැරදි ටික සාධාරණීකරණය කරයි. වෙන මොනව කරන්න ද ?,0,sinhala
අවුරැදු 99කට බදුදීම සහ විකීණීම අතර විසාල වෙනසක් නැත..,0,sinhala
"මිතුර, තොපි මැරිලද",0,sinhala
"තුන්වෙනි දවසෙ මම පිරිමි තුන් දෙනෙක් එක්ක එනව.. ඒ කවුරුද?' කියල ඇහුව.. ඒකටත් කල්පනා කරපු ගිරව කිව්ව 'ඒ ඔයාගෙ ස්වාමියයි, ඔයාගෙ සහෝදරයයි, ස්වාමියාගෙ තාත්තයි මැඩම්' කියල.. ගිරවගෙ වැදගත්කම ගැන දැන් ගෑණි නහුතයක් කියවනව.. කියවලා කිව්ව 'අනේ මගේ ඩාලින් ගිරවෝ.. ඔන්න මගෙ අන්තිම ප්‍රශ්නෙ ok.",0,sinhala
"අක්කා කෙනෙක් ඉන්නවා..පොල් පිත්තකින් 10ක් කපන්න පුළුවන් ... හොඳම යාළුවෙක් ඉන්නවා...ඌ වගේ උන් 100ක් තව හොයාගන්න පුළුවන්... , තොපි දෙන්නට තමා කියන්නෙ මේ... හොයාගන්නවා අලුතෙන් දෙන්නෙක් හිටපන්කො",0,sinhala
තමන්ගේ උනුත් අන්ත අසරණ උන වෙලාවකටවත් උදවුවක් දෙන්නවත් යන්න බැරි කාලකණ්ණි රස්සාවල් කරන අපි..ශිට්..,1,sinhala
"""හායි ඩාලින්,අද අපේ වයිෆ් ගියා යන්නම දලා.මටත් ඒවගේ කෙනෙක්ගෙ කිසි වැඩක් නෑ.මං රැවටුනා.මගෙ කරුමෙ ඒක.මං දන්නව ඔයා මාව ඉක්මනට තේරුම් ගනියි.දැන් ඇඳුම් මාරු කරන ගමන් ඉන්නෙ මගෙ පැටියො. උම්ම්ම්ම්මා..ආදරෙයි මගෙ හනී..'' ෆෝන් එක කට් කරල බිරිඳ ලියපු ලියමන අතට අරන් ඒකෙම යටින් මොනාද ලිවුවලු..",0,sinhala
14 others සොලි ඩාලින් පේනවනේ මම හරි බීසී උනා,0,sinhala
මේ හුත්තිගෙ පුතාලා කෑලේ කපලා ඉන්න බෑ ගින්දර වගෙ රස්නෙයි ඒ අස්සෙන් කරන්ට් එකත් කපලා අනේ හුකේ උබලගෙ පොන්න ආන්ඩුව... URL,1,sinhala
ඔහුගෙන් අහන ප්‍රශ්න අදාල නැති ඒවා. බොම්බ හදනවා කියයි කියලා හිතුවද ?,0,sinhala
ඈ බොල ගොන් සුන්තො කොල්ලො කාරයෝ කොල්ලො ගහන්නෙ නැතුව මොකක් කරන්න්ද.ඒකනේ උන්ට කොල්ලො කාරයෝ කියන්නෙ.උබල වගේ උන්ට... URL,1,sinhala
නියම කාලකන්නියෙක්.මු ප්‍රහාකරන් වගේ.,1,sinhala
පොත් මේස ලාච්චුවේ මොකට මේවා දාන් හිටියේ. ඔය පාඩම කරපු හැටි තමයි.. අම්ම,0,sinhala
යකො මට වේසි කියලා මේකිට මෙච්චර හොදින් කියන්න අඩො ඇඩ්මින් දැනගනින් බාවනවා තෝවා ගොටුකොල හැලපයා,1,sinhala
මේ මොන සමයක්ද? තෝ කාගෙන් අහලද වල් බල්ලෝ මගේ photo ගත්තේ? ගස් බල්ලා. තෝ ඕන ලබ්බක් දානින්. මගේ photo අයින් කරලා. ගල් මූසලයා.,1,sinhala
"මනා සේ හැදින , ගොනා සේ හැසිරීමද ප්‍රගුණ කල යුතු කලාවකි. ඔව් ඔව්..",0,sinhala
අපි මෙි යාහා පාලනය අන්ඩුවට යමි සාදර්න කලයක් දාය යුතුයි අපට විශ්වාසායි මෙි අන්ඩුව,0,sinhala
යකෝ තොට මෝල නැගලා නං පල වල් ගැහැණියක් පස්සේ...අසරණ ලමයින්ට ඉගෙන ගන්න දිපං සක්කිලියෝ...උබලා තමයි ජාති වාද පටං ගෙන... URL,1,sinhala
වේසි වේසි මය් ගවුමක් ඇ න්දාට,1,sinhala
"""පිණ්ඩපාතය පවතින්නේ මුදල් එකතු කිරීම පිණිස නොවේ. එය බුදු දහමට පටහැනි ව්නය ව්‍ රෝධී ක්‍රියාවකි. අශෝක රජ සමයේදී මෙන් සංඝායනාවක් කොට",0,sinhala
"දයාසිරි ජයසේකර ශ්‍රී ලංකා නිදහස් පක්ෂෙ පිරිසිදුයි කියන එක නිකන් dani daniels මාධ්‍ය සාකච්ඡාවක් තියල ""මම කන්‍යාවියක්"" කිව්ව වගේ",1,sinhala
බිව්ව නොබිව්ව කෙසේ වෙතත් ඔය කොයි කවෘත් බලන් ඉන්නෙ රෙද්ද අස්සෙ රිංඟන්න තමා..,1,sinhala
ඔව්. සරල විදියට ජීවත් උනු අයට සෑහෙන්න අමාරු කාලයක් මේක . උ්‍රඩ ඉන්න උන් ටික බලන් ඉද්දි තඩි වෙනවා. යට උන් කන්න නැතුව බලන් ඉන්නවා.,0,sinhala
අනේ හුකේ කිම්බ සුදු නම් රටට හිකිනත් කමක් නෑ.....,1,sinhala
"අපි කෙල්ලෙක් දිහා බැලුවොත්, ටෝක් කරන්න ගත්තොත්, etc... එක්කෝ ඒකීට කොල්ලෙක් ඉන්නවා. නැත්නම් කොල්ලෝ ඉන්නවා.. නැත්නම් බඩුවක්.. නැත්නම් නඩුවක්.. නැත්නම් අක්ක කෙනෙක්... නැත්නම් ඒකීට කලකිරිලා.. කවදටද යකෝ ඔය එකක් වත් නෙවෙන කෙල්ලෙක් ටෝක් කරගන්න ලැබෙන්නේ...",0,sinhala
කාක්ක කණුව උඩ ඉන්නෙක ශොට් එක මැක්සා.. මුල ඉඬලම කෙල්ලගෙ ගලයි පුකයි පෙන්වන් නැතුව මැද දි පෙනුන නම් හොඳ යි.. අනුශ්ක ගෙ කටහඬ චොර. ඊටවඩා ගුණයා සිංදුව කියනෙකාගෙ වොයිස් පට්ට. වීඩියෝ එකත් බෝරිං.. සිංදුවෙ මියුසික් රිලික්ස් නම් හොඳයි.. #වස්තිවීඩියෝ #අලුත්මඑක #විචාර,1,sinhala
හැමදාම පස්ස ගගහ ඉදලා බෑ පොඩ්ඩක් ට්‍රයි කලොත් මොකෝ.,0,sinhala
සිරස තාමත් මොකට දානවද මෙයාගෙ වැදි බණ.,0,sinhala
ලස්සන පොඩ්ඩො කෙල්ලන්ට වඩා ආතල් ගන්න...නියමයි. සුදුපාට බඩ...බුරියට යටින් ලා පා⁣ට පහලට ගිය...මයිල් ටික..ලාවට මයිල් දෙක තුන එන..පයිය ලග...වව්...නියමයි,1,sinhala
රජකාලෙ ප්‍රේම අඳෝනාවක් මට සජෙස් කරනව දැන් දවස් දෙක තුනක්ම...මොන රෙද්දක් ද මේ..ෆෙන්ඩ් ලිස්ට් එකෙන් අයින් කලාම ආයෙ හමුනන්න එනෝ ..රෙද්ද..,1,sinhala
දැන් සක්කිලි ටික යයි ඒ මිනිස්සු interview කරන්න.. ගිහින් ගොබිබ ප්‍රශ්න අහයි උන්ට වඩා උන් නෑ වගේ පෙන්නන්න.,1,sinhala
වැඩක් නැහැ ලිපියම TV එකේ ගියානේ ... එතකොට මොකද වෙන්නේ ....,0,sinhala
බුදුදුහමට නිග්‍රහ කරන බල්ලා ඇන ගනි බුදුදුහමට නිග්‍රහ කරන බල්ලා ඇනගනි... මුගෙන් ඉගන ගත්තු උන්ට දෙවිපිහිටයි ..... URL,1,sinhala
"ඒ වගේමයි රටේ ""සමහරක්"" මිනිස්සු හොරු පරද්දන්න අනිත් හොරු ටිකට චන්දෙ දෙනවා.විදුහල්පති පරාද කරල.කසිප්පු විකුනන එකාව යැව්වා සභාවට.",0,sinhala
මුන් ආතල් ගන්නවා හැමදාම දවල්ට කපනවා රෙද්ද. තව ටික දවසකින් අලුත් hard එකක් දාන්න වෙනවා sure,0,sinhala
පල යන්න තෝ වල් ආසියා,1,sinhala
මොන විසදුම හොයාගත්තට් අම්ම මාව ඇහැරවනවා බන්,0,sinhala
"රටේ දරුවො ගැන නොහිතන කාලකණ්ණි පාලකයෝ., පටු වාසි, කොමිස් වෙනුවෙන් රටේ ආර්ථිකය කාබාසිනිය කලා විතරක් නෙමෙයි මුළු ජනතාවම ලෙඩ ජනතාවක් කරා.පිටි කිරි නිපදවන්න අධික උෂ්ණත්වයක් පාවිච්චි කරනව. දියර කිරි අධික උෂ්ණත්ව කුටීර තුල ස්ප්‍රේ කරනව. ඒ අධික උෂ්ණත්වය නිසා දියර කිරි වල තියෙන ස්භාවික",1,sinhala
නොදකින් ශානෝ මෙන්න මේකි උදව් ඉල්ලන්නේ මොකටද බලපිය බං,1,sinhala
මේ වගේ කාලකණ්ණි ඉන්න නිසා තමයි අපේ රත්තරං බුදු දහම,1,sinhala
"""ඉරානෙට යන්න ටිකට් ගන්නත් අමාරු වුනා"" දුෂ්කරතා බාධක මැදින් ආසියාවම පරදා රන් පදක්කම් දිනූ අපේ ක්‍රීඩිකාව..! රටටම... URL",0,sinhala
Twitter එකට පොදු අවුරුදු උත්සවයක් නැති එක හෙන පාඩුයි බොල!,0,sinhala
"අම්මේ.... මොකද බොල.. මාමල ගෙනාපු cake එක කමු.. තියපං ඔ්ක පැත්තකින්, එ්ක තියෙන්නෙ පුංචිලාගෙ ගෙදර ගෙනියන්න. හා... තිබ්බ.",0,sinhala
කවුරුන් හරිද නොව කුමක් හරිදැයි සොයන්න ......,0,sinhala
පයිය තලන්න ඔන ඔකූන්ගේ,1,sinhala
පොඩි කාලෙ ඉස්කෝලෙන් පොතක් හදන්න දීලා අකුරු කැතට ලියලා ඒක හැදුව කියල අම්මගෙන් hanger එකෙන් ගුටි කෑවා...රිදෙනවද අහන්න එපා යකෝ.... ඔව් රිදෙනවා වේවැලට වඩා හපන්.. #ChildhoodMemoriesLk,0,sinhala
"Sarah Andersen දකිනවා නම් මෙහේ ඉන්න මොංගල් මල් පලතුරු කෙල්ලො ඒකිගේ comics පාවිච්චි කරලා හදන මොංගල් ඇඬියාවල්, ඒකි මෙච්චර කාලෙකට ඇන්ද comics ටිකත් ගුලි කරන් මහවැලියට පනිනවා සුවර්",1,sinhala
උදෙන්ම මේ ඉලව් ගිෆ්ට් වීඩියෝ දාන්න එපා රෙද්ද ඉන්න තැනත් එක්ක ඕක බලන්නෙ කොහොමද,0,sinhala
ඔබතුමාට නිවන් සුව ලැබේ වා,0,sinhala
ICU එකේ මේදවස් වල pt ලා අඩු නිසා හෙට වැක්සිනේශන් එකේ emmergency එකකට ICU එක ලෑස්ති කරනවා.. මම- පිස්සුද අනේ ඒ තරම් anaphylactic එන්න පුලුවන්ද Also මම - අඩො මටම එයි දම්නෑ බොක්ක,0,sinhala
ටහුඩු ඒක Kalinga · 29 Dec 2018,0,sinhala
බඩඋඩින් ගේ විමර්ශනත් හරියට රබර් වගේ.... ඇදෙනවා විතරයි .... කමක්නෑ පාස්කු ප්‍රහාරයට සම්බන්ධ වුන්ට දඬුවම් කලානේ #Respect,0,sinhala
තෝ ඕවට ආවොත් නම් මියුට් කරල අන්ෆලෝ කරල බ්ලොක් කරල රිපෝටුත් කරනවා. ඇයි යකෝ.,0,sinhala
හම්සා නැමති වල් බල්ලා! ඌ කිව්වා ඌව බෝඩිමෙන් එලියට දැම්මා කියලා 4/21 ප්‍රහාරෙන් පස්සේ හෙන පචයක් මේකේ! ජාතිවාදීයා!,1,sinhala
"* කෙල්ලන්ගේ පෝස්ට් වලට දෙපිට කැපෙන්න reply, සබ් ගැසීම හා ඒවා ශෙයා කිරීමට එන අම්මෝ ඒක ගැන්සිය * ගෑනුන්ගේ ඇඟේ කෑලි වර්ණනා කරමින් ඒකි නම් හෙනම බඩුව කියා පොයිය ඇද බා ගැන්සියේ වීරයා වීම *බ්‍රෑන්ඩඩ් ඇඳුම් පැළඳුම් ඇඳ ෆයිව් ස්ටාර් හෝටල් වලින් කා දමන ෆොටෝ සෙට් එක",0,sinhala
UK gave airplanes to #LTTE රනිල් තොට සුද්ද සිංහලෙන් කිව්වේ දැන්ම ගෙදර පල #SriLanka #LKA #UNP #MR #ranil #mahinda #lk,0,sinhala
"කියලා වැඩක් නෑ... අපි දන්න තරම්වත් මේ සමහර කහ කඩ කාරයෝ බුදු දහම දන්නවද දන් නෑ...අැයි දෙවියනේ බුදු දහම කියන්නේ බුද්ධියේ දහම වෙලත්, බුද්ධ පුත්‍රයෝ නැමති සමහර පරට්ට එවුන් මෙච්චර දගලන්නේ.... #අප්පිරියයි.",1,sinhala
"බැසිල් ගෙ දුව කියල බිකිනි ෆොටෝ වගයක් යවනව. එව්ව ෆේක්. හැබැයි කතන්දරේ ඒක නෙවේ, ඒක පබ්ලිශ් කරණ ගොං හැත්ත බිකිණියක් දැකල නැති ලිං මැඩි වාහෙලා.. . උං වගෙ ගෝත්‍රික හැත්ත හොඳයි රිශාඩ් ලට.. .. අහ් රිශාර්ඩ් සජී බබාට සාය දෙනවලු නෙ.. ඒක වෙන්න ඇති.. හික්",1,sinhala
කලින් මැච් තුනටත් උඹ නොගියානම් මොකක් හරි වෙන්ට තිබ්බා Jerry  · 8 Aug 2018 වැදහල්ලා මට මැච් එක බලන්න නොගියට.. #SLvSA,0,sinhala
ඉහල උන්ගෙ කල්ලි වල්ලි අපි ලග නෑ සල්ලි මල්ලි පුංචි රෝමෙ වැල්ලෙ බැල්ලි අල්ලයි බං උන්ගෙ ජල්ලි,0,sinhala
මේකයි මචං අපේ පැත්තේ සීයෙකුත් හුජ්ජ කරන බිජ්ජ ලෝකෙටම පේන්න සරම පිටිපස්සෙන් උස්සගෙන උදේම වෙල මැදින් යනවා කුඹුරට.. ඒ සීයට ඒක තමයි ආතල් එක..ඒක සීයගේ ආතල් එක.. එහෙමෙයි කියලා අපිට ඒක හරියන් නැහැ නෙව..,1,sinhala
"පුතා කක්කා දාන්න ගියත්. ""අනේ ඇයි මට නොකියා ගියේ"" ""චූටි කාලෙ මට කියලා කක්කා දාන්න ගිය පුතා බැන්දට පස්සෙ කක්කා දාන්න යද්දි ලේලිට විතරයි කියලා යන්නේ"" වගේ ගොන් පාට් දාන්නෙ ඉන් පස්සෙ. ඉන්දියන් ගොන් නාට්ටි තහනම් කර යුතුයි.",1,sinhala
පිස්සු කෙලින්නැතුව නිදහස් උත්සවේට එන්න ලමයි,0,sinhala
අඩො ආසයි Chamal Kanishka · 9 Dec 2018 අලි කොටි බියත් එක්ක සීතල හදපාන් ඇල්ල මුදුනේ ගත කරපු දවස් දෙක #KalawanaMeetUp 2.0 #TweepsTravelDiaries #HandapanElla #Kalawana #Rakwana,0,sinhala
මේක අවජාතක ආණ්ඩුවක් : අපි එකතුවුණේ නැත්නම් රටට හුළං තමයි URL,1,sinhala
සමහර මිනිස්සු සැබෑවටම අප්‍රසන්න වෙන්නෙ රූපෙ කැත නිසා නෙවෙයි.... ඒ මිනිස්සුන්ගෙ සිතුවිලි කැත නිසා....,0,sinhala
ඒ ලබ්බ නෙමේ යකෝ කුරුල්ලා කුරුල්ලා,0,sinhala
අනෙ පලයන් බං පච නොකියා. ලාම්‍යොන්කප් එක හදන්නේ ඒවයින් නිසා එන කේස් එකක් මිසක් ඕවා දාන්නේ නෑ නූඩ්ල්ස් මොනාටවත්. මම ඉක්සාන් සී වල උන්සුන්ග් ෆුඩ් එකේ තමා මුලින්ම ජොබ් එකක් විදිහට ජොබ් එකක් කලේ. ඒකේ මුලු ප්‍රොසෙස් එකේම මම ඉදලා තියෙනවා. ඔය කියන මගුලක් ඒවයේ නෑ,0,sinhala
උඹ ගොනා වුනා,1,sinhala
නොදකින් යකෝ.. උදෙත් නාල හවසටත් නාන්න වෙන්නෙ වැස්සොත්,1,sinhala
.ඒ ගෑණි ඒකද අහන්නේ? . ගෑණිට ගහන්නෙපා එහෙම අහනවා නම්. උඹ කණේ පාරක් ගහගනින් ඒ වගේ ගෑණියක් හොයාගත්තට.,0,sinhala
තැන්ක් යූ අම්පයර් පට්ට ත්‍රිලින් මැච් එකක් #SLvsAus,0,sinhala
"ටෙස්ට් කරන්නැතුව කෝඩ් දාන්නෑ පකෝ !!! වැඩක් කරන්න නෙවෙයි මේ පකයට ඕන, පුළුවන් තරම් පරක්කු කරන්න !",1,sinhala
මාර වැඩේ කියන්නේ හැම දෙසපාලුවම හිතන්නේ මේ රට හදන්න පුළුවන් උට විතරයි ඌ නැත්තන් අපි මහපාරේ කියලා.. රෙද්ද තමා... #lka,1,sinhala
"ලැඡ්ඡා නැතුව ඇහුවනේ, නොදකින් ... The following media includes potentially sensitive content. Change settings View",1,sinhala
හොද වැඩේ..බල්ලො පාරක් පාරක් ගානෙ දකින දකින බැල්ලි එක්ක කරනව වගේ මිනිස්සු වෙලත් මෙ වගෙ පොදු තැනක මෙහෙම හැසිරෙන්න තරම් විලිලැජ්ජාවක් වත් නැති කොච්චර පහත් උන්ද.වෙන තැනක් මුන්ට තිබිලම නැ අහවල් එක කරගන්න.අසික්කිතයි,1,sinhala
උබලැ අම්මගේ දාර කිම්බෙන් ... අනේ මුස්ලිම් ඌරැ වෙසිය‍ේ තොගේ කිම්බට ඌරැ තේල් දාලා හුකන්නේ කිම්බ කුණුවෙලා යන්න දැනගනින් පට්ට වෙසි තොගේ පුකට ඌරැ තේල් බිංදුවක් දාලා පුකේ අරින්නෙ රෙනකොට ඌරැ පැටව් වැටෙන්න දැනගනින් කැරි වෙසි ඉස්ස‍ේල්ලා කිම්බේ ගඳ යවාගනින් හොදට නාලා කැරි හම්බ වෙසි,1,sinhala
ඔව් මට පිස්සු රත්තා · 19 Feb 2018 අයිති නෑ කියලා දැන දැන ආදරේ කරන්න උඹට පිස්සු,0,sinhala
ඇප් එක තහනමිිකලාට වැඩක් නැහැ තවක්‍රම එමටයි දැනගෙන කතා කරන්න ........ඇයි ඇප්එක තහනමිි කරන්න කියන්නෙ හොරවැඩ නොකර හිටියාම මොන ඇප් එකක්වත් තහනමිිකිරිමට අවශ්‍ය නැහැනෙද,0,sinhala
අම්බලමේ පිනා අම්බලමේ පිනා වලං කදක් ගෙනා එක බිදපි ගොනා එකට මට හිනා හුරුබුහුටිට මනා තෝඩු දෙකක් තම හිතේ හීන තනා අම්බලමේ පින පිනාගේ පොඩි ළමා මිදුලට දුව එනා බිදුනු හීන බලා කද ළග ගොලු වුනා,0,sinhala
අම්ම කෙනෙක් මිනියවත් බාරගන්න බෑ කියන්නෙ කොච්චර යහපත් පුතෙක් වෙන්න ඇතිද හා ? The WITCH · 7 Aug 2020 උනහපුලුවාට ඌගේ පැටියා මැණිකක් ලූ... !!! අම්මෙක් මිනියත් එපා කියන්න නම් කොයිතරම් හොඳ දරුවෙක් වෙන්න ඇතිද මේ ... ??,0,sinhala
කරුමයද දන්නේනෑ අක්ක පේන්නේ පරණ කෑල්ල විදියටමයි.,0,sinhala
වේස විදිහට ට්‍රැෆික් :-( දවසෙන් බාගයක් විතර කිලෝමීටර් 20ක් යන්න පුලුවන්!!,1,sinhala
"අනිත් එක රටේ සල්ලි තියේද දුවට හෙලිකොප්ටර් රෙන්ට් කරන කම්පැනි, ඉවෙන්ට් මැනේජ්මන්ට් කම්පැනි, නෑදෑයින්ට ඉඩම් විකුණන ආයතන එහෙම දාල දුන්නම. පව් නොදී යනවල අයිසෙ. තමුසෙලගෙ වලවල් වලටත් හෙන ගහයි ඕයි මිනිස්සුන්ට මේ දෙන දුක් වලට.",0,sinhala
රටේ ප්‍රමුක අවශ්‍යතාව එක දේශපාලන පක්ෂයක් වත් දන්නෙ නෑ,0,sinhala
මේ රටට අඩු එච්චරයි,0,sinhala
මේකිට නම් සිරාවටම පිස්සු....,1,sinhala
දැන් තෝ ගාලු එනවද?,0,sinhala
ටෝට පෙන්නේ කොළ සහ රතු විතරයි ද. වර්ණ අන්ධතාවය ගිහින් බෙහෙත් ගනු පිස්සා. ලැජ්ජායි හලෝ කරන විහිලු වලට,1,sinhala
Meanwhile > පපඩම් බදින්න ගිහින් පපඩම් අගුරු වුනා. අයියා.. තමුසෙ මහ බූරුවෙක්නෙ ඕයී.අව් රුදු 23 ක් වෙලත් පපඩමක්වත් බදින්න බෑ..,1,sinhala
තෝ රිවීව් බලන්නේ නැද්ද බඩුවක් ගනිද්දි.,1,sinhala
- සෑහෙන්න කාලෙක ඉඳන් දන්න මනුස්සයා. හැබැයි දැන් බෙබා වෙලා .ඒකටම හරියන්න පට්ට රොමෑන්ටික් වෙලා. අපේ සාධාරණ කොටා - අපේ හමුදා බටයා.මැද්දෙන් පැනලා දෙනා රුසියා . හැබැයි එල කොල්ලා - ඇගේ රුව අහහ්. ඇගේ හඬ වා වහ් - හරි නම සිදත් සඟරාව,0,sinhala
ඔව් උබලා කියන රෙද්දවල් පිළිගත්තා නමි මෙලාහකට වලේ..,0,sinhala
ජිම් එක ඇතුලට පලයන්. හරිද?,0,sinhala
", ඒක තමයි රාජගිරියේ අද වෙනකොට ගල නැත්තෙ",0,sinhala
URL Sinhala Best Song Collection Beautiful Sinhala Classic Songs - old Songs - TOP Sinhala Music වෙන්වීම තුළ ලෝකයේ විශාලතම කාලකණ්ණි බව; අනුකම්පාවෙන් ලෝකයේ සැබෑ ශක්තිය ඇත. ඔබටම පහනක් වන්න. ඔබේම රැකවරණය වන්න. වෙන කිසිවක් සොයන්න එපා. සියල්ල සමත් විය යුතුය.,0,sinhala
ඔව් බං . මේ හුත්තට පුදුම පුකේ අමාරුවක් තියෙන්නේ... මුගේ බිජ්ජ ලගින් අල්ලලා ගැටයක් ගහන්න ඕනේ හුජ්ජ කරන්න බැරිවෙන්න....,1,sinhala
""" තමුසෙ වගේ කෙල්ලෙක් මොකද අගේට කසාදයක් බැඳන් ඉන්නැතුව මේකේ වැලපෙන්නෙ ?? පිටට පේන්නැති මොකක් හරි ලෙඩක්වත් තියෙනවද ?? """,0,sinhala
"""අඩෝ...ගංජා පැකට්‌ එකක්‌ එවන්න කියලා රුපියල් 400ක්‌ එව්වා.. දැන් පැය කීයක්‌ ගියාද? තෝ දැනගනින් මම ගලේවෙල‘‘ -... URL",0,sinhala
තඩි ඇන්ටිලා දෙන්නෙක් ඉදගත්තා මගෙ දෙපැත්තෙන් බස් එකේ. හොද පාඩං හොද පාඩං කොච්චිය මිස් කරගත්තට හොද පාඩං,0,sinhala
අද JVP එක නාවට හිනාවෙන උඹ තව ටිකක් කල් ගිහිං අප්පච්චිලා මාමලා බාප්පලා පුතාලා එකතුවෙලා පිස්සු කෙලිද්දී අහන්නෙපා කෝ විපක්ෂේ කියලා. #GenElecSL,0,sinhala
අඩො කෙවිනයට සද්දෙ දාපු එකා කවුද,0,sinhala
Respect sir.. කාලකණ්ණි අතරින් නැගී ආ මිනිසෙක් URL,0,sinhala
25+. . . . . . . . . . . . . . . . . . . . . . . . . . . . . . . . . . . . . . . හුකපං හුත්තී URL,1,sinhala
කවුරු හරි මේ ලමයගේ කටට සීනී බෝලයක් දාන්න,0,sinhala
නුහුරු සෙනෙහසේ.. හුරු පුරුදු තනිකම හොයන... එකම එක අන් ගොනා... මන් ඕයි.... :/,0,sinhala
"#බොන්නඑපාPP කියන්නෙ ""බොන්න එපා පොන්න පකයෝ"" කියන එකද ඒයි ?",1,sinhala
තමුසෙලට හෙන එහෙම ගහන්නෑ ඔය සීසන් 9 එක ඉක්කමනට දුන්න කියල,0,sinhala
"අගල් 6"" 4"" කේක් කෑල්ල කොහෙන් ගියාද නෑ...",0,sinhala
ශ්‍රීලංකාවෙ මව්පියෝ බබ්බුද ?,1,sinhala
"Tweet එක මොකක්ද කියලවත් බලන්නෙ නැතුව let your keyboard do the rest කියන කෑල්ල නොදැක අනුන්ගෙ හුත්තවල් වලට රිංගලා සීනි කිරන්න ගිහින් ලුණු ඇඹුල් ඇතුව අහගෙන.මාත් මේ tweet එකෙන් එකට පහලට ආවා tweet එකෙ මුල් tweet එක හොයාගන්න. දෝන කතිරිනා · 5 Sep 2020 , Im single because im a lesbian මිසක් i am lesbian because im single නෙමෙයි දාලා තියෙන්නේ. එක්කෝ බාසාව ඉගෙනගන්න. නැත්තම් කියවන්න කන්නාඩි දෙකක් ගන්න. ඒ දෙකම බැරි නම් දන් නැති හුත්තවල් වලට reply නොකර ඉන්න.",1,sinhala
"මේ මහත්වරුන්ට තේරෙන ඇත්ත තේරෙන්නේ නැති, දන්නේ නැති, උක්කුං බබාලා වෙන්ට හදන, රටේ කරුමෙට විටමින් ගගහ ජීවිතේ දික්කොරගන්න, කාලකණ්නි දේශපාලකයෝ තමයි මේ රට විනාස කොරන්නේ..!!!! GIF",1,sinhala
උඹ නිසා දැනෙන සමහර හැඟීම් වචනවලට පෙරලුවානම ඒ මොහොතෙ ඉදන් මේ ලෝකෙ කවුරුවත් හිනා වෙන එකක් නෑ !,0,sinhala
ජනාධිපතිවරණ ප්‍රතිඵල සීසන් 2,0,sinhala
"දුන්නා. ඒත් එක්කම කුමාරිව කැතම කැත ගෙම්බියෙක් උනා. ""මදෑ.... මේ ගෑණුන්ට දෙයක් කියනකං ඉවසං ඉන්න බෑනේ. දැන් හොයපංකෝ මේකිටත් එක්ක කෑම"" තරිඳු ගෙම්බා මිමිණුවා. අන්තිමට ගෙම්බයි ගෙම්බියි සතුටින් ජීවත් වුණා සමාප්තයි #තරිඳුපාවී (3/3)",0,sinhala
"යකෝ පප්පල හැත්තක් බැහැල, මටත් අරිස්ටෙං චුට්ටක් දිහිල්ලා",0,sinhala
"ඔව්. ෆින්ගර් ප්‍රින්ට් දානවට මාර විරුද්ධ වුණානෙ ගොඩක් ඔෆිස්වල.මිනිස්සුන්ගෙන් මීටවඩා හොඳට වැඩ ගන්න පුළුවන් වැඩ කිරීම පහසු කළා නම්, පහසුකම් දුන්නා නම්.ඒත් ගොඩක් වෙලාවට වෙන්නෙ සරල වැඩපවා මාර අමාරු කරන එකයි. ඒවා ඇත්තටම ඇටිටියුඩ් ප්‍රශ්නත් එක්ක එන්නෙ. මේවා ටිකෙන් ටිකවත් වෙනස් වෙන්නෝනා",0,sinhala
මේ රටේදි පිස්සෙක්ට පිස්සෙක්ද කියල බලන්න කියලා අධිකරනයට කිව්වම නඩු දාපු එකාට පිස්සු කියලා නඩු දානවා හොරෙකුට හොරෙක්ද කියලා බලන්න කියලා අධිකරනයට කිව්වහම ඇප දෙනවා,0,sinhala
දේශපාලුවෝ ගේ අර මොකක්ද එක හෝදන නඩය.,0,sinhala
"රංජිත් ඔයා වෙන ඕනම කෙනෙක් ප්‍රොමෝට් කරන්න, මම උපරිම සපෝට් එක දෙනව. ඒත් ඔය අලි කිම්බ ප්‍රොමෝට් කරද්දි ඔයාවත් ඒ ලෙවල් එකටම ඇදල අතාරිනව ඇරෙන්න වෙන කරන්න දෙයක්නෑ. සෝ සොරි. තව දෙයක්, මම තාම මොලේ ශට් ඩවුන් කරගෙන රිප්ලයි කලේ නෑ. වැරදිලාහරි කරන්න පටංගත්තොත් ඔයා කැමති වෙනඑකකුත් නෑ",1,sinhala
බෙහෙතක් නැති කොරෝනාවට වඩා විනයක් නැති මිනිසුන් රටකට හෙනයක්!!,0,sinhala
අනිත් අයටත් ඉක්මන් සුවය ප්‍රාර්ථනා කරනවා......,0,sinhala
හෙ යකඩ පයිය මගේ නුඹ ලඟ හඬා වැලපුනා මල්ලේ #විනී,1,sinhala
"තොපි කුහකයෝනේ බොලවු. ගිය ආණ්ඩුවේ අරලිය ගහ මන්දිරයේ ම ලැග ලැග නීති හදපු උන් දැන් රට වෙනුවෙන් සාකච්චාවක් කරන්න තොපිට පාර්ලිමේන්තුව ම ඕනෑ.ඕවාට ජනතාව දෙයි නියම උත්තර 3% , 0% වෙන්න වැඩි කල් නෑ රජෝ හොදට මතක තියා ගන්න.",1,sinhala
මැරෙන එක ලේසියි..ජීවත් වෙන්නයි අමාරු...අංශභාගය හැදුණු අතට ඉවතලන යකඩ වලින් පණ දුන් මිනිසා. URL,0,sinhala
ආසාවනෙ බං. මේ මොඩිෆිකේශන්ස් හෙන විහිලු අර මැවික් කාරය කරන සක්කිලි මොඩිෆිකේශන්ස් එක්ක බලද්දි,1,sinhala
කාපන් ගූ හිඟන වේසි,1,sinhala
මෝඩයා / පිස්සා / පොරටෝක් දෙන්නා සාම්ප්‍රදායික සමාජ සම්මතයට හෙවත් උඹලට පටහැනි 'සත්‍ය' ප්‍රකාශ කරන්නා.. - සාගර - #sagara,1,sinhala
"මං ආසයි මැරෙන්න.. මට ""වේසි"" කියපු, උන්ගෙ කටින්, ""අනේ මොනව උනත් හොඳ ගෑණි"" කියල කියනව අහන්න... ""ඕකිට ඔහොම වෙලා... URL",1,sinhala
විශ්ව අධ්‍යාපනය දෙන්න කලින් ඕකුන්ට ප්‍රාථමික අධ්‍යාපනය දීලා ඉන්න ඕන. සමහරවිට මේ එක කාළකන්නි සෙට් එකක් වෙන්න ඇති. හැබැයි ඒ අවජාතක සෙට් එක නිසා කැළල සමස්ථයටමයි. නවක වදය දීපං අධ්‍යාපන ක්‍රමෙන් ප්‍රෙෂර් වෙලා වෙලා එන ඔළු ටික සමාජෙට විවෘත කරන්න. ඒත් ඒක කරන්නත් තොපින්ට සමාජ දැනුම එපැයි.,1,sinhala
ඇයි දෙයියනේ නත්තල් ගහක් හදනවයි කියල ගෝල්ෆේස් එකේ තඩි ඩිල්ඩො එකක් හදන්නේ,1,sinhala
"දුක යනු තමුසෙ සින්ගල් එකෙක් විමයි Captain America ✪ · 24 Nov 2019 සතුට යනු, කපල් එකවුන්ට් වලට කුප්ප මැසේජ් යවා උන් මරාගන්නා අයුරු බලා සිටීමයි...",0,sinhala
ඉතින් කෝමද කියාන් රටක් විදියට පස්සෙන් පස්සට වත් යන්නේ? ඒ දිනේශ් චන්දිමාල් නෙවෙයි යකෝ වෙන මොකෙක්ද එකෙක්. #NextLevelPageAdmin කෙනෙක් පේනවා URL This Tweet is unavailable.,1,sinhala
අපි රතු අලි පැටියාගේ හුජ්ජ කොල්ලෙක් වන බිමල් ගැන අමුතුවෙන් ඔබට යමක් කියාදිය යුතු නැත…..මේ පුවතින් පසුව ඔබම තිරණය... URL,1,sinhala
අපේ රටේ තාක්ෂණය යොදා ගත්තොත් වෙන්නේ කොම්පියුටර් ජිල්මාට් සීන් වෙන එක. ඡන්දය අතින් ගණන් කරන එක අමාරු උනාට සෑහෙන්න නිවැරදියි.,0,sinhala
පාර්ලිමේන්තුවේ ගුටි කෙළියක් : එ්කාබද්ධ විපක්ෂය එජාප මන්ත්‍රීට තඩි බාති,0,sinhala
කෝ මේ අනුර කුමාර දිසානායක.,0,sinhala
"මම චනදෘ ගෙන් ඇහුවා උඹ හිතන්නේ මොන භාෂාවෙන්ද කියලා ඌ මට කිව්වා ""මම සිංහලෙන් හිතන්නේ ඒත් අමාරු දේවල් දෙමලෙන් හිතන්නේ ""කියලා",0,sinhala
කවුද අයිසෙ..පිගානට කබරය දාපු එකා. RaNiYa · 18 May 2020 චීස් + රොටී,0,sinhala
කාලකණ්ණි දේශපාලකයෙක් මං දැකපු.,1,sinhala
මොකටද හුත්තෝ එතකොට ජනාධිපති අගමැති ඇමතිලාට අපේ බදු සල්ලි ගෙවන්නේ නඩත්තු කරන්න??,1,sinhala
"දකින දකින පාර 1929 ගැහුවා, 119 ගැහුවා. වැඩක් නෑ..",0,sinhala
adeh හැපි නිව් අවුරුද්දක් වේවා ඩාලින් ආදරෙයි,0,sinhala
පිං මදිද දන්නෑ... කරුම යද දන්නෑ... ST II මතක් වෙද්දි නිදාගන්න හිතෙන්නෑ... — feeling sleepy,0,sinhala
මෙකේ ඉන්න හොද ෆිට් එකක් එත් මුගේ සමහර යොක් මට අල්ලන්නේ නෑ හිතෙනවා කකුල් දෙකෙන් උස්සලා පොලේ ගහන්. හෙන විකාල... URL,0,sinhala
"මනෝ ගනේෂන් කියනවා UNP එකෙන් ජනාධිපතිවරණයට දාන්නේ ""බඩුවක්"" කියලා. පොදුජන පෙරමුණෙන් හොඳ බඩුකාරයෙක් දැම්මනම් පට්ට වැලක් බලන්න තිබුණා. #ඉන්නහිතෙන____ක්",1,sinhala
එතකොට 2030 පෝට් සිටි නැත්තටම නැති වෙනවා,0,sinhala
ඕවා ආපහු අහන්නෙම නෑ,0,sinhala
ඉතුරු කෑල්ල දිල්රංගි,0,sinhala
මූ පිස්සා ...වගේ කියනවා,1,sinhala
ඊයේ රෑ තුන් වෙනකං ඉඳලා vessel එක clear කලා ඒ මඟුල anchorage තියලා දැන් අනික් vessel එක clear කරන්නලු. අම්මාගේ රෙද්ද යකෝ week end එකම ඉවරයි.,1,sinhala
vedio කෑල්ල upload කලානම් අපිටත් ඩිස්ටි ඩිඩිං තමා,0,sinhala
"ඉල්ලීම අනිත් සියලු මාධ්‍ය ශිෂ්ඨ සම්පන්න බවකින් සහ වෘත්තිමය බවකින් බාර ගත්තා.සමහරු විවේචනයක් විදියට බාර ගත්තා.අවුලක් වුනේ නෑ. තුන්හුලස විතරක් පරල වෙලා, බ්‍රේකින් නිව්ස් , අඬනවා, සතුරන්ගෙන් වොයිස් කට් ගන්නවා, ඒකට තමයි කියන්නෙ ""පුහුල් හොරා කරෙන් දැනේ""",0,sinhala
කොත්තු වලට පාලන මිලක් තිබ්බේ නැහනේ,0,sinhala
සෝක්... මගේ අාතල් සිරා අරන් ඔ්කුන් අැවිත් මාව කුදලන් ගියොත් තෝ තනිකඩයෙක් විදියටම විදවලා මැරිලා යන්න ඔ්නේ... තොට ලිංගික අප්‍රාණිකත්වය අැති වේවා එ්ස්වා පුහ්....,1,sinhala
මගේ නම කියලා හැමෝටම කතා කරන්න එපා.. මීට ගොනා.,0,sinhala
බියර් අඩුවෙන එක පෙනුනට මල්ලි වැඩි ගානට හාල් විකුණන එක පෙන්නේ නැහැ අපේ හාමුදුරුවනේ . . .,0,sinhala
"අහපන්කෝ ඉතින් කතාව මේ ගෑනි කියපි ""පුතා මං ඔයාගේ ඩොක්ට, ඔයා මගේ පේසන්..මට බලන්නැතුව බේත් දෙන්න බෑ"" කියලා මල මගුලයි බං ජොකා පාත් කරන්නේ කෝමද බං මං ඩොකාත් පට්ට කෑල්ල. ඕන ලබ්බක් කියලා සාර්ට් එක උස්සන ගමන් පුටුවෙන් නැගිට්ටා බං එක පිම්මෙම දිව්වා දිවිල්ලක් පස්ස නොබලාම. එක ඇටෙන්ඩන්ට් 3/4",0,sinhala
සරල ඉංග්‍රිසියෙන් කතා කරපල්ලකො රෙද්ද,0,sinhala
සිරාවට ඊයෙ හවස ඉදන් ඇදගෙන ඉන්න එක ඕක බන්.පට්ට හඩු ගද ඇති,1,sinhala
අක්කා? අක්කා කිවෙ කාටද බොල නාකි පුත්තලම් බූරුවො Shamaal | ශමාල් · 14 Apr 2018 පබා අක්කට මාත් එක්ක මළ පැනල. උදේ ඉදන් බ්නිනව. තාම හේතුව හොයා ගන්න බැරි උනා ෆ්‍ර්රෙන්ඩ්ස්,1,sinhala
මට උඹේ බෙල්ල බදාගෙන නහය හපන්ඩෝන රැවුල්ගස් දත්වලින් අල්ලල කටින් අදින්ඩෝන රිදිල යක්සාරූඪ උනොත් පස්ස මිරිකල දුවන්ඩෝන ආයෙ ටිකකින් දුවගෙන ඇවිත් පෙරලගන්ඩෝන බෙල්ල අයිනෙ උරහිස ලඟ ඉඹින්ඩෝන කම්මුල්දෙකට මාරුවෙන් මාරුවට හාදු 100ක්වත් එක දිගට දෙන්ඩෝන අන්න ඒම ඕන රාස්සයො හාද,0,sinhala
#අම්මා මට මේ ලෝකේ නැතුවම බැරි කෙනෙක් ඉන්නවානම් ඒ අම්මා.....ජීවිතේ හැමදේම කියන්න පුලුවන් හොදම යාලුවාත් අම්මා.. අම්ම නැතුව දවසක් ගෙවාගාන්න එකත් පිස්සු හැදෙන වැඩක් මටනම....එක දවසකින් අම්මා ගැන නිර්වචනයක් දෙන්න බෑ... ආදරෙයි හැමදාමත් පන වගේ... ප්‍රථම හුස්ම ප්‍රථම බැල්ම,0,sinhala
වසරේ පැවැත්වෙන 19න් පහළ ලෝක කුසලාන එක්දින ක්‍රිකට් තරගාවලියෙන් නවසීලන්තය ඉවත් වි තිබේ. නිරෝධායන කොන්දේසි සැලකිල්ලට ගනිමින් නවසීලන්තය මෙම පියවර ගෙන ඇති බව වාර්තා වෙයි.,0,sinhala
මහත්තයො සේපාල් ඒකනායක ගුවන් යානයක් පැහැර ගත්තට පස්සේ එකට දඩුවම් කරන්න ලංකාවේ නිති තිබුනාද...නීති හදලා නේද අවුරුදු 5ක් සිර දඩුවම් දුන්නේ.. ඇයි චන්දයක් ලග එන නිසාද නීති හදලා හරි වැරදි කරපු අයට දඩුවම් දෙන්න බැරි.. රට වෙනුවෙන් තියෙන උබලගේ ආදරෙ හොදට පේනවා,0,sinhala
බිජ්ජ දන්න පුක :3 කාටවත් කියන්නෙපා බුකියෙ ඉන්නෙ හොරාට. මේක මගෙ කියල දැනගත්තට කමක් නෑ හැබැයි බුකියෙ රික් මං කියල දැනගන්න දෙන්නෙපා :3,1,sinhala
⁣කනව බඩගිනියි කනව බඩගිනියි කනව බඩගිනියි කනව බඩගිනියි කනව බඩගිනියි මහ කරුම ජීවිත බං මේව...!,0,sinhala
Union Place Baskin Robbins එක ඉස්සර ගහක් තියෙනවා. ඒකෙ තඩි ගෙඩි තියෙනවා. ජම්බෝල නෙවි වෙන මොකක්ද අමුතු එකක්. ඊයේ එයින් එකක් හොරෙන් හරි කඩන්න ඕන කිය කිය හිත හිත හිටියේ.,0,sinhala
බලපන්කෝ පට්ට කරුමෙ. හෙට ඉන්ටර්විව් එකකුත් තියෙනවා.. පර්ස් එක කව්රු හරි බල්ලෙක් උස්සලා කියහන්කො දැන් ය්න්න විදිහක්... URL,0,sinhala
අනේ තෝ හුක මාලි,1,sinhala
අනිවා . සතා උගෙ කරුම ගෙවනවා,0,sinhala
තො වගේ ගොනෙක් එක්ක ගොන් තර්ක කරගන ඉන්න මට වෙලාවක් නෑ ගස් වේස බැල්ලීගේ පුතෝ. තෝ රට පටලවගෙන එකම දෙ එක එක විදිහට කියාගෙන ඉනන වල්පකයෙක්. තෝ මොන කබ්බෙක් ද මට. තෝ බයිට් වෙලා ඉවරයි දැනටමත්. ආය ආය එනවා ලබ්බ ලොවන්න වල් පරයා. තොට පඩයක් ගියත් twitt කරන ගල් වේසිගේ පුතෙක් නේ තෝ එකයි තො මෙහෙම,1,sinhala
"ගෙදරට වෙලා ඉදලා ඇති වෙලා, වැඩට යන්න තිබුනා නම් හොදයි කියලා හිතෙන අය ඉන්නවා නම් එහෙම හිතන්න එපා.. ඒකට වඩා ඔහෙම ගෙදරට වෙලා ඉන්න එක පට්ට...",0,sinhala
මයි ඩාලින් කාටද පිස්සූ උබ හින්දා සුදෝ පන යාවී ගැහී සුදු නෝනේ සූකිරි බට්ටී පිලිකන්නේ ඉදන් බැලුවාම ඇතී.,0,sinhala
දැන් නම් හොදටම ඇති යුවරාජ් පලයන්! #RoadSafetyWorldSeries2021,0,sinhala
හෙලුවෙන් මෙතන දඟලන්න ගත්තම බිජ්ජෙ සයිස් එකක් ඇටදෙකේ බරයි මිනිස්සු මනිනවා ප්‍රෂ්න තියෙන ඒව කතාකරල විසදගනිල්ල.රෙන පුකට කැටයන් දාල වැඩකුත් නෑනේ නේද,1,sinhala
ටහුඩු මෙයා ඉංග්ලිශ් තලගොයෙක්ලු,1,sinhala
"ඔව් ඉතින් බලාගෙන හිටපන්කො උඹලගෙ පස්ස පැත්තෙන් බෝම්බ යවපු දවසට තොපිට තේරෙයි එතකොට ඉතින් කෝච්චිය ගිහිල්ලා ඉවරයි යකෝ යන්න කෝච්චියක් ඇත්තටම නෑ දැන් යන්න කොච්චි ගිහිල්ලා ඉවරයි , දැන් ඉතුරු වෙලා තියෙන්නෙ තොපිලා ව වල දාන්ඩ විතරයි",1,sinhala
මොකක්ද යකෝ මේකට වෙලා තියෙන්නේ... කට්ටඩියෙක් ගෙනල්ල තොවිලයක් නටන්න වෙනවා ට්විටරේ වස් දොස් යන්න,0,sinhala
MI ලා පිස්සු කෙලිනවා අද,0,sinhala
Thank you!! A/L වලින් පස්සේ කාලකණ්ණි වුනා වැඩි වගේ කියලා දැන් හිතෙනවා,0,sinhala
පස්ස බිම අැනුනද සුදු.. එන්න අත ගාන්න...,1,sinhala
"මගේ රටට තෙරැවන් සරණයි ,සියලු දෙවියන්ගේ පිහිටයි .",0,sinhala
ඇයි සද්ද කළොත් අල්ලා ලබ්බ තලයිද..? . . . . . . . . . . අල්ලාගේ ලබ්බ තමයි!!! #IslamicExtremism #SriLanka #wtdPerera,1,sinhala
හෙන වල් අප්පා,1,sinhala
හස්ත මෛතුන්‍යයේ යෙදෙන්න වෙන වැඩක් නැත්තං. නැත්තං ඔය හීට්ටෙකට ඔයා ස්වප්න මෛතුන්‍යයේ යෙදිල හෙන චොරයක් වෙලා නවතින්නෙ,0,sinhala
කොළඹ අක්ෂි රෝහලේත් වෘත්තිය ක්‍රියාමර්ගයක්.රෝගීන් දැඩි අපහසුතාවක.,0,sinhala
"සුජාතක නිදහස් අධ්‍යාපනයේ,අවජාතක වූ ශිෂ්‍ය පරම්පරාව! URL",1,sinhala
ශැක් විකට් වැටෙන් නෑ අයිසෙ,0,sinhala
මයි මයින්ඩ් ඊස් බ්‍රෙක් බිකොස් අම්මා බැන්නා..නිවාඩු දවසේ තෝ අවිදින්න ගියා කියලා..,0,sinhala
හොඳ වෙලාවට මොලේ වැලමිටේ තියෙන්නේ. හදිසියෙවත් මොලේ පස්ස පැත්තේ තිබ්බානම් හෙල්මට් එක උඩ වාඩිවෙලා යන්න වෙන්නේ.,0,sinhala
නොදකින් විතරක් .කාලකණ්ණි හැත්ත URL,1,sinhala
තමුසෙ කොලුසීන්ද ඊයා ඕයී,0,sinhala
"උනුත් එකයි තොපි රෙදි නැතුව කඩේ යන මුනුත් එකයි. උන් රුපියල් මිළියන 661. හම්බන්තොට වරායේ ගල අයින්කරන්න $ මිළියන 40 වියදම්කරා මහින්ද. #සෆේල් චීන ගූනැවට $ මිළියන 7 ගෙවනවා. ඔක්කොම රු. මිලියන 9,400. බැලුවම උන් හොඳයිනේ මුන්ට වඩා. මොන හිඟන ජීවිතද #ගොන්බයියෝ Charith · 25 Nov 2021 යහපාලනය මුල් සැලසුමේ වහලයේ නෙළුම් මල හැඩය ශාක පත්‍රයක හැඩයට වෙනස් කරන්න රුපියල් මිලියන 661ක් වියදම් කළා - මොන හිඟන ජීවිතද twitter.com/KamilaWDias/st… Show this thread",1,sinhala
එදාවේල කන්න නැති ළමයිත් ඉන්න රටේ හැම ළමයම කුරුදුවත්තේ ගානට දාලා කතා කරන මේ වගෙ අවජාතක පඩත්තරයන්ව පාර්ලිමේන්තු... URL,1,sinhala
"බ්ලැක් පැන්තර්, අද බැට්මෑන්. හෙට ජෝකර්ට හැදෙයි ද දන්නේ නෑ",0,sinhala
අපෙ පූස මං මොනවහරි කනව දැක්කම - අඩො බොක්ක මොනද කන්නෙ .. කෑල්ලක් දියන් බලන්න .. බඩගින්නෙ හිටියෙ. - උබ මේව කන්නෑ.. - කනවද බලන්න දියන් කෑල්ලක්.. - ඉදා එහෙනං.. ..... - තූ විතරක්.. මොනවද තෝ මේ කන මල ජරාව.. හිපාටුව.. කන්න පුලුවන් දෙයක් කාපන්..,1,sinhala
පීස් බේබ් මේකට රැප් එකක් හදන්න Like මන් කැමති නෑ උ$$&තෝ කාට්වත් අපි ගන්නෙ නෑ කාවවත් විශ්වාස නෑ කැ$& තවත් URL This Tweet is unavailable.,0,sinhala
රවී රෝහල් ගත වෙයි? ඒ අනුව ඔහු හෙට දින රෝහල්ගත වීමට නියමිත බවත් අනිද්දා දිනයේ අධිකරණයට නීතීඥයකු මගින් බාර වීමට සූදානමක් ඇති බවත් වාර්තා වෙයි. මොන විකාරයක්ද බොලං? කොන්ද පන නැති එජාපයේ පොන්න දේශපාලනය?,1,sinhala
"විමලෝ විමලෝ බෝම්බ ලොරි ගණන් ගෙදරටම ගෙනල්ලා බස්සගෙන විනාශ වෙන්න කැමති නම් පිස්සු කෙලලා මේ රට විනාශයට ඇද ගෙන පලයන්- එහෙම නැත්තං ඔය ඉන්න පොන්න වේසිගේ පුතාලත් එක්ක එකතු වෙලා මේ රට ඇදගෙන පලයන්, අපි උඹලට තුනෙන් දෙකක් දුන්නෙ උඹලට කියලා අපේ ඇට මිරිකගන්න නොවේ",1,sinhala
ඕඩර් කරපු බඩුව ආවටත් පස්සේ seller මැසෙජ් එකක් එවලා ප්‍රයිස් අවුලක් නිසා ඕඩර් එක කැන්සල් කරන්න පුලුවන්ද අහලා,0,sinhala
ජනාධිපතිවරයා ගේ අලුත්ම ‘ඇන ගැනීම’ සමාන කළ හැක්කේ ටොම් ඇන්ඩ් ජෙරී කාටූන් වල දැක්වෙන මෝඩ බළල් තඩියාගේ ‘ඇන ගැනීම්’ වලට ය.ඌ දිව යයි. කඳු මුදුනින් පසු ඇති හෙළ නොදැක කඳු මුදුන පසුකරලාත් දිව යයි. අවසානයේ ගුවනේ නිකම් දනිපනිගාන බළල් තඩියා තමා ඉන්නේ හෙළක් උඩ බව දැනගන්නේ පහත බැලීමෙන් පසුවය,0,sinhala
මං ඒ ගොනා විකුණල ගොඩක් කල්.,0,sinhala
පුතී අයින් වීලා පාරේ පලයන්,0,sinhala
අකිල එනවා..ගොන් බෝලයක් දානවා..පත හයක් කනවා...ඌ නෙවේ බෝල් කරේ වගේ පට්ට අවුලෙන් බලන් ඉන්නවා..මොන හිගන්නොද බන් මුන්,1,sinhala
"අම්ම උදේ පාන්දරම මාව ඇහැරවල අහනවා ""ඔයාගේ ඔරලෝසුව මම දාගෙන යන්නද? අනිත් හැම එකේම හුලං බැහැලා"" කියල... අනේ මන්ද ඉතින්?",0,sinhala
මේ ළගදි යාළුවෙක් බස් එකේ යනකොට පොරගේ පයිය(පසුම්බිය:බන්දුල ගුණවර්දන ගේ අර්ථකතන අනුව) උස්සලා කියහන්කෝ බස් වල යනකොට පයිය ආරක්ෂා කරන් යන්න #lka,1,sinhala
ඔන්න සල්ලි වලට මාතර උන්ගේ වහල්භාවය ප්‍රදර්ශනය කරපු හැටි #mathara #SriLanka,1,sinhala
තූ නොදකින් කාලකණ්නියා,1,sinhala
අද දින බල්ලා මාසෙකට පස්සේ නෑවා. පූසා ඉපදුනාට පස්සෙම නෑවා. කොල්ලා වීක්ලි බාත් එක ගත්තා.,0,sinhala
නෑ ඉරිසියා නෑ ඔන්නොකිව හම්බෙලා කනට එකක් ගහන්න තිබානම් ඇති වේසි.,1,sinhala
ඇයි අපි කියනව ඒවා බල බල ලෙවකන්නෙ? පාඩුවෙ වැඩක් බලාගෙන ඉන්නවකො අයිසෙ? තමුසෙගෙ block Butten වැඩ කරන්නෙ නැද්ද? අනුන් කරන් දේවල් වලට හොට දාගෙන රෙන්නෙ නැතුව තමුසෙග වැඩක් කරගන්නවකෝ මොන්ගල් පයිසෙලා හිතන් ඉන්නෙ හැමදෙටම බැන්නම හරි ප්‍රොෆෙෂනල් කියලා STARBOY · 10 Sep 2021 Professional විදිහට පටන් ගත්තු account එකක් දැන් ලැට් වලක් ගානට වැටිලා. වියත්මගට උනෙත් ඔය ටිකමයි..,1,sinhala
කවදාවත් කොල්ලෙකුට බොරු ආදරයක් පෙන්නලා .. ඌව දාලයන්න එපා.. මොකද ඌ ඒ දුක නැති කරගන්න පිස්සෙක් වගේ බොනවා.. ඊට පස්සෙ ඌ සමාජෙ ඉසාරහා පට්ට විදියට චාටර් වෙනවා..,0,sinhala
මැලිබන් ස්පයිසි ඇඩ් ටික නම් පට්ට,0,sinhala
මොන සටන්ද? ඔයාලනේ ආණ්ඩුව,0,sinhala
බිජ්ජ කියවෙන වාර ගාන අනුව මූ නම් තිස්ස Gay මුවාද මන්දා..,1,sinhala
රටට කෙලවා ඇමරිකන් ඩොලර් වලින් ආතල් ගන්න අළුත් පරපුර හා නාකි පරපුර................... URL,1,sinhala
ඔව් ඔව් ඔයාට විතරක් සැනසීම තිබුනාම ඇතිනේ..,0,sinhala
හරිද නෝනෝ දැන් සතුටුයි ද? #ජෙප්පන්ගෙඑඩිය,1,sinhala
ඒකනේ කටට එන එක ඔහේ කියවනවා බයිලා කියනවා වගේ. මේවා කියලා දෙන්න අර President Media එකේ අයවත් නැද්ද මන්දා,0,sinhala
පයිය යනු පැස මල්ල යන තේරුම පයියාගල ගම අසා නැද්ද? පකයා පයින් කපන බැරිඑකා පොන්නයෝය,1,sinhala
ගැනුන්ට වටේ යනවා වටේට අල්ලනවා බඩුව ගොනා කියලා කිව්වට වටේටම කෙලින පිරිමින්ට එහෙම කියන්නේ නැ නේ ඒ කියන්නේ අහවල් කාර්යයේ වැඩි වගකිමක් තියෙන්නේ ගැනුන්ට ද?,1,sinhala
බුදු අම්මෝ මාර රස්නයක් නේ තියෙන්නේ. දාඩිය බේරෙනවා... ඒ අස්සේ අරුන් ගස් ටිකත් කපනවා ගොන් හැත්ත... ශාප වෙන්න ඕනි උන් ඔක්කෝටම,1,sinhala
මම Twitter එන්න වැඩිම ආස මාව දන්න අය නැති නිසා.හැබැයි කවදාවත් නොදැකපු අය පට්ට විදිහට Fit උනා මේකෙන් #ආදරේ_Tweeter,0,sinhala
ISIS ත්‍රස්තවාදීහු සිරියාවේ අගමික ස්ථානයක් බුල්ඩෝසර් යොදා විනාශ කරති URL #lka,0,sinhala
මෝඩ UNP ජනතාවෙනි තොපට දැන්වත් අස් පෑදුනේ නැද්ද ? සිංහල බෞද්ධයා.ලෝකය දකින සිංහල බෞද්ධයත් ඇත්තම සිංහල බෞද්ධයත් මොන... URL,0,sinhala
පෙන්නන දේ නං අදාල කරගන් නෑ හැබැයි කෝපි කඩේ තේමා ගීතේ සංගීතේට මං හෙන ආසයි...!,0,sinhala
සුපර් ස්ටාර් බලද්දි තමයි මට තේරුනේ අපි කොච්චර පිරිහිලාද කියල. බලහන්කො මූ කියන සින්දුව. කොහෙ ගියත් ඉන්දියාවට පුක දෙන එකෙක් ඉන්නවමනෙ,1,sinhala
කටඋත්තර ගන්නේ සැකකාරයෙකුගෙන්. අවසන් තරගයේ සීයක් ගහලා කිසිම මිස් එකක කරන්නැතුව ෆීල්ඩ් කරපු මහේලගෙන් ප්‍රකාශ ගන්නේ ගෝටාබයගේ පොන්න පොලීසිය. සක්කිලි 69 ලක්ෂයේ ආණ්ඩුව.,1,sinhala
වැඩක් නෑ කියලා කාලාකන්නි නොහැක්කා නොදන්නා අමනයා රට පාලනය කරනකොට මෙහෙම තමයි රට හරකා,1,sinhala
තව්සෙ බඩුවක් වගේ හැම ෆැමිලි එකකම ඉන්නවා මමත් වේස බඩුවක් වගේ හැම එකකම ඉන්නවා,1,sinhala
"ගිය අවුරුද්ද ගොඩක් අභියෝගාත්මක අවුරුද්දක් ගොඩක් මහන්සි උනා, මහන්සි උන තරමට ලැබෙන්න තියෙන ප්‍රතිඵල වලින් එකක් ජනවාරි පළවෙනිදාම ලැබුනා, අවුරුද්දේ පළවෙනි දවසම busy, රෑ හත වෙනකම්, අද මෙහෙම හිටියට කාලකණ්ණි ගොන් හරකෙක් වගේ ගෙව්ව අවුරුදු තිබ්බා, ඒක වෙනස් උනේ 2020",1,sinhala
තෝ යාකෝ බැලුවොත් හදේ නෙ,0,sinhala
බොරු කියනවා ඒ වගේ අවජාතක පිරිමි ගැන බොරු කියලා මට ලැබෙන දෙයක් නෑනෙ ප්‍රෙන අනික ඒ වගේ දෙයක් කිව්වොත් බොරු කිව්වා කියන්න දාහක් දෙනා ඉන්නවා. කෙල්ලෙක් කොල්ලෙක්ට පාරක් ගැහුවොත් වාරියපොළ අක්කා කියලා fb page එකකුත් හදනවා.. ප්‍රවුඩ් ශ්‍රීලංකන්ස්,1,sinhala
පට්ට ලස්සන ප්ලේස් එකක් නේද.,0,sinhala
බලනවා ඉතින් එක එක ඒවා කියලා මේක හෑවාම ට්වීට් එකේ තියෙන සීරියස් ගතිය බල්ලට යනවනේ සාප මේවා සාප,1,sinhala
අපෝ..පණ පලයන් ලබන සුමානෙ කිව්වලු,0,sinhala
ඔන්න තව අවුරුදු 5කින් සර්වආගමික හැත්තට කියන්න පුලුවන් අඩේ ISIS අයියලා මම මීට අවුරුදු හත අටකට කලින් ඉඳන්ම පුක... URL,1,sinhala
මීලගට විකුණන්න යන්නේ මොකක්ද???.. ඩීල්දාල මරන්න යන්නේ කාවද???,0,sinhala
අපේ හිත කැත ඇති නේ මලයෝ... ගෝල්ඩ් ඩස්ට් ටිකක් වත් ඇගේ උලාගෙන යන්න තමා වෙන්නේ නැත්තන් කොහොම දිලිසෙන්න බබලන්නද,0,sinhala
අර පොඩි දෝණි සේයාව බරපතල ලෙස ලිංගික අපයෝජනයට ලක්කරලලු යකෝ අවුරුදු 5යි වයස අම්මට හැ*නෙනවා ඕක කරපු එකාට කැ* වේ** පුතා කපන්ඩ ඕනි බිජ්ජේ මුලින්ම,1,sinhala
අවුරුදු 10 15 කොල්ලෝ දාලා අපේ අම්මලා තාත්තලා බලපු Knight Rider කියලා කියන්න එපා යකෝ .. මොකද ඒ කාලේ අපිත් ඕක බැලුවා,0,sinhala
බිංදුවට out වෙන එකත් වැරද්දක් ලෙස සලකන්න please,0,sinhala
"මේ වල් බැල්ලියෝ බුරනවා, මෙලෝ වැඩක් කරගන්න විදිහක් නෑ කටෝර සද්දේ එක්ක. බල්ලෝ කොහොම බුදියනවද මන්දා මුං එක්ක",1,sinhala
ගබ්සාව නීතිගත කරන්න බැරි නම් ඒක පවුකාර කමක් නම්... Single parent concept එකට තැනක් තියෙන්න ඕන.. නැත්නම් වෙන්නේ ඉපදෙන අහිංසකයාට අවජාතක ලේබලයක් ගහනවා විතරක් නෙවෙයි අර අහිංසක අම්මා ට වේ.... කියලා කියලත් කියනවා.,0,sinhala
අනේ මේ.... ඌරා ගොනා හරකා මෝඩයා,1,sinhala
අසභ්‍ය වචන මුසුකර අවජාතක යැයි සහජීවන දොඩනවුන්ට පරිභව කරන වහලා තම ගමට අලුතින් පදිංචියට එන සිංහලයා⁣ව පිටගම්කාරයකු ලෙස කොන් කරයි.,1,sinhala
චන්ද්‍රිකාට අම්මා කියලා අවසානයේ වේසි කිවෙත් උබලාම තමයි ශිරන්තිට විහාර මහාදේවි කියන උබලා අනාගතයේ ඔය දේවිටම මොනවා නොකියයිද ...,1,sinhala
තෝ මැරෙන එකම තමා හොද ඛේසර,1,sinhala
සිරාවටම. මිනිස්සුන්ගෙ අමාරුකම් උන්ට ආතල්. ඔක්කොම එකයි. කාලකණ්ණි,1,sinhala
හම්මෝ යකෝ deffy: · 24 Jun 2018 හිපෝ බටු හාවෙක්නම් මගෙ පරන කෑල්ල වන්දෙක් ලග තියපු දෙහිකොල කෑල්ලක් #නිකන්හිතුනා,0,sinhala
බඩුව තුවාය පිටින් පිටින් වැඩිහිටියන්ට පමණයි:,0,sinhala
දැන් සැපයී නේද?,0,sinhala
Dhoni ට නම් තියෙන්නෙ කන් දෙකක් නෙවෙයි.රෙද්ද. 3 වෙනි විකට් එකත් ගියා කියහන්කෝ #TweepsMatchOut,0,sinhala
උඹලත් ඉතින් මල්ලි තාමත් ලජ්ජා නැතුව මෙච්චර සක්කිලි වැඩ කරන හිටමට කඩේ යනවනේ..අර හමුදාවේ කොල්ලන්ට ගැහුවේ මහින්ද වෙන්ට ඇති නේද?,1,sinhala
මට තේරෙනව බොක්ක ඒ දුක යාලුවා කෑල්ල එක්ක පාර්ක් යද්දි උගෙ තනියට යන එක ගැන මං හොදට දන්න්නවා,0,sinhala
රැවුල තිබ්බත් නැතත් මංනං බොල...,0,sinhala
මෝඩකම. පිරිමි ළමයා ඔබේ මෝඩ මුහුණ දෙස බලයි ඔබේ වයස කීයද? 18? ඉතින් අලුත් සහ මාසා සමඟ හැසිරවීම. එය තාරාවෙකු උරා බොන්නට කැමති එම පුද්ගලයා දෙස සමලිංගික බැල්මක් විය යුතුය,0,sinhala
සල්ලි වලට තව මොන මොනවා ඒකි කරාද දන් නැ SEEKER · 10 Dec 2019 Ganiya Banister Francis = ශ්‍රියාලතා පෙරේරා පුක හිනාව නවත්තපන්.,1,sinhala
"පට්ටි ගොන්නු තුන්දෙනෙක් කැගැහුව මතකයි ඉන්දියාවෙන් කොවිඩ් මර්දන පාඩම් ඉගෙන ගන්න කියල. ඔන්න පාඩම ඉගෙනගනිල්ල. එකෙක් ඩොකෙක් තව.නොදකින් මුන්ට විලි ලජ්ජා නැති හැටි. Reuters · 11 May 2021 Doctors in India are warning against the practice of using cow dung in the belief it will ward off COVID-19, saying there is no scientific evidence for its effectivenessthat it risks spreading other diseases URL",0,sinhala
උපුල් නුවන් විදහා ඔබ ගොනා උනා මම සිනා සුනා,0,sinhala
අනේ පව් ඕවා කියන්න අර ජනාධිපති කියලා ඉන්න පඹයටයි අගමැති කියලා ඉන්න පඹයටයි උන් දෙන්නා නම් ඕවා විශ්වාස කරනවා,1,sinhala
කැහි ගෑනි දීලා හොටු ගෑනි ගත්තා වගේ.. කියන්නේ මේවට තමයි,0,sinhala
අම්මෝ යකෝ ඇගටගොඩවෙන්න එන්නෙ නෑ නෑ කසන්නෙ නෑ මොකුත්ම කියන්න බෑනෙ ඉක්මනටම ඩෝං යනවා දැන්,0,sinhala
එ කොල්ල හිතන්න වත් කලියෙන් මේ හිත හොරකන් කලා.... පන්ඩිත හිත ඒ කොල්ල ලග පිස්සු වැටිල බං — feeling loved,0,sinhala
"කාලකන්නි හැත්ත උත්තරීතරේ ඇතුලෙ ගහ මරාගෙන, සිංගප්පූරු ගිහින් බෙහෙත් ගනී... ඒකත් ගෙවන්න වෙන්න අපිටම තමයි #SLPolitics",1,sinhala
පොන්න JVP හැත්ත මේකටත් මහින්දව ගාවලා විලි වහගන්න බලන්නේ. රට ගිහින් ආතල් ගන්න සල්ලි හම්බකරන්නත් එපැයි #lka Neth FM · 6 Jun 2016 අවි ගබඩාව තිබ්බේ නුසුදුසු තැනකයි! URL URL,1,sinhala
"අයියෝ! ජොක් මෙයා කිමද ඔච්චර කෙන්ති! කෙන්ති ගන්න එපා නාකි වෙයි, දැනුත් නාකි තව ටිකක් නාකිම වෙයි",0,sinhala
සිය පියාගේ මරණය අමතක කර දරුවන් බේරා ගන්නට මරු කටට ගිය වෛද්‍යවරයාගේ වීරක්‍රියාව URL,0,sinhala
අවුරුදු 10 වඩා පරන වාහනේක ගාන ඇහුම,0,sinhala
ගෙම්බා තඩි ගෙම්බෙක් බවත් ගැහැනු ලමයෙක් බවත් නිගමනය කරමි. verified,1,sinhala
"අල්ලපු කාමරෙ පුක ලොකු මිස් ඈතින් යන හැටි ජනේලෙන් බලලා මම කියනවා ""ආං අරක"" කියල. කෞරුත් දන්නව බඩු ෂුවර් කියල. ඉන්ටර්න් ඕව කියන්න ගියොත්. ""ඇවිත් දවස් තුනයි.. මේ ආයතන වල ගරුත්වය තියෙනවා. මිස් කෙනෙක් දිහ වුනත් බලන කරන විදිහක් තියෙනවා.. ඕ ලමයි ඉගෙනගන්න ඕන විශය විතරක් නෙවෙයි.""",1,sinhala
වැඩ එනකොට එන්නේ ගොනා පස්සේ එන කරත්තේ වගේ,0,sinhala
"කරපු දේවල් එක දවසට වියදම් කරලා... ලෝකෙටම අඩබෙර ගහල ගත්ත මඟුල මාස දෙකෙන් ,තුනෙන් චක බ්ලාස්ට්.. අන්න ඒක නිසා තමයි බන් ආදරේ කරන උන් දෙන්නා අතර හොද තේරුම් ගැනීමක් තියෙන්න ඕනෙ... ""ලිවින් ටූ ගෙදර් "" දැන් මේක නිකන් කුණුහරුපයක් කියල හිතන්න එපා... මොකද මේක ලියන මාත් මේක කියවන තොපි",0,sinhala
"ආදරණීය වෙත ලියමි, ඉතින් මිතුර ඔබ සුවෙන්ද? මමනම් සුවෙන්. තෝ ගාලු එනව කියල මාස ගාණක ඉඳන් කියනව. ඈ පරයො කියන්න විතරද දන්නෙ ආච්චිට හාල් ගරන්න. මොකද කරන්නෙ ඉතින්? යමන් පැළයක්වත් කන්න. උඹ කනකොට මටත් කියපන් මීට ආදරණීය #Twitterලියුම්",1,sinhala
ඔහොම හිනා වෙනකොට උඹ ලස්සනයි උමා,0,sinhala
අයියෝ ලබ්බ උන් මොනා හරි දෙනවනේ. ඉතිං ඒකෙන් කාටහරි පොඩි හරි සෙතක් සැලසෙනව නේ. ඉතිං ඔයාට ඒකට ඩෝං යන්න දෙයක් නෑනේ,1,sinhala
පොලිස් නිලධාරීන්ට ලබාදීමට තීරනයකල සංශෝධිත සංයුක්තදීමනාව(20/2018)වෙනුවට ලබාදෙන සොච්චම් මුදල කිසි සේත් පිලිගත නොහැකි අතර මෙය නිලධාරීන් ගේ මානසික මට්ටම කඩා පහත හෙලන ප්‍රධාන කරුනකි මේ සදහා අප නීතිය ඉදිරියට යෑමට තීරනය ගෙන ඇත ශ්‍රීලංකා පොලිස් ඥාති සංසදය,0,sinhala
"මොකුන්ද මන්දා අර ලින්ක් වගයක් ක්ලික් කරලා whatsapp එකේ මැසේජ් 100ක් විතර එකාගෙන් මැසේජ් ඇවිල්ලා සල්ලි දෙනෝ ක්ලික් කරොත් කියලා! යකෝ ඒ ටික හරියට ක්ලික් කරානම් මට වෙන දෙයක් ඕනේ නෑ, අපේ රටේ ණය ටික ගෙවන්න තිබුනා!",0,sinhala
ඒ යකො තොට සල්ලි ගෙවලා කව්රුත් බැදපු ඉස්සෝ තියලා සලාද කන්න කියල නැති හින්දා :D URL,0,sinhala
"අපේ සමහරු තමාගේ තර්කය ඔසවන්නේ, ""අඩෝ තෝ දන්නවාද මම කවුද කියලා?""ය. අනිකාගේ තර්කයට පහර දෙන්නේ, ""තෝ වසලයා, අවජාතකයා, සතා"" යනාදී ලෙසය. කාරණයක් ගැන සිතා බලා, කාරණයට පහර දිය හැකි ආකාරයේ විනයක් නම් නැත. මෙය අහේනියකී.",1,sinhala
පාන්දර 1ට 2ට ලස්සන සුවබර නින්දක් අස්සේ... කන ලග එලාම් එක වදිද්දී... හිතට එන හැගීම... වචන වලට හරවන්න අමාරුයි පුදුමාකාර සතුටක් ඇතිවෙන්නේ #කරුම,0,sinhala
"ඒක පට්ට, හරිම ප්‍රශ්නෙ Thisaranie (තිසරණී) · 25 Jul 2021 *එයා උඹට ඔය කියන තරමට ආදරෙයි නම්, ඇයි බං පාස්වර්ඩ් එක ඉල්ලන්නේ?",0,sinhala
මෙහි සිංහල පිටපත ලබා දීමට කිසිදු ක්‍රියා මාර්ගයක් ගෙන නොමැත.,0,sinhala
පිස්සාමූ පුස්සා මූ පිස්සු පූසා මූ (ඔයා),1,sinhala
යකෝ ඔස්ටේලියාවට ලකුණු තුන්සියට වඩා ගැහුවෙ අපි විතරනේ බැලුවම.,0,sinhala
#srilanka 20 ආණ්ඩුක්‍රම ව්‍යවස්ථා කුමන්ත්‍රණයක් !.. පිස්සු හැදුනොත් මෛත්‍රීගේ ජනපතිකමට කෙලවේ… එහෙට මෙහෙට පැන්න ඩිස්කේ අම්මට ඩිස්කේ අලුත් පොටක් පාදා ගනී… මේ නිසා තමයි කලින්ම කාගේ හෝ උවමනාවකට වචනේ එලියට දැම්මේ #lka,0,sinhala
ඕකගේ ඇට දෙක තලලා මදි අක්කාහ්.. කොන කපපු වෙලේ සම්පූර්ණයෙන් කපන්න තිබ්බේ.. එතකොට ගණිකාව වෙන්නේ උගේ ගෑණි. මිනිහට බැරි නිසා,1,sinhala
තෝ මට හායි කීවේ නෑ,0,sinhala
⁣යකෝ මූ. මිනිහෙක් හොඳ දෙයක් සමාජෙට දෙන්න හදනකොට බාධා කරන්න එපා ඕයි.තොපිල වෛද්‍ය ශිෂයෝ නේද!,0,sinhala
දැන් ඉන්න කෙල්ලො සෙම ආවාම කෙළ ගහන්නෙත් තාලෙට තූ නොදකින් කෙල ගහන්නත් උගන්නන්න ඕනෙ පඩික්කම් අපරාදෙ #සිතුවිලි,1,sinhala
ඉඳල ඉඳල ගෙදර හිටිය ශොපින් පාරක් යන්න කියල... උදේ ඉඳං වහිනවා.. රෙද්ද,0,sinhala
නොදකින් මු ඇවිත් logout වෙන්න ඕන,0,sinhala
හදපු වදපු දෙමව්පියන්ටත් බොරු කරල උබත් එක්ක එන ඒකි තොට බොරු නොකර උදීද හුත්තො! #LoveStory,1,sinhala
අරැම පුදුම යහපාලනයලිචිඡවි පාලනය,0,sinhala
"උත්තර නැති ප්‍රශ්න වලට, උත්තර හොය හොය කාලකණ්ණි වෙන්නේ අපරාදේ. මේ ජීවත් වෙන මොහොත හොඳට හිටියා නම් ඉවරයි කතන්දරේ",0,sinhala
", අනේ පලයන් පකෝ",1,sinhala
"දැනුයි ගෙදර ආවේ.. නාලා, මොනවහරි කාලා, නින්දගියේ නැත්ට්ජම් එන්නම්.. සොරි වෙයල්ලා.. මුලු ඇගම රිදෙනවා.. පට්ට මහන්සී බන්.. කොන්දත් රිදෙනවා අදනම්..",0,sinhala
හොද එකක් ආවා. එක්කො ඔනේ නැහැ,0,sinhala
"ඇත්තටම අපේ සන්ඛ්‍යාත වලින් උන්ගේ අදිපති පංති ප්‍රාග්ධනය හිමි දේශපාලකයන් වෙනුවෙන් පිස්සු කෙලින මේ ජඩ මාද්‍ය වලට එරෙහිව සියලු ප්‍රගතිශීලි ජනයා..අලුත් පියාපත් සමග නගිසිටිය යුතු කාලය උදාවෙලා... . ""අලුත්... URL",0,sinhala
ඕක දීලා ආයේ පැතිරෙන්න ගත්තාම ඒවට වියදම් කරන්න මෙයාලා සල්ලි දෙනවා ඇති.පොඩි සෙට් එකක් වෙනුවෙන් ගොඩක් අය අමාරුවේ වැටෙනවා,0,sinhala
ඥානසාරගේ ලීක් වෙච්ච වැල දෙක බැලුවද? අප්පිරියයි කළුවට කලුවේ තඩි බඩත් එක්ක.,1,sinhala
""" ඒ ගොල්ල හිතන් ඉන්නේ උපන් කැත අරින්න බැරි අපේ විතරයි කියලා "" .La Hi Ru| · 18 Jul 2021 පබාවතීට පුලුවන්නම් කුසට ලවු කරන්න, ඇයි උබට බැරි මට ලවු කරන්න.. උබ පබාවතී තරම් ලස්සනත් නෑ, මම කුස තරම් කැතත් නැ..",0,sinhala
තණකොල කන්න ඕන එව්න් ටයි කෝට් දැම්මම ඕම වෙනවා.ලෝකෙම නම තියපු මිනිහෙක්ගෙ වටිනාකමක් තේරෙන්නෙ නැති එව්න්.එකෙක්ගෙ ගොන් වැඩක් නිසා මුලු බැංකු ජාලෙම නම චාටර් වෙනවා. ආර්. බැද්දගේ · 21 Dec 2019 කෝ අර චිත්‍රාල්ව එලියට දැම්මෙ ගෝඨට අපහාස කරපු සීන්නෙකකට කියල පස් කන්න හදපු උදවිය අත් උස්සන්න බලන්න.,1,sinhala
නියමයි. මම කලකට කලින් කිව්වා මේ හොරාකෑමේ දේශපාලන ක්‍රමය කරදරයක් නැතුව කරගෙන යන්න නම් ආණ්ඩුව මීළඟ අයවැයෙන් අධ්‍යාපනයට වැඩි මුදලක් වෙන් කල යුතුයි කියල. හොඳට ඉගෙන ගන්න පිරිස ඉගෙනගෙන සංවර්දිත රටවල් කරා පදිංචියට ගියාම ආණ්ඩුවට ලේසියි ඉතුරුවෙන මෝඩ වහල්ලු බහුතරය සමග රට කරගෙන යන්න.,1,sinhala
චූදිතයන්ට බයවන විනිසුරුවන් ඉන්න රටේ මේවා පුදුමයක් නොවේ...,0,sinhala
අනිවා..මට හිතෙන්නෙ නම් වෛරස් එක ගැන අපි දැනගන දැන් අවුරුදු 2ක් විතර වෙනවා.සෞඛ්‍ය අංශ කරන්න ඕනෙ උපදෙස් ටික දීල තියෙද්දි අපිට ලෝකෙ කිසිම රාජ්‍යයකට චෝදනා කරන්න බෑ අපෙන් වෙන්න ඕනේ කොටස අතපසු කරලා..ඒ හින්දා තමන්ගෙ ජීවිතේ දේශපාලුවෝ රැකල දෙනකල් බලන් ඉන්න තරම් මෝඩ වෙන්න හොඳනෑ.,1,sinhala
මේ පෝස් එක මම යාලුවෙක්ට පෙන්නුවා. මිනිහා එකපාරම උගේ පස්ස පැත්තට ගහ ගන්න පටන්ගත්තා. මම ඇහුවා මොකද මේ කියලා. ඌ කියනවා පස්ස පැත්ත නවත්තන්නේ නැතුව හිනාවෙනවා බං ඒකයි දෙකක් දුන්නේ හිනාව නවත්තගනින් කියලා. #lka #srilanka,0,sinhala
කවුද අවජාතක මේ මී හරකා URL,1,sinhala
"ඔය කඩදසි ටික පෙට්ටියට දාලා ගිනි කූරක් දැම්මා නම් හරි. අයේ කොරෝනා එන්නෙම නෑ. මී හරකා.. කඩුවෙලින් ලක්ශ 3 ක් මනාප අරන් ආපු මි හරකෙක්.. මන්ත්‍රීවරු, නගරාධිපතිවරුත් කොල්ලාගේ පොස්ට් එක RT කරලානේ..",0,sinhala
දවල්ටත් නිකම් මැරිච්ච වගේ නින්ද ගියානෙ බොල.මහ මුස්පේත්තු දවසක්..,0,sinhala
පාරෙ ලයිට් නැති වෙලාවට හෙඩ් එක ගහන වේස බල්ලෝ,1,sinhala
එතකොට මෙච්චර කල් තිබ්බ ස්තානීය දඩේට මොකො වෙන්නෙ :/,0,sinhala
සිරාවට! ප්‍රසිද්දියේ කතා කරන්නේ ඔහොමයි ඌට. නම්බර් එක සේව් කරලා තියෙන්නෙත් වේසි කියලා once I called him that in front of a teacher,1,sinhala
කොලඹ CTB බස්එකේ සෙනග සෑහෙන්න.මම නැග්ගෙ පේරාදෙනියෙන්.විස්සක් විතර හිටගෙන.තුනේ සීට් පේලියක මැද සීට් එකක් හිස් පෙනුනා.ලගට ගිහින් බැලුවම ජනෙලෙ පැත්තෙ විජාතික සුදු අංගනාවක් රැජිනි වගේ කකුලුත් උස්සගෙන වාඩිවෙලා ඉන්නව.ඒකිගෙ තඩි බෑග්එක මැද සීට්එකේ.වටේ අයගෙන් වාඩි වෙන්නැත්තෙ ඇයි කියල. 1/2,0,sinhala
"උබට කෙල්ලො සැට් කොරලා මොකො ආප්ප හදන්නද , මේන් මු වටෙ යනවා අයිසෙ 🅒🅗🅐🅝🅓🅤 · 3 Feb 2020 ඊයා යකෝකෙල්ලෙක්වත් සැට් වෙන්න තියන චාන්ස් එක නේද මේ ඉන්ටර්නැෂනල් බුවා නැති කරන්නෙ මට",0,sinhala
"URL ලංකාවේ මිනිස්සු මේ, මෙවා දාන්න media වල youtube.com හොටෙල් නීරෝදාන බොරුව | Airport News හොටෙල් නීරෝදාන බොරුව | Airport News #airport_news #sri_lanka #Sinhala",0,sinhala
තොට ලඟ යවනවා මල්කාන්ති බුරිය පෙන්නලා #Shanthi #SLRap,1,sinhala
මේ මාසේ ජීවිතේට හෙන ගහන්න නියමිතයි ෆ්‍රෙන්.කරුම ජීවිතේ,0,sinhala
අඩො නෝ...අඩො Y බං,0,sinhala
තෝ තාම නිදාගත්තෙ නැද්ද යකෝ,0,sinhala
", ඔව් බං අපි ෆ්‍රී නැති දවස්වලට තමා තෝ සෙට්වෙන්න අහන්නෙ",0,sinhala
සිරස චැනල් එක නොතිබෙන්න මොඩ පවිත්‍රයි පිස්සු සුමනෙයි අදටත් පැනි දම්මික ගෙ පස්සෙ මිනිස්සු පොලිම් ගස්සනව...,1,sinhala
සිංහයොත් එක්ක හැප්පෙන්නේ නැතිව හුජ්ජ කරලා බුදියගනින් !,1,sinhala
නාකි බල්ලො කොළඹ යන්නෙ කොහොමද,1,sinhala
URL අපි දන්නවා ශිරන්ති කියලා. මොකද පවුලේ බලය සහොදරයෝ අතරේ බෙදිලා ගියොත් අනාගතේ නාමල් බේබිව ජනාධිපති කරන්න අමාරු වෙනවා නේ.#lka #2020PreElection #SriLanka Ada Derana Sinhala · 17 Aug 2018 ජනාධිපති අපේක්ෂකයා ගෝඨා නෙමෙයි මහින්ද URL,0,sinhala
කොහෙ හරි මුඩුක්කු වල ඉඳන් ආව හැතිකරයක්. පවු අපේ කොල්ලො. කිසිම හැදියාවක් නැති සක්කිලි. ඕකුන්ගෙ ඔලුගෙඩි ඔබන්න ඕනි ලැට් වලවල් වල.,1,sinhala
RT : #SriLankaFamousFor පොඩ්ඩක් පොත්ත සුදු උනාම හෙන කෑල්ල .. එන්ගලන්තෙ හැරී කුමාරයට තමා මාව බදින්නෙ කියලා හිතාගෙන ඉන්න කෙල්ලො,0,sinhala
මැතිවරණ කොමිෂන්එක ඒගැන බලාගනී... ඔයා ගිහින් පන්සලේ වැඩක් බලාගත්තනම් හොදයි නේද... UNP එකට කඩේයන්නැතිව..,0,sinhala
"කෑල්ල සාපෙළ පාස්වෙලා 7/9 යි මම 5/7 යි මටනම් ගැරෙජ් එකකට තමයි යන්න වෙන්නෙ,එයා සිදාදියේ ඉස්කෝලකට ගිහින් වෙන කොල්ලෙක් එක්ක යාලුවෙයි කියල මට බයයි යාලුවනේ",0,sinhala
වාඩි වුණේ වැරැදි තැනක කියලා තේරුම් යන්න තප්පරයක් විතර ගියා. සීට් දැක්කම පිස්සු වැටෙනවා කියනෙකට හොඳම උදාහරණෙ ඕක තමයි.,0,sinhala
අඩේ අම්ම කිව්වෙ තමුසෙගෙන් ඉල්ල ගන්න කියල පර්ස් එක දෙනව,0,sinhala
පට්ට නේ.. ඒ තමුසෙ මට FB මිතුදම් ඉල්ලීමක් එවනවකෝ.. ඒ ක්ල්ල ඔය පෝස්ට් එක inbox කරන්නකො.,0,sinhala
නෝනගතය වැනි හිස් කාල හිඩැසක අනුන්ට සමච්චල් කිරීම හෝ සංයමයෙන් සිටිනවුන්ට කෑම පෙන්වීම පවක් බව ඔබ දන්නවාද? කර්ම පලයන් බලාපොරොත්තු වන්න!,0,sinhala
අවජාතක බැල්ලිගේ පුතෙක් මට reach හදලා දෙනවා...මේ වන විට. Twitter එකේ.. උඹට රතඹලා පුකක්ම ලැබේවා,1,sinhala
දෙරණේ පැණි නාටකයට තරඟයක් දෙන්න නේද සිරස මේ ගස් නාටකය පටන් ගත්තේ. එල එල.,0,sinhala
සමහර කොල්ලො දැන් බස් එකේ යද්දි කෙල්ලෙක් ලඟින් වාඩි උනොත් ඒකි බහිනකන්ම යන්නෙ පන බයේ ගැහි ගැහි.. වැරදිලාවත් කෙල්ලගෙ වැදුනොත් අහගන්න වෙයි කියල හිටං... ජැක්සන්ල නිසා වෙන දේවල්....,0,sinhala
ගනන් ගන්න එපා වල් බල්ලන් ට වැඩක් නැත්නම් වැඩක් හොයා ගන්න එපැනේ. පාරේ යද්දී වල් බල්ලෝ බැල්ලියෝ බුරද්දී මොකද ඔයාලා කරන්නේ. එකට ප්‍රතිචාරය දක්වන ආකාර කිහිපයක් තිබෙනවා.තමන් වැඩ්ඩේක්‌ හෝ වැද්දෙක් කියලා ගොඩක් අයට ඇත්ත ජිවිතේ ට වඩා...... පෙන්නන්න ඕනේ වෙලානේ තියෙන්නේ. Empty ජිවිත. සරළයි,0,sinhala
තූ විතරක් හුජ්ජ කොල්ලා :3,1,sinhala
"ඉස්කෝලෙ යන කාලෙ සින්හල පොතේ තිබ්බ කවි වල පද පේළිවල අන්තිම වචනෙ මුලට 'දෙක' කියල දාල කියවනකොට පට්ට යකූ <3 දෙක දනවෝ, දෙක දෙනවෝ..etc ^_^ #lka",0,sinhala
"ෆලෝ කරන්නෙත් නැතිව, ඉබ්බෙකුත් දාගෙන රිප්ලයි කමෙන්ට් කරන්න එපා iසේ.. ඔය දාන ලබ්බ පෙන්නන්නෙ නෑ",0,sinhala
තෝ නැවකට වෙලා මාලුවෙක් බාගෙන හිටපන්,0,sinhala
"සේන සේන සිරිසේන ලැජ්ජා නැද්ද සිරිසේන, සේන සේන සිරීසේන වැඩේ කැතයි සිරීසේන දමවු දමවු පන්න දමවු හොර අගමැති පන්න දමවු තොපෙ තාත්තගෙ බිජ්ජ, පාර බ්ලොක් කරන් පුක දෙනවා. ගොන් පක්කු",1,sinhala
රස වගේ සළු ඇඟේ නැති නගේ ළඟ කැරකුනේ මම හිතින් ඉන වටේ මල් වල වදේ පවු පිරේ මං හිරේ බාලොලි කැලේ තව මලක් ඔබ ළඳේ වරක මදුල කාලේට පීදෙන්නෙ නැහැනෙ ගොරකා වාරේට මල් දුන්නෙන් කෑවාම මමද සුන්දර බඹරා සොකරි නටන තාලෙට දක්කපං මේ කලු හරකා පාරට බැස්සම මලට බඹරු වැහුව ගොරකා,0,sinhala
අහිංසක දරුවෙක් දූෂණය වුණාම මුහුණ ප්‍රසිද්ධ කරන ජඩ මාධ්‍ය මේවගෙ උන්ගෙ මූණූ සිරස්තල කරන්නේ නැත්තේ ඇයි?,0,sinhala
ඉක් හෝගයි හම් ඖර් තුම්.. තෝ උඩ්ගයි නීන්දේ රේ.. හේ හම්මා.. #np #OKJaanu #Sajje,0,sinhala
ඔයාගෙ මිම්මෙන් මාවත් මනින්න එපා ඩාලින්..,0,sinhala
"ඇයි බොල වාව් කියන්නෙ මන් හිතන්නේ මමනේ මුලින්ම අදුර ගත්තේ ""අම්මටසිරි චේත්‍යානේ"" remember",0,sinhala
සැරසිලි කිරීම් සදහා කන්ඩායම මහන්සී වී වැඩ කරන බැවින් ඔවුනට ටුවිට් සම්පූර්නයෙන් දැමීමට නොහැකි වී ඇත,0,sinhala
"කුලියාපිටිය, බිංගිරිය හෙට්ටිපොල හා දුම්මලසූරිය පොලිස් බල ප්‍රදේශවලට හෙට අලුයම 4.00 දක්වා පොලිස් ඇඳිරි නීතිය පනවයි. - පොලිස් මාධ්‍ය ඒකකය #lka #SriLanka",0,sinhala
දෙමළට පුක දීල උඹ පුකේ ඇරවගනින් සිරිසේන URL,1,sinhala
තමුසෙ බීලා... :P,0,sinhala
අනේ මේ පොඩි කෙල්ලට චොක්ලට් දෙන්න එපා මට දීලා තියෙන්නෙහ් වෙන ගෙදරකින් ඉස්සෙල්ලම ඒකත් අවු 4දි වගෙ.. කන්න දන් නැති නිසා ඇගේ ගාගෙන ඒත් දැන් මේ සයිස්. මේ කියුටි ව නම් තඩි කරන්න එපා,0,sinhala
පොන්න මගම,1,sinhala
ගොඩාක් දවසකට පස්සෙ ආවෙ මේකට.. පිස්සු වගේ.... මාත් මේකෙන් ආදරය කරන්න කාවහරි හොයාගන්නවා අනේ.....,0,sinhala
දැන් මේවා දන්නේ කොහොමද? බලන් හිටියද? ඕව ඇත්ත කියල අපි කොහොමද දන්නේ?? #LKA,0,sinhala
", එතකොට අර බැල්ලි",1,sinhala
හික්කි හුක්කි හු.......... #Muslims #tamils ඔබට සතුටුද දැන් ජාතිකයිනි ඔබලාගේ සංස්කෘතිය විනාශ කර ගැනීමටද 62% ක් වූ චන්ද පාවිච්චි කොරමින් මෙරටේ ජනපති කොරවුයේ. යේ පිස්සු සමලිංගික ආණ්ඩුවට කඩේ යන ගම වල හරකුනේ ඔබේ දරුවා ප්‍රසිද්ධ සම ලින්ගිකයෙකු වෙනවාට ඔබ කැමතිද ?,1,sinhala
මැද මුලන වලව්වේ ඉදන් නිවැරිදි තීන්දූ තීරණ ගත්ත නිසා..තමයි අද මේ වගේ පඩි කථා කියන බොහොමයක් එවුන් මේකේ කොටන්න වත් ජීවතුන් අතර ඉන්නේ..... වෙද්දීත් ජංගියේ චූ පෙරාගත්ත හුජ්ජ එවුන් මේවා දන්නේ නෑ..... kavinda bandara · 8 Oct 2019 දේශපාලන පක්ෂඅනුව තීරණ ගන්නා ආයතන .එජාපය - කෘත්‍යාධිකාරි මණ්ඩලය .ශ්‍රීලනිපය - මධ්‍යම කාරක සභාව .ජවිපේ - දේශපාලන මණ්ඩලය .ශ්‍රීලංමුකෝ - උත්තරීතර මණ්ඩලය .පෙරටුගාමී - විධායක සභාව .ජාතික හෙල උරුමය - මධ්‍යම කාරක සභාව .ටීඑන්ඒ - මධ්‍යම කාරක සභාව .ශ්‍රීලංපොපේ - මැදමුලන වලව්ව Copied,1,sinhala
පල යන්න :@ තෝ මාව ගොනාට අන්දන්න නේ හැදුවේ,1,sinhala
"කොන්ඩම්, අතේ ගහන හැටි නියපොතු, ඇගිල්ල ගැසීම, වම් අත,අත්ලෙ රේඛා.... මොනෞත්තක්ද අයිසෙ මේ",1,sinhala
අර පටිය පස්ස ගාවට ඔන්න මෙන්න තියෙන්නේ සුන්දරයි,1,sinhala
උණු තේ බිඳක් ගවුම් කර මත වට්ටගෙන කුඩා මේසය පෙරළගෙන එහෙ මෙහේ දුවන විට උණුවෙන්ම ඉහිරුණු තේ කෝප්පය දෙස මුළුමනින් බත් වුණ ළා පාට කලිසම ගැන තැකීමක් නැතිවම මගේ මුහුණ සිඹින ඔබ ගවුම් කර කැත කරගෙන හුස්ම නාල්ලන මම මේ එහෙම හවසක අපි.,0,sinhala
"චි, කොල්ලොන්ගෙ වයස අහන්නෙ ලැජ්ජ නැද්ද අයිසෙ",1,sinhala
"ඇත්තටම ,,,,අගය කල යුතු ජනාධිපති වරයෙක්,,,,,",0,sinhala
තො පර බල්ලා. හෙන ගහපිය තොගෙ ටිම් එකටම. මුසලයා......,1,sinhala
"මේ හරකුන්ගෙන්, අලාභය හා දඩ මුදලක් අය කොරන්ට..! ජනතා පරමාධිපත්‍ය විනාශ කරපු එවුන්ට රටේ සාමාන්‍ය නීතියෙන් දඩුවම් ලබාදිය යුතුයි..!!! මේවා වහල් හිකනලුන්ගේ මහරජාගේ මෝඩ චුන්..!!!",1,sinhala
බලන්ඩ දෙයක් නැහැ ඒකත් මැටි ලේඛයක්ම වෙන්ඩඇති,0,sinhala
දැක්කා දැක්කා පට්ට පරණයි,0,sinhala
ආන්න බලන්න පින්වත්නි 68%ක් පාරෙ රෙන ඉන්දියානුවො රට දියුණු කරන විධිය. අන්න ඒකට අපේ පකිස් බූරුවො. ඇවන්ට්ගාඩ්... URL,1,sinhala
අප්පා මොකෙක්ද මේවේසියන්ට දාව ඉපදුනාම දකින දකින කෙල්ලට වේසි වේසි ගානව ඉතින් උබ හරි,1,sinhala
පුක තිබ්බ පලියට පඩ අරින්නේ නැතුව වැඩක් බලං හිටහං. පැත්තම ගූ ඟඳවි.,1,sinhala
ආපෝ පයිය නැලූ හම්මේ ආච්චී... ඔයා නම්ම්..:,1,sinhala
"ඊට පස්සේ අඬපංකෝ අලුතෙන් ඩිස්ප්ලේ දැම්මා, දැං වෝටර් පෲෆ් නෑ, ෆේස් අයිඩී වැඩ නෑ, බැටරි බහිනවා ඉක්මනට, හීට් වෙනවා, චාජිං පිස්සු කෙලිනවා වගේ ඒවා",0,sinhala
ඔයාටත් දාන්නම් ඩාලින්,0,sinhala
හුත්තෝ එතකොට අපි අතේ ගහන්නේ මහේස්ත්‍රාත් ගේ අම්මා දිහා බලාගෙන ද,1,sinhala
උබේ ඩාලින් සයිමා කට් වෙලා Good Bye Legend! #SunilPerera,0,sinhala
එක අවජාතක දෙශපාලුවෙක් ගෙවල් පැත්තේ එනවා නෙමේ ජන්දේ හිගා කාගෙන..,1,sinhala
"ටහුඩු එන්සිනා දැක්කොත් ඉවරයි Moaning Myrtle · 16 Sep 2016 ඒනම් කමක් නෑ. දුක නම් මං ඇවිත් නලවන්න ගියේ, හිහි",0,sinhala
ඒ මාකටිං පාර යම් තරමකට හරි ඉෆෙක්ට් වෙන්නේ සෝෂල් මීඩියා ඇතුළේ විතරයි. නමුත් ගොනා හැරෙන්නේ පොල් පැලේට කියලා දන්න මිනිස්සු ගොනා හැරෙද්දිම ඌව එළවන නිසා ලොකුවට ඉෆෙක්ට් වෙන එකක් නෑ.,0,sinhala
"මේ ට්වීට් එක එකෙක්ට පෙන්නුවම මේම කිව්ව... ""දෙවනි ඉනිම බලන පොන්න හැත්ත කවදාවත් එක්ස් ෆයිල් බලන්න එපා. මොකෙක් හරි කෑගහපු පලියට ඒක දාන්න කලින් හිතහන්. එක්ස් ෆයිල් බලන උන් කවදාවත් ඔය වගෙ හිගන හු***වල් බලන්නෙ නෑ බන්"" එතකොට සෝශල් මීඩියා වල ඉන්න ඕන උන්ට ඕන විදියටද? 𝑅𝓊𝓌𝒶𝓃𝓉𝒽𝒾 · 25 Nov 2018 දෙවනි ඉනිම බලලා මිනී මරා ගන්නවනම් අපි x-files බලපු බැලිල්ලට FBI එකේ ඉන්න ඔනී..",1,sinhala
වැඩක් නෑ බං කතා කරලා! කාලකණ්ණි අපි,1,sinhala
"එක පාර ම ""The Da Vinci Code පොත කියවන්න එපා"" කිව්වොත් හරි නෙ ඉතිං ආගමක් ගාවගන්නැතුව ඕක පොතක් නෙමෙයි කවුරුත් කියවන්න ඕනෙ නැති අවජාතක ගූ රෙද්දක් Nu · 30 Aug 2019 ඔබ කිතුනුවෙක්ද? ඒසේ නම් The Da Vinci Code පොත කියවන්න එපා!",1,sinhala
"ඔවාගේ සක්කිලි කටේ හැටියට වැල්ලේ මාළු විකුණන ගෑණියෙක් මරදානේ පාලම යට දෙසීයට අල්ලන ගෑණියෙක් තමයි මැඩම් කිට්ටුවෙන්නේ, ඔයාගේ නෑයෝ ඒ ලේයර් එකේ නැති නිසා ඔයාගේ චූන් ඔවාට ගන්න දීලා ඉන්නවා ඇති",1,sinhala
පාඩම් කරනවා කියන්නෙ කරන්න අමාරු වැඩක නෙවෙයි. කරන්න බැරි වැඩක්. -_-,0,sinhala
ඔව් බං ඒක ඇත්ත. වේස පක්කු එකෙක් ඇවිල්ල නෑ තාම සැප දුක් බලන්න.,1,sinhala
ඩොලර් ටිකක් ගෙනාවට මක් වෙනවද මේ අමාරු කාලේ?,0,sinhala
කෙල්ලො දැන් හෙන දියුනුයි බ්‍රො,0,sinhala
මොකද අයිසෙ මූන එල්ලගෙන,0,sinhala
කියන්න ඕනෙ නැ බන්. අපි දන්නව . . . . . . . . . . . . . . . . . . . . උබ ගොනා කියල,1,sinhala
ඇයි බන් මහ බැoකුව කඩල ගත්ත ඒව ගන්න ඕනි ඊට කලින්,0,sinhala
ටහුඩු තද තද චතුරිකා නගා,0,sinhala
"ඒ වුනාට අට්ට වහලෙයි චීන වහලෙයි හයිබ්රිඩ් කරලා එච්චර ලස්සන නෑ අනේ. වෙන විදියටක උඩ කෑල්ල හදන්න තිබ්බා. බණ්ඩාරනායක එක නං ගානයි. නෙළුම් පොකුණත් ලස්සනයි. Chinese Embassy in Sri Lanka · 24 May 2021 Dear Rasika You won't be surprised to learn that the Supreme Court Complex was constructed by Chinese aid in 1989, under a request by then Hon. Ranasinghe Premadasa government. FYI.",0,sinhala
කේරලයට වැදුනේ ජෙප්පන්ගේ ඇස් වහද ......#srilanka හරියට යමක් නොදකින් මුන්ට පුලුවන්ද රටක් පාලනය කොරන්න.,0,sinhala
ඡන්ද හිගන්නෝ. තුක් නොදකින්. කොන්ද නෑ වචනයක් කියන්න,1,sinhala
බැල්ලි කියන්න එපා බිච් කියන්න,0,sinhala
කලවැද්ද හිතන් ඉන්නෙ මිනිහ පොර කියල. මෝඩ චූන්.. neetwit · 18 Jun 2017 එහෙනම් ෆොන්සේකා නමවත් කවුරුත් දන්නේ නැහැ! #LKA #sriLanka #Galle #SarathFonseka,1,sinhala
මේ තඩි කොටියාට විරැද්ධව නීතිය කෝා්ා්.......... ?????,1,sinhala
රත්තයි උගේ අප්පගේ ත්‍රෙඩ් එකයි කෝමද යකෝ උත්තර දෙන්නේ රෙද්දක් ඇදන්...,0,sinhala
බුද්ධ ශාසනයට පස්ස හැරවූ සිරිසේනට මඩකලපුවෙන් කළු කොඩි URL,0,sinhala
"ආණ්ඩුව පර්‍යන්තය බේරගන්නෙත් නෑ , මෙයාලා ත්‍ර්පිටකය බේරගන්නෙත් නෑ එකම දෙකයි !!",0,sinhala
අයාලේ යන උන්ට තැනක් නැති උනාම අපෙ ඒවට ගොඩ වෙනවා. ගනන් ගන්නෙපා ඩාලින්.,0,sinhala
මොනා උනත් අයියව වටේ යවන්න ඊයේ කවුද පට්ට බොරු ලණුවක් දුන්න. පොඩ්ඩ්ක් චාටර් කෙරෙව්ව නේද. අත්තටම කවුද ඒ පොර?? URL,0,sinhala
"අඩො අරූ වම දකුන මාරු කරලා Rasikalink · 28 Feb 2021 මේවාට නං petition නෙවේ නඩුත් දාන්නොනි දෙවෙනි පොටො එකේ තියෙන් Netflix කරපු Mowgli පලවෙනි එකේ තියෙන්නේ ඒකෙ Footage එහෙම්පිටින්ම දාලා ලංකාවේ මේ වෙද්දී Film hall වල පෙන්නන ""අපට සැදුනු අපේ ලෝකය"" කියන Film එක. Trailers දෙක දෙවෙනි ට්විට් එකේ බලලා හිතෙන දේ කියාගෙන යන්න. /2 Show this thread",0,sinhala
තව ආප්පයක් කෑවනන් හරි හිටන්.....සංහිදියාව රෙද්ද පල්ලෙ බේරෙනවා.... URL,1,sinhala
කුළු මිමාගේ ගැහැණු සතා කුළු බඩුව වේ .. මාළුවාගේ ගැහැණු සතා මාළු කැල්ල වන අතර හාවාගේ ගැහැණු සතා හා හා ලදේ වේ ..... URL,0,sinhala
අඩො නෝ Yoooo · 10 Oct 2020 Keels එකේ දෙනෝදහක් මැද්දෙ කලිසම ඉරැනා,0,sinhala
"අපෙ ගෙදර එක කාලෙ අපි 4 දෙනෙක් එක ගෙදර.. වෙලාවකට පොඩි යුද්ධයක් වගෙ සද්දෙ. ඒත් අම්මා බැන්න මිස ගැහුවෙ නෑ. මේ ලගදිත් තාත්ත ඕක මතක් කරල ""මහ මනුස්සයා තොපි 4ක් හැදුව එක පාරක් ගැහුවෙ නෑ. ඒත් උඹල මේ එකා දෙන්නා හදන්න යන්නෙත් ගහල."" කියලා අපෙ අයියලට බැන්නා.",0,sinhala
"කොහෙද මන් පොර ජාතකේ දාගෙන ඉන්න උන් ටික, කෙල්ලො ෆොම් කරලා තාම නිදිද, වරෙන්කො එකෙක් දෙන්නෙක් ගොන් කතාවක් කියගෙන, අදත් අවුස්සලා ගන්න",0,sinhala
සමහර ගිණිකඳු අක්‍රිය කාලෙට බල්ලොත් කකුල් උස්සලා හුජ්ජ කරන්න ඇති.. ඒත් ගිනිකන්දෙ අගය අඩු උනාද? නෑ.. භයානක කම අඩුවෙනවද? නෑ පිංවතුනි කොහෙත්තම නෑ..,1,sinhala
උඹලා අද ඊයේ ඇවිල්ලා හම්සගේ ss එඩිට් කරලා හුජ්ජ ආතල් ගන්න එපා බං. අපි ආතල් එකට මේක එඩිට් කලේත් 2016.,1,sinhala
උණු උණු පිස්සා කෑල්ලක් කනවැයි,0,sinhala
"""මෝඩ හරකා.. රට හදන්න කලින් උඹ හැදිලා හිටහං""",1,sinhala
"ලොක්ක කතා කරද්දී ගිහින් උරහිස් දෙකෙන් අල්ලලා හොලවලා.. "" තමුසෙ තමයි ඕයි මේකෙ ලොක්කා , අපි නෙවෙ"" කියල ඌව ඇහැරලා එන්න පුළුවන් නම් මරු නේද..",0,sinhala
අද නම් පුක ඉරාගෙන ගහනවානේ යකෝ..#SLvSA,1,sinhala
ලාංකීය ඇමති පුරවැසියකු බීලා හොර අඹුව බලලා ගෙදර යන ගමන් තරුණයෙකු යට කරන් ගිහින් නඩුවෙන් බේරෙන්න රියදුරු ඉදිරිපත් කිරීම දේශප්‍රේමීත්වයද? තම භාර්‍යාව ඇදෙහි ගැට ගසා පිලිකුල් සහගත විකෘති ලිංගික ක්‍රියා සිදු කිරීම දේශප්‍රේමීත්වයද?,0,sinhala
අලි දැක්කම නැවතිලා කෝච්චියෙන් බැහැලා අලිය පිටේ යනවා!,0,sinhala
", ඔහු වහා ඩයල් කරන්නේ ගගනගාමියෙකු වූ උමේස් නම් නාගකන්‍යාවියටයි. තිලා - අඩෝ උමේස් - ඒ මේ කියන්න ඇයි කෝල් කලේ? තිලා - ජම්බෝලෙයා අන්න දෙබොක්කාවක් අස්සේ රිංගලා පුක හිර කරං උමේස් - නෑහ්? ඒ මාර වැඩේනේ. මක්කැයි කරන්නේ අපි? තිලා - ඒක දන්නවනම් තොට ගන්නෑනේ ලබ්බෝ. මොකක් හරි කරපං",1,sinhala
"අක්කා විතරක් නෙවෙයි බන්.නංගී අමතන්නෙත් තමුසෙ කියලා..කියන්න ලැජ්ජා නෑ බන්.ගොඩක් මල පැන්නම ""ඕයි"" කියලත් අමතනවා.පව් බන් කවදා හරි බදින එකා..",0,sinhala
"වද කොත්තු, වද බෙශියර් මතක් උනාද?",0,sinhala
හැබැයි තෝ පස්සේ පාලම යට තියෙන පොල්ලෙලි වලට වචන කියනව නෙවේ,0,sinhala
"අපි හරි කැමතියී තාලයක් තියන කියමන් වලට. ""බඩ ගැන නොවෙයී, රට ගැන හිතන්න"" කීවේ දාර වීරයෝ වගේ. ඒක වුනාම දැන් කෙදිරිගාගන්න පණ නැහැ. ""රණ විරුවන්ට රට දෙන්න"" කියන එකත් ඔහොම වෙන්න තියෙන එකක්. ඒක වෙච්ච දාට අමුඩේ හුජ්ජ යන්නේ.",1,sinhala
"වැඩේ හිතුවට වඩා ගොඩක් අමාරු උනත් අන්තිමට එයාම ඒ ඇප් එක හැදුවා. හදලා ඒක ගූගල් ප්ලේ, ඇපල් ස්ටෝ දැම්මත් කවුරුත් ඒක අරගත්තෙ නෑ. හැබැයි ටික කාලෙකට පස්සෙ ""ලෝකේ කරදරකාරීම එලාම් ඇප් එක"" කියන හෙඩිම ඇතුව මේ ඇප් එක ගැන ප්‍රසිද්ධ පුවත් ඒජන්සි කීපයක විස්තර පල උනා.",0,sinhala
අනේ මන්ද ඕක කියලවත් හිත හදාගන්න ෆීල්ඩ් මාර්ශල්. කට ඉක්මන් උනොත් ලබපු දේවල් ඉක්මනින් අහිමිවේවි,0,sinhala
සමන් එදිරිමුණි වැන්නවුන් ජාතියේ පවට මිහිපිට උපන් බවට ආසන්නතම සාක්ෂිය වන්නේ දෙරණ නාලිකාවේ විකාශය වන දෙවැනි ඉනිම යි.ජන වහරට අනුව පියා නැති දරුවන් අවජාතක නම් වේ. නමුත් උත්පත්තිය දූන් මවට ගරහන දරුවන්ට නමක් මා නොදනී.එයට හොදම ආරෝපිත නම් සමන් එදිරිමුණි යන නමය. මව් නොදත් සමන් එදිරිමුණි,0,sinhala
අම්ම : ඔය නැච් බලල වැඩක් නැ ගිහින් පාඩමක් කරගන්නව .. >_< මං : ඒ උනාට අම්මෙ පකිස්තාන් අක්කිල හෙන ලස්සනයි නෙහ් .. :/ @#$%&*-) #SLvPA,0,sinhala
හිහි.. හිහි...!!! මේවා හොයන්ට දෙයක් නෑ...!!! ජේ. ආර්. කිව්වා වගේ තමන්ගේ ආරස්සාව තමංම සලසාගන්ට වෙලා තියෙන්නේ..!!!නායකයෝ දෙන්නට තමන්ගේ පුටු රැකගැනීමේ මෙහෙයුමක් තියෙනවනි...!!!,0,sinhala
මගේ ඔරිජිනල් එකට ලයික් 23යි. මූ ගහපු ඩුබ්ලිකේට් එකට ලයික් 28යි. ඉදකිං යකෝ මෙහෙමත් පඩත්තර සමාජයක්. ඩුබ්ලිකේට් ගහන උන්ට හෙන ගැහිය අටට පැලෙන්ඩ. #උට්ට URL මහසොහොන් · 29 Nov 2018 මගේ ඔරිජිනල් එකට ලයික් 23යි. මූ ගහපු ඩුබ්ලිකේට් එකට ලයික් 28යි. ඉදකිං යකෝ මෙහෙමත් පඩත්තර සමාජයක්. ඩුබ්ලිකේට් ගහන උන්ට හෙන ගැහිය හතරට පැලෙන්ඩ. #උට්ට twitter.com/NandeMalli/sta…,0,sinhala
"විටෙක , හිතට ලඟ මිනිසුන් ගැන ඕන එක එපා එක යන සියල්ල දැනගනීමට ලැබීම කරුමයකි... එපරිද්දෙන්ම , විටෙක ඔවුන් ගැන , ඕන එක එපා එක තියා කිසිත්ම දැනගන්න නොලැබීම ඒ හා සමානම පට්ට කරුමයකි.. #ජීවිතය #නිකන්_හිතුණා",0,sinhala
අපේ පරයන්ගේ තියෙන කඹ ඇදිල්ලයි ලොකු ඔළුවයි නිසා තමයි සක්කිලි හැත්ත ඔළුවට අත හෝදන්න එන්නේ,1,sinhala
පව් මෙ තඩි පොඩි එකා,1,sinhala
5 වසරේදි කෙල්ලෙක්ගෙන් කැමැත්ත ඇහුව ජොලියට. ඒකි කොස්ස අරන් එලෙව්ව කියහන්නකා Ground එකට යනකම්. #ChildhoodMemories,0,sinhala
"""හැමදාම හාමුට කඩේ ගියා ඒත් පුත්තලමට කැබිනට් ඇමැතිකමක් නැහැ. මේ පාර ගාන වැඩි කරලා කියන්න ඕනෑ හාමුට මගෙ අගේ දැනෙන්නේ එතකොට "" කරුණාකරලා සාක්ෂි සමග පැමිණිලි කරන්න ..පාලිත අපි ඔබ සමගයි..#WeAreWithYouPalitha",0,sinhala
සිරාවට පට්ට ගනං නේහ් -_- අනික ඇඳුමක් ගන්නවට වඩා ඉලේට්‍රොනික් බඩුවක් ගන්න එක මට නං ෆිට් වගේ :3,0,sinhala
", පට්ට මික්ස් එකක්නෙ.",0,sinhala
ප්ලේන් එකේ යන්න බල්ලෙක් ඉන්නවා කිවුවම ඉතින් දෙයියෝ සිහි වෙනවා.. මිහිහෙක්ට වඩා බල්ලා වටිනවා.,0,sinhala
:00 PM news එකේදි කරපු ඒ මෝඩ වැඩේ 9:30 PM news එකේදි හරිගස්සගෙන තිබ්බා. ලොල් ඕයි.,0,sinhala
මට ටෝ සැකයි. >_< >_<……… අපේ ගමේ වෙලත් හරි ස්තනයක් පැහැදිලිව කියනු. >_<… ගෙදරට එන්න නෙමේ බොල.. >_< ටී බොරු කරම්නෙ. -_-,0,sinhala
මෙ එන්නත් ගැන හොඳටම දන්නෙ ජෙප්පො යි පුතානො ගෙ set එකයි එනිසා එයාල කියනදෙයක් තමයි..බලන් ඉඳල ඉඳල එ දෙන්නත් ගහ ගත්තා..අවුලක් නැ කියල..,1,sinhala
තොගේ දරුවෙකුට වෙන්න ඕන දැනෙන්න. බල්ලා I L k Nuwan tharaka · 30 Jul 2021 සල්ලි වලට පු$ දෙන සක්කිලි බල්ලො. වැදු අම්මට උනත් ඔය වගෙ දෙයක් කියන්න බැරි කමක් නැහැ . පර හැත්ත.,1,sinhala
චී චී ඕව කැත වැඩ (බොයන්න),0,sinhala
කරා ඩීඑම. උන් ඔක්කොටොම වඩා උඹ හොඳයි බොල. ජීවීතේට ඩී එම එකක් දාලා නැද්ද මංදා!,0,sinhala
"එක නෙවෙයි යකො පක ,ඔකයි ඇත්ත",1,sinhala
සුබම පිස්සු පහර niGhT ekak ඕන්... URL,0,sinhala
"කොහොමත් අපේ එකාලට සෑහෙන දුරකට පේන හොඳ වීව් එකක් තියෙන කඳු කෑලි පේන්න බෑ. ගිහින් කොංක්‍රීට් පුරවල දේවාල, පිළිම, පංසල් අටවගන්නව. නැත්තං එහෙව් තැනකම තමා මුංට කණු ගහන්න මතක් වෙන්නෙ. පුදුම වෙන්නෙ නෑ ඔය වගෙ මෝඩ වැඩක් කරොත් එතන. #ගයියා · 5 Jan 2021 Coconut Tree Hill මැරිල යනකොට අරන් යන්න ඉන්න එක්කෙනෙක්, කම්බි කනු ගහලා වෙන කරගෙන",0,sinhala
වර තොට දෙන්න URL The following media includes potentially sensitive content. Change settings View,1,sinhala
හායි නිංගි. ඔන්න ඔයා ගොයම් පැලේ. මම හරකා. ඔන්න ඔන්න මං එනවා ඔයාව කන්න,0,sinhala
වහාම ජනමත විචාරණයක් පවත්වා 19 වෙනි ව්‍යවස්ථා සංශෝධනය මහජනතාවට එරෙහිව ඇති බවත් එය අවලංගු කිරීම සිදුකල හැකිය.,0,sinhala
යකෝ දන්න ලබ්බවල් කියවපන්..ඔය අන්තරේ නෙවෙයි ..HND,1,sinhala
හෑ මං දැක්කේ සාය වගේ ඔව් ඔව් ගුරුමුට්ටිය නෑ මං ලග ඒක බිදුනා අම්බලමේ පිනාගෙ ගොනා ඇනලා,0,sinhala
හෑ බීලද තෝ ඉන්නෙ,0,sinhala
"මොන හු.....ට කැලෑ එලි කරනවද දන්නෙ නෑනෙ, මහ ලොකු කෙරුම් කාරයෝ ඉන්නව අහිංසකයන්ට පුස් පාට් දාන්නනම්, නීතිය නවන්නයි දිග අරින්නයි අකුලන්නයි, මේ කැලෑ එලි කරන එක නවත්වන්න එක ප...ක් නෑ . නොදකින් හැත්ත , මකබෑවිලා පලයව් , තිස්තුන් කෝටියක් දෙව් දේවතුන් ඉන්නවලු, ඒ සෙට් එකත් ජරාව කාල වගේ ..",1,sinhala
ඒ අස්සෙ මේ මගුල් සයිට් එකත් ඩවුන් වෙලා!! රෙද්ද!!!,1,sinhala
වික්ටර් ගැහුවේ මුංගේ තුප්පහි සිංදුවලට. සුභාවිත ගීතය විනාශ කරනවට. මුං ගහන්නේ ඒ මිනිහා ප්‍රසිද්ධියේ කරපු නීත්‍යානුකූල වැඩකට. සක්කිලි හැත්ත.,1,sinhala
පාඩම් කරද්දි අමාරු වචන ට්‍රාන්ස්ලේට් කරන්න කියලා ෆෝන් එක අතට ගන්න එපා.. #ජීවිතයට_ඔවදන්,0,sinhala
හොඳ වචන කාලයක් ගියාම නරක වචන වෙනවා.ඒවා අයින් කරන්වා සමාජය විසින් ම. පයිය යනු පැසයි. බුලත් පයිය කියලා ඉස්සර කිව්වා. පකට කියන්නේ ප්‍රකට කියන එකනේ. ඔය වගෙ ඒවා තියෙනවා.කොහොමවෙතත් අලුත් වෙන ජාතියක් සහා භාෂාවක් නන් පරණ වචන අයින් කළ යුතුමයි.,0,sinhala
Go through the blog.කියෙව්වෙ නෑ ගොඩක්.just බලාගන ගියා wall එක දිගේ.වෙනස්..නිර්මාණශීලී...ගොඩක් දෙනෙක්ගේ හිතට දැනෙනවා ඇති..උඹ වෙනස් විදිහට හිතන කෙනෙක් වගේ.පට්ට.,0,sinhala
"""ඒක තමයි මට හරිම අමාරු. රණ්ඩු වෙලා හරි ඉවර කරනවා නම් හොඳයි කියලා හිතෙනවා..."" - ක්‍රිකට් ක්‍රීඩක මිලින්දගේ බිරිද කියයි URL",0,sinhala
ඒ වුනාට බොස් ජනාධිපති වුනේ මහ මැතිවරණය ප්‍රකාශ කරන්න ඉස්සෙල්ලානේ...,0,sinhala
මොනාද අනේ මේ අහන කැත කතා මගෙ උප්පැනත් නැතිවෙලා තීන්නේ,0,sinhala
ගූ ගොඩේ ගල් බනිස් වගේ ඉන්ටර්නැෂනල් ලෙවල් සෝන්ග්ස් කිය කිය කවි ගායනා කරනවට වඩා ගේ moving on වගේ සින්දු කරපල්ලකො.. ඒක පට්ට ..,0,sinhala
ගොන් හරකා එතකොට තෝ කවුරු හරි කපලමරනකම්ද ඉන්නේ ?,1,sinhala
ටුවිටරේටත් හිම වැටෙන අප්ඩේට් එකක් එනකම් බලාගෙන හිටිය මෝඩ මම,0,sinhala
ඔයා තමා හොඳම පිස්සා,1,sinhala
"""ඒ ගොනා වික්කා"" කියලා කොහොමද ඉංග්‍රීසියෙන් කියන්නේ #askingforafriend",0,sinhala
උබෙ තාත්තා දන්නවා නම් මතවාද වලට උබ ඔහොම අනුන්ගෙ දෙමාපියො ගාව ගන්නවා කියලා උබට අවජාතකයා කියලා කියන්නෙ. අයිසෙ මන් මට හිතෙන දෙ කියනවා.තමුසෙත් රිප්ලයි 1ක් දානවා.නිකන් පොන්න කතා නොකියා.කැරි වදයක්නෙ ඔයි.තාත්තගෙ කතාව ලග ඉදන් කීවා නම් ඔය මූන තිබ්බ විදිහට ගෙදර යවන් නැ කියලා මතක තියාගනින්.,1,sinhala
චාමර ලක්ෂාන් යනු පොන්නයෙක්ද ? එහෙමත් නැතිනම් #LTTE කොටි රුකඩයක්ද ? එහෙමත් නැතිනම් මුදලට කලිසම ගලවලා දෙකට නැමිලා පස්ස උස්සලා අල්ලන #NGO එකෙක්ද ? මුට අනුව සිංහලයෝ සියල්ලම කතිරේ ගැසුවොත් මෝඩයෝය. මහරගම සියලු #සිංහල ජන වාසින් මෝඩයෝය. URL #srilanka,1,sinhala
මිනිසුන් ගේ ඉවසීම පරික්ෂා කිරීමට තව කල් තීබේ,0,sinhala
"Spa,බාර් ඔක්කොම වහලම දාන්න ඔනී ඒ වගේම අවුරුදු 12 වගෙ පොඩි දරුවන් නාකි මුස්ලිම් අයට විවාහ කරන එකත් නවත්තන්නම ඔනී ඔබ එකගද",0,sinhala
නිදි මරාගෙන කොහොමද බොල අඳින්නේ,0,sinhala
යහපාලන කාලකන්නි සක්කිලි බල්ලො අහපල්ලා. තොපි මේ විකුණාගෙන කන්නේ අපේ දරුවන්ගේ අනාගතය යි. ලක්ෂය තොපේ නායකයන්ගෙන්... URL,1,sinhala
විදුලි පරිපථයකට සම්බන්ධ කර නැති විටෙක ජංගම දුරකතයකට අකුණු සැර වැදීමේ හැකියාවක් නොමැති බවයි පරිගනක තාක්ෂණ විශේෂඥයන් පවසන්නේ. අකුණු සැරය ගස හරහා පුද්ගලයාට වැදුණා විය නොහැකිද ?,0,sinhala
"වැඩියෙන් වතුර බිවුවම, පැපොල් එහෙම කෑවම ඔය අමාරු අඩු වෙනව... පැය ගනන් ටොයිලට් එකේ වාඩිවෙලා ඉන්න ඕනෙ නෑ.. බඩ බුරුල් වෙනව..",0,sinhala
එතකොට පට්ට වේසි කියන්නෙ,1,sinhala
වැඩේ වැරදියි නේ.කෑම වලට විතරක්ම නැතුව සම්පූර්ණ නිරෝදායනයටම 50000ක් විතර ගත්තනම් ඕක හරි යාවි,0,sinhala
"මේ දවස් ටිකේම උදේ වැස්සා, සීතල නිසා පට්ට කම්මැලිකමේ නැගිට්ටේ. අද හොඳට පායලා රෙද්ද. අපි සැපට නිදාගන්න හිටියොත් කාලගුණෙත් ආතල් දෙනවා",0,sinhala
කව්ද යකෝ මේ ගෑණිට ආචාර්ය පට්ටමක් දුන්නේ.පව් අර අහිංසක විද්‍යා කෙල්ල.පේන්නේ ප්‍රබාකරන් මේකට ෂුවර් එකටම ඩිජිටල් කරලා #lka #srilanka #NGOs #NGO,1,sinhala
බැම්මේ අලයක් වත් තියෙනවා වගේ....,0,sinhala
දැං වත් ඔය ජඩ මාධ්‍ය භාවිතය නවත්තන්න,0,sinhala
අපේ උන් සෙට් එකක් පුක ඉරන් පහුගිය ටිකේ නැග්ගෙ මෙන්න මේක තමා. The following media includes potentially sensitive content. Change settings View,1,sinhala
මේ මිනිහා මොනව කියනවද මන්දා...,0,sinhala
අම්බෝ ඇති යන්තම් .... මම හිතුවේ කියලා... එහමනේ කිව්වේ.... පොලිසියේ අය කලොත් හොදට් හිටි.. හිටං ...,0,sinhala
මේගොල්ලොන්ට අමතක වෙලා නැහැ පොලිසියෙ ඉව....,0,sinhala
රත්තරන් නෙවෙයි තඹක්ක උනත් හුත්තට අනිවාර්යයෙන් දිව දාපන්- ප්ලැටිනම් උනත් හුත්ත වැරදිලාවත් උගස් තියන්න එපා.,1,sinhala
Softlogic Holdings PLC තොපෙ ලයිස් ඉන්ශුවරන්ස් එකේ ඉන්න ඒජන්ට් ලට කියපල්ලකො මට ලයිෆ් ඉන්සුවරස් ඕනෙ නෑ කියල. රෙද්ද. තව එකක් ආවොත්... තොපෙ හෙඩ් ඔෆිස් එක ගිනිතියනව මං ඇවිත්. ඔව් මේ ඇත්තමයි,1,sinhala
ඉස්සර මම හෙන ගොනා දැන් නම් මීහරකෙක්!,1,sinhala
මගමුන්ට හෙන ගහන්න එපැයි මෙ අහිංසක මිනිසු කන්නො මොනවද? මාසයක්තිස්සේ රස්සාවක් නැ දරැවෝ බඩගින්නේ මරන්නද ඔනි රටින් ඇන්ටිජන් 80වට ගෙනත් 2000ට දෙන්නේ මෙ අහිංසක ඉන්ට නැතුව ඔය ලොකුයි කියන එකෙක්වත් එවට වියදම්කරන්නැ කලකන්නි මගෙරටට විනකරන හැම එකෙක්ටම ශාප වේවා ශාප වේවා ශාපවේවා,1,sinhala
එයා අප්පච්චි... මෙයා පියා.....,0,sinhala
නෑ කියන්න තිබ්බා . . . . . . . . . . . . . .. ඒකි මේ මං කියලා දන්නේ නැත්නම්.,0,sinhala
"පරණ කෑල්ල අද වෙනකම් හිටියනම් අදට අවුරුදු 4යි. යාලු වෙලා. වෙලාවට ඊට පහු වෙනිදම බූට් එක කෑවෙ, නැත්තම් අවුරුදු 4ක් එක කෙල්ලෙක් ? ටෞකනවා",1,sinhala
පිරිමි රණ්ඩු කරනවා බලන් ඉන්න එක අමාරු වැඩක්! ගැහැණු රණ්ඩු කරන එක බලන් ඉන්න බැරි වැඩක්,0,sinhala
කො බන් අර නාකි සෙට් එක බොලොඤ්ඤා ෂෝ එකක් කෙරුවම යනවා කිව්ව වලී — feeling crazy,1,sinhala
"මෙහෙම එකකුත් තියෙනවා, විස්සවිජ්ජාල සික්සයෙක් කිව්වම ගොඩක් උන් හිතන්නෙ මම තාම පොඩි එකා කියලා. ඒක එහෙම හිතනවට නම් මං පට්ට කැමතියි. උන් දන්නෑනෙ මම කසාදයක් එහෙම බැඳලා ඉන්න, අවුරුදු 28ක් වෙන්න එන එකෙක් කියලා. ඒ වුණාට තාම University Student තමයි. (නෑ නෑ රිපීට් නෙවෙයි )",0,sinhala
"පව් මචං. මුන් මේ පොඩි එවුන් ඉන්න ෆොටො අරන් රීච් එක වැඩි කරගන්න කරන සක්කිලි වැඩ. නිකම් හිතහං උඹට අවුරුදු හත අටක දුවෙක් ඉන්නවා කියලා, ඒ මලක් වගේ කෙල්ල සහෝදරයා, යාළුවෙක් එක්ක, ඥාති පුතෙක් එක්ක ඉන්න ෆොටෝ එකක් මුන්ට අහු උනොත්. මේ පෝස්ට් හදන වේසිගෙ පුත්තු නම් හැඳි ගෑවෙන්න ඕනේ.",1,sinhala
"දැන් ඉන්න ගොබ්බ මාධ්‍ය වල හැටි.! ජංගම දුරකථන වලට අකුණු නොවදින බවත්, ගස හරහා අකුණ වැදුණු බවත් නොදන්නා ගොන්නූ.",1,sinhala
ලෝක වෙළඳපලේ තෙල් මිල අඩු උනාට ලංකාවේ එහෙම වෙන්නේ නැ..,0,sinhala
ඔපිස් එකේ ගෑනු එක්ක යන්න එපා බිජ්ජ කපනවා NAYANATHARA · 3 Oct 2018 සුදු මහත්තයෝ ඔයා නැතුව පාලුයි ඔයා දැන් හිටියා නම් මොකක්ද දැන් ඇඳන් ඉන්නෙ උම්මා එකක් ඔය වගේ ඒවා සමහර දාට ඔපිස් එකේ ගෑනු එක්ක යන්න එපා බිජ්ජ කපනවා වගේ ඒවත් ඇහෙනවා,1,sinhala
ඹබලාට පැමිිිනිිමට පුරවැසියන් ඉඩ දෙනවා .සෑම පුරවැසියෙක්ම දැහැමි දනපතියෙක් කළ යුතුයි.,0,sinhala
කොන්ද පණ නැති අය නීතිය හා සාමය ඇමැති වෙලා ඉන්නකං ඕවා අපූරු නොවේ ...,0,sinhala
ඒම කියන්න එපා.. ඔයාලට සාපේක්ශව අපේ අඩුයි ඩාලින්‍,0,sinhala
router එක උඹේ නම් .. admin password එක උඹ ගාව නම් මේ වගේ ඒවා දාන්න ලජ්ජා නැද්ද යකෝ ? නොදකින්,1,sinhala
කියන කුප්ප කතාවලට කෙල්ලො සෙට් වෙයිද කියාන්කො ඉටින් උන්ට ඔනෙ දෙයක් හිතාගත්තදෙන් මගෙ ඇගෙ වදිනවයෑ පක ⍣༗Baby Koala ♡✿࿐⍤⍤  · 19 Mar 2020 මං තනිකඩ වීමට හේතු (1): . මට කෙල්ලෙක් නැතිවීම . මට හැට හුටාමාරක් ඉන්නවා යැයි දූසමාන කටකතා පැතිරවීම .මං බැඳලා ලමයි දෙන්නෙක් ඉන්නවා යැයි සිතා සිටීම twitter.com/LadyBossHippo/…,1,sinhala
උබල දන්නේ නෑ ආදරේ කියන්නේ පිස්සට උරුම දෙයක් නෙවෙයි. පිස්සා ආදරෙන් නිසා ගොඩක් දුක් වින්ද පොරක් ඔව්.පිස්සා ආදරේ... URL,0,sinhala
බිජ්ජ කපනව මුගේ වැඩ අහුඋනොත්,1,sinhala
හොඳ වැඩක්. හරි එකා අහු උනොත් මාධ්‍ය සදාචාර පැත්තක දාල මූණත් එක්ක ප්‍රසිද්ධ කරන්න තියෙන්නෙ. මෙහෙම තමා කරන්න ඕනෙ.,0,sinhala
Exhibition එකට ලෙඩ දානවා බං කාලකණ්ණි ටික..,1,sinhala
තොරණ සමග කානිවල්.. මුන් යකෝ,0,sinhala
තාම සමාජෙට ගිහිල්ලා නෑ මම හිතන්නේ,0,sinhala
කාලකණ්ණි හැතිකරේ මේ රටට මොනවද කරන්න යන්නෙ මේ?? — feeling angry,1,sinhala
අනේ නෑ සර් මන් හෙන අහිංසකයි..එකපාර්ටම මූන්ට කිව්වොත් ඇරෙන්න කින්ඩි දැමිලි නෑ,0,sinhala
"""අඩෝ මගේ ෆොටෝ එකක් ගනින්"" කියන එකට වඩා අහන් ඉන්න අමාරු, ""අඩෝ ගත්තු ෆොටෝස් ටික දාපිය/දීපිය"" කියන එක.",0,sinhala
කෙල්ලෙක් උනාම කවදාවත් කොල්ලෙක් යාලු කරගන්න හරි කසාද බදින්න හරි හොද නෑ ඒ කොල්ලට ඕනෙ කරන ඒවා කටට රහට උයලා දෙන්න බැරිනම්. මොකද බහුතර කොල්ලො කැමති තමන්ගෙ කෙල්ල අතින් උයලා දෙන රස කෑම කන්න මිසක් කඩේ කෑම කන්න නෙමේ.,0,sinhala
ඔන්න ඕකයි කෙල්ලො සෙට් කරගත්ත කොල්ලන්ගෙ ඇත්ත තත්ත්වෙ. උන් හෙන පව්. ඔන්න ඕකයි මං සින්ගල් වෙලා ඉන්නෙ ෆ්‍රෙන්ස්. අම්මෝ ඒ නිදහස. V I S H W A · 13 Aug 2018 තරූ අසරණයත් දැන් අමාරුවෙ වැටුන එහෙනම්. පෞ. අපි සෙත් පතමු යාලුවේ.,0,sinhala
අනේ නොහුකා පලං බං යන්න. තොට සිංහලෙන් කී පාරක් කීවද අර කෙල්ලට කතා කරපු විදිය හරි නෑ කියලා. තෝ ඒක එක කනකට ගත්තද. වෙන වෙන මගුලුයි කාපු බීපුවයි. මොනවද බං ගෑනියෙකුට සමතැන දෙන්න බැරි උබලගේ පකේ මතේ. තොපි වගේ උන් මේකට දේශපාලනේ උස්සන් එනකොට කෝමත් ගූ තමයි.,1,sinhala
ඊට වඩා හොද නැත්ද තියන ඒක හරි ක්‍රමවෙදයකට හදන එක.එක ගමක සිල්ලර කඩ එකක් තියෙද්දි තව එකක් දැම්ම කියල ගමේ බඩුගන්න ඉන්න මිනිස්සු ගාන වැඩිවෙන්නෙ නෑනේ.ඒ නිසා තියන එක හරි ක්‍රමවෙදයකට කරපල්ලා...,0,sinhala
ගේම් ගහලා සියදිවි හානි කරගන්න එකට වඩා බලන්න ඒ ළමයි ඉන්න ආතතිය.ගුරුවරු උගන්නනේ නෑ .දෙමවුපියෝ දරුවන්ගේ පැත්තෙන් හිතනෙනේ නෑ. මගුල් අධ්‍යාපනය එන්න එන්න සංකීර්ණ වෙනවා ඒ වගේම දෙමවුපියෝ හිතන්නේ සල්ලි ගැන විතරයි ළමයි පැත්තෙන් කවුරුත් හිතන්නේ නෑ. මාධය ආයතනයක් විදිහට ළමයි ගැනවත් හිතන්න,0,sinhala
චැන්ඩ්ලර් මරු බඩුව ඈ කොම හරි ආයෙ සූටි කෙල්ලෙක්ව අල්ලගෙන... #lastship,0,sinhala
මෝඩ බයියෙක්: - උඹේ අම්මට නම් අනිවා තම්බියෙක් කෙලළ තියෙන්නෙ..ඒකනෙ ඕයි කැක්කුම.. මම:- දැන් උබට ෂුවර්ද උබේ අම්ම ලිංගික සන්තර්පනය ලැබුවෙ පෙරාපු සිංහලයො එක්කො විතරයි කියල? ගොන් කතානෙ බම්. ඒක උබ දන්නෙත් නෑ. අම්ම... URL,1,sinhala
සිරා කතාව බන්.. ලංකාවේ ඉද්දි කටට රහට අම්මගේ කෑම කෑවා... මෙහෙ ඇවිත් එදා වෙල කොහොම හරි මොනවා හරි බඩට දාගන්නවා...... URL,0,sinhala
නාකි මට මැසේජ් දාලා එයා,0,sinhala
වැරද්ද තේරිල විතරක් මදි මන්ත්‍රී තුමනී... ඔය නිවැරැදි කරන්න ඉක්මන් වෙන්ඩත් ඕනෑ... එහම නැත්නම් බෝට්ටුව ගිලන එක වලක්වන්නට බැහැ.,0,sinhala
රාජපක්ෂ හම්බන්තොට ට ෆයිසර් දෙනවමයි කියමු. ඒ ඡන්ද ගන්නද? පිස්සු ද? කුරුණෑගලින් ඡන්දෙට එන්නේ.,0,sinhala
පවු යකෝ .... කෙල්ලොනි 󾌴󾌴 URL,0,sinhala
දර්සන කියන්නෙ හොද කොල්ලෙක්. වැරැද්දකට සමාව ඉල්ලන එක වටිනවා.මන් දන්නවා වෙලාවකට ඔය යකා මොන ලබ්බ කියෙව්වත් කෙලවුනොත් ආපස්සට සමාවත් ඉල්ලනවා කියලා .,0,sinhala
මේකයි බන් ඔය සෙට් එකක් හිතාගෙන ඉන්නෙ ආචාර්ය ශිරාණි බණ්ඩාරනායක අස් කරන්න අපි නඩු ඇහුවා අපි හෙන පොරවල් ඒක නිසා වගේ ගොන් මොරාල් එකේනෙ. ගොන් හැත්ත ව්‍යවස්ථා සම්පාදකයො වගේ ඉන්නෙ.,1,sinhala
උඹ දන්න රෙද්ද. ඒ රත්තරං දැරිවි එහෙම නෑ!,0,sinhala
නිකන් තිබුනොත් හොර වෙයි ස්ටාර්ට් කරගන්නත් අමාරු වෙයි...,0,sinhala
පුරුද්දට රිදවන නුඹේ චාටු බසට හැමදාම අහුවුණා ලැජ්ජ නැතිකමට මෝඩකම් තේරිලා කරපු මං නුඹට විකුණුවා ඊයේ හවස ගොනා නියම මිලට,0,sinhala
තොගේ අක්කත් තෝ වගේ ඇති. ඉදකින්,1,sinhala
මේකට උඩින් tweet එක දාපු එකා හරකා. යටින් දාපු එකා බූරුවා.,1,sinhala
30 වෙනිද ට පුකෙන් හිනාවෙන්නෙ මම. මෙහෙමයි මේ සෝෂල් මීඩියා ඉන්නෙ සමහරු ගොඩක් ලොකු දහම් දැනුමක් තියෙන අය නෙමෙයි . ඉතින් මේ චීවරධාරිය ගහපු ගැටේ දැන් මෑන්ටම ලිහාගන්න අමාරු වෙලා ඇඟ පත හැම තැනම ගූ ගාගන්නව. (1/4),1,sinhala
තුඩැල්ල ක්‍රිස්තුරාජ විද්‍යාලයේ 75 වන සංවත්සරය වෙනුවෙන් නව තෙමහල් ගොඩනැගිල්ලට මුල් ගල තැබීමේ උත්සවයට සහභාගි වෙමින්,0,sinhala
", තෝ මාව හැලුවට ඩෝනි අම්මි ඒම නැ...",0,sinhala
"එජාපයේ නාකි නායක, බල පෙරේතයා වන ජේආර්ගේ බෑනා රනිල් ලොල්ලා ඉල්ලා අස්වෙයි. ජේආර් මාමාගේ ව්‍යවස්ථාව අනුව සුලුජාතීන්ගේ කර මතින් බලයට ඒමට හැකි වුවත් ගෝථාභයගේ ව්‍යවස්ථාව එය අසුරාදමන බැවින් ඉල්ලා අස්වීමට තීරණය කරයි. අපිට දුක අකිල සහ සාගරද ඉල්ලා අස්වූ බවක් නොපෙනෙන නිසයි.",1,sinhala
අපි final ආව නන් ගහනව කියල වැලලෙන්න එපා !! තොපි final ආවෙ නෑනෙ !!,1,sinhala
එල එල ජාතීයේ වාසනාව.,0,sinhala
මෙන්න තවත් ගෑණි පැනලා ගිය අපතයෙක් නුගේගොඩ ඇවිත් කටි්ටිය ගනන් කරලා URL,1,sinhala
"ඒක තමයි ඇත්ත, ඡන්දේ කාලේ කියපු පට්ට බොරු වලට අහු උනා කියලා පිලිගන්න කැමති නෑනේ, ඒක නිසා මේ වෙන දේවල් හරි කියලා කියන්න හදනවා.",0,sinhala
මම දෙක වසරෙදි ස්කෝලෙ මාරු කරල පන්තියට ගිහින් ඉදගන්න සෙට් උනේ කෙල්ලෙක් ලග.ටිකක් වෙලා ගිහින් ඒකි කීව අකුරු වල කැත කියල එදා පටන් ගත්ත වයිරෙ ඉවර උනෙ OL වලින්. ඒකිව අදටත් දැක්කම මම කොරවක් පුක්කි කියල කියාගෙන යන්නෙ. #මතක,1,sinhala
අඩෝ පපුව පිච්චුනා වගේ. අැස් දෙකට කදුලු ඉනුවා ඔ්යි. ඉදකින් කැ* වේසි ලග හිටියනම් බස්සනවා හු*තට කඩුවක්.පව් බන්... URL,1,sinhala
ආණ්ඩු බලය ලබා ගැනීම සඳහා බ්‍රිතාන්‍ය විපක්ෂය විසින් කළ කුමන්ත්‍රණයක්.. දැන් මහමොළකරු සොයමු,0,sinhala
අවුරුදු 24ක් වෙලත් තාම කින්ඩ ජෝයි එකේ සෙල්ලම් බඩුව එකතු කරන අපිට මොන අවුරුදු 12න් කසාදද නානා. ගස් එකක් හිටවගෙන පාඩුවෙ තමා ඉන්නවා,0,sinhala
ආ ඒකයි මේ ගෝටෑ ස' දතකාලා තියෙන්නේ. ලංකා පෝර වගේ කොම්පැනියක් කවුරු හරි අටවං ඇති. ටිකක් කල් යන්නැති වැඩේ කොරගන්න. ශරි ශරි ස',0,sinhala
දරුවෙක්ට තමන්ගේ දෙමවුපියන් වෙනුවෙන් කරන්න පුළුවන් ලොකුම ගව්රවය තමන් වෙනුවෙන් පස්ස දොරෙන් රැකියා හොයන්න ඔවුන්ව දේශපාලුවන් සහ ලොක්කන් ගේ පුක පල්ලේ යවන්නේ නැතිව සමාජයේ ලෝකයේ ඉල්ලුමක් ඇති විෂය ක්ෂේත්‍රයක අධ්‍යාපනයක් ලබාගෙන හැකියාවන් සහ නිවැරදි ආකල්ප වර්ධනය කර ගැනීමයි...,0,sinhala
පිස්සු බං උඹට,0,sinhala
"""කව්ද හුත්තො මේ පොන්නයා.. අදයි දැක්කෙත් වේස හුකන්නා... හෙණ ගහපන් කොන්ක්‍රීට් පොන්නයා "" #comments",1,sinhala
හරි හරි මම ගොනා නේ.. උඹ හරකා,1,sinhala
පුංචි අම්මට හුකන අවජාතක JVP ලපයාගේ කටින්ම හම්බන්තොට වරායේ වටිනාකම හෙළිවේ URL,1,sinhala
තරුනියක් මාර කටට ගොස් 99% බේරුනු දුම්රිය අනතුර URL URL,0,sinhala
අමිමා කියනවා උබ බැන්දට නමි කමක් නෑ හැබැයි කටට රසට උයන්ඩ පුලුවන් කෙල්ලේක් වත් හොයාගනින් කියලා එහෙම කියද්දි නමි මටත් සදරන බයක් එනවා බං,0,sinhala
තෝ බල්ලෝ හුජ්ජ කරනවා වගෙනේ මාරු කරන්නේ,1,sinhala
"ඉස්සර දේසැම්බර් 31 පුක උඩ කට්ටියට රිප්ලයි කරනවා,රිප්ලයි කාලට මුන් මලාට මැසෙජ් එකක් දන්නි නැහැ.දැන් ඒ ගොනා ikman.lk දාල වික්කා",1,sinhala
සංහිඳියාව රෙද්ද පල්ලෙන් බේරෙයි.. නාගදීප බුදු පිළිම වහන්සේගේ ඉදිකිරීම් නතර කරන්නැයි යාපනය දිසාපති ලිඛිතව දන්වයි..... URL,0,sinhala
ඔයා කියන දෙයක් තමා ඩාලින්,0,sinhala
බුදාම්මෝ ...මරු බඩුව එක්ක එන්නෙ,0,sinhala
ඒකි කෙල්ලෙක්ද බන්,0,sinhala
"ඩාලින්, කොලඹ පෝට් සිටිය, සිටි සෙන්ට්‍රල් යනාදිය අපිට ඉම්පෝටන්ට්. කොලඹ ඉන්න අපේ අක්කාගේ පුතාලට හැග් අවුට් වෙන්න හොඳ තැන් ඕනේ. කොළඹ දියූනු වෙනකොට ඒ ගොල්ලන්ගේ ඉඩම් වල වටිනාකම වැඩි වෙනවා. අපේ පැලැන්තියේ අය ඉස්සෙල්ලා අපේ පැලැන්තිය දියුණු කරගෙන ඉන්න ඕනේ, නේද මෙයා?",0,sinhala
තූ නොදකිං රාජපක්ෂ බෙට්ටෙ කැටයම් කපන්නවා. ළමයා ඉස්කෝලේ දාන්න කොන්ත්‍රාත් ගන්න නඩු බෙරගන්න පොලිසියෙන් බේරෙන්න රස්සාව ගන්න කුඩු ගංජා බෙරන්න ඇදුරුං කං කියවන්න වගෙ පටු අරමුණු වාසි වලට කතිරෙ ගහන උන් මොනවද බං දියුණුව ගැන කියන්නේ උං දන්නෙ සක්කිලි හොර වැඩ ඒ පාප කර්ම වලට ශාන්තිකර්ම නෑ පුතෙ,1,sinhala
උදේම කෑල්ල දැක්කහම මුලු දවසම මස්තබාල්දුයි යාලුවනේ,1,sinhala
මට තේරෙන්නෙ නෑ මේවගෙ අන්දයෝ එක්කද අපි මේ රටක ජීවත්වෙන්නෙ.,0,sinhala
මූ? යකෝ තෝ seniorsලට ඔහොමද කතා කරන්නේ?,1,sinhala
කැතරින් මංගල හමුවෙයි: ඇමරිකානු රාජ්‍ය දෙපාර්තමේන්තුවේ ලෝක කාන්තා කටයුතු පිළිබඳ තානාපතිවරිය වූ කැත... URL #lka #news,0,sinhala
"පට්ට, කියවලම බලහං",0,sinhala
රටේ ගිනිදැල් අවුලවන්නෙ බහුතරයක් ඉස්ලාම් අය තමයි..,0,sinhala
තමුසෙට වඩා ඒකි බාලයි ද?,0,sinhala
මේකට පැනලා මැරිය තොපි කුරුණෑගල ලොකු නෑ Thisaranie (තිසරණී) · 17 Apr 2017 ඔය පරණයි කියලා කියන උන් මරාගෙන මාත් පනිනවා යකෝ මේ වලකට. මට බෑ URL,1,sinhala
සුසිල් කොහොමත් උන්නේ එක කකුලක් මේ පැත්තේ..අනිත් කකුල අනිත් පැත්තේ තියාගෙන,0,sinhala
මාර බැල්ලි නේහ්. ඌ ලයිකා වගේ නේ,0,sinhala
"ලොකු ටෝක් දීලා ඉල්ලල අස්වෙච්ච මුස්ලුම් ඇමතිලා ආපහු දිවුරුම් දීලා...ඇත්තටම ලැජ්ජාවක් කියලා දෙයක් නැත්තෙ ඒ කැළණි හිඟන්නන්ටද, නැත්නම් උන් කියන කියන පදේට නටන පොන්න ආණ්ඩුවටද ? #දැකලා_හිතුණා",1,sinhala
හැමදාම ලෝයර්ලගෙ ලියුං වලට සෝස මීඩිය ඇටෑක් නැතිකරන්න බෑ.. හොඳ ගහකට කෙටු දවසට ඕ ලෝකල් ඔන්ටපුනර් මහත්වරුගෙත් රෙද්ද ගැලවෙනවා. අපි නොදන්න අමාරුවෙන් දියුණු වුන මිනිස්සු..,0,sinhala
යාන්තම් කොවිඩ් රැල්ල 2 අඩුවෙන ලකුණු එන කොට මේ කාලකන්නි සෙට් එක අර සජිත් සජබෙත් එක්ක දැම්මා බුද්ධිය අභාවයට ගිය ගුරු-ගුරුවරියන් පාරට! අද මේ රට විදින්නේ එකේ විපාක තමයි! දැන් මැරෙන හැම මිනියක්ම මුන්ගේ අමනුස්ස කමින් වුන දෙයක් - මේ හැත්ත ට ඩොලර් දීලා මේවා කරවන උන්ට හෙණම ගහන්න ඕනේ,1,sinhala
පිං කැටේ කඩන්න ගියාද තෝ,0,sinhala
මම කවදාවත් හිතුවේ නෑ cricket ගහලා මෙහෙම අමාරු වෙයි කියල මාස ගානක් නිකන්ම ඉන්දලා එක පාර cricket ගැහුවා දැන් මුලු ඇගම රිදෙනවා දැන් නාකියි අපි.,0,sinhala
"අපි ඉස්කෝලේ ඉද්දි ගහල තිබ්බෙ "" වරක් හුජ්ජ කර දෙවරක් බිජ්ජ සොලවන්න -මීට විදුහල්පති-"" කියලා",1,sinhala
මු වගේ අවජාතක බල්ලො ඉන්නකන් රාජපක්සලා ගොඩ.. සක්කිලි මිනිස්න්ට කන්න නෑ මෙක පිස්සු දොඩවනවා..,1,sinhala
විමුක්ති කුමාරණතුංගලා සජිත් ප්‍රේමදාසලා ආන්දෝලනාත්මක මියුසික්වීඩියෝ රිලිස්කලේ නෑ. හුරුවෙයන් ඒවගේ වෙන්න ඒක පට්ට උසනං සිකුරුටි මිටිනං කම්කරු,0,sinhala
මේ උවදුරෙන් රට ආරක්ෂා කරගන්න තිබුන මන්ද අපේ රට දූපතක් නිසා. ඒත් ඒක වැලකී ගියා අමන තීරණ නිසා අපේ රටට ඇතුළු වෙන්න තියෙන්නෙ දොරටු දෙකයි ඒක හරිහැටි මෙහෙයවූයේ නම් මේ විනාශයෙන් ආරක්ෂා වෙන්න තිබුන,0,sinhala
"අපේ ගෙදර බල්ලෙක් හිටිය කලින් ඌ සාලේ චූ කරල, අම්ම උස්සන් ඇවිල්ල උගෙ හොම්බ ඉලුවා බලු හුජ්ජ ගොඩේ ඌට පාඩමක් උගන්වන්න කියල කරේ Yoooo · 4 Dec 2021 හිතුනොත් බැල්ලිව මකලා හදනවා ,ගෙයි බෙටි ගහන එක නතර වෙන්නෙම නෑ",1,sinhala
වෙලාවකට හිතෙනවා මූට අන්ද කයිප්පු ද කියල. මෙහෙව් සනිලට නේද ගිය ඔක්තෝබරේ බහුතරේ පෙන්න්න වලිකෑවේ......! හැබැයි දෙවැනි මනාපේ #UNP ට දුන්නට කමක් නෑ !,0,sinhala
විශේෂඥ වෛද්‍ය යොහාන් කෝරලගේ මහතාට පහර දුන්න පේරාදෙණිය විශ්වවිද්‍යාලයේ සක්කිලි ටික තාම නිදල්ලේ...කෝ අන්තරේ ..,1,sinhala
"ඕක, ලයික්ස් ගන්න බල්ලාව කිඹුලෝ ගැවසෙන ඇලකට දාලා බලන් ඉන්නවා බල්ලා මිනිස්සුන්ට බයේ උඩට එන්නේ නැහැ නැත්නම් ඔය වගේ තැනකට දාලා රෙකොඩි කරන්නේ මොන ඉටිගෙඩියද පව්කාර.....හැත්ත",1,sinhala
එන්න බබා... ඔයාගේ කිම්බට හුකන්නම් හොඳට... පයිය උඩට කෙල දාලා ගන්න..,1,sinhala
මගේ රටට දළදා හිමි සරණයි... මගේ දැයට දළදා හිමි සරණයි..,0,sinhala
"නෑ .. ඒ කියන්නේ ඔයාගේ හිතන විදිහේ සෑහෙන දෝශයක් කියලා ඔයාට හිතුනේ නෑද ?? ගෑනු කෙනෙක්ගෙ බඩක් දැක්කම ""චූන්"" වෙනවා කියන එකම මොනාත් අවුලක් ඔයාට හිතුනේ නෑද ? මොකද බඩ පේන්නනේ ආච්චිලා රෙද්ද හැට්ටේ අඳින්නෙත්. ඔයාට ආච්චි කෙනෙක් දැක්කමත් එහෙමද ?",0,sinhala
", පිස්සා කවද්ද එයාට පිස්සු තියෙනවා කියල පිලිගත්තේ ඒ වගේ තමා උදාරයියත්",1,sinhala
මං ගස් ගෙම්බෙක් වෙන්නැති. ඉඹින්න ලං වෙනකොටම චිරිස් ගාල හුජ්ජ පාරක් විදලා ඈතට පනින්නැති.,1,sinhala
ඔකුන්ට ඔවා කිවුවට වැඩක් නෑ බං.. කරුමෙට ඉපදුන එවුන්... කාලකණ්ණි,1,sinhala
"අර මංගල වගේ හොඳ මනුස්සයෙක් අපරාදේ මැරුණේ...මෙන්න මේ දේශපාලන අවජාතකයා මැරෙන්න තිබේ..එස්,බී පොන්න හුත්තිගේ පුතා",1,sinhala
අනේද බං කියන්නේ. ඒකට වැරදිත් අපෙ උන්. වහන්නෙත් අපෙ උන්මයි අරන් ගිහින්. ගොන් හැත්ත.,1,sinhala
ආච්චිට හාල් ගරන්න ජෙප්පො ගෙවල් වලට telephone කරලා ජන්දෙ හිගා කනවා. රෙද්ද phone එක off කරලා දැම්මා.,1,sinhala
ඕකුන් මිනිස්සුන්ගේ දානේ ටිකට කෙළලා ඒ මිනිස්සුන්ගේ අහිංසක දරුවන්ටත් කෙළිනවා. තූ....නොදකින්.,1,sinhala
හුජ්ජ කොටි පැටව් සහ පැටික්කියන් රිපෝට් කිරීමට පිළිවෙතින් පෙළගැසෙමු! ෆොටෝ දාන් නටනවා දැක්කා.,1,sinhala
ජාත්‍යන්තරයෙන් පුක දෙන්ඩ එන්ඩ කලින් මේ පාරවත් ඔලුවෙන් වැඩ කරමු. දැනටම ඒ වගේ දේවල් දාලා තියෙනවනම් ඉක්මනට අයින් කරපන්. කවුරු හරි දලා තියෙනව දැක්කොත් ඌටත් තේරුම් කරල දීල අයින් කරවපන්. මතකනෙ කලින් යුද්ධෙන් පස්සෙ උන දේ ?,1,sinhala
පිස්සා මූ,0,sinhala
නිදි මතයි ඉක්මනට චන්ද ප්‍රතිඵල දෙන්නො,0,sinhala
මට කියන්න තියෙන්නේ මෙච්චරයි අපි අරාබි රටකට ගියොත් කොටට අදින්නයි අපිට ඕනේ දේවල් කරන්න උබලා අපිට දෙන්නැහැ වගේ උබලත් කටයි පුකයි වහන් මෙහෙ අපි කියන විදියට හිටපන් නැත්තම් පලයන් අරාබියටම.,1,sinhala
මැසේජ් එකකට රිප්ලයි එනකන් බලන් ඉන්න එක තරම් අමාරු නැතුව ඇති වෙන මොනවත්,0,sinhala
රෑ වෙලා මෝල කර වෙලා කෝල් කරන්නෙපා පකෝ,1,sinhala
ඇමති මංගලට කල් යල් බලා ඇමති රවිගෙන් තඩි ටොක්කක්.. URL,0,sinhala
යහපාලකයින්ට සාප වෙන්න ඕනෑ ... මුන්ට පොල් ගහලා මදී ගම්මිරිසුත් ඇඹරුවා ... - URL via,0,sinhala
ඇයි දරැවන් වෙනුවෙන් රජය පුමිතිගත මුඛ වැස්මක් සෞඛ්‍ය අමාත්‍යාංශය හා අධ්‍යාපන අමාත්‍යාංශය මැදිහත්ව පාසැල් හරහා ලබාදීමට නොහැක්කේ .. ජන්දයක් ලග තිබුනානමිි බලන්න තිබුනා පක්ෂ ලාංජනයයි මනාප අංකේත් දාලා දේශපාලකයන් ඔිනතරමිි මුඛ ආවරණ බෙදන හැටි තරගෙටම...,0,sinhala
මොකාද හුත්තෝ උදේපාන්දර අජිත් මුතුකුමාරනයගේ සිංදු දාපු එකා... තොට මම,1,sinhala
ඕයේ ශකලක බේබී... අපිට පාන්ද.. යෝ යෝ මා නිගා... 280 ලොකුද @&#තෝ... තද තද... රෑට කන්නෙ පාන් යාලු... උදේට බත්.. දවල්ට රයිස්... බඩපිරිල ඇඟ හැදිලා... lecture ගියේ නෑ.. ඉන්නෙ සැපේ බ්‍රෝ...ජීවිතෙ පිස්සු... කෙල්ලො නෑ යාලු.. කොල්ලො ඉන්නේ... ගමේ නේ.. කොල්ලොනේ.. 280 නේ... තාම ඉවර නෑ යකෝ..,1,sinhala
තොපි අද මට ෆොටෝ ෆ්‍රේම් එකක් හදලා නොදුන්නොත් මගේ පාටියෙදි තොපිට පොවන්නෙ වහ දාපු විස්කි!!,1,sinhala
ජනතාවට බුදුසරණයි දෙවි පිහිටයි,0,sinhala
ඇඩෙනවානෙ... කොල්ලගෙ කටට මසුරං දාන්න... ඕනේ!!,0,sinhala
අපෙන් ඈත් වෙලා ඈතට යන කෙනාව පස්ස පැත්තෙන් යන පඩයක් ගානට දාන්න මොකද පඩයක් ආයේ අපිව හොයාගෙන ආවත් අල්ලවත් ආයේ ඇතුලට දාගන්න බෑනේ..පඩයක් ගානට ඒ යන කෙනාව දැම්මාම ආයේ එන්න හැදුවත් ලගට ගන්න හිතෙන්නේ නෑ බබා..,1,sinhala
අනේ හුකන්නෝ!!! ක්‍රිකට් ගහනව නම් ක්‍රිකට් ගහන් හිටපල්ලා පුක දීගෙන හැමිනෙන්නේ නැතුව... තොපේ අම්මගේ රෙද්ද... කලු සල්ලි කිව්ව ගමන් ට්‍රිගර් වෙන ගොන් පකයො ටිකක් දාගෙන ගහන මොන ක්‍රිකට් ද මේවා !,1,sinhala
ක්‍රිස්තියානි දොං ජුවං රනිල් සහ ක්‍රිස්තියානි ගෑණි බැන්ද මහින්දයි උන්ගේ හැත්තයි මේ රටින් හැඳිගෑවිලාම යනවා #lka #lk,1,sinhala
අල්ල අල්ල හිටපං... යූසින් ටූ මච් උනාම සමාජ රෝග සීන් දානවා යකෝ.... #හෑන්ඩ්ජොබ්,1,sinhala
කාබනික ගොන් බයියෙක්ව අල්ලල නාවන්න ඕනෙ Lakna Amandi · 12 Dec 2021 ''ජීවිතේට බල්ලො කාලා නෑ ගොයම්'' ''පොහොර ගඳට බල්ලොත් දැන් ගොයම් කනවා'',1,sinhala
උබල වගේ සක්කිලි ටිකකගෙ වැඩ හින්ද අර අහින්සක උබලගෙම උන් දුක් විදින්නෙ කියල උබලට තේරුම් ගන්න මොලයක් නැද්ද බං..,1,sinhala
බෑ බෑ එයාලට විතරයි කට ඇරලා ගස් බැල්ලි කියන්න පුලාන්,1,sinhala
දේශපාලුවන්ට උන්ගේ අම්මගේ තාත්තගේ මිනිය වුව කම් නැත.. නොදකින් ...,1,sinhala
ලංකාවෙ සක්කිලි උට්ටො හෙළුව දැකල නෑ. මං පෙන්නන්නං උන්ට. - පියුමි හංසමාලි (නිල් නිළි රැජින),1,sinhala
තමුසෙ හෙනකෲරයි අමිල,1,sinhala
වහ ඉල්ලා උද්ගොශනය කරා නේද පහුගිය කාලේ.,0,sinhala
මුලූ ලංකිය සමජයම රවටමින් මේ ආන්ඩුව රටේ ආරක්ෂාව බිල්ලට දෙන එක නවත්තන්න කියන්න කවුරුත්ම නැති හටියක්....,0,sinhala
උබල නේ කිසිම හිරිකිතයක් නැතිව හොරකම් කරන උන්,0,sinhala
"දී අරජුනලා වගේ අයව ක්‍රිකට් බෝඩ් එකෙන් පන්නලා කරගත්ත හරියක් තමා දැන් අපිට පේන්නෙ. එවකට කන්ඩායමේ හිටපු ලොක්කො, ක්‍රිඩා ඇමති, රටේ නායකයා ඔක්කොම වගකියන්න ඕන.",0,sinhala
ගෑල්ලමයෙක් ඉන්නවා! ඒ ගෑල්ලමය මගේ අදුනන කෙල්ලෙක්ගේ යාලුවෙක්! ඉතින් මන් ඒ ගෑල්ලමය එක්ක චැට් කරද්දි ලොවෙත් ඒ ගෑල්ලමය මගේ යාලුවගේ මාර්ගෙන් දන්නවා හරකා එන්නේ කොරටුව කන්න තමා කියලා! ඉතින් මට ඒ කොරටුව අයිති කරගන්න උපදෙස් ටිකක් දීපල්ලකෝ මගේ ඉදිරි වැඩපිලිවල වෙන්න ඔනේ කෝමද කියලා?,0,sinhala
RT: තෝ දැනගනින් මම බැහැල එන්නෙ නෑ. මට වෙලා නෑ උගන්නන්න තියනවා. අවජාතක බල්ලා :P #SriLankanThreats K.Siri sir,1,sinhala
සුජීව සේනසිංහගේ බෑග් විකුණපුවාම ඩෙරල් එනවා එතකොට රැපියල අවපාතය හරි යයි,0,sinhala
සමාජ ජාල තහනම නිකන් කැබිනට් සංශෝධනය වගේ තනිකරම විහිළුවක්. ජනතාවට ඒක ලොකුවට දැනෙන් නෑ එහෙම දැනෙනවා නම් අපි කොහොමද මේ #twiter පණිවිඩ කියවන්නේ? ජනාධිපති අගමැති ඇතුළු මැති ඇමතිවරු සමාජ ජාල වල පණිවිඩ නිකුත් කරන්නේ කොහොමද?,0,sinhala
It's me මැට්ටා වාගේ ආදරේ කරේ It's me එල හරකා වාගේ සීරියස් උනේ It's me රෝමියෝ වෙන්න දැඟලුවේ It's me අද මෝඩයා වෙලානේ නැවතුනේ.... It's me ඒක තමයි මේක... ප්‍රේමේ තමයි මේක.. කියලා හිතලා සිරා වෙන්න ගිහිල්ලනේ වැරදුනේ...,0,sinhala
කොඩි වනන්න යන කාලකණ්ණි හිඟන හැත්ත කවදා වාහනයක් අරන් ඔය පාරේ යයිද? රෙද්දේ රෙවුනත් බයියෝ බයියෝමය.,1,sinhala
"පාරවල් කාපට් කලාට කමක් නෑ. හැබැයි මේ නිලධාරීන්ට වගකීමක් තියෙන්නට ඕනෙ සැරෙන් සැරේ මේ කාපට් පාර මැදින් කඩාගෙන ජලනල එලීම ගැන, වෙනත් සන්වර්ධන කටයුතු ගැන. මේවා ජනතා මුදල්, ඒ නිසා ස්ථිරසාර කාපට් මිසක් දවස ගානේ කඩන කාපට් නන් අපරාදයක්.!",0,sinhala
"විභාග අපේක්ෂකයන්? එතනට යන්නෙ මහ මිනිස්සු නෙමෙයි, පොඩි ළමයි. ඒ අයවලුන්ට පුළුවන් ද මන්දා මාස්ක් දාගෙන ඉන්න අඩුම තරමින්.",0,sinhala
නාඩිය ඇද වෙලා බඩ කොරවෙලා මූණ පුක වෙන්ඩම ඇහුවා කොල්ලා අහන්න ඕන ටික Give a Hi5 for this young fella Deshitha Kadiragonna · 15 Oct 2019 Lmao those dudes looking hella uncomfortable #Facts #PresidentialElection2019 #SriLanka,1,sinhala
තමුන්ගේ පක තියෙන්නෙ ඒකට නෙ.. වෙන ටූල් බස්සන්න තියාගත්තම අපේ වත්තෙ පොල් හොරෙන් කඩනෝ වගේනෙ,1,sinhala
"ඉතින් ලජ්ජා නැද්ද ගං කබරයෝ උව අයිත රෙද්ද අස්සට දාගන්න? තමුසෙලයි තමුසෙලගෙ තාත්තයි බාප්පොච්චලයි ඔක්කොම ප්‍රතිපත්තියක් නය්හි අවස්ථාවාදී කාලලන්නි හොරු! #lka #lk #srilanka #LKAElections2020 Namal Rajapaksa Media · 21 Jul 2020 ""Mahinda handed over Maithri a fast developing country, Maithri returned Gotabhaya a country with a downturn in economy"" - Former MP URL Show this thread",1,sinhala
පුක පොළොවෙ ගහං මැරෙයි අපි ඒක දරාගන්න බැරුව,1,sinhala
Note to self : ගිහින් පාඩම් කරපං හු*තෝ,1,sinhala
කලින්ම ආවානම් ඉවරයි නේ ලොක්කා .,0,sinhala
"අප්‍රේල් 21 ප්‍රහාරයට සම්බන්ධ ත්‍රස්තවාදීන්ට අයත්, ආරක්ෂක නිවෙස්න 13ක්, හා බැංකු ගිණුම් 41ක් සොයා ගෙන ඇති බවත්, එම බංකු ගණුම්, නිවාස හා දේපළ රාජසන්තක කිරීමට පියවර ගෙන අවසන් බව ජනපති කියයි. #lka #SriLanka #SriLankaAttacks",0,sinhala
ගෙදරට නාකි වෙවී ඉන්න අපිට මොන ලව් ලයිෆ්ද බොලව්.,0,sinhala
දැනට මුදල් අමාත්‍යාංශය ක්‍රියාත්මකද?,0,sinhala
විදෙස් හමුදා ගොඩබැහැලා!!! - විමල් වීරවංශ #lka #News1st #US #SriLanka,0,sinhala
ඇත්තටම රෙද්ද තමයි ඔක්කොටම මුල,0,sinhala
"ඕකා කියපු ඒවා කරා නම් බැරියැ ඉතින්, ඔහේ කටට එන එක වාචාලයා වගේ කියවනවා, නැත්නම් කවුරුහරි කියපු එකක් කියනව.",1,sinhala
හොස්පිට්ල් ගියා ලෙඩෙක් බලන්න.කැෆේ එකේ අපි දෙන්නා තේ බොද්දී එහාපැත්තේ ටේබල් එකේ බයිකර් ගැන්සියක නාකි මනුස්සයෙක්.යාළු බයිකර්ස්ලා සෙට්එක ඇවිල්ලා බලන්න. රෝදපුටුවෙන් එයාව කැෆේ එකට ගෙනල්ලා විහිළු තහළු. හදවතින් අපි කොච්චර තරුණ වුනත් වියපත්වෙන ශරීරෙට පරදින කාලයක් එනවා ඒක මාර කරුමයක්.,0,sinhala
වැඩිය උඩ පනින අයට අන්තිමේ රෙදි නැතුව යන්න වෙන බව ඔය උඩ පනින ගොඩක් අයට මතක් වෙන්නෙ තමන්ගෙ රෙද්ද ගැලවුණු දාටයි....,0,sinhala
ඇයි යකෝ VPN වලිම් space ගිහිම් mic ගත්තාම ඇහෙන්නේ නැත්තේ,0,sinhala
අයියලාගෙ බල්ලා පොමනේරියන් කෑල්ලක් උස්සලා අපේ ගෙදර ගෙනල්ල මට තියෙන ප්‍රශ්න මදිවට බලු ප්‍රේම සබදතාත් විසදන්න වෙලා .,0,sinhala
ටහුඩු ඇසිඩ් කන්කජුලේසන් ඈ Δ · 8 Mar 2017 k tweets,0,sinhala
මේ අද ඊයෙ නංගිව හොයාගෙන හෙන වදේ! උඹ සෙලීනට කඹුර කඹුර ඉන්න කාලෙ ඉඳන් අපි අපේ ක්ලෝයි නංගි බබා එක්ක හිටියේ.,0,sinhala
කවුරු බිව්වත් #සිගරට් බොනකොට #මෝඩ පාටයි....,0,sinhala
"ටහුඩු දෝනි , දැක්ක කල්, තෑන්ක්ස්",1,sinhala
