text,label,language_tag
"ஒட்டுமொத்த தருமபுரி வன்னியர் சமூகத்தின் சார்பாக படம், மாபெரும் வெற்றி அடைய வாழ்த்துக்கள்",0,tamil
எல்லாம் படித்த இளைஞர்களாக தெரிகிறீர்கள் .. ஆனால் யோசிக்க மறுத்தால் என்ன செய்வது 1. சொத்துக்காக நாடக காதல் செய்பவன் ஏன் வேற ஊருக்கு பயந்து ஓடனும்.. 2. அப்படி வெட்டி கொல்றவங்க கிட்ட இருந்து தப்பிக்க அந்த பெண்ணை திருப்பி அனுப்பியிருப்பானே... ஆனா உயிர எடுத்துட்டு தான அந்த பொண்ண திருப்பி கூட்டிட்டு போறீங்க...  3. நீங்க சாதி பெருமை பேசி பிற சமுகத்தை வெறுத்து கொண்டே இருங்க பிராமணர்கள் உன்னையும் சேர்த்து தான் அடிமையா நடத்திட்டே இருப்பான் இருக்கான்   4. இட ஒதுக்கீடு நமக்கும் தான்டா இருக்கு 27% 18% மற்றவன் வாழ்ந்துறவே கூடாது...🤦‍🤦‍,0,tamil
நாமக்கல் செட்டியார்கள் சார்பாக இந்தப்படம் மாபெரும் வெற்றியடைய வாழ்த்துக்கள்,0,tamil
அடப்பாவி என்னடா ஒரே ஜாதி பெயரா இருக்கு comments fulla. சரி நம்மளும் வாழ்த்து சொல்லி வைப்போம்!! ஐயங்கார் வடகலை சமூகத்தின் வாழ்த்துக்கள்!!! (மைண்ட் வாய்ஸ்: உங்களை எல்லாம் 1000 பெரியார் வந்தாலும் திருத்த முடியாது!),0,tamil
என்னடா இது படத்துல ஹீரோவே இல்லையா எல்லாமே வில்லனாக இருக்கானுங்க.,1,tamil
நம்மை ஜாதி ரீதியாக எதிர்க்க துப்பில்லாமல் இந்த பக்கம் தமிழ் தமிழ்னு போலியா கூவிக்கிட்டு அந்த பக்கம் ஜாதி ஒழிப்புனு கூவுற  கருஞ்சட்டைகளின் ஒரே நோக்கம் நம் வீட்டு பெண்களே. இதை புரிய வேண்டிய நேரம் இது. திரெளபதி மேல் ஜாதியினர் ஒற்றுமை.,0,tamil
ஒரு நல்ல திரைப்படம் பார்க்க போகிறேன் என்று நினைக்கிறேன்,0,tamil
"ஒவ்வொருத்தனும் தன் சாதி பெயரை சொல்லி... படத்தை வாழ்த்தும்போது... இன்னும் பல நூற்றாண்டுகள் ஆனாலும் சாதி வெறி பிடித்த தமிழ்நாடு முன்னேறவே முன்னேறாது... தூ,ஊ தூஊ கேவலமா இல்ல...  இந்தப்படம் தடை செய்யப்பட வேண்டும். சாதிதான சமூகம் என்றால் வீசும் காற்றில் விஷம் பரவட்டும்.",1,tamil
திருநெல்வேலி மாவட்ட தல ரசிகர்கள் சார்பாக வாழ்த்துக்கள்.,0,tamil
பொள்ளாச்சி சம்பவம் பற்றி ஒரு படம் எடுங்கடா பார்ப்போம்...,0,tamil
Mohan.G வாழ்த்துக்கள் இது போன்ற படங்கள் எடுங்க g அப்பதான் இந்த கும்பல் ஒழியும்,0,tamil
இந்த லட்சணத்துல குருமா திருட்டு நாய் இந்து மதத்தைப் பத்தி தப்பா பேசுது .,1,tamil
வாங்க வாங்க  வரிசையா வந்து  கதறிட்டு போங்க.........   (5 ருபா அயன் பன்னுன சொக்காஸ்),1,tamil
சுட்டு போட்டக்கூட இந்த நாய்க்கு நடிப்பு வராது காசு இருந்த கழுதையை கூட Hero வ நடிக்க வைக்கலாம்,1,tamil
உசிலம்பட்டி தேவர் இனத்தின் சார்பாக இந்த படம் வெற்றியடைய என்னவேனாலும் பண்ணுவோம் முடிச்ச தடுத்துப்பார்டா...,1,tamil
எல்லா இனம் சார்பாக நாடக காதலை  எதிர்பேன்,0,tamil
நாடக காதல் யார் செஞ்சாலும் தப்பு தான்.. ஜாதி பேர solli படத்தை கெடுத்தது போதும்... இது போன்ற சம்பவம் உண்மை இல் நடந்திருக்கa அப்படி யென்றால்.. இதை கதை ஆக thirayil கொண்டு வந்த இயக்குனர் கு vazthukal... All r going to watch theater.. Pls..,0,tamil
யாரு லே நீ டைரக்டர் ? உடுமலைப்பேட்டை ஜோலி முடிச்சது போல இருக்கு  ஏலே செம படம் எடுத்து இருக்கேலே மக்கா  ?கூட பொறந்த பொறப்பு எங்க குலசாமின்னு வாழும்  தேவாதி தேவர்கள் முக்குலத்து தேவமார் இந்த படத்தை படப்பை கட்டி நின்னு ஜெயிக்க வைக்கிறோம் லே ..,0,tamil
இனி அடங்க மறுப்ப அத்து மீறுவ சொன்னால் அருத்து எடுப்பேம் நாங்கள் பன்னால் தமிழகம் தாங்காது,1,tamil
சாதி மதம் என்ன மனித உயிரை விட பெரிதா. இந்தியா சாதி மதம் அப்டினு சன்டை போடுது வல்லரசாக எப்படி ஆகும் அதான் எல்லா மூலாதனம் இருந்தும் வளர்ச்சி இல்லாமல் இருக்கு,0,tamil
டேய் புண்டைகளா மொத படம் பாருங்கடா அப்பொராம் கமெண்ட்ல சாதி சண்ட போடுங்கடா.... ஊம்பிக.... நான் அந்த ஊம்பி இந்த ஊம்பினு சொல்லிட்டு இருக்கானுங்க.... இப்டியே ஊம்புனா வேலைக்கு பானிபூரி பீடா வாயனுங்கள எல்லாரும் ஊம்ப வேண்டியது தான்.... சுண்ணிக.... Tnpsc railway வேலைக்கு நக்கிட்டு திரியபோரோம்.....,1,tamil
இந்த படம். சரக்கு மிடுக்குக்கு சரியான செருப்படி,0,tamil
டேய் என்னடா சுன்னி சார்பாக வாழ்த்துக்கள் சுன்னி சார்பாக வாழ்த்துக்கள் கமன்ட் பன்றிங்க ஜாதி வெறி பிடித்த நாய்களா நான் உங்களை  செல்லி நாய் அசிங்கப்படுத்துரன் நீங்க அதுக்கும் கீழ,1,tamil
டிரைலர் பார்க்கும்போதே படம் பார்க்கும் ஆவல் எனக்கு வருகிறது கண்டிப்பாக படம் பார்ப்பேன்,0,tamil
கடலூர் வன்னியர் சார்பாக படம் வெற்றி பெற வாழ்த்துக்கள்,0,tamil
ஒரு MP என்றும் பாராமல் இந்த கிழிகிழிக்கிறானுக 🤣🤣🤣🤣🤣🤣,1,tamil
Ada thevidya pasangala ellarum சாதி ஒழியனும்னு படம் எடுத்துட்டு இருக்கானுங்க நீங்க சாதிய வளப்பதற்க்க்காக படம் எடுத்தா இதுல நீங்க எல்லா சாதிகாரனும் தான் சாதி பேரு சொல்லி commend போடறீங்களேடா 🤬🤬சாதியை வெறி புடிச்ச நாய்களா,1,tamil
"கீழ்த்தரமாக கீழறுப்பு வேலை செய்பவர்களுக்கு மட்டும்தான் இதற்கு கோபம் வரவேண்டும்,  உண்மையான நிலையை சொல்லும் சகோதரர் மோகனுக்கு வாழ்த்துக்கள்",1,tamil
செம சூப்பர் .. வாழ்த்துக்கள் மோகன் அண்ணா,0,tamil
ஈரோடு  வன்னியர்  சார்பாகவும்  வெற்றி  பெற  வாழ்த்துக்கள்,0,tamil
அணில்ஸ்லாம் ஓரமா போய் டிஸ்லைக் பன்னுங்கடா   இங்க ஒன்னும் புடுங்க முடியாது,1,tamil
நம் வன்னிய பெண்கள் கண்டிப்பாக பார்க வேண்டிய படம்,0,tamil
தலைவா படத்துல பண்ணதுக்கு விஜய் தலைவி  படத்துல பழிவாங்குறான்,1,tamil
வாழ்த்துகள் சொன்னால் மட்டும் போதாது கண்டிப்பாக இந்த படம் பார்க்க வேண்டும்,0,tamil
மாவீரன் காடுவெட்டியார் j.குரு  வன்னியர்  சங்கம் (உடையார்பாளையம்) சார்பாக  படம் வெற்றி பெற வாழ்த்துகிறோம்,0,tamil
ஆடேய் என்னடா...comment sectionல எல்லா ஜாதி சார்பா வாழ்த்துக்கள் போடுரீங்க....,0,tamil
பாட்டாளி மக்கள் கட்சியின் விழுப்புரம் வடக்கு மாவட்டம் ஒலக்கூர் ஒன்றியம் மேற்கு சார்பாக திரைப்படத்தை வெற்றியடைய செய்வோம் என்பதை உறுதி அளிக்கிறோம்,0,tamil
இவன் பழைய வன்னாரபேட்டையே இன்னு வர்ல இந்த தாயோலிங்க வேற,1,tamil
"தீபா கூட நடிக்க வச்சிருகலாம்... கொஞ்சம் பொருத்தமா இருக்கும்.. ஆனா அந்த அம்மா கண்ணடிக்கமா நடிக்கணும், அதன் பிரச்சினை",1,tamil
"மஹா பிரபு Bethovan லயே கைய வச்சிட்டிங்களா? இந்த விஷயம் அனிருத் தம்பிக்கு தெரியாம பாத்துக்குங்க.... பயபுள்ள சும்மா O2 ஓளர விடுவாப்டி, #bethorajashkin",1,tamil
கேரளா ஃபேன்ஸ் தன்னோட தலைவனா கொண்டாடுவான்!   ஆந்திரா ஃபேன்ஸ் அவங்க ஊரு நடிகனாவே நினைப்பாங்க   கர்நாடாகா ஃபேன்ஸ் கூட தலையில தூக்கிவைச்சு கொண்டாடுவாங்க!   ஊரு மாறுனாலும் மொழி மாறுனாலும் சூர்யாங்கிற அந்த மனுசனோட புகழை மட்டும் அழிக்கவே முடியாதுடா! 🤙,0,tamil
வெள்ளகோவில் கொங்கு வேளாளர் கவுண்டர் சார்பாக வாழ்த்துக்கள்,0,tamil
கொங்கு வேளாளர் கவுண்டர் சமுதாயத்தின் சார்பாக படம் வெற்றி பெற வாழ்த்துகள்,0,tamil
மண்ணும் பொன்னும் ஒன்னா அப்ப நல்ல ரேட்டுக்கு வந்தா வித்துடுவாங்க போல,1,tamil
நான் நாமக்கல் மாவட்டம்(ஒட்டுமொத்த) வேட்டுவ கவுண்டர் சமுதாயம்சார்பாக படம் வெற்றிபெற எங்கள் ஆதரவையும் வாழ்த்துக்களையும் தெரிவித்து கொள்கிறோம்,0,tamil
கடலூர் வன்னியர் சமுதாயம் சார்பாக படம் வெற்றி பெற வாழ்த்துக்கள்,0,tamil
நம்ப நடே நாசாமா தான் போச்சி,1,tamil
படம் எப்போ ரிலீஸ் ஆகும்.I am waiting,0,tamil
யாதவர்களின் சார்பாக படம் மாபெரும் வெற்றியடைய வாழ்த்துக்கள்,0,tamil
Mia khalifa fan club சார்பாக வாழ்த்துக்கள்,0,tamil
நாங்கள் ஒட்டுமொத்த சாதியையும் எதிர்க்கல ஒன்னுக்கு ௨தவாமே உழைக்காமல் உக்காந்து சாப்பிட வசதீயானவன் வீட்டு பெண்ணுக்கு வலை விரிக்கும் ஒரு கும்பலையும் அதை பின்னிருந்து ௨ூக்குவிக்கும் ஒரு கேடு கெட்ட பன்றியின் தோலை ௨ரித்துகாட்டத்தான் இந்த படம்  இது ஒரு இமாலய வெற்றி யை அடையும்,0,tamil
திரும்ப திரும்ப அரைச்ச மாவு சீன் 1:32  எத்தனை நாளைக்குதான் இந்த மாதிரி விளையான்டுகிட்டே அறுவை பேச்சு பேசுற சீனை வைப்பாரோ தெரியல்ல..,1,tamil
பஞ்சமி நிலம் னு அசுரன் படத்துல வந்துச்சு காசு வாங்கிட்டு தாண்டா கிரையம் பண்ணானுங்க அது ஜாதிபடமா தெரியல திரவுபதி ஜாதி படமாடா நாயிங்கலா,1,tamil
இங்கே இருக்கிற கமென்ட் களை எல்லாம் பார்த்தால் திருமா ஒரு நாள் வசமாக மாட்டிக்கொண்டால் எலும்பு கூட மிச்சம் ஆகாது போல் இருக்கிறதே...,1,tamil
மாபெரும் வெற்றி படமாக (பாடமாக) அமையும் வாழ்த்துகள் அண்ணா.,0,tamil
அனைத்து சமூக பெண்களும் இந்த படத்தை பார்த்து ஒரு பெண் தவறு செய்தால் அவர் குடும்பத்தினர் படும் அவமானத்தை புரிந்து நடந்து கொள்ள வேண்டும் ...பெண்களின் விழிப்புணர்வு படம் வெற்றி பெற மனம் நிறைந்த வாழ்த்துகள்,0,tamil
டேய் சாதி வெறிபிடித்த  களுக்கு நான் கேட்கிறேன் எங்கடா நாடக காதல் டியூஷன் எடுக்கிறாங்க சொல்லுங்கடா நாய்களே பிரச்சினைகளை வளர்க்கிறிங்க ஆபத்து சாதிவெறி பிடித்த நாய்களுக்கு தான்,1,tamil
கண்டிப்பாக படம் வெளியான பின்   புரட்ச்சி படம் எடுக்குறேன் புண்ணாக்கு படம் எடுக்குறேன் னு சொல்லும் நாய்களுக்கு செருப்படியாக இருக்கும்,1,tamil
திலித் சமுதாயத்துக்கு ஒன்னுனா ஆயிரம் ஏச்ச சமுக ஆர்வலர்கள் வருவானுங்க  இடை நிலை சாதினா மூடிட்டு இருக்கனுங்க  #திரௌபதி தீ யா இருக்கு,1,tamil
ஒரு குறும்பட இயக்குனரின் திறமைக்கு ‌கிடைத்த சரியான வாய்ப்பு...ஆதிக்கு‌ நல்ல வெற்றி கிடைக்கும்.,0,tamil
சுன்னியர் நாயக்கர் னு. அடே ரெட்டி நாயக்கர் ஷெட்டி லாம் தெலுங்கு கன்னட துளு சமூகங்கள் டா. அது கூட தெரியாம. சரி வுடு நானும் சேர நாட்டு அந்தணன் வாழ்த்துகள் சொல்லமாட்டேன்,1,tamil
ஊராளிகவுண்டர்கள் சார்பாக மனமார்ந்த நன்றி இயக்குனரே.எங்களுடைய மனக்குமுறலை  திரைப்படத்தில் கொண்டு வந்ததற்கு நன்றி.,0,tamil
அக்னித்தாய்  திரௌப தீ ' உலகெங்கும் வெற்றி நடை போடுவாள்  . துரோகிகளை மும் பகைவர்களை மும் தன்   தீ  யால்  அழித்து பொசுக்கி சாம்பல் ஆக்குவாள்  .படம் வெற்றி அடைந்தது  பெண்பிள்ளைகள்  தெளிவடைய வேண்டும்,0,tamil
BC MBC மக்கள் படம் 100 நாட்கள் ஓட ஆதரவு தருவார்கள்... இயக்குனர் மோகன்  திருமா வின் குஞ்சிகள் கிட்ட கவனமா இருக்கணும்.. அவனுக உங்களை தாக்கலாம்.. பாதுகாப்பா இருங்க.. ( BC MBC .. பொண்ணுங்களை தூக்குறது.. real எஸ்டேட் கட்டப்பஞ்சாயத்து.. வன் கொடுமை னு கேஸ் போடுறது... மாட்டு கரி எலி கரி தின்று விட்டு.. அவர்கள் கட்சி மேடையில்..  மத்த ஜாதிக்கு சரக்கு மிடுக்கு இல்லை னு பேசுறது... ) இது தான் அவர்களின் வேலை.. என்ன வேணும்னாலும் செய்ய துணிவார்கள்.. இயக்குனர் கவனமாக இருங்கள்... நன்றி இப்படிக்கு முதலியார் வம்சம்,1,tamil
சீமான் மேடயில் பேச பேச படமா வருது,1,tamil
யார ஏமாத்த பாக்குறீங்க இது 96. ரஜினிய பங்கம் பன்னிட்டிங்கடா. Ha ha ha.,1,tamil
வீர வன்னியர்களின் சார்பாக படம் வெற்றி பெற 🤗வாழ்த்துகள் வெறித்தனமாக காத்திருக்கிறோம் படம் பார்ப்பதற்கு நாம் வாழ்ந்த மண்ணும்  வளர்த்த பெண்ணும் நம் மூச்சி,0,tamil
என்னடா ஜெயம் ரவி மாரி வருவனு பாத்தா நிழல்கள் ரவி மாதிரி வந்திருக்க,1,tamil
சங்கி கூட்டங்களே இந்த படத்தை வெளியிட தடை வாங்குவோம். இந்த படத்தை திரையிட முடியாதபடி செய்வோம். இது சபதம்,0,tamil
கடலூர் மாவட்டம் ராமாபுரம் வன்னியர் சங்கம் சார்பாக திரெளபதி படம் வெற்றி பெற வாழ்த்துக்கள்,0,tamil
"ஜெயலலிதா bio pic னு வந்து பார்த்தா , பச்சை கவுன் போட்டுக்கிட்டு ICU ward nurse மாதிரி யாரோ வந்து நிக்குறாங்க .",1,tamil
மணிரத்னம் பட வரலாற்றில் அடுத்த ஒரு மைல் கல்,0,tamil
திருப்பி அடிப்போம்        வெல்வோம்,1,tamil
"சாதி இல்லாத சமூகம் அமைக்க இது போன்ற திரைப்படங்கள் வரவேண்டும், காத்திருக்கிறோம் வெள்ளித்திரை காண",0,tamil
2021...புரட்சி வெடிக்கும்...திராவிடம்..அழிவநோக்கிபோகிறது....தமிழன்..  முழுச்சிட்டான்... இனி நாம்தமிழர்  தான்.ஆட்டம்..2021  .இனி..தமிழ் மட்டும் இல்ல..All Indians. Movie. அண்ணண் சீமான்..சொல் தான்  வரும்   young people of Better life  soon TN PEOPLE. .NTK நாம்தமிழர் கட்சி தான்.  சல்யூட். தமிழா     NGK& TEAM WORK KU. MY சல்யூட்  NTK புரட்சி வாழ்த்துகள்,0,tamil
நா தேவன்டா என்னோட சொத்த வித்தாவது இந்த படத்துக்கு 100 குடும்பத்த நா கூப்டு போவேன்..,0,tamil
இயற்கையாவே உற்பத்தி ஆகுற தண்ணிய தனக்கு மட்டுமேனு சொந்தம்னு கொண்டாடுற உரிமையை யார் குடுத்தா,1,tamil
வண்ணார் சமுதாயம் சார்ப்பாக படம் வெற்றிபெற வாழ்த்துக்கள்,0,tamil
என்னடா இது. பழைய லுக் ஓரளவுக்கு ஓகே. ஆனா முதல்வர் லுக் சத்தியமா நல்லாவே இல்ல. தயவு செஞ்சு படத்தை ரிலீஸ் பண்ணி எங்க புரட்சி தலைவியை அசிங்க படுத்தாதிங்கே..,1,tamil
கொங்கு மண்டல விவசாயிகள் & அஇஅதிமுக சார்பாக வெற்றி விழா காண வாழ்த்துக்கள்...,0,tamil
கோமாளி ரவி அவர்களே...  அடக்கி வாசிக்க கற்றுக் கொள்ளுங்கள்,1,tamil
"இஸ்லாமியர்கள் சார்பாக வரவேற்கிறேன்,என்னதான் அரசு வேலை கிடைத்து வாழ்க்கை தரம் உயர்ந்தாலும் கலாச்சாரம் மாறலை, புள்ளீங்கோ பூராம் குறிப்பிட்ட சமூகமாத்தான் இருக்கு,என்னதான் முஸ்லிம் மதத்துக்கு பல தலைமுறை முன்ன மாறியிருந்தாலும் எங்கள்லயே சில தறுதலைக மண்டைல சாயம் அடிச்சுகிட்டு அப்பனை அரிச்சு ஒரு லட்ச ரூபாய் பைக்கை வாங்கிட்டு மற்ற மத பொம்பளை புள்ளைகளை கரெக்ட் பண்ணுறதையே பொழப்பா வச்சு அவன்க எந்த சாதில இருந்து வந்த ரத்தம்னு ஒவ்வொரு ஊர்லயும்,முஸ்லிம் தெருலயும் நிரூபிக்குறான்க,சொல்லப் போனா முஸ்லிம் மதத்துலயே கண்ணியமான எங்களை போன்றோர் அந்த ஈனப் பயல்களை விட்டு விலகியே இருக்கிறோம்...",1,tamil
விருதை (விருத்தாசலம்) படையாச்சிகள் சார்பாக இந்த படத்தை வெற்றி பெற வாழ்த்துகிறேன் மோகன் அண்ணனுக்கு வாழ்த்துக்கள்,0,tamil
இப்படி மாத்தி மாத்தி படம் எடுத்து பெரிய போர் உருவாயிரும் போல ஒற்றுமை இனிமேல் தமிழ் நாட்டில் கஷ்டம் தான்,0,tamil
"அவன் கட்டினாலும் அவள வேல தான் வாங்க போறான் ,நீ உன் ஜாதியில பாத்து கட்டினாலும் அவனும் அவள சம்பளம் இல்லாத வேலைக்காரியா, புள்ள பெக்குற மிஷினாதான் பாக்க போறான்.  அதுக்கு எங்க போனும்னு அவளே முடிவு பண்ணிட்டு போகட்டுமே நாயே.  நீ யோக்கியனா இருந்தா எந்த ஆணையும் நம்பி வாழாம சொந்த கால்ல நிக்க சொல்லி குடு.  அவளுக்கு வேணும்னா கல்யாணம் பண்ணட்டும்.",1,tamil
அனைத்து நண்பர்களுக்கும் ஒருவேண்டுகோல் இந்த படத்திற்கு எதிர்ப்பவர்களுக்கு இந்த பதில் அதைத்தான் எங்கள் குரு ஐயா சொன்னார் அவர்மற்றும் அல்ல அணைத்துக் குடுபத்திலும் நினைப்பதே. நம் வீட்டிற்குவா நண்பா வந்து சாப்பிடு தூங்கு 10த்து நாள் குடுபத்தோடு பழகு தவறில்லை ஆனால் அதைவிட்டுட்டு தன்வீட்டு பொண்ணுமேல அல்லது என் நண்பனாக இருக்கும் உன்வீட்டில்  உள்ளவர்கள் கையவச்சாலோ யாமாத்திவிட்டுட்டாலோ கண்டிப்பாக கோவம்வரும் . பில்லைங்கோ மாத்தியோசிங்கோ நண்பர்களே இந்த படம் இது உங்களுக்கு எதிர்ப்பு படம் அல்ல இது அணைத்துக் குடும்புத்தார்க்கு உள்ளபடம்,0,tamil
இந்த நாட்ல ஒவ்வொன்னு ஒவ்வொரு விதமான பைத்தியம்.. இவனுக்கு இந்த நாட்டுமேலயே பைத்தியம்,0,tamil
"சமூக வலைத்தளங்களில் இருந்து விலகி, மனிதனின் உண்மையான வாழ்க்கையை விவரிக்கும் படமாக இருக்கும்...",0,tamil
இசை செம்ம அசுரன விட பெருசா  அடி(ஜெயி)க்கும்,0,tamil
அனைத்து வாணிய செட்டியார் இன மக்கள் சார்பாக திரெளபதி படம் வெற்றி பெற்ற வாழ்த்துக்கள்,0,tamil
ஹாரிஸ் ஜெயராஜ்... கடாரம் கொண்டான் டீஸர் பாருய்யா...,1,tamil
யாருலாம் பரதன் தான் தளபதி60 director னு சொன்ன உடனே அவர பத்தி அவரு எதுக்கும் லாய்க்கு இல்லன்னு பேசினீங்களோ அவங்க மட்டும் line ல வாங்க..  அடிக்க லாம் மாட்டேன் வாங்க..,1,tamil
நான் அரசியலுக்கு வருவது உறுதி இது 96யார ஏமாத்திர,1,tamil
கம்மாளர் மக்கள் சார்பாக படம் வெற்றி அடைய வாழ்த்துக்கள்,0,tamil
இந்த படம் வெற்றி ‌பெற வாழ்த்துக்கள்.... ஆனா வருகின்ற‌ எல்லா படங்களும் காதலை முன்னிறுத்தி ‌முன்னிறுத்தியே...‌இன்றைய தலைமுறையினறை முட்டாள்தனம் ஆக்குகின்றன,0,tamil
"திடீரென ஏதோ ஒரு குளிர் காய்ச்சல் , ஆனால் பிடித்திருக்கு",1,tamil
செளராஷ்டிரா இன மக்கள் சார்பாக இத்திரைப்படம் வெற்றியடைய வாழ்த்துகள்....,0,tamil
திரௌபதி  பற ரஞ்சித் ku செருப்படி,1,tamil
போலி காதல் விவகாரம் ஆணவ கொலைகள் இது 2ம் பற்றிய விசயத்தில் எப்பவும் ஒரு பக்கம் நடைபெறும் வாதங்களை மட்டுமே கேட்டோம். இதற்கு மற்றொரு பக்கம் இருக்கிறது. இதை பற்றி ஆராய வேண்டிய அவசியம் உள்ளது என்று யோசிக்க தூண்டும் கதைகளமாக இருக்கும் என்று நம்புகிறேன்.,0,tamil
இந்த நாட்டுல ஊவோனும் ஓவொரு விதமான பைத்தியம்....இவனுக்கு இந்த நாட்டு மேலேயே பைத்தியம்,0,tamil
#திரெளபதி எந்த சமூகத்திற்க்கும் எதிரான படம் அல்ல...  பெண்களை பெற்ற எல்லா பெற்றோர்களுக்கும் ஆதரவான படம்.,0,tamil
தனி ஒருவன் மோகன் ஜி.   தினமும் டிவியில விவாதம் வச்சி கதறுவானுங்களே அத நெனைச்சாலே ஆனந்தமா இருக்கு.🤪🤪🤪,0,tamil
ட்ரைலரைப் பார்த்தாலே தெரியுது இது ஒரு விளங்காத படம்னு.,1,tamil
செம்ம ... தேவர் பேரவை இளைஞர்கள் சார்பாக...,0,tamil
"செருப்படி ரஜினிக்கு.. சூப்பர் kv ஆனந்த் இது தாண்ட சினிமா கேட்கமுடியாத கேள்விகளை சினிமாவில் கேட்களும் ஏன்னா அது ரீல், அதுபோலதான் சினிமாவின் ஹீரோக்கள் ரியல் ஹீரோ இல்லை ரீல் ஹீரோ ரஜினிக்கும் கமலுக்கும் புரிஞ்சா சரிதான்",1,tamil
அப்பறம் ஏன் சார் விசிக கூட்டனணிக்கு வாக்கு போடுறீங்க?  நாடக காதல் கும்பலை ஒரேயடியா ஒழிக்கனும்னு இவ்வளவு உணர்சிய உள்ளுக்குள் வச்சுக்கொண்டு ஏன்யா விசிக கூட்டணிக்கு வோட்டு போடுறீங்க,1,tamil
தென்காசி மாவட்ட சான்றோர் ( நாடார்) மக்கள் சார்பாக படம் மிகப்பெரிய வெற்றியடைய வாழ்த்துகள்,0,tamil
வெள்ளார்கள் சார்பாக படம் வெற்றி பெற வாழ்த்துக்கள்....,0,tamil
அடங்க மறு கும்பலை அறுக்க வருகிறாள் திரௌபதி.....,1,tamil
"இவளே ஒரு உச்சநீதிமன்ற திருட்டு குற்றவாளி இவிங்களுக்கு ஒரு படமா ,தமிழினத்துக்கு அம்மா வேலுநாச்சியார் படத்தை எடுங்கடா பின்பு இவருக்கு எந்த அளவு மரியாதைனு பார்ப்போம்",1,tamil
இனி அடுத்த கட்டம் சமுத்திரகனிக்குத்தான் போல.......சாட்டை 2 தோல்வி..இது எப்படியோ...ஒழுங்கா டிவி சீரியல்  எடுத்திட்டிருந்தே ....இப்போ என்னயா மொக்கை படம் பன்றே????...ஏன்டா கத்திட்டே இருக்கீங்க படம் முழுக்க...,1,tamil
இந்த திரைப்படம்   J. குரு ஐய்யாவிற்கு சமர்ப்பணம்,0,tamil
நீங்களே பேண்டு நீங்களே சப்படுங்கட எச்ச சாதி வெறி புடிச்ச கோயா கோமாகளே..,1,tamil
ட்ரெயிலர் வெறித்தனம்..குருமா குரூப் கதறல் இங்க கேக்குது ..,0,tamil
"சூர்யா ,ஆர்யா,மோகன்லால் அண்டு கே.வி.ஆனந்த்...\r \r \r ஆஹா அற்புதமான கூட்டணி....\r \r படம் கலக்கப்போகும் என்பது ட்ரைலரை பார்த்தாலே தெரியுது.....   EAGERLY WAITING FOR MOVIE RELEASING DATE.......",0,tamil
"பேரு, பணம், புகழ் லாம் எதிர்பாக்காம உண்மையா காதல் பண்ணா பொண்ணு குடுப்பிங்களா",0,tamil
பெண்ணை பெற்ற  அக்கா தங்கை என பாசத்தோடும் நேசத்தோடும் வாழ்ந்து வரும் அனைத்து குடும்பத்தினர்களின் சார்பாக என் குடும்பத்தோடு இந்த திரைப்படம் பார்க்க செல்வேன். பார்க்க வைப்பேன்..,0,tamil
"செங்குந்த முதலியார்  சார்பாக,,வெள்ளி விழா காண,,வாழ்த்துகிறேன்,,,,நாடக காதல் வெள்ளி திரை க்கு வருவது,,, வரவேற்க தக்கது,,, சாதியை ஒழிப்போம் என பொய்,,வேஷம் இட்டவர்கள்,,, இனி எதிர் நோக்கட்டும்,,உண்மையான,சாதி ஒழிப்பை,,,தமிழினத்தில்,,ஏற்ற தாழ்வு,,என்ற ஒன்று,,,இல்லை,,,தமிழ் குடிகள்,,அனைத்தும்,, ஒன்றே,,,,,",0,tamil
இது படம் குரல் கொடுப்பதை விட்டு விட்டு கடைசி விவசாயி படத்திற்குப் போய் குரல் கொடுங்கள் உண்மையான தமிழன்,0,tamil
ஒட்டு மொத்த தேவரினம் சார்பாக வாழ்த்துக்கள்,0,tamil
ஈரோடு மாவட்டம் கொங்கு வேளாளர் கவுண்டர்கள் சார்பாக மாபெரும் வெற்றி பெற வாழ்த்துக்கள்,0,tamil
தெரிஞ்ச எதிரிய விட தெரியாத எதிரிக்குத் தான் அல்லு அதிகம்  #BairavaaTeaser,0,tamil
"நாடக காதலை நான் வன்மையாக எதிற்கிறேன். ஆனால் திருமாவும், ரஞ்சித்ம் ஏன் 100 ல் 90 சாதிக்கு விரோதியாக பார்க்க காரணம் ஏன்? இங்கு 100 ல் 90 மிருகத்திடம் போட்டி போட்டு என்ன பலன்? இங்கு நாடக காதலை எதிற்கும் எத்தனை பேர் தகுதியான நீங்கலாக கூறும் தாழ்த்த பட்டவனின் காதலுக்கு சம்மதம் காட்டுவேர்!!!!",1,tamil
திருட்டு வண்டியும் திருட்டு போனும் வச்சிகிட்டு  இவனுங்க பண்ணுற அலப்பறை இருக்கே.............  பிச்சைக்காரன் மாதிரி  பள்ளிக்கூடம் வாசல்ல நின்று சின்ன பொண்ணுங்கள மயக்குவது....  மட்டி பு***,1,tamil
நாயக்கர் நாயுடு சார்பாக வாழ்த்துக்கள் வெற்றி பெறும்,0,tamil
"இதுல என்ன காமெடின்னா... ஒரு பக்கம் நாங்க ஆண்ட பரம்பரை பேண்ட பரம்பரைன்னு மீசையை முறுக்குறவனும் இன்னொரு பக்கம் அடங்க மறு அத்து மீறுன்னு கம்பு சுத்துறவனும் 50 வருஷமா அட்ரஸே இல்லாத கருணாநிதி, எம்ஜிஆர், ஜெயலலிதா ஆகியோருக்குத்தான் கழுவிகிட்டு இருந்தானுங்க. இனியும் ரஜினி, கமல், விஷால் போன்ற பரதேசிகளுக்குத்தான் கழுவுவானுங்க. தமிழ்நாட்டிற்கு எப்போதும் வெளியில் இருந்து பிச்சை எடுக்க வந்தவன் தான் தலைவன் ஆக மூடியும். ஆரியன் காட்டிலும் திராவிடன் காட்டிலும் தமிழக முண்டங்கள் ஆசீர்வாதத்தால் எப்போதும் அடைமழை தான்.",1,tamil
1.12 ஸ்டார்ட் அந்த பின்னனி இசை ஆயிரம் தான் பொது வாழ்க்கையில் உங்கள  திட்டினாலும் இந்த இசை உலகில் என்றும் நீயே ராஜா உடம்பு சிலிர்த்து விட்டது. மிஷ்கின் அருமையான இயக்கம்.,0,tamil
"காதல் என்ற பெயரில் யாமதுற நாய்களுக்கு இப்படம் ஒரு பாடம்... #திரௌபதி,  We are Waiting...#Ultimate... எங்களுக்கு #மண்ணும் #பொண்ணும் ஒன்னு அதுல யாரு கையை வைச்சாலும் O___  வெட்டுவும்.. இந்த படக்குழுவினருக்கு வாழ்த்துக்கள். வெற்றி நிச்சயம். #திரெளபதி.....",1,tamil
நாடோடிகள் 2 வெற்றிவிழா காண வாழ்த்துக்கள் படக்குழுவினர் அனைவருக்கும்,0,tamil
"அண்ணல் அம்பேத்கர் என்னும் போது ரத்தம் சூடு பறக்க இருக்கும் ,,,அடிச்ச திருப்பி அடி jaibhemmm",1,tamil
பொள்ளாட்சி சம்பவம் எந்த சாதி நாய் செஞ்சது,0,tamil
99 பேரை ஒன்னா பேச வச்ச டிரைலர் ஒரு தன மட்டும் இதுக்கு எதிரா பேச வச்சது.. ..ஏன் 99 இடங்களிலும் நாடக காதல் இவர்கள் பண்ணி இருக்கிறார்கள்....இனி இது போல் 100 படம் வரும்..... இனி நாடக காதல் செய்தால்,1,tamil
ஜெயங்கொண்டம் காடுவெட்டியார் பாசறை படத்தில் அறிமுகமாகி இருக்கும் ஜெயங்கொண்டத்தின் நாயகி பட குழுவினர் அனைவருக்கும் வாழ்த்துக்கள்,0,tamil
இப்படம் வெற்றி காண எங்கள் மனமார்ந்த வாழ்த்துக்கள்,0,tamil
அரியலூர் மாவட்டம் வன்னியர்கள் சார்பாக படம் வெற்றி பெற வாழ்த்துக்கள்.....,0,tamil
இங்க பர தேவிடியாக்கள்... மற்ற ஜாதி பெயரில் ஃபேக் ஐடில கமெண்ட் பன்றானுக... விழிப்படைவோம் ஒன்று படுவோம்,1,tamil
படத்துக்கு முதல் நாள் போறவங்க லைக் பண்ணிட்டு போங்க....,0,tamil
என்னடா பேக்ரௌண்ட் மியூசிக் விக்ரம் வேதால இருந்து சுட்டீங்களா.....,1,tamil
அடங்குனா அடங்க கூடாதுனு எங்கன்னா சொல்லருக்காப்ல ...   சிருத்தை குட்டி 🤣🤣🤣,1,tamil
"Friend என்றால் fb இல்லை like கொடுக்கிற Friend என்று நினைத்தியா, Life கொடுக்கிற Friendடடா..",0,tamil
அம்மா மட்டும் உயிரோடு இருந்திருந்தால் இப்படி  எல்லாம் எடுப்பீங்களா?  எங்க எடப்பாடி அய்யா வெச்ச செலயே  பரவாயில்ல போல. கண்டிப்பா director DMK PARTY தொண்டன்தான்.,1,tamil
Hey இது 96 யார ஏமாத்த பாக்குறிங்க 🤣🤣🤣🤣,1,tamil
"கும்பகோணம் தஞ்சாவூர் நாகப்பட்டினம் திருவாரூர் மாவட்டத்தின் சார்பாக வாழ்த்துக்கள்.. ,",0,tamil
திரௌபதி திரைப்படம் வெற்றி பெற வாணியர் சமுதாயம் சார்பாக வாழ்த்துக்கள்,0,tamil
போரதும் போரிங்க இந்த டிரெய்லர் க்கு ஒரு like போட்டுட்டு போங்க 🤣,0,tamil
என் சமூகத்திற்கு எதிராக எத்தனை சாதி சங்கங்கள் சேர்த்தாலும் அது எங்கள் சுண்ணி மயிருக்கு சமம் குமரிமாவட்ட த்தில் உன் படம் ஓடுனா தியேட்டர் தீ  பற்றி எரியும்,1,tamil
குறிப்பிட்ட சில சமூகம் செய்யும் தவரை சினிமா கண்டு கொள்வதில்லை அதை காட்டும் என்று நம்புகிறேன் நான் சாதி வெறியன் இல்லை,0,tamil
Trailer அயே forward செஞ்சு பாக்க வைச்சுட்டீங்களே டா,1,tamil
நம்ம பொண்ண காட்டர்வன் ..கைய வெட்ட குட்டது   தலையத வெட்டனும் ......  அப்டி போட்டு அருவால ...      திரௌபதி  சேலம் மக்கள் ...... இந்த  படம் வெற்றி பெற வாழ்த்துக்கள் ...,1,tamil
திருவண்ணாமலை மாவட்டம் கீழ்பென்னாத்தூர் பாமக சார்பாக பிரம்மாண்டமான வெற்றி பெற்ற வாழ்த்துக்கள்.......,0,tamil
"தமிழ்நாடு சேனைத்தலைவர் சமுதாயம் சார்பாக இந்த திரைக்காவியம் வெற்றி பெற முழு ஒத்துழைப்பும்,இந்த திரைக்காவியத்தை இயக்கிய இயக்குனர்க்கும் நெஞ்சார்ந்த நன்றியை தெரிவித்து கொள்கிறோம்......",0,tamil
வழக்கம் போல ட்ரைலா் நல்ல இருக்கு படம் வரடும் பாப்போம்,0,tamil
"புரட்சி ,திருநங்கைகள் ஆதரவு,பெண்களுக்கு சம உரிமை ஜாதி,பெரியார்,அண்ணா அரச்ச மாவையே அரைங்கடா....",1,tamil
எங்கள் நாடார் சமுதாய மக்கள் சார்பில் படம் வெற்றி பெற வாழ்த்துக்கள்,0,tamil
நடுநிலை/தலைவர்/சமூக செயற்பபாட்டாளர்/திரை விமர்சகர்/தமிழக (கெட்டவார்த்தை  _____) ஊடகங்கள் உண்மை நிலை தெரிய வரும்.,0,tamil
சூரியாவுக்கு ரொம்ப நாள் கழித்து ஒரு வெற்றி படம் வர போகிறது...!!,0,tamil
அவன் ஒரு முட்டா பு**  இவன் ஒரு கிருக்கு பு***,1,tamil
தவறாக பெண்களின் மீது கை வைக்கும் ஒருவனை தலையை வெட்டி கொண்டு விடு,1,tamil
ஒரு தரப்பு வாதத்தை மட்டும் கேட்டுக் கொண்டிருந்த மக்கள் தற்போது மறு தரப்பு வாதத்தைத் கேட்கும் நேரம் வந்துவிட்டது.,0,tamil
நாடக காதலை கருவருக்க வருகிறாள் திரௌபதி,0,tamil
திரௌபதியின் துகிலுறித்த போது காத்த கண்ணனின் யாதவ குலம் சார்பாக திரைப்படம் வெற்றி பெற நெஞ்சார்ந்த வாழ்த்துக்கள்,0,tamil
செம்மப்பா தல ரசிகன் கெத்து மோகன்! முல்லை நிழத்து இடையன்!,0,tamil
மதுரை மாவட்டம் உசிலம்பட்டி முக்குலத்தோர் தேவர்  பேரவை சார்பாக படம் வெற்றி அடைய வாழ்த்துகள்,0,tamil
"படத்துல இந்த story, screenplay, dialog nnu எது எப்படி இருந்தாலும் பரவாயில்லை...  நம்ம உதய்யண்ணா நடிச்சு இருக்காப்பல...  அதனாலையே படம் மாஸ் கலெக்ஸன் எடுக்கும்...  இந்த தர்பார், பட்டாசு எல்லாம் ஓரம் போங்கடா...",1,tamil
செம்ம செம்ம விஷால் மற்றும் ரவி இருவரும் வித்தியாசமான கதைகளை தேர்ந்தெடுத்து நடிக்கிறார்கள்...... WISHES FROM THALAPATHY RASIGAN,0,tamil
அனைவரும் வீட்டில் உள்ள பெண்களும் கட்டாயம் பார்க்க வேண்டிய படம் இது,0,tamil
இது போல் இன்னும் அதிக திரைப்படங்கள் வர வேண்டும்,0,tamil
கொங்கு வேளாள கவுண்டர்கள் சார்பாக திரௌபதி மாபெரும் வெற்றி அடைய வாழ்த்துக்கள்..,0,tamil
"பெண் பிள்ளைகளை  பெற்ற அப்பாக்களுக்கு,குடும்பங்களுக்கு மட்டும் தான் தெரியும் காதல் நாடக திருமணத்தினால் ஏற்படும் வலி,வேதனை,அவமானங்கள்...   நன்றி அண்ணா Mohan G !!!காதல் நாடக திருமணத்தை மேடை போட்டு தோல் உறித்ததற்கு.....",0,tamil
தேவேந்திரகுல வேளாளர் சார்பாக படம் வெற்றிபெற வாழ்த்துகள்,0,tamil
ஓவியம் வரைறவன் தன் புள்ளய்க்கு என்ன சொல்லி தருவான்  -ஓவியம் வரைய Correct  எங்க அப்பா military டா கோலி விளையாடவா சொல்லி தருவான் Semma dialogue,0,tamil
வெள்ளாளர் சமுதாயம் சார்பாக படம் வெற்றியடைய வாழ்த்துக்கள்...,0,tamil
I am waiting படம் எப்போ ரிலீஸ்,0,tamil
திருநெல்வேலி தேவர் மகன் சார்பாக  வாழ்த்துக்கள்,0,tamil
படம் வெற்றி பெற கவுண்டர் சமுதாயத்தின் சார்பாக வாழ்த்துக்கள்.,0,tamil
திரௌபதி படம் மாபெரும் வெற்றி பெற வாழ்த்துகள்...,0,tamil
"எவண்டா அது,  படத்தை ரீமேக் பண்ணது",1,tamil
நீங்க சொன்ன ஒவ்வொரு  வார்த்தையும் இந்த சலுகையில வாழுர  Bc -30% MBC -20% Oc -10%  Sc-15% ScA--3% St-1%    நாயகள செருப்பால அடிச்சா மாதிரி இருந்துச்சு நண்பா   ( உங்களுக்கு எப்போ தான் டா அறிவு இங்கிறது ஊருகா அளவுக்காச்சும் வளர போகுது 🤦),0,tamil
"யாரு படிக்கிறான் யாரு வெடிங் வேலை ,மேஸ்திரி வேலைக்கு போராணு மொத பாருங்க டா....",0,tamil
அந்தர் மாஸ்   Semmmmma     படம் வெற்றி அடைய வாழ்த்துக்கள் நண்பா,0,tamil
அன்றைக்கு எங்கள் குல சாமி சொன்னது திரௌபதி திரைப்படம் இவண்.மாவீரன் தம்பி சரத்...🦁🦁🦁,0,tamil
தமிழ் நாட்டில இத்தனை சாதி இருக்கா🤔🤔 pariyerum Perumal படம் உண்மை னா...இது வும் உண்மை தான்.. எனக்கு தெரிந்து 3 பெண்களொட வாழ்க்கை நாசமா போயிறுக்கு..,0,tamil
டேய் அந்த குறும்படத்தை காப்பி அடிசிங்கிலாடா... டேய்....,1,tamil
என் சார்பாக திரைப்படம் வெற்றியடைய வாழ்த்துகள்,0,tamil
தன் வினை தன்னைச் சுடும் கோமாளி படத்தின் இயக்குனருக்கு .....,1,tamil
"இப்படி ஒரு கதையை படமா எடுக்கு ஒரு தில்லு வேணும்... , சமுதாயம் காப்பதே சத்ரியன் கடமை...  படம் will rock,..",0,tamil
எனது நெஞ்சார்ந்த வாழ்த்துகள் இயக்குனர் MoGan G அவர்களுக்கு......,0,tamil
அருமையான கருத்து மாபெரும் வெற்றிப்படமாக மாறி பெண்களின் பாதுகாப்பை உறுதி செய்யட்டும்,0,tamil
நம்ம சுகந்திரத்த British காரன்டேந்து வாங்கி அரசியல் வாதிட்ட கொடுதுடோம் vera level,0,tamil
வீர முத்தரையர் முன்னேற்ற சங்கம் சார்பாக படம் வெற்றி பெற வாழ்த்துக்கள்...,0,tamil
இவர்களால் அழிந்து போன குடும்பம் என் கண்முன்னே நிற்கின்றனர்,0,tamil
இது 96 போல அடுத்த கட்டத்திற்கு நம்மை இட்டுச்செல்லும் என்பது உறுதி....,0,tamil
அருமை அடுத்தவரின் பட்டத்திற்கு ஆசை படும் மற்றும் ஜாதி மாறி நாடக திருமணத்திற்கு புரிதலுக்குகாக ஒரு விதையாக இந்த திரைபடம் அமையும்  மற்றும் உங்கள் வெற்றிக்கு  என்னுடைய நல்வாழ்த்துக்கள்,0,tamil
இந்த ஹீரோ பய பிறக்கும் போதே போலீஸ் தொப்பியோட பிறந்திருப்பான் போல ..இவ்ளோ சண்டை போட்டும்  அது தலையில இருந்து விழலை ...கொஞ்சமாவது மனசாட்சியோட படம். எடுங்கடே,1,tamil
"கோவை மாவட்டம், வடவள்ளி சோழிய வேளாளர் சமூகம் சார்பாகவும் , மதிப்புற்குறிய தலைவர்,சுதந்திர போராட்ட தியாகி கப்பலோட்டிய தமிழன் வ.உ. சிதம்பரம் பிள்ளை பேரவை சார்பாகவும் இப்படத்தை வரவேற்கிறேன். முக்கியமாக ஒரு பெண் குழந்தையின் தந்தையாக இப்படத்தை எதிர்பார்த்து காத்துக்கொண்டிருக்கிறேன்.....",0,tamil
ஏண்டா தேவுடியா பயலே ஜெயம் ரவி உன் கோமாளி படம் படுதோழ்வி அடைந்து தயாரிப்பாளர் பிச்சை எடுப்பான். உங்கோத்தா நான் உன்னை வெளியில பார்த்தால் உன்னை கொன்னுட்டு ஜெயிலுக்கு போனாலும் சரி மீண்டும் வந்து உன் பொண்டாட்டிய செய்யனும்டா...சாகுடா..அந்த டைரக்டர் தேவுடியா பயல் விரைவில் வாகனவிபத்தில் சாவான்.,1,tamil
"0:37 என்னப்பா revolutionனு, இலவச புரட்சியா முடிஞ்சா சாகர்மாலாவுக்கு எதிர்ப்பு தெரிவித்ததா பதிவு பன்னுங்க",1,tamil
Ar.ரஹ்மான் சாங்ஸ் க்கு வைட் செய்ரவங்க ஒரு லைக் செய்ங்க .....,0,tamil
குறும்ப கவுண்டர் சார்பாக திரைப்படம் வெற்றி பெற வாழ்த்துக்கள். நம் ஜாதியில இருக்குற பொண்ணு மேல எவன் கையை வைச்சலும் கை இருக்காது . மேலும் தமிழ் நாடு குறும்ப கவுண்டர் சார்பாக படம் வெற்றி பெற வாழ்த்துக்கள்,0,tamil
உச்சத்தல இருக்கர ஒரருத்தர நக்கி பொளப்பு நடத்தற நாய்கள் இவனுக..,1,tamil
ஜில்லா  படம் மோகன்லால் சர் விஜய் பீட தயொலி யோட நடிச்சது நாள சரியா ஓப்பனிங் கிடைக்கல   அத இந்த காப்பான் படம் மாத்தும்னு கண்டிப்பா,1,tamil
இது நாடக காதல் கும்பலுக்கு : அடங்க மறு அடிவாங்கி சாவு,0,tamil
தமிழ் திரையுலக ஆண்மகன் மோகன் அண்ணாவிற்கு இராமநாதபுரம் மாவட்ட மக்கள் சார்பாக வாழ்த்துக்கள்,0,tamil
3 நாள் #தல படம் ரிலீஸ் ஆகுதுல தார தப்பட்டை அடிச்சு நொருங்கனும்யா,0,tamil
விழுப்புரம் மாவட்டம் சார்பாக படம் வெற்றி அடைய வாழ்த்துக்கள் எங்கள் 100% ஆதரவு இந்த படத்துக்கு இருக்கும்,0,tamil
நீங்க சொல்ற நாடக காதல் யாரு பண்றா?... Evidence கொடுங்க first,0,tamil
ட்ரைலர்ல ஒன்னும் புரியல  தம்பி. But படத்துல எங்க தலய பத்தி கிண்டல் செஞ்ச மாதிரி ஏதாச்சும்  இருந்தா அப்புறம் இருக்கு தம்பி உங்களுக்கு பெரிய கச்சேரி.,1,tamil
மத்தவங்களை troll பண்ணாம படம் நடிடா  தேவ்டியா ரவி,1,tamil
ராஜஸ்தான் ராஜபுத்திரர்கள் சார்பாக திரைப்படம் மாபெரும் வெற்றிபெற வாழ்த்துக்கள்,0,tamil
"அதர்மம் தலை விரித்தாடும் போது, அந்த அதர்மத்தை அழித்து தர்மத்தை நிலைநாட்ட ஒரு வீர வன்னிய குல க்ஷத்திரியன் அவதரிப்பான். அவன் தான் எங்கள் மருத்துவர் ஐயா... அவரின் அவதாரங்கள் தான் மாவீரன் காடுவெட்டி குரு, மருத்துவர் அன்புமணி ராமதாஸ்,  மோகன் G ...",0,tamil
டேய் ஐசரி கணேஷ் நீ Produce பண்ற படத்தில எல்லா உன் சொந்தகார பய நடிச்சுராண்டா..,1,tamil
"இந்தியாவில் இருந்து பொழைக்க வந்த இந்திய சங்கி நாய்கள் எங்கள் அமெரிக்க பிரிட்டிஷ் சாதி பெண்களை நாடக காதல் செய்து அமெரிக்க பிரிட்டிஷ் தகப்பங்களின் சொத்துகளை அபகரிக்கிரார்கள்...   அமெரிக்க பிரிட்டிஷ் வெள்ளைகார சாதியின் சார்பாக திரௌபதி  படம் வெள்ளிகிழமை ஒரு ஷோ மட்டும் ஓட, ஒரு ஷோ பார்த்துவிட்டு திரையரங்கை விட்டு மக்களும்  தலைதெறிக்க ஓட  வாழ்த்துகிறோம் .. - இப்படிக்கு  விட்சன் சர்ச்சில் மகள் வழி பேரன் டக்லஸ்",1,tamil
6k dislike கன்டிப்பா விருந்தாளிக்கு பொறந்த நாயே தான் இருப்பாங்க 🤮🤮🤮🤮,1,tamil
இது போன்ற படங்கள் தமிழ் சினிமாவுக்கு மிகவும் தேவை... அருமையான படம்...,0,tamil
🤣🤣தலைவி dance super ப🤣🤣🤣 என்னாடா டிரஸ் அது🤪🤪🦸🦸,1,tamil
என்னடா இது கொடுமை எப்படி இருந்தவங்க இப்படி maathitinga,1,tamil
இங்க வந்து பாருடா..  எங்க.soorarai போற்று.... டிசர் ர,0,tamil
இக்கதையில் பொள்ளாச்சி சம்பவம் சேர்க்கப்பட்டுள்ளதா...நாடக காதலுக்கு சரியான உதாரணம் பொள்ளாச்சி சம்பவம்...,0,tamil
நாயக்கர் சமுதாயம் சார்பாக மிகுந்த நன்றி கலந்த வாழ்த்துகள் நண்பா 🤗,0,tamil
விஜய் ரசிகர்கள் சார்பாக இத்திரைப்படம் வெற்றி பெற வாழ்த்துக்கள்,0,tamil
வந்த உடனே dislike  அப்புறம் தான் வீடியோவை பார்த்தோம்,1,tamil
யோவ் செமய்யா. ஒரு சிறந்த கருதுள்ள பொழுதுபோக்கு படம் ரெடி,0,tamil
என் உடன் பிறவா  அனைத்து சகோதரிகளுக்கு இப்படம் சமரப்பணம். இப்படத்தை உருவாக்கிய உள்ளங்களுக்கு நன்றி,0,tamil
எங்களுக்கு மண்ணு பொண்ணு ரொம்ப முக்கியம் அதுல யாரு கைய வச்சாலும் அவன் கைய வெட்டுவோம்,0,tamil
"பாரதி சொன்னமாதிரி ஜாதி இருக்கூடாது.ஆனா சட்டங்க ஒதுக்கீடு/சலுகை பல தந்து 1949இருந்து நாசமாருக்கு.சில ஈனபயலுக காசு/ஜாதிவெறிகாக  இந்த படத்தில வந்தமாதிரி செய்ரானுக. நாட்ல ஜாதி நீக்க அரசு ரெடி,ஆனா உடனே நாடெல்லாம் கதறுவானுக.இத பண்ணா நாடு வளர்ந்த நாடாகும்!",0,tamil
நாங்க எல்லாம் அப்பவே அந்த அந்தமாதிரி 🤙இப்ப சொல்லவா வேணும்,0,tamil
கடலூர் வர்மராயர் வம்சம் சார்பாக படம் மிகப்பெரிய வெற்றி அடைய வாழ்த்துகள்,0,tamil
சரிடா நீ தலைவர தப்பா பேசிட்ட நாங்க படத்த tamilrockers la பாத்துக்றோம்.,1,tamil
செத்ததன் வயிற்றில் பிறந்தது செத்ததை தின்னிட்டு செத்த இடத்திலே இருக்குமாம். சாதியில் பிறந்து சாதியிலே சாவுங்கடா!,0,tamil
தலைவா நாங்கள் காத்திருந்ததற்கு நல்ல ஒரு அரசியல் கலந்த படம் ரொம்ப பிடித்து இருக்கு,0,tamil
ஜாதி தான் நிறைய இருக்கு ஜாதி இபில்ல னு சொல்ல தான் எந்த பாப்பா வும் தயாரா இல்ல,0,tamil
குரும்ப கவுண்டர் சார்பாக படம் வெற்றியடைய வாழ்த்துக்கள்,0,tamil
எல்லாத்துலயும் சாதி பாக்குறவனுங்க கீழ்சாதிகாரனுக்கு அடிபட்டு இரத்தம் தேவைபட்டால் கீழ்சாதிகாரன் மட்டும்தான் கொடுக்கனும் மேல் சாதிகாரனுக்கு அடிபட்டால் மேல் சாதிகாரன் மட்டும்தான் இரத்தம் கொடுக்கனும்னு சொல்ல மாட்றிங்க உயிர்னு வரும்போது மட்டும் சாதியெல்லாம் தெறிச்சு ஓடிறுதுல,0,tamil
எந்த வருடம் என்பதற்கு ரஜினி அரசியலுக்கு வருவேன் என்று சொல்லும் காட்சி 1996  ப்பா..... முடியல,1,tamil
ஜாதிகள் இல்லையடி பாப்பா     இட ஒதுக்கீடு மட்டும் வாங்குவம் பாப்பா    சாதிகள்  உள்ளதடி பாப்பா,1,tamil
ஐம் எ தல ஃபேன் பட் ட்ரெய்லர் மொக்க டாவ்.. அதான டாவ் அதே தான்,1,tamil
இந்த படத்தில அரசியல பற்றி காட்சிகள் நிறையாக உள்ளது எனவே வெற்றி பெற வாழ்த்துகள் Last வசனம் mass bro,0,tamil
காங்கேயம் கவுண்டர்கள் சார்பாக படம் வெற்றி அடைய வாழ்த்துக்கள்,0,tamil
ரெண்டு வருஷமா இருக்க Trailer ku இப்ப தா 7 million views,0,tamil
அஞ்சான் மாதிரி ஆகாம இருந்தா சரி.. ஏற்கனவே Mr. லோக்கல் படம் சூப்பரா இருக்கு..,1,tamil
தாழ்த்தப்பட்ட மக்களின் சார்பாக படம் வெற்றி பெற வாழ்த்துகள்...,0,tamil
பட்டைய கிளப்புது அண்ணா ட்ரைலர் வேற லெவல்,0,tamil
சிங்கம் மூன்றாவது முறையும் சிறப்பாக சிறுமா ?,1,tamil
வாரே வா.. எம்புட்டு ஜாதிய சீண்டிருக்காய்ங்க பயபுள்ளைங்க..  உண்மைய சொன்னா பொச்சு எரியுதோ.. ப்ளடி குருமா பாய்ஸ்,1,tamil
"கமெண்ட் படிக்கவே ஒரு நாளாகும் போலவே...  வாழ்த்துக்கள் அண்ணன் மோகன் ஜி அவர்களுக்கு. குட்டிப்புலி, கொம்பன், மருது, (திரெளபதி )",0,tamil
அண்ணன் மோகன் ஜி அவர்களே துரௌபதி படம் நீங்கள் யூடிபில் வெளிவிடுவது என்றாலும் உங்கள் account number ம் சேர்த்து வெளி விடுங்கள்  எங்களால் திரையரங்கத்தில் RS: 500 என்றால் உங்களுக்கு அனுப்புகிறோம்,0,tamil
மரண மாஸ் தல உன் உழைப்பின் உச்சம் இது I Love  You Thala iam waiting thala,0,tamil
இந்த படம் மிக பெரிய வெற்றியை பெற வைக்க வேண்டும். இல்லேனா இதுவே கடைசி படமா ஆயிரும்..,0,tamil
வாழ்த்துக்கள் அண்ணா யாராவது ஒருவர் இது போன்று படம் எடுத்து மக்களுக்கு விழிப்புணர்வு ஏற்படுத்த மாட்டர்களா என்று ஏங்கிய என்னை தற்போது மகிழ்ச்சி அடைய வைத்துள்ளது இந்த ட்ரைலர் நிச்சயம்...மாபெரும் வெற்றி பெற வாழ்த்துக்கள்mohan G அண்ணா மற்றும் படக்குழுவினர்களுக்கு...,0,tamil
ராணிப்பேட்டை மாவட்டம் வன்னியர் சார்பாக இப்படம் வெற்றி பெற வாழ்த்துக்கள்,0,tamil
ட்ரைலர் வேரா லெவல்  தென்காசி மாவட்டம் தேவர் சமுதாயத்தின் சார்பாக படம் வெற்றி பெற வாழ்த்துக்கள்,0,tamil
ஆனா ஊனா அவன் அவன் அவனோட சாதி பெயர சொல்லி வாழ்த்துக்கள சொல்ல ஆரமிச்சிட்றான்..முதல்ல அத ஒழிங்க ல அப்றொம் எல்லாம் ஒழியும்..லூசு பயலுவ,1,tamil
தமிழ் நாடு முழுதும் தீயாயை பரவி இருக்கும் நாடக காதல் கோஷ்டி..... அழிக்க வேண்டும்.....,1,tamil
பிறவியில் இருந்தே பெண் பிள்ளையிடம் ஒரு வித வீரம் உள்ளது  ஆனால் அந்த வீரத்தை மங்க செய்து தன் அப்பாவையே அவளுக்கு எதிரியாக சித்தரிக்த்து  (சாதி வெறியன்) என்ற பட்டம் குடுத்து அவளை ஆசை வலை காட்டி ஏமாற்றும் அனைத்து பொட்ட நாய்களுக்கு  இப்படம் தவறாகத்தான் தெரியும்...  பெண்களே  இதுபோன்ற  நாய்கள் சமூகத்தில் வலம் வருகிறார்கள் அவன் நல்லவன் போலவும்   உன் அப்பன்  (சாதி வெறியன்) போன்றும் சித்தரிக்த்து ஏமாற்றி வருகின்றனர் தயவு செய்து  ஏமாறாமல் இருங்கள்....  இப்படிக்கு உங்களின் சகோதரன் ..,1,tamil
பொள்ளாச்சி இல் 200 பேர்க்கு மேல பாலியல் பலாத்காரம் பன்னவங்கள.... ஏன் எதிர்த்து  கூட பேசவே இல்லையே.... ???அது நாடக காதல் இல்லையா ?? ஏன் பேசல ??? because they r also...🤣🤣 ஏன்னா அந்த தே பசங்க எல்லாரும் ஆண்ட பரம்பரை 🤣🤣🤣 ...அப்போ உங்க மண்ணு பொண்ணு தொட்டவனுக்கு   புடுசிங்கள 🤣🤣🤣🤣  ... அடா சூத்துர பசங்கள ... comment பன்னவனேள்ளா சூத்திர பசங்க... இதுல  சாதி பெரும வேற 🤣🤣🤣,1,tamil
நாடகக் காதல் group எல்லாம் நல்லா கதறுங்கட. இந்த இயக்குனருக்கு பாராட்டுக்கள். திக ஒரு மானங்கெட்ட ரோஷம்-கெட்ட நல்லரத்தம்ஓடாத ஈனப்போலி நாத்திக சாக்கடை புழு.,1,tamil
குருமா குரூப்பை வச்சு செஞ்சதுக்காகவே படம்  வெற்றி அடையும்,1,tamil
காளையார் கோவில் கம்மாளர் நண்பர்களின் சார்பாக இந்த திரை காவியம் வெற்றி பெற வாழ்த்துகிறோம்,0,tamil
உங்க படம் publicity ku எதுக்கு  மற்றவர்களை அசிங்கபடுத்துரிர்கள்,1,tamil
கம்மாளர் வம்சத்தின் சார்பாக படம்  100%  வெற்றி பெற வாழ்த்துகிறேன்,0,tamil
மறக்காம தருமபுரில திரையிடுமாறுக் கேட்டுக்கொள்கிறேன்! வேற லெவல்,0,tamil
ஜாட என்றால் விபச்சாரி என்று அர்த்தம் எதற்கு இந்த பெயர் வைத்தார்கள்.,0,tamil
பெருமாள்கள் பரியேறுவதில் சமூகத்தில் பிரச்சனை இல்லை ஆனால் பல திரௌபதிகளின் துயில் உரிக்க நினைப்பது தவறு...... சமூக வன்மத்தை நீட்டிக்கிறது,1,tamil
கவர்ச்சி கன்னி பட்டம் ஜெயலலிதாவுக்கு ஏன் குடுத்தாங்கனு இப்ப தான் புரியுது,0,tamil
பிராமணர்கள் சார்பாக இந்த படம் வெற்றி பெற வாழ்த்துக்கள்,0,tamil
ஒத்தா நீங்களே ஜாதி பார்க்கும்போது சேர சோழ பாண்டிய வம்சத்தில் வந்த வீர வன்னியர் குல சத்திரியர் ஜாதி பார்க்காத என்னடா தப்பு,1,tamil
பாதிக்கபட்டவர்கள் அதிக பேர் வாழ்த்து சொல்லுகின்றனர்... மிக்க மகிழ்ச்சி...,0,tamil
புதுச்சேரி வன்னியர் சார்பாக புரட்சி வாழ்த்துக்கள். மண்ணும் பொண்ணும் ரெண்டுமே முக்கியம் இதில் எதில் கையை வைத்தாலும் கையை வெட்ட மாட்டோம் தலையை,0,tamil
சூரரை போற்றி டீசர் பாத்து இத பாக்குரேன்,0,tamil
உங்கள் எண்ணம் சரி ஆனால் நீ நீடூழி வாழ்வாய் உங்கள் எண்ணம் சரி இல்லை என்றாள் இந்தத் திரைப்படத்தோடு நீங்கள் அழிவாய்,0,tamil
நாற்றம்அடித்த குருமாபாய்ஸ் கமெண்ட்ஸை பார்த்தது கதி கலங்கி போயிருப்பானுங்க.பாவம் எத்தனை பெண்ணை பெற்ற குடும்பத்தை துன்புறுத்தி இருக்கிறது இந்த அரக்கக்கூட்டம்.,1,tamil
கற்றறிந்த பெண்களை யாராலும் காதல் மூலம் ஏமாற்ற முடியாது. காதல்  என்பது வார்த்தை அல்ல வாழ்க்கை கொச்சை படுத்த வேண்டாம்..,0,tamil
ஊடுக்கொளுத்தி வம்சம் சார்பாக படம் வெற்றி பெற வாழ்த்துக்கள்,0,tamil
"பாமக இளைஞர் அணி சார்பாகவும் ,வன்னியர் சங்கம் சார்பாகவும் மாபெறும் வெற்றிப்பெற வாழ்த்துக்கள்..இவன் : கடலூர் தெற்கு  மாவட்டம்.காடுவெட்டியார் பாசறை",0,tamil
மரண வெயிட்டிங் சிங்கம் சூரியா அண்ணனின் காப்பான் மூவி,0,tamil
வேட்டுவகவுண்டர் சமுதாயம் சார்பாக வெற்றி பெற வாழ்த்துக்கள்,0,tamil
சூத்திர பசங்க டா நீங்க எல்லோரும்  தேவிடியா பசங்க அடுத்தவன் சொத்த ஏமாத்தி தின்ன சொறி நாய் பசங்க உண்மையா kasda பட்டு உழைச்சு சாப்பிட்டு நிம்மதியா தூங்க முடியாம இருக்குற உலகத்தின் முதல் தமிழ் ஜாதி பள்ளர் பறையர் சக்கிலியர் குறவர் இது தான் டா தமிழ் ளுக்கு சொந்தக்கரவங்க ?? மேல் ஜாதி நீங்களா வச்சுக்கிட்டா பெயர் டா பொட்ட உண்மையான பெயர்  தேவிடியா  பொட்ட தேவிடியா பசங்க சூத்திரன் அலி அரவாணி பசங்க,1,tamil
நல்ல கருத்தை தரும் . படங்களை ஆதரிக்க வேண்டும். எல்லாரும் ஒன்று தான். அனைத்து மனித பிறப்பின் உணர்வுகளும் ஒன்று தான். மனிதநேயத்துடன் ஒன்று இனைவோம்.இந்தியனின் சார்பாக படம் வெற்றி பெற வாழ்த்துகள் வாழ்த்துகள்,0,tamil
கோமாளி படுதோல்வி அடையும். தெவடியா மவன் கோமாளி ஒழிக,1,tamil
"Dir மோகன் Bro, என் குலதெய்வமும் திரௌபதி தான்.",0,tamil
நல்ல ஆட்டக்காரனா இருக்கானே...இவனப் போய் ஏன்டா பிகில் படத்துல படுக்கப் போட்டீங்க....,0,tamil
🤔இப்போ மட்டும் இளையராஜா Sir-கு இது  Beethoven's Symphony-னு தெரிலயா ? 🤔சொந்தமா போடலாம்ல ! உங்களுக்கு வந்தா மட்டும் இரத்தம்! மத்தவனுக்கு வந்தா தக்காளி சட்னி யா ?  நல்லாருக்குப்பா உங்க நியாயம்,1,tamil
Actor Vijay Anna Bairavaa Teaser Dialogue's:  Dialogue-1 Vijay Anna: தெரிஞ்ச எதிரியை விட தெரியாத எதிரிக்கு தான் அள்ளு அதிகமா இருக்கணும்  Dialogue-2 Vijay Anna Cute Dialogue: விளையாடலாமா.....  Dialogue-3 Vijay Anna: இன்னைக்கு நிறைய பேர்டா இல்லாத கேட்ட பழக்கம் என்ட இருக்குது  Dialogue-4 Villian: நீ என்ன வசூல் மன்னனா....?   Dialogue-5 Thalapathy:தெரியல அப்படித்தான் பேசிக்கிறாங்க... Sema  Last Dialogue-6 Vijay Anna: எப்போ வரும்-னு சொல்லனுமா.....?,0,tamil
நான் கடைசியாக படம் பார்த்தது 2016 ஆனால் இந்த படத்தை தியேட்டரில் நிச்சயம் பார்ப்பேன் நன்றி இயக்குநர் மற்றும் தயாரிப்பாளர்,0,tamil
"அண்ணா செம மாஸ் ,படம் மாபெரும் வெற்றி பெறும்",0,tamil
இனிமேல் இந்த சீன கட்பன்னா என்னா பன்னலினா என்ன,1,tamil
சூர்யாவின் காப்பான்  September 20th,0,tamil
மொத்த 9 களுக்கும் ஒத்த சாதி ஆம்பளதான் எதிரியா,1,tamil
இப்பவே ஹாட் பீட் எகிறுது படக் குழுவிற்கு வாழ்த்துக்கள்,0,tamil
இது போல இன்னும் நூறு  படம் வந்தாலும் என்னோட  Support எப்போதும் இருக்கும் வாழ்த்துக்கள் மிக பெரிய வெற்றி அடைய வாழ்த்துக்கள்,0,tamil
இது தலீத் திருமா கூறியதுதானே பிற ஜாதிபொன்னை காதலிப்பது. ஏனென்றால் அவர்கள் ஜாதியில் பெண்கள் என்று யாருமே இல்லை.,0,tamil
எல்லா 'தலை' களுக்கும்  அதிபதி டா எங்க  இளைய தளபதி......!    தலைவா! மரன மாஸ்.........,0,tamil
Otha எல்லாரும் அவன் அவன்  சமூகம் சார்பாக படம் வெற்றி பெற வாழ்த்துகளுனு சொல்லுவது தப்பு இல்லை நீங்காளும் இந்தியா வல்லரசு ஆக்க பாடுபடுவதாக ஒரு அய்யா சொல்லிடு பொனார் டா......,0,tamil
எப்போதும் எங்கேயும் unkal கூடத்தான் நாங்கள் இருபோம் நாங்கள் தான் தல வெறியன் ஸ்,0,tamil
இதை சாதிப்படமா பார்த்தா நாடக காதல் பண்றவனுக்கு எரியும்....  பொண்ணுங்களை பெத்தவனுக்கு புரியும் இந்தப்படம் எதை சொல்ல வர்றானுங்கனு....!,0,tamil
தூத்துக்குடி நாடார் சமூகம் சார்பாக திரௌபதி இப்படம்  வெள்ளிவிழா காண வாழ்த்துக்கள் பல   சாதிகள் உள்ளதடி பாப்பா...,0,tamil
தல ரசிகர்கள் சார்பாக NGK படம் வெற்றி பெற வாழ்த்துக்கள்,0,tamil
திருமா நாய் உன் ஜாதி கு‌‌ தான் இந்த வன்னியர் மூவி,1,tamil
எந்த சாதியும் இல்லை ஓத்துக்குறோம் பசுவை பார்த்தால் நாங்க தொட்டு கும்மிடுவோம் நீங்க வெட்டி சாப்பிடுவீங்க இத எப்படி ஏத்துகிறது,1,tamil
ஃபர்ஸ்ட் சீனி இவ்ளோ கிளாமரா எடுத்திருக்க வெண்ணிறாடை படத்தில இவ்வளவு கவர்ச்சியா டிரஸ் இருக்காது மேக்கப் ரொம்ப கன்றாவியா இருக்கு படம் வந்த மாவன உங்களுக்கு செருப்படி நிச்சயம் அந்தக் கண்ணல ஒரு பவரே இல்லையடா நல்ல வேலை இல்ல இருந்திருந்தா????????,1,tamil
நெத்தியடி... இன்னேரம் ரஞ்சித் குருப் கதற ஆரம்பித்து இருக்கும்...மைக்க தூக்கிட்டு ஊர் ஊரா கத்த வந்துடுவாங்க...,0,tamil
அட லூசு கூகளா நீங்க எல்லாம் எப்போடா ஜாதி(சாக்கடை) இருந்து வெளிய வருவிங்க.... 🤦‍🤦‍🤦‍🤦‍,1,tamil
வன்னியர் வம்ச சார்பாக படம் வெற்றி பெற வாழ்த்துக்கள் ...,0,tamil
"நாமக்கல் மாவட்டம், மோகனூர் வட்டம், கொங்கு வேளாளர் சார்பாக  வாழ்த்துக்கள்!",0,tamil
மோகன் அவர்களை  வாழ்த்துகிறேன்  பல இடங்களில் வெளிப்படையாக  பேசிய சமூக விறோதிகளை சுட்டிக்காட்டுகிறது  இந்த படம்  யாராக இருந்தாலும்  பெண்களை தவறுதலாக  எண்ணம்  வைப்பார்கள்  தண்டிக்கப்பட வேண்டும்  படம்  வெற்றி பெற வாழ்த்துக்கள்,0,tamil
ஊருக்க கெத்து எங்க தலடா ...எதிர்தா விழும் உன் தலடா....  waiting for vivegam ... தலboys STYLISH TAMIZHA,0,tamil
யாருக்கெல்லாம் ட்ரெய்லர் பாத்த உடனே குருமா பாய்ஸ்  நியாபகத்துக்கு  வரானுங்க,0,tamil
தலைவன் சூர்யா  வெறிதனம் மா இருக்கு டிரைலர்,0,tamil
சின்ன வயசுல ஒரு ஏரி ல குளிப்போம்ல அங்க போலாம்டா. இப்போ அது மேல தான்டா நடந்து போய்ட்டு இருக்க  வலிகள் நிறைந்த உண்மை,0,tamil
நான் ஒரு தலித்தா இங்க பேச வரல ஒரு பொண்ணு பெத்த அப்பாவா சொல்லேறன் இந்த படம் நாம் நம் பெண் பிள்ளைகள் ஓட பார்க்க வேண்டிய படம் இந்த படத்தை அரசியல் ஆக்க வேண்டாம் நன்றி,0,tamil
Ohh ellam penda பரம்பரையும் இங்க தான் இருக்கீங்களா,1,tamil
போராடுவதே தப்பு என்றால்??? போராட  கூடிய சூழ்நிலையை ஏற்படுத்துவது அதை விட தப்பு... ஒவ்வொரு தமிழனுக்குள்ழும் இருக்கும் கேள்வி????,1,tamil
ஏன்டா முட்டாப்புண்ணகை ரவி புதிய தலைமுறை தொலைக்காட்சி 1996 எங்கடா இருந்துச்சு???,1,tamil
அகமுடையர் சார்பாக படம் வெற்றி பெற எனது மனமார்ந்த வாழ்த்துக்கள்,0,tamil
கரூர்-- கொங்கு வெள்ளாள கவுண்டர்கள் சார்பாக படம் வெற்றி பெற வாழ்த்துகள்(ரஞ்சித் குருமா கோஷ்டிக்கு சரியான செருப்படி..வேண்டுமென்றே சாதிய வன்மத்தை தூண்டி இளைஞர்களின் மனதில் நஞ்சை விதைக்கும் குருமா கரகாட்ட கோஷ்டிக்கு இந்த படம் சமர்ப்பணம்.),1,tamil
"சரக்கு,மிடுக்கு பாய்ஸ் முகத்திரைகள் கிழியட்டும்.தொடர்ந்து பல படங்கள் இது போல் வந்து சாதி ஒழிப்பின் பெயரில் சுய சாதியை வளர்க்கும் சாதி வெறியன்களின் மட்டமான செயலை ஊர் உலகம் அறியச் செய்வோம்.அசுரன்,காலா,ப பெருமாள் மட்டுமல்ல திரெளபதிகளுக்கு ஆதரவாகவும் எம்மக்கள் களம் காணுவர்.நாடகக் காதலின் பெயரால் பெண் பிள்ளைகளின் குடும்பங்களுக்கு எதிராக நடக்கும் திட்டமிட்ட அக்கிரமங்களையும்,அநீதிகளையும் திரைப்படங்கள் மூலம் இனி அனைவருக்கும் தெரியும்படி தோலுரித்துக் காட்டுவோம்.போலி சாதி ஒழிப்பு போராளிகள் ஒழிக...! ஜெய் ஷத்திரியா..!! சாதிகள் உள்ளதடி பாப்பா..!!!",0,tamil
தர்மபுரி மாவட்ட சார்பாக படம் வெற்றி பெற வாழ்த்துக்கள்,0,tamil
அனைத்து சமுதாயமும் கொண்டாட வேண்டிய படம் ....,0,tamil
சாதிகள் இல்லையடி பாப்பா அப்போ தனித்தொகுதி எதுக்கு என்று கேளடி பாப்பா,1,tamil
தமிழ்நாட்டில் எத்தனை ஜாதி இருக்குனு தெரியணும் நீங்க என்ன ஜாதின்னு கமெண்ட் பண்ணுங்க,0,tamil
"பரியேறும் பெருமாள் சமுயஹ்யா படம், இது மட்டும் சாதி பாடமா, போங்கடா மூடிக்கிட்டு ப புண்டைகளா",1,tamil
"படத்தை இயக்குனர் மோகன் அவர்கள் யூ டியூபில் (You Tube) வெளியிடும் சூழ்நிலை ஏற்பட்டால், தனது வங்கி கணக்கையும் தெரிவிக்க வேண்டும். என் போன்ற பல ஆயிரம் பேர் அதில் பணம் செலுத்த ஆவலாக உள்ளோம். இது போன்ற பல நல்ல படங்களை எடுக்க அப்பணம் உதவும். எங்கள் கொங்கு வெள்ளாள கவுண்டர்கள் சார்பாக மற்றும் பெண் புள்ளைகளை பெற்ற அப்பாமார்களின் சார்பாக படம் வெற்றி பெற வாழ்த்துக்கள்",0,tamil
30 தடவைக்கு மேல பார்த்துட்டேன்   வி ஒ சி அதிகமாக்கனும் டா மாப்ள,0,tamil
உளுந்தூர்பேட்டை கேசவ (k7) படையாட்சி சார்பாக படம் வெற்றி பெற வாழ்த்துக்கள்,0,tamil
நீண்ட நாள் மனத்தேக்கம்  வெளிய வருது.  வெற்றியடையும்.,0,tamil
thalaivaa என் உயிர் சுவாசமே என் உயிர் குலசாமி iam very very waiting for theri movie அன்று அறிமுகம் இன்று தெறி முகம் அகில உலக சூப்பர் ஸ்டார் மக்களின் இதய தெய்வம் டாக்டர் இளய தளபதி விஜய் டிரைலருக்கு 100 mark theri theri தளபதி உயிர் ரத்தம் டா எவனுக்கும் பணியவும் மாட்டேன் எவனுக்கும் துணியவும் மாட்டேன் தளபதி தம்பி டா மதுரை மாவட்டம்,0,tamil
படம் அல்ல சமூகத்திற்கு நல்ல பாடம் தவறுக்கு காரணமானவர்கள் தான்   எதிர்க்கிறார்கள்  ஆதரிப்வர்களின் ஆதங்கம் பாதிப்பின் வலியை உணர்த்துகிறது.,0,tamil
why blood same blood வகையிஸ் இன்னொரு சொறி குச்சி அரை வேக்காடுகளூக்கு  கொஞ்ச  நாளைக்கு சொகமாக இருக்கும் ...,1,tamil
ஜாதி பெயர வச்சி ரஞ்சித் படம் எடுத்து சம்பாதிக்கிறான்... ஜாதி பெயர வச்சி திருமா அரசியல் பண்ணி சம்பாதிக்கிறான்... நீங்களே தான் டா உங்களை தலித் என்று சொல்லி ஜாதி வெறி பிடித்துக் கொண்டு அளைகிறிர்கள் ... உங்கள வச்சி தான் தெருமா போன்றோர் வசதியா இருக்கிறார்கள்.... அம்பேத்கார் -ஐ ஜாதி கட்சி தலைவராக மாற்றிய பெருமை உங்களையே சாரும்....,1,tamil
பொள்ளாட்ச்சி பசங்க  பொன்னுங்கள தொட்ட சூத்த மூடிக்கிட்டு இருப்போம் யாரவது ஏமாந்தவன் கெடச்ச வீரத்த காமிப்போம்.....,1,tamil
14k Comments வந்துருக்கு  99% பேர்  அவங்க ஜாதிய சொல்லியே படத்தை  வாழ்த்திருக்காங்க.  தமிழ்நாட்ல எவ்ளோ ஜாதி இருக்குனு ரொம்ப ஈசியா தெரிஞ்சிகிட்ட thank you directer..,0,tamil
#திரெளபதி  பத்தினிக்கு பிறந்தவன் பார்வையில் அவள் பத்தினி பரத்தைக்கு பிறந்தவன் பார்வையில் அவள் பரத்தை .த்தா உனக்கு எதுக்குடா வலிக்குது,1,tamil
அவனுக்கு இந்த நாட்டு மேலயே பைத்தியம் ... நம்ம ஆட்சி வரும்ல தம்பி வரும் பார் அப்படியே அண்ணன் செந்தமிழன் சீமான் அவர்களை பிரதிபலிப்பு,0,tamil
"பெரம்பலூர் மாவட்டம், தேவையூர் வன்னியர்கள் சார்பாக வாழ்த்துக்கள்",0,tamil
"அந்த தரப்பில் பரியேறும் பெருமாள்,அசுரன் போன்ற தரமான படங்களை எடுக்கின்றனர். பதிலுக்கு படம் எடுக்கிறேன் என்று காமெடி பண்ணிக் கொண்டிருக்கிறார்கள்.",1,tamil
இதுல என்னத்த குற்றம்... அவனவன் வீட்டு பெண் பிள்ளைகள் மீது அவரவர்க்கு இருக்க வேண்டிய அக்கறை தான் தெரியுது.  போங்கடா லூசுங்களா. Trending ஆக்கறதுக்கு வேற ஒண்ணுமே கெடைக்கிலியா... தே@#*%$&#@,1,tamil
அரசியல் வாதிட்ட குடுத்துருக்கோம்னு எதோ பஞ்சு முட்டா வாங்கி குடுன்ற மாதிரி சொல்ரா,1,tamil
"சாதியற்றவர்களாவோம். ஆனால் கோஷம், அம்பேத்கர், காமராஜர், வேலுநாச்சியார். ஏன் தாழ்த்தப்பட்ட தலைவர்கள் தமிழ் நாட்டுல இல்லை யா. உங்க வாய்க்கு வர மாட்டேங்குதா. வராது. உங்க இரத்தத்திலே கலந்தது சாதீ விஷம். அது உங்க மனநிலை மனம் அழுகி  புழுகிபோய் கிடக்குது. தூதூ.......",1,tamil
Dislike எல்லாம் நாடக காதல்  குரூப் போல PCR சட்டம் மட்டும் இல்லனா அவனுங்க காலி,0,tamil
புலி பதுங்கி இருந்து இப்போ பாயும் நேரம் வந்துவிட்டது இனி எந்த நாயாலயும் ஒன்னும் செய்ய முடியாது......... கள்ளர் சமுதாயம் இப்படத்தை வரவேற்கிறது. வெற்றி பெற வாழ்த்துகள் நண்பா,1,tamil
தஞ்சாவூர் கள்ளர்கள் சார்பாக படம் வெற்றி அடைய வாழ்த்துக்கள்,0,tamil
வழக்கம்போல தான் புதுசா எதுவும் இல்லை டிரைலர்ல.,1,tamil
தலித் இனத்தை தவிர வேறு இனத்தில் யாரும் ஆம்பள இல்லையா ஒரு பெண்ணை கரெக்ட் பண்ண துப்பு இல்ல நீங்கல்லாம் எதுக்கு டா மீசை வச்சிருக்கீங்க உங்களுக்குலாம் அசிங்கமா இல்லையா த்து த்து...,1,tamil
ஈரோடு வன்னியர்கள் சார்பாக படம் வெற்றியடைய வாழ்த்துகிறோம்,0,tamil
சாதி ரெண்டு பக்கமும் கூரா இருக்க ஆயுதம்.... சேதாரம் ரெண்டு பக்கமும் தரும். அத சொல்ற படமா இருக்கும்னு நம்புறேன்,0,tamil
இனி எங்கள் பெண்கள் மீது கையை வைத்தால் தலையையும் வெட்டுவோம் சத்ரியகுல வம்சம் டா,1,tamil
சூப்பர் ஸ்டார் வெச்சி செஞ்சிடங்களேயா பங்கம்,1,tamil
Trailer punda(ஏ) மொக்கய  இருக்கு  இதுல வாழ்த்துக்கள் ஓக்குதா !! படத்துக்கு பெயர் ‌ punda வச்சிருக்கான் பாரு   அவள பத்தி தெரிஞ்சுட்டு  வாழ்த்துங்கடா லவ்டேக்கா பாள் Command la பாத்தா   சாதி பெயர் சொல்லி வாழ்த்துருனோ திரௌபதி பேத்த புள்ளைங்களா !!!!!   திரௌபதிஈஈஈஈஈஈஈஈ,1,tamil
மதுரை முக்குலம் சார்பாக படம் வெற்றி அடைய வாழ்த்துக்கள்,0,tamil
இங்க கமென்ட் பன்னுறவுங்க இவ்வளவு ஓற்றுமையா பன்னுறதுக்கு காரணம்.சாதி வெறியா இருக்கலாம் இல்ல இல்லாம போகலாம்.ஆனால் ஒரு காரணம் இவ்வளவு நாட்கள் முன்னே வந்த படங்களை பார்த்து மனமுள்ளே வைத்திருந்த குமுறலே அதிகம்.,0,tamil
தேவேந்திரன் குல வேளாளர் சார்பாக படம் மாபெரும் வெற்றி பெற வாழ்த்துக்கள்,0,tamil
ஈரோடு மற்றும் உலக தமிழ் வீர செங்குந்தர் மற்றும் கைக்கோளர் முதலியார் சங்கம் சார்பாக படம் வெற்றியடைந்து இதுபோல நாடக காதலை ஒழிக்கும் பல படங்களை எடுக்க வாழ்த்துக்கள் நாங்கள் குடும்பத்துடன் திரையரங்கு சென்று படத்தை பார்ப்போம்,0,tamil
21ம் நூற்றாண்டின் மிகச் சிறந்த காவியம் பல லட்சம் தமிழ் அப்பாக்களின் மனக்குமுறல்கள் வெளிக்கொணர்ந்த அருமையான படம் மாபெரும் வெற்றியடைய தமிழ்நாட்டு அப்பாக்களின் சார்பாக வாழ்த்துக்கள்,0,tamil
"மோகன் மிகவும் அபாரம் , பெண் பிள்ளைகளின் வாழ்க்கையை கருத்தில் கொண்டு எடுத்ததற்காக. நானும் இராயபுரத்தில் தான் பிறந்து வளர்ந்தேன் , நான் சினிமா பார்க்க  ஆசை பட்டதே இல்லை . முதல் முறையாக ஆசைப்படுகிறேன்.  நன்றி மோகன் . உங்கள் உழைப்பு வீண்போகாது.",0,tamil
தேவரினத்தின் சார்பாக வாழ்த்துக்கள். குஞ்சித் கதறுவான். இது போன்ற படங்கள் குஞ்சித். பூரி சிலுவராஜ். பாடம்,1,tamil
ரஜினி அரசியலுக்கு வருகிறேன் என்று சொன்னது ஒரே ஒரு முறைதான்   அந்த நாள் டிசம்பர் 31 2017  அதற்கு முன் அவர் வர வேண்டும் என்பது மக்களின் எதிர்பார்பாக இருந்ததே தவிர எந்த ஒரு தருணத்திலும் அவர் அரசியலுக்கு வருவதாக சொன்னதே இல்லை  உங்களின் தவறான புரிதலுடன் அவரை கேளி செய்வது முட்டாள் தனம்,1,tamil
எங்களுக்கு மண்ணு  பொண்ணு றென்டுமே முக்கியம் அதுலே யார் கை வெச்சாலும் கைய வெட்டுவோம் யாறுனு நேனச்சே கொங்கு நாட்டு கவுண்டர்களின் சார்பாக படம் வெற்றி பெற வாழ்த்துகள்,1,tamil
பாடம் வெற்றியடைய வாழ்த்துக்கள்.... திருமா குரூப்ஸ்க்கு தாரமான செருப்பு அடி,1,tamil
ரஜினி என்ன பேசினாலும் அதை திரித்து பேசி ஆதாயம் தேட சிலர் முயல்கிறார்கள்.அதில் இதுவும் ஒன்று.,1,tamil
கொங்கு வெள்ளாளக் கவுண்டர்கள் சார்பாக இந்தப் படம் வெற்றி அடைய வாழ்த்துக்கள்.  மிகச் சிறப்பான Trailer !!,0,tamil
"யாராச்சும் என்னையும் 16 வருஷத்துக்கு முன்னாடி கொண்டுபோய் விட்ருங்க, உங்களுக்கு புண்ணியமா போகும்..",0,tamil
ஜாதி கூதி....எல்லாம் எப்போ டா விடப்போறீங்க ...     இந்த மாதிரி படன் எடுத்து எடுத்து ஜாதியை கொண்டு வரங்களே தவிர அழிக்க நினைக்க மற்றங்க ....     உங்களால் முடிந்தால் SC சாதியை உயர்த்த சாதியை காட்டி ஒரு படம் பண்ணுங்க பார்க்கலாம் ....,1,tamil
காப்பன் music yuvan பிஜிஎம் கம்போசிங் இருந்த எப்பிடி இருக்கும்  ஹாரிஸ் ஜெயராஜ் லோ வெரி பேட் மியூசிக்,1,tamil
இந்த படம் தியேட்டரில வரும் போது மெர்சல் & விஸ்வாசம் இந்த ரெண்டு படத்துக்கு பதிலாக வேற படம் காட்சி தா வரும் .....,1,tamil
ஜோக்கர் புண்டைங்களா சிரிப்பு புண்டையா இருக்கு டா பொள்ளாச்சி நாய்ங்களா உங்கள தான் சொல்றாங்க,1,tamil
மக்கள் தொலைக்காட்சி இந்த படம் சிறந்த படம் அறிவிக்கும்,0,tamil
"ஒடுக்கப்பட்ட, அடிமைப்பட்ட சமுதாயம் என்று சொல்லி சொல்லியே இத்தனை காலம் மற்ற சமூகத்தினரை கெட்டவர்களாகச் சித்தரித்த அனைத்து அரசியல் கட்சிகள், மாற்று மதங்கள், மற்றும் கேடு கெட்ட மீடியாக்கள்,  இது போக ரஞ்சித் போன்ற சமூக விரோத இயக்குனர் கூட்டம் அனைத்திற்கும் இந்தப் படம் ஒரு  எச்சரிக்கை.... காலம் மாறுகின்றது.",1,tamil
Football படம் மாதிரி ஆரமித்து....பேய் படம் போல காட்டுறாங்க.,0,tamil
நல்ல கதை  கருத்து படம்  வெற்றி  பெற வாழததுகிறோம,0,tamil
"மொத்த சாதியும் ஒரு வரலாற்றை தான் ஏற்க்க மறுக்கிறது? சலுகை வேண்டாம்னு சொன்ன ஒரே சாதி தேவேந்திரகுல வேளாளர்,ஆனவ கொலையெ எதிர்த்து யார் யார் காரணம் என மீடியாவில் காட்டியது டாக்டர் கிருஷ்ணசாமி,பிசிஆர் சட்டத்தை நாங்க பயன்படுத்தியதில்லை என சொன்ன சாதி தேவேந்திரசாதி, இந்த மண்ணும் பொண்ணும் மள்ளர்களின் மான்பை தான் சொல்லும், மருதநிலத்தில் நாகரீகத்தை தோற்றிவித்த வேந்தன் மரபினர் சார்பாக திரெளபதிக்கு எனது தேவேந்திரகுலவேளாளர் சமுகம் சார்பாக வாழ்த்துகள்,நேர நின்னுதான் தேவேந்திரன் பேசுவான் எங்க பகுதியில உள்ள கள்ளர் மறவர் நாடார் சமுகத்தினர் பறையர்கள் கூட சேர்ந்துகிட்டு நாடக காதல் பன்றானுங்க அவனுங்களுக்கு சரியான பாடம், இனி உழவுகுடிகள் தான் திரையில் பட்ட தீட்டுவார்கள்,",0,tamil
ஜாதி வெறி கூட்டங்கள் அனைத்தும் ஒன்றினைந்து பல் இலிக்கிறது அப்பட்டமாக தெரிகிறது...... டேய் மாங்கா காய்ஸ் உங்களா நினைச்சா ரொம்ப பாவமா இருக்குடா! 🤣🤣🤣🤣,0,tamil
மதுரை கவுண்டர்கள் சார்பாக மாபெரும் வெற்றி பெறவாழ்த்துக்கள்.... அலங்காநல்லூர் தீரன் சின்னமலை கவுண்டர் பேரவை...,0,tamil
திருநெல்வேலி வீரபாகு சேனைத்தலைவர் மக்களின் சார்பாக இந்தப்படம் மாபெரும் வெற்றிபெற வாழ்த்துக்கள்,0,tamil
அருமையான திரைக்காவியம் படம் வெற்றி பெற வாழ்த்துக்கள்.,0,tamil
இந்த பதிவுகளை பார்க்கும் போது தெரியுது அனைத்து சமுதாயம் இவனுங்களாள இவ்வளவு பாதிக்கப்பட்டிருக்கு,0,tamil
படம் ஓடாது னு Trailer பாக்கும்போதே தெரியுது.... இருந்தாலும் வாழ்த்துக்கள்,1,tamil
Feeling the weightage of the film. இதை பார்த்த பின் மனதுக்குள் ஏதோ ஒரு இனம் புரியாத உணர்வு இதுவரை உணர்ந்ததில்லை. புதிதாக உள்ளது. அது ஔிப்பதிவா? காட்சி அமைப்பா?  இசையா? தெரியவில்லை. ஆனால் எதையும் பிரித்து பார்க்காத அளவுக்கு ஒன்று சேர்ந்தது உழைத்ததற்கு கிடைத்த பலன்.,0,tamil
"அகரம் ஒன்று போதும், அகிலமே உன்னைப்பார்த்து பெருமை பட.  எங்கள் நடிப்பின் நாயகனே, என்றும் மறையா சூரியனே..  உன்னை மறைக்கும் மேகங்கள் எல்லாம் மழையாய் பொழியும்,    உன் தோளுக்கு மாலையாய் பொழியும்........",0,tamil
வாழ்க்கையில் நீ உன் எதிரிகிட்ட கூட தோற்று போலாம்  ஆனால் ஒரு செகன்ட்  கூட உன்கிட்ட தோத்து  போக கூடாது   Firefull dialogues,0,tamil
நாடோடிகள் 1க்கு பாதி கூட வராது நாடோடிகள் 2..,1,tamil
"திருச்சி, கரூர் உடையார் குலம் சார்பாக வாழ்த்துக்கள்",0,tamil
மண்ணு பொண்ணு ரெண்டுமே ஒன்னு எவன் கை வச்சாலும் வெட்டுவோம்   எவன் வீட்டு  பொன்ன எவன் கட்டுவது,0,tamil
"10 (average) பொண்ணுங்க வீட்டுக்கு நாக்கை தொங்க போட்டுட்டு இவனுக போறது, அவளுகளும் சீரி சிங்காரிச்சிட்டு 10 ஆம்பளைங்க முன்னாடி போய் போஸ் தரது. இவனுக எவ்வளவு வரதட்சணை தருவனு கேட்கறது அவளுக எவ்வளவு சொத்து வச்சிருக்கான்/சம்பாதிக்கறதுனு கேட்கறது. கல்யாணம் ஆனா பிடிக்கலைனாலும் இவளுக அவனோட படுக்கிறது, அவனுக வெளியில் affair வச்சிட்டு இவளுகளுக்கு வாழக்கை முழுக்க சாப்பாடு போடுறது.   இப்படி  arranged கல்யாணம் செஞ்ச , காதல் கல்யாணம் செஞ்சிட்டு உயிரை கையில் பிடிச்சிட்டு ஊரை விட்டு ஓடி போறவங்களை பார்த்து நாடக காதல், பணத்தாசை பிடிச்சவங்கனு சொல்லுதுங்க. எல்லாம் நேரம்.",1,tamil
சூப்பர் தளபதி......,0,tamil
முக்குலத்தோர் சார்பாக படம் வெற்றி பெற வாழ்த்துக்கள்,0,tamil
"இதே கோவத்தை, பொள்ளாச்சி பசங்க மேல காட்டுல நாடக காதல் என்று.",0,tamil
நான் பார்த்ததுலாம் திங்கிற ஓநாய் இல்ல  பசிச்சா மட்டும் வேட்டையாடுற சிங்கம்,1,tamil
"பொள்ளாச்சியில் பாதிக்க பட்ட முக்கால்வாசி பெண்கள் கவுண்ட பெண்கள் தான், உங்க சாதிவெறி கும்பல் என்னடா பண்ணிடிங்க, உங்க யுவராஜ் என்னா மயிரையா புடிங்கிகிட்டு இருந்தான், அதிகாரத்தில இருக்குறவங்க பூலைஊம்ப முடியல, அடித்தட்டு மக்கள் பூலை ஊம்ப வந்துட்டானுவ  ...",1,tamil
சீமான் பேசியதைத் தாண்டி என்ன எடுத்துறப்போறீங்க .....,0,tamil
புதுசா ஒரு ஜானர் உருவாக்கி இருக்காங்க போல ஸ்போர்ட்ஸ் ஹாரர்,0,tamil
"நாடக காதல் , ஆணவக் கொலை , இன்னும் சாதிய தூக்கிட்டு திரியுறானுக ...நாடு விளங்கிடும் ....",1,tamil
கொங்கு வேளாளர் கவுண்டர் சமுதாயத்தின் சார்பாக மனமார்ந்த வாழ்த்துக்கள்,0,tamil
நீங்க சொன்னமாதிரி  படத்துக்கு வருவோம் சீன  மத்தள தியேட்டர கிழிச்சிடுவோம்,1,tamil
திருவண்ணாமலை வன்னியர் சங்க சார்பாக படம் வெற்றி பெற வாழ்த்துக்கள்,0,tamil
"திரைப்படத்தின் முன்னோட்டத்தை பார்த்தவுடனேயே சிலர் (நாடக காதல் கோஷ்டி) பதறுகிறார்கள் என்றால் நாம் சரியான பாதையில் பயணித்துக்கொண்டிருக்கிறோம் என்பதை புரிந்து கொள்ள வேண்டும், இந்த திரைப்படம் உருவாக உழைத்த அனைவருக்கும் எனது வாழ்த்துக்கள், படம் மாபெரும் வெற்றியடைய  வாழ்த்துக்கள்.",0,tamil
செம்ம ரொம்ப நாளைக்கு அப்புறம் ஒரு நல்ல படம்,0,tamil
ட்ரைலர்லயே செம்மயா சிரிச்சேன் அப்போ படத்துல வேர் லெவலா,0,tamil
1)மக்களோட வெறுப்புணர்வை தூண்டி விட்டு அரசியல் பண்றிங்க-bjb 2)இயர்கையா உருவாகிற நதிகளை சொந்தம்கொண்டாட யாரு உரிமை கொடுத்தது-காவேரி 3)போராடுறது தப்புன அந்த சூழ்நிலைய உறுவகுணத்தும் தப்புதான்-ரஜினி   மாஸ் dialogues,0,tamil
"நடிக்குற அத்தனை பேரையும், ஏன் பார்க்கும் நம்மளையும் ஒரு பதட்டத்துலயே வச்சுருக்காரு இந்த மனுசன் மிஷ்கின்... Silent Thriller Semma...",0,tamil
செட்டியார் சார்பாக படம் வெற்றி பெற வாழ்த்துக்கள் .,0,tamil
கமெண்ட்ல பார்த்தேன் எல்லோரும் ஜாதி பேர சொல்லினு பிரிஞ்சு இருக்கானுங்க இவனுங்க எல்லாம் எங்க தமிழன் என்ற உணர்வோடு ஒன்று சேற போரானுங்க,1,tamil
Dei என்ன டா பன்னி vachurukinga சூர்யா வ,1,tamil
"Sec 1:22 ல தலை இருக்கா இல்ல வெறும் முண்டம் குளிக்குதா....?  But, மிரட்டல் trailer.....",1,tamil
இயக்குனர் சொல்லிவிட்டார் திரையரங்கில் படம் பார்க்காவிட்டாலும் இனயத்தில் பாருங்கள் என்று. எனக்கு பணம் முக்கியமல்ல நம் பெண்கள் தான் முக்கியம் என்று...,0,tamil
நாடக காதல உங்க வீட்டு ஆம்பலங்கே பன்னலயா மோகன் தம்பி,1,tamil
உளுந்துர்பேட்டை படையாச்சி தெரு சார்பாக திரௌபதி வெற்றி அடையும் அடையும் ...வாழ்த்துக்கள்,0,tamil
காட்சிகள் அனைத்தும் தாழ்த்தப்பட்ட மக்களை அவமானப்படுத்துவது போல் உள்ளது.,0,tamil
வெறும் கற்பனை மட்டுமே இங்க எவனும் இறங்கி வேல செய்ய மாட்டான். இறங்கி வேல செய்யறவனையும் விட மாட்டான். எனினும் அற்புதமான கதை கண்டிப்பாக திரையரங்குகளில் பார்க்க வேண்டிய படம் இப்படிக்கு சூர்யா fan,1,tamil
கேவலமா உள்ளது..ஜெயலலிதா சிறந்த வலிமைமிக்க பெண்மணி..இறந்த பின் அசிங்க படுத்த வேண்டாம்..டேய் விஜய் நீ எல்லாம் டைரக்டர் ரா து து...,1,tamil
வரலாறு பேசும் இருவர்....  1. யுவன் 2. செல்வராகவன்  ஆனால் விஷ ஊடகங்கள் இவரை மறைக்கின்றது...,1,tamil
Part 2 எடுக்குறேன் னு ஆசைப்பட்டு அந்தந்த இயக்குனர்களே அவர்கள் முந்தைய படங்களை கெடுத்துக்கொண்டு இருக்கிறார்கள்.... அடுத்த Part 2 flop movie ரெடி.... பில்லா 2 சாமி 2 சண்டைக்கோழி 2 சிங்கம் 2 மாரி 2 இப்போ நாடோடிகள் 2,1,tamil
திரெளபதி க்கு தீங்கு விளைந்தால் கண்ணன் வருவான்... திரெளபதி இந்த படம்(பாடத்திற்கு) பிரச்சனை வந்தால் தமிழ்நாட்டில் கண்ணனை வணங்கும் ஒட்டு மாெத்த யாதவர் சமுதாயமும் துணை நிற்கும்... தாய் திரௌபதி அருளால்  படம் வெற்றி அடைய வாழ்த்துக்கள்..,0,tamil
(தேவர் சமுதாயம்) முக்குலத்தோர் மக்கள் சார்பாகா படம் வெற்றி பேர வாழ்த்துகிறோம்....,0,tamil
யோவ்.. இப்பவே பாக்கணும் போல இருக்குயா !! Suspense and surprise போயிரும்னு பாதி ட்ரைலர் தான் பாத்தேன்.   So much of Originality !!,0,tamil
அடுத்த சுப்பர் ஸ்டார்  அடுத்த உலகநாயகன் திராவிட போர் வாள்  மூன்றாம் கலைஞர்  நான்காம் அண்ணா  ஐந்தாம் பெரியார் எங்கள் உதை அண்ணா,1,tamil
நான் மிகவும் சிரித்து சிரித்து காத்திருக்கின்றேன். ஆதி ரசிகன்டா,0,tamil
இது நம்ம படம்  வாழ்த்துக்கள் தெரிவிப்பதற்கு பதிலாக படத்தை வெற்றி விழா காண வைக்க வேண்டும் அதுவே அடுத்து வரும் வன்னியர் மகன் திரை படத்திற்கும் பெரிய மன தைரியத்தை தரும்,0,tamil
"படம் வெற்றி பெற முழு ஆதரவு கொடுப்போம். அரியலூர் மாவட்டம், உதயநத்தம்   கிராமம்",0,tamil
படம் ரிலீஸ் ஆனவுடன் 500 டிக்கெட் வாங்கி எனக்கு தெரிஞ்சவங்களுக்கெல்லாம் கொடுத்து படம் பாக்க அனுப்பிவெப்பேன்! வாழ்த்துக்கள்!,0,tamil
நான் அரசியலுக்கு வருவது உறுதி சொட்ட ரஜினி  ultimate,1,tamil
தெய்வீகமே முதன்மையாக கொண்ட  செளராஷ்ட்ர மக்களின் சார்பாக இக்காவியம் வெற்றி பெற வாழ்த்துக்கள் !,0,tamil
புளு சட்டை  இந்தப் படத்த கிழிச்சு தொங்க விடப் போறேன்,1,tamil
ஒரே ஒரு Trailer தான் ஒட்டுமொத்த மக்கள் மனசுலயும் நிலையாக நின்னுட்டார்...  #பணத்துக்காக படம் எடுக்க இங்கு பலபேர் ஆனா #இனத்துக்காக படம் எடுக்க இவரை போல் சிலபேர்...  திரௌபதி,0,tamil
நீ ஓடி வந்த போதே உன் அப்பன் அங்க உசுர  விட்டிருப்பான்... சாதாரண வசனம் இல்லை... அப்பனின் வலி.....,0,tamil
சிறப்பான தரமான சம்பவம் குறுமா கும்பலுக்கு தரமான செறுப்படி  படம் வெற்றி பெற வாழ்த்துக்கள்,1,tamil
தமிழன் என்ற ஜாதியின் சார்பாக கருத்துகள் சரியாக இருக்கும் பட்சத்தில் இந்த படம் வெற்றியடைய வாழ்த்துகள்,0,tamil
#Karur தேவேந்திர குல வெள்ளாளர் சார்பாக இப்படம் வெற்றிபெற வாழ்த்துக்கள்,0,tamil
சத்திரிய வம்சத்திற்க்கு மறவர் வம்சம் வாழ்த்துகள் திரெளபதி அவதரித்தது ஒட்டுமொத்த நாடக காதலுக்கும் அரிவால் வெட்டுதான்,1,tamil
தல யின் மச்சினன் இவர் ஷாலினி அவர்களின் சகோதரர் தான் இந்த ஹீரோ.,0,tamil
யாதவர் சமூகத்தின் சார்பாக படம் வெற்றி அடைய வாழ்த்துக்கள்,0,tamil
தமிழகத்தின் இன்றைய நிலையை தெளிவாக படம் பிடித்து காட்டுகிறது இந்த படம் வாழ்த்துக்கள்...,0,tamil
அனைத்து செட்டியார்கள் சமுதாயத்தின் ஆதாரவும் கண்டிப்பாக திரெளபதி திரைப்படத்திற்கு உண்டு வெற்றி விழா காண வாழ்த்துக்கள்,0,tamil
"சக்கிலியர் சமுதாய இளைஞர்கள் சார்பாக, திரௌபதி #பாடம்  மாபெரும் வெற்றியடைய வாழ்த்துக்கள் #isupportthirowpathi",0,tamil
"என்னைப் பொருத்ந வரை இதுதான் சமூக சீர்த்திருத்த படம், கனிமொழி போன்றோர் இப்படத்திற்கு தடை கேட்பார்கள், ஏனெனில் சமீபத்தில் கர்நாடக பெண் மருத்துவரை கொலை செய்த நால்வரை encounter செய்தது தவறு என்று குற்றவாளி கள் பக்கம் அதரித்து பேசியவர் கனிமொழி என்பது நாம் மறந்து விட முடியாது .",1,tamil
வன்னியர்களின் சார்பாக படம் வெற்றி பெற வாழ்த்துக்கள்,0,tamil
திருச்சி 🦁சூரிய குல சத்திரிய முத்தரையர்கள்🦁  சார்பில் வெற்றி அடைய வாழ்த்துக்கள்,0,tamil
உள்ளாட்சி தேர்தலில் மக்கள் செமையா செருப்படி கொடுத்து இருக்காங்க நாடக காதல் தலைவனுக்கு. இனி தொடர்ந்து செருப்படிதான் அவனுக்கு.,1,tamil
திமுக தலைவர் கருணாநிதி அவர்ருக்கு மட்டும்இரவு 12மணிக்கு நீ மன்றம் இயங்கும் போது திரெளபதி படத்துக்குஏன் நீ மன்றம்தூங்குகிறது எந்த ஒரு பதிலும் சொல்லவில்லை பணம் இருந்தால் பதவி இருந்தால் மட்டுமே நீ மன்றம் இயங்குமா,1,tamil
மண்ணும் பொண்ணும் ரெண்டும் முக்கியம் அதுல எது மேல கையவச்சாலும் கைய வெட்டுவோம்....Dialogue Verrraaaa LeveLLLLLதேவராட்டம் 2,0,tamil
கிழவி ய போய் தலைவி னு சொல்லி எங்க ஜெயா அம்மையாரை கேவல படுத்திட்டுங்களேய்யா,1,tamil
திருநெல்வேலி மாவட்ட தேவேந்திர குல வேளாளர்கள் சார்பாக படம் வெற்றி பெற வாழ்த்துக்கள்....டிரைலர் மிகவும் அருமை...எதிரியாக இருந்தாலும் துரோகியாக இருந்தாலும் நேருக்கு நேர் மோத வேண்டுமே தவிர பெண்களிடம் வீரத்தை காட்டுவது பொட்டைத்தனம்.....,0,tamil
ட்ரைலர் பாக்கும்போது ஒன்னு மட்டும் புரியுது படம் மாஸ் இருக்க போகுதுனு,0,tamil
ஜாதிகள் இல்லையடி பாப்பா படம் வெற்றி பேற வாணியர்களின் வாழ்த்துக்கள்,0,tamil
வேற லெவல்டா ட்ரைலர் சிறுத்தையை புடிச்சு சப்புன்னு கன்னத்துல 4 விட்ருக்காப்ல டைரக்டர் தம்பி.,1,tamil
முகநூல் பிரபலம் உலக பிரபலம் மற்றும் உம்மாபாய்ஸ் CEO தோழர் வெஷை சார்பாக படம் வெற்றி பெற வாழ்த்துக்கள்,0,tamil
தேவிடியா பசங்க நாங்க மட்டுமா நாடகம் காதல் பன்ரோம் ஆம்பள டா அடங்கயெல்லாம் முடியாது அதுயெல்லாம் அந்த காலம் கேன புன்டேகலா படத்தபார்த்து முடிவெடுக்காத அவ அவ என்னபன்னா யோசிடா ஜாதிய நாங்கல ஆரமிச்சோம் நீங்க ஏன்டா எங்கல அடிமை செய்யனும் 🤨🤨🤨,1,tamil
இதில் என்ன. சமத்துவ நீதியிருக்கு இதுவல்லாம் ஒரு படமா? ????,1,tamil
"மணிரத்னம் காட்பாதர் படத்த காப்பி அடிச்சு நாயகன் படத்த எடுத்தது பழைய கதை, செக்கசிவந்தவானமும் அதே காட்பாதர் காப்பிதான் என்பது புதிய கதை.  இது புரியாம அரைவேக்காடான அட்லி ஹேட்டர்ஸ் குறுக்க நெடுக்க ஓடுதுங்க",1,tamil
யாரை காப்பரோ இல்லையோ ஹாரிஸ் ச காப்பத்தி ஆகணும்,1,tamil
I support throwpathy flim வெற்றி உறுதி படுத்தப்பட்டுள்ளது.,0,tamil
மாறுபட்ட திரைகண்ணோட்டம் குப்பையின் துர்நாற்றம் இல்லாமல் மலர்களின் நறுமணம் கமழ்கிறது இதை காணும் பொழுதெல்லாம்,0,tamil
எங்கள் மண்ணை தொட்டவன் கால்கள் எங்கள் நிலத்தில் உரமாகும்...  எங்கள் பெண்ணை தொட்டவன் கைகள் எங்கள் அடுப்பில் விறகாகும்...,1,tamil
கவலைப் படாதீங்க ரஜினி சார் 2026 ல யும் இந்த வசனம் பேசுவார்.பேசுவது அவர் இயல்பு வேடிக்கை பார்ப்பது நம் இயல்பு.,1,tamil
தமிழ்நாடு ல நடிகைகள் யாருமே இல்லை யா இந்தத் கதாபாத்திரத்தை செய்ய,1,tamil
அரியலூர் மாவட்ட மக்கள் சார்பில் படம் வெற்றி பெற வாழ்த்துக்கள்,0,tamil
கொங்கு  வேளாளர் கவுண்டர்கள்  சார்பாக வாழ்த்துகள்,0,tamil
பார்க்கவ குலத்தின் சார்பாக படம் வெற்றியடைய வாழ்த்துக்கள்.,0,tamil
விவசாயி தற்கொலை எல்லாம் கடன் தொல்லை காரணம் இல்லையாம்? பொன்னு ஓடிப் போயிருச்சுன்னு தற்கொலை பண்ணிகிறங்களாம்....?,0,tamil
பிரபுதேவா அண்ணா உங்களுக்கு காமெடி மூவிஸ் தான் நல்லா இருக்கும்,0,tamil
வன்னிய குல சத்திரியர்கள் சார்பாக   வாழ்த்துக்கள்,0,tamil
ஆக..தமிழன் சாதி வெறி பிடித்து    தன் மக்கள் மீதே போர் செய்கிறான்..,0,tamil
உதை அண்ணா கொஞ்சம் நடியுங்கள் கதை எதிர் பாக்குறேன்,1,tamil
"கோமாளி படத்தின் டிரைலரை காண்பித்து என்னை கிண்டல் செய்யும் நண்பர்களுக்கு, ரஜினி 2017ற்கு முன்பு நான் அரசியலுக்கு வருவது உறுது என்றோ அல்லது நான் இந்த தேதியில் தேர்தலில் நிற்க போகிறேன் என்றோ அவர் பேசிய வீடியோ அல்லது எந்ந ஆதாரத்தை காண்பித்தூலும் நான் ரஜினியை ஆதரிப்பதை நிறுத்த தயாராக இருக்கிறேன்.",1,tamil
கரூர் கொங்கு கவுண்டர் இளைஞர்  சார்பாக படம்  வெற்றி பெற வாழ்த்துக்கள்.,0,tamil
"சசிகுமார் அஞ்சலி யதார்த்தமான நடிப்பு ,I am waitingo",0,tamil
"சூப்பர் fast  ட்ரைலர், சூர்யாவின் பலவித கெட்டப்புகளை பார்க்கும் போது சிட்டிசன்  பட நியாபகம் வருது 🤔 வெற்றி பெற  வாழ்த்துக்கள்",0,tamil
"@thamarai kannan- அட அறை கிருக்கா!!! பள்ளு இலக்கியம் பேசாலாமா???. வேளாளனுக்கு பள்ளன் அடிமை நுதாண்டே இருக்கு.. பேரூர் பள்ளு , செங்கோட்டு பள்ளு  .. வரி எடுத்து இங்க போடவா பாடல் என்னோட?!?! அசிங்கப்படாத ஓடீறு பள்ள பயலே.. பள்ளனாம் மள்ளனாம் வேளாளனாம்.. அவன் அவன் அடையாளத்த தூக்கி புடிங்கடா கம்னாட்டிகளா...",1,tamil
நான் அருந்ததிய(சக்கிலியன்) இனத்தை சேர்ந்தவன்.. இத்திரைப்படத்தை முழு மனதாக ஆதரிக்கிறேன்.. காரணம்  என் நண்பனின்(கவுண்டர்கள்) அக்கா இதே போன்ற நாடகக்காதலால் எங்கள் சமூக ஒரு நபரால் ஏமாற்றப்பட்டு உயிர்த்தியாகம் செய்தவர் தான்.. ரத்னா அக்காவின் ஆத்மா சாந்தியடைய ப்ராத்திக்கிறேன்..,0,tamil
மாவீரர் மருதநாயகம் பிள்ளை மற்றும் ஒட்டுமொத்த வெள்ளாளர் வேளாளர் சமுதாயம் சார்பாகவும் வாழ்த்துக்கள்,0,tamil
சிவகார்த்திகேயன் அண்ணா ரசிகர்கள் சார்பாக இந்த படம் வெற்றி அடைய வாழ்த்துக்கள்,0,tamil
என்ன டா we will rock you music copy பண்ணி வச்சு இருக்கீங்க,1,tamil
ஆத்தீ என்னாங்கடா Trailer யே  இவ்வளவு Violent ஆ இருக்கு  அப்போ படம் I am waiting for tamil rockers,1,tamil
இது  என்னடா 90is க்கு வந்த சோதனை படமா,1,tamil
அப்போ இது சிலை கடத்தல் பற்றிய கதை இல்லையா??? அப்போ ஏன்யா அவரு பேர வெச்சு படமெடுத்திருக்கிங்க??????,1,tamil
பொள்ளாச்சில புனித காதலா?? மண்ணும் பொண்ணும் டயாலாக் ல பொள்ளாச்சில ஒரு புவும் புளத்த முடில ...மானங்கெட்ட மாங்கா மட. பு பசங்களா....,1,tamil
நாம் விழிப்புணர்வு ஏற்படுத்த வேண்டியது நம் பெண்களுக்கு தான். இந்த நாய்களை பற்றி கவலையில்லை,1,tamil
இது 96 யார ஏமாத்துறீங்க?? செம்ம கலாய்...,1,tamil
அனைத்து நாயுடு நாயக்கர் சமுதாயம் சார்பாக வாழ்த்துக்கள்,0,tamil
அண்ணா மீதி காஸ் குடுங்க நான் கிளம்பனும் டேய் இதுவே மீதி காஸ் தாண்டா,1,tamil
"அப்படியே நீங்க பேண்ட மலத்தை நீங்களே அள்ளுங்கடா,",1,tamil
பொண்ண பெத்த எல்லா பெத்தவங்களுக்கும் ஒன்னு சொல்லிக்குரேன்  அந்த பரை நாயிங்க ஒரு பக்கம் தப்பு பன்னாலும். நம்ப வீட்டு பொம்பிளை பிள்ளைங்க சரி இல்ல  எவனாவது ஒரு சாக்குலேட் அப்புறம் பரதேசி மாதிரி dress போட்டுக்குனு வந்தா அவன் பின்னாடியே போயிடுராலுங்க  அதனால பொத்தவங்க நீங்க கொஞ்சம் பிள்ளைகளை கவனீங்க  இப்படிக்கு வீரவன்னியன் தினகரன்,1,tamil
இன்னும் 16  வருஷ கோமள இருந்தாலும்  அரசியலுக்கு வரவே மாட்டாரு ரஜினி அவங்க அடிமைக தா கோமாவுக்கு போகணும்,1,tamil
தலைவர பத்தி பேசினாதான் படத்துக்கு ஒரு பப்ளிசிட்டி #கோமாளி இதுக்கு நாலு பேரோடத வாங்கி குடிங்கடா \r,1,tamil
ஷத்ரிய நாடார் சமுதாயம் சார்பாக படம் வெற்றிபெற வாழ்த்துக்கள்,0,tamil
தலதளபதி ரசிகனா இந்த படம் வெற்றி பெற வாழ்த்துக்கள் தலதளபதி மாஸ்,0,tamil
"பார்த்தாயா எம் நாட்டின் மங்கையின் வீரத்தைதரமான சம்பவம்ன்னா, இந்த படம் தான் டா...",0,tamil
காதல் என்ற பெயரில் களவாணித்தனம் செய்யும் கயவர்களுக்கும் அதை புரட்சி என்று சொல்லி திரியும் பூச்சாண்டிகளுக்கும் இந்த படம் ஒரு சவுக்கு அடி...,1,tamil
ஜாதிக்கு சப்போர்ட் பன்னி படம் எடுக்கல ஜாதி அரசியல எதிர்த்து படம் எடுத்த டைரக்டருக்கு வாழ்த்துக்கள்,0,tamil
இசை கடவுள் இசைஞானியின் பின்னணி இசை Vera Level......,0,tamil
யாருங்க இந்த மியூசிக் டைரக்டர்.  மனுஷன் பின்னிட்டாருயா,0,tamil
தானா சேர்ந்த கூட்டம் மாதிரி எனக்கு மட்டும் தான் தோணுதா,0,tamil
"டேய் கருமம் அது என்னடா மேக் அப் அது 🤣🤣🤣, ஜெயலலிதா மாறி பண்ண சொன்னா சும்பி போன சன்னி லியோன் மாறி பண்ணி வெச்சிருக்கீங்களேடா",1,tamil
ஜாதிகள் உள்ளதடி பாப்பா  இது குறும்பர் சமுதாயம் மட்டும் சொல்ல வில்லை அனைவரும் கூறுவோம் கெத்தா குறும்பர் மகன்  எங்களுக்கு ஆடு மேய்க்கவும் தெரியும் ஓத்தா ஆல தூக்கவும் தெரியும்  எங்கள் சார்பாக திரைப்படம் வெற்றி பெற வாழ்த்துக்கள்,1,tamil
"ஒரு கூட்டம்  தாழ்த்தப்பட்டவன் என்ற அனுதாபத்த வச்சி படம் எடுக்குறானுங்க, இன்னொரு கூட்டம் அவனுங்களுக்கு போட்டியா படம் எடுக்றானுங்க. ரெண்டுமே சமூகத்துல நடக்குறது தான். இதை பற்றி ஒரு விழிப்புணர்வு உண்டாகும்னு பார்த்தா. ஆளாளுக்கு ஜாதி பேர சொல்லி வாழ்த்து சொல்லிக்றானுங்க. இந்த கூட்டம் தான் இப்பல்லாம்  யாரு ஜாதி பாக்குறாங்க ங்ற பிதற்றல் வேற.  அரசியலமைப்பு சட்டத்துல இடஒதுக்கீடு தற்காலிகமா தான் சேர்த்தாங்க ஏற்றத்தாழ்வு மறையும் போது எடுத்துறலாம்னு. ஆனா எல்லா பயலுவலும் ஜாதில ஊரி போய்லா இருக்கானுவ. இந்த ஜென்மத்துல இடஒதுக்கீடு மறையாது போல இருக்கே",0,tamil
"பொண்ணு மண்ணு ரெண்டும் எங்களுக்கு ஒன்னு தரமான வரிகள், வாழ்த்துகள் மோகன் அண்ணா",0,tamil
தவடியா மவங்களா ...தமிழன் என்னைக்கும் தளபதி தான்,1,tamil
நான் அரசியலுக்கு வருவது உறுதி டேய் இது 96 டா மரண கலாய்,0,tamil
"யார்டா யார்டா இவன், ஊர கேட்டுப் பாரு தெரியும்,(#TIRUNELVELI) EFFECT  பார்டா இவன் முன்ன வந்து நின்னு பாரு புரியும்...  வர்லாம் வா பைரவா",0,tamil
"சாதி!சாதி!சாதி! இன்னும் இவனுங்க🤨திருந்தள,ஒருநாள் மாறும்!!!.பெண்கள்🤗உரிமைக்காக குரல் கொடுப்போம்,இந்தியாவை வல்லரசுநாடாக மாற்றுவோம்,அப்துல்கலாம்‍கனவை நிறைவேற்றுவோம்.இவைகள் சாதி பார்க்கும்🤨🤫மிருகங்களுக்கு கிடையாது,மனிதனாக🤗வாழும் நல்லஉள்ளங்களுக்கு.சாதியை ஒழிப்போம்,சாதி🤺பார்க்கும் மிருகங்களை🤫🤨 அழிப்போம்,அனைவரும்🤝🤝ஒன்றுபடுவோம்.  இப்படிக்கு: மனிததமிழ்சாதி",1,tamil
சூர்யா அண்ணன் என்றும்   கெத்து இசை  வேற லெவல்,0,tamil
போராடுரதே தப்புனா போராடுர சூழ்நிலைய உருவாக்குறதும் தப்புதானே..,1,tamil
வெற்றி பெற வாழ்த்துக்கள்... வெள்ளாளர்  சார்பாக,0,tamil
கொங்கு வேளாளர் சமூகம் சார்பா௧ இத்திரைக்காவியம் வெற்றி பெற வாழ்த்துக்கள் தெரிவித்துக்கொள்கிறோம்,0,tamil
சினிமாவில் சிறந்த படம் இது போன்ற படங்கள் தமிழ்நாட்டில் நல்ல படம இருக்கும்,0,tamil
திருமாவளவன் ஆணவ பேச்சு வீடியோ லிங்க் பாத்துட்டு வந்து இங்கே கமெண்ட் செய்யவும். சரக்கு மிடுக்கு...,1,tamil
அனைத்து வண்ணியர் குல சத்ரியர் நாயகர்களின் சார்பாக இப்படம் வெற்றிபெற வாழ்த்துதிறோம் இவன் திம்மாவரம் வண்ணியர் சங்கம்🦁🦁🦁🦁🦁🦁🦁🦁🦁🦁🦁🦁🦁🦁🦁🦁🦁🦁,0,tamil
இது சாதிக்கான படம் அல்ல என் தமிழ் குலப்பெண்கள் சாதிக்க வரவுள்ள வருங்கால சந்ததியினரையும் காப்பாற்ற ஒரு முன்னோட்டம் ஒரு வரைவு அல்லது ஒரு வழி.................பெண்களைப் பெற்ற அல்லது பெண்கள் உடன்பிறந்த அல்லது பெண்களை தெய்வமாக மதிக்கும் சமூகத்தில் வாழும் ஒவ்வொரு ஆண்மகனும் தன் குடும்பத்துடன் உணர வேண்டிய அல்லது பார்க்கவேண்டிய ஒரு மகா காவியம்.......,0,tamil
"இது படம் இல்ல, பலருடைய வாழ்க்கையின் ஆதங்கம்.",0,tamil
ரொம்ப கேவலமா  இருக்கு ....எவ்ளவோ  எதிர்பாத்தேன்......வாக்களி ...என்னோட  குல சாமி பெற  கேடுத்துடிங்களே டா ....,1,tamil
Wonderful of trailer #NGK# அடுத்தவன் அரசியல் படைப்பு நம் கண்முன்னேதான் தோழர்களே  வாழ்த்துக்கள் அனைத்து படைப்பர்களுக்கும்,0,tamil
தஞ்சாவூர் மாவட்டம் கும்பகாேணத்து காரன் படம் மாபெரும் வெற்றி அடைய வாழ்த்துக்கள் விஸ்வகர்மா இன மக்கள் ஆதரவுடன்,0,tamil
எத்தனையோ படங்கள் எடுத்துவிட்டனர் சிலர்...... ஒரேஒரு படம் அனைவரையும் கதரவைத்துவிட்டது       மனமார்ந்த நன்றிகள்,0,tamil
எனது நண்பர்கள் நிறைய நபர்கள் பேசிய ஒரே வார்த்தை திரௌபதி தேவையான படம் தேவையான நேரம் எங்கள் சமுதாயமும் பாதிக்கப்பட்ட சமுதாயம் தான் எனவே எங்கள் ஆதரவு திரௌபதிக்கு உண்டு இவர்கள் அனைவரும் வெவ்வேறு சமுதாயத்தை சார்ந்தவர்கள்,0,tamil
"தமிழர்கள் நாம், அனைவரும் ஒன்று சோர்ந்து நம் பொது எதிரியை எதிர்க்க வேண்டிய நேரத்தில், இப்படி ஒரு படம் வேதனையளிக்கிறது,   தமிழ் வாழ்க தமிழினம் வாழ்க",1,tamil
இது அனைத்து சமூகத்தில் உள்ள பெண்களும் மற்றும் பெற்றோர்களும் கண்டிப்பாக புரிந்து கொள்ள வேண்டும் இதை எந்த ஒரு மீடியாவும் இதுவரைக்கும் பேசவில்லை. பேசினார்களே என்றால் சாதியை தூண்டும் வகையில் மட்டுமே தவிர மற்ற சமூக நோக்கத்திற்காக அல்ல. மக்கள் தெளிவாக புரிந்து கொள்ள வேண்டும் அரசியல் வேறு சமூகம் வேறு அரசியல் தலைவர்கள் தங்கள் பிழைப்பிற்காக இது போன்று தவறாக வழி நடத்துவதை மக்கள் புரிந்து கொள்ளவேண்டும்.,0,tamil
இப்போ இதுதான்  Tranding...First show வந்து பார்க்குறம் ராஜு பாய்,0,tamil
தமிழ்நாடு மற்றும் நாமக்கல் நாயுடு சங்கம் சார்பாக படம் வெற்றியடைய வாழ்த்துக்கள்,0,tamil
"அடங்குன்னா, அடங்க கூடாதுன்னு எங்க அண்ணன் சொல்லிருக்காப்ளை   #திரௌபதி",0,tamil
இங்க ஒரு பைத்தியம் ப.ரஞ்சித்தை விமர்சிக்க கெளம்பியிருக்கு போல..படம் தோல்வியடைய வாழ்த்துக்கள்,0,tamil
இஸ்லாமிய சமூகம் சார்பாக படம் வெற்றி பெற வாழ்த்துக்கள்!!!!!,0,tamil
மண்ணு பொண்ணு ரெண்டுமே முக்கியம்....படம் வெற்றி பெற வாழ்த்துக்கள்...,0,tamil
அனைத்து சாதி தலைவர்களும் சாதியை வைத்து வசதியாக வாழ்கிறார்கள். சாதாரண மக்கள் மட்டுமே துன்பதில் உள்ளனர்,0,tamil
சூப்பர்  பின்புறம் தவறு செய்யும்  அரசியல்வாதிளை தோலுரிக்கும் போல,0,tamil
நீ விதைத்த விதை ஒன்று‼      உனை அறுக்க காத்திருக்கும்‼     ஒட்டுமொத்த சமுதாயத்தின் ஆதரவோட திரையில் மிளிர்வாள் திரெளபதி    ஆப்பு கண்ணுக்கு தெரியாதுடியோய்     #_திரெளபதி      #_2.6Mviews4Draupathi,1,tamil
இத்தனை ஜாதி பெயர் வெளிய வருதுன்னா..... அத்தனை‌ பேரும் பாதிக்கப்பட்ருப்பான் போல.. அப்படி‌ என்னதான்  பவர் இருக்கோ ரஞ்சித் கிட்ட...,0,tamil
இதுல என்ன குறை இருக்குனு டிஷ்லைக் பனானுறானுங்க விக் நாயிங்க,1,tamil
அம்மே  பேய் பயமா இருக்கு (tamilrockers’ல இருந்து கூட Download பண்ணி பாக்க மாட்டோம். இந்த trailer பாத்த data கூட வீனா போச்சு.),1,tamil
மொதலாம் ரஜினி ரெப்பரன்ஸ் மாஸ்க்கு வெப்பாங்க இப்பலாம் தமாஷ்க்கு வெக்கிறாங்க...,1,tamil
"இதே படத்த ப. ரஞ்சித் பன்னா அது சமூக படம், நம்ம பன்னா சாதி வெறி படமா. Hat's off to the Director. Advance wishes to the film crew",0,tamil
இது இந்த கூட்டணியின் மற்றொரு புது படைப்பு,0,tamil
நெய்வேலி வன்னியர் சங்கம் சார்பில் படம் வெற்றி அடைய வாழ்த்துக்கள் ... உண்மையை எடுத்து சொல்ல களத்தில் இறங்கிய தைரியமான ஆம்பள..... இயக்குனர் மோகன் அவர்களுக்கு ஆதரவாக நிற்போம்....,0,tamil
மாபெரும் வெற்றியடைய வாழ்த்துகள்...ஈன பிரவிகளின் தோலுரிக்க திரௌபதி...🦁,1,tamil
கடலூர் மாவட்டம் சார்பாக வெற்றி பெற வாழ்த்துக்கள்..........,0,tamil
நாடக காதல் கும்பல் இத பாத்துட்டு நாண்டுகிட்டு சாவட்டும்-வாழ்த்துகள்,1,tamil
நல்ல திரைபடம்  ஒரு சில உண்மையை உறக்க சொன்ன டிரைக்டர் மோகன் G அவர்களுக்கு  வாழ்த்துக்கள்   டிரைலர் யே செம  திரைபடம் வெற்றி பெற வாழ்த்துக்கள்,0,tamil
ஒரு சமுதாயம் மட்டும் அல்ல பல சமுதாய மக்களின் ஆதங்கத்தை வெளிபடுத்த வருகிறாள் வீரத்தமிழச்சியாய்  திரௌபதி படம் வெற்றி பெற வாழ்த்துக்கள்,0,tamil
எலே அனிருத் கூய்மொவன....பீ ஜி எம் எங்கல தாயோலி,1,tamil
"மனிதர் அனைவரும் சமம். ஆனாலும், இந்த ச௧்௧ிலையர்௧ள் சாதி மத பேதம் இன்றி ௮னைத்து சமூக பெண்களையும் ௧ாம வலை விரித்து ௧ர்ப்பமா௧்கி நடுத்தெருவில் விட்டு விடுகிறார்கள். நாடார், வன்னியர் சமூகத்தினர் மட்டுமே ௧டைசி வரை  போராடுகிறார்கள். மற்றவர்கள் தங்களுக்கு உள்ளேயே புழுங்கிக் கொண்டு இருக்கிறார்கள்.",1,tamil
நான் அரசியலுக்கு வருவது உறுதி....இது 1996  ( இன்னுமாடா ரஜினியை நம்புகிறீர்கள் ),1,tamil
அந்த அம்மா மட்டும் உயிரோடு இருந்த இந்த டீசரை போட்டவர்களை   டவுசரை   கலட்டி இருப்பங்கா,1,tamil
அட்ரா அட்ரா தியேட்டர் போய்தான் பார்ப்பேன்,0,tamil
எங்களுக்கு நடக்குற பிரச்சினைகளை யாரு  பேசுவார்கள் என நினைத்தேன்  நன்றி,0,tamil
ஒரு தகப்பன் தன் பிள்ளைக்கு சொல்லி தரக்கூடாதது  அரசியல் மட்டுமே......நம் நாட்டில் களைபுடுங்க வேண்டியது அதிகமாக உள்ளது விழித்துக்கொள் இளைஞர்களே,0,tamil
இலக்கை அடைந்தது 4மில்லியன் பார்வையாளர்களை கடந்து 5மில்லியனை நோக்கி திரௌபதி விஸ்வரூபம் வெற்றி,0,tamil
தென்றலில் வீசும் கழுநீா்பூவின் மணத்தமிழ் மன்றத்தில் பேசும் தேன்சுவை தமிழின் குணத்தமிழ் குன்றத்தில் இருக்கும் அழகனின் தமிழினத்தமிழ் அறிய மக்கள் தொலைக்காட்சி நிகழ்ச்சிகளை யூ டியூப் ல் காணுங்கள் நன்றி.,0,tamil
ஏய் இது 96 யார ஏமாத்துறிங்க ஹாஹா செம,0,tamil
இங்கு யாரு உயர்ந்த ஜாதி Pls reply,0,tamil
எவன் சாதிய அளிக்க எவன் விட்டு பொண்ண கட்டுர எவனா இருந்தாலும் வெட்டு காடுவெட்டியர் பாசறை,1,tamil
"ஆண்ட சாதியாம்ல ஆமா இவனுங்க அமைச்சனுங்க, சட்டமன்ற உறுப்பினருங்க எல்லாம் போய் ஒரு பொம்பல கால்ல விழுந்தது யாருடா... \r பெத்தவள அம்மான்னு சொல்லி கூப்பிட்டிங்க ஒகே ஆனா அந்த பொம்பளய என்ன சொன்னிங்க \r நீங்க எல்லாம் திருந்த மாட்டீங்க....",1,tamil
"பொய் செய்தி பரப்பி trailerஐ ஓட்டலாம், படத்தை ஓட்ட முடியாது.  கோமாளி படத்தை நீதிமன்றம் சென்று தடை செய்யவும் தயங்கமாட்டோம்.  தீர்வு-மன்னிப்பு,அந்த உண்மையை திரித்து கூறும் காட்சியை  நீக்கணும் #துரோகிகளையும்_நேசிக்கும்_ரஜினி",1,tamil
கேப்டன் ரசிகர்கள் சார்பாக வெற்றி பெற வாழ்த்துக்கள்,0,tamil
"மெட்ராஸ், கபாலி, பரி ஏறும் பெருமாள், கடைசி குண்டு, அட்டகத்தி, இந்த படங்களில் உங்கள் மக்களுக்காக எடுத்த படம் அது உங்கள் தலித் ஜாதி உணர்வு வா க தெரிகிறது. அதுவே நாங்கள்  திரொபதி படம் எடுத்தால் ஜாதி வெறி யாக தெரிகிறதா. பா. குஞ்சித் உங்களுக்கு வந்த ரத்தம்  பிற ஜாதி மக்களுக்கு வந்தால் தக்காளி சட்னி யா.",1,tamil
சூப்பர் தல உன்னை வெல்ல எவரும் இல்லை இந்த உலகில்,0,tamil
மண்ணு  பொண்ணு  மடக்கி  வச்சி  4 ஊம்பு  ஊம்புங்க  டைரக்டர்  சார்,1,tamil
"முத்தையா : மண்ணை தொட்டவன் கூட விட்ரலாம், ஆனா நம்ம v2 பொண்ண தொட்டவன விட கூடாது.....   மோகன் ஜீ : எங்களுக்கு மண்ணும், பொண்ணும் ஒன்னு தான், அதுல எவன் கை வச்சாலும் வெட்டுவோம்.....   நம்ம வீட்டு பொண்ணுங்க பாதுகாப்பு பத்தி பேசுற படம்..... இதுல கூட ஜாதி தெரிஞ்ச, நீ தான் லூசு கூ",1,tamil
படம் வெற்றி பெற வாழ்த்துகள் கண்டிப்பாக theatreல தான் படத்தை பார்ப்பேன்,0,tamil
"பீத்தோவன் இசையை முன்னோடதில் மிஸ்கின் பயன் படுதியதற்கான காப்புரிமை வேலைகளை, சோனி நிறுவனம் பார்த்துக்கொள்ளும், ஆதலால் இங்கே இளையராஜாவை வசை பாட வரும் கூட்டம் போய் எங்காவது முட்டிகொள்ளுங்கள். நன்றி",1,tamil
கொங்கு வேளாளக் கவுண்டர் சார்பாக படம் மாபெரும் வெற்றி பெற வாழ்த்துக்கள்,0,tamil
தேவேந்திர குல வேளாளர் சார்பாக படம் வெற்றி பெற வாழ்த்துக்கள்......,0,tamil
படம் வெற்றி பெற வாழ்த்துக்கள்  சகோதரர்களே!!...,0,tamil
வருங்கால முதல்வர்  இளய தளபதி விஜய் இது யராலும் தடுக்க முடியாது,0,tamil
இந்த நாட்டு மக்களை திருத்த முடியாது சாதி வெறியர்கள்,0,tamil
சரக்கு மிடுக்கு & குஞ்சித் குரூப்ஸ் எல்லாரையும் கதற விடணும்........,1,tamil
இயக்குனர் அவர்களுக்கு : உங்கள் பணி மேன்மேலும் தொடர எனது மனமார்ந்த வாழ்த்துக்கள் என்  உடன் பிறப்பே......,0,tamil
அக்னி புதல்வன் திருவண்ணாமலை மாவட்டம் சார்பாக வெற்றி பெற வாழ்த்துகள் அண்ணா...,0,tamil
"அனைத்து சமூகத்தில் உள்ள இளைஞர்களின் ஒரே நோக்கம்...  சாதியைவிட..,   நமது பெண்களின் பாதுகாப்பு ஒன்றே...  ஒவ்வொரு அண்ணனுக்கும் தகப்பனுக்கு இது உணர்வுபூர்வமானது  அதுவே",0,tamil
சரியான செருப்படி படம் வெற்றி அடைய வாழ்த்துக்கள்,0,tamil
Teaser ல r இல்ல அதே மாதிரி டைட்டில் வாழ் வாழ்க்கை யோட பாதிய இல்ல வாழ்வு ல பாதிய அதே போல படம் சினிமா எடுத்த வாழ்க்கை யின் காவிவியமா இல்ல எடுக்க தவறிய சில அற்புதங்களின் ஓவியமா என்பதை திரையில் பார்க்கையில் நிச்சயம் உணர்த்தும் இந்த வாழ்,0,tamil
யார்ரா இவே வெறகு கட்டேல அடிச்சே டாடா சுமோவா பறக்க விட்டான் டாடா சுமோக்கு உண்டாண மரியாத போச்சுடா,1,tamil
இந்த படம் அருமை  தெருநாய்க்கு சரியான செருப்பு அடி.....,1,tamil
வன்னியர்கள் சார்பாக வாழ்த்துகள்........ பெண்களை பாதுகாக்க வேண்டும்⁦⁩⁦⁩⁦⁩,0,tamil
மிரட்டோ மிரட்டுனு மிரட்டிட்டிங்க எனக்கு தெரிஞ்சி உதய் அண்ணாவுக்கு இந்த படம் மிகப்பெரிய வெற்றியை தரும்,0,tamil
அனைத்து மக்களின் சார்பாக பிரம்மாண்டமான வெற்றி அடைய வாழ்த்துக்கள்,0,tamil
விழுப்புரம் மாவட்டம் வன்னியர் சங்கம் சார்பாக வாழ்த்துக்கள்  பாட்டாளி சமூக ஊடக பேரவை சார்பில் வாழ்த்துக்கள் மோகன்.G,0,tamil
தெரிஞ்ச எதிரிய விட தெரியாத எதிரிக்குத் தான் அல்லு அதிகம்  #BairavaaTeaser,0,tamil
நாயக்கர் சமூகம் சார்பாக இத்திரைப்படம் மாபெரும் வெற்றி பெற வாழ்த்துக்கள்,0,tamil
"ஜாதி மதம் பெயர் சொல்லி பொழப்பு நடந்த,  அரசியல் அடுத்து இப்பொழுது சினிமா...  நாடு இல்ல சுடுகாடு..... பாவம் மக்கள் (நாம் தமிழர்.......)",1,tamil
அம்பலகாரர் சமூகத்தின் சார்பாக படம் வெற்றி பெற வாழ்த்துக்கள்,0,tamil
ஜாதி சார்ந்த திரைப்படம் என்று கூறுபவர்கள்.. சமுதாயத்தில் மரியாதையுடன் வாழ்பவர்களை  உய்றுடன் அழிபவர்களுகு இந்த திரைப்படம் ஒரு செருபடி என்று உணரவேண்டும் . ஜாதி படம் என்றால் அப்போ அசுரன் திரைப்படம்,1,tamil
வர்லாம் வர்லாம் வா பைரவா'  am waiting  mass Teaser :),0,tamil
என்னங்கடா காமெடி பண்றிங்க?commentல wish பண்ணிக்கிட்டே dislike பண்ணிட்டு இருக்கிங்க போல?🤔🤔,1,tamil
அரசியல் என்ற அசிங்கம் இல்லாதிருந்தால் ஜாதி என்ற எச்சை என்னமும் வேருபாடும் இல்லாமல் போய் இருக்குமோ என்னவோ,1,tamil
கமெண்ட் படிச்சி பாருங்க... அத்தனை சாதிகளும் மாபெரும் ஆதரவு கொடுக்குறாங்க... அப்போ அந்த ஈத்தரைகள் அத்தனை சாதி ஆட்களிடமும் வாலாட்டி உள்ளனர்... நாம் ஒண்றினையவே இப்படி ஒரு படம் வருகிறது என்று தோன்றுகிறது...,1,tamil
நாடக காதலுக்கு எதிராக  எடுக்க பட்ட படம் திரெளபதி இந்த படத்தின் மூலமாக அனைத்து சமுதாயம் ஒன்று சேர்ந்தது. நம் குல பெண்களை போற்றி பாதுகாப்போம்,0,tamil
திருப்பூர் மாநகர கொங்கு வேளாளக் கவுண்டர்கள் பேரவை சார்பாக படம் வெற்றி பெற வாழ்த்துக்கள்...,0,tamil
படம் எல்லா நல்லாதான் எடுகிறீங்க ஆன ஆட்சியாளர்கள் பிரச்சனை பன்ன போய் கால்ல விழுதுரிங்க.....,1,tamil
"1996 ,ல் எம் ஜி ஆர் இந்திய பிரதமராக பதவியேற்றார் . 1996, ல் கருணாநிதி பிறந்தார் . 1996, ல் ரஜினிகாந்த் 2.o என்ற படத்தில் நடித்தார் , அதுவே தன் கடைசி படம் என்றும் அறிவித்தார் . மேலும் உண்மைத் தகவல்களுக்கு அனுகவும் , கோமாளி ( பயல்கள் ) டீம் .",1,tamil
இந்த படம் வரும் போது பல சிக்கல் வரும் பொண்ணுங்கள ஏமாத்துற பசங்கள வெட்டணும் பர பசங்க  பின்னாடி போற நம்ம பொண்ணுங்கள உயிரோட எரிக்கணும்,1,tamil
சிறப்பான தரமான படம் #திரெளபதி மரண வைட்டிங் மோகன் . G Anna,0,tamil
"சீனா போன்ற நாடுகளில் இதுபோன்ற கூத்து கிடையாது. இந்தியா வை சீனா விடம் மனித வள மேலாண்மை  இட த்தில் தோற்று போகாமல் பார்த்துக் கொள்ள நம் நாட்டில் அனைத்து இளைஞர்களும்  கடமை பட்டுள்ளோம்.  தேசப்பறறுள்ள ஆண்களும் பெண்களும் குழந்தைகளும் படித்து வேலை வாய்ப்பை பெற்றும் உருவாக்கியும் தேசத்தை முன்னேற செய்ய முடியும் ஆனால் கிரிக்கெட், திரைப்படம், சாராயம் போன்ற கேடு கெட்ட விசயத்தை தவிர்த்து குடும்பத்தையும் நாட்டையும் வளப்படுத்த வேண்டும்.  சுபாஷ் சந்திர போஸ் வாங்கி கொடுத்த சுதந்திர இந்தியா பார்த்து கொள்ளுங்கள்!!!",0,tamil
Trailer செம ஆனா Bgm கேட்டவுடனே ராஜா அவர்களின் பேட்டி '96 படத்தை குறித்து பேசியது எனக்கு ஏன் இப்ப ஞாபகத்துக்கு வரனும்..,1,tamil
பஞ்சமி நிலம் என்பது உண்மை யடி பாப்பா.....  அதை திருடர் மு க கொள்ளை அடித்ததடி பாப்பா....,1,tamil
கமெண்ட்களை பாத்தாலே தெரியிது இது ஒரு எவ்வளவு சாதி வெறி புடுச்ச எவ்வளவு முட்டாள் தனமான கூட்டம் எடுத்த படம்னு வெறுப்பையும் வன்மத்தையும் விதைக்கும் இந்த மாதிரி படங்களை தமிழர்கள் குப்பையில் தான் வீசி எறிவார்கள்..,1,tamil
திருமாவளவன் தலித் யூத் மீட்டிங்கி ல.... நல்லா டிரஸ் பண்ணுங்க வேற சாதி பொண்ணுங்கள லவ் பண்ணி கல்யாணம் பண்ணுங்க அப்போ தான் நம்ப சாதி முன்னேறும்  இப்டினு பேசிருக்கான் தேவிடியா பயன்,1,tamil
"12B படம் போல்தான் படத்தை பார்க வேண்டும் அந்த படத்தில் bus ஐ பிடித்தல் ஒரு கதை miss பன்னா ஒரு கதை அதுபோல் தான் ஒரு கொலை ஆனவக்காதலாள் நடந்ததா இல்லை நாடக காதலால் நடந்ததா என்பதை பரியேரும் பெருமாள் படமும், திரொபதி படத்தை படமாக (பாடமாக) பாக்கனும்🤪🥳 நவின ஜாதி ஒழிப்பு போராளி",0,tamil
சேலம் மாவட்ட பாட்டாளி மக்கள் கட்சி மற்றும் வன்னியர் சங்கம் சார்பாக இந்த திரைப்படம் வெள்ளிவிழா காண வெற்றி வாழ்த்துக்கள்,0,tamil
சாத்தணப்பட்டு சார்பாக படம் வெற்றி பெற வாழ்த்துக்கள் √,0,tamil
அரக்கோணம் வன்னியர் சார்பாக படம் வெற்றியடைய வாழ்த்துக்கள்,0,tamil
திருமா கிருஷ்ண சாமி போன்றோர் வேலை இது தான் தரமான படம் அரசியல் செய்ய அவர்களுக்கு தெரிந்த வேலை நாடக காதல் தரமான படம் வெற்றி பெற வாழ்த்துக்கள்,0,tamil
திருமா வளவன் எதற்க்காக பயந்து கொண்டு இருந்தாரோ அதை அவன் புள்ளைங்கோ கட்டவிழ்த்து விட்டுடானுங்கோ இனிமே அவனுங்கோ வாயில வெரள வெச்சிக்க வேண்டியது தான்,1,tamil
"இந்த மாதிரி உண்மை கதை கொண்டு நிதர்சன சமூக கருத்தியல் கொண்டு வரவே ஒரு தில் வேணும். பாராட்டுக்கள்.\r \r இப்படிக்கு,\r எவ்வளவு அடிச்சாலும் திருப்பி அடிக்க யோசிக்கக்கூட பயந்து சாகும்  பிராமணர் சங்கம். :)",0,tamil
ஆண் குழந்தைகளைப் பெற்றவர்களுக்கும் இது ஒரு சிறந்த படமாக இருக்குமென்று நினைக்கிறேன்.,0,tamil
நெல்லை யாதவர் சமுதாயம் சார்பில் திரைப்படம் வெற்றி பெற வாழ்த்துக்கள்.,0,tamil
"காலம்காலமாக பல தமிழ்குடிகளில் பெரும்பாலும் கவுண்டர்க்கு ஏதிரி கவுண்டனே,தேவர்க்கு ஏதிரி தேவனே,வண்ணியர்க்கு ஏதிரி வண்ணியனே என இருந்தது.தலித் சாதினர் மிது வன்மம் இல்லாமல் இருந்தது.ஆனால் இப்போது தலித் கட்சி என்ற பெயரில் நாடக காதல்,போலி PCR,பனம்பறித்தல்,மேடையில் தேவனை வெட்டு தேவச்சியை கட்டு கவுண்டனை வெட்டு கவுண்டச்சியை கட்டு என தலித்துகளை பல சாதி பகமைக்கு அடமானம் வைத்துவிட்டனர்.உப்பு தின்னவன் தன்னி குடித்தாகவேண்டும்.பிறப்பு கணக்கல்ல பொன்னுதான் கணக்கு.  திரெளபதிக்கு வாழ்த்துக்கள்",1,tamil
"இதை பார்க்கும் அனைவரும் இப்படம் வெளிவர நம்மால் முடிந்த உதவியை இப்படம் குழுவினருக்கு செய்வோம்,, கரம் கோர்ப்போம்...,",0,tamil
2019 ரஜினி நான் அரசியலுக்கு வருவது உறுதி. யார யாமாத்த பாக்குறீங்க இது 1996...,1,tamil
உன்மையை உரக்கச்சொல்வோம் தடைகலைத்தான்டி திரௌபதி வெற்றிபெரும் காலத்தின் கட்டாயம்,0,tamil
"11 k சிறுத்தை குட்டிகள் மற்றும் ரஞ்சித்&கோ  இருக்கானுக ,",0,tamil
"படம் மட்டுமல்ல ,படத்தை எடுத்த நீங்களும் ஹீரோ தான். திருப்பூர் கொங்கு சார்பில் எங்கள் அனைத்து ஆதரவையும் தருவோம்..",0,tamil
புல்லரிக்கும் சூர்யாவின் வசனங்கள்..... Once again ஒம்மால BGM,0,tamil
கரூர் கொங்கு வேளாள கவுண்டர் நண்பர்கள் சார்பாக வாழ்த்துக்கள்,0,tamil
மண்ணு பொண்ணு எது மேல கைய வச்சாலும் கைய இல்ல தலைய எடுக்கணும்...  தரமான படம்...,1,tamil
டேய் ஒவ்வொரு கள்ளப்பயலும் குடும்பத்தோட போய் பார்க்கனும்...,0,tamil
கீழ் சாதி காதல் பண்ண நாடக காதல்.. மேல் சாதி பண்ண நல்ல காதல்....பொள்ளாச்சி சம்பவங்கள் மாதிரி இன்னும் வெளியே வராத சம்பவம் நிறையாக இருக்கு,0,tamil
படம் வெற்றி பெற #சம்புராயன்நண்பர்கள் குழுவின் சார்பாக வாழ்த்துக்கள்  தென்காசி மாவட்டம்,0,tamil
மோகன் அண்ணா மேன்மேலும் திரைப்படத்துறையில் வளர வன்னியர் சங்கத்தின் சார்பாக வாழ்த்துக்கள்,0,tamil
சிம்பு புறம்போக்கு நடிச்சிருக்கா வெளங்கன மாதிரி தான்,1,tamil
ராஜ குல அகம்படியர்கள்  சார்பாக  இப்படம்  வெற்றி  பெற  வாழ்த்துக்கள்,0,tamil
"ஜாதிகள் இல்லையடி பாப்பா; - குலத் தாழ்ச்சி உயர்ச்சி சொல்லல் பாவம்; நீதி, உயர்ந்தமதி, கல்வி - அன்பு நிறைய உடையவர்கள் மேலோர்",0,tamil
சூத்துல மிளகாய் அரைச்சு பூசுன மாதிரி தெருமா கூப்புக்கு இருக்கும் போல🤣,1,tamil
"தம்பி சூர்யா...! ரொம்ப சிறுபிள்ளைத்தனமாக கோபாவேசமா எமோஷனலா அரசியல் பேசி நடிக்கிறது எப்பவும் வேஸ்ட் கண்ணா...! இந்த உலகம் ரொம்ப பெரிது! இதோட பாலிடிக்ஸ் புரியிறது ரொம்பவும் கஷ்டம்! ஏன்னா அதோட டைமன்ஷன் அப்படி! லேசுல அதோட வாலை பிடிக்க முடியாது! அது அனானிமஸ்! யாராலனு தெரியாது! எதுக்காகன்னும் புரியாது! போய்க்கிட்டே இருக்கும்....! இன்ஃபினிடி மாதிரி! நாம பார்க்கிறது எல்லாமே இல்லுஷன்தான்! ஹா..ஹா..ஹா...! இதுல எமோஷனல் காமிக்ஸ் எதுக்கு? எனிவே, ஓகே! குட்!",1,tamil
டேய்.. எங்க அம்மாவ என்னடா பண்ணி வெச்சிங்க...,1,tamil
வட நாட்டுக் காரனுக்கு  சொம்பு தூக்குவானுங்க,1,tamil
வாழ்த்துக் கூறிய அனைத்து ரசிகர்களுக்கும் சூர்யா ரசிகர்களின் சார்பாக நெஞ்சார்ந்த நன்றிகள்,0,tamil
அருமையான படைப்பு மோகன் ஜி அண்ணா தமிழ் திரையுலகில்  புதிய புரட்சி ஏற்படுத்துவாள் திரெளபதி இத்திரைகாவியம் சரித்திர படைக்க🤝 ௭ன் அன்பு வாழ்த்துக்கள்...!!,0,tamil
அழுக்கு எங்க மேலயும் கொஞ்சம் இருக்கு பாப்பா   ஆனா உங்களிடம்(ஆன்ட) இருப்பது அனைத்தும் அழுக்குதான் பாப்பா,1,tamil
தனது பெண்ணின் ஆசைக்காக வேறு சாதி ஆண் ஏற்று திருமணத்திற்கு சம்மதம் தெரிவித்து பெண்ணின் அப்பா.  திருமணத்திற்கு முன் அனைத்து சொத்துக்களையும் கோயிலுக்கு எழுதி வைத்த தந்தை..  கல்யாணமே வேணாம் என்று ஓடிய நாடக காதலன்..  #திரௌபதி #திரௌபதி_ட்ரைலர் #திரௌபதிமிரட்டுவாள்,0,tamil
விழுப்புரம் மாவட்டம் சார்பாக படம் வெற்றி பெற வாழ்ததுகள்,0,tamil
"பெயர் மணிமாறன் ஊர் மாயவரமா..., பேட்ட டிரைலர் ல யாரோ ஹாஸ்டல் வார்டன்  போல இருக்கு",1,tamil
அட பாவிங்கள ரஜினிய ஏன்ட செஞ்சிங்க   மரண பங்கம்,1,tamil
"பழங்கள் மற்றும் காய்கறிகள், பேக்கரிகள்,மளிகை பொருட்கள், மீன் , சிக்கன், மட்டன் ,வாத்து போன்ற அனைத்து உணவு பொருட்களும் ஒரே நேரத்தில் வாங்கிட இந்த ஆஃப் டவுன்லோட் செய்ங்க mob.app---TN Farmer   Link   ---  ​@t​",0,tamil
"எங்களுக்கும் நம் தாய்நாட்டுமேல பைத்தியம் தான்...... காத்திருக்கோம்......  சுத்தம் செய்ய வேண்டியது, நெறைய இருக்கு....... செய்வோம்...................",0,tamil
தமிழகத்துல உள்ள அம்புட்டு சாதிய சார்ந்தவங்களும் இப்படத்தை வரவேற்க்கும் போது ஒரு சாதி மட்டும் எதிர்க்குதுனா தப்புல  நீ விதைத்த விதையொன்று உன் காதல் நாடகத்தை அறுக்க காத்திருக்கும்,1,tamil
"இந்த ஆண்டின் தறமானா சம்பவத்திற்கு காத்துக் கொண்டிருக்கிறேன் ,,இத் திரைப்படம் வெற்றி பெற ஆத்தூர் கிராம வன்னியர் குல சத்திரியர்கல் சார்பாக வாழ்த்துகள்",0,tamil
கடைசில வச்சான் பாரு பஞ்ச் அதுதான் படத்துல hilight,0,tamil
"அடப்பாவிகளா.. சிலை கடத்தல் கேஸ் பத்தி படம் எடுக்கற அளவுக்கு தைரியம் வந்திடுச்சோன்னு நினைச்சேன்.. ஆனா, வெறும் டைட்டிலுக்காக மட்டும் தான் பொன் மாணிக்கவேல் சார் பேரை பயன்படுத்திருக்கானுக போல..  Disappointment!",0,tamil
வேற லெவல் தேங்க்யூ செல்வா சார் சூர்யா அண்ணா உங்களுக்கும் செம்மையா செம்மையா இருக்கு ....,0,tamil
படத்தை நீங்க வெளியிடுங்க அண்ணா ..... குறுக்க எது வந்தாலும் [எவன் வந்தாலும்] அடிச்சி நொறுக்குவோம்.....,1,tamil
இந்த படத்தை பத்தாவது பொண்ணுங்க திருந்தனும் (வாழ்த்துக்கள்),0,tamil
பறையர்களின்   அராஜகம்  அட்டூழியம்   அடாவடித்தனத்திற்கு திரெளபதி தரப்போகிறாள் மரண அடி.,1,tamil
"மரண மாஸ்,  படம் வெற்றி பெற வாழ்த்துகள் அண்ணா...",0,tamil
தேவர் சமுதாயம் சார்பாக படம் வெற்றி அடைய வாழ்த்துக்கள்,0,tamil
இங்க ஒன்னு சொல்ல ஆசை பற்றே ஜாதி பேரு சொல்லி பெருமை பற்ற எவனா இருந்தாலும் தெருஞ்சுக்கங்க தலித் மக்கள் அடி வாங்கி அடி வாங்கி போராடி இன்னக்கி வளர்ந்துருக்காக அவுங்களம் ஒன்னு இருக்கணும்னு நெனைக்கிறாங்க மறுபடியும் அடிக்கணும் நெனச்சீங்கன்னு வைய் நீங்க அடுச்ச அடித விழும் அவுங்க அடுச்சங்கான வைய்?,1,tamil
மரண வெயிட்டிங் For Movie மற்றும்  நாடக காதலுக்கு சரியான செருப்படி,0,tamil
யாதவ சமுதயம் சார்பாக திரைபடம் வெற்றிபெற வாழ்த்துக்கள்,0,tamil
இங்க வீரம் பேசிட்டு திமுக கூட்டனிக்கு ஓட்டு போடுங்க . அந்த செல்வாக்கில் சுடலை சரக்கு மிடுக்கு கும்பளை  mp ஆக்கி டெல்லி வரை வளர்த்து விடுவார்கள் .  நாடக காதலை வளர்ப்பது திராவிட கும்பல் தான் . அவர்களுக்கு குடுக்கும் அதரவு மறைமுகமாக  நாடக காதலுக்கு அதரவு ..  அசுரனுக்கு அதரவு சொன்ன சுடலை இந்த படத்தை பற்றி சொல்லும் கருத்தை பொருத்து பாருங்கள் .,1,tamil
செல்வராகவன்  ரொம்ப எதிர் பாக்குறோம் யுவன் fan and சூர்யா fan லைக்,0,tamil
"படத்துல என்ன பெருசா இருக்க போகுது, கடைசில அவன் சிரிப்ப நிறுத்த மருந்து னு சொல்லி black sheep, Eruma saani போன்ற youtube channels ஐயும் vijay tv, zee tv போன்ற TV channels ஐயும் பார்க்க வைப்பாங்க.",1,tamil
"இந்த படம் எடுத்த தம்பிகளா, முதலில் இதுபோல் காதல் நாடகத்தை நடத்தும் எவனும் தலித் அல்ல.. அவனுங்க அனைவரும் கிறித்தவ இஸ்லாமிய கால் நக்கிகள்... கைக்கூலி பயல்கள்... உண்மையான ஹிந்து தர்மத்தை பின்பற்றும் எந்த தலித் சகோதரனும் நீங்கள் படத்தில் கூறுவது  போல்  செயல்படுவதில்லை.. ஆதலால் உங்களுக்கு ஆண்மை இருந்தால், இந்துக்களை பிரித்து அழிக்க துடிக்கும் கிறித்தவ, இஸ்லாமிய கும்பல்களை அம்பலப்படுத்தும் விதத்தில் படமெடுங்கள் பார்க்கலாம்..",1,tamil
நல்லா இருக்கு...நல்லாதா இருக்கு.  அட நானு நல்லா இருக்குனு தா சொல்ர...,0,tamil
வெகு நாட்களுக்கு பிறகு கதைக்கு சம்பந்தமான ஒரு title,0,tamil
வானம் திரைப்படத்தில் சிம்பு பணக்கார பெண்ணை எப்படி பணக்காரன் என்று காட்டிக் கொண்டு என்பது அனைவருக்கும் தெரியும் அப்போதெல்லாம் யாரும் பொங்குவில்லையே?,0,tamil
அஞ்சாத சிங்கம் எங்கள் தங்கம் மோகன்ஜி அண்ணனின் திரௌபதி வெற்றிபெற வாழ்த்துக்கள்,0,tamil
சிவகங்கை சீமை தேவர் பாய்ஸ் சார்பாக திரைப்படம் வெற்றியடைய வாழ்த்துக்கள்,0,tamil
நண்பர்களே என் ஜி கே ட்ரெய்லரை பார்த்தவங்க எங்களுக்கும் கொஞ்சம் சப்போர்ட் பண்ணுங்க ஊனம் ஒரு தடை இல்லை இந்தியாவில் முதல் மாற்றுத்திறனாளிகள் நடத்தும் youtube சேனல்,0,tamil
குறிப்பிட்ட தனிநபரின் டவுசரை கலட்டிய இயக்குனர்  Mohan G அவர்களுக்கு என் மனமார்ந்த வாழ்த்துக்கள்,0,tamil
சேலம் மாவட்ட யாதவ குலம் நாயக்கர் சார்பாக படம் வெற்றி பெற வாழ்த்துக்கள்,0,tamil
ஆணவ கொலையும் தீண்டாமையும் எப்படி சமூக பிரச்சனையோ அதேபோல்தான் இந்த நாடக காதலும் இந்த நாடகக் காதலை பற்றியும் சமூகம் பேச வேண்டும் அல்லவா அதைத்தான் இந்தப் படம் செய்திருக்கிறது கட்டாயம் வரவேற்கப்பட வேண்டியது,0,tamil
கீர்த்தி சுரேஷ் கு ஆம்பள  getup போட்ட மாதிரியே இருக்கானே,0,tamil
"படத்தில் கூறவருவதில் பாதி சரிதான் ஆனால் நல்ல நிலமையில் இருக்கும் கீழ் சாதி பையன் மேல் சாதி பெண்ணை உண்மையாக சாதி தெரியாமல் காதலித்து திருமணம் செய்தாலும் இந்த சமூகம் அவர்களை ஏற்க மறுக்கிறது.....அடுத்தவன் சொந்தக்காரன் பக்கத்து வீட்டுக்காரன் சொல்லுவான் பேசுவன்னு நினைக்காம இருந்தாலே சாதிய கொடுமையை தவிர்க்கலாம்...கீழ் சாதியை சேர்ந்த சில விஷமிகள் திருமா,சீமான்,ரஞ்சித் சொல்வதை கேட்டு தவறான திசையில் செல்கின்றனர் அவர்களால் உண்மையாக வாழ்க்கையில் வென்றும் காதலில் வெல்ல முடியாமல் நிறைய காதல் மண்ணுக்கு மேலும் நிறைய காதல் மண்ணுக்கு கீழும் சென்றுவிட்டது",0,tamil
அட லூசு கூமுட்டைகளா... இவனுங்க advertising strategy தெரியாம...எல்லாம் பெரிய பே புளுத்திங்க மாறி அவன் அவன் ஜாதிய பத்தி சொல்ல வந்த்ட்டிங்களே டா... ஆத்தி comments படிச்சாவே தமிழ் நாட்ல இருக்கிற all types of ஜாதி பத்தியும் தெரிஞ்சிக்கலாம் போல இருக்கே!!!!! போங்கடா நீங்களும் உங்க ஜாதியும்...த்து...,1,tamil
சாதி வெறி படம் அல்லா இது நம்மா விட்டு பெண்ணை கயவர் கையில் இருந்து காப்பாற்று படம்,0,tamil
ஆணவ கொலைகள் பற்றி பொங்கும் இந்த நாட்டில் நாடக காதல்கள் பற்றியும் பேச வேண்டும் என்ற இந்த முயற்சிக்கு  வாழ்த்துக்கள் அண்ணா.,0,tamil
சூரியா மோகன்லால் ஆர்யா  super combinations,0,tamil
இப்படி ஒரு படம் இல்ல நிறைய எடுங்க,0,tamil
அப்பாவி மக்களை நல்லா தூண்டிவிட்டு தமிழ்நாட்ட பாலைவனம் ஆக்காம விடாது போல இந்த மானங்கெட்ட சினிமா,1,tamil
நம் பெண்கள் நமது பண்பாட்டின் அடையாளம்... நாடார் சமுதாயத்தின் சார்பாக திரைப்படம் வெற்றியடைய வாழ்த்துக்கள்...,0,tamil
#திரௌபதி தீயாய் பரவி உங்களை எல்லாம் தும்சம் செய்ய வருகிறாள்....,0,tamil
பொள்ளாச்சி உண்மை சம்பவத்தையும் யாராவது படமாக எடுக்க வேண்டும். நாடகக் காதலால் பெண்கள் பாதிக்கப்பட்ட அண்மை சம்பவம் அதுவே.பெரிய அளவுக்கு விழிப்புணர்வை ஏற்படுத்தும்.,0,tamil
தோழரே ஆகஸ்ட் மாதம் இந்தப் படத்தை வெளியிட்டார் என்ன ஒரு பிரயோஜனம் அதுவே இந்த எலக்சனுக்கு புள்ள வெளியிட்டார் உங்களால ஒரு 80 ஆயிரம் பேராவது திருந்துவாங்க பணம் மட்டும் சம்பாதிக்க போதாது நான் சொல்வது புரியுதுங்களா,1,tamil
டேய் இந்த படத்துல தப்பி தவறிகூட  அரியலூர் #நந்தினி கேரக்டர்  வைக்கலயே!!   அது முக்கியம்டா பாத்துக்க!!!,0,tamil
பரியேறும்பெருமாள் 'ஜோ'-வை தேவதையாக தான் பாா்த்தானே தவிர...  5-புருஷனை கட்டுன  திரௌபதி-யா பாக்கல...,1,tamil
தல அஜித் குமார் விவேகம் மாஸ் வீடியோ ஷாகுல்,0,tamil
ப.குஞ்சித் மீது காண்டு வைத்தவர்கள் சாபாக வாழ்த்துக்கள்.,1,tamil
அண்ணன் தம்பி அக்கா தங்கை உறவு போல் பழகுங்க பிரச்சனை வராது பெண்ணை தன் பொண்டாட்டி ஆகும் நினைத்தா பிரச்சினை வரும்,0,tamil
"திரவுபதி டிரைலர் லைக் பண்ண பொடி பசங்க இன்னும் இளையராஜா, உதயநிதி Troll பண்ணி இங்கு கமெண்ட் பண்ல. ஏன்? குழப்பமா இருக்கிறது",1,tamil
இந்த டிரெய்லர்க்கு கிடைக்கும் லைக்கை விட அன்லைக்தான் ரொம்ப பிடிச்சிருக்கு கடந்து கதருங்கடா குருமா பாய்ஸ் திரௌபதி வேட்டை தொடரும் 🦁🦁,0,tamil
ஆமாடா அந்த லேடி பத்தி மக்கள் மறக்குறதுக்கு முன்னாடியே படமா எடுத்து காசு பாத்துருங்கடா.... அப்புறம் அந்த A1 matter எல்லாம்  காட்டுவீங்க தான?,1,tamil
உண்மையான காதல் ஜாதி மதம் பார்த்து வராது ஆனால் இந்த நாடக காதலுக்கு ஜாதி மதம் சொத்து பணம் நகை இதெல்லாம் பார்த்து தான் வரும் இந்த படம் நாடக காதல் செய்பவர்களுக்கு மட்டும் செருப்படி படமா அமையும்,0,tamil
முத்தரையா் (அம்ப(ம்)காரா்) சமுதாயம் சாா்பாக வெற்றி பெறவாழ்த்துக்கள்.,0,tamil
காஞ்சிபுரம் மாவட்டம் வன்னியர் பேட்டை கிராம மக்கள் சார்பாக திரௌபதி திரைப்படம் வெற்றி பெற வாழ்த்துக்கள்,0,tamil
PCR மட்டும் இல்லாம போனால் தான் இவனுங்க அடங்குவாங்க,1,tamil
கடலூர் மாவட்டம் வன்னியர்கள் சார்பில் படம் வெற்றி பெற வாழ்த்துகள்,0,tamil
"இவ்வளவு வரவேற்பு இருக்குனா , எவ்வளவு பாதிப்பு இருந்திருக்கனும்..",0,tamil
எத்தனை காலம் தான் ஏமாற்றுவாய் இந்த நாட்டிலே...!! விரைவில் பிற்படுத்தப்பட்டோர் புரட்சி...!!!!!! தோழர்கள் கதருங்கள்....,1,tamil
இந்த வருடத்தின் சிறந்த திரைப்படம் பெண் பிள்ளைகள் காதலை நம்புங்கள் அதைவிட அதிகமாக பெற்றவர்களை நம்புங்கள் நாடகக் காதலை நம்பி ஏமாறாதீர்கள் தயவு செய்து,0,tamil
Soundar leo இப்படியே பேசுனா உன் வாயில துங்கி வைப்போம் பாப்பா,1,tamil
அருமையான ஒரு திரைப்படம்.  என்போ திரைக்கு வருகிறது,0,tamil
"இது எப்படி தெரியுமா இருக்கு, 90's kids   நாங்கலாம் எங்க காலத்துல னு  2K kids ட சொல்லுர மாதிரி இருக்கு",1,tamil
இது நம் தமிழர்களா ? எல்லோரும் சாதிய வெளிப்படையாக சொல்லி பதிவு செய்கிறார்கள். நாடக காதல் என்பது ஒரு சமுதாயத்தில் உள்ள இளைஞர்கள் மட்டும்தான் செய்கிறார்களா மற்ற சமுதாயத்தில் எல்லாரும் உத்தமர்களா. எல்லோரும் அவங்க முதுக திரும்பி பாருங்க அவ்ளோ அழுக்கு இருக்கும். இப்படி ஒரு சமுதாயத்துக்கு எதிரா எல்லோரும் பழிப்போடுவது தவறு. (குறிப்பு: நான் இப்படி பதிவிட்டதால் நான் அந்த சாதியை சார்ந்தவன் என நினைத்தால் அது தவறு.),0,tamil
1:33 ல இவ்வளவு அற்புதங்கள்  ஆஹா னு சொன்னா அது சூரியா ல மட்டும் தான் முடியும்,0,tamil
மிஸ்கின் தலைவரே என்ன பீத்தோவன் மியூசிக்கு காப்பி அடிச்சு போட்டு இருக்கீங்க. காபிரைட் பிராப்ளம் வந்து ட்ரெய்லரை பிளாக் பண்ணிட போறாங்க,1,tamil
நீண்ட நாள் கழித்து தியாகராஜன் மேஜர் கௌதம் செம,0,tamil
பல நாள் மண குமுறல் இப்ப படமா வருது கண்டிப்பாக எங்கள் முக்குலத்தோர் சார்பாக நாங்கள் ஆதரவு அளிப்போம்,0,tamil
அரவிந்த் சாமி  சூப்பர்  நடிகர்,0,tamil
நாம் தமிழரின் தாக்கம் லேசா தெரியுதே மாக்கா 🧐🧐🧐🧐,0,tamil
கழக தொன்டர்களே இந்த படம் வெளிய வரகுடாது,1,tamil
காத்திருக்கும் நொடி எல்லாம் நாடோடியாய் உணருகிறேன் நாடோடிகள் பார்க்கும்வரை,0,tamil
ஏம்பா பொண்ணத்தொட்டாத்தான் லெட்டுவீங்களா.. மண்ண தொட்டா.. நாளைக்கு எட்டு வழிச்சாலை உயர்மின் கோபுரம்னு ஆண்டைகள் நிலம் போகப்போகுதே அத எதிர்த்து படம் எடுக்குறது,0,tamil
படம் வெற்றி பெற திருமலைநாயக்கரின் வாரிசுகள் நாயுடு சமுதாயத்தின் சார்பாக வாழ்த்துக்கள்,0,tamil
ஊராளிகவுண்டர் சார்பாக இத்திரைப்படம் வெற்றி பெற  ஆதரிக்கிறோம்,0,tamil
திருநெல்வேலி மாவட்டம் கோனார் / யாதவர் சமுதாயம் சார்பாக வாழ்த்துகள்.. நண்பா,0,tamil
என்னடா பண்ணி வச்சு இருக்கீங்க.... ஒரு side மட்டும் பெருசா இருக்கு,1,tamil
எங்களுக்கு மண்ணு பொண்ணு ரெண்டுமே முக்கியம் இதுல யாரு கை வைச்சலும் தலைய வெட்டுவோம்,0,tamil
ஒவ்வொருவரின் மனக்குமுரல்களையும் இங்கே காணமுடிகிறது பெண்கள் நிச்சயம் பார்க்கவேண்டும்.......,0,tamil
பொன் மாணிக்கவேல்\r  பேரை கேட்டவுடன் சும்மா அதிருதுல்ல,0,tamil
உண்மையா இது மணிரத்னம் sir பட டிரைலர் தானா  ஆயுத எழுத்து படத்துக்கு அப்புறம் பக்கா மாஸ் டிரைலர்,0,tamil
பதிலுக்கு ரிவஞ்சு எடுக்க கூட முடியாது. நம்மளால. பற ஜாதி பொம்பள புள்ளைங்க லாம் ஏற்கனவே தேவுடியா வா தான் சுத்துறாளுங்க. மேட்டர் பண்ணிட்டு எஸ்கேப் ஆகலாம் பாதா ஏற்கனவே லைன் லா நிக்குது மக்க.  வீட்டுக்கும் கூட்டிட்டு போய் குத்து விளக்கு எத்த சொல்ல முடியாது. நாங்க என்ன தான் பண்றது யேசப்பா. 🤣🤣,1,tamil
இப்புடி படிச்ச பசங்க எல்லாம் வேனா_னு ஓடி ஓடி தான்யா நாடே நாசமா போயிருச்சு.......,1,tamil
செம்ம மாஸ் ஃபிலிம் I am waiting bro,0,tamil
வீரபாண்டிய கட்டபொம்மனின் வாரிசுகள் அஸ்தாந்திர கொல்ல நாயக்கர் சார்பாக  திரெளபதி படம்  வெற்றி பெற வாழ்த்துக்கள்... திருடனுக்கு  தேள்  கொட்டுனா பொத்திக்கிட்டு இருக்கனும்....,1,tamil
எல்லாரும் கிளைமேக்ஸ் பத்தியே பேசுறீங்க..சரி...ஆனால் இடையில ஏரியில் அபார்ட்மெண்ட் கட்டியதைப் பற்றி ஒரு வசனம் வந்ததே அதற்கு நமது பதில் என்ன?.ஒன்னுமில்லாத விஷயங்களை வைரல் ஆக்குவதே தமிழனின் சிறப்பு.....,1,tamil
கொங்கு_வெள்ளாளக்_கவுண்டர்கள் சார்பாக படம் மிகப்பெரிய வெற்றி பெற வாழ்த்துக்கள் #Dheeran_Padai,0,tamil
அரியலூர் மாவட்ட வன்னியர் சங்க சார்பாக படம் வெற்றி விழா காண வாழ்த்துக்கள்,0,tamil
Comment ல இருக்கிற ஒற்றுமையை பார்த்து கதற ஆரம்பிச்சுட்டானுங்க   அது என்னடா பா ரஞ்சித் எடுத்தா நல்ல படம்  நாங்க உண்மையை படமா எடுத்தா அது ஜாதி வெறியா?,0,tamil
கொங்கு மண்டலத்தின் சார்பாக படம் மாபெரும் வெற்றி பெற எனது வாழ்த்துக்கள்.....நாடக காதல் கும்பலை முற்றிலும் அழிக்க வேண்டும்..... இங்கு யாரும்  மற்ற சமூகத்தை தவறாக பேசவில்லை நடைமுறையில் இருப்பதைத்தான் இயக்குனர் திரையில் காட்டியுள்ளார் .......,0,tamil
பறையர்  சமுதாயம் சார்பாக படம் வெற்றி பெற வாழ்த்துக்கள்,0,tamil
இரு சமுதாய மக்களை வழி நடத்தும் வேறு வேறு தலைவர்கள் பேசிய வீடியோ இதில் யார் மக்களை முன்னேற்ற பாதையில் கொண்டு செல்ல பாடு படுகிறார் யார் மக்களை படுகுழியில் தள்ள துடிக்கும் பொறுக்கி என்பதை நீங்களே பாத்து முடிவு செய்து கொள்ளுங்கள்.....,1,tamil
போராடுறதே தப்புனா போராடுற சூழ்நிலைய உருவாக்குறதும் தப்பு தான் செருப்படி to ரஜினி,0,tamil
தலித் அல்லா அனைத்து சாதிகார தேவிடியா பசங்கலுக்கும் வாழ்த்துகள்,1,tamil
"ஓரு saambavar குல சிவன் சாதி யானை ஏறும் பெரும்பரையர்,  கரிகாலச்சோழ பறையர் வாமசத்தில் வந்த எனக்கு இங்கே இருக்கும் கமெண்ட்ஸ் களை பார்க்கும்பொழுது ரொம்பவும் மகிழ்ச்சியாக  இருக்கிறது.  வடக்கில் rajput  களில் இருந்து  ஆந்திர கம்மா naidu,  யாதவர்,  துளுவ வெள்ளாளர்,  கொங்கு வெள்ளாளர்,  கள்ளன் மறவன் அகமுடையான்..... ஏன் பள்ள பய வரை அணைத்து கிளை சாதிகளும் ஒன்று சேர்ந்து எதிர்த்தும் தமிழினத்தின் வேர் குடி பறையர் தனித்து நின்று அனைவரையும் எதிர்க்கும் வல்லமை யை உணரும்பொழுது நான் ஓரு பறையர் என்பதில் சொல்ல முடியா பெருமை கொள்கிறேன்..... கிளைகள் ஆடலாம் வேர் அடாது......",0,tamil
தரமான படம்.... ஜாதி அரசியல் pandra முக்கிய ma Antha MP ku set agara padam.... உண்மையே solla pora நல்ல படம் என்னுடைய valthukal...,0,tamil
எங்க தலைவி நிவேதா பெத்து ராஜ் எங்க டா,0,tamil
இனியாவது இந்த மாதிரி கூட்டத்திலிருந்து நம்ம பொண்ணுங்கள பாதுகாக்கனும்...ஜாதியை மனதில் விதைக்க வேண்டாம் ஆனால் நம்ம ஜாதியின் பெருமையை சொல்லி வளர்க்கவேண்டும்..நம்ம யாரு அவங்க யாருன்னு நம்ம பொண்ணுங்களுக்கு நல்லா தெரியவைக்கனும்...,0,tamil
அவ்வளவு அதப்பு இருந்தா?????? சாதி பெயரை சொல்லி கிடைக்கும் எந்த சலுகையும் வேண்டாம்னு சொல்லுங்கடா பாப்போம்!!,1,tamil
ஏண்டா மிஷ்கின் தமிழ்நாட்டுல எவனுக்கும் நடிக்கத்தெரியாதுன்னு சொல்லிப்புட்டு இப்ப நடிப்புன்னா என்னன்னு தெரியாத ஒருத்தன வைச்சு படம் எடுக்குற....,1,tamil
"Waiting for this movie at Cuddalore உன்மையை பேசும் ஒரே பதிப்பு. இந்த படத்த சாதி படம்னு சொல்லற ..........ங்க மூடிக்கிட்டு திருந்த பாருங்க, இந்த நாடக காதலால அழிஞ்ச , அழிஞ்ஞி கிட்டு இருக்கர பல குடும்பத்த நான்(நாங்க) நேர்ல பாத்துடு இருக்கோம் அந்த வலி தான் திரௌபதி இப்போ பத்திடு  எரியுது.",1,tamil
மயிறு ன்னு பெயர் வச்சிருக்காலாம் ......டேய் baadu நீயெல்லாம் படம் நடிக்கலன்னு யாரு டா அழுதா ..........,1,tamil
தென்காசி மாவட்ட விஸ்வகர்மா மக்களின் சார்பாக இந்த படம் வெற்றி அடைய வாழ்த்துகள்  மோகன்.G,0,tamil
"உண்மை சம்பவத்தை படமாக எடுத்து, பாதிக்கப்பட்ட  மக்களின் மனநிலையை அனைவருக்கும் தெரியபடுத்தி இனியும் இது தொடரக்கூடாது என்ற எண்ணத்தில் படமாக்கிய இயக்குனருக்கு கோடானகோடி நன்றிகள்.",0,tamil
Kuruma boys kku  கை ஒதருதா உள்ள பதருதா,1,tamil
வேலூர் வன்னியர் சார்பில் படம் வெற்றி பெற வாழ்த்துக்கள்,0,tamil
சாட்டை படத்த அடுத்த சாட்டைனு எடுத்து ஜாதி பேர சொல்லி ஒலிச்சது போதாதுனு நாடோடிகள் படத்துக்கு இருக்க நல்ல பேரையும் ஏன்டா ஜாதி மயிருனு கெடுக்கற  சமூத்திரகனி  நல்ல கதை இருந்தா படம் எடு இல்லனா தயவு செஞ்சி எடுக்காத ....,1,tamil
ஏன்டா சமூகத்துக்கு நல்ல கருத்த சொல்ல வக்கில்ல இதுல சாதீ படம் ஒரு கேடா.மண்ணு பொண்ணு சொல்லுற சில்லர கூ.... யெல்லாம் சோத்துக்கு வழியில்லாம இருக்கான்.ஏப்பா டைரக்டரு உன் வீட்டுல பொண்ணுங்க யாரோ வேற பையங்கிட்ட ஓடுபோய் குடும்பம் நடத்துறாங்கனு மட்டும் தெரியுது,1,tamil
தீரன் சின்னமலை கொங்கு வெள்ளாளர் கவுண்டர்கள் சார்பாக படம் வெற்றி அடைய வாழ்த்துக்கள்  Finally someone has guts to take true story happening around,0,tamil
நாடார் சங்கம் சார்பில் படம் வெற்றி பெற வாழ்த்துகள்,0,tamil
சாதி வெறியை தூண்டக்கூடிய படம். விரைவில் தடை செய்யப்படும்,0,tamil
நாயக்கர் குல பெண்கள் சார்பாக என் வாழ்த்துக்கள். ராணி மங்கம்மாள் வம்சம்,0,tamil
டிரைலர் மிகவும் அருமையாக உள்ளது சூர்யா ரசிகர்களின் சார்பாக திரெளபதி வெற்றி கரமாக அமையட்டும் மோகன் ஜீ அண்ணா,0,tamil
அருமை... எதிர்பார்பு.... எகிறுது. ரசிகர்களுக்கு பெரிய விருந்து காத்திருக்கு,0,tamil
இந்த படத்தை தயவு செய்து அனைவரும் திரையரங்குகள் சென்று காண வேண்டும்.....,0,tamil
"காதலில் பெண்ணிற்கும் பாதி பங்கு இருக்கு. ஒரு குறிப்பிட்ட ஜாதியை சேர்ந்தவர்கள் ஆசையை காட்டி அப்பாவி பெண்களை ஏமாற்றி விடுகிறார்கள் என்று கூறுவது, பெண்களை இழிவு செய்வதாகவே நான் கருதுகிறேன். தான் காதளிப்பவர் குணத்தை ஆழமாக அரிந்து நடப்பது இரு பாலினத்தொரின் பொறுப்புமே!",1,tamil
குட்டி சிறுத்தை: என்ன தலைவரே உனக்கு மட்டும் புது ஐடமா தூக்கி அடிச்சுருக்காங்க...,0,tamil
இப்படி ஒரு அருவா தீட்டப்படும்ன்னு எதிர்பாத்திருக்க மாட்டாங்க சும்மா வீசுங்க,1,tamil
மணிரத்னம் தளர்ந்துவிட்டதாகவே எனக்கு படுகிறது    தன் திறமையால்   நடிகர்களை நடிகைகளை புதிதாக அறிமுகப்படுத்தி  தன் சினிமா கதை களத்தில்  வெற்றி கண்ட மனிதனுக்கு.....  இன்று இத்தனை ஹீரோக்கள் தேவைப்படுகிறது...    யாருடைய ரசிகர்கள் மூலமாவது படத்தை வெற்றி பெற செய்து விட வேண்டும் என்ற முனைப்பு தெரிகிறது      பாவம் மணிரத்னம்,1,tamil
நான்கு திசைகளுக்கும் சேர்த்து நான்கு காதல்  கொண்ட கதாபாத்திரமாக இப்டம் அமையும்னு நெனைக்றன்,0,tamil
இந்த படம் சூரியா அண்ணன் ஒரு மைல் கல்ஆக அமைய வாழ்த்துக்கள். ஆமங ரகுல் பிரித்சிங் இந்த படத்தில் வேசி கேரட்டர் போல பச்சை வேசி மாதிரியே இருக்கா .,1,tamil
சிறுத்தைகள் கதறி கொண்டு இருக்கின்றார்கள்.   வளவனின் தம்பிகளுக்கு இந்த படம் சமர்ப்பணம். படம் வெற்றி அடைய வாழ்த்துக்கள்.,1,tamil
இந்த டிரைலரே  இவ்வளவு  Fun இருக்கேபடம் பார்த்தாஎவ்வளவு Fun boost இருக்கும்🤣 ..,0,tamil
நம்ம தந்தி டிவி தொகுப்பாளினி அசோக வர்ஷ்னிய அம்மா ரோலுக்கு போடுங்க எடுப்பா இருக்கும்,1,tamil
நாம் தமிழர் கட்சி NTK தான் NGK னு செல்வ ராகவன் படம் எடுத்திருக்காரு,1,tamil
Dislike பன்னிருக்குற உழச்சி சாப்ட வக்கில்லாத...ஓசி சோறு பரபுண்டக்க சார்பாக படத்துக்கு கண்டனம் ..,1,tamil
கவனிச்சிங்களா பாகுபலி காலகேயன் தான் வில்லன்,0,tamil
..அடிக்கு அடி கொடுத்த தான் அமைதியா இருப்பாங்கை... படம் வெற்றி பெற வாழ்த்துக்கள்....,0,tamil
"குருமாவளவன் மற்ற சமுதாய ஆண், பெண் களை கீழ் தரமாக பேசியது இந்த Link ல்   இந்த LINK ல் 7:20 நிமிடத்தில் பாரத்தால் நாடக அரசியல் புரியும் 8:30 நிமிடத்தில் பாருங்கள் (8:40நிமிடத்தில் குருமா பேச்சு)",1,tamil
இந்து நாடார் மக்கள் சார்பா படம் வெற்றியடைய வாழ்த்துக்கள்,0,tamil
சாதீய வளர்க்க டைரக்டர் மாதிரி ஒரே ஒரு பொறுக்கி போதும் .ஒரு சமூகத்தை முன்னேற்ற தான் ஒரு தலைவன்(திருமா) தேவை.பொண்ணுங்கள வைச்சி அரசியல் நடத்தும் கேடுகெட்ட சாதீய குரூப்பே ஆகச்சிறந்த தலைமையை பற்றி ஒருநாள் தெரியும்,1,tamil
"அடப்பாவிங்களா இந்த அரசியல்வாதிங்கதான் பாகிஸ்தான ஒரு ஆயுதமா use பன்னுறானுங்கனு பாத்தா படத்துலயுமா,பகுத்தறிவுனு ஒன்னு இருக்கா",1,tamil
கொங்கு வேளாள கவுண்டர் சார்பாக பட குழுவிற்கு வாழ்த்துக்கள். செம்ம கெத்து.,0,tamil
"இப்படம் வெற்றி பெற வாழ்த்துக்ள் ,,,நாங்க படம் எடுத்தா ஜாதி வெறி ...,,,,அதே நீங்க எடுத்தா அது என்னா  kk ........",0,tamil
"நான் வன்னிய சமூகத்தை சேர்ந்தவள். எனது பெற்றோர் மற்றும் உறவினர்கள் சாதி பார்த்து பழகுபவர்கள் அல்ல. ஆனால் சாதியை பார்க்க வேண்டிய இடத்தில் பார்ப்பர்.  அவ்வளவு தான்! எனக்கு கோபம் தலைக்கேறிவிடும். இக்காலத்திலும் சாதி பார்க்கிறீர்களே என்று கூறி சண்டையிடுவேன். அவர்களும் நான்  சிறுப்பிள்ளை ( அப்போது) என்பதால் அதற்கேற்ற பதிலை கூறி விட்டுவிடுவர். வருடங்கள் கடந்தன. எனது உறவுகார பெண்கள் இருவர் இந்த கீழ்தரமான நாடகக் காதலால் பாதிக்கப்பட்டனர்.அவர்கள் வாழ்க்கையே கேள்விகுறி ஆகிவிட்டது.அப்போது தான் எனது வீட்டார் கூறியது புரிந்தது எனக்கு! அந்த கனம் தான் நான் சாதி வேண்டும், சாதிய தீண்டாமை தான் கூடாது என்று உணர்ந்தேன். இறுதியாக இப்படம் 100% சரியே!  திரௌபதி வெறித்தனமாக வெற்றியடைய கும்பகோணம் வன்னியச்சி சார்பாக வாழ்த்துகள்.",0,tamil
"இதே தான்க...  ய பிரச்சினை....  பாக்குறது எல்லாமே 90's இல்லையேனு வருத்தப்பட்டு எவன்கிட்டாயது கேட்டா.....   லூசு பயலே இத்தன நாளா comaல இருந்தியா... Culture மாரிடிச்சு,  civilizationஆகிறிச்சு.... சொல்றாய்ங்க...  ஒன்னுமே புரியல",1,tamil
எங்கள் நாடார் சமுதாய சார்பாக திரைப்படம் வெற்றி பெற வாழ்த்துக்கள்......,0,tamil
புரட்சி தலைவி முகத்துல புரோட்டாவ பிசந்ஜது யார்டா,1,tamil
நமக்கு எல்லாம் சுதந்திரமே கிடைத்திருக்க கூடாது டா.எந்த சாதியும் இருக்காது எல்லாம் வெள்ளைக்காரனுக்கு நாய் மாதிரி இருந்திருப்போம்,1,tamil
இந்த மாதிரி சம்பவங்கள் இன்று நடந்து கொண்டு தான் இருக்கிறது என்பதை இந்த படம் சொல்கிறது...தாழ்தப்பட்டவர்கள் எல்லாம் இடங்களிலுமா அடிமைப்படுத்தப்படுகிறார்கள்...அதே போல் எல்லா காதல்களிலும் இது போன்று சில  நடக்கத் தான் செய்கிறது...அது உண்மை என்றால் இதுவும் உண்மை...ஒன்று சாதி வன்மம் கொண்ட ஒருவன் வேறு இன பெண்ணை காதலித்து ஏமாற்றுவது...இரண்டு சொந்த இனத்தவரே அந்த இளைஞனை மிரட்டி செய்ய வைப்பது...நான் நேரில் கண்டவை சில   தனஞ்செய நாட்டு முத்தரையர் சமுதாயம் சார்பாக படம் வெற்றி பெற வாழ்த்துக்கள்..,0,tamil
பிரியாணி யா .. அது நா சாப்டது  உனக்கு இட்லி..... 🤣🤣,0,tamil
வெற்றி பெற வாழ்த்துக்கள் அனைத்து நல்ல குடும்பத்தில் பிறந்தவர்களும் கண்டிப்பாக ஆதரிப்போம்,0,tamil
தல தல தான்....மரண மாஸ் தல ...love it,0,tamil
இந்த படம் வெற்றி பெற வாழ்த்துக்கள்.... ஆனால்  எதுக்கு சாதி பெயர் வாழ்த்துக்கள் சொல்டிரிங்க.......(விழுப்புரம் மாவட்டம்..... ),0,tamil
"எல்லா ஜாதி காரனும் வாழ்த்து சொல்லிருக்கிங்க ஆனா‌ இது, எந்த ஜாதி காரன்‌ எந்த ஜாதி காரன‌ சொல்லுரிங்கனு தெளிவா சொல்லுங்க?",0,tamil
தன் உழைப்பை மட்டுமே நம்பி உச்சம் தொட்டவர் எங்கள் தலைவர். யாரையும் பின்தள்ளி முன்னேற வில்லை. அவருக்கான இடம் அந்த இறைவனும் மக்களும் கொடுத்தது. குப்பை மேடுகளுக்கு கோபுரத்தின் உயரம் பிடிபடுவதில்லை.,1,tamil
பணக்கார பெண்ணை திருமணம் செய்து சிறப்பாக செட்டிலாக நினைத்த ஆண் மகன்களுக்கு செருப்படி சமர்ப்பணம் வீரபாகுதேவர் வம்சத்தின் வாழ்த்துக்கள்,0,tamil
🦁🦁முத்தரையர் சமுதாயம் சார்பாக படம் மாபெரும் வெற்றி அடைய வாழ்த்துக்கள்,0,tamil
௮ந்த மனிதரை வைத்து படத்திற்கு ஆதாயம் தேடுவது ௮சிங்கத்தின் ௭ல்லை,1,tamil
நீங்க சீண்டி இருக்குறது அமைதியா படுத்துட்டு இருக்க புலியை.... பாயுறதுக்கு ரொம்ப நேரம் ஆகாது...,1,tamil
கொல மாஸ் சாரே.....  ட்ரைலரே இப்படினா.... படம் எப்படி இருக்கும்.....,0,tamil
அட்லி புதுசா ஒரு ஸ்கிரிப்ட் இருக்குன்னு சொல்லுவான்   நம்பாத,1,tamil
0:06 to 0:10 இந்த பகுதி போதும் படம் வேற லெவல்,0,tamil
செண்டினல் தீவு ஆண்ட பரம்பரை ஆதிவாசிகள் சார்பாக வாழ்த்துகள்,0,tamil
இந்த ட்ரைலர் பார்த்துட்டே இருக்கனும் போல இருக்கே ஏன்யா?,0,tamil
சாய்பல்லவி மொகறய பார்த்தாலே பத்திகிட்டு வருது  கருமம் புடுச்சவ,1,tamil
பரியேறும் பெருமாள் அசுரன் இவை இரண்டும் திரைப்படமும்  என்னோட உரிமையைப் பறிக்கிற என்னோட சுதந்திரத்தை தடுக்கிற நான் இப்படித்தான் இருக்கணும்னு நினைக்கிற என்னை ஏன் அடிமைப் படுத்துகிறாய் இந்தக் கேள்வியை தானே முன்வைத்தான்......   என் பொண்ண காதலிக்காத நீ வேறு நான் வேறு சமத்துவம் இல்லை எனக்கு நீ அடிமைன்னு சொல்லவே இல்லையே   ஆனால் நீ மட்டும் ஏன் டா இப்படி ச்ச்சே.... நான் .........நான் ......நான் .....நான்னு நாய்க்கு லைசன்ஸ் போட்டது மாதிரி அடையாளம்,0,tamil
மோகன் தொடர்ந்து இது போன்ற படங்கள் தேவை,0,tamil
என்னடா இது ஹாலிவுட் படத்து டிரெய்லர் பார்த்த மாறி இருக்கு,0,tamil
வேசி மகன் தேபை திருமாவளவன் திரைமரைஉக்கு பின்னால்  சொல்லும்போது உங்கலுக்கு இனிக்கிரது. அதனை ஒருவன் வெளியில் சொன்னால் வளக்குதா...,1,tamil
டேய் இதுவே மீதி காசு தான்டா......வேற லேவல்..,1,tamil
டிரைலர் வேகத்த பார்க்க இரு கண்கள் போதாது,0,tamil
ஒரு சிலர் டிரய்லர்லயே ..படத்த முடிக்கிறாங்க..நீங்க வெறும் இசைய மட்டும் வச்சு இருக்கிங்க,1,tamil
அசுரனை அழிக்க திரௌபதி வருகிறாள் வீர வன்னிய குல சத்திரிய வம்சத்தின் சார்பாக மனமார்ந்த நன்றி மோகன் அண்ணா,0,tamil
திருப்பி அடிக்கிறேன் திருப்பி அடிக்கிறேன்னு சொல்லி சாணியில முக்கி செருப்பால அடி வாங்கிட்டு தான் இருக்கிங்க இன்னும் சமுத்திரக்கனியோட சேத்து நீயும் வாங்கப்போற,1,tamil
(எங்களுக்கு மண்ணு பொண்ணு ரெண்டும் முக்கியம் அதுல யாரு கைய வச்சாலும் வெட்டுவோம்) அத ஒரு பொண்ணு சொல்லும் போது செமயா இருக்கு,0,tamil
இந்த திரைப் படம் வெளிவந்தால் குறைந்தபட்சம் 100 பேருக்காவது நான் திரையரங்கிற்கு அழைத்துச் செல்வேன் காரணம் என் சுற்றியுள்ள யாரும் நாடக காதலால் பாதிக்கப்படக்கூடாது என்று வாழ்த்துக்கள் மோகன் அண்ணா இப்படிக்கு தமிழன் .,0,tamil
"அடேய்  இந்த படத்த பத்தி எனக்கு எந்த கருத்தும் இல்லடா,, ஆனா எல்லாரும் ஜாதி பெயர பெருமையா சொல்றீங்களே, அதோட உண்மயாயன அர்த்தம் சொல்லுங்க டா பாப்போம், நீங்க சொல்ற எல்லாமே சூத்திர ஜாதி தான். சூத்திரன் நா என்னனு சொல்லுங்க டா பாபோம். நா ஒரு சூத்திரன் எல்லாரும் சொல்லுங்க பாப்போம்",0,tamil
என் மனதில் உள்ளது..இது போன்ற திரைப்படம் வரவேற்க தக்கது ஏனெனில் இது போல எங்கள் வீட்டு பெண்ணும் பாதிக்கப்பட்டுள்ளாள்...,0,tamil
மலம் திண்னும் நாய்களுக்கு மட்டும் எறியும் இந்த படம் வாழ்த்துகள் மோகன் அண்னா.  நான் முதலியார் சமூகப் பெண்  என் குடும்பத்தோடு சென்று பார்ப்பேன்,1,tamil
உண்மையா சொன்ன உடனே எரியுதா...  தரமான செருப்படி நாடகா காதல் நாய்களுக்கு,0,tamil
Actor Vijay Anna Bairavaa Teaser Dialogue's:  Dialogue-1 Vijay Anna: தெரிஞ்ச எதிரியை விட தெரியாத எதிரிக்கு தான் அள்ளு அதிகமா இருக்கணும்  Dialogue-2 Vijay Anna Cute Dialogue: விளையாடலாமா.....  Dialogue-3 Vijay Anna: இன்னைக்கு நிறைய பேர்டா இல்லாத கேட்ட பழக்கம் என்ட இருக்குது  Dialogue-4 Villian: நீ என்ன வசூல் மன்னனா....?   Dialogue-5 Thalapathy:தெரியல அப்படித்தான் பேசிக்கிறாங்க... Sema  Last Dialogue-6 Vijay Anna: எப்போ வரும்-னு சொல்லனுமா.....?,0,tamil
கவுடா இனம் சார்பாக படம் வெற்றியடைய வாழ்த்துக்கள்,0,tamil
பிழைக்கவும் ரஜினி..பிச்சை எடுக்கவும் ரஜினி பெயர்.. முகவரி தொலைத்த காணாமல் போனவர்கள் பிரபலமாக ஒரே வழி ரஜினி..ரஜினி..ரஜினி..,1,tamil
மோகன் ஜீ இந்த படத்திற்கு நான் என்னால் ஆன நிதி உதவி அளிக்க விரும்புகிறேன்,0,tamil
"வேதனை பட்டு உயிரை விட்ட அனைத்து சமுதாயமும் ஒன்று பட்டு நிற்கிறது அக்கினி தாய் திரெளபதி பின்னால்.  காமவேறி அரக்கணோ திராவிடத்தின் நிழலில் மறைய..  நம் ஒற்றுமையை உடைக்க திராவிட சூழ்ச்சி நடைபெறும்.. உடைந்து போவாதிர், ஒற்றுமைக்கான காரணம் பதவியோ,பணம்மோ அல்ல நம் வீட்டு பெண்களின் மானம்.",0,tamil
ட்ரெய்லர் அருமை பரதேசி நாய்களுக்கு சரியான செருப்படி.... பேரரசர் முத்தரையரின மக்கள் சார்பாக வாழ்த்துக்கள்🦁,1,tamil
உயர்ந்த சாதி தாழ்ந்த சாதி இந்த வேறுபாடு எப்ப வந்துச்சு யாரால வந்துச்சு அதை சொல்லிட்டு சாதிய பத்தி பேசுங்கப்பா .... வன்னியன் சத்ரியன்  கவுண்டன் சத்ரியன்  தேவன் சத்ரியன் இன்னும் யார் யாரோ சத்ரியன் னு சொல்றவுனாக எல்லாம் யப்பா ஆண்ட பரம்பரைகளா இந்த ஒடுக்கப்பட்ட பயலுக ல விடுங்க அவனுக கோவிக்குள்ள கூட வர வேணாம் நீங்கல்லாம் நல்லா போய் கருவறைல சாமிய கும்புடுங்க பா .......போய் பிராமண ண்ட போய் நான்தான் ஆண்ட பரம்பரை நான்தான் சாமிய தொடணும் நீ போடா பொட்ட பயலே னு மட்டும் சொல்லுங்க உங்க புடுக்கு இருக்கானு பாப்போம் ....,1,tamil
புதுச்சேரி வன்னியர்கள் சார்பாக இத்திரைப்படம் வெற்றிபெற வாழ்த்துக்கள்.............,1,tamil
ஒரு ஓவியன் தான் பிள்ளைக்கு ஓவியம் வரைய கத்து தருவான்...எங்க அப்பா மிலிட்டரிடா ஓவியம் வரையவா கத்து தருவன்!!!! Sema Mass Dialogue...Trailer Sema Vera level,0,tamil
காதல் எல்லா ஜாதிலும் இருக்கு நண்பர்களே ஏமாதிட்டு போறவனும் எல்லா ஜாதிலும் இருக்கான்  ஆம்பள பசங்கள மட்டும் தப்பு சொல்லாதீங்க இப்ப இருக்க பொம்பள பசங்களும் தப்பு பண்ராங்க கலப்பு திருமணம் தப்புன்னு நெனைக்கிறவங்க கற்பழிப்பு செய்றவங்களை என்ன பண்றீங்க evalo rape நடக்கு அங்க போய் வெட்டி போடுங்க பெருமையா இருக்கும் சமூகம் international levela film எடுங்க. எல்லார் வீட்ல இருக்க பொண்ணுங்க பசங்க இது வரை atleast just sight அடிக்காம இருந்துருப்போமா கண்டிப்பா இருக்காது manasatiya கேட்டுட்டு பேசுங்க brothers அண்ட் sisters படத்தை படமா பாருங்க அண்ட் எடுங்க,1,tamil
நான் ஒரு பிராமின் (ஆனால் இப்படி சாதியை என் பெயரோடு சூட்டிக்கொள்ள எனக்கு கேவலம்) என்னைக்கு மத்த சாதிகாரங்க துணையில்லாம நான் வாழுறேனோ அண்ணைக்கி நான் சாதி பேர சூட்டிக்கிறேன்!  கீழ உள்ள கமெண்ட் எல்லாம் பாத்தா சிரிப்பா வருது எல்லோரும் ஆண்ட பரம்பரை சொல்றிங்களே உங்களெயெல்லாம் அப்போவும் இப்போவும் ஆள்றதே நாங்க தான்டா! நீங்க இன்னும் சாதி பெருமை பேசிட்டு உருப்படாமயே போங்க எங்க பூணுல் தான் நீ என்ன சாப்டனும் என்ன ட்ரஸ் போடனும் என்ன படிக்கனும்னு தீர்மானிக்கிறதே படம் தோல்வியடைய வாழ்த்துக்கள்!,0,tamil
"போராடாம அவன் போகவும் மாட்டான் , சாகவும் மாட்டான்.       U WILL SEE MY RAGE .         DAMN !  BEAST MODE TRAILER MAN!!!!!",0,tamil
"திரளான திரளாக திக்கெங்கும் திரளும் #திரௌபதி திரைத்துறையே திரும்பி பார்த்து மிரளுவைக்கும்  திரைக்காவியம் #திரௌபதி திக்கெங்கும் தெரித்தாற்றுகின்றது தன்மானச் சிங்கமாக சீறிப்பாய்கின்றது வெல்க வெல்கவே, #திரௌபதி வரலாற்று சரித்திரமாக நிற்க்க இது நிழலல்ல நிதர்த்தன்மை,  இதுவே ஒரு உண்மை படைப்பாளியின் வெற்றி  வாழ்க! வாழ்கவே!!",0,tamil
அண்ணண் திருமா நாடக காதல் மேட்டர்மோனி நடத்துறார புரோக்கரா..  இப்படி சிசிடிவி படம் மாதிரி எடுத்து இருக்கீங்க தோழர்..    criminals always criminals even  he born and brought from slum - Dr.Ambethkar,1,tamil
Dislike பண்ணது எல்லாம் அண்ணன் குஜினிகாந்தோட குஞ்சுகள் தான்..,1,tamil
நல்லாருக்கே எல்லாரும் பொரிக்கிகங்கதான். சேதுபதிதான் நம்பிக்கை துரோகி. செம்ம போ,0,tamil
ஒரிஜினலா முடி வைக்காத வழுக்கை பேன்ஸ் நாயிங்க,1,tamil
திருவண்ணாமலை சத்திரியர்கள் சார்பாக வாழ்த்துக்கள்  செம,0,tamil
"வாழ்த்துக்கள்....Love ஜிகாத் , கிருத்துவ ஜிகாத் பற்றிய உண்மையையும் சொல்ல வேண்டும்...",0,tamil
ஜாதி வெறி நாயேனு வன்னியர்கள செருப்பால அடிச்சிருக்காரு இயக்குனர் Hates of You Mohan dreamer,0,tamil
தேனி மாவட்டம் பிள்ளைமார் சமுதாயம் சார்பாக பட குழுவினருக்கு வாழ்த்துக்கள்,0,tamil
Power full dialogue: எங்களுக்கு மண்ணு பொண்ணு ரெண்டுமே முக்கியம் யாரு கையவைச்சாலும் கைய வெட்டுவம்... தரமான வசங்கள் வெற்றி பெற வாழ்த்துக்கள் கொங்கு சமுதாயம் சார்பாக...,0,tamil
இந்த படம் 100 கோடி வசூல் பெறுவதற்கு என்னுடைய வாழ்த்துக்கள்,0,tamil
ஜெயலலிதானு சொல்லி இப்படி பொம்ம மாதிரி மேக்கப் போட்டு வெச்சுரிக்கிங்களே அப்போ எம் ஜி ஆர் கேரக்டருக்கு அரவிந்த் சுவாமி ய என்ன பண்ணி வெச்சுருக்கிங்களோ.,1,tamil
"உங்களுக்கு படம் மட்டும் தான்டா எடுக்க தெறியும், எங்களுக்கு படம் எடுக்கவும் தெறியும், எங்களுக்கு எதிரா படம் எடுக்குரவன் உயிர எடுக்கவும் தெறியும்.",0,tamil
இந்த படத்தை டிவில பத்து டே 2022 ல,0,tamil
தேவேந்திர குல வேளாளர் மக்களின் சார்பாக படம் வெற்றி பெற வாழ்த்துக்கள்   நாடக காதல் செய்து  பணம் பிடுங்கும் வழக்கம் எங்க கிட்ட கிடையாது   தேவதையே வந்தாலும் அவ தேவேந்திர வீட்டு பெண்ணா இருக்கனும்   எனக்கு என் சாதியோட பண்பாடு கலாச்சாரம் அவசியமான ஒன்று   காதலுக்காக என் சாதி பண்பாட்டை கொச்சைபடுத்த மாட்டோம்,0,tamil
எங்களுக்கு மண்ணும் பொண்ணும் இரண்டுமே முக்கியம் 🤟,0,tamil
"தேனி மாவட்ட நாயக்கர் சமுதாயம் சார்பாக வாழ்த்துக்களும், வரவேற்பும்..",0,tamil
இந்த  comments படிக்கும் போது  தான் தெரிகிறது .இவர்களிடம் பகுத்தறிவு இல்லை என .....................,0,tamil
"இப்ப கூட படிக்க செல்லாமல்! வெட்டு,குத்து செல்லி தருகிறார்கள் இதை அறியாத அறிவிலிகள் பேசுகின்றனர்",0,tamil
பன்னிரண்டு வயது வந்த உடனே நமது பெண்களுக்கு உண்மையை கூறுங்கள்.  அவர்களின்  தாயார் பெண்களுடன் நட்பாக இருங்கள்.  என்ன நடந்தாலும் அம்மாவிடம் கூற பழக்குங்கள்.   சில நேரங்களில் சட்டத்தை விட ஆன்மிகம் துணை நிற்கும் என்பதை உணருங்கள்.  எங்கள் கருப்பசாமி இதில் தேர்ந்தவர்.  இந்தப் படம் இமாலய வெற்றியடைய வாழ்த்துக்கள்.  இதுபோல் ஒரு படம் வர வேண்டும் என்று லட்சக்கணக்கான பேர் காத்து இருந்தனர் போலும்.  வெற்றி நமது இலக்கு.,0,tamil
உலக மக்கள் வன்னியர்களின் ஆதரவைப் பெற்று படம் மிகப்பெரிய வெற்றி அடைய வாழ்த்துக்கள்,0,tamil
மதுரை கள்ளர் சமூகத்தினர் மதுரையில் உள்ள முத்தரையர் சமூகத்தினரின் பெண்ணைக் காதலித்து எரித்துக் கொலை செய்தார்கள் .. அப்பொழுது அது நாடக காதலாக தெரியவில்லையா.. யாரடா நாடகக் காதல் கும்பல் அப்டின்னு சொல்றீங்க,0,tamil
ஒரு பெரிய சாதி காரண் கீ ழ் சாதி பெண்ணா இது மாரி நாடக காதல் பண்ண அவன என் பன்னலலாம்,0,tamil
வரலாற்ற திரும்பி பாத்தா ... ரிச்சர்ட் நடிச்ச ஒரு படமும் ரிலீஸ் ஆனதில்ல,0,tamil
"இந்த ட்ரைலருக்கு கமெண்ட் போட்டவங்க, லைக் மற்றும் டிஸ்லைக் கொடுத்தவங்க எல்லாரும் கொஞ்சம் யோசிச்ப்பாருங்க    எல்லா சமுதாயத்திலும் இதுபோன்ற இன செயல் செய்யும் நபர்கள் உள்ளனர்.    நம்முடைய பிள்ளைகளை  ஒழுக்கத்துடன் சமூக சிந்தனைகளை சொல்லி வளர்த்தால்  நிச்சயம் இது போன்ற நாடக காதலில் விழ மாட்டார்கள்.  வாழ்க வளமுடன் ஜெகநாதன்",0,tamil
அருமையான கதை... இன்றைய சூழலில் நடக்கும் அவலங்களையும் அதைதூண்டிவிடுபவனின் முகதிரையும் வெளி கொண்டுவந்திருக்கிறது.. பண வசூலக்கான படம் இல்லை.. மகளை பெற்ற குடும்பத்திற்கான படைப்பு.. திரௌபதி பட குழுவினற்கு மனமார்ந்த வாழ்த்துக்கள் நன்றிகள்,0,tamil
"டேய் கோமாளி கூமுட்டைகளா, தலைவர் அரசியலுக்கு வருவேன் சொன்ன வருடம் 2017 டிசம்பர் 31... உங்க படத்தின் கதை 2016 ட முட்ட கூ........",1,tamil
சூப்பர் நல்லா இருக்கு  அஜித் சார் தலா,0,tamil
தல அஜித் அவர்களின் 25 வருட திரைப்பயணத்தின் கடின உழைப்பை முற்றிலும் பிரதிபலிக்கிறது இந்த இரண்டரை நிமிட முன்னோட்டம். விவேகம் குழுவிற்கு எமது வாழ்த்துக்கள்.,0,tamil
கொரியன் க்ரைம் திரில்லரின் பாதிப்பு ரொம்ப தெரியுது. படமே சில கொரியன் படங்களை மிக்ஸ் பன்ன  காப்பி மாதிரி தான் தெரியுது.. பார்ப்போம்.,0,tamil
"அட்ட கத்தி,  காலா,  கபாலி வரும் போது  ஒருத்தனும் இல்ல ! இப்போ  இந்த  படத்துக்கு குருமா குஞ்சுகள்  social மீடியா லா ஒரே கதறலா இருக்கு?   டேய்  அடங்க மறு ! அடி வாங்கு குரூப்ஸ் !   பேயாம படம் பாத்தோமா போனோமா னு இருக்கனும் !   இயக்குனர் அண்ணனுக்கு வாழ்த்துக்கள் !",1,tamil
இப்படம் இன்னும் சாதி வெறியை அதிகமாக்க  வேற்று கிரக வாசிகள் சார்பாக வாழ்த்துகள் சில்லற அண்ணா... இப்படிக்கு செவ்வாய் கிரக வாசிகள்... வேறு ஏதும் செவ்வாய் கிரகத்தை சேர்ந்தவர்கள் இருந்தால் Like பண்ணுங்க...,0,tamil
வருங்கால பொண்களுக்கு ஒரு விழிப்புனர்வு படமாக அமையும்,0,tamil
"நான் யார் என்பதை எப்போதுமே நான் முடிவு பண்றதில்லை, என் எதிர்ல நிக்கறவங்க தான் முடிவு பண்ணுவாங்க, என்ற வசனமும், 'போராடாம அவன் தூங்கவும் மாட்டான், சாகவும் மாட்டான், ஃபீனிக்ஸ் பறவை மாதிரி எரிக்க எரிக்க எழுந்து வர்றான்' என்ற வசனங்கள் புல்லரிக்க வைக்கின்றன ஆக்சன் காட்சிகள் குறித்து சொல்லவே வேண்டாம். ரயில் சண்டை ஆகட்டும், பைக்கில் பறந்து அடிக்கும் வேகம் ஆகட்டும் தல அஜித் தூள் கிளப்புகிறார். சண்டைப்பயிற்சி ஹாலிவுட் படத்தில் கூட இந்த அளவுக்கு பிரமாண்டம் இருக்காது. அதேபோல் ஒளிப்பதிவு, எடிட்டிங் ஆகியவைகளை விவரிக்க வார்த்தையே இல்லை. அனிருத்தின் பின்னணி அசர வைக்கின்றது. மொத்தத்தில் தமிழில் ஒரு ஹாலிவுட் படம் என்பதை விவேகம் உறுதி செய்துள்ளது.",0,tamil
வேலூர் மாவட்டம் சார்பாக படம் மாபெரும் வெற்றி பெற மனதார வாழ்த்துக்கள்,0,tamil
மண்ணும்.. பொண்ணும்.. எங்களுக்கு முக்கியம்....supar டிரைலர்..படம் வெற்றியடைய வாழ்த்துகள்,0,tamil
"Room No.403, Chengelpet சார்பாக போன்ற வெற்றி பெற வாழ்த்துக்கள்",0,tamil
தருமபுரி மாவட்ட தீரன் சின்னமலைகவுண்டர் பேரவை சார்பாக வாழ்த்துக்கள்,0,tamil
எத்தனை நாளைக்கு பொய்யான செய்திகளை பரப்பி கொண்டிருப்பார்கள் கீழ்த்தரமான ஜாதி நாய்கள்  உண்மை வெளிவரும் என்று ஏங்கி இருந்தோம் ஆனால் இன்று பெருமை கொள்கிறேன் மாவீரன் சத்ரிய குல வம்சம்,0,tamil
தீரன் சின்னமலை கவுண்டர் பேரவை சார்பாக வரவேற்கிறோம் ..    வாழ்த்துக்கள்,0,tamil
இந்த படம் வெற்றி பெற முத்தரையர் மக்கள் சார்பில் வாழ்த்துக்கள்.... அனைத்து சமுதாய பெண்களும் பார்க்க கூடிய படம்....நாடக காதலுக்கு செருப்படி தர கூடிய படம்....,0,tamil
Karur மாவட்டம்   கொங்கு படை சார்பாக வாழ்த்துக்கள்,0,tamil
வெறிதனம்    காத்து இருந்தோர் பா்த்ததும் ஒரு  அட்னஸ்ச போட்டு போங்க,0,tamil
அனைத்து உடையார் சார்பாக படம் வெற்றி அடைய வாழ்த்துக்கள்,0,tamil
சாதி படமா??? சமூக படமா???  இந்த திரௌபதி முழு காணொலி பார்த்துட்டு பேசுங்கடா,0,tamil
சாவுங்கடா....வாழ்த்துக்கள் மோகன் சார்......... உங்களுக்கு வந்த ரத்தம் எங்களுக்கு வந்த தக்காளி சட்னியா,1,tamil
விராலிமலை முத்துராஜகுல அம்பலத்தார்கள் சார்பில் படம் வெற்றி வாகைசூட வாழ்த்துக்கள்.,0,tamil
Comment கிழ வரைக்கும் போய் பார்த்தவங்க எத்தனை பேரு..... அதை போல படத்தையும் பாருங்க.....வெற்றி நிச்சயம்..... yadav கண்ணாஜி,0,tamil
அருமையான படமா இருக்க போது ஜெயம் ரவி இந்த படமும் வெற்றி தான்,0,tamil
குரு வின் தம்பிகள் சார்பாக படம் வெற்றி பெற வாழ்த்துக்கள்,0,tamil
மாற்று சமூகத்தில் திருமண உறவு வைத்துக் கொண்டாலும் கண்ணியமாக வாழலாம்.,0,tamil
கரூர் கொங்கு வெள்ளாளக் கவுண்டர்கள்   சமுதாய மக்களின் சார்பாக படம் வெற்றியடைய வாழ்த்துக்கள்,0,tamil
மதுரை நாயக்கர் சமுதாயம் சார்பாக படம் வெற்றி பெற வாழ்த்துகள்,0,tamil
"சங்ககால தமிழன் சார்பில் இத்திரைபடம் வெற்றி பெற வாழ்த்துக்கள்,,,,,,",0,tamil
கெத்தா துணிஞ்சு எடுத்து இருக்கான் வாழ்த்துக்கள் யா டைரக்டரே,0,tamil
என்ன ஜி படம் ஷங்கர் சார் range la எடுகிறீங்களa்....நானும் தீபாவளி கு வரும் கிறிஸ்துமஸ் கு வரும் நியூ year கு வரும் னு எதிர் பார்த்தேன் ...கடைசில பொங்கல் கூட வந்திருச்சு இன்னும் trailer வைச்சு எத்தனை நாள் தான் வோடவிங்க......santanam சார் எங்க இருக்கீங்க....ட்ரைலர் 50 தடவ paartuten,1,tamil
ரஜினிகு இருக்கின்ற இளம் ரசிகர்கள் கூட சூர்யாவுக்கு இல்லை என்று இருக்கும்போது வேதனையாகத்தான் உள்ளது,1,tamil
பார்க்கவ குல உடையார் சமுதாயத்தின் சார்பாக படம் வெற்றியடைய வாழ்த்துகள்.,0,tamil
தூத்துக்குடி நாடார்கள் சார்பாக படம் வெற்றி பெற வாழ்த்துக்கள்..,0,tamil
பொள்ளாச்சில  படம் எடுத்தவன என்னபன்னங்க அவனுக்கு விளக்கு புடுச்சிங்கள,1,tamil
பறையனும் வந்த ரத்தம் நமக்கு வந்த தக்காளி சட்னி,1,tamil
இங்க வந்து ஏண்டா எங்க தலைமகன் அஜூத் த ட்ரோல் பண்றீங்க..பாவம்டா அவரு....  அவர் அதான் ஒதுங்கீட்டாரு,1,tamil
கீழே கமென்ட்ஸில் சாதி வெறி நாய்கள்..  எவனாவது சாதி இரண்டொழிய வேறில்லை னு சொல்றானா..  வாழ்க தமிழகம்..,1,tamil
அணைத்து சமுதாய பெண்பிள்ளைகளும் இந்த படத்தின் மூலம் பாடம் கற்கவேண்டும் ...மற்றும் நாடக காதலை கருவருக்கவேண்டும் .,0,tamil
வானைத் தொட்டது வேள்வித்தீ! வேள்வியில் உதித்தாள் பெண்ணொருத்தி! பெண்குலம் போற்றும் பத்தினித்தீ! அவளது நாமம் திரௌபதி! தலைவிரித்தாடும் அதர்மத்தை தரைமட்டமாக்கிட அவதரித்தாள்!  திரெளபதி படத்திற்காக ஆவலுடன் காத்துகொண்டு இருக்கிறோம்  @mohandreamer இப்படம் வெற்றியடைய வாழ்த்துக்கள் அண்ணா,0,tamil
டைரக்டர் மோகன்_ஜி பயபுள்ள சங்கியா இருப்பாப்ல போல.. சரக்கு இரிக்கி மிடுக்கு இரிக்கி ..த்தா வச்சு பொளந்து கட்டிர்ப்பாப்ள போல..,0,tamil
திருவண்ணாமலை வீர வன்னியர்கள் சார்பாக படம் வெற்றி பெற வாழ்த்துக்கள்...,0,tamil
நாடக காதலை குறிப்பிட்ட ஒரு சமுதாயம் ஒரு வேலையாக செய்கின்றது என்பதுதான் நிதர்சனமான உண்மை...,0,tamil
எதிர்பார்த்து கிட்டு இருந்தோம் .. Trailer விட்டதுகே.. kolla Peru... poochu kaapu .. erukanga,1,tamil
மிகவும் அருமை. இந்த படம் வெற்றி அடைய வாழ்த்துக்கள்,0,tamil
படத்துல தலையோட மச்சான் நடிக்கிறாரு நல்லா ஓடனும்🤩🤩,0,tamil
பூமி பூமி சுத்தும் சத்தம் ஆழி ஆழி கத்தும் சத்தம் மனிதன் மனிதன் யுத்தச்சத்தம் இதில் எங்கே கேட்கும் குயிலின் சத்தம்..,1,tamil
தேவர் மகன் படத்தில் தேவருக்கு வில்லனாக இன்னொரு தேவரையே காட்டுகின்றனர்...\r சின்னக் கவுண்டர் படத்தில் கவுண்டருக்கு வில்லனாக இன்னொரு கவுண்டரையே காட்டுகின்றனர்...\r ஆனால் ஒரு தலித் சார்ந்த படத்தில் மட்டும் தான் தலித் _ஐ அப்பாவியாகவும் மற்ற சாதியினரை வில்லனாக காண்பிக்கப்படுகிறனர்......,0,tamil
தல தல தல தல தல தல தல தல தல தல தல தல தல தல தல தல தல தல தல தல,0,tamil
கார்ட்டூன் மாதிரி இருக்குனு சொல்லுங்க.ஒத்துக்கலாம்....ஆனா அம்மா மாதிரி இல்லையேனு கேக்காதீங்க... அப்படியே வேணுன்னா அம்மாதான் வந்து நடிக்கணும்,1,tamil
மிஷ்கின் அவர்களுடைய  படம் வெற்றி பெற வாழ்த்துக்கள்,0,tamil
படம் வெற்றி பெற வாழ்த்துக்கள் பெண் பிள்ளைகளை நல்லது எது கெட்டது எது தேர்வு செய்யும் மண தெளிவுடன் தைரியமாக வளர்க்க வேண்டும்.,0,tamil
தளபதி ரசிகர்கள் கண்டிப்பாக இப்படத்தை வரவேற்பார்கள்....மிக மிக கேவலமாக இருக்கு...அதுக்கு தான் சொல்றேன்..,1,tamil
"Phoenix பறவை மாதிரி எறிக்க, எறிக்க எழுந்து வருவாரு.! தல_அஜித்.!",0,tamil
உனக்கு வந்தா இரத்தம் எனக்கு வந்தா தக்காலி சட்னியா   பொங்கடா,1,tamil
நீ வந்து சென்றனை எனை கொன்று சென்றனை arr,1,tamil
அடிக்கிறவனுக்கே தெரியாம எப்பிடிடா அடிக்க முடியும் பேசுனுங்கறகாக பேசாத நாயே விவரமா பேசு விட்டா கிறுக்கனா ஆகிருவாய்ங்க போலருக்கு,1,tamil
இவன் ஏற்கனவே ஒரு சைக்கோ அதனால  நடிக்க வேண்டியதில்ல 🥶,1,tamil
அரைச்ச மாவே எத்தன வாட்டிடா அரைப்பீங்க!! அரசியல் படம் எடுக்குறனு உயிர எடுக்குறானுங்க,1,tamil
"இளையவர்கள் மனதில் வெறுப்பை விதைக்கப் போகும் படம்,  கல்வி மிகவும் முக்கியம் நண்பா , காட்டான்களாகவே எவ்வளவு காலம் இறுக்க போறிங்க ? Education is very important , GOvt has to impose mandatory education until college for north Tamilnadu youths",1,tamil
selvaragan sir ஆயிரத்தில் ஒருவன் part 2 எப்ப sir வரும்,0,tamil
"தினம் தினம் 4, இல்ல்5 தடவ நாஞ்சிம் இந்த வீடியோவ பாத்துடுவ நீங்க எப்படி",0,tamil
படம் சிரிக்க மட்டும் இல்லாமல் சிந்திக்கவும் வைத்தது.... அருமையான படைப்பு கோமாளி=பலசாலி,0,tamil
படம் எப்படி ரிலீஸ்??? ரொம்ப ஆர்வம் இருக்கு,0,tamil
அம்மணம் பொண்ணுகளுக்கு மட்டும் தான் அவமானமா ஏன் உன்க்கில்லசெம்ம டயலாக்,0,tamil
அருமை சூப்பர் சகோ திருநெல்வேலி மாவட்டம் பாசுபொன் முப்பிடாதி வாழ்த்துக்கள் நண்பா,0,tamil
போராட்ரதே தப்புனா போராட்ர சூழ்நிலைய உருவாக்ரதும்  தப்பு...,1,tamil
அடேய் முழு படத்த இங்க போட்டா  தியேட்டர்ல யாரு இருப்ப...??,1,tamil
1:05 என் தலைவர்வேர இருக்கார் ஆஹ் அடி தூள்,0,tamil
தளபதிவிஜய்அண்ணாரசிகன் சாமிநாதன் கவுண்டர் சார்பாகஅருமை அருமை சபாஷ் மண்ணு பொண்ணு ரெண்டுமேஎங்களுக்கு முக்கியம்,0,tamil
நான் அரசியலுக்கு வருவது உருதி ஏய் இது 96 யார யேமாத்த பாக்குறீங்க....🤣🤣🤣🤣🤣,1,tamil
உணமையாவே இது சைக்கோ படம் தான் ஒன்னுமே புரில,1,tamil
மேல் சாதின்னு சொல்ற ஒங்க எல்லா சாதியிலயும் உள்ள பெண்கள  குனிய வச்சி அவளுங்க ரெண்டு ஓட்டயிலயும் விட்டு ரொம்ப நல்லாவே ஓத்து தள்ளியிருக்குறன்டா,1,tamil
தல மரண மாஸ்டா ஓத்தா தேவுடியா பசங்களா,1,tamil
ஆழமான கருத்து! படம் வெற்றி அடைய வாழ்த்துக்கள்!,0,tamil
தரமான சம்பவம் .. மோகன் அண்ணா. ... எதிர்பார்த்ததை விட ..  செமயா இருக்கு. ...,0,tamil
"டேய் படம் வெற்றி பெற வாழ்த்து சொல்லுங்கடா  அங்க போய் என் சாதி, சங்கம் சார்பா வெற்றி பெற வாழ்த்துக்கள் னு உங்க சாதி  காட்றீங்க.  அது சரி படமே அப்படி தான் இருக்கும் போல. இதுல என்ன message இருக்குனு படம் எடுத்தவனுக்கே தெரியாது போல",0,tamil
முதலில் இளையராஜா பெயர் அதற்கு பிறகு மிஷ்கின் பெயர்....,0,tamil
ஜெயம் ரவி. மற்றும் டைரக்டர் இருவரும் தேவிடியாலுக்கு பிறந்தவன் என்று நிருபித்து விட்டானுங்க.டேய் ரஜினி 96ல அரசியலுக்கு வருவதா எங்கயாவது கூறி அதற்கு ஆதாரம் உள்ளதா பத்திரிகை எழதியது ரசிகர்கள் அழைத்தார்கள் ஆனால் ரஜினி எங்கேயும் தான் அரசியலுக்கு வருவது உறுதி என்று 96ல் கூறவில்லை 2016 தான் அரசியலுக்கு வருவது உறுதி என்றார் வரலாறு தெரியாதவனுங்க பப்லிசிட்டிக்காக செய்த அசிங்கம் .நீ யார் வேணாலும் காலச்சிக்கோ ஆனா ரஜினி ரசிகர்கள் மீது கை வைச்ச பீஸ் பீஸ்தான்.. தேவிடியா பசங்களா .,1,tamil
கன்னியாகுமரி நாகர்கோவில் பகுதி நாஞ்சில் நாட்டு வேளாளர் சைவ வேளாளர் மற்றும் ஒட்டுமொத்த வெள்ளாளர் வேளாளர் பேரவை சார்பாக வாழ்த்துக்கள்   மாவீரர் மருதநாயகம் பிள்ளை அவர்களின் நல்லாசியுடன் வாழ்த்துக்கள்,0,tamil
தலித் சமுதாய மக்களை தூண்டி விட்டு சாதி கலவரம் பன்னும் சில அரசியல் தலைவர்க்கு செருப்பு அடி தான் இனி மேல்,1,tamil
குல தாழ்ச்சி உயர்ச்சி சொல்லல் பாவம்..  சாதிகளை தாண்டி சதிகளை தோலுரிக்கும் என நம்புகிறேன்..,0,tamil
"யோவ் பாரின் சரக்கு அதிகம் அடிக்காதான்னு எத்தனை தடவையா சொல்லுறது, இப்பையும் அப்படியே வாந்தி எடுத்து வச்சி இருக்க",1,tamil
கடைசியாக நடித்த 6 படங்களும் தோல்வி. இந்த படமாவது ரஜினி குறித்து பேசி வெற்றி பெற வாழ்த்துக்கள்,1,tamil
பிகிலில் உன்னை பயன்படுத்தவில்ல இதிலாவது உன் திறமை வெளிவரட்டும்,0,tamil
போராடுறது தப்புனா போராடுற சூழ்நிலையை உருவாக்குறதும் தப்புதான.....  அருமை.....,0,tamil
நாடக காதல் பத்தி படம் எடுத்த மோகனுக்கு கொங்கு வேளாளர்கள் சார்பாக வாழ்த்துக்கள்...... படம் ரிலீசுக்கு ஏதாச்சும் பிரச்சனை ஏற்பட்டால் சொல்லுங்கள்..... படத்தின் தயாரிப்பு செலவை 300 சதவீதம் லாபத்தோடு கொடுத்து விடுகிறோம் படத்தை இணையதளங்களில் இலவசமாக வெளியிடுங்கள்.....,0,tamil
திண்டுக்கல் மாவட்ட வெள்ளாளர் வேளாளர் சமுதாயம் சார்பாக படம் மாபெரும் வெற்றி அடைய   வாழ்த்துக்கள்...,0,tamil
தமிழ் சினிமாவே திரும்பிப் பார்க்க போற படம் இதுதான்...!!  பெண்களை சாதி ரீதியாக நாடக காதல் வலையில் வீழ்த்தி பணம் சம்பாதிக்கவும் நாடக காதல் பன்றிகளுக்கு ஒரு பாடமாக இருக்கும்....  //2020 புரட்சி//,1,tamil
எங்களுக்கு மண் பெண் இரண்டுமே ஒண்ணுதான் அதுல யார் கை வச்சாலும்  வெட்டுவோம்,1,tamil
இந்த படம் வெற்றி பெற போயர் சமுதாயம் வாழ்த்துக்கள்,0,tamil
பைரவா வரலாம் வா வரலாம் வா பைரவா 205K மாஸ் தலைவா,0,tamil
#திரௌபதி ..  #பல லட்சம் பார்வையாளர்களை கடந்து மாஸ் காட்டுகிறது டிரைலர்.!  #படக்குழுவினருக்கு வாழ்த்துக்கள்.,0,tamil
சரிதான் திரும்ப சாதி பேர சொல்லி அடிச்சுக்க போரானுங்க எப்படியோ தமிழ் நாடு நாசமா போகப் போரது உறுதி,1,tamil
ஆண்ட சாதிகளுக்கு பொறுமை இருந்தால் பாரிசாலனின் இந்த ஒரு மணிநேரம் காணொளியை பாருங்கள் தயவு செய்து .,0,tamil
திருட்டு பசங்களுக்கு சரியான செருப்படி இந்த திரௌபதி.  இனிமேல் வருடத்திற்கு ஒரு செருப்படி உண்டு...,1,tamil
படிச்சவன் சாதி பாக்கமாட்டங்கனு கேள்வி பட்டுருகேன். இப்ப இங்கு படிச்சவன் எழுதுரத படிச்ச இவிங்க படிக்காதவன இருந்து இருக்கலாம் தோணுது.....,1,tamil
நீங்க சொன்ன ஒவ்வொரு  வார்த்தையும் இந்த சலுகையில வாழுர  Bc -30% MBC -20% Oc -10%  Sc-15% ScA--3% St-1%    நாயகள செருப்பால அடிச்சா மாதிரி இருந்துச்சு நண்பா   ( உங்களுக்கு எப்போ தான் டா அறிவு இங்கிறது ஊருகா அளவுக்காச்சும் வளர போகுது 🤦),1,tamil
ஆட்சியில் அங்கம் வைக்காத போதே குருமா கூட்டம் பல குடும்பத்தை சீரழித்து உள்ளது. 2021 இவர்கள் இருக்கு திமுக கூட்டணி ஆட்சி அமைத்தால் இவர்களின் அராஜகம் பன்மடங்கு அதிகரிக்கும் ஆதலால் இவர்களை வெற்றி பெறாமல் செய்ய வேண்டியது அனைத்து சமூகத்தினரின் கடமை ஆகும்.,1,tamil
மாஸ்.... ட்ரைலரே பட்டைய கெளப்புது. அட போங்கப்பா எல்லா கமண்ட்க்கும் லைக் போட முடில.... எவ்வளவு இருக்கு சப்போர்ட் பன்ன எல்லா கமண்ட்டுக்கும் என்னோட லைக்....,0,tamil
அருமையான படமா இருக்க போவுது இந்த நூற்றாண்டுல ... \r   எங்கள் வட  சென்னை  சேர்ந்த ஒரு மா மனிதன்.டைரக்டர் மோகன் G க்கு ராயல் சல்யூட் சார்... ஜி என்றால்   ஜீனியஸ்.,0,tamil
சின்ன நெஞ்சிலே நூறு கோடி ஆசை' பாட்டுல வர hero தான வில்லன்... 🤔,0,tamil
மணிரத்னம் - செக்கச்சிவந்த வானம் அட்லி - செக்கச்சிவந்த மேகம் (புரிஞ்சவன் பிஸ்தா),1,tamil
மேகன் அண்ணா  ஆதாரம் கட்டுங்க  முக்குலத்தோர் கவுண்டர் நாடார் வன்னியர் நாயக்கர் நாங்கள் பின்னால் நிக்கிறம்,1,tamil
அதிரடி திருப்பம் ! பிக் பாஸ் வீட்டில் இருந்து சரவணன் வெளியேற்றம் !,1,tamil
லத்துவாடி பூஞ்சோலை ஊர் பொதுமக்கள்  சார்பாக இப்திரைப்படம்  வெற்றி பெற வாழ்த்துகள்....! தொட்டுப்பார எங்க பொன்னு மேல கைய.......,0,tamil
தலித் சமூகம் அழிவிற்கு காரணம் கருணாநிதி மற்றும் திருமாவளவன்.\r இப்போதும் ஒன்றும் கெட்டு போகவில்லை. ஒழுக்கமா இருந்தால் நல்லது.,0,tamil
இத்திரைப்படம் வெற்றியடைய ஜாதிகளே தேவையில்லை என்று நினைக்கும் இளைஞனின் வாழ்த்துக்கள்,0,tamil
"சாதி மீது எனக்கு உடன்பாடில்லை அதற்காக இந்த நாடக காதல் கும்பல் பண்ணும் அவலங்களை எதிர்க்க இது போன்ற திரைப்படங்களும் அவசியம், முள்ளை முள்ளால் தான் எடுக்கனும்",0,tamil
சக்க மணிரத்னம் ஜி செம்ம மாஸ் காட்ட போறீங்க போல,0,tamil
திக and தெருமா பாய்ஸ் கதறபோறானுக.. அடங்கமறு அத்துமீறு.,1,tamil
கொங்கு வெள்ளாளர் கவுண்டர் சார்பில் படம் வெற்றி பெற வாழ்த்துக்கள்,0,tamil
இதே மாதிரி  போலி மீடியாக்களையும் (News channels--win tv தவிர) தோலுரித்துக் காட்ட வேண்டும்.,1,tamil
சரியான கதை.  . சரியான காலத்தில்.,0,tamil
டிசம்பர் மாதம் காஞ்சிபுரம் மாவட்டம் வாலாஜா அந்த ஊரு தலித் பொண்ணு name ரோஜா அந்த பொண்ண நாடக காதல் பண்ணி கொடூரமா கொலை பண்ணுன வன்னியர் ஜாதி தேவிடியா மொவன் இப்போ ஜெயிலில் இருக்கான்.... நாடக காதல் குரூப் வன்னியர் ஜாதி no1... வெக்கம் கெட்ட நாய்ங்கலே  த்து.....,1,tamil
"அமுக்கு டுமுக்கு அமால் டுமால், டீசர் நல்லா மயிறு கனக்க இருக்குஇப்ப என்ன பேன்ட பரம்பரை பொன்னுங்கள எவனும் காதலிக்க கூடாது அடுத்த வேல சோறுக்கான வேலைய பாருங்கடா குடிசை கொளுத்திகளாசமூக திருத்த படம் சல்சா படம்னு கமெண்ட்ல படையெடுக்காதீங்கடா🤣🤣",1,tamil
எங்கள் முக்குலத்தோர் சமுதாயம்    சார்வாக வாழ்த்துக் கள் வெறித்தனம் படத்தை நாங்கள் கண்டிப்பாக பார்ப்போம்,0,tamil
ஆண்கள் நிர்வாணமாக காட்டுவதற்கு பதில்.பெண்களை நிர்வாணமாக காட்டி இருக்கலாம்.,0,tamil
வன்னிய நாயக்கனுக்கு மானமே பெரிசு..மத்ததெல்லாம் மசுறு...  வாழ்த்துக்கள் எங்கள் குல துரோபதிக்கு,1,tamil
ஆதி அண்ணா ரசிகர்கள் மட்டும்   லைக் பண்ணுங்க,0,tamil
தேவரின தேசபக்தர்கள் குழுமம்   சார்பாக வெற்றியடைய வாழ்த்துக்கள்!! அனைவரும் திரையரங்கு சென்று பார்ப்போம்!!,0,tamil
உங்கள தவிர தமிழ்நாட்டில் இந்த மாதிரி நடிக்கிறதுக்கு வேற யாரும் இல்ல சார் ஜெயம் ரவி சார்  சூப்பர் சார்,0,tamil
பொறையார் நாடார்களின் சார்பாக திரௌபதி வெற்றியடைய வாழ்த்துக்கள்,0,tamil
நம்ம பேஜ் லைக் பண்ணுங்க சப்கிரைப் பண்ணுங்க,0,tamil
உண்மைய உறக்க சொன்ன படகுழுவினருக்கு வாழ்த்துகள் ~^~,0,tamil
திரௌபதி குழுவினருக்கு எனது மனமார்ந்த நல்வாழ்த்துக்கள்,0,tamil
திரௌபதி என்பதற்கு அக்னி நெருப்பு என்று பொருள்..........,0,tamil
இந்த படம் வெற்றி பெற வாழ்த்துகள்.... என்றும் வன்னிய குல சத்திரியன்,0,tamil
திரௌபதி நீண்ட நாட்களா நாடக காதலால் பாதிக்கப்பட்ட பல சமூகத்தின் மன குமுறல்,0,tamil
அரசியலில் அறிவுப் பூர்வமாக  திருமாவை நேரடியாக  எதிர்க்க துப்பில்லாதவர்களே  பெண்களை பகடைகாயாக்கி   எடுக்கப்பட்ட  திரைப்படம்தான் இது. கண்டிப்பாக இந்த இது தோல்வியில்தான் முடியும்.,1,tamil
இந்த படத்தை குடும்பத்துடன்  சென்று பாருங்கள் .இந்த படத்துக்கு உழைத்த அனைத்து நல்உள்ளங்களுக்கு பாராட்டுக்கள் .,0,tamil
நான் ஒரு தமிழன் அதற்கு அடையாளம் என் சாதி. திருமாவளவன் தவற பேசும் வெண்ணெய் களே அவர் ஏன்டா அப்புறம் ஜெயிக்க வெச்சிங்க . இங்கே எவன்டா சாதி இல்லாம திரியுறான் .. காசு இருந்தால் சாதி எல்லாம் எவனும் பார்க்கமாட்டான்.. இங்கே எல்லா கட்சிகளும் சாதி பார்த்துதான் சீட் தருது..admk dmk ரெண்டு கட்சிகளும் வாழ இந்த சாதி சாயம் அதற்கு உதவு இந்த cinema social media press எந்த சாதியும் உயர்ந்த சாதி இல்லடா,1,tamil
இளைய ராஜா அவரோட இசை யா வேற படத்துல பயன்படுத்துன மட்டும் நீ அம்பலைய னு கேக்குரரு. பீத்தோவன் இசை ட்ரைலர் ல வருது ஆனா இசை இளையராஜா சொல்றக ஏனடா நியாயம் எது..உனக்கு ஒன்னு ஊருக்கு ஒன்னு,1,tamil
மிஷ்கின் உங்கள் இடத்தில் நிறைய..... விஷயம் இருக்குன்னு ஒத்துகுறன்...,0,tamil
ஒவ்வொரு பெண்ணும் கட்டாயம் பார்க்க வேண்டிய படம் திரௌபதி.. வெற்றி பெற வாழ்த்துகள் அண்ணா ..,0,tamil
இராமநாபுரம் மாவட்டம் முத்தரையர்கள் வழிமறிச்சான் முத்தரையர்கள் சார்பாக படம் வெற்றிடைய வாழ்த்துக்கள்,0,tamil
"மாவீரன் வன்னியர் படை சார்பாக வாழ்த்துக்கள் ,",0,tamil
அடப்பாவமே....எல்லா நடிகர்களும் போராட்டம் போராட்டம் என திரையில் வசனம் பேசத் துவங்கிவிட்டனர்...  ஆனால் இந்த ஹீரோக்கள் சூப்பர்மேன்போல சமூக பிரச்சினைகளை திரையில் சமாளிப்பர்.  இதை பார்த்து இளைஞர்கள் அவர்களும் ஒரு சூப்பர் ஹீரோக்களாகவே உணர்வர். அதனால் சிறு சிறு சமூக உதவிகள் செய்வதில் பலனில்லை என அவர்கள் மனதில் பதியவைக்கிறது திரைப்படங்கள்.  உண்மையான போராட்டம் திரையில் இல்லை அது தரையில் உணர்வோடு உருவாக வேண்டும். இளைஞர்கள் அந்த உணர்வை திரையில்மட்டும் பார்த்து தெரிந்து கொள்ளக்கூடாது.,1,tamil
இன்று முழுவதும் இந்த டிரைலரையும் இந்த படத்துக்கு வரும் கமெண்ட் ஐயும் பார்த்து ரசித்துக் கொண்டே இருக்கிறேன் மனம் வேறு செய்தியை பார்க்க செல்ல மாட்டேங்குது உடையார் சமுதாயத்தில் பிறந்த நான் இந்தப் படத்தைத் தியேட்டரில் காண்பதற்காக காத்திருக்கிறேன்,0,tamil
PLIP PLIP UH...  இனிமே கைல புடிக்க முடியாது..review ah nenachen....   பொள்ளாச்சி rape நடந்தப்ப ஆண்ட சூண்டலாம் என்னத்த வாயில வச்சுருந்தாய்ங்களோ,0,tamil
ஜாதி கூதி னு வரவனுங்களை வெட்டனும் முதல்ல..,1,tamil
நாடக காதல் எந்த சமுதாயத்துல நடந்தாலும் தப்புதான்பெத்தவுங்க பாசம் புரியாம சில மாசம் பழகுன காதலனின் காதல்தான் பெருசுனு போற பெண்கள் எல்லாரும் நல்லா இருக்குறதுல்ல 10 பெண் வாழ்க்கைல 8பெண் வாழ்க்கை கெட்டு போய்டுது,0,tamil
திரௌபதி சீலையை உருவி மானபங்க படுத்தியது அக்னி வம்சத்தை சார்ந்தவரே  ஆனால் இன்று அவர்கள் பெண்களை பாதுகாக்கிற்களாம் #பெண் #பாதுகாப்பு,1,tamil
"படம் வெற்றி பெற வாழ்த்துகள்.பரியேறும் பெருமாள் ,திரொபதி இத்துடன் சாதி படம் எடுப்பவர்கள் சாதியை  மீறி இன்னும் ஏதேனும் நம்மை பிரிக்க முயற்சி செய்ய வேண்டும்  பிரிவதற்கு தாயார் 2020 தமிழ்நாட்டில் இந்த சாதி நாடு அந்த சாதி நாடு அப்படி பிரிவோம் அரசியல் மட்டும் வாழ இந்த தமிழ்நாடு",0,tamil
தரமான எதிர்பார்த்த ஒன்று!விஸ்வகர்மா சமூகம் சார்பாக வெற்றி அடைய வாழ்த்துகிறோம்! @சமதர்மம் என்பது எல்லா மனிதக் குழுக்களும் இணைந்து வாழ்வதே! மேல் நடு கீழ் என்பது இயற்கைத் தன்மை!,0,tamil
படம் வெற்றி அடைய வாழ்த்துக்கள். சிவகுருபரன் நாடார்,0,tamil
நல்லதான் இருக்கு. பின்னனியிசை அருமையாக இருக்கு. நல்ல பாடல் ஒரு எதிர்பார்க்கலாம். படத்தை விரைவில் எதிர்பார்க்கிறேன்.,0,tamil
எங்கள் மண்ணை தொட்டவன் கால்கள் எங்கள் நிலத்தில் உரமாகும் எங்கள் பெண்ணை தொட்டவன் கைகள் எங்கள் அடுப்பில் விறகாகும்.,1,tamil
பட ட்ரைலர் வேற லெவல்... வெற்றிப்பெற வாழ்த்துக்கள்..,0,tamil
சரியானா movie im waiting எப்ப பார்த்தலும் கிளு சாதி க்கு seaport pannura நாயிக்கு செருப்பு அடி,1,tamil
அடங்க மறு.அத்து மீறு..திமிறி எழு.. திரும்பவும் அடி வாங்கி  சாவு..,1,tamil
ஏண்டா.. ஏ  பூலுங்கலா   படம்  எடுக்குரிங்க   அதுல ஏண்டா... விஜய்... அ‌ஜித்  படத்தை.. போடுரிங்க   நீங்களும்... விஜய் அஜித்  மூலமா   famous ஆகலான்னு  பாக்குரிங்க,1,tamil
யாதவ சமுதாயம் சார்பாக படம் வெற்றி பெற வாழ்த்துக்கள்,0,tamil
"டே இயக்குனரே..... கதையை எப்படி தேர்ந்தெடுக்கணும் அதை எப்படி சொல்லனும்னு தெரிஞ்சிக்க மாரி செல்வராஜ் கிட்ட தினம் மூணுவேளை வாங்கி குடிடா பரதேசி... நல்ல கதை எடுத்து ஜெயிக்க வக்கில்லனா... ஜாதிவெறிபுடிச்ச நாய்ங்கள தூண்டிவிடுற ஒரே ஒரு வசனத்தமட்டும் வச்சி படம் எடுக்கவேண்டியது... நம்ம ஊருல அந்த பைத்தியங்கள் தான அதிகம் இருக்கு... முதுகெலும்பில்லாத நாய்.... ரிச்சர்ட் சார், தலயோட மச்சான்னு உங்கமேல ஒரு மரியாதை இருந்துச்சி.... எதைவது பண்ணி ஹீரோ ஆகிடனும், ரசிகர் கூட்டத்த உருவாக்கிடணும் நு இப்படி மட்டமான வேலை பாப்பிங்கன்னு நெனச்சி கூட பாக்கல...",1,tamil
நான் யாருங்கிறத எப்பவுமே நா முடிவு பண்றதுல்ல ... ஏன் எதுர்ல நிக்கிறவங்கதான் முடிவு பண்ணுவாங்க WOW THALA !!!!!!!!!!,1,tamil
"More than 3M Views.. சும்மா இருந்த சங்கை ஊதி கெடுத்துட்டானுங்க கருப்பு சட்டையும், நீல சட்டையும்.  மிரட்டல் தொடரும்.... # திரௌபதி..",1,tamil
ஒரு முதலியாராக இந்த திரைக்காவியத்தை கண்டு வியக்கிறேன்!,0,tamil
உண்மை யா சொல்லவும் அண்ணா. இது போன்ற படம் இப்பொழுது உள்ள சூழ் நிலைக்கு தேவையானது... கல்லூரி செல்லும் மாணவிகள் பார்க்க வேண்டியது அவசியம்....,0,tamil
"தவறை சரி என்று படம் எடுத்து ஜாதி ஒழிப்பு என்ற பெயரில் ஜாதி வன்முறையை தூண்டுபவர்களின் மத்தியில், பாதிக்கப்பட்டவர்களின் குமுறல்களை வெளிப்படையாக திரையில் வெளிச்சம் போட்டுகாட்டிய படக்குழுவினர்கள் அனைவருக்கும் என் மனமார்ந்த வாழ்த்துக்கள்...",0,tamil
கருணாஸ் ப்ரோ. நீ தயவுசெய்து பேசாத படத்தை கெடுக்காத,1,tamil
"இந்த நாடக காதலுக்கு விதையை போட்டது திராவிட கழகம் சொரியார் பன்னிக்குட்டி ராமசாமியும், தலீத்ய குருமாவும் தான்.  (படம் இந்த கருத்தியலுக்கு எதிராஎதிராகவே எடுக்கபட்டுள்ளது)  தமிழர் குடிகள் ஒற்றுமைக்கு குந்தகம் விளைவிக்கும் மனநிலையில் இருந்து வெளியே வாருங்கள்.(அனைத்து தமிழர் குடிகளுக்கும் பொருந்தும்.)   அறியாமை என்னும் இருளை போக்க தமிழர் வரலாற்றை அனைவரும் அறிந்துகொள்ள வேண்டிய காலம் இது.   நான் தேவேந்திரன் குல வேளாளர்/ ம(ப)ள்ளர்  மருத திணை குடி   திரைப்படம் வெற்றி பெற வாழ்த்துகள்",1,tamil
அடி தர்ம அடி நாடக காதல் கும்பல் கதர் உங்கட நாய்களே,1,tamil
"இந்த title காக வே படம் பார்க்கணும் theater ல போய்....     எங்க ஊர்ல கொஞ்ச நாள் அவர் duty ல இருந்தார். அதனை திருடர்கள், கொள்ளை, கொலை காரர்கள் எல்லாம் பயத்துல வெளியே தலை காட்டவில்லை. அரசியல்வாதிகளை அளரவிட்டார்...      ஆனால் ரொம்ப குறுகிய காலம் தான் இருந்தார்...  நல்லவர்களை அடிக்கடி இடம் மாற்றுவது தானே அதிகாரத்திற்கு வேலை.. திரு. சகாயம் ias மாறி இவரையும் நிறைய இடத்துக்கு மாற்றம் செய்தார்கள்.... அப்போது நான் 11 th படித்து கொண்டு இருந்தேன்...",0,tamil
இது ஒரு திரைப்படம். அவ்வளவுதான். இதில் இருந்து பாடம் கற்றுகொள்பவர்களும் உண்டு பார்ப்பவர்களும் உண்டு.ஒரு கருவை மையமாக வைத்து படம் எடுக்க ஒவ்வொருவருக்கும் உரிமை உண்டு.மாறுபட்ட விமர்சனங்களையும் சகிப்புதன்மையோடு ஏற்றுக்கொள்ளவேண்டும் அதைவிடுத்து இதை அரசியலாகவோ ஜாதிமோதலாகவோ பார்க்கக்கூடாது.இந்த கருத்தின் மூலம் ஒருவர் பயன் அடைந்தாலும் இயக்குநருக்கு வெற்றியே. வாழ்த்துக்கள் மோகன்,0,tamil
நடுகுள்ள ey குற்றவாளி கல வசிட்டு இந்தியயன் ஆர்மி அங்க கஷ்டபட்டு டு இருக்காங்க அவுங்க illam இந்த படத்த patha ரொம்ப santhosa படுவங்க cast cast etha vachu Enna சாதிக்க poringa,0,tamil
1:01 இந்த பொண்ணையே heroineya போட்டுருக்கலாம் செம்ம அழகு.,0,tamil
ட்ரெய்லர் எல்லாம் நல்லா இருக்குது ஆனால் சீமான் தரையில் பேசியதை சூரியா திரையில் பேசினார் என்று ஒரு குரூப் கிளம்பும் அதை நினைத்தால்தான் பயமா இருக்குது,1,tamil
ரஜினி வேகாத மண்டையன்னும் டிரைலர் பார்த்துருப்பான்ல..🤣இத பார்த்து தொங்கிருடா ரசினி🤣,1,tamil
ரஜினியை அவமானப்படுத்த வில்லை ரஜினி ரசிகர்கள் களின். ஆதங்கத்தை வெளிப்படுத்தி இருக்கிறார்கள்,0,tamil
வேலூர் வன்னியர் சார்பாக படம் வெற்றியடைய வாழ்த்துக்கள் மண்ணும் எங்களோடதுதான்  பொண்ணும் எங்களோடததுதான் கைய வெச்சா கையை இல்ல தலையை வெட்டுவோம்டா,1,tamil
அந்த பக்கம் நான் இந்து முஸ்லிம் கிருத்துவனு சாகுறாங்க. இந்த பக்கம் நான் புடுங்குன சாதி புடுங்காத சாதினு சாகுறீங்க. சாவுங்க சாவுங்க நல்லா சாவுங்க எல்லா ரும் செத்த பின்னாடியாவது நான் மனுசன் எனக்கு மனிதம் தான் முக்கியம் வேற எதுவும் வேணாம் னு சொல்ற தலைமுறை வருதானு பார்ப்போம். வாழ்த்துக்கள் சாக தயாராக இருங்கள் எல்லோருமாக.,1,tamil
சிறந்த கருத்தாக்கம்....  இந்த காவியம் வெற்றி பெற இயக்குனர் அவர்களுக்கு வாழ்த்துக்கள்....,0,tamil
"நீ பற்ற வைத்த நெருப்பொன்று உனை அழிக்க காத்திருக்கும், நீ விதைத்த வினை எல்லாம் உனை அறுக்க காத்திருக்கும்",0,tamil
கரூர் கவுண்டர்கள் சார்பாக படம் வெற்றி பெற வாழ்த்துகள்,0,tamil
இது ஏதோ வில்லங்கமான கதை போல இருக்குப்பா,0,tamil
எங்களுக்கு மண்ணு பொண்ணு ரெண்டுமே முக்கியம் அதுல யாரு கைய வச்சாலும் கைய வெட்டுவோம்!!,0,tamil
தமிழ் நாட்டில் சாதி ஒழிய வேண்டும் என்றால் Sc/ST என்று தாழ்த்தப்பட்டோர் என்று சொல்லி பணத்தை வாங்குவதை நிருத்தினால் மட்டுமே சாதி ஒழியும்... எல்லாம் சாதியினருக்கு ஒரே மாதிரியான வேலையுரிமை வழங்க வேண்டும்,0,tamil
படத்துக்கு மரண வெயிட்டிங். மோகன் அண்ணா நீங்க வேறலெவல்.,0,tamil
2016 - நான் அரசியலுக்கு வருவது உறுதி..  2019 - நான் அரசியலுக்கு வருவது உறுதி...,0,tamil
"The theater scenes are in another level... துன்பம்.. வரும் வேளையிலே.. சிரிங்க.. என்று, சொல்லி வச்சார் வள்ளுவரு சரிங்க பாம்பு வந்து கடிக்கயில், பாழும் உடல் துடிக்கயில், யார் முகத்தில் பொங்கி வரும் சிரிப்பு, Vera yaaru namma hht Anna mugathula thaan",0,tamil
ரஜினி சார் அரசியலுக்கு வருவது அவரது இஷ்டம்... இப்போ உங்களவே ஒரு படத்தில் நடிங்க... இல்ல தயாரிங்கனு சொன்னா எவ்வளவு யோசிப்பீங்க... அது போல தான் ரஜினி சாரும்... அடுத்தவங்கள விரல் நீட்டி குறை கூறும் போது ஒருவிரல் நம்மை காட்டும்.... தயவுசெய்து புரிஞ்சுக்கங்க...,0,tamil
காடு வெட்டி குரு அவர்கள் இறந்த பொழுது அவரின் சொத்தை பறிமுதல் செய்ய பாமக கும்பல் எவ்வளவு முயற்சி செய்தது....சொந்த makalukke இந்த கதி என்றால் ..தாழ்த்தப்பட்ட மக்களை சும்மாவா விடுவீர்கள்....திரௌபாதி நல்ல கதை அம்சம் கொண்ட படம் என்றால் கண்டிப்பாக வெற்றி அடையும்...,0,tamil
நாகை மாவட்டம் சோழிய வெள்ளாளர்கள் சார்பில் படம் வெற்றி பெற வாழ்த்துகள்,0,tamil
சாதி வெறிபிடித்தவர்கள் தமிழர்களாக இருக்க வாய்ப்பே இல்லை. உலகிற்க்கே அன்பை போதித்தவன் தமிழன்,0,tamil
"அந்த ஒரு சாதி ஆண்கள் மட்டும் என்ன அவ்வளவு அழகனுகளா?  திறமைசாலிகளா? பணம் சம்பாதிப்பதையே வாழ்க்கையில் முக்கியம் என்றிருந்துவிட்டு பெண்பிள்ளைகளை ஒழுங்காக வளா்க்காமல், அவள் யாா் பின்னாலோ சென்றால் அதை நாடகக்காதல் என்று தப்பிக்க நினைத்தால்? இதே இந்த நாடக காதல் ஆண்ட சாதிகளுக்குள் இருந்தால் சைலண்டாக கல்யாணம் செய்து வைப்பது,  இல்லையெனில் சரி பறவாயில்லை என்று கடந்து செல்வது, ஊருக்கு இளிச்சவாயன் தலித் சிக்கினால்  நாடகக்காதல்என்று ஒப்பாரி வைப்பது. போங்கடா உங்க யோக்யதை எல்லேருக்கும் தெரியும்டா!",1,tamil
விடுதலை சிறுத்தைகள் கட்சியில் பன்னி கறி தின்பவன் ஆளூர் ஷாநவாஸ் ன்னு ஒருத்தன் இருக்கான். தலித் பசங்கள மூளை சலவை செய்து இஸ்லாமுக்கு மாத்திட்டு இருக்கான். அந்த மதத்துக்கு போனா தீவிரவாதியா மாற வேண்டி தான்.,1,tamil
பெற்றோர் மனதில் தேங்கி கிடந்த வலி .. இதனால் குறையும்...,0,tamil
புள்ளிங்கோ சார்பாக படம் வெற்றி பெற வாழ்த்துக்கள்,0,tamil
"ஐயம் வேயிடிங்,   தெரிக்க விடுங்க தல",0,tamil
"Trailer_ல யே,  மிரட்டிடீங்க பாஸ்...  இந்த trailer_ல மட்டுமே  நீங்க தியேட்டரில் ரிலீஸ் பண்ணுங்க போதும்...  Daily 1 show நான் தியேட்டரில் பார்ப்பேன்...  படம் மிகப்பெரிய வெற்றி பெற  வாழ்த்துகள்....",0,tamil
ஏன்டா படிக்காத முட்டா புண்டைங்க தான் இப்படி பண்ணுவான் தேவிடியா பைய director,1,tamil
ட்ரைலரை பார்க்கும் போதே...   திர்ளாரான ஆன படம் என்று நினைக்கிறேன்...  படம் வெற்றி பெற வாழ்த்துக்கள் புதிய முயற்சி...,0,tamil
"அட அரை மென்டல் s உங்களா 4000000 பெரியார், பாரதியார், Ambedkar வந்தாலும் திருத்த முடியாது",1,tamil
இராமநாதபுரம் மாவட்டம யாதவர்கள் சார்பாக படம் வெற்றி பெற வாழ்த்துக்கள்,0,tamil
ஒடுக்கபட்டாலும் உழைத்து முன்னேறிய நாடார் சமூகம் சார்பாக வாழ்த்துகள் !,0,tamil
செம்ம தில்லு சார்.  இப்படி வாரிவுட்டீங்க,1,tamil
எனக்கு தெரிந்து இந்த படத்தில் வசனங்கள் மிகவும் பேசப்படும்   காத்திருப்போம்,0,tamil
96ல எங்கடா அவரு அரசியலுக்கு வரேனு சொன்னாரு. மொன்னைகளா...,1,tamil
படம் வெற்றி பெற வாழ்த்துக்கள் அண்ணா நட்பு நாயகன் சசி,0,tamil
"அந்த பேக்ரவுண்ட் மியூஸிக் பீத்தாோவனா, மொஸார்ட்டா, கன்ஃபார்ம் ப்ளீஸ்?",1,tamil
உண்மை சம்பவங்களின் அடிப்படையில் படத்தை எடுத்தமைக்கு நன்றி வாழ்த்துகள்....,0,tamil
ஒத்த டிரைலர் மொத்த கூட்டத்தையும் ஒன்னு சேத்துடுச்சி... நல்ல காதல கொண்டாடுற மாதிரி நாடக காதலையும் தோலுரிச்சி காட்டனும்ல.  மலையமான் உடையார் சார்பாக படம் வெற்றிபெற வாழ்த்துகள்...,1,tamil
"நாட்டுக்கோட்டை நகரத்தார் சமூகம் சார்பாக இந்த படம் வெற்றி பெற வாழ்த்துகள் , அண்ணா ,",0,tamil
இந்த படம் வெற்றி பெற வாழ்த்துக்கள் ..,0,tamil
நாயுடு சார்பாக படம் வெற்றி பெற வாழ்த்துக்கள்,0,tamil
"மகள்களை பெற்ற ஒவ்வொ௫ அப்பாக்களும், தங்கள் மகள் கூட இத்திரைப்படத்தை பார்க்க வேண்டும்.",0,tamil
ஒரு சமுகத்தை கீழ்தரமாக வச்சி இருப்பவர்கள் சிந்திக்க வேண்டிய தருணம் இது நீயாக திருந்து இல்லை திருத்தப்படுவாய் தலித்துகள் கவணத்திற்கு,1,tamil
அனைத்து தமிழ்நாடு ரெட்டியார்கள் சார்பாக படம் ( பாடம்) வெற்றி பெற வாழ்த்துக்கள்.,0,tamil
குஜினி மேட்டர் செம... வெச்சு செஞ்சுட்டீங்க!,1,tamil
அதிகாரத்துக்காக மோடி கால நக்கி பிழைக்கிறவன் எல்லாம் என்னடா ஆண்ட சாதி? நிராயுதபாணியாக அலையும் காதல் ஜோடிகளை சாதி வெறி பிடித்து வெட்டி வீசுவதில் எங்கடா இருக்கு வீரம்?,1,tamil
அகில உலக வெள்ளாளர் (வேளாளர்) சமுகத்தின் சார்பாக வாழ்த்துக்கள். இந்த படம் நூறு நாட்கள் கடந்து வெற்றி அடைய வாழ்த்துக்கள்.  இந்த படத்திற்கு முழு அதற்வு உண்டு,0,tamil
அடேய் இப்ப தாண்டா எனக்கு நிம்மதியா இருக்கு யாருடா அந்த இரண்டு லட்சம் லைக்  போட்டாங்கன்னு பார்த்தேன் டா வின் டிவி கிஷோர் சாமி உங்க குரூப் தானா. தப்பு செய்றவன் மட்டும் தாண்டா தண்டிப்பார்கள் என் தமிழ் மக்கள். இப்படி எல்லா தலித் மக்களை ஒதுக்கி வைக்க மாட்டாங்க யாரையும் குற்றம் சொல்ல மாட்டாங்க. ஒரு மூணு லட்சம் பேர் இருக்காங்க  இந்த மாதிரி...  பெண்களை  காப்பாற்றுவேன் என்று சொல்லிட்டு  அவர்களை எடுப்பார் கைப்பிள்ளையாக அசிங்கம் படுத்துகிறீர்களாட,1,tamil
பொன்னும் மண்ணும் முக்கியம் நான் தேவேந்திர குல வேளாளர் சமூகத்தைச் சார்ந்தவன்... இப்படம் வெற்றி பெற என்னுடைய மனமார்ந்த வாழ்த்துக்கள்,0,tamil
தமிழ் பேசும் தமிழன் சார்பாக திரைப்படம் வெற்றிபெற வாழ்த்துக்கள்,0,tamil
இவ்வளவு ஆதரவுக்கொடுக்கும் அனைவரும் நம் தமிழினத்தின் உரிமைகளைக் காக்க ஒன்றாக நின்றிருந்தால் நம்மீது எந்தத் தீய திட்டத்தையும் திணித்திருக்கமுடியாதே,0,tamil
தேவர் வன்னியர் நாடார் கவுண்டர் கோனார் செட்டியார் முதலியார் முத்தரையர் ஒன்று சேர்ந்தால் தமிழ்நாடு வளர்ச்சி அடையும் என்பவர்கள் like . .(இவன் கள்ளத்தேவன்) தேனி,0,tamil
நான் அரசியலுக்கு வருவது உறுதி ரஜினி ய வச்சி செஞ்சிருங்காக.  செம்ம,1,tamil
தென்காசி மாவட்ட யாதவர் சமுதாயம் மக்கள் சார்பாக படம் வெற்றி பெற வாழ்த்துக்கள்,0,tamil
ஒரு வித்தியாசமான அனுபவமாக இருக்கும் என எதிர்பார்க்கிறேன்...,0,tamil
நாயுடு நாயக்கர் இனத்தின் சார்பாக திரைப்படம் வெற்றி அடைய வாழ்த்துக்கள்,0,tamil
மிஷ்கின் ஸ்டைல் திரில்லர் எனக்கு மிகவும் பிடிக்கும் மற்றும் இளையராஜா எனும் இசை மருந்து  இதற்காகவே படத்தை பார்ப்பேன்,0,tamil
Ngk படத்தோட ட்ரெய்லர் பார்த்துட்டு காப்பான் படத்தோட டீசர் பார்க்க போறவங்க எல்லாம் 🤩🤩🤩🤩 like பண்ணுங்க,0,tamil
இது ஒரு வேறு  வடிவத்தை சூர்யாவிற்கு கொடுக்கும்,0,tamil
ரொம்ப நாள் கழிச்சு ஒரு Trailer ah 2 times மேல பாக்கறேன்,0,tamil
ஒம்மால வீர வன்னியர் குல ஷத்ரியன்     திரெளபதி படம் வெற்றி பெற வாழ்த்துகள் தெரிவித்த அனைத்து சமுதாய நண்பர்களுக்கும் நண்றி,1,tamil
செங்குந்த      முதலியார் சார்பாக படம் வெற்றி அடைய வாழ்த்துகள்,0,tamil
நல்ல படத்தையெல்லாம் மொக்க ஹீரோவ போட்டு சொதப்புறாங்களேன்டு யாருக்கெல்லாம் தோனிச்சி,1,tamil
ஜாதி வெறியர்களுக்கு சமர்ப்பணம் 21 இம் நூற்ற டில்... ஐந்து அறிவு மிருகங்கள்...... சம மனிதனை மனிதனாக பார்க்க முடிலனா அப்பறம் உங்களுக்குளம் ஏன்டா அறிவு இந்த 2000 ஆயிரம் வருஷம் என்ன மயிறு வாழ்கை முறை வாழ்த்து இருக்க....இதை சமூகம் ஒத்துமையா வாழனும் சாதிகள் ஒழித்தல் தான் முடியும்..... அப்படி ஒரு சமூகம் உருவாகினால் தான் தமிழ் மக்கள் ஒன்று சேருவார்கள்.,1,tamil
முட்டா பசங்கள   நம்பல சுத்தி   எவ்வலவு  சிக்கல்  உள்ளது    டெய்  தமிழன் என்றாலே  பறையன்   மட்டும் தான்டா   இதில்இருந்து   பிற சாதி  பிறிந்து  சென்றன   முட்டாள்     மண் புழு  கூட  மண்ணுக்கு   உதவும்   சாதியும்  மதமும்   இல்ல,1,tamil
திரௌபதி படத்தை காண ஆவலோடு எதிர்பார்த்துக் கொண்டிருக்கிறேன்,0,tamil
"சில தரித்திரங்கள் சொல்லியது. 1. அவன் ஆட்களிடம் சரக்கு மிடுக்கு இருக்கிறதாம் அதனால் அவனின் பின்னால் பெண் பிள்ளைகள் செல்கின்றதாம். 2. நாம் ஆண்களே கிடையாதாம் அந்த நாய்கள் தான் ஆண்களாம். 3. நாம் எவ்வளவு செலவு செய்தாலும் நம் பின்னால் பெண்கள் வர மாட்டார்களாம், ஆனால் 5 ரூபாய்கு அயர்ன் பன்ன சட்ட போட்டுட்டு போனா போதும் அவனின் பின்னால் போய் விடுகிறார்களாம். 4. நம் பெண் பிள்ளைகள் பறப்பையன் எங்கு இருக்கிறான் என்று தேடித்தேடி அவனின் பின்னால் போகிறார்களாம்.  இதையெல்லாம் கேட்டதும் சொல்லியவனின் நாக்கை வெட்டத் தோன்றியது. ஆனால் அவனின் பின்னால் தானே சட்டங்களும் சனியன்களும் இருக்கின்றன.",1,tamil
வந்திட்டான்  புதுசா சாதிய  வச்சு பிச்சை எடுக்க,0,tamil
வன்னியர் சங்கம் சார்பில் திரௌபதி வெற்றி பெற வாழ்த்துக்கள்,0,tamil
Dislike பன்றதுக்காக நான் இங்கே வந்தேன் by தல fan...,1,tamil
Repeat mood திரும்ப திரும்ப பார்க்கிறவங்க Like பண்ணுங்க,0,tamil
இளையராஜா சொந்தமா ம்யூசிக் போட்டிருக்கார். இதுக்கு முன்ன இந்த ம்யூசிக்கை கேட்டதே இல்ல,0,tamil
பெண்கள் பாவம்  ஒவ்வொரு  சாதியிலும்  இந்த சமூகத்தில் ஆண்கலுக்கு அடிமையாக வாழ்ந்து கொண்டு இருக்கின்றன  ஆனால் சாதியின் பெயறை சோல்லிக்கொண்டு மனதை தேற்றிக்கொல்கிறாற்கள்,0,tamil
இப்ப ஜாதிய வளர்க சினிமா மட்டும் போதும்,0,tamil
ஒரு பெண் விரும்பி தேர்ந்தெடுக்கும் ஆண்  ஏமாற்று பேர்வழியாக இருப்பான் என்றும்..  அப்பெண்ணின் தந்தை தேர்ந்தெடுக்கும்  ஆண் மட்டும்  உத்தம புருஷனாக இருப்பான் என்றும் நம்புவது... மாங்கா மடையர் களுக்கே உரித்தான சிந்தனை,1,tamil
திருவண்ணாமலை  மாவட்டம்  சார்பாக துரோபதி  படம்  வெற்றி பெற வாழ்த்துக்கள்,0,tamil
திருச்சி மாவட்டம் பிள்ளைமார் சமூகத்தின் சார்பாக 100 டிக்கெட் இலவசமாக வழங்கப்படும்.,0,tamil
மக்கள் எல்லாம் மறந்து எல்லா சமூகமும் ஒன்றா இனைந்தாலும் ஜாதி ஒழிக்கிறேனு பேரல நல்ல இழுத்து விடுரேங்கேடா 1000 அப்துல் கலாம் வந்தாலும் திருத்த முடியாது தமிழ்நாட்ட,0,tamil
என்னங்கடா போறபோக்குள என் தலைவர கலாய்கிறிங்க தாக்கல்தான் பாத்துக்க,1,tamil
நந்த குல யாதவர்களின் சார்பாக படம் வெற்றியடைய எனது வாழ்த்துக்கள்,0,tamil
நீங்க டேன்ஸ் ஆட இன்னும் கொஞ்சம் கத்துக்கணும் தளபதிகிட்ட இருந்து,1,tamil
ரவி இனி நீ எங்க எதிரி டா டேய் நீ பெரிய புடுங்கி யா,1,tamil
அசுரன் படத்தைவிட பல மடங்கு வெற்றி பெற செய்ய வேண்டும்,0,tamil
சாதி பெயரை சொல்லி ஆதரவு தெரிவித்த அனைவரையும் விலங்குகள்  என நான் நினைக்கிறேன்,1,tamil
கலப்பு திருமணம் செய்தால் தான் சாதியை ஒழிக்க முடியும் என இளைஞர்களின் மத்தியில் தவறான எண்ணத்தை விதைத்தவர்களுக்கு சரியான செருப்படி.  படம் கண்டிப்பாக வெற்றி பெரும்.,0,tamil
ஐந்திணை நிலமும் வருதே....  என்னவா இருக்கும்.. 🤔🤔🤔 எத்தனை பேர் அதை கவனித்தீர்கள்...?,0,tamil
ஈரோடு வடக்கு மாவட்டம் கொங்கு மாணவர் அணி சார்பாக படம் வெற்றி பெற வாழ்த்துக்கள்...,0,tamil
என்னடா இது சிஸ்டத்தை வச்சு செய்ஞ்சுட்டானுங்க 🤪🤣,1,tamil
தேவராட்டம் போல் இந்த படமும் பெண்கள் தெய்வமாய் பார்ப்பதால் நாம் அனைவரும் பார்க்க வேண்டும்,0,tamil
இதுக்கு மேல ரஜினியா openaa கலாய்க்க முடியாது,1,tamil
"ஆயிரம் ரகுமான் வந்தாலும் ஒரு இளையராஜா ஆக முடியாது ,உயிர் குடுத்து இருக்காரு தன்னேட பின்னணி இசையில்",1,tamil
கொங்கு சமுதாயத்தினர் சார்பாக படம் வெற்றி பெற வாழ்த்துக்கள்,0,tamil
பாட்டாளி மக்கள் கட்சி காஞ்சிபுரம் இனிமே ஆட்டம் ஆரம்பம்  வன்னியர் பெண்கள்மீது கை வைச்ச வெட்டி போடு பாத்துக்கலாம்,0,tamil
தான் சாா்ந்த சமூக வாழ்கைமுறை பத்தியும் பெத்தவங்க மனநிலைய பத்தியும் சொல்லி தரதுதான் சாதி வெறினா இன்னும் சாதிய வெறிய உரக்க சொல்லித் தருவோம் #திரௌபதி     தென்னாட்டு மள்ளத்திகள்,0,tamil
தரமான சம்பவம் இருக்கு நன்றி இயக்குனர் அய்யா,0,tamil
பாஜக ஆதரவு அளிக்கிறது என்றால் நாட்டிற்கு எதிரான செயலாக தான் இருக்கும்.,0,tamil
"சுயநல திருமாவளவன் SC சமுதாய மக்களையே முட்டாளாக்கி வருகிறார். ஹிந்துக்களை அவமதிக்கிறார், தன் மக்களையே மதம் மாற செய்கிறார்.   அந்த கட்சியின் நாடகங்களை தோலுரிப்பதாக இப்படம் அமைந்திருக்குமானால் மகிழ்ச்சி. SC சமூக மக்களுக்கும் மற்ற சமூகத்தவர்களுக்கும் இடையே பிளவு ஏற்படுத்தா வண்ணம் இந்த படம் இருக்கும் என நம்புகிறேன். ஹிந்து அனைவரும் சகோதரர்கள், ஹிந்து எவருமே தாழ்ந்தவர் ஆகார் என்பதை நினைவில் கொள்வோம்.",0,tamil
நன்றி திரு மோகன் ஜி . நீங்கள் ஒரு ஆண் மகன்.,0,tamil
உன்மையான சம்பவம் உண்மையை சொன்னதற்கு மிக்க நண்றி,0,tamil
"சூர்யா 36வது படத்தின் ஃபர்ஸ்ட் லுக் போஸ்டருடன் பட தலைப்பும் வெளியாகியுள்ளது.   தமிழ் சினிமாவில் முன்னணி மாஸ் ஹீரோக்களில் ஒருவராக இருப்பவர் நடிகர் சூர்யா. தொடர்ந்து சிங்கம், சிங்கம் 2, சி3 என்று போலீஸ் வேடத்தில் நடித்து வந்த சூர்யா வழக்கத்திற்கு மாறாக தானா சேர்ந்த கூட்டம் படத்தில் வித்தியாசமான கதாபாத்திரம் ஏற்று நடித்திருந்தார். இப்படம் ரசிகர்களிடையே நல்ல வரவேற்பு பெற்றது. இப்படத்தைத் தொடர்ந்து தற்போது, முதல் முறையாக செல்வராகவன் இயக்கத்தில் சூர்யா தன்னுடைய 36வது படத்தில் விறுவிறுப்பாக நடித்து வருகிறார்.",0,tamil
நல்ல  நகைச்சுவை  பட ட்ரைலர் ரொம்ப்ப நாள் கழிச்சு ......,0,tamil
கடைசில சும்மா தொங்கினு இருந்த பல்ப ஒடைச்சிட்டானுங்க.,1,tamil
ரஜினி அறிவிச்சது 2017ல  டா பு**ட  அதும் 1996ல அவரு அரசியலுக்கு வரேன்னு சொல்லவும் இல்லை எதாவது பேசி படத்தை ஓட்டிரலாம் பாத்தது தப்பு இல்லை  ரஜினிய பேசின பாத்தியா இனி ஊ**ப ஊற்றுவாய்ங்க உன் படத்தை,1,tamil
தமிழ் சினிமாவின் வைரம் இந்த மணிரத்னம். செக்கச் சிவந்த வானம்.....பட்டய கிளப்ப போவுது...!,0,tamil
அடங்கப்பா... படம் நல்லா வர வாழ்த்துக்கள்..நாடக காதல் காரர்களை வேரறுப்போம்,0,tamil
நாடக காதல படம் எடுக்குறேனு நாடகம் மாதிரி எடுத்துருக்கான்..இதுல காவியப்புண்ட எடுத்தது மாதிரி  டெய்லி  வசனம் வேற...,1,tamil
சாதியை பற்றிய பல படங்களில் இந்த படம் அதிக அளவில் சர்ச்சையை ஏற்படுத்தி வருகிறது,0,tamil
பழத்தை தின்று விதையை பதமாக்கி ௭ருவோடு மண்ணில் விடும் பறைவைகளே ௨லகின் முதல் இயற்கை விவசாயி    யூ டியூப் ல் மக்கள் தொலைக்காட்சி யில் மலரும் பூமி நிகழ்ச்சிகளை காணுங்கள் நன்றி.,0,tamil
நாடார்கள் சார்பாக படம் வெற்றி பெற வாழ்த்துக்கள்,0,tamil
என்னடா இது 🤦‍... சிங்கம் போல இருப்பாங்க அவங்க..,1,tamil
கரூர் மாவட்டம் கடவூர் தாலுகா சோழிய வெள்ளாளர் நல சங்கம் சார்பாக படம் வெற்றி பெற வாழ்த்துகள்,0,tamil
பெண்களை படிக்க வைத்து ஆளாக்கி நல்லபடியாக மணம் முடிக்கும் வரை பெற்றோர்கள் படும் வேதனை கொஞ்ச நஞ்சமல்ல சமூகத்தில் இருக்கும் நாடக காதல் விசக்கிருமிகளின் முகத்திரையை இப்படம் கிழித்தெரியட்டும்.  அனைவரும் குடும்பத்துடன் இப்படத்தை காண வேண்டும்...   டிரைலர் செம்ம மாஸ்     சமூகத்தின் அவலத்தை தோலுரிக்க வருகிறாள் திரெளபதி,0,tamil
வேட்டு கவுண்டர் சார்பாக  படம் வெற்றி பெற வாழ்த்துகள்.,0,tamil
"தர்மபுரி , கொங்கு மக்களின் ஆதரவு உங்களுக்கு உண்டு,",0,tamil
"செம செம, வாழ்த்துக்கள் வீரர்களே. தோளோடு தோள் செல்வோம். நன்றி",0,tamil
படம் வருமா இவ்ளோ வோய்லண்ட் டா இருக்கு,0,tamil
நத்தம்     சதீஸ்குமார் -ஆண்டிஅம்பலம் (முத்தரையர் சமுதாயம்)  எனது சார்பாக மனமார்ந்த வாழ்த்துக்கள்,0,tamil
தன் இனத்தை உயர்த்த நினைப்பவன் எவனும் பிற இனத்தை தாழ்த்த நினைக்க மாட்டான். விழிப்புணர்வு ஏற்படுத்த வேண்டுமே ஒழிய வன்முறை ஒரு போதும் தீர்வாகாது. ஒவ்வொரு இனத்திற்கும் பண்பாடு கலாசாரம் என்று தனித்தனியாக உள்ளது. எந்த பண்பாடும் கலாச்சாரமும் அழியக் கூடாது எனில் இனக்கலப்பு அவசியமற்றது என்பதை உணர வேண்டும். அதே நேரம் வன்முறையால் அதை அழித்துவிட முடியும் என்ற எண்ணம் தவறானது.,0,tamil
"இடி,மின்னல், நெருப்பு, சூராவளி----இந்த நாலும் ஒரே படத்துல இருக்கு",0,tamil
கைய மட்டும் இல்ல... தலையயும் சேர்த்து வெட்டுவோம்....,1,tamil
திருவாரூர் மாவட்ட தேவேந்திர குல வேளாளர் சார்பாக வாழ்த்துகள் சாதிகள் உள்ளதடி பாப்பா அருமையான கேப்சன் தேவேந்திர குல வேளாளர் சார்பாக முழு ஆதரவு.....உன்மையை உணர்வு பூர்வமாக எடுத்த இயக்குனர்க்கு நன்றி   தேவதையாவே இருந்தாலும் தேவேந்திரர் வீட்டு பொன்னு போதும் .... என்றும்  எட்வின் பாண்டியன் மிராசுதார்,0,tamil
பீனிக்ஸ் பறவையை போல எரிக்க எரிக்க எழுந்து வரான்,0,tamil
முகத்த பாக்க கூடாது உடல்மொழியை பாக்கனும்.. முகத்தை பாத்ததாலேதான் தீபா பின்னாடி ஒரு கூட்டம் அலஞ்சது,1,tamil
டாப் ஸ்டார் பிரசாந்த் ரசிகர்கள் சார்பாக வாழ்த்துக்கள்,0,tamil
"சாதிதான் சமூகம் என்றால், வீசும் காற்றில் விஷம் பரவட்டும்.",0,tamil
அனைவருக்கும் என் இனிய பொங்கல் நல்வாழ்த்துகள்! Congratulations draupathi team #HappyPongal2020,0,tamil
அயன் 2 டீஸர் போல இருக்கு சூர்யா பக்கா மாஸ்,0,tamil
இந்த ட்ரெய்லருக்கே நாடகக்காதல் கும்பல் பும்பி தள்ளுது ஒவ்வொரு சமூகமும் விழித்தெழ வேண்டும். .நாத்தாரித்தனம் செய்து நாட்டையே கெடுத்துக்கொண்டிருக்கும்.அந்த கும்பலை ஒவ்வொருவரும் அடையாளம் கண்டு ஒதுக்கும் காலம் விரைவில் வரும் .துரௌபதை பின் அணிவகுப்போம்.அப்பன்பேர் என்ன என தெரியாத நாய்கள் கவ்ரவத்தை விரும்புவதில்லை .நமக்கு குடும்ப கவ்ரவம் குல கவ்ரவம் முக்கியம்.வென்றெடுப்போம் தன்மானத்தை.,0,tamil
ஜந்தொழில்  விஸ்வகர்ம சமூகத்தின் சார்பாக வாழ்த்துக்கள்,0,tamil
சினிமா துறையில் பல ஆண்டுகள் கழித்து ஒ௫ ஆண்மகன் இதோ இயக்குனர் மோகன் ஜி,0,tamil
"வாழ்த்துக்கள்,  படம் வெற்றிபெற  வாழ்த்துக்கள்",0,tamil
"தேவர் சமூகம் சார்பாக, படம் வெற்றி பெற வாழ்த்துக்கள்",0,tamil
கன்னியாகுமரி மாவட்ட வெள்ளாளர் வேளாளர் சார்பாக வாழ்த்துக்கள்,0,tamil
நாட்டு மேல பைத்தியம்..  ஆணிவேர் இருந்து ஆரம்பிக்கிறது தான் அழகு..  #NGK .. Vera level Mass..  #SURYA Anna.. Acting Next level of #Nandha..,0,tamil
நீ நல்லதொரு படத்தை நீ கொடுத்து இருந்தால் இச்சமூகம் புறக்கணித்துயிருந்தாலும் நாங்கள் உன்னை வெற்றியடைய வைத்தியிருப்பொம்,0,tamil
சாதி வெறி பிடித்த நாய்களுக்கு இந்த படம் சமர்ப்பணம்.,0,tamil
🦁🦁அருமையான படம்  அனைத்து வன்னியர்கள் சார்பாக வாழ்த்துக்கள்🦁🦁,0,tamil
வன்னியர் வீட்டு பொன்ன எவன் கூட்டிட்டு poanaanu தெரியலையே,1,tamil
"இயக்குனருக்கு வாழ்த்துக்கள் , குருமா,பீ ரஞ்சித் கூட்டத்திற்கு செருப்படி, ஏண்டா நீங்களாம் அடுத்த சாதி பெண்களுக்கு அலஞ்சா உங்க சாதி பெண்கள் என்னடா பண்ணுவாங்க  உங்க சாதி பெண்களை நீங்களே மதிக்கலயா  ??  அனைத்து சொந்தங்களும் இந்த படத்தை பெரிய வெற்றி அடைய செய்ய வேண்டும்",1,tamil
நரிக்குரவர் சமுதாயம் சார்பாக படம் வெற்றியடைய வாழ்த்துகள்.,0,tamil
மதுரை மாவட்ட வன்னியர் சங்கம் சார்பாக  நம் இனத்தின் படம்  வெற்றி பெற  வாழ்த்துகள்...,0,tamil
பெண்களுக்கு எதிராக நடக்கும் இந்த பிரச்சினையை தையரியமாகவும் அதன் மூலம் ஏற்படும் அவலநிலையும் எடுத்தமைக்கு ராயல் சல்யூட் மோகன் சார்.,0,tamil
சரியான படம் இப்படி எல்லாரும் பன்னா நல்ல இருக்கும் ஜாதி ஒன்னு இல்லாம போகும்,0,tamil
குல தாழ்ச்சி உயர்ச்சி சொல்லல் பாவம். வேற லெவல்,0,tamil
குருமாவின் தலித் அரசியல் பிடிக்காத பறையர் என் வாழ்த்துக்கள் வரவேற்பும் உண்டு.பெண்கள் போற்றபடவைண்டியவர்கள்.,0,tamil
"இப்படி அடிமுட்டாள்தனமா பேசிரனாலதான் அந்த படத்துக்கு கோமாலினு பெயர் வச்சதெல்லாம் கரக்ட்தான் டைரக்டரே..ஆனாலும் உன் கோமாளிதனத்துக்கு  ஒர சவால் ,என் தலைவர் Dec 31 2017 முன்னாடி  நான் அரசியலுக்கு வருவது உறுதின்னு சொன்ன ஒரு press meet வீடியோவாக இல்ல செய்தியாகவோ ஒரு ஆதாரம் காட்டுங்க அறிவு கோமாளி மக்களே.",1,tamil
சோ தமிழ்நாடு ஒட future la நடக்க போகும்  methane ஹைட்ரோகார்பன் திட்டங்கள் மூளியம  விவசாயம் அழிவை இந்த படம் la சொல்லுறன் gha.  கார்பொரேட் அபாயம் இருக்கு தமிழ்நாடு க்கு விழித்து கொள்ளுங்கள் மக்கள்,1,tamil
ஜாதி வெறி புடித்த நாய்களுக்கு...தக்க பதிலடியாக அமையட்டும்...,0,tamil
இது ட்ரைலரா இல்ல படமா இவ்வளவு நீளமா போகுது,1,tamil
மனிதனை மனிதன் பிரித்துக் காட்டி படம் எடுப்பது தான் படம்மா. இயற்கையாக ஓர் இனத்தில் இருந்து பிறந்த மனிதனை பிரித்து. தனக்கு கீழ் வலுவிழந்தவர்களை அடிமையாக்கி கொண்டு நீ உயர்ந்தவன் நான் உயர்ந்தவன் என்று ஜாதி என்னும் கொடிய பிடிப்பது தவறு நாமும் ஆங்கிலேயர்கள் கீழ் அடிமையாக இருந்தோம் மறக்க வேண்டாம் இதுதான்வாழ்க்கை காதல் என்பது இயற்கையானது உயர்ந்தவன் தாழ்ந்தவன் இல்லை. எல்லோருக்கும் வரும் தமிழ்நாடு விட்டு வேறு எங்கே சென்றாலும் நமக்கு ஒரு மரியாதையும் இல்லை. புரிந்து கொள்ளுங்கள். முதலில் மனிதனாக வாழ பழகிக் கொள் தமிழ்நாடு அழிவுக்கான படம் வாழ்த்துக்கள்.,0,tamil
Vjs கெத்து டா. str மாஸ் டா,0,tamil
அது என்னடா மோடி ஆட்சிக்கு வந்ததற்கு அப்புறம் தமிழ் சினிமாவில் மட்டும் இந்தியாவிற்கு எதிரா பிரிவினை பேசுவது போன்ற காட்சிகளை அதிகம் வைக்குறீங்க.ஏன் தமிழ் சினிமா துறையை இயக்கும் வேசி கிறிஸ்தவ மிசினரிகள் இயக்குனர்களுக்கு காசு அதிகம் கொடுப்பதனாலேயா. டேய் நீங்க போற வேகத்தை பார்த்தா அடுத்த ஈழ போர் தமிழ்நாட்டில் தான் நடக்கும் போல.,1,tamil
அந்த காலத்தில... நாடகத்ல காதல் இருந்துச்சு....‌ இப்பல்லாம்... காதலே நாடகமா போச்சு....,0,tamil
"முத்துராமலிங்கம், தேவராட்டம் போன்ற வெற்றி பட வரிசையில் வருகிறான்  #ஆண்ட_பரம்பரை_டா",0,tamil
LKG க்கு அப்புறம் ஒரு முழு அரசியல் படம் NGK,0,tamil
இரண்டு மாஸான தமாஸ் காட்சி இருக்கு.மனசுவிட்டு சிரிங்க....கோபம் பகை அடுத்தவர்களை திட்டுவது (இருவர் திட்டிகொள்வதில் அசிங்கப்படுவது நம் உறவுகள் மட்டுமே இது அவர்களுக்கு தெரிந்தால் ????? ),1,tamil
குருமா குருப்ஸ்  8:40 நிமிடத்தில் இருந்து பார்க்கவும்,1,tamil
தலைவா STR இதுக்குதான் கதுருந்தோம் மாஸ் தலைவா thankq ccv டீம்,0,tamil
90*kids Nanga பாதி பேர் அந்த மாதிரியான வாழ்கைய நினைச்சுகிட்டு தான் இந்த நிஜ வாழ்க்கையில் வாழ்ந்துட்டு வரோம்..,1,tamil
திரௌபதி அதன் தாக்கம் தமிழகம் முழுவதும் ........பெண் மண் பாதுகாப்பு...........வாழ்த்துக்கள் மோகன்......... கொங்கு நாடு மக்கள் தேசியகட்சி............,0,tamil
நாடக காதல் சாதி தாண்டிய விஷயம். பொள்ளாச்சி கேஸ்ல சம்பந்தப்பட்ட யாரும் தலித் இல்லை. இந்தியாவின் சாபம் சாதிவெறி,0,tamil
என்னடா இது ? நாடகமா ? இல்ல குறும்படமா ? 🤔,1,tamil
எங்களுக்கு மண்ணும் பொண்ணும் ரெண்டுமே முக்கியம்... மதுரை,0,tamil
"எங்க ஐயா என்ன சொல்லி இருக்கார்:- குடிசைய கொளுதனும், கள்ள சாராயம் காசனும், மணல் திருடனும், எல்லாம் திருட்டு வேலையும் பார்க்க சொல்லி இருக்கார் எங்க ஐயா",1,tamil
பல வருடங்களுக்கு பிறகு மன குமுறலை வெளிபடுத்த விதமாக அமையப் போகும் திரெளபதி தாயே வருக.....,0,tamil
"நான் வன்னியனுமில்லை, தேவருமில்லை,, ஆனால் இந்த நாடகக்காதலுக்கு முழுவதும் முற்றுப்புள்ளி வைக்க விரும்பும் சராசரியானவன்.. திராவிட பாஷையில் சொல்ல வேண்டுமெனில் பாப்பான்...  ஆனால் தற்போது உள்ள காலகட்டத்தில் இந்த நாடக காதலுக்காக கொடி பிடிக்கும் அத்தனை நாதேரிங்களுக்கும் இத்திரைப்படம் ஒரு சவுக்கடி மட்டுமல்ல, தரமாண செருப்படி.. இத்திரைப்படத்தை தைரியமாக எடுத்துள்ள இயக்குநருக்கு  வாழ்த்துக்கள்",1,tamil
இன்னைக்கு Win டீவீ விவாதத்தில் ஆந்த பாவக்கொடிய கிழித்து தொங்க விட்டுடாங்க,1,tamil
ஓரு படத்தின் trailer க்கு ஒவ்வொருவரின் ஆழ் மனதிலிறுந்து கருத்துக்கள் வருவது இதுவே முதல் முறை,0,tamil
பெண் பிள்ளைகளை இந்த நாடக காதலுக்காக இழந்த வலியுள்ள தந்தைகளுக்கும் இனி இவ்வாறு நடக்க கூடாது என்று எண்ணுபவர்களுக்கும் சமர்ப்பணம்... வன்னிய குல சத்ரியர்கள் சார்பாக வாழ்த்துக்கள்,0,tamil
கிருக்கு கூதி திருட்டு திமுக புண்டை மகனே,1,tamil
எனக்கு ஜெயலலிதா'வை பிடிக்காது இருந்தாலும் இந்த கேரக்டருக்கு சமந்தா பொருத்தமா இருப்பாங்க'னு நினைத்திருக்கிறேன் இந்த மூதேவியை போய் ஜெயலலிதாவாக போட போறாங்கனு கேள்வி பட்டவுடன்... இது பெரிய பட்ஜெட் உப்மா படம் என்று நினைத்தேன்.. என் எண்ணம் வீண் போகவில்லை...  வாழ்த்துக்கள் உப்மா அம்மா..,1,tamil
பருவதராஜகுல சின்னசேலம் மீனவர் ..சமுதாயம் மக்கள்..சார்பாக.இத்திரைபடம் வெற்றிபெறவாழ்த்துக்கள்.,0,tamil
வேட்டியோட சக்தி என்னானு இந்த NGK முன்னோட்டத்தில் தெரிந்திருக்கும் பலபேருக்கு,0,tamil
சொந்தங்களுக்கு ஒரு வேண்டுகோள் குடும்பத்தோடு படம் பார்த்து வெற்றி படமாக அமைய வாழ்த்துக்கள்,0,tamil
. arun vijay.. I love u thalaiva.   அவருக்கு ரெண்டு முகம் இருக்குகா. ஒன்று பாசமா இருப்பார் நல்லா கவனிப்பார் அதுக்கு பின்னாடி ஆனால் வேற ஒரு முகம் இருக்கு .,0,tamil
கதறியே சாவுறானுங்க சிறுத்தை குட்டிங்க...பொறுக்க முடியாம செத்றுவானுங்க போல...🤣🤣,1,tamil
"இருப்பு, விருத்தாசலம் வன்னியர்களின் சார்பாக இப்படம் வெற்றி பெற வாழ்த்துக்கள்.....",0,tamil
"பார்க்கவகுலம் (மூப்பனார், உடையார், நயினார்) சார்பாக மிகப்பெரிய வெற்றியடைய வாழ்த்துக்கள்.",0,tamil
தமிழ் திரைப்பட வரலாட்ரை மாத்தி எழுதும் படம். மோகன் இத்தனை நாள் எங்க இருந்தீங்க இந்த படம் மாபெரும் வெற்றி படம் வாழ்துக்கள்.,0,tamil
இது பெண்களுக்கு மட்டுமல்ல தவறான வழியில் செல்லும் ஆண்களுக்கான படமும் கூட அண்மை என்பது பெண்ணை அடக்குவதில் அல்ல பாதுகாப்பதில் உள்ளது  kudos to the entire team,0,tamil
தமிழ்நாடு இராஜகம்பளத்து நாயக்கர் முன்னேற்ற கழகம் சார்பாக படம் மிகப் பெரிய அளவில் வெற்றி பெற வாழ்த்துகிறோம் 🦁,0,tamil
தருமபுரி மாவட்ட வீர வன்னியர்கள் சார்பாக திரௌபதி படம் வெற்றி பெற வாழ்த்துக்கள்,0,tamil
எல்லாம் நல்லா தான் இருக்கு இந்த மலர்ரே மூஞ்ச தான் பார்க்க ஏலா சைக்,1,tamil
எங்க தலைவர் படம் update வரும்போது எல்லாம் jio டவர் கிடைக்கல இது அம்பானி யோட சதியாகத்தான் இருக்கும்,1,tamil
இது  மாதிரி படம் நிறைய வர வேண்டும் வாழ்த்துகள்,0,tamil
TRICHY HHT FANS CLUB  நான் சிரித்தால் வெற்றி பெற வாழ்த்துக்கள் அண்ணா,0,tamil
டைலாக் அனைத்தும் வேற லெவல்...\r \r BGM செம...\r \r நாடக காதல் செய்யும் நாய்களுக்கு சரியான செருப்படி...,1,tamil
இந்த  டிரைலர் கூட கமன்ட்லாம் பாக்கும்போது இன்னும் மாஸா இருக்கு. வாழ்த்துக்கள்,0,tamil
"துலக்க லவ் ஜிகாத், கிறிஸ்துவ மத மாற்ற காதல் மற்றும் தொடர்ந்து மத மாற்ற வேட்டை... இத பத்தியும் படம் எடுக்கணும்..",0,tamil
இந்த படம் வெற்றி பெற என்னுடைய வாழ்த்துக்கள் அடி துால் கிளப்புங்கள்,0,tamil
போற போக்குல கிளவன வாரிடிங்களேபா..,1,tamil
வரலாற்று படங்கள் & புதையல் மற்றும் மர்மங்கள் தேடும் படங்கள் தமிழ் ல வர்றதில்லைன்னு யாரும் என்னை போல கவலை படுறீங்களா?,0,tamil
யோகிபாபு ஏற்ஸ்டைல் சூப்பர் ஜெயம்ரவி ஆக்டிங் செம்ம கண்டிப்பா படம் சூப்பர் ஹிட் ஆக போகுது.,0,tamil
ரஜினி சாரை பத்தி பேசினா மட்டும்தான் உங்க படத்துக்கு பிரமோஷனும் கிடைக்கும் அதனாலதான் நீங்க டிரைலர் கிண்டல் செய்றாங்க உங்களுக்கெல்லாம் வேற வேலையே இல்லை,1,tamil
இந்த படம் எடுக்க வுதாவிய சிலர் எங்கள் வுர்,0,tamil
திரௌபதி படம் நாடக காதல் என்றால் என்ன   அது எப்படி அரங்கேறுகிறது அதன் தீமை என்ன என்பதை மிகவும் துணிச்சலாக உண்மையாக கூறி உள்ள படம்.,0,tamil
ஹீரோவ பாத்த டாக்டர் அண்புமணி போலவே இருக்கு எனக்கு மட்டும் தானா,0,tamil
காப்பான் ட்ரீசர் செம்ம சூர்யா அண்ணா சூப்பர் நீங்க வேற லெவல்,0,tamil
தந்தி டிவி தொகுப்பாளினி அசோக வர்ஷினி  சிறந்த பொருத்தமாக இருக்கும் Thanthi tv Asoka varshini will be best suited for this role,0,tamil
பறயர்களின் சார்பாக படம் வெற்றியடைய வாழ்த்துக்கள்,0,tamil
சித்தார்த் அபிமன்யு.  விக்டர். மதுரை மைக்கேல். வேதா .,0,tamil
கிருஷ்ண வக சமுதாயம்  சார்பாக படம் வெற்றி பெற வாழ்த்துக்கள் சகோ,0,tamil
அனைத்து தமிழ் சமூகத்தில் உள்ள பெண்கள் பாதிக்கப்படாமல் இருக்க இது ஒரு சிறந்த திரைப்படம்   வெற்றி பெற வேளாளர் வெள்ளாளர் சமூகம் சார்பாக வாழ்த்துக்கள்  பெண்களை ஏமாற்றுபவன் எந்த சாதி நாயாக இருந்தாலும் அந்த கீழ்த்தரமான நாய்க்கு இப்படி தான் நடக்கும்,1,tamil
இந்த படைப்ப நல்லா பார்த்திங்கனா தெரியும் இதில் வருகின்ற எந்த ஒரு  கதாப்பாத்திரத்திரமும் கண் இமைக்கவில்லை.நமது தமிழ் பட உலகினை அடுத்த தரத்திற்கு  கொண்டு செல்லும் இயக்குநர்களில் இவரும் ஒருவர்.இது போன்ற படங்களை ஆதரிக்க வேண்டும்.இல்லையெனில் சிங்கம் 200 பூஜை 300 காஞ்சனா 2000 பகுதி (part) போன்ற படங்களை எடுத்து நம்மை சாவடித்து விடுவார்கள்,1,tamil
இந்த மாதிரி கீழ்த்தரமானவங்கள இப்படிதான் கொடுரம கொள்ளனும்...... Super.....,0,tamil
இயக்குனர் செம்ம கெத்துயா நீ பொள்ளாச்சி ல வீடியோ எடுத்து மிரட்டுன கவுண்டர் ஜாதி  நாய்ங்க அவங்கள இப்டி ஒரே டிரைலர்ல மெரிட்டிட்டியேய்யா 🤣🤣🤣,0,tamil
"அசுரன்,பரியேறும்பெருமாள் போன்ற படங்களை பார்க்கும் போது..தெரியாத சாதிவெறி...இப்ப மட்டும் ஏம்லே கதறுறீங்க...படம் வெற்றியடைய வாழ்த்துக்கள்",0,tamil
டேய் கோமாளி என்ற பெயரில் படம் பார்க்க வருபவர்களை கோமாளி ஆக்கிடாதீங்கப்பா....🤠🤠🤠,1,tamil
எப்ப சார்  படம் போடுவிங்க? இன்னும் கோலம் போட்டுகிட்டே இருக்கீங்க. . .   !,1,tamil
நாடக காதல்னா என்னனு மட்டும் யாராவது சொல்லுங்களேன்,0,tamil
ஓடைநீரில் ௨ழமண் பூசி ஓடிக் குளித்து  மகிழ்ந்து விளையாடிய தமிழ் தாடையை ஆட வைக்கும் வாடைக்காற்றின் குன்றுகுளிா் தமிழ் கடைக்கண் காட்டும் மெல்லிய பெண்மையின் புன்னகை தமிழ் காண மக்கள் தொலைக்காட்சி நிகழ்ச்சிகளை யூ டியூப் ல் காணுங்கள் நன்றி.  .,0,tamil
சேலம் வன்னியர் சார்பாக படம் வெற்றி பெற வாழ்த்துகிறேன்,0,tamil
"ஆண்ட சாதி, ஆண்ட சாதி  னு ஆயிரம் முறை சொல்லி , அதில் இருக்கும் தப்பை மட்டும் வெளிச்சம்போட்டு,எல்லாரையும் நோகடித்து, குற்ற உணர்ச்சி அடையச் செய்தால் அது புரட்சிப் படம்.   சமூகத்தில் இருக்கும் உண்மையான நாடகக் காதல் விஷயத்தை சொன்னால் அது சாதிப் படம்.   அவ்ளோதான் சார் போராலீஸ்!!",0,tamil
இது போன்ற திரைப்படம்  இன்னும் நிறையா வர வேண்டும்,0,tamil
#தல  ரசிகர்கள் சார்பில் வெற்றிக்கு வாழ்த்துக்கள்,0,tamil
நவின நாடக காதல் எல்லா நாயும் பண்ணுது...குறிப்பிட்ட நபரை தாக்கி பேசுவது தவறு...எனக்கும் ஒரு தங்கை உள்ளார்...படம் வெற்றி பெற வாழ்த்துக்கள்,1,tamil
Only for BREAK UP song.. துன்பம் வரும் வேளையில் சிரிங்க..,0,tamil
பொறையார் ராவ் பகதூர்  T. இரத்தினசாமி நாடார் நற்பணி மன்றம் சார்பில் திரெளபதி படம் வெற்றி பெற்ற வாழ்த்துகள்,0,tamil
மோகன் சகோதரா இந்த படத்தை அனைத்து சமுதாய மக்களும் ஏற்றுக்கொண்டனர்  வாழ்த்துக்கள்  மானம் காப்பதே சத்ரியன் தர்மம்  அரசியல் கடந்து இந்த சத்ரியன் கூட்டம் உங்கள் பின்னால் நிற்கும் பெண் பிள்ளைகள் பெற்ற பல தந்தைகளின் குமுறல் இந்த படம் நன்றி நன்றி நன்றி,0,tamil
அரூர் கொங்கு வேளாளர் சொந்தங்கள் சார்பாக வாழ்த்துக்கள்,0,tamil
"நம் மக்களுக்கு ஒன்று புரியவே இல்லை. ஒடுக்கப்பட்டவர்கள் தங்களை ஒடுக்கிய வரலாறையும், தங்களின் உரிமையை உலகம் அறிந்து கொள்ள வேண்டும் என்ற குரலாக படம் எடுக்கிறார்கள். ஆனால், இந்த படமோ அபடித்தாண்டா ஒடுக்குவேன் என்று அநீதியின் பக்கம் நிற்கிறது.  இதை ஆதரிக்கும் ஒவ்வொருவரும் எங்கோ ஒரு தலித்தின் வாழ்வு ஒடுக்கப்பட துணை போகிறீர்கள். தவறு செய்யாதீர்கள் நண்பர்களே.",1,tamil
படம் வெற்றிபெற தேவர் சமுதாயத்தின் சார்பாக வாழ்த்துக்கள்,0,tamil
"திராவிட கன்னடபெரியாரின் சாதி மறுப்பு என்பது சாதி பெருமை பேசுபவர்கள் உயர்சாதி எனப்படுவர் மட்டுமின்றி தலித் ஆக இருந்தாலும் அவரும் சாதி வெறியரே இதுவே உண்மை ஆனால் சாதி ஒழிக்கிறேன் சொல்றவங்க தான் சாதி வளர்கிறார்கள் அனைவரும் இட ஒதுக்கீடு சலுகைகள் பெற சாதி ‌பயன்படுத்துவோம் ஆக சாதி ஒழிக்கவே முடியாது சாதி உள்ளதடி பாப்பா என இயக்குனர் கூறியது சரியே தரமான படமாக அமைந்தது அருமை வாழ்த்துக்கள் இப்படத்திற்கு  முக்கலத்தோர், உடையார் ,வன்னியர் ,கவுண்டர், முதலியார், தேவந்திரகுலத்தவர்கள்  சார்பாக வாழ்த்துக்கள் என அனைத்து சமூகம் நாடக காதல் ஒழிக்க முன்வருவது மகிழ்ச்சி அதே சமயம் நம் பசங்க பாலியல் குற்றங்கள் செய்தால் நாமே தண்டிக்கவும் தவறக்கூடாது",0,tamil
திமிறி எழுபவள் இவளே இனி திருப்பி அடிப்பவள் இவளே  #திரௌபதி   யார் மேல கை வச்சாலும் வெட்டுவோம் #திரௌபதி,1,tamil
இந்த படம் போல் அரசும் இட ஒதுக்கீடு விசயத்தில் பொருளாதாரம் அடிப்படையில் தனி கவனம் செலுத்த வேண்டும்.,0,tamil
விழுப்புரம் மாவட்டம் புதுப்பாளையம் வன்னியர் சங்கத்தின் சார்பாக படம் வெற்றி பெற வாழ்த்துகிறோம்,0,tamil
பொள்ளாச்சி காதல் விஷயம் இருக்கா படத்துல..  அவிங்கள விட்டுட்டா படம்  முழுமை பெறாதே... இன்னும் யோக்கியமா காட்டி படம் எடுக்கலாம்..ரொம்ப நல்லவங்களா பொள்ளாச்சி காரண காட்டுறிங்க  நம்பிட்டோம்.. அட போங்கடா.,1,tamil
0:29  நாடு நாசமா போனதற்கு காரணம்       இந்திய அரசியல் அமைப்பு சட்டம்         மட்டுமே.,0,tamil
ஏன்டா கேனப்பயலே 96 இசையமைப்பாளர  ஆண்மையில்லாதவனு சொன்னியே இப்போ நீதான் பொண்டுகன் .....,1,tamil
தமிழ் நாட்டுல இருக்கிற அத்தனை சங்கத்தையும் வெளியே கொண்டு வந்து ஆதரவு தர வச்சிருக்கு இந்த ட்ரைலர். படம் வந்தா!!!!!!!!!?\r \r நாடகக் காதல் நாதாரி க்ரூப்ஸ்க்கு இந்நேரம் நாடித் துடிப்பு அடங்கி இருக்கும்.,0,tamil
சிறந்த  படம்(டிரெய்லர்).. இது போன்ற படம் இன்னும் வரனும்,0,tamil
விருத்தாசலம் நகர தலைமை விஜய் மக்கள் இயக்கம் சார்பில் வெற்றி பெற்றார் வாழ்த்துக்கள்,0,tamil
காதல் என்னும் பெயரில் பெண்களை கல்யாணம் பண்ணி பெத்தவங்க கிட்ட பணத்தை கறக்கும் பரதேசி பண்ணி களுக்கு ...,1,tamil
விஸ்வகர்மா மக்கள் சார்பாக படம் வெற்றி பெற வாழ்த்துக்கள்..,0,tamil
கதைக்கேற்ற தலைப்பு .. கோமாளி.... அருமை .... இயக்குநருக்கு பாராட்டுக்கள்,0,tamil
திருநெல்வேலி யாதவர் சமுதாயம் சார்பாக படம் வெற்றி பெற வாழ்த்துக்கள்,0,tamil
ஐயர் சமுகத்திரர்ன் படம் வெற்றி பெற வாழ்த்துக்கள்,0,tamil
Pa. Ranjith போன்ற இயக்குனர் ah... சரியான படம் #draupathi சாதி படம் அல்லா பெண்கள் மானம் காக்க வந்த நீதி படம்,0,tamil
இந்த படம் 100 நாள் தாண்டி ஓட வாழ்த்துக்கள் இயக்குனர் அவர்களுக்கு,0,tamil
உள்ளதை உள்ளபடி சொல்லி பெற்றோர்களை மனதை குளிர்விக்க வருக,0,tamil
பா.இரஞ்சித்தை கலாய்சுட்டாராம் ச்சீ மோகன் உங்க பேச்சே தெரியும் நீங்க ஜாதி வெறியன்னு உங்க படம் அப்டி தான் இருக்கும்....,1,tamil
"கீர்த்தி சுரேஷ் eh போட்டிருக்கலாம்,  நடிகையர் திலகம் மாதிரி இருக்கும்...",0,tamil
சில சமூகத்தில் மக்களை ஜாதியின் பெயரால் தூண்டிவிட்டு தங்கள் அரசியல் லாபம் பக்கம் தலைவர்களுக்கு சரியான செருப்படி தரும் அமையும் இந்த திரைப்படம் என்று எதிர்பார்க்கிறேன்....,0,tamil
I am தேவர் அந்த ___ களுக்கு செருப்படி,1,tamil
பால் குடிச்சிட்டு  தூங்கிருவோம்னு நினைச்சிங்களா டிஸ்லைக் பன்னிட்டு தான்  படுப்போம் - ஆமையாண்டிஸ்,1,tamil
மிஷ்கின் ku வேர ஹீரோ வே கிடைக்கலையா.,1,tamil
அந்தம்மா உடைய பார்வையை கம்பீரமா இருக்கும் இது என்னவோ சரி இல்லை,1,tamil
நான் அடிச்சா ஒன்றரை டன் வெயிட்டு பாக்கறியா NGK NGK,0,tamil
மொத்த அரசியலயும் ஒரே trailerல... செம்ம,0,tamil
தரமான டிரைலர்....  திரைபடம் வெற்றி பெற வாழ்த்துக்கள்...,0,tamil
"Director தா லூசு பயனு பாத்தா... Hero வும் கோமாளி பயனா இருக்கான்....  96 ல இருந்து தலைவர் மூலமா தமிழ்நாட்டுக்கு நிறையா அரசியல் நிகழ்வு நடந்துருக்கு,நடத்திருக்காரு....ஆனா வெளிப்படையா அரசியலுக்கு வரல...  2017 டிசம்பர்31 லதா  அதிகாரபூர்வமா அறிவிச்சார்...  ஆனா ஒன்னு  #கர்மா is a Boomerang",1,tamil
இப்படிதான்  தல  நம்பி உன்னை  அறிந்தால்  வந்தோம்  வச்சுல்ல  செஞ்சிங்க,1,tamil
தள நண்பர்களே 2நாட்களுக்கு உள்ளே 10 m ஆக மற்ற முடியுமா பிளீஸ்,0,tamil
Here only thalapathy RULES BAIRAVA தர மின்னலுண்னு நின்னு பார்ரா புரியும்,0,tamil
அயர்ன் படம் மாதிரி இருக்கு... Waiting for suriya..,0,tamil
பென்கள் நமது குள விளக்கு பென்களுக்கு எதிராக பாலியல் வன் கொடுமைகள் தலைவிரித்து ஆடுகிறது ...Save girals,1,tamil
நான் பெற்றெடுத்த பிள்ளை சிம்பு... அவனிடம் இருக்குது பம்பு!,0,tamil
vivegam movie 15 records - விவேகம் திரைப்படம் செய்த சாதனைகள்,0,tamil
துலுவ வேளாளர் சார்பாக இத்திரைபடம் வெற்றிபெற வாழ்த்துகள்,0,tamil
0:33 ங்கோத்தா சில பரதேசி பசங்களுக்கு பாத்ததும் வாயில  செருப்ப கவ்வ கொடுத்து அடிச்ச மாதிரி இருக்கும்..,1,tamil
வன்னியர் சார்பாக மிகப்பெரிய வெற்றி பெற வாழ்த்துக்கள் அண்ணா,0,tamil
நாடோடிகள் fans சமுத்திரகனி sir fans .....,0,tamil
இந்த மாதிரி நிறைய படங்கள் எடுக்க வேண்டும். மோகன் ஜீ,0,tamil
ஜீவா மற்றும் இயக்குனர் சிறு படத்தில் பணியாற்றிய அனைவருக்கும் மனமார்ந்த வாழ்த்துக்கள்.,0,tamil
இந்த  bgm  ஒரு குழந்தை விளையாட்டு பொம்மையில் இருக்கு... Promise.🤙 Athu oru female toy..,1,tamil
தேவர்..நாடார்..வன்னியர். * ( மூவேந்தர்) மற்றும் அனைத்து சமுதாய மக்களும் ஆதரிப்போம்... இவன்  கள்ளத்தேவன் .. MADURAI,0,tamil
த்தா டேய் விஜய் இத பாத்ததும் எனக்கு ஒரு சந்தேகம் வருது இதுக்கு முன்னாடி நீ எடுத்து படம்லா காசு கொடுத்து வாங்குன கதையோனு நினைக்க தோணுது.. இப்பதான் புரியுது அமலாபால் என் உன்ன விட்டு ஓடுணானு....,1,tamil
உனக்கு  என்னப்பா மாசத்துக்கு ஒரு படம் உன் இஷ்டத்துக்கு எடுப்ப,0,tamil
லவ் பண்ண மட்டும் போதாது மேட்டரை முடிச்சுட்டு சொன்ன அது சமூகம்  பொண்ணு மேல கை வைச்ச வெட்டுவோம் சொன்ன சாதி சாதி வேண்டாம் ஆன தாழ்த்தப்பட்டோர்  சலுகை வேணும்ல,1,tamil
சிவகங்கை வலையர் அம்லகாரர் சார்பாக படம் வெற்றி அடைய வாழ்த்துகள்,0,tamil
திருவண்ணாமலை மாவட்ட கோணார்/ஆயர்/யாதவவர் இனத்தின் சார்பாக படம் வெற்றி பெற வாழ்த்துக்கள்,0,tamil
மாப்ள வணக்கம் டா காரைக்குடி ல இருந்து,0,tamil
ஜெயம் ரவிசின்ன வயசுல ஒரு ஏரில குளிப்போம்ல அங்க போலாம் டா..🤔 யோகி பாபுஅது மேலதான்டா நடந்து போய்ட்டிருக்கோம் (Sadbut Truth🤐),1,tamil
பெண் பிள்ளைகள் அவசியம் பார்க்க வேண்டிய படம் நாடகக்காதல் அம்பலப்படும் வெள்ளித்திரையில் திரெளபதி படம் வெற்றிபெறும் சேலம் மாவட்டம் ஓமலூரிலிருந்து மீசைக்காரன் சத்ரியன் செல்வம்,0,tamil
நான் சார்ந்த devendira குல வேளாளர் சமுதாயம் சார்பாக படம் வெற்றி பெற என் மனமார்ந்த வாழ்த்துக்கள்,0,tamil
கடலூர் வன்னியர் சார்பாக வாழ்த்துக்கள்... ட்ரைலர் வெறித்தனமா இருக்கு,0,tamil
ஊராளி கவுண்டர் வம்சம் சார்பாக இப்படம் வெற்றி பெற வாழ்த்துக்கள்,0,tamil
புதுக்கோட்டை முத்தரையர் சங்கம் சார்பாக திரைப்படம் வெற்றியடைய வாழ்த்துக்கள்,0,tamil
"கபாலி, காலா, படம் சாதி அப்பாற்பட்டபடமுனா....   இதுவும் சாதி சார்ந்த படம் இல்லை. சமூக சிந்தனைக்காக  வெளியிட்ட படம்.   திருச்சி முத்தரையர் மாவட்டம்",0,tamil
ஊராளி கவுண்டர் சார்பாக படம் மாபெரும் வெற்றி பெற வாழ்த்துக்கள்....,0,tamil
உன் தலைவன் அந்த ஜாதி பெண்ணை திருமணம் செய்... இந்த ஜாதி பெண்ணை திருமணம் செய் என்று சொல்லுகிறானே ... என்றைக்காவது கேட்டு நீ உன் தலைவனிடம் இருக்கியா ... உன் வீட்டு பெண்ணை என்னை போன்ற எளிய கடை நிலை தொண்டனுக்கு திருமணம் செய்து கொடுப்பியா என்று...\r \r இந்த வசனம் அந்த படத்தில் இருந்தா நன்றா இருக்கும் என்பது என்னுடைய கருத்து,0,tamil
சில விஷயங்கள் கேட்றத விட பார்க்கும்போது தான் 'தெறி'யா இருக்கும் சி மீ இன் ஆக்ஸ்ன் ...,0,tamil
கமெண்ட் ல எல்லா  ஜாதியும் இருக்கு ஆன இன்னும் ஒரு ஜாதி   மட்டும் ஒரு கமெண்ட குட பண்ணல இந்த படம் உங்களுக்கு தான்,0,tamil
அருமை  படம் வெற்றி பெற வாழ்த்துகள்,0,tamil
நாடார் குலத்தின் பாதுகாவலன் ராக்கெட் ராஜா அவர்களின் சார்பில் வாழ்த்துக்கள்,0,tamil
"சமூக அரசியல் சார்ந்த படம், வெற்றி பெற வாழ்த்துக்கள்",0,tamil
பா ரஞ்சித் மாமா வளவன்  இவர்களை உரிக்க எடுக்க பட்ட படம்...,1,tamil
ஆனா இந்த வசன நடை செத்துப்போச்சு. நாங்கள் யதார்தமாக வட்டார மொழி பேசும் படங்களை பார்க்க ஆரம்பித்து விட்டோம் mr mani. இவ்வளவு கோடி கொட்டி படம் பண்றீங்க. ஒரு வசன கர்த்தாவ வச்சுக்க கூடாதா. Shankar ஐ பாத்தாவது திருந்த வேண்டாமா?,1,tamil
அடக்க மறு அத்து மிரு செருப்பு எடு வாயில அடி குருமா குஞ்சுக்கோ,1,tamil
முழு படத்தை திரையில் காண ஆவலாய் உள்ளேன்,0,tamil
சோழிய வெள்ளாளர் சமூகம் சார்பாக படம் வெற்றியடைய வாழ்த்துக்கள்,0,tamil
த்தா பங்கம்டா ஏய் இது 96,1,tamil
Hollywood leaval teasar நடிப்பின் உச்சக்கட்டம் சூர்யா அண்ணா,0,tamil
"உழைத்து பிழைக்க வேண்டும். மற்றவர்கள் சம்பாத்யத்தை, அவர்களது செல்ல மகள்கள் மூலம் கவர்ந்து செல்வது கீழ்மைதனத்தின் உச்சம். பெண்ணுக்கு சொத்தில் சமஉரிமை என்பது எவ்வளவு பெரிய குற்றம் என புரிந்து கொள்ளும் காலம் வெகுவிரைவில் மலரும். ஆண் வாரிசு என்றால், பெண் சந்ததி ஆவாள். எமது தரமிக்க சந்ததியர் திட்டதிருடப்படுவதை பார்த்து என்னால் எவ்வளவு காலம் சகிப்புதன்மையுடன் தவிப்பது?",0,tamil
"அப்பட்டமானா ஜாதி ஆணவக்கொலைகளை ஆதரிக்கும் படம்.   இவனுங்களுக்கு ஜாதி வெறி மண்டைக்கு ஏறிடிச்சு , இப்படியே போனால் தமிழ் நாடு சுடுகாடு தான்.   இந்த படத்தை தடை செய்ய தமிழக அரசு முன்வர வேண்டும்.",1,tamil
மொத்ததில் சாதி இன்னும் இருக்கு...! வெற்றி பெற வாழ்த்துக்கள் திரைப்படம்,0,tamil
உலக சாதனையை உடைத்து எறிந்து தல ரசிகர்கள் என்று மார்தட்டுவோம்.,1,tamil
"யுவன் அண்ணா , இது பத்தாது. இன்னும் அதிகமா எதிர்பார்த்தேன். வாயிலேயே முனகுற மாதிரியான மெலோடி மற்றும் சொடக்கு மேல சொடக்கு போடுது , ரௌடி பேபி போல எதிர்பார்த்தேன் அண்ணா.",0,tamil
இந்த டீரைலர் அண்ணன் மாமா வளவன் பாத்துட்டு தூக்குல தெங்கனும்..,1,tamil
பாக்கிஸ்தான் சுன்னிய ஊம்பலைனா உங்களுக்கு தூக்கம் வராதா,1,tamil
தரமான சம்பவம் படம் வெற்றி பெற வாழ்த்துக்கள்,0,tamil
மாவீரர் .குரு அவர்கள் நல் ஆசியுடன் மற்றும் சந்தனா காடு வீரப்பன் துணையுடன் திரௌபதி வெற்றி பெற வாழ்த்துக்கள்,0,tamil
ஆத்தி படம் ஃபுல்லா  கருத்து சொல்ல போறங்கள் போல. Waiting for blue சட்டை review.,0,tamil
பெண் பிள்ளைகளை பெற்ற  பெற்றோர்கள் சினிமா தியேட்டருக்கு குடும்பத்தோடு சென்று இப்படத்தை பார்க்க வேண்டும்.  இப்படத்தை வெற்றி பெற வைப்பதன் மூலம்தான்... இவர்களுக்கு நன்றி சொல்வதாக‌ அமையும்.  அப்பொழுதுதான் அடுத்து இதுபோன்ற படங்களை எடுக்க முன் வருவார்கள்,0,tamil
சாதி வகைகள் அறிய எல்லா comment tayum படிச்சா போதும். Antha sunglass person அந்த குரூப் டலிவ‌ர் போல குறியீடு,0,tamil
அகில இந்திய யாதவர் சமுதாயம் சார்பாக படம் அமோக வெற்றி பெற வாழ்த்துக்கள்,0,tamil
இந்த மாதிரி படம் எடுக்க தில் வேண்டும் படம் வெற்றி பெற வாழ்த்துக்கள்,0,tamil
நாடக காதல் சரக்கு மிடுக்கு குருபே உங்கள் முகத்தை உலகம் புரியும் காலம் வந்துவிட்டது இயக்குனருக்கு மனமார்ந்த பாராட்டுகள்,0,tamil
கதறுங்கடா கதறுங்க ...!!! வாழ்த்துக்கள் மோகன் .....சும்மா சும்மா எப்போ பார்த்தாலும் ஜாதி ஜாதி இவனுங்க தான் இப்படி எல்லாம் பண்ண வைக்கிறாங்க..அவன் அவன் வேலையா பார்துட்டு இருக்கும் தேவை இல்லாமல் சீண்டி விட்டு இப்படி அசிங்க படனுமா,1,tamil
டெய் யூடியூப் எத்தனை தடவை பார்த்தாலூம் வியூவ் மாரமாட்டுகிதுடா,0,tamil
திருமாவளவன் அவர்கள் அடுத்த சாதி பெண்ணை திருமணம் செய்து அவர்களை பழி வாங்க வேண்டும் என்று ஒரு போதும் சொல்லியதில்லை...அதற்கு ஆதாரம் கேட்டும் இதுவரை யாரும் சமர்ப்பிக்கவில்லை.....பொய்யான தகவலை வெய்து இப்படி பேசுவது அநியாயம்.....எங்கள் கருத்தியலின் படி நாங்கள் பெண்ணை சமமாக தான் நடத்துவோம்.....ஆனால் நீங்கள் பெண்களை புனித படுத்திவிட்டு அவர்களை ஆணவ கொலை செய்கிறீர்கள்....நீங்கள் கருத்தியல் ரீதியாக சென்று கொண்டு இருக்கும் பாதை தவறு என்பது உங்களுக்கு புரியும் காலம் வெகு துளைவில் இல்லை....,1,tamil
பெண் பிள்ளைகள் பெற்ற அனைத்து அப்பாகளின் சார்பாக படம் வெற்றி பெற வாழ்த்துக்கள்,0,tamil
தேவேந்திர குல வெள்ளாளர் சார்பாக வாழ்த்துகள்,0,tamil
"கண்டமங்கலம் ஒன்றியம், வன்னியர் சங்கம் சார்பாக படம் வெள்ளிவிழா காண வாழ்த்துக்கள் ... .",0,tamil
"பொன்ன பெத்தவனுக்கும், பொண்ணு கூட பொறந்தவனுக்கும் இந்த ட்ரைலர் பாக்கும் போது கோவம்,வெறி,வீரம் வெடிக்குது டா...",0,tamil
இல்லாத பெருமையை இருக்குன்னு சொன்னா அது சமூக படம்...நடக்குற உண்மையை புட்டு புட்டு வச்சா அது சாதி படமா...அப்படின்னா இந்த திரௌபதி சாதி படமாவே உனக்கு இருக்கட்டும்...ஆனா இது பாலபேருக்கு நல்ல பாடமா அமைந்து வெற்றி பெற வாழ்த்துக்கள்...,0,tamil
மோகன் அண்ணா யார் என்ன சொன்னாலும் உங்க கருத்த பின்வாங்காதிங்க,0,tamil
மொத்த சாதியும் ஒரு சாதிக்கு எதிரா நிக்குது......  என்னா சமூகம் டா இது  தூ...........,1,tamil
அனைத்து வெள்ளாளர்/ வேளாளர் சாதியின் சார்பில் திரைப்படத்தை வரவேற்க வேண்டும்,0,tamil
நாகப்பதனி சமுதாயம் சார்பாக படம் வெற்றியடைய வாழ்த்துக்கள்...,0,tamil
விழுப்புரம் மாவட்ட வீர சைவ பண்டாரத்தார் சார்பில் இப்படம் வெற்றி பெற வாழ்த்துக்கள்,0,tamil
தர்மபுரி வன்னியர் சார்பில் வெற்றி பெற வாழ்த்துக்கள்,0,tamil
கொங்கு நாட்டின் சார்பாக இப்படம் வெற்றி பெற வாழ்த்துகள்,0,tamil
"அருமை, இது போல ஓரு படம் யாராவது எடுப்பாங்களானு ரோம்ப நாள் காத்திருந்தேன்..",0,tamil
சுற்றித்திரியும் மேகக் கூட்டத்தை  பற்றிஇழுத்து மழையாக மாற்றிடும் குளிா்தமிழ் கேட்டிட ஆற்றிடும் சொற்களில்  தூயதமிழ் ஒலித்திட கற்றிடும் கல்வியில் வெற்றி கிட்டிட மக்கள் தொலைக்காட்சி யை' யூ டியூப் 'ல் காணுங்கள் நன்றி,0,tamil
"4 பட சாயல்ல ஒரு படத்த எடுத்த அது அட்லி, 4படத்தயும் ஒரே சாயல்ல எடுத்த அது  மணிரத்னம்  #Godfather_1972   is always ULTIMATE",0,tamil
திருவண்ணாமலை மாவட்டம் சார்பாக படம் வெற்றி பெற வாழ்த்துக்கள். எங்கள் மாவட்டம் ஆதரவு நிச்சயம் உண்டு தல...,0,tamil
"இதை மையமாக வைத்து ஒரு திரைப்படம் வராதா, யாரும் எடுக்கு மாட்டார்களா என எதிர்பார்த்து கிடந்தேன்.",0,tamil
🥇🥇🥇தரமா டீஸர் அதேபோல் படமும் தரமாக இருக்கும்,0,tamil
படத்தை கட்சிகாரங்க கிட்ட காட்டிட்டு படத்தை ரிலிஸ் பன்னுங்க,1,tamil
திருவண்ணாமலை வாணிய செட்டியார்கள்​ சார்பாக படம் வெற்றி பெற வாழ்த்துகிறோம்,1,tamil
தமிழன் ஒன்னு சேரவேகூடாதுன்னு இது மாதிரி படம் எடுக்குரீங்களாடா... சாதிய புடுச்சிக்கிட்டே சாவுங்கடா எல்லாரும்.....,0,tamil
என்ன டா நீங்க பக பக பக பக னு சங்கு வேற ஊதிக்கிறீங்க🤣🤣🤣symbolic ah சொல்றீங்களோ🤔🤔🤔🤔🤔‍‍‍‍,1,tamil
டேய் நாயே . எங்களுக்குள்ளே அடிச்சிக்கிட்டளும் நாங்க ஒன்னு செர்ந்துக்குவோம். யேன  நாங்க பங்களிங்க டா இப்போ அடிச்சிக்குவோம் அப்பறம் பிரச்சன நீ வந்தா ஒன்னு சேர்ந்துடுவோம் டி . கொஞ்சம் தள்ளி ய இருந்துக்கு அதன் உங்களுக்கு நல்லது,1,tamil
தமிழ் நாட்ல இருக்குற சாதிய பைத்தியகார கூதியானுங்கள எல்லாம் ஓரே இடத்தில் பார்க்க ஒரு வாய்ப்பை தந்த மோகன் வன்னிக்கு சாரி பன்னிக்கு நன்றிகள்,1,tamil
நாங்களும் ஒரு நாள் லவ் ஜிகாத் பத்தி தமிழ்நாட்டுல ஒரு படம் எடுப்போம்.. மொத்த மதம்மாத்துற கும்பலையும் கதறவிடுவோம்.,1,tamil
கொங்கு நாட்டு மக்கள் மத்தியில் பெரும் வெற்றியடையும் இந்த படம்.....,0,tamil
திரௌபதி வெற்றி பெறுவாள் வாழ்த்துக்கள் மோகன் ஜி அண்ணா .தற்போது YouTube ல் தவறான தலைப்புகளில் திரௌபதி படத்திற்கு எதிராக வதந்திகள் பரப்பப்படுகிறது யாரும் அவற்றை  பார்க்க வேண்டாம்,0,tamil
அசுரனை அழிக்க... வரால்.... #திரௌபதி . படம் வெற்றி பெற வாழ்த்துக்கள் அண்ணா,0,tamil
இவ்வளவு லைக் வருது ஆனால் எந்த அரசியல் சொரி நாய்கள் நமக்காக வரமாட்டேங்குது,1,tamil
இது ட்ரெய்லர் தானா டீசர் மாதிரி இருக்கு,1,tamil
வம்ப வெல போட்டு வாங்குறாங்க போல இருக்கு....,0,tamil
திரை உலக வரலாற்றில்  ஓர் சிறந்த படம்   என்று இந்த உலகமே   பாராட்டும்  திரைகாவியமாக வளர. வாழ்த்துக்கள்,0,tamil
"வரலாறு தெரியாமல் வெற்று புகழ்காக பிராமணன்கு கூட்டி கொடுத்தது தான் சாதி சொத்து சேர்ந்துள்ளது.ஒரு சிலரை தவிர.அறியாமை ,நீ கல்வி கற்கவே தடை விதித்தவன் பற்றி உனக்கு தெறியுமா?,உன்னை வெறும் கருவியாக மட்டும் பயன்படுத்தி உயர்ந்தவன்,அவனே பிராமணன் என்ற உயர்ந்தவன் நீ மாமா வேலை பார்த்து சொத்து சேர்த்தவன்.ஒருசில நல் உள்ளங்களை தவிர,மாண பெரிதென வாழ்ந்து அறியாமை எதிர்ததால் ஊரின் எல்லையில் தள்ளபட்டனர். உண்மை வெல்லும் ஒரு நாள்!!!",1,tamil
சேலம் மற்றும் இளம்பிள்ளை வீர சைவம் ஜங்கம குலம் சார்பில் வாழ்த்துக்கள்.இந்த திரை காவியம் வெள்ளி விழா காணா வேண்டும்.,0,tamil
சூப்பர் சார்........... இந்த மாதிரி படம் எடுத்தாதான் உண்மை எல்லாருக்கும் தெரியும். ...............,0,tamil
தாடி இல்லாத பிரபுதேவா பார்த்து பல வருசமாச்சு இப்போதான் பாக்குறேன்,0,tamil
"பார்க்கவகுல (உடையார், மூப்பனார், நயினார்) சார்பாக மனமார்ந்த வாழ்த்துகள்.",0,tamil
"அனைத்து சமுதாயத்திற்கும், மண்ணும் பெண்ணும் முக்கியம்தான் ...",0,tamil
"டைரக்டா் செல்வராகவனின் ஆயிரத்தில் ஒருவன் திரைப்படம் மறைமுக  அரசியலை திரைக்கு கொண்டு வந்த திரைப்படம் ஆனால் அந்த திரைப்படம் தோல்வியை சந்தித்தது,  ஆனால் #NGK திரைப்படம் மறைமுக அரசியல் அல்லாத தற்போதைய அரசியல் நிலவரத்தின் மாற்றங்களை எடுத்துரைக்கும் இத்திரைப்படம் ரசிகர்கள் எதிர்பார்த்ததை  விட பிரமாண்ட வெற்றி அடையும்",1,tamil
ஆயுத எழுத்து   apram best,0,tamil
நல்ல தரமான படம் வாழ்த்துகள் மோகன் ஜீ,0,tamil
அண்ணா விட்டுருங்க ணா... கண்கள் கலங்கடித்து விட்டது...,0,tamil
"சமுதாயங்கள் ஒற்றுமையே இந்துக்கள் ஒற்றுமை, இதில் உயர்வு தாழ்வு என்பது கிடையவே கிடையாது. அதுதான் நமது உண்மையான யூனிட்டி இன் டைவர்சிட்டி.\r அதை உடைக்கத்தான் வெளிநாட்டு மிஷநரிகள் எப்படியோ ஸ்கெட்ச் போட்டு நம்மை பிரிக்க பாக்குறாங்க, அதில் ஓரளவு வெற்றியும் அடைஞ்சிட்டு இருக்காங்க.",0,tamil
இந்த திரைப்படத்தை மக்களுக்கு கொண்டு சேர்ப்பது எங்கள் கடமை மோகன் அண்ணா.. படம் வெற்றி பெற வாழ்த்துக்கள்...,0,tamil
"தர்மன், பீமன், அர்ஜூனன், நகுலன்,சகாதேவன், இவனுங்க ஐந்து பேருக்கும் ஒரே பொண்டாட்டி அவளுக்கு பெயர் தான் #திரௌபதி..  இதுல ஐந்துல முதல் மூனு பேர் #குந்தி எனும் ஒருத்திக்கும்.  நகுலனும் சாகதேவனும் #மாத்ரி என்பவளுக்கும் பிறந்தவனுங்க..   இதுல #திரௌபதி ஒழுக்குமான காதலை பேச போகுதாம்",0,tamil
அதை ஏண்டா தளபதியை பார்த்து அப்படி சிரிச்ச? தலையைப் பார்த்து மட்டும் லைட்டா சிரிக்கிற? இதுக்கு யாருக்காவது பதில் தெரிஞ்சா சொல்லுங்க ப்ரோ.,0,tamil
இந்த காலகட்டத்தில் இப்படி ஒரு படம்  எடுக்க வேண்டியது அவசியம் தான் அருமை மாபெரும் வெற்றி பெற வாழ்த்துக்கள்,0,tamil
கங்கணரனவத் நல்ல நடிகை ஆனாலும் இந்த வேடத்துக்கு அவர் சரியாகஇல்லை,1,tamil
இந்த படத்தை தயவு செய்து பார்க்க வேண்டாம். ஜெயம்ரவி உண்மையில் கோமாளி. அவன் வாகனவிபத்தில் கோமா நிலைமைக்கு போகனும்.,1,tamil
இன்னும் எவனும் இந்தே படத்தே ஆதிக்கே சாதி படம்னு சொல்லாம இருக்கான் எவனது சொல்லட்டும் ஒக்களே ஒலிகளே செருப்ப கழட்டி அடிக்கணும்,1,tamil
ஜாதி இல்லனு சொல்லிட்டு தேவைப்படுற இடத்துல மட்டும் பயன்படுத்திற நாய்ங்கலாம் இங்க டிஸ்லைக் போட்ருக்கிங்க போல,1,tamil
எல்லா சாதிகளையும் மதிப்போம் ஹிந்துவாய் இந்தியனாய் இருப்போம்,0,tamil
இந்த ஒரு டிரெய்லருக்கே சிறுத்தை குட்டிகளின் கதறல் அதிகமாகவே இருக்கும்..  சாதி படம் என்று நடுநிலை என்ற பெயரில் பல நாயிங்க அந்த பரதேசி சிறுத்தை நாயிங்களுக்கு வக்காலத்து வாங்கிட்டு வருவானுங்க நாடகக்காதல் கும்பலுக்கு எதிராக அனைத்து சமுதாயமும் ஒன்று சேரும் நேரம் இந்த படத்தை ஆதரிப்பதின் மூலம் உணரலாம்..,1,tamil
ஒரு ட்ரெய்லர் ஒரே ஒரு ட்ரெய்லர் பாதிக்கப்படும் எல்லாசமுதாயத்தையும் ஒத்துமை படுத்திடுச்சி,0,tamil
விவேகம்ட்ரைலர் பாத்துட்டு  லைக் போடம தூங்குறவங்க கனவுல சுறா படம் வரும்,0,tamil
"எனக்கு பெண் பிள்ளைகள் இல்லை ஆண் பிள்ளைகள் தான் திரௌபதி படத்தை பார்க்க சொல்வேன், அவனுங்களுக்கு இந்த படம் பாடமாக இருக்கும்.🤗",0,tamil
பெரிய வீட்டு புள்ளைங்கனு தெரிஞ்சி ஏன் தொட்டு பாக்குறீங்க.,0,tamil
"இதேபோல் லவ் ஜிஹாத்தில் துலுக்கனுங்க, இந்து பெண்களை சீரழிக்கும் கொடூரத்தை படமாக எடுத்தால் நன்றாக இருக்கும்...",0,tamil
ரஜினியையே கிண்டல் பண்றீங்களா இருங்கடா படம் ரிலீஸ் ஆகட்டும்,1,tamil
கூத்தாடி ரசினி  இந்த காட்சி மிக அருமை    இயக்குனர்க்கு வாழ்த்துக்கள்,1,tamil
டேய் எவ்வளவு நாளா எங்கடா இருந்தீங்க. வாங்டா. படம் மாபெரும் வெற்றி அடையும் வாழ்த்துகள்.,0,tamil
தெய்வமே இப்படி ஒரு படம் வராத என்று ஏங்கித்தவிச்சன். அருமை அருமை சிறப்பு வாழ்த்துக்கள் அண்ணா மகிழ்ச்சி அளிக்கிறது...,0,tamil
இந்த K V anath திருந்த மாட்டார்,0,tamil
ஜெயலலிதா வை இப்படி எல்லாம் அவமான படுத்தி இருக்க வேண்டாம்..,1,tamil
கும்மிடிப்பூண்டி ரெட்டியார்கள் சார்பாக இந்த காவியம் மிகப்பெரிய வெற்றி அடைய வாழ்த்துக்கள்,0,tamil
இப்படைப்பை உருவாக்க உதவிய சிவகார்த்திகேயன் அண்ணாவிற்கு நன்றி,0,tamil
ட்ரைலர் பாக்கும் போதே தெரியுது  படம்   வேர லெவல்  சூப்பரா காமெடியா 🤣🤣 இருக்கும் போல  படம் பார்த்தே ஆகணும்,0,tamil
இவ்வளவு நேரம் பார்த்த எல்லா காட்சிகளையும் (ட்ரைலர் ஆரம்பத்தில் இருந்து ) கடைசி இரண்டே வினாடிகள் எல்லாவற்றையும் மறந்துபோகிற அளவுக்கு வச்சாங்க பாரு ஒரு (ட்விஸ்ட் ) ரஜினிகாந்த் பேசின காட்சிக்கு யாரை ஏமாத்துறீங்க இது 96 ல சொன்னதுன்னு  இதுக்காகவே பார்க்கனும்.,0,tamil
மாவீரன் மறையவில்லை அவரின் வசனங்கள் இந்த ட்ரெய்லரில் பார்க்கும்பொழுது மெய் சிலிர்க்கிறது,0,tamil
கோயம்புத்தூர் மாவட்ட விஸ்வகர்மா சமுதாயம் சார்பாக படம் வெற்றியடைய வாழ்த்துகள்,0,tamil
"வெறும் சினிமா, இன்டர்நெட்ல மட்டும் தானே வீர வசனம்..... நிஜ வாழ்க்கையில் ஒரு வெங்காயத்த கூட எவனாலும் உறிக்க முடியாது",1,tamil
யாதவர் சமுதாயம் சார்பாக இந்த திரைப்படம் மாபெரும் வெற்றியடைய வாழ்த்துக்கள்,0,tamil
படத்தின் கதையை ஒரே வரியில் இந்த டிரெய்லா் சொல்லி விடுகிறது.. ரஜினி சம்பந்தப்பட்ட காட்சிகள் உண்மை தானே...இதுவரை யாரும் தொடாத ஒரு கதை..  திரைப்படம் வெற்றி பெற வாழ்த்துக்கள்,1,tamil
"அருமை அண்ணா.ஒரு வன்னியன் ஆக இப்படத்தை ஆதரிக்கிறேன் .இனியாவது நம் பெண்கள் பெற்றோர் சொல்லும் பேச்சை கேட்டு விழிப்புடன் நடந்து கொள்ள வேண்டும். #திரௌபதி ஒரு படமாக மட்டும்,இல்லாமல் ஒரு பாடமாக அமையும் என எதிர்பார்க்கிறேன். காத்திருக்கிறோம் அனைவரும்  திரையரங்கில் #திரௌபதி -ஐ கான",0,tamil
"அகிலம் ஆண்ட அம்பலகாரர் சார்பாக படம் வெற்றி பெற வாழ்த்துக்கள்.. பரியேறும் பெருமாள் ,  அசுரன் எல்லா கொண்டாடுவிங்க இதையும் கொண்டாடுங்க யாரு ஜாதி வெறி பிடித்தவர்கள் என்று தெரியும்...",1,tamil
ராணிப்பேட்டை மாவட்டம் சார்பாக இத்திரைப்படம் மாபெரும் வெற்றி பெற்ற வாழ்த்துக்கள்.. வது வெள்ளி விழா காண வாழ்த்துகள்,0,tamil
"மனிதனின் சிந்தனையை தூண்டும்விதமா படம் எடுக்க மாட்டாய்ங்க, உணர்ச்சிய தூண்டி காசு சம்பாதிப்பானுங்க. இங்க இருக்குற கிருக்கு மாக்கானுங்க இந்த அரசியல் சூழ்ச்சி தெரியாம 500, 1000ம்னு கொடுத்துட்டு  வாயப்பொளந்து பாத்துட்டு வந்துருவானுங்க. இவனுங்கதான் அடிமையா வாழ்றதயே பெருமையா கருதுறவனுங்களாச்சே....",1,tamil
அற்புதமான ஜாதி படம்...... மீண்டும் ஒரு குறிப்பிட்ட ஜாதியை தூக்கி பிடிக்கிற படம்,0,tamil
மணி ரத்னம் படம் கண்டிப்பா flop தான் பாவம் producer,1,tamil
நடிப்பின் நாயகன் அண்ணண் சூர்யா படம் வெற்றி பெற வாழ்த்தும். தல ரசிகன்.,0,tamil
விவேக் ஒரு படத்துல பலூன் அடைச்சு வைப்பாரே அது மாதிரி ஏதாச்சும் இருக்குமோ எதுக்கும் ஊசி வச்சி குத்தி பாத்துர வேண்டியது தான்...ஆனா ஒன்னு தமிழ்நாட்டுல இருக்குற யாரும் இந்த படத்த பாத்துரமாட்டான்... டிரெயிலரே முடியல...,1,tamil
என்னாமா கூவுறானுங்க டா  முடியல டா யப்பா,1,tamil
வன்னியர்களுகன படம்  Draupathi vetri engalin வெற்றி,0,tamil
சேலம் மாவட்டம் பூலாவரி கிராம மக்களின் ( வன்னியர் )  சார்பாக இப்படம் வெற்றி பெற வாழ்த்துக்கள்,0,tamil
செங்குந்தர்  இன சமுதாய மக்கள் சார்பாக திரைபடம் வெற்றி பெற வாழ்த்துக்கள்..,0,tamil
அனைவரும் படத்தை தியேட்டரில் பார்த்து வெற்றி பெறச் செய்வோம் இது ஆரம்பம்,0,tamil
சாதி வேண்டாம் ஒழியும் என்பவர்கள் எவரும் சாதி அடிப்படையில் இட ஒதுக்கீடு வேண்டாம் என கூறுவார்களா ப  சலுகைகள் பெற சாதி தேவை சாதி ஒழிப்பேன் சொல்றவங்க தான் வளர்க்கிறார்கள்   நான் தேவன் என் ஆதரவு இப்படத்திற்கு உண்டு   ஆக,0,tamil
நான் தான் வேற யாரு .....    வெறித்தனம்,0,tamil
நாட்டுக்கு ரொம்ப ரொம்ப தேவையான படம் இது இந்த இந்தப் படம் ஒன்று போதாது நிறைய இதுமாதிரி எடுக்கணும் டைரக்டருக்கு எங்களுடைய வாழ்த்துக்கள்,0,tamil
திரௌபதி படம் வெற்றி அடைய வாழ்த்துகிறேன் தல ரசிகனாகவும் ஜாதி ஒழுக்கத்தில் உயர்ந்தவனாகவும்,0,tamil
முதல் முறையாக இப்படிபட்ட உண்மை கருத்தை படமாக எடுத்த இகயக்குனரின் தைரியத்தை பாராட்டுகிறேன் . பெண்களை ஏமாற்றி நாடக காதல் செய்யும் ஓநாய்களுக்கு எதிராக இந்த படம் இருக்கும் என்று நம்புகிறேன். படம் வெற்றி பெற வாழ்த்துக்கள்,0,tamil
தளபதி ரசிகர் மன்றம் சார்பாக படம் மாபெரும் வெற்றியடைய வாழ்த்துகிறோம்,0,tamil
Trailere mirattuthu sir  படம் வெற்றியடைய வாழ்த்துகள்,0,tamil
சினிமா இதுவரை பார்த்திராத படம் வெற்றி பெற வாழ்த்துகள்,0,tamil
சரியான விடை அளிப்பவர்களுக்கு 1000 ரூபாய் பரிசு      Crime story episode 5   Watch and Subscribe 🤝🤝🤝,0,tamil
"அனைத்து வேளாளர் (எ) வெள்ளாள பிள்ளைவாழ், முதலியார், கவுண்டர்கள் சார்பாக வாழ்த்துக்கள்... படத்தை திரையரங்குகளில் பார்ப்போம்",0,tamil
நெல்லை மாவட்டம் சேனைத்தலைவர் சமுதாயம் சார்பில் பாராட்டு மற்றும் படம் வெற்றி பெற வாழ்த்துக்கள்,0,tamil
"சூர்யா + செல்வா + யுவன் = 100% வெற்றி,",0,tamil
நெல்லை மாவட்டம் சங்கரன்கோவில் யாதவ சமுதாயம் சார்பாக முழு ஆதரவு,0,tamil
மாவீரன் காடுவெட்டியாரின் நல்லாசியோடு திரௌபதி திரைப்படம்  மாபெரும் வெற்றி பெற வாழ்த்துக்கள்,0,tamil
எந்த ஒரு தப்பும் பண்ணாம அந்த ஜாதில பிறந்த ஒரே காரணத்துக்காக அவங்கள ஒதுக்கி வைகாம இருந்தா...இந்த பிரச்சனையே இல்ல.... தப்பு பணாலே பணம் குடுத்து ஜாமின் வாங்கிர இந்த காலத்துல தப்பே பணாம ஒருத்தன கேவலமா பாத்த...அவங்க வழி இல்லாம குறுக்கு வழி ல மேல வர தா பாப்பாங்க... வோட்டுகாக ஒருத்தன் நம்மள பேச வைக்ரான்...நாம பேஸ்ரோம்...ஆனா பல கொடி லஞ்சம் அவங்க வீட்டுக்கு தா போகுது...நாம கஷ்டபட்டு தான் சாப்ட வேண்டி இருக்கு...,1,tamil
எங்களுக்கு மண்ணும் பொண்ணும் இரண்டும் முக்கியம் மீறி கைவச்சா இரண்டு கையையும் வெட்டுவோம் என்ன நான் சொல்றது தரம்,0,tamil
இந்த படம் வெற்றி பெற வாழ்த்துக்கள் பட குழுவினர்கள் நன்றி வாழ்த்துக்கள்,0,tamil
ரிச்சர்ட்  தல அஜித்தின் மச்சான் என்று எத்தினி பேருக்கு தெரியும். படம் வெற்றி அடைய வாழ்த்துக்கள்.,0,tamil
"இந்த படத்தின் நாயகன் ரிச்சர்ட் ரிசி, நடிகர் தல அஜித்தின் மச்சான்.இப் படம் வெற்றி பெற தல ரசிகர்கள் சார்பாக வாழ்த்துக்கள்.",0,tamil
இப்பலாம் மூலைசாவுனு சொல்லி எல்லாம் ஆர்கனையும் புடிங்கிடுறானுங்கடா,1,tamil
சோழ சாம்ராஜ்ஜியம் சத்ரிய வேந்தன் ராஜ ராஜ சோழன் வீர வன்னியர் சார்பாக துரோபதி படம் வெற்றி பெற வாழ்த்துக்கள்,0,tamil
என்னுடைய மனவேதனையை இந்த படத்தின் வரவால் குறையும் என்று நம்புகின்றேன் விஷாறதில் இருந்து,0,tamil
"இந்த டரைலர் பார்த்தால் stalin heroவின் ,  ஒரு மாருபட்ட  படமாக இருக்கும் .  அருமையாக இருக்கும் என்று நினைக்கிறேன்.",0,tamil
ப.ரஞ்சித் அவர்களே இனி உன் சமூக படம் வேலைக்குஆகாது..,1,tamil
எப்படி எங்க காப்பான் சின்டாதிங்க புலி ய,0,tamil
முத்தரையர்கள் சார்பாக படம் வெற்றி பெற வாழ்த்துக்கள்,0,tamil
கொங்குநாடு வேட்டுவக் கவுண்டர்கள் சார்பாக .. இந்த படம் வெற்றி பெற வாழ்த்துக்கள்..,0,tamil
தேவேந்திர  குல வேளாளர் சார்பாக வாழ்த்துக்கள்.......,0,tamil
ஏன் இவ்வளவு சாதி வெறிகொண்ட ஒரு படம்?   மனித நேயம் வளரட்டும்  சாதி வெறி ஒழியட்டும்.,0,tamil
நாம் நாடக காதலை எதிர்க்க இந்த படத்திற்க்கு அனைத்து சமுதாய மக்களும்  ஆதரவு தர வேண்டும்  திரௌபதி நிச்சயம் மிரட்டுவாள்,0,tamil
படம் ரிலீஸ் தேதியை  கொஞ்சம் சீக்கிரமா வச்சிருந்தா நல்லா இருக்கும். எல்லா ஜாதிக்காரரும் இந்த படத்தை பாக்கணும்ன்னு இருக்காங்க  except அந்த குஞ்சித் & குருமா பாய்ஸ் தவற.  சூட்டோட சூடா படத்தை ரிலீஸ் பண்ணிட்டா நல்லாயிருக்கும்.,1,tamil
எல்லாரும் பார்க்கனும் இந்த ரொம்ப நாள் ஒட வேண்டும்,0,tamil
செம்ம trailor செருப்பால அடிச்சமாறி இருக்கு movie blockbuster,0,tamil
"பரியேறும் பெருமாள், அசுரன் போன்ற திரைப்படங்கள் வந்தபோது யாரும் ஜாதி படமாக பார்க்கவில்லை (இன்று பார்க்க வைத்து விட்டார்கள் என்பது வேறு விஷயம்) அதில் படைப்பாளிகள் திறமையை மட்டுமே பார்த்தோம்...அதேபோல்  பா.ரஞ்சித்தின் திரைப்படங்களிலும் பெரிதாக குறை ஒன்றும் இல்லை ஆனால் அவர் மேடைகளிலும், பேட்டிகளிலும் பேசுவது அநாகரீகத்தின் உச்சம்...இப்போது திரெளபதி திரைப்படத்தின் 2 நிமிட டிரைலர் மட்டுமே வெளியாகி உள்ளது...அதற்கு ஏன் இவ்வளவு எதிர்ப்பு? உங்களுக்கு உங்கள் ஜாதியின் பிரச்சினைகளை பேச இருக்கும் உரிமை மோகன் அவர்களுக்கு அவர் ஜாதியின் பிரச்சினைகளை பேச உரிமை இல்லையா?",1,tamil
Story Base eh சூப்பரா இருக்கு . படம் கண்டிப்பா ஹிட்தான்.,0,tamil
ஜாதிய வெச்சு காசு பாக்கணும் நு முடிவு பணிட்டான் இந்த director பய...  Nee nadathu sithappu ...  Intha மாதிரி மோசமான படங்கள் எடுக்க உனக்கு next time தைரியம் வராத அளவுக்கு தமிழ்நாட்டில் ல reply கொடுப்போம்,0,tamil
உரிமைகாக போராடுரவ பெயர் நக்ஸசல்னா தமிழ்நாட்டுல இருக்குர மக்களும் நக்ஸசல்தான்,1,tamil
அடப்பாவி எல்லா ஜாதி வெறியன்களும் இங்க தான் இருக்காங்க போல............ 🤦‍ ஜாதிய பிரிச்சிட்டு அவன் ஜாலியா இருக்கான் (பார்ப்பான் ) இவனுங்க சாவுறானுங்க.... 🤦‍,0,tamil
எவ்வளவு பெயரோட மனக்குமுறல் இன்று வெளிப்படுகிறது சில குறிப்பிட்ட கும்பலால் பலபேர் பாதிக்கப்பட்டுள்ளார்கள் என்பது தெரிகிறது. என் நீண்ட கால எண்ணங்கள் வெளிப்படுகிறது நன்றிகள் பல மோகன் அவர்களே,0,tamil
திருச்சி 🦁முத்தரையர்🦁 மக்கள் சார்பாக படம் வெற்றியடைய வாழ்த்துக்கள்,0,tamil
கடைசி பஞ்ச் எனக்கு ஒரு நிமிஷம் தலையே சுத்துடுச்சு..,1,tamil
இது படம் மட்டும் அல்ல அனைவரும் அறிந்த கொள்ள வேண்டிய பாடம்,0,tamil
தமிழ்நாடு விஸ்வகர்ம சார்பாக திரைப்படம் வெற்றி பெற வாழ்த்துகள்,0,tamil
டிரைலர் வேற லெவல்... அனைத்து சமுதாய மக்களும் விழிப்புணர்வு அடைய வேண்டிய நேரம் இது... இழந்த வரை போதும்... இந்து நாடார் மக்கள் சார்பாக படம் மாபெரும் வெற்றி அடைய வாழ்த்துக்கள்....,0,tamil
ஒரு ஓவிய வரைபவன் தன் பிள்ளைக்கு என்ன சொல்லி கொடுப்பான் ஓவியம் வரைய.. என் அப்பன் மிலிட்ரி கோலி விளையாடவா சொல்லி கொடுப்பான்... செம மாஸ் பா சூர்யா அண்ணன்..,0,tamil
திரௌபதி மானங்கபட்டதனால் மகாபாரத போர் ஏற்பட்டது. இந்த திரௌபதியை பார்த்தவுடன் இந்த கௌரவ கூட்டம் ஆற்றங்கரைக்கு ஓடுது. சபாஷ்   திரௌபதி!,0,tamil
விரைவில் திரைக்கு வரவிருக்கும் விஜய்யின் தெறி படத்தின் பிரமான்ட ட்ரைலர் இதோ அனைவரும் கன்டு மகிழுங்கள்,0,tamil
எனக்கு தெரிந்தது எல்லாம் இரண்டு ஜாதி 1 ஆண் 2 பெண் இதை தவிர வேறு ஜாதி எனக்கு தெரியாது.... நீங்க என்னடான்னா புதுசு புதுசா படம் காட்டுறீங்க!!,1,tamil
ட்ரைலர் நல்லா இருக்கு .சில மணி ரத்னம் படங்கள் தோத்து போச்சு . பாக்கலாம் இந்த மாதிரி வசனம் இப்போ வேகறது இல்ல .,0,tamil
சாதியே கூடாதுன்னு தான் படம் எடுத்து இருக்கான் ஆனாலும் நீங்க உங்க ஊர் மக்கள் சார்பா உங்க சாதி பேரு சார்பானு சொல்லுரீங்கடா,1,tamil
பெண் பிள்ளைகளைப் பெற்றெடுத்த தகப்பனுக்கும் தாய்க்கும் மகளுக்கும் உள்ள உறவை காதல் என்ற பெயரில் ஜாதி என்ற பெயரால் மோசம் செய்த சில மனித மிருகங்கள் இருந்து கொண்டுதான் இருக்கும் இந்த படம் அந்த மனித மிருகங்களுக்கு செருப்பு அடியாக இருக்கும் பெற்றெடுத்த தகப்பனுக்கு தான் தெரியும் தன்  பெண்ணை எந்த இடத்தில் கொடுத்தால் சந்தோஷமாக வாழும் என்று நான் பெண் பிள்ளையை பெற்றெடுத்த தகப்பன்  திரெளபதி  திரைப்படத்துக்கு தலைவணங்குகிறேன்...,1,tamil
எல்லாம் சரி எதுக்கு இந்த படத்துக்கு நாடோடிகள் 2 னு பேரு வச்சிங்க?  நாடோடிகள் பர்னிச்சர் நல்லாருக்குரது உங்களுக்கு புடிக்கலையா அதையும் போட்டு ஒடைக்கனுமா?,1,tamil
படம் வெற்றி சிறந்த வெற்றிப்படமாக அமைய வாழ்த்துகள் நண்பா,0,tamil
இயற்கைய உற்பத்தி அகுர நதிய தன்னக்கு மட்டும் தானுனு சோந்தம் கொண்டடுர உரிமைய யார் உங்களுக்கு கொடு தான்ங்க,1,tamil
திரும்ப திரும்ப திரும்ப தொடர்ந்து 15 முறை பார்த்துங்குட டிரைலர் சலிக்கல (நம்ம ஆட்சி வரும் ) நான் தல பேன்ஸ் like it,0,tamil
உண்மையை உரைக்க சொன்ன இயக்குனர் அண்ணாவுக்கு திரைப்படம் வெற்றி பெற வாழ்த்துக்கள்,0,tamil
நாயுடு மக்கள் சார்பில் படம் வெற்றி பெற வாழ்த்துக்கள். சீக்கிரம் வெளியிடுங்கள். உண்மையை உறக்க சொன்னதுக்கு நன்றி.,0,tamil
படம் எடுத்தவங்க மேல எந்த குறையுமில்லை ஆனா இப்ப படம் தேவையா அரசியல்வாதிங்க மட்டும்தான் ஜாதிய பத்தி பேசிட்டு இருக்காங்க நாம்ப பேசணும்னு அவசியமில்லை,0,tamil
#கடலூர்மாவட்ட வீர வன்னியர் குல ஷ்த்ரியர்கள் சார்பாக #திரௌபதி படம் வெற்றி பெற வாழ்த்துக்கள்.....,0,tamil
நீ சிரித்தால் Penny-wise மாதிரியே இருக்க bro !,0,tamil
00:57அடப்பாவிங்களா எங்க அம்மாவை என்ன பண்ணி வச்சிருக்கீங்க  அம்மா மாதிரி மேக்கப் போட சொன்னால் Tuntunஆன்ட்டி மாதிரி போட்டு வச்சிருக்கீங்க  தயவு செஞ்சு மகாநதி படத்தில் கீர்த்தி சுரேஷுக்கு மேக்கப் போட்ட. Artist a use  பண்ணுங்க,1,tamil
திருமா என்ற  குறுமக்கு சூப்பர் செருப்படி 🦍,1,tamil
டைரக்டருக்கு நெஞ்சுரம் அதிகம்தான் விசி குரூப்பைதவிர மற்ற யாரும் தன் ஜாதி பெயரை சொல்ல தயங்கிய காலகட்டத்தில் தைரியமாக இந்த வேலையாகத்தான் திருமா குரூப் திரியுது என்று சொல்ல ரொம்ப தைரியம் வேண்டும் திமுக ஆட்சியில் இருந்திருந்தால் இந்த படத்திற்கு தடை போட்டிருக்கும் நம் முதல்வர் என்ன செய்யப்போகிறார் வரி விலக்கு கொடுத்து பெண்பிள்ளைகளை அழைத்துக்கொண்டு குடும்பத்தோடு பாரக்க வைக்க வேண்டும் எங்கள் அண்ணன் Hராஜா இருக்கிறார் எப்படியும் இந்த படத்தை கொண்டாடி ஓடவைத்துவிடுவார்,0,tamil
தேவேந்திர குல வேளாளர் வம்சம் சார்பாக வாழ்த்துகிறேன் அண்ணா  வாழ்க வளமுடன்  எல்லா சாதி பொண்ணுங்களும் நம்ம கூட பொறந்த பிறப்பா பார்க்கணும் என் அம்மா சொல்லுவாங்க,0,tamil
இராமநாதபுரம் முக்குலத்தோர் சமுதாயம் சார்பாக படம் வெற்றி பெற வாழ்த்துக்கள்,0,tamil
"நல்ல தரமான பதிலடி!\r \r இன்னும் எத்தனை காலம் 'உயர் சாதி'னு முத்திரை குத்தப்பட்டவனெல்லாம் கெட்டவன் 'தாழ்ந்த சாதி'னு முத்திரை குத்தப்பட்டவனெல்லாம் நல்லவன்னு சினிமால போதிச்சுக்கிட்டே இருப்பீங்க.\r எல்லா சமூகத்திலயும் நல்லவனும் இருக்கான் கெட்டவனும் இருக்கான்! மனுசனா பாருங்க!\r கீழ் சாதிய உயர்த்தி பிடிச்சா சரி, உயர் சாதிய உயர்த்தி பிடிச்சா சாதி வெறியனா?\r \r கட்ட பஞ்சாயத்து குரூப் எல்லாம் கொதிச்சுக்கிட்டு இருக்கும்",0,tamil
மன்னார்குடி வெள்ளாளர் முன்னேற்ற கழகம் சார்பாக வெற்றி பெற வாழ்த்துக்கள்,0,tamil
தெலுங்கு சூப்பர் ஸ்டார் பால கிருஷ்ணா வையே மிஞ்சிவிட்டார் நம்ம சசிகுமார்... விறகு கட்டைக்கே டாடா சுமோ பறக்குதுன்னா... அண்ணன் சசிகுமார் கடற்பாறையை எடுத்தா லாரி எல்லாம் பறக்கும் போலயே 🤣🤣🤣,1,tamil
ஓசூர் சத்ரியர்கள் சார்பாக திரௌபதி திரைப்படம் வெற்றியடைய வாழ்த்துக்கள்    🦁🦁,0,tamil
மொதலாம் ரஜினி ரெப்பரன்ஸ் மாஸ்க்கு வெப்பாங்க இப்பலாம் காமடிக்கு வெக்கிறாங்க..,1,tamil
திரைப்படம் மிகப் பெரிய வெற்றி பெற வாழ்த்துக்கள்,0,tamil
மொத்த சாதிகாரனும் இங்க தான் இருக்கீங்களா........இதுல ஒருத்தன் சொல்லுங்க நல்ல பையன் நல்ல வேலை நெறைய சம்பளம் நல்ல குடும்பம் ஆனா தலித் அந்த பையனுக்கு பொண்ணு குடுப்பீங்களா......,0,tamil
ரஜினி வாராத போதுளாம் சும்மா இருந்துட்டு வர நேரத்தில இப்படி கிழிச்சு தொங்கவிடுறீங்க. பாவம் வரகூடாத நேரத்தில சரியா வர்றார்,1,tamil
"சிறந்த முறையில் மாற்றம் ஏற்படும் நன்மைகள் கிடைக்கும் என்பது தான் இருக்கும் விவேகம்....,",0,tamil
எண்டியூர் வீரன் மோகன்.ஜி.திரௌபதி வெற்றி பெற வாழ்த்துக்கள்..,0,tamil
திருவண்ணாமலை யாதவர்கள்  சார்பாக படம் வெற்றி பெற வாழ்த்துக்கள்,0,tamil
படத்தோட மிகப்பெரிய மைனஸ் உதயநிதிதான். ட்ரெயிலர்ல வர்ற நாலஞ்சு ஷாட்லகூட அவருக்கு நடிப்பு வரலை.,1,tamil
இவ்வளவு நல்லா இருக்கும் ன்னு நினைக்கவே இல்லை,0,tamil
எங்க அண்ணா மக்கள் செல்வன் விஜய்சேதுபதிதா மாஸா இருக்காரு....,0,tamil
தேவிடியா பையன் கதைய மாத்தி எடுத்துருக்கான் சாதி வெறி பிடித்த பைத்தியங்கார கூதி  வன்முறை கும்பல் #பாமக இந்து சாதி வெறியர்கள்,1,tamil
இது சராசரி படம் அல்ல. ஒற்றைச் சாதியை மட்டுமே அப்பாவிகளாக உயர்த்திக் காட்டி பிற சாதிகளை இழிவுபடுத்திய நாய்களுக்கு () இது ஒரு பாடமாக இருக்கும். அந்த நாய்கள் என்னென்ன திருட்டுத்தனங்களைச் செய்கின்றன என்ற உண்மையைக் காட்சிப்படுத்திய அண்ணன் மோகனுக்கு நெஞ்சார்ந்த நன்றிகள்.  இந்த படத்திற்கு அமோக வரவேற்பை வழங்கி வெற்றிபெற வைப்பது நம் கடமை . திரௌபதி தீயவர்களைத் தீயாய் சுடுவாள்.,1,tamil
வணக்கம் டா மாப்ள வேதாரண்யத்துலேருந்து.. தரமான சம்பவம் காத்துட்டு இருக்கு,0,tamil
வன்னிய குல சத்ரியன் மாவீரன் காடுவெட்டி துணை உண்டு நமக்கு,0,tamil
சின்ன வயசுல ஒரு ஏரி ல குளிப்போம் ல அங்கே போலாம் டா... அது மேலதா நடந்து போயிட்டுருக்கொம்..Sema,0,tamil
சமூகத்தில் நடக்கும் நாடக காதலை வெளி  கொண்டுவரும் இந்த திரௌபதி படம்,0,tamil
வீர அரசுவன்னியர்குல சத்திரியர்கள் சார்பாக படம் வெற்றி பெற்ற வாழ்த்துக்கள்(மஜ்ரா ஜலகண்டாபுரம். சேலம்),0,tamil
Surya அண்ணாவ இதுக்குமுன்னால  இது போல Maasss Triller ஆ பாத்ததே இல்ல படம் UNEXPECT  level ல இருக்கபோகுது  போடு தகிடதகிட,0,tamil
மணிநீ எந்த படமும் இனி ஓட்ட முடியாது(உனக்கு சங்கு ஊதி பல வருடங்கள் ஆகிவிட்டது ) நீயும் உன் குடும்பமும் வீட்டில் உட்கார்ந்து பார்கவேண்டியதுதான்???????,1,tamil
சாதி மதம் இனம் இல்லாத மனிதனின் சார்பாக வாழ்த்துக்கள்,0,tamil
நல்ல வேளை இதை பார்ப்பதற்கு அம்மா உயிரோடு இல்லை....அழகான நடிகை....அருமையான தலைவி...இப்படி எடுத்துவீட்டீர்களே......,1,tamil
எங்க வீட்டுக்கு பக்கத்துல கூட படிச்சுக்கிட்டு இருந்த ஒரு பொண்ண கூப்பிட்டு கிட்டுபோய் 10 நாள் குடும்பம் நடத்திட்டு அப்புறம் 5 லச்சம் பணம் கேட்டு தொரத்தி விட்டுடான்.  ஒரு தேவிடியா பையன்.  அந்த நிகழ்ச்சிக்கு அப்புறம் தான் ப்ரோ நானும் இத எல்லாம் நம்ப ஆரம்பிச்சேன்.,1,tamil
என்ன ஒரு முரண்பாடான வசனம் . \எது கிடைச்சலும் \வேட்டை ஆடுற ஓநாய் அல்ல சிங்கம்  இப்போ கொலை பசில இருக்கேன் .\எது கிடைச்சலும்\ வேட்டை ஆடுவேன் .இதுக்கு நீ ஓநாய் என்றே சொல்லி இருக்கலாமே .வசனம் எழுதின புண்ணியவான் யாரு.ஓநாய் தான் எது கிடைத்தாலும் வேட்டையாடும்தானே!!,1,tamil
எல்லாரும் சந்தோசமா இருந்தா ஒருத்தனாலும் பொழப்பு நடத்த முடியாது அதனால ஜாதிய  உள்ள கொண்டு வரானுங்க  இது புரியவே நமக்கு ரொம்ப வருஷம் ஆகும்.,0,tamil
கொங்கு வேளாளர் கவுண்டர்கள் சார்பாக படம் வெற்றி பெற வாழ்த்துக்கள்  கோயம்புத்தூர் கவுண்டன்,0,tamil
எங்க அப்பா மிலிட்டரி டா கோலி விளையாடவா சொல்லிகொடுப்பான்,0,tamil
கடலூர் மாவட்டம் சார்பாக படம் வெற்றி பெற வாழ்த்துக்கள் அருமையான கதை,0,tamil
அசுரனின் ஆட்டத்தை  அடித்து விரட்ட  அக்னி குல தேவதை  அவதரித்தாள் திரௌபதியாக,0,tamil
மொக்க ட்ரைலர்னு நினைக்கிறவங்க ஒரு like போடுங்க,1,tamil
திருவண்ணாமலை அகமுடையார் குலத்தினர் சார்பாக படம் வெற்றி அடைய வாழ்த்துக்கள்,0,tamil
"ஆந்திரா & கர்நாடகா வன்னியர்கள் என்கின்ற அக்னி குல க்ஷத்திரியர், சம்பு குல க்ஷத்திரியர், திகளர், வன்னிய கவுண்டர் சார்பாக படம் வெற்றி அடைய வாழ்த்துக்கள்",0,tamil
நான் அரசியலுக்கு வருவது உறுதி 1996ல இருந்து ஒரே வசனம். Trailer climax ரஜினி வசனம் Ultimate,0,tamil
"அடேய் சூத்திர boys , நீங்க ஏன் டா ஜாதி பெரும லாம் பேசுறீங்க?    பார்ப்பான் ஓட வப்பாட்டி பசங்க தான டா நீங்க எல்லாரும்,, அத போய் பெருமை யா சொல்லிட்டு சுதிட்டு இருக்கீங்க, ஆனா உலகத்துல யே ,தேவிடிய பசங்கனு பெருமையா சொல்லுகிறது நீங்க தான் டா,, திருந்துங்க டா, அவன் எவ்ளோ அசிங்கமா உங்க ல உங்க அம்மாவ சொல்லி வச்சிருக்கான், அதா கேளுங்க டா , முட்டா பீஸ் களா",1,tamil
அனைத்து உயர் சாதி மக்களும் பார்க்க வேண்டிய தரமான படம்...,0,tamil
பொண்ண பெத்த எல்லா பெத்தவங்களுக்கும் ஒன்னு சொல்லிக்குரேன்  அந்த பரை நாயிங்க ஒரு பக்கம் தப்பு பன்னாலும். நம்ப வீட்டு பொம்பிளை பிள்ளைங்க சரி இல்ல  எவனாவது ஒரு சாக்குலேட் அப்புறம் பரதேசி மாதிரி dress போட்டுக்குனு வந்தா அவன் பின்னாடியே போயிடுராலுங்க  அதனால பொத்தவங்க நீங்க கொஞ்சம் பிள்ளைகளை கவனீங்க  இப்படிக்கு வீரவன்னியன் தினகரன்,1,tamil
90's கிட்ஸ் கமெண்ட்  படிக்க வந்தவங்க லைக் பன்னிட்டு போங்க,0,tamil
"விரைவில் #NGK சர்கார் maranam massu. நாங்க நினைக்கிறதே வேற ....நம்ம படம் ஹிட் அடிக்கும் பாரு,",0,tamil
இதகூட எவன்டா டிஸ்லைக் பண்றவன் அவனுங்க நிச்சயம் ஆதி வாசிங்கதான்டா,1,tamil
0:40 நீங்க சீண்டி இருக்கிறது அமைதியா படுதிட்டு இருக்கிறா புலிய; பாயறதுக்கு ரொம்ப நேரம் ஆகாது #NTK,1,tamil
சாராயம் விப்போம் பாப்பா கடத்தல் பண்ணுவோம் பாப்பா  அனியாய வட்டி கேப்போம் பாப்பா சக மனிதனை மதிக்க மாட்டோம் பாப்பா  ஓட்டுக்காக காலுல விழ கூட தயங்க மாட்டோம் பாப்பா சிறு பிள்ளைகளுக்கு கூட ஜாதி ஜாதி சொல்லி வளற்ப்போம் பாப்பா ஆண்ட பரம்பரைனு சொல்லுவோம் பாப்பா  அடிமையா கெடந்தத மறப்போம் பாப்பா தனக்கு வேள பாக்குற பெண்ண கெடுப்போம் பாப்பா... அப்பவும் சரி இப்பவும் சரி யார் தப்பு பண்ணுராண்ணு பாரு பாப்பா...,0,tamil
வேலூர் வன்னியச்சி சார்பாக படம் வெற்றி பெற வாழ்த்துக்கள்,0,tamil
என்ன டா RANGO படம் மாதிரி இருக்கு🤣🤣🤣🤣,1,tamil
"பார்க்கவகுலம்  (உடையார், மூப்பனார், நயினார்)  சார்பாக படம் வெற்றி பெற வாழ்த்துக்கள்",0,tamil
அருமை... ஆனால் ஒரு வருத்தம்... படத்திற்கு A1 என்று பெயர் வைத்திருக்கலாம்....,0,tamil
மதுரை மாவட்ட கள்ளர் சார்பாக படம் வெற்றி பெற வாழ்த்துக்கள்,0,tamil
என்னடா இது    பொன் மாணிக்கவேல்   பெயருக்கு வந்த சோதனை,0,tamil
அப்ப அடுத்த படம் முத்தையா +மோகன் அண்ணா படம் பன்னவேண்டும்,0,tamil
அண்ணா  ட்ரைலர்  புண்டை  சூப்பர்  அத  விட  அப்போ  அப்போ  ஓலு  ஒத்து  ஒத்து  ஒரு ட்விட்  போடுவிங்கள அது  அத  விட  சூப்பர்  புண்டை  அண்ணா,1,tamil
0:28 சின்ன வயசுல ஒரு ஏரிலகுளிப்போமுல அங்க போலாம்...  அது மேல தான்டா நடந்து போரோம்,0,tamil
தமிழ்நாடு வாணியர் பேரவை 🦅 மற்றும் அனைத்து செட்டியார்கள் சார்பாக படம் வெற்றி அடைய வாழ்த்துக்கள்,0,tamil
வன்னியர் சமுதாயம் மக்கள் இந்த படத்தை ஆதரிக்கிறேம்,0,tamil
"அனைத்து ஹிந்துக்களும் ஒன்றிணைய வேண்டும். இந்த நாடக காதல், ஜிஹாதி, மதம் மாற்றும் பாவடைகளை ஒழித்து கட்ட வேண்டும்.",1,tamil
First day first show பார்த்தேன் கொஞ்சம் ஏமாற்றம்தான்,1,tamil
போட்ரா....  போராடுறது தப்புன்னா போராடுற சூழ்நிலையை உருவாக்குறதும் தப்புதான?,1,tamil
புதுக்கோட்டை முத்தரையர் 🦁 சார்பாக இந்த படம் வெற்றிபெற என்னுடைய வாழ்த்துக்கள்  ஓம் நமச்சிவாய,0,tamil
இந்த படத்த நா பார்க்கிறதே... லீலா சாம்சன் & சாரா'க்காகதான்,0,tamil
நீங்க எதை பத்தியும் கவலைபடாதீங்க உங்களுக்காக நாங்க Appear-ஆகுறோம் திரையரங்குகளில்....  - ஆண்ட பரம்பரை,0,tamil
எங்க பசங்க எல்லோரையும் படத்துக்கு கூட்டிட்டு போக போறேன் ... இந்த மாறி படம் நெறய வர வாழ்த்துக்கள் மோகன் அண்ணா .... 🤙🤟 Watsapp status vachita ...,0,tamil
"சிறந்த அரசியல் திரைப்படமாக அமையும்.. இயக்குனர் செல்வராகவன், நடிகர் சூர்யா மற்றும் படத்திற்காக உழைத்தவர்களின் உழைப்பு வீனாகது. நிச்சயம்... உறுதி...",0,tamil
சேலம் மாவட்டம் செந்தாரப்பட்டி பேரூர் எங்கள்  பாா்க்கவ குல உடையார் சங்கத்தின் சார்பாகவும் (மற்றும்) எங்கள் ஊர் அனைத்து மேல் ஜாதி இனத்தின் சார்பாகவும் இத்திரைப்படம் மாபெரும் மகத்தான  வெற்றிப்பெற எனது மனமார்ந்த வாழ்த்துக்கள்....... இங்கனம் சாவுக்கு அஞ்சிடாத S.P.M.கோபி உடையார் செந்தாரப்பட்டி பேரூர் சேலம் மாவட்டம்......,0,tamil
"யாரும் தப்பா நினைக்காதீஙக,  மற்றவர்களை Copy, copy-னு சொல்லி திற்றவறு, இந்த பட ட்ரைலருக்கு ராஜா சார் பீதோவனுடைய ( Beethovan ) Fur elisa என்ற Piano pieaca [ Tune ] copy பண்ணிருக்காரு. என்னத்த சொல்றதோ !!!",1,tamil
செத்தான் டா குருமா...... அடக்கமா இரு குருமா,0,tamil
என்னடா சப்பையா இருக்கு அடேய் செல்வராகவா இரண்டாம் உலகம் பார்ட் 2 எடுத்துட்டியாடா,1,tamil
உளுந்தூர்பேட்டை வன்னியர்கள் சார்பாக படம் வெற்றி பெற வாழ்த்துக்கள்,0,tamil
பேசாம அந்த அந்த ஜாதி ல கல்யாணம் பண்ணிக்கலாம் யாருக்கும் எந்த பிராப்ளம் இல்லாம இருக்கும்,0,tamil
"உண்மை என்னனா காதல் திருமணத்தை ஏத்துக்கிட்ட பெரும்பாலான பெத்தவங்க மனந்திறந்து சொல்ற ஒரு விஷயம் “நாங்க பாத்திருந்தாக்கூட இப்படி ஒரு பையனையோ பொண்ணையோ பாத்திருக்கமாட்டோம்”. இதை நான் என் குடும்பத்துலயே பாக்க முடிது எங்க குடும்பத்துல கடந்த இரண்டு தலைமறையா இதுவரை நடந்த அனைத்து திருமணமும் காதல் திருமணம் தான் எனக்கு தெரிஞ்சி ஒரு பத்து சமுதாயத்தோட கலப்புதான் எங்க குடும்பம் இதுல எதுவும் திட்டமிட்டு நடக்கல, காதல் திட்டமிட்டுளான் வராது.இந்த ஜாதிவெறிபிடிச்ச நாய்ங்க அறிப்பெடுத்துட்டு பெண்களை அடிமைபடுத்துற எண்ணம்தான் இந்தமாதிரியான படங்கள். முற்போக்கு படங்கள் படையெடுக்கும் இந்த காலகட்டத்தில இந்தமாதிரி மானுடத்திற்கு எதிரான படங்களை இயக்குற இயக்குனர்கள் என்னத்தை திண்ணுட்டு இப்படி யோசிப்பனுங்கனு தெரில.",0,tamil
வந்தா ராஜாவா வருவேன் ராஜாக்கு நூறு தோஸ்து,0,tamil
எதாே கருத்து இருக்கு.. ஆனா அத புரிஞ்சிக்க நம்ம மக்கள் அறிவு புண்டை இல்ல.. ஓட்டு எதாே ஒரு தாயாேலிக்கே பாேடுங்க,1,tamil
என்னாது தாய் சிறுத்தை தாக்க பட்டாரா.... வன்மையான கண்டனங்கள்.. 🤐,0,tamil
எனக்கு மட்டும் தான் பாக்க SAW படத்தோட தழுவல் மாதிரி தோணுதா ...,1,tamil
மறுமலர்ச்சி படத்திற்கு அப்புறமா ஒரு சிறந்த படம் இதுதான்,0,tamil
பொள்ளாச்சியில் நடந்த நாடக காதல் பற்றியும் படம் பேசுமா?,0,tamil
"நெல்லை யாதவர் சமுதாயம் மற்றும் தேவர் , வண்ணியர் ,நாடார் , தேவேந்திர குல வேளாளர் , செட்டியார் ,கவுண்டர் ,முதலியார் , விஸ்வகர்மா ,முத்திரையார்  சமுதாயம் சார்பாக படம் மாபெரும் வெற்றி வாகை சூட வாழ்த்துகிறோம்",0,tamil
எங்களுக்கு மண்ணு பொண்ணு இரண்டு முக்கியம் யாரு கை வச்சாலும் கொண்டே புடுவோம் மாஸ் தல..,0,tamil
வந்தா ராஜாவா தான் வருவேன்........ ராஜாவா வந்தா ராஜாவுக்கு நூறு தோஸ்து!!!....,0,tamil
#Surya  மிகவும் நன்றி விவசாயிகளுக்கு  சப்போட்டா நிறைய படம் பன்னிட்டு வருகிறாய் வாழ்த்துக்கள்,0,tamil
பாளையம் வன்னியர்கள் சார்பில் படம் வெற்றி பெற வாழ்த்துகள்,0,tamil
திரைப்படம் பொங்கலுக்கு ரிலீசானால் நன்றாக இருக்கும். .....,0,tamil
எத்தனையோ part 2 படம் பார்த்துட்டேன் எல்லாம் பிளாப் இதுவும் அப்படி ஆகாம இருந்தா செரி,1,tamil
"படம் தப்புனு பச்சையா சொல்லாதீங்க, எந்த சேனல் வந்தாலும் நானே நேரில் கூப்பிட்டு சென்று காண்பிக்க தயார்",1,tamil
உதயநீதி ஸ்டாலினுக்கு ஒரு சிறந்த படமாக இருக்கும்...,0,tamil
"டைட்டில பார்த்தா, பிரியாணி கடையில் சர்வராக வேல பார்த்த சுந்தரம் தான் ஞாபகம் வருது...",1,tamil
வரவேற்க்கிறோம் எங்களுக்கு மண்ணும் பொண்ணும் இரண்டு கண்கள் அனைவரும் புரிந்து கொள்ளுங்க இந்த படத்தை வரலாறு காணாத வெற்றியடையும் வாழ்த்துகளுடன்  பெண் பிள்ளைகளை பெற்ற பெற்றோர் அண்ணண்கள் தம்பிகள்,0,tamil
சூப்பர் மூவி  வெற்றி பெற வாழ்த்துக்கல் குவைத் நாட்டில் இருந்து வண்னியர்குல சத்திரியன்,0,tamil
ஹீரோவ மட்டும் மாத்தி கதைய மாத்தாம எப்படிப்பா படத்த எடுக்கிறங்க.மிஷ்கின்.கௌதம் மேனன். உங்க இரண்டு பேரிடமும் ஒரே கதைதான் உள்ளதா,1,tamil
விஸ்வகர்மா சார்பாக படம் வெற்றி அடைய வாழ்த்துக்கள்...,0,tamil
இந்த நேரத்தில் இந்த படம் தேவையா ? இந்து மாதத்துக்குள் பிரிவினையை உருவாக்க விசிக& பாமக வில் ஊடுருவியுள்ள   மதமாற்று  கும்பலின் சதி.  விசிக& பாமக வை இயக்குபவர்கள் யார்   என்று  பழைய நிர்வாகிகளிடம் கேட்டு பாருங்கள் . முட்டாள்களே,0,tamil
கஷ்டம் இல்லாமல் மறந்து சரிக்கா ரெடியா நண்பர்களே,0,tamil
இந்த அசிங்கத்துக்கு இவ்வளவு அசிங்கம் ஆதரவு ...வாழும் காலத்தில் மகிழ்வுடன் வாழுங்கள்.... நீங்கள் எல்லாம் தமிழகத்தின் சாக்கடைகள்,1,tamil
"கவுசல்யாவை புரட்சிப்பெண்ணாய் முன்னிருத்தும் சில அரசியல்வாதிகளே...மறுமணம் செய்தபோது பேட்டியில் சங்கரின் பெற்றோரிடம் சம்மதம் பெற்றேன் என்கிறார் ..அந்த சம்மதத்தை தன் பெற்றோரிடம் கேட்டிருந்தால் அம்மா,அப்பா சிறைச்சாலையிலும்,காதலன் கல்லறைக்கும் போயிருக்கமாட்டார்கள்....புரட்சி செய்கிரேனென்று குடும்பத்தை சீரழித்துவிடாதீர்கள்...",0,tamil
என் இனத்தின் குல தெய்வம் திரௌபதின் வருகைக்காக காத்திருக்கேன்.மோகன் அண்ணா,0,tamil
செல்வராகவனு ஒரு writer  இருந்தான்...சூர்யா  அவன சாவடிச்சிட்டான்  ...இதுக்கு மன்னிப்பே  கிடையாது  ...படுபாவிங்கள ...,1,tamil
ரஜினி தமிழ் நாட்டில் பிழைப்பு நடத்தட்டும்..ஆனால் தமிழர்களை ஆழ நினைக்க கூடாது.... அதனால் அரசியலுக்கு 96 இல்ல 2016 இல்ல எப்போதும் அரசியல் கட்சி தொடங்கம        இருக்கிறது தான் தமிழர்களுக்கு அவர் செய்யும் ஒரேயொரு நல்லது.....,1,tamil
ஜாதிகள் உள்ளதடி பாப்பா...  குல தாழ்ச்சி உயர்ச்சி சொல்லல் பாவம்..   பிறமலை கள்ளர் சமுதாயத்தின் சார்பாக படம் வெற்றி பெற வாழ்த்துக்கள்,0,tamil
பாண்டிச்சேரி மாவட்டம் கன்னிக்கோயில் 5 ஆம் நம்பர் சாராயக்கடை சார்பாக..இந்த படம் வெற்றி பெற வாழ்த்துகள்..,0,tamil
தமிழ்நாட்டில் இவ்வளவு ஜாதிகள் இருக்குன்னு இப்போதான் தெறியுது,0,tamil
Super படத்தை ஆவலோடு எதிர்பார்கிறோம். குடும்பத்தோடு அனைவரும் பார்ப்போம்....,0,tamil
"மோடியின் சுயரூபம், அமித்தின் அட்டூளியம் இதை தெரிவிக்கும் சினிமா, தடைசெய்வதுஉறுதி!",1,tamil
வெந்து வேகதா அரை வேகடு ஹீரோ து,1,tamil
ஏண்டா dislike பன்ரதுக்கே இரவு கண் முழிச்சிருந்திங்கலாடா,1,tamil
அருமை.... பெண்களை போற்றி வணங்குவோம்....,0,tamil
படக் குழுவினர் அனைவருக்கும் மனமார்ந்த வாழ்த்துக்கள் .... படம் வெற்றி தான்,0,tamil
சூப்பர் தியேட்டரில் படம் பார்க்க ஆவலாக உள்ளேன் கூட பத்து பேரை கூட்டிக் கொண்டு போகலாம் னு இருக்கேன் கோபிசெட்டிபாளையம் தில்  படம் வெளிவரவேண்,0,tamil
தயவு செய்து இந்த படத்தை வன்னிய இன மக்களாகிய நாம் ஒன்று கூடி வெற்றி பெற செய்ய வேண்டும் நம் இன தயாரிப்பாளர் மோகன் அவர்களைப்பரையன் பா ரஞ்சித் முகத்தில் மலத்தை பூசவேண்டும் இந்த ரஜினி பொறம்போக்கு நாய் ரஞ்சித் படத்துல மட்டும் தான் நடிக்கும் ..,1,tamil
இந்த பெயருக்காகவே (பொன் மாணிக்க வேல்) இந்த படத்தை திரையரங்குக்கு சென்று முதல் நாளே பார்ப்பேன்,0,tamil
படம் வெற்றி அடைய வாழ்த்துக்கள் இயக்குநர்க்கு நன்றி,0,tamil
இந்த படம் அந்த மாதிரி ஆட்களை மட்டும் தானே வஞ்சித்துள்ளது . ஏன் நீங்கள் அவ்வாறு எங்கள் மண்ணையும் பெண்ணையும் அழிக்க எண்ணுகிறிர்களோ ? பின் எதற்காக அவ்வாறு இல்லாதவர்கள் பொங்கிறிர்கள் ?  மறுபடியும் கூறிக்கொள்கிறோம் “எங்களுக்கு மண்ணும் பெண்ணும் ஒண்ணு!” சீண்டிபார்க்க வேண்டாம்!,1,tamil
"கண்டிப்பா படம் flop தான்,நினைக்கிறவங்க like ka போட்டுட்டு போங்க",1,tamil
மகிழ்ச்சி. . வாழ்த்துக்கள் படம் மிகப் பெரிய அளவில் வெற்றி பெறும். கடைசி வசனம் அருமை. இன்னும் 16 வருடம் போனாலும் நான்  அரசியலுக்கு வருவேன் தான் சொல்லுவான். ஆனால் இப்போது எல்லாம் வர மாட்டார். வரவும் வேண்டாம்.,1,tamil
தமிழினத்தின் சார்பாக படம் வெற்றி பெற வாழ்த்தக்கள்....,0,tamil
நான் அரசியலுக்கு வருவது உறுதி. யார yematha பாக்குற இது 1996. செம டயலாக் மா,0,tamil
"வெண் உள்ளம் கொண்டவர்கள்  எண்ணங்கள் எப்போதும்  தடம் புரளாது. அதேபோல் ச.கனியின்  எண்ணங்கள் படைப்புகள் என்றுமே தனி . பணியாற்றி  அனைவரது உழைப்பும் வீணாகாது , மகா வெற்றி பெறும் வாழ்த்துக்கள்.",0,tamil
அருள்நிதி க்கு ஏத்த ஸ்கிரிப்ட் ... உதயநிதி பயன்படுத்திக்கொண்டால் நன்றாக இருக்கும் ...,0,tamil
நான் அரசியலுக்கு வருவது உறுதி இது 96 யார ஏமாத்திரீங்க!,1,tamil
Rajini ஐ கிண்டல்  செய்வது போல் உள்ள காட்சி தவிர்த்திருக்கலாம்.......,1,tamil
இப்படி ஒரு படம் யாராவது எடுக்க மாட்டாங்களானு எதிர்  பார்த்தேன்.. சும்மா ட்ரைலர்கே நாடாக காதல் கேங் ஹா கதற விட்டுட்டாங்க ....,0,tamil
டேய்  பாஸ்ட்   NGk    படத்த  விடுங்கடா,0,tamil
"ஜாதி ஒழிக்க வேண்டுமா, கீழ் ஜாதி உள்ளவர்கள் குறவர் இன மக்களிடம் திருமணம் உறவு ஏற்படுத்துங்கள்....",0,tamil
இதுக்கு வாழ்த்து சொல்றவங்க பொள்ளாச்சிக்கும் வாழ்த்து சொல்ற மாதிரி இருக்கு நாடககாதல்,0,tamil
தாழ்த்தப்பட்டவன்னு எப்பவோ நடந்த விஷயத்தை எல்லாம் இப்போ நடக்குறமாதிரி பேசி அரசியல் பண்றவங்க மத்தியில்... இப்போது மற்ற சாதிகளுக்கு நடக்கும் கொடுமையை உறக்க சொன்ன திரௌபதியை வரவேற்க தயாராக இருக்கிறோம்,0,tamil
இது போன்ற உண்மையான எதார்த்த படங்களை அனைத்து தமிழ் சமுதாயமும் வரவேற்க வேண்டும்...,0,tamil
சென்னை வாழ் நாடார் சங்கம் சார்பில் படம் வெற்றி பெற வாழ்த்துக்கள்,0,tamil
திரௌபதி நாடகக் காதலின் உயிர் காவியம் திரைப்படம் வெற்றி விழா காண வாழ்த்துக்கள் திருமங்கலம் தொகுதி அகமுடையார் சார்பாக வெற்றி வாழ்த்துக்கள்,0,tamil
இத்தனை ஜாதி இருக்க!!! தமிழ் நாட்டுல.இதுல இருக்க ஒவ்வொரு ஜாதியும் ஒரே இனம் தான் தமிழினம். உயர்ந்த ஜாதி தாழ்ந்த ஜாதினு  பேசாம மனுசனா பாருங்க. இந்த படம் எந்த கருத்தை சொல்ல வருதோ???,0,tamil
அருமை அருமை நான் எதிர் பார்த்த படம்... என்னுடைய வேதனையை சொல்லும் படம்.... நன்றி நன்றி....,0,tamil
இரண்டாம் உலக போரின் கடைசிகுண்டு.- பா.ரஞ்சித்.    இன்றய போரின் முதல் குண்டு-திரௌபதீ,0,tamil
இப்படியே இரண்டு பேரும் ஜாதி ஜாதினு சொல்லி சண்ட போட்டுனு இருங்க இந்திகாரனுங்க ஈசியா உள்ள வந்து உங்கள வெளிய துரத்த போரானுங்க,1,tamil
தமிழகத்திற்கு தேவையான ஒரு படம்... திருமாவளவன் போல பொறிக்கி நாயின் முகத்தை கிழித்து எறிய வேண்டும்....,1,tamil
பெண் பிள்ளைகளை பெற்ற அனைத்து சமுதாய அப்பாக்களின் சார்பாக படக்குழுவிற்கு நன்றியையும் வாழ்த்துகளையும் தெரிவிக்கிறேன்.,0,tamil
"வெட்ட வெளிச்சம் போட்டு காட்டிடீங்க., செருப்படி to that Gang🤣🤣",0,tamil
ஜாதி மயிரு போங்கடா நீங்களும் உங்க வீட்டு ஜாதி  ஜாதி தலைல துக்குறவன் நல்லா இருந்தது சரிதரம் இல்ல தம்பி,1,tamil
#யாதவர் சமுதாயம் சார்பாக இப்படம் வெற்றி அடைய வாழ்த்துகள்,0,tamil
டிரைலர் வெறித்தனம் ஆனால் படத்துக்கு கடுமையான எதிர்ப்புகள் வரும் எல்லாத்தையும் தாண்டி ரிலீஸ் பண்ணுங்க அண்ணா தல ரசிகனா கெத்தா,0,tamil
அந்த சாதி...இந்த சாதி என்ற பாகுபாடு இல்லாமல் எல்லா தமிழின இளம்பெண்களுக்கும் விழிப்புணர்வை ஏற்படுத்துவாள் திரெளபதி. .. வெற்றிபெற வாழ்த்துக்கள்.,0,tamil
மதுரை அகமுடையார் மக்களின் சார்பாக படம் மிகப் பெரிய வெற்றி அடைய வாழ்த்துக்கள்,0,tamil
எப்பவும் உன் ரசிகன் I love anna,0,tamil
"அரசியல் பலம், சட்டம், பணத்தாசை, தொழில் போட்டியை திசை திருப்ப, பாலியல் இச்சை, ஆதாயம் பெறும் நோக்குடன் காதலை தவறாக பயன்படுத்தி அதன் மூலம் லாபம் பெறும் நபர்களுக்கு இந்த திரௌபதி படம் ஒரு மரண அடி தரும்.",0,tamil
இயர்கையாவே உற்பத்தி ஆகுற நதிய தனக்கு மட்டும்தான்னு சொந்தம் கொண்டாடுற உரிமைய யாருங்க குடுத்தா?,1,tamil
"ஆக மொத்தம் , விவசாயிங்க கண்ணிர், இளைஞர்கள் வேலைவாய்ப்பு, விலைவாசி உயர்வு, நாட்டின் முன்னேற்றம் பற்றி எந்த நாயிம் படம் எடுக்காது.  போங்கடா நீங்களும் உங்க ஜாதி புண்** யும்.",1,tamil
Sc mbc oc bc எல்லாம் பொய் நண்பா எல்லாம் பணம் தான்...  காலம் மாறி போச்சி....  பணம் இருந்தா மதிப்பு,1,tamil
எல்லாரும் கதறுத பார்த்தா தமிழ் நாட்டில் மன்மதன்கள் ஆண்  அழகன்கள் அவங்க தான் போலயே 🤦‍ இப்படியே இருந்தால் எப்படி அடித்து காட்டுங்கள் Moment now a da politicians,0,tamil
1996 அரசியல்  திமுக  புதிதாக உருவான தமிழ் மாநில காங்கிரஸ் கட்சிக்கு ரஜினி தேவைப்பட்டார்  ஜெயலலிதா ஆட்சியினை அப்புறப்படுத்த எதிர்கட்சிகளுக்கு ரஜினி தேவைப்பட்டார்  ரஜினி பெயரை சொல்லி வாக்கு கேட்டு வென்றனர்🤘  கோமாளி பட இயக்குனருக்கு வரலாறு தெரியுமா,1,tamil
அடேய் நீங்க எப்போ டா திருந்த போறீங்க.. 🤣🤣🤣,0,tamil
ஷத்ரியன்டா      தல மச்சான் வேற லெவல்     Getup,0,tamil
"தலைக்கு விஸ்வாசம், தல மைத்துனர்க்கு திரெளபதி... #பெண்மையை போற்றுவோம்",0,tamil
"பெயரிலே சாதி சேக்கறது சாதி வேறினா , அந்த சாதி பேர் சொல்லி இலவசத்தை வாங்குறதுக்கு பெயர் என்ன ?",1,tamil
பெரம்பலூர் மாவட்டம் நொச்சியம் அஞ்சல் செல்லியம்பாளையம் கிராமம் ரஞ்சித்குமார் வீர முத்தரையர் முன்னேற்ற சங்கம் சார்பாக வாழ்த்துக்கள் திரொளபதி வெற்றி பெற வாழ்த்துக்கள்,0,tamil
புதுக்கோட்டை அகமுடைய வெள்ளாளர் சார்பாக படம் வெள்ளி விழா காண வாழ்த்துக்கள்,0,tamil
படம் வெற்றி பெற வாழ்த்துக்கள் இதை பாத்த நாடக கம்பனி வைத்தல போய் இருக்கும் இன்றோரம்,0,tamil
குருமா கும்பல் நாடக காதல் தேவிடியாபசங்களுக்கு செருப்படி வாழ்த்துக்கள்,1,tamil
இது வரைக்கும் இந்த டிரைலரை 50 முறை பார்த்துவிட்டேன்,0,tamil
இதை ஏன் டா இவ்ளோ பேர் dislike பன்னிருக்கீங்க... ச்சை,1,tamil
பொள்ளாச்சி சம்பவம்லாம் நாடாகக் காதல்ல வருமா வராதா ?,0,tamil
தமிழன் சார்பாக படம் வெற்றி பெற  வாழ்த்துக்கள்,0,tamil
"வீர வன்னியர் குல  சத்திரிய  வம்சமாட Krishnagiri, ,படம் வெற்றி பெற வாழ்த்துக்கள்",1,tamil
"என்னப்பா தமிழ் டீசர்ல ஒரு வரி கூட தமிழில் இல்ல.lyric வீடியோ தான் அப்படி போடுறீங்க.இப்ப டீசருமா,உங்க போக்கே பிடிக்கலப்பா.",0,tamil
தமிழகத்திலுள்ள ஜாதிகள் தெரிய வேண்டுமா... கீழே Comments லாம் படிங்க...எவ்வளவுடா டேய்,0,tamil
இது என்ன வருசம் 2016 நம்பலன இங்க பார்.,0,tamil
போராடாம அவன் போகவும் மாட்டான் சாகவும் மாட்டான்,0,tamil
கடலூர் மாவட்டம் சான்றோர்பாளையம் வன்னியர்கள் சார்பாக இந்த படம் வெற்றி பெற வாழ்த்துக்கள்,0,tamil
மாத்தி மாத்தி விழுப்புரத்த இந்த உலுக்கு உலுக்கறாங்க பா....  திருவெண்ணெய்நல்லூர் காரண்டா.....,0,tamil
"அம்பலகாரர் (முத்தரையர்) சார்பாக வாழ்த்துக்கள்   என் சமூகம் மட்டும் தான் பாதிக்கபடுகிறது என்று தான் இருந்தேன் , அந்த நாடக கம்பெனியால் அனைத்து சமூகமும் பாதிக்கபட்டுள்ளது என்பதை கமெண்ட் மூலமே தெரிகிறது...!",0,tamil
ஐயா எனக்கு மிஷ்கின் மீதோ இல்லை ராஜா மீதோ எவ்வித வருத்தமும் இல்லை... இவர்கள் மேதைகள்... ஆனால் உதயநிதி இருக்கானே.... பொறம்போக்கு...,1,tamil
ஏழுமலை தேவர் சமுதாய சார்பாக இந்த படம் வெற்றியடைய வாழ்த்துகிறேன்,0,tamil
பொள்ளாச்சி கவுண்டர் இன இளைஞர்களை செருப்பால் அடித்து போல் உள்ளது நண்பா,0,tamil
நல்ல மனிதர்களின் சார்பாக படம் தோல்வி அடைய வேண்டுகிறேன்.,0,tamil
"இந்த மண்ண நேசிக்கிற ஒவ்வொரு சாதிகாரனும், உங்க பின்னாடி நிப்போம்.  என்ன இந்த திராவிட கூட்டமும் நாடக கம்பெனி குரூப்ம் நம்மள சாதி வெறியைங்கனு சொல்லும்.  நம்ம மண்ணுக்காகவும் பொண்ணுக்காகவும் சாதி வெறியனா இருந்தா தப்பில்ல பாத்துக்கலாம். #திரெளபதி",0,tamil
வாழ்த்துகிறோம்  எந்த பூண்ட பா ரஞ்சித் வந்தாலும்  எந்தக் குருமா தேவிடிய பையன் வந்தாலும் படம் வந்தே தீரும்,1,tamil
தேவர் சமுதாயம் சார்பாக படம் வெற்றி பெற மிகப்பெரிய வாழ்த்துக்கள்....,0,tamil
விஸ்வாசம்  தெற்கு சீமையில என்ன பத்தி கேளு.. மதுரைகாரன்🤗,0,tamil
பெண்ணை பெற்ற அப்பாக்களும் அக்கா தங்கைகளை கொண்ட அண்ணன் தம்பிகளுக்கு திரௌபதி அருமை புரியும்,0,tamil
மணிரத்தினம் படம் பாக்கவே பயமா இருக்கு.ஒண்ணுமே புரியாது.2000 பசங்களுக்கு மணிரத்தினம் படம் புரிய மாட்டிங்குது.காற்று வெளியிடை ன்னு ஒரு படம் பாத்தேன்.பணம் வேஸ்ட்டு. யாராவது இந்த படம் நல்லா இருக்கான்னு சொல்லுங்க,1,tamil
VJS..  யோவ் மிலிட்டரி நீ என்னையா இங்க..??,0,tamil
சோலைக்கவுண்டன்பாளையம்..பண்ரூட்டி ..கடலூர்..கவுண்டர்கள் சார்பாக படம் ..அதுரடி சரவெடி..,0,tamil
நாடோடிகள் எதற்க்கு வெற்றி அடைஞ்சுது... இப்ப நீ இத புரட்டசி type la எடுத்து வச்சிருக்க ..‌ லூசு பயலே # சமுத்துறகனி,1,tamil
"நான் அரசியலுக்கு வருவது உருதி, டேய் இது 96 யார ஏமாத்துாிங்க, மரண பங்கம்,",1,tamil
"#ஜெயம்_ரவி கோமாளி இல்லை, நான் அரசியலுக்கு வருவது உறுதி அவர் தான் கோமாளி🤣🤣🤣🤣🤣",1,tamil
பரியேறும் பெருமாள் படத்தை ரசித்து  திரெளபதி படத்தை வெறுத்தால் நீயும் சாதி வெறியனே இதுவே உண்மையும் கூட,0,tamil
"என் மனசு ஒன்றுதான் உன் மீது ஞாபகம் வான் நிலவு ஒன்றுதான் வான் மீது சத்தியம்...  இந்தப் பழைய பாடலின், பீத்தோவன்?  ராகம்தான் பிஜியெம்.",1,tamil
"உண்மை சிலருக்கு கசக்கும் .....உண்மை சிலருக்கு கசக்கும் ..... தமிழ்நாட்டுல இப்போ இதுதான் நடக்குதுனு யாருக்கும் தெரியததுல.....\r ஒருத்தன் பொய்யா சொன்ன சிறந்தப்படம் ,இன்னொருததான் உண்மையா சொன்னா ஜாதி வெறி திரைப்படம் ,..",0,tamil
தங்கம் என்ற கண்ணனின் தங்கை பாஞ்சாலி புகழ் வாழ்க!!!,0,tamil
"அடேய்.நீங்க நாடககாதல்னு சொல்ர இளவரசன், சங்கர்லாம் நம்பி வந்த அந்த பொன்னுங்கலுக்காக உயிரயே வுட்டானுங்கலே தவிர நம்புன பொன்ன கைவிடலடா.நீங்க பெருசா நெனைகிரவனுங்க தான் நாடக காதல் பன்னி பொன்னுங்கல கூட்டிட்டு வந்து நண்பர்கலுக்கு விருந்தாக்கி சீரலுச்சானுங்க பொள்ளாச்சில.தவறான புரிதல் இருக்கலாம் அதுக்காக மத்தவங்கலுக்கும் தவறான சிந்தனைய விதைக்காதிங்க.திருமாவளவன புடிக்கலனா அவர தாக்கி படம் எடுங்க.அந்த அளவுக்கு அறிவு இருந்தா நீங்க யேன் இப்டி படம் எடுக்க போரிங்க.இந்த ஜென்மத்துல ஒழிக்க விட மாட்டிங்க போலயே",1,tamil
பிராமணர் சமுதாயத்தில் இருந்து முழு ஆதரவு சகோ,0,tamil
ப்ரண்டுனா பேஸ்புக் ல லைக் கொடுக்குற ப்ரண்டுனு நினச்சியா ...? லைபே கொடுக்கனும்டா.....,0,tamil
சினிமா துறையில ஒக்காலி ஒரு ஆம்பள இருகாண்டா...உண்மைய படமா எடுக்க...,0,tamil
அடேங்கப்பா... இவ்ளோ சாதி இருக்கா ...... படம் super hit ..akumpola....(ella சாதி சனங்களோட mind voice  ah  ippadie சத்தமா pesitiyepa.... ---directer) ஆசையா இருக்கு..... ஒரு வாட்டி நானும் சொலிக்கிற...  வீர வன்னியச்சி,0,tamil
அஜித் மற்றும் சிவா அவர்களின் கடின உழைப்பை முற்றிலும் பிரதிபலிக்கிறது இந்த இரண்டரை நிமிட முன்னோட்டம். #விவேகம் குழுவிற்கு வாழ்த்துக்கள்,0,tamil
படம் வொர்த் ட்ரைலரே சொல்லிடுச்சி ..  தாம்தூம் க்கு அப்ரம் ஜெயம் மூவி தியேட்டர் ல தியேட்டர்,0,tamil
நாடக காதல்னு ஒரு ஜாதிய மட்டும் சொல்றது என்ன மாதிரியான மனநோய் மிஸ்டர் மோகன் ... உங்களோட வன்னியர் சாதி வெறி இந்த படத்துல அப்படியே நல்லா வாந்தி எடுத்து வச்சிருக்கிங்க போல...  அடங்குனா அடங்க மாட்டோம் & உயர்சாதி பொண்ண. தான் கல்யாணம் பண்ணனும்னு அந்த சாதி மேல இப்படி வன்மம் ...  மண்ணு பொண்ணு மேல கைய வைக்குறதுக்கு அவனுங்களும் உங்கள மாதிரி மனுசனுங்க தான்டா ...  திருந்துங்கடா ... சாதி வெறி பிடிச்சவனுங்களா ....    பா.ரஞ்சித் கூட இவ்வளவு வன்மம் காமிக்கலடா ஆனா நீ அக்னி வெறிய காமிச்சிட்ட கண்டிப்பா பிரச்சனை க்கு நீயே ஆரம்பமா இருப்பிங்க மிஸ்டர் மோகன் அண்ணா ...   வாழ்த்துக்கள் படத்துக்கு  இருந்தாலும் கண்டனங்கள்....,1,tamil
நாடக காதலைப் போல நிறைய சமுதாய மக்கள் PCR பொய்வழக்கு பாதிப்பு ஆயிஇருக்கிறார்கள் அதை திரைப்படமாக எடுத்தால் இதேபோல மிகப்பெரிய வரவேற்பு கிடைக்கும்.,0,tamil
அத்துனை தமிழ்சாதிகளும் ஒனறினைந்தால்தான் இந்த தெலுங்கு சக்கிலியன்கள் அடங்குவான்கள்.,1,tamil
அண்ணா படம் வேற லேவல் சிறப்பு மிக மிகச்சிறப்பு,0,tamil
யாதவர் சார்பாக படம் வெற்றி பெற வாழ்த்துக்கள்,0,tamil
"இங்க நிறைய பேர் உங்கள் சாதி பெயரை சொல்லி புலம்புவதும், ஆதங்க படுவதும்,உணர்ச்சிவசப்படுவதும் வீண் சொந்தங்களே....மாறாக நம் வீட்டில் இருக்கும் பெண்களுக்கு இந்த சாதியியல் சார்ந்த சமூகம் பற்றியும்,உங்கள் சமுதாய பற்றை பற்றியும் சொல்லிக்கொடுத்து வளருங்கள்....இதுவே மாற்றத்தின் முதல் படி......",0,tamil
சேலம் வன்னியர் சங்கம் சார்பில் என்றுமே என் வாழ்த்துக்கள்,0,tamil
தமிழ் சினிமாவில் இது வேற லெவல் படம்  நாடாக காதல் கம்பனி நடத்தும் மாமாக்களுக்கு செருப்படி,1,tamil
திரௌபதி மாபெரும் வெற்றிபெற முக்குலத்தோர் சார்பாக எனது வாழ்த்துக்கள்.   நாடக காதல் கம்பனிகரணுக்க நல்லா கதரட்டும்,1,tamil
உடையார் ஜாதி சார்பாக படம் வெற்றி பெற வாழ்த்துக்கள்,0,tamil
"குதிரை, கார், ஜீப்பு, லாறி, ஹெலிகாப்டர், பிளைட்டு... செம்ம",0,tamil
அண்ணண் ஆறு சரவணத்தேவரின் தம்பிகள் சார்பாக வாழ்த்துக்கள்,0,tamil
பீனிக்ஷ் பறவை போல் எழுந்து வர்ரான் தல கெத்து தமிழ் சினிமாவை புரட்டி போட்ட விவேகம்...,0,tamil
சமூகத்தைப் பற்றி வெளிவந்த பார்; உணவு உடை இருப்பிடம் பற்றி உனக்கு தெரியும்; அப்போ நீ ஜாதிய பத்தி பேச பேசமாட்ட,0,tamil
சாதி சண்டை இருக்கும் வரை தெலுங்கனும் கண்ணடனும் நம்மை வசதியாக ஆள்வதற்கு வழிவகுக்கும். ஆரிய சதி தான் இந்த சாதிய பிரிவினைகள்...தமிழர்களாய் ஓன்றினைவோம்...வன்னியரும் தமிழர் ஆதி தமிழரும் தமிழ் குடி...நாம் விழிக்க வேண்டிய நேரம்...அமைதி காத்து தமிழர் உரிமை காப்போம்,0,tamil
கொல்லிக்கட்டையை வச்சி காதல தீச்சி விட்டுங்க தொல்லையே இருக்காது.,1,tamil
திருவண்ணாமலை மாவட்டம்                   வண்ணீயர்  சார்பாக இத்திரைப்படம் வெற்றி அடைய வாழ்த்துக்கள்   . திருமாவளவ‌ன்னுக்கு இது ஒரு செருப்படி.....,1,tamil
செய்வது எப்படி கூட தெரியல அஜித் படம் ட்ரைலர் எப்படி தெரியும் சூர்யா சார் என்ன பண்றீங்க,0,tamil
"ஆக இந்த படத்தில் என் மகன் Psycho வாக நடிக்கவில்லை, ஏனெனில் அவன் உன்மையிலேயே psycho தான்.. ஆக.. ஆக..",1,tamil
தற்போதைய சமுதாய பிரச்சனையை பேசும் படமாக உள்ளது.  அர்ச்சக வெள்ளாளர் இன சார்பாக வாழ்த்துக்கள்.,0,tamil
Super Anna பல தந்தையின் மன குமுறல்  திரௌபதி,0,tamil
யாருப்பா அந்த டைரக்டர்...? இவ்வளவு தைரியமும் தில்லும் பாரட்டகூடியது  ட்ரைலர் வேற லேவல்மா..! நாடககாதல் செய்யும் அனைத்து சமுதாயவத்தரையும் இந்த திரைக்காவியம் செருப்பால் அடிக்கும்.  திரையில் நிச்சயம் வரவேண்டும்.,0,tamil
தேவிடியா புள்ளைங்களே இங்க வந்து ஏன்டா கதறுரீங்க.பொட்ட புண்டைகளா. கொம்மளா டோய்.,1,tamil
எங்க கவுண்டர் சமுதாயம் சார்பாக இத்திரைப்படம் மாபெரும் வெற்றி பெற மனதார வாழ்த்துகிறேன் !,0,tamil
பெண் குலத்திற்கு தக்க பாடமாக (படமாக) அமையும் இந்த படம்   வெள்ளி விழா காணும் 🤝,0,tamil
பரியேறும் பெருமாள் போல திரெளபதியும் சாமி பெயரை படத்துக்கு வெச்சிருகாங்க ஆனா அது தெரியாம vck புள்ளீங்கோ மகாபாரத கதையை தூக்கிட்டு வருதுங்க,0,tamil
"மணிரத்னம் காட்பாதர் படத்த காப்பி அடிச்சு நாயகன் படத்த எடுத்தது பழைய கதை,  செக்கசிவந்தவானமும் அதே காட்பாதர் காப்பிதான் என்பது புதிய கதை...",1,tamil
"நானும் ரொம்ப வருஷமா பாத்துட்டு இருக்கேன் விஜய் அண்ணா கெட்டப் சேன்ஜ் பண்ணுவாருனு, காலம் மாறிடுச்சு, தொழில்நுட்பம் மாறிடுச்சு, நிறைய நடிகர்கள் வந்து போய்ட்டாங்க. நேத்து வந்த சிவகார்த்திகேயன் கூட கெட்டப் சேன்ஜ் பண்ணிட்டாப்ல, இன்னும் இவர் இப்படியேதான் இருக்கிறார்.  ---------- அண்ணா ரசிகைகளுக்கு: என்ன ரசனை உங்களுக்கு! உங்களினால் தான் இன்னும் தமிழ் சினிமா முன்னேறாமல் இருக்கிறது.",1,tamil
Director:mohan ஜி சத்ரியன்  படம் முழுக்க எடுக்கப்பட்ட இடம் : அரியலூர் (குரு  படையாச்சியர் ) மாவட்டம்  Movie name : முதலில் யோசித்த movie name ராமசாமி (ராமசாமி படையாச்சியர் ) Director குல தெய்வம் and நடிகை கதாபாத்திரம் பெயர் : திரௌபதி  Finaly திரௌபதி  Caste based movie.... related உண்மை சம்பவம் on  2013-2014  சம்பவம் : நாடக காதல்  And mainly (திரௌபதி வன்னியர்களின் குல தெய்வம் ஆவர் )mean that  அக்னி..,0,tamil
திருநெல்வேலி விஸ்வகா்மா சமுதாயம் சாா்பாக திரைப்படம் வெற்றி பெற வாழ்த்துகள்,0,tamil
ஏன்டா இப்புடி ? இந்தமாதிரி படங்களை ஈழத்திலை திரையிடாதீங்கடா ! நீங்க அடிச்சிகிட்டே சாவுங்கடா ! நம்மள வுட்டுருங்க ! முடிஞ்சா தனியாக போராடி வெல்றோம் இல்ல செத்தொழிஞ்சு போறோம் ! உங்கள நம்பி பிரையோசனம் இல்ல,1,tamil
என்னங்கடா ரஜினிய பவர் ஸ்டார்வோட பெரிய காமொடியன் ஆக்கிடிங்க வரவன் போறவன்லாம் வச்சி அடிக்கிறான்,1,tamil
சேலத்து சிங்கம் அருள் அண்ணன் சார்பாக அவரின் தம்பிகள் ஆகிய நாங்கள் இப்படம் மபெரும் வெற்றி அடைய வாழ்த்துகிறோம்,0,tamil
எத்தன பேர் எத்தன வியூஸ்னு பாக்க வரீங்க,0,tamil
போங்கடா ஜாதி வெறி புடிச்ச கூதி புண்டைங்க,1,tamil
"நாளை இளையராஜா பேரன்,,music director ஆனாலும் அங்கேயும் ,,போட்டி கொடுப்பார்,,எப்போதும் எங்கள் ராஜாதான்,,,ராஜாதான்,,",0,tamil
"இது நமக்ககா உருவாக்க பட்டது ,ஆதரவு கிடைக்கும் என்பது குறிப்பிடத்தக்கது",0,tamil
"முதல் நாள்முதல் காட்சியிற்காக நித்தமும் கொங்கு மண்டலத்தில்.,,ஈடு இணையற்ற நமது உத்தம தலைவர்..,,தீரன் சின்னமலைக்கவுண்டர் பேரவையின் நிறுவனர்..,,,,,,மாவீரர் யுவராஜ் கவுண்டர்..,,அவர்களின் போர்ப்படை  ஈரோடுமாவட்டம்,,,சார்பாக .,,,, நித்தமும் வருகையை எதிர்நோக்கி..,,,,,தீரன் கோபிநாத்.........,......முதல் காட்சிக்குரிய முழு டிக்கெட்டுகளும் தீரனாரின் வாரிசுகளால் வாங்கப்படும்....",0,tamil
ஏல ரன்ஜித் நாய இனி நி படம் எடுல பாப்போம்,1,tamil
ஆச்சாரி சமுதாய மக்கள் சார்பில் படம் வெற்றி வாழ்த்துக்கள்,0,tamil
அம்மா வ யேன் டா இப்டி  அசிங்க படுத்துறிங்க???,1,tamil
I found that man .... தல   சொல்லி வை தமிழ் சினிமா பாக்ஸ் ஆபீஸ் கிங் ஆன் தி வே னு .. #VivegamTrailer,0,tamil
சூர்யா வெற leval மரண மாஸ் by தல வெறியன்,0,tamil
"நல்லா இருக்கு..... வெற்றி வெற்றி தா, இனி ஆயுள் வரை.....",0,tamil
"திருமாவோட சிறுத்தை குட்டிகள் எல்லாம், டிண்குல(திருப்பி படி) மிளகாய்ப் பொடி வச்ச மாதிரியே சுத்திட்டு அலையுறானுக.  ஏன்டா...  ஒத்த நிமிஷ ட்ரைலர்க்கே இப்டின்னா, மொத்தப் படமும் வந்தா, தண்ணியடிச்சுட்டு தண்டவாளத்துல தற்கொலை பண்ணிப்பீங்க போலயேடா.       #திரௌபதி",1,tamil
சி எஸ் ஐ நாடார்கள் சார்பாக படம் வெற்றியடைய வாழ்த்துக்கள்,0,tamil
கண்டிப்பா இந்த படம் வேற 11ku போகும் பாரு,0,tamil
நான் அரசியலுக்கு வருவது உறுதி செம சீனு,0,tamil
திரெளபதி எந்த சமூகத்திற்க்கும் எதிரான படம் அல்ல...  பெண்களை பெற்ற எல்லா பெற்றோர்களுக்கும் ஆதரவான படம்.  தந்தைகளின் ஆதரவோடு 1.5 millions views.,0,tamil
இந்த காலகட்டத்தில் தமிழ் சமுகத்துக்கு மிகவும் தேவையான படம்,0,tamil
"வசனம் தெறிக்குது.. இது போதும் இந்த படத்துக்கு, மிச்சம் தானா சேரும் நம்ம செல்வராகவனுக்கு...",0,tamil
இது என்னடா மனித கடவுள்க்கு வந்த சோதனை,0,tamil
அரியலூர் மாவட்டத்துல இந்த படம் எங்க ஓடுனாலும் நான் 100 பேர என் செலவுல படம் பாக்க கூட்டிட்டு போவன்....  வாழ்த்துக்கள் இயக்குனர் அவர்களே உங்க கெத்தே தனி...,0,tamil
அடேங்கப்பா கமெண்ட்ஸ்   எத்தனை சாதி தமிழ்நாட்டில் 🤔🤔?,0,tamil
போய் பொளப்ப பாருங்க நண்பர்களே     நாம்ம உழைச்சா தாண் நமக்கு சோரு தண்ணி,1,tamil
வாழ்த்துக்கள் நண்பா... சமூகத்தின் நடக்கும்  உண்மை சம்பவங்களை படமாக எடுத்ததற்கு நெஞ்சார்ந்த நன்றியைத் தெரிவித்துக்கொள்கிறேன்.. இது போன்ற படங்களை மென் மேலும் படைக்க வாழ்த்துக்கள்...,0,tamil
வேர லெவல் டீஸர் சூர்யா  பய தளபதி fan,0,tamil
Nama ஒதிங்கி போரதாளதான்  காசு இருக்கின்றதுனு அவன் அவன் கட்சி ஆரம்பிக்ரான்......,1,tamil
இன்றைய அரசியலின் கதை.... அரசியல்வாதிகளின் கதை..... எங்க அப்பா மிலிட்டரி டா... நாங்க நினைக்கிறதே வேற.... தியேட்டர் கிழிய போகுது.... நீண்ட வருடத்துக்கு அப்பறம் நல்ல கரு மெசேஜ் உள்ள கதை...... காத்திருப்போம்.... முதல் நாள் முதல் காட்சி.... நடிப்பின் நாயகன் சூரியா....,0,tamil
இத பார்த்தா இப்போது டிரண்டிங்ல இருக்கிற கலைஞ்சர் குடும்பத்தை அப்படியே எடுத்த மாதிரி இருக்கு. ஏன் சொல்ரன்னா. முதல் காட்சியில காட்டுற கத்திப்பாரா ஜங்ஷன். பிரகாஷ் ராஜ் கருப்பு கண்ணாடி. தோலுல சால்வை. இப்போ நடக்குற அரசியல் பதிவு பண்ணுற மாதிறி இருக்கு...,0,tamil
ஒரு குறிப்பிட்ட சாதிய வச்சு மட்டுமே படங்கள் பாத்த தமிழ் சினிமாவில் இது கொஞ்சம் புதுசு ரொம்ப தேவையான படமும் கூட.இப்பக்கூட ஒரு படம் வந்துச்சே 'குண்டு' இதுல ஒரு குறிப்பிட்ட சாதியோட நெறி ரொம்ப வீசுச்சு.இந்த படம் வெற்றி அடைய பட்டாரியர் சமுதாயம் சார்பாக வாழ்த்துக்கள்,0,tamil
தர்மபுரி மாவட்ட சார்பாக படம் வெள்ளி விழா காண வரவேற்கிறோம் என்றும் அன்புடன் வன்னியர்,0,tamil
இது 96-சு.. யாரை ஏமாத்துறீங்க?' மிஸ்டர்.ஆன்மீகப்பரட்டை டோட்டல் டேமேஜ்.,1,tamil
இந்த சமூக பிரச்சனைகலை வெளிப்படுத்திய இந்த படம் வெற்றி அடைய வாழ்த்துக்கள் சகோ.....,0,tamil
வட ஆற்காடு யாதவர்கள் (கோனார்) மக்கள் சார்பாக படம் வெள்ளி விழா காண வாழ்த்துகள் அண்ணா,0,tamil
பெண்களை குறி வைத்து பல குடும்பங்களை சீரழிக்கும் கும்பலின் முகத்திரையைக் வெளி உலகிற்கு காட்ட போகும் திரைப்படம்.. உண்மை சம்பவங்களை அடிப்படையாக கொண்டு எடுக்கப்பட்ட நவீன நாடக காதல் காவியம். Full support for this film.,0,tamil
விஸ்வகர்மா சமுதாயம் சார்பாக வாழ்த்ததுகள். பொறுக்கி பய திருமா நாடக காதல் கும்பலுக்கு இந்த ட்ரைலர் வயித்தை கிளரும். படம் மாபெரும் வெற்றி பெற வாழ்த்துக்கள்.,1,tamil
மண்ண தொட்டவன கூட விட்ரலாம். பொண்ண தொட்டவன விடக்கூடாது,0,tamil
நதிகளை இணைக்கனும்னு ரஜினி சொன்னா அது பிஜேபி வாய்ஸ் னு கதறுவனுங்க..  அது சாத்தியமில்லை னு சொல்லுவான் எனா அது சாத்தியம் ஆச்சினா அவனுங்க பொழப்பு அவ்ளதான் ஆனால் மே மாசம் காவேரி னு கதறுவான்க இந்த முறை எலெக்ஷன் ல  பிஸி போல..  ரஜினி நதி இணைக்கணும்னு பல வருசமா சொல்லறாரு நியாயமா அதை appriciate பண்ணனும் ஆனால் பண்ணமா அது பிஜேபி வாய்ஸ் னு புதுசா கூவுவானுங்க..  பிச்சைகாரா அரசியல் நாய்கள்,1,tamil
திருமாவளவன் ஐயம் பா குஞ்சித் தையும் செருப்பால் அடித்த மாதிரியே இருக்கு இந்த டயலாக்,1,tamil
ஸௌராஷ்டிரா சமூகம் சார்பாக இந்த படம் பிரமாண்டவெற்றி பெற வாழ்த்துக்கள்.,0,tamil
From our and their and photo there with W எச்ச பையன் பா ரஞ்சித் அவன செருப்பால அடிச்ச மாதிரி  இந்தப் படம் வெற்றியடைய வாழ்த்துக்கள்,1,tamil
என்ன இசை கடவுள் இளையராஜா அவர்களே நீங்க Beethoven கிட்ட இருந்து BGM சுட்டிருக்கிங்க அவருக்கு முதல்ல Royalty கட்டினீங்களா,1,tamil
திரௌபதி 5 புருஷன் வச்சிருந்த லேடி தானே பா ...,0,tamil
"நா யாருங்கறத எப்பவுமே நா முடிவு பண்றதில்ல,  என் எதிர்ல நிக்குறவங்க தான் முடிவு பண்ணுவாங்க…,  அவுங்களுக்கு நா  நண்பனா?     இல்ல  எதிரியானு………",0,tamil
96 ல பிறக்காத பசங்க எல்லாம் 96 அரசியலை பத்தி பேசுதுங்க.   காலகொடுமை,1,tamil
இந்தப் படம் மாவீரன் யுவராஜ் கவுண்டருக்கு சமர்ப்பித்து படம்.,0,tamil
ஏன் டா மூதேவி. அஜித் சார் songs னு title போட்டுட்டு உள்ள கண்ட songs லாம் இருக்கு,1,tamil
ஒருவர் செய்த தவறுக்காக எல்லாரையும் பழி போடுவது தவறு நண்பா. ஆட்சி & பணம் சம்பாதிக்க சாதி மத சாயம் பூசி நம பிரிச்சிடுரங்க நண்பா . வேணாம் நண்பா .,1,tamil
கமண்ட்ல பேச துப்பு இல்ல தனியா வீடியோ போட்டு கதறுறாங்க,0,tamil
mass's sema mass தெரிஞ்ச எதிரிய விட தெரியாத எதிரிக்குதான் டர்ர்ர் அதிகம் Thalapathy,0,tamil
மாலை ஆறு மணிக்குள் 1 million views வர போகுது வயிறு எரிஞ்சு சாகுங்கடா பட குழுவினருக்கு வாழ்த்துக்கள்,0,tamil
அருமை எவதொட்டாலும் வெட்டுடா அடிச்சா திருப்பி அடிப்பான் டா சத்திரியன்,1,tamil
அனைத்து செட்டியார் சமூகத்தின் சார்பாகவும் திரௌபதி திரைப்படம் வெற்றி விழா காண வாழ்த்துக்கள்,0,tamil
அந்த அம்மா மட்டும் உசுரோட இருந்தா இந்த டீஸரை போட்டவங்க டவுசரை கலட்டி இருக்கும்...,1,tamil
பர்மா வாழ் சைவ வேளாளர் சங்கம் சார்பாக வாழ்த்துக்கள்   ஒட்டுமொத்த வெள்ளாளர் வேளாளர் சமுதாயம் சார்பாக வாழ்த்துக்கள்.. நான் பிறந்த மதுரை மாவட்டம்.. எனது தந்தை கன்னியாகுமரி மாவட்ட சைவ வேளாளர்,0,tamil
தேனி மாவட்டம் ஆண்டிபட்டி தாலுகா இராஜகம்பளம் நாயக்கர் சார்பாக படம் வெற்றி பெற வாழ்த்துக்கள்,0,tamil
டீசர் அருமையாக உள்ளது.... படம் வெற்றி பெற வாழ்த்துக்கள்...,0,tamil
இசைஞானி + மிஸ்கின் = Deadly Combo,1,tamil
சாதி கொடுமையை எதிர்த்து படம் எடுத்தால் அது சாதிய படம்..! சாதி பெருமையை சொல்லி படம் எடுத்தால் அது சமூக படம்..! என்ன கொடுமை இது ..! இதில் தமிழன் அறிவார்ந்த சமுதாயத்தை சார்ந்தவன் என்ற பெருமை..! மனிதனை மனிதனாய் மதிக்க தெரியாத காட்டு மிராண்டி கூட்டத்தில் நாம் வாழ்ந்து கொண்டிருக்கிறோம். அடுத்த தலைமுறையை சாதிய தீயில் பொசுக்க போகிறோம்..! வாழ்க தமிழ்..! வளர்க தமிழன்..!,1,tamil
நம்மவர் அவர்கள் இன்று காலை     கோமாளி ட்ரைலர் பார்த்தார்  அதில்  ரஜினி அவர்கள் அரசியலுக்கு வருவதை பற்றிய விமர்சனத்தை பார்த்தவர் உடனே  தயாரிப்பாளருக்கு  போன் செய்து இதை என்னால் நகைச்சுவையாக  பார்க்க முடியவில்லை  என்று கூறி வருத்தப்பட்டார்  நட்பின் வெளிப்பாடா  நியாயத்தின் குரலா,1,tamil
செல்வா உனக்கு தோல்வி கொடுத்தது எல்லாம் சேர்த்து வச்சி கொண்டாட காத்திருக்கோம்...90s kids favourite director da ni.,1,tamil
இதுவரைக்கும்  trailer  ah  10 டைம்  பாத்துட்டேன்... அப்போ  படம் .???,0,tamil
நாடக காதல் கும்பளுக்கு பெரிய அடி கொடுத்து இருக்கிறது திரெளபதி டரைலர். படம் வெற்றி பெற வாழ்த்துக்கள்,0,tamil
வீர‌ முத்தரையர் சங்க நிறுவன தலைவர் கருப்பையா முத்தரையர் சார்பாக வாழ்த்துக்கள்....,0,tamil
இந்த படத்துலயாவது நித்தியாமேனன் ன கொல்லாம இருங்கடாஆ,1,tamil
இந்தப் படம் வெற்றி பெற வாழ்த்துக்கள் தோழரே.  மண்ணும் பெண்ணும் ஒன்று தான்.  இந்தப் படக்குழுவினருக்கு நாங்கள் எப்பொழுதும் ஆதரவாக துணை நிற்போம்.,0,tamil
திருநீறு  பூஜை அறையில் தான் இருக்கனும். அப்ப தான் அதற்கு மதிப்பு. அதுபோல பன்றி  சாக்கடையில் தான் இருக்கனும். அப்ப தான் அதற்கு மதிப்பு,1,tamil
வன்னியனின் வெற்றிக்கோட்டை தருமபுரி. இப்படம் வெளிவருவதற்கு வெறியோடு காத்துகொண்டு இருக்கிறேன். வி ந புரட்சிப்பித்தன்,0,tamil
கமுதி தேவேந்திர குல வேளாளர்களின் சார்பாக படம் மிக பெரிய வெற்றியடைய வாழ்த்துக்கள்,0,tamil
தேவர் சமுதாயம் சார்பாக முழு ஆதரவும் உங்களுக்கு உண்டு,0,tamil
காதல் திருமணம் செஞ்ச வம்சம் டா கன்னடர்கள் .....உன் காதல் தோத்துருச்சுனா போய் சாவு டா நொண்ண,0,tamil
இத்திரைப்படம் நமது பொக்கிஷம்.. இத்திரைப்படத்திற்கு. ஆதரவு தரும் வன்னியர் கவுண்டர் தேவர் வெள்ளாளர்  உடையார் நாடர் இன்னும் பல சமூகங்களின் ஆதரவு அதிகரிக்க எனது வாழ்த்துக்கள்,1,tamil
விஜய் சேதுபதி மன்னு மாதிரி இருக்கான்...படத்த கெடுத்து வைக்க போறான்,0,tamil
உங்கள் மண தையரித்திற்கும் ஒரு வீர வணக்கம். உண்மைய சொன்னா சில இடஞ்சல்கள் வரும் . அதை பற்றி கவலை படமால் இதை போல கிருஸ்த்துவ மிஷனரிகள் செய்யும் அயோக்கிய தனத்தை உலகிற்கு வெளிக்காட்டவும்,1,tamil
படம் வெற்றி பெற வாழ்த்துக்கள் (குலாலர் சமுதாயம் ),0,tamil
பெண்க ளை பெற்ற அப்பாவுக்கு மட்டும் வலி புரியும்,0,tamil
"ஆண்ட சாதி, ஆண்ட சாதி  னு ஆயிரம் முறை சொல்லி , அதில் இருக்கும் தப்பை மட்டும் வெளிச்சம்போட்டு,எல்லாரையும் நோகடித்து, குற்ற உணர்ச்சி அடையச் செய்தால் அது புரட்சிப் படம். சமூகத்தில் இருக்கும் உண்மையான நாடகக் காதல் விஷயத்தை சொன்னால் அது சாதிப் படம். அவ்ளோதான் சார் போராலீஸ்!!",0,tamil
சீட்டிங் சீட்டாஸ்&ஓசிசோறு கைய்ஸ்: நாங்கள் நாடககாதல் கட்டபஞ்சாயத்துகள் செய்யவில்லை ஆதீ :,1,tamil
டீசர் ஆரம்பத்துல நல்லாதான் பார்த்ததுட்டு இருந்தேன் கடைசில ஒரு பஞ்ச் வச்சிங்க பாருங்க....   நான் அரசியலுக்கு வருவது உறுதினு.....  என்னால சிரிப்பை அடக்கவே முடியலடா சாமி....,1,tamil
96 சம கலாய் சேகரு செந்தன்டா உண்மையான கோமாளி ரஜினி,1,tamil
"என்னய்யா இது டயலாக் ரொம்ப கேவலமா இருக்கு, ரைட்டர் சுஜாதா இருந்தவரைக்கும் டயலாக் சூப்பரா இருந்துச்சு",0,tamil
அப்ப 96 to 2016; வரைக்கும் ரஜினி அரசியலுக்கு வருவேன்னு தான் சொல்லிட்டு இருக்காரா,1,tamil
இந்த சமுதாய மக்களுக்கு விழிப்புணர்வை ஏற்படுத்த படம் எடுத்து அண்ணன் மோகன் ஜீ அவர்களுக்கு நன்றி வாழ்த்துக்கள்....,0,tamil
Al Vijay in சரியான பழி வாங்கல்,1,tamil
ஏ.ஆர்.ரகுமானுக்கு என்ன தான்யா வயசு ஆகுது..்??? அந்தாளுக்கு வயசே ஆகமாட்டங்குதே ஏன் யா...???,0,tamil
தமிழக மக்கள் ஒவ்வொரு முறை வாக்களிக்கும் போதும் இதுபோல  கோமாவில் இருந்தததை போல்தான் எல்லாவற்றயும் மறந்துவிடுகிறார்கள்.,1,tamil
"எல்லோருக்கும் வணக்கம் தோழரே , நீங்கள் சொல்லுவது எல்லாம் போய் , உண்மை காதல் காசுக்கு ஆசை படது , பாமக கட்சி வளர அந்த பொண்ணு அப்பன காவு வங்கரங்க நீங்க பேசறது தப்பு நண்பா நீ நானும் சாதி பகிறதலாத இங்க நம்ம வேலை பரிபொகுது நண்பா நானும் விழுப்புரம் மாவட்டத்தில் த இருக்க நண்பா யாரோ ஒருவன் தப்பு பன்றதலே எல்லாம் தப்ப நெனகத தொழ ,இந்தியன் இரயில்வே மண்டலத்தின் நமக்கு வெளாய் இல்லை தெரியுமா தொழ நீ ஜாதி கொடி பிடிச்சி இருக்கும் அங்க நம்ம வழ்வாரதமே வட மணித்துகர சொறந்தரண்ட தொழ இன்னும் ஜாதி வேணாண்டா தோழா",0,tamil
Jack மாதிரி பசங்க மனசுல விஷத்தை வச்சுட்டானுங்க அதை மாத்த நாம ஒரு பெரிய புரட்சி பண்ணியாகணும் - சும்மா சொல்ல கூடாது மாஸ் டயலாக் பா...,0,tamil
17 வருடமாக உன் ரசிகனாக இருப்பதில் பெருமை,0,tamil
பல நாட்களாக எதிர்பார்த்த ஒரு திரைப்படம் போல உள்ளது,0,tamil
சோறு போட்டு வளர்த்தகூட்டம் செத்து போன பின்னாடி ஒரு பாதி   ஆட்சியை பிடிக்கவும் மறுபாதி  சொத்தை பிடுங்கவும்  அலைஞ்ச அவங்களா இதை கேட்கப் போகுதுங்க.,0,tamil
நான் குறைந்த பட்சம் 1000 பேரையாவது இப்படத்தை பார்க்க செய்வேன் ...,0,tamil
வன்னிய குல சத்திரியர் சார்பாக   படம் வெற்றி பெற வாழ்த்துக்கள்,0,tamil
என்னடா மேக்கப் மேன் சிங்கத்துக்கு மேக்கப் போட சொன்னா முயல் குட்டிக்கு போட்டு வச்சு இருக்க!!!!!!!,1,tamil
உடனே பாடத்தை நிர்த்து   அந்த முகம் இல்லைஇந்த 🤦 முகம்,1,tamil
படம் வெற்றி பெற வாழ்த்துக்கள்...                      அமரன் குருப்ஸ்,0,tamil
நம்ம நாட்டுல ஒவ்வொன்னும் ஒரு விதமான பைத்தியம். அவனுக்கு நம்ம நாட்டு மேல பைத்தியம்.. Jai Hind,0,tamil
மெட்ராஸ் மூவி கார்த்தி சார் அம்மா சொல்லுரது போல : என்ன சிரிப்பு அது கலுக்குனு நல்ல கலகலனு சிரிக்குறது,0,tamil
பெண்களுக்கான படம்.அவர்களின் பாதுகாப்புக்கான படம்.இதுவே சமூக நீதிக்கான படம்.,0,tamil
"அட்ட காசம்...  தமிழில் இப்படி ஒரு படத்தை எடுக்க முயற்சி பண்ணுங்கடா...  சும்மா ஹீரோவுக்கு பஞ்ச் டயலாக், பில்டப்பு, மற்ற கேரக்டர்கள் ஹீரோவுக்கு ஜால்ரா அடிக்கிறது' னு சொம்படிக்காமல் உண்மையான கலை நயத்தோட ஒரு நம்பகமான சினிமாவை எடுத்தால் உலக அரங்கில் நல்ல பேர் கிடைக்கும்.",0,tamil
சேதுபதி  அண்ணா அருமை.. எப்பவும் வெற்றி  உங்களுக்கே..,0,tamil
"தியேட்டர் கொடுக்கலைனா ,  Utube ல் படத்தை வெளியிட தயார் -இயக்குநர் மோகன். எவ்வளவு எதிர்ப்பு வந்தாலும்,  ஒன்றியத்திற்கு 2 நடமாடும் திரையரங்குகள் அமைத்து படத்தை மக்களுக்கு கொண்டுசெல்வோம்..... எங்கள அடக்க உன்னால முடியுமா???",0,tamil
This is what we expect.. அத்துமீறினால் அடக்கு.,0,tamil
தல ரசிகனாக இருந்தால் இதை படிங்க  share பண்ணுங்க  #நம் தல யின் விவேகம் Teaser ஒரு நாளில் 6M பார்வையாளர்கள் என்று மிகப்பெரிய சாதனை படைத்தோம்  #அந்த சாதனை யை மீண்டும் நாம் விவேகம் TRAILERலில் முறியடிக்க வேண்டும்  #So விவேகம் TRAILERயை மீண்டும் மீண்டும் பாருங்கள்    #இன்று இரவுக்குள் இந்த சாதனை யை படைக்க வேண்டும்  #NOTE இந்த சாதனை யை படைக்க இன்னும் 3மணி நேரமே இருக்கிறது   #உண்மையான.  தல. ரசிகனாக இருந்தால்   இந்த பதிவை share செய்யுங்கள்,0,tamil
13k dislikes இந்தநாடு நாசமாப்போகவேன்டும் என்று நினைப்பவர்கலிடமிறுந்து,1,tamil
திருப்பூர் மாவட்டம் செங்குந்த முதலியார்கள் சார்பாக படம் வெற்றிபெற வாழ்த்துக்கள்,0,tamil
போராடுவதே தப்புதான் என்றால்....போராடும் சூழ்நிலையை உருவாக்கியதும் தப்புதான்....,1,tamil
ஆதித்தமிழன் பறையன் டா எங்களுக்கு எதிராக நீ எடுக்கப்படும் இந்த படம் எங்களை அடிமைப்படுத்தி ஆண்ட சாதி வெறியர்களுக்கு சமர்பனம்,0,tamil
இதையே விஜய் பன்னீருந்தா இன்னேரம் தடை கேட்டுருப்பானுங்க,1,tamil
நடோடிகள் எனக்கு பிடித்த படம் நாடோடிகள் 2 அதைவிட பிடித்த படமாக இருக்க வேண்டும் எதிர் பார்க்கிறேன்... வெற்றியடைய வாழ்த்துகிறேன் சசிக்குமார் மற்றும் சமுத்திரக்கனி அவர்களே...,0,tamil
மண்ணும் பெண்ணும் இரண்டும் முக்கியம் மேல கை வச்சா வெட்டுவேன் தரமான சம்பவம் செய்ய வ௫கிறாள் திரெளபதி,1,tamil
தயவு செஞ்சு இந்த மூஞ்சியை  படத்துல காமிகாதிங்க,1,tamil
செருப்ப கழட்டி அடிச்சமாதிரி இருக்கும் குருமா & குஞ்சித் குரூப்புக்கு🤣 கதறியே சாவுங்கடா புளு சட்டை பாய்ஸ். செங்குந்த முதலியார் சமூகம் சார்பாக படம் மாபெரும் வெற்றிபெற வாழ்த்துக்கள்,1,tamil
வெற்றி பெற வைப்பது நமது கடமை... Trailer பாக்குரதோட நிப்பாட்டாதிங்க,0,tamil
"Before சைகோ மிஷ்கின் ஒரு படம் எடுத்தாரு,Now சைகோ மிஷ்கின் சைகோனு ஒரு படம் எடுக்குறாரு. அனேகமா அது அவரோட பயோபிக்காதான் இருக்கனும்.",1,tamil
ஒக்கலிக கவுடர் சார்பாக படம் வெற்றி நடை போட ஆதரவு தெரிவிக்கின்றன.,0,tamil
இந்த படத்தையே அட்லி இன்னும் கொஞ்ச வருஷத்துல நக்கிடுவான்... அடுத்தவன் சிந்தனைய திருடி பொழப்பு நடத்துர எச்சக்கல்ல நாய்... த்தூ...,1,tamil
ரஜனி ரசிகர்களால் அகற்றப்பட்ட காட்சியையும் வெளியிடுமாறு கேட்டுக்கொள்கின்றோம்,0,tamil
மண்ணு பொண்ணு ரென்டுமே முக்கியம்... 2ல எதுல கைய வச்சாலும் வெட்டுவோம்,1,tamil
டேய் ரஞ்சித்து பாத்துக்க... இது படம்... இந்த டைரக்டர் கிட்ட நாலு மொடக்கு வாங்கி குடி...,1,tamil
இந்த திரைப்படம் வெற்றி பெற கம்மவார் நாயுடு மக்கள் சார்பாக வாழ்த்துக்கள். இந்த திரைப்படம் பத்தி பத்தி சமூக வலைத்தளங்களில் ட்ரெண்டிங் செய்யுங்கள்.,0,tamil
மனித ஜாதி மக்கள் சார்பாக படம்  வெற்றி பெற வாழ்த்துகள்,0,tamil
பொள்ளாச்சி நாடக காதல்  சம்பவத்துக்காக கவுண்டர் சாதியின் விஷமத்தை வெளிக்காட்ட வன்னியர் எடுத்த படம் திரௌபதி,0,tamil
"பொள்ளாச்சியில் நடந்த ஆயிரக்கணக்கான கற்பழிப்பு சம்பவத்தில் எந்த சாதியைச் சேர்ந்தவர்கள் இருந்தார்கள் என்று பேசுவோமா????? 1000 க்கும் மேற்பட்ட வீடியோக்கள். அதாவது, 1000 மேற்பட்ட பெண்கள் கற்பழிக்கப்பட்டார்கள் என்று அர்த்தம். உங்களோட பொண்ணுங்க பெருமையெல்லாம் அதுல தெரிஞ்சுபோச்சு. பெண்கள் நீங்கள் விளையாட்டுக்கு உபயோகிக்கும்  பகடைக்காய் அல்ல.",1,tamil
"பாவம்டா ஹாரிஸ் ஜெயராஜு, வளசரவாக்கத்துல புது ஸ்டூடியோ வெச்சத்திலிருந்து ஒரு ஹிட் படம் கூட தர முடியல.cricketக்கு கோஹ்லின்னா music ல ஹாரிசா?",0,tamil
"இங்க இருக்குற Comments படிச்சி பாக்கும் போது தான் தெரிது, தமிழ்நாடு ல இவ்வளவு சாதி இருக்குனு.",0,tamil
இந்த படம் சாதியை கடந்து ஒற்றுமையாக வாழ கற்றுக் கொள்ளும் படம். சாதியை கடந்து அனைவரையும் நேசிக்கும் தமிழர்கள் சார்பாக இந்த படம் வெற்றி பெற வாழ்த்துக்கள்.,0,tamil
திரும்ப திரும்ப திரும்ப திரும்ப பாத்திட்டே இருக்கன்  இன்னைக்கு பேஸ்புக் டுவிட்டர் ரென்டிங்கே நாமதான் ஆசம்ம்,0,tamil
இதனை வலி என உனரும் அணைவருமே தமிழர் தேசத்தில் வாழ தகுதியற்றவர்கள். என்பதை உனர்ந்துகொள்ளுங்கள் ( நல்ல பிறப்பாக இருந்தால் ) எனக்கு தெரிந்த வரை அப்படி நீங்கள் இருக்க வாய்ப்பில்லையடா....,1,tamil
மனிதனா இருப்போம் டா உடுங்க டா ..,0,tamil
அய்யா சிவாய நம வாழ்த்துக்கள் நாங்கள் ரெட்டியார் ரெடி,0,tamil
"Love Cross , Love Jihad என்று சொல்லி மதம் மாற்றுகிறார்கள். அதை பற்றியும் படம் எடுக்க வேண்டும்.",0,tamil
"PCR , வன்கொடுமை தடுப்பு சட்டம் அதிகம் தவறாகவே பயன்படுத்தப்படுகிறது, அதன் பாதிப்பு எனக்கும் உண்டு என்பதே நிதர்சனம்.",0,tamil
டிரெய்லரே தெறிக்குது.  தமிழ் நாட்டில் பெண்களுக்கு விழிப்புணர்வு ஏற்படுத்தும் படம்.,0,tamil
"Really மணி ரத்தினம் on கரண்ட் track as 80,90s",0,tamil
தலிவர்: நான் அரசியலுக்கு வரறது உறுதி... இது 96.... செம்ம.....,0,tamil
ஜெயலலிதா அம்மா வேடத்தில் ரம்யாகிருஷ்ணன் இருந்த நல்ல இருக்கும்,0,tamil
குருமா வளவன் பின்னாடி இப்ப கபகபனு எரியுமே,1,tamil
படம் வெற்றி பேரா cuddalore vanniyar சங்கம் சார்பில் வாழ்த்துகள்...,0,tamil
ம்மாலே சாதி புண்டன்னு சொல்லிட்டு எவனாவது வந்தீங்க !  ஒரே சாதினா தமிழன் மட்டுமே !,1,tamil
கொங்கு வேளாளர் கவுண்டர்கள் பேரவை சார்பாக படம் மிகப்பெரிய அளவில் வெற்றி பெற வாழ்த்துக்கள்... சாகட்டும் திருமா சக்கிலி,1,tamil
24மனைத் தெலுங்கு செட்டியார்கள் சார்பாக திரைப்படம் வெற்றி பெற வாழ்த்துக்கள்,0,tamil
நாடக காதல் என்ற பெயரில் நம் இன பெண்களை ஏமாற்றும்  கும்பலுக்கு இனி அரிவாள் வெட்டு உண்டு ........,1,tamil
"படம் மிக பெரிய  வெற்றி பெற முக்குலத்தோர் சார்பாக  வாழ்த்துக்கள் மோகன்,",0,tamil
திரௌபதி திரை படத்தை தடை செய்ய கோரி திமுகவின் தாய் கழகம் திக மனு.......இவர்கள் கட்சியில் இருப்பவர்கள் வீட்டில் பெண்கள் இல்லையா??பெண்களை பெற்ற திமுக திகவினர் சற்று சிந்தியுங்கள் உங்கள்  பெண்களின் பாதுகாப்பை பற்றி..,0,tamil
வள்ளுவர் குல சார்பில் வாழ்த்துக்கள். எக்குலமாக இருந்தாலும் பொதுவாக பெண்பிள்ளைகள்   பெற்றோர்கள் இந்த படத்தை பார்க்க வேண்டும்,0,tamil
தலைவரே உங்க வசனம் எல்லாம் கேட்க நல்லாயிருக்கு ... ஆனா இதெல்லாம் நடைமுறைக்கு வருமா????   எடுத்துக்காட்டாக உங்க அப்பா ... பக்கத்துல போய் போட்டா எடுத்தா செல் போனை உடைக்கிறார்   சும்மா சீன் போடாதே சரியா???,1,tamil
Tamil mani TV சார்பாக இப்படம் வீர வெற்றி அடைய வாழ்த்துக்கிறோம்,0,tamil
பரியேறும் பெருமாள் படத்திற்கு சரியான பதிலடி ..... வாழ்த்துக்கள்.......,0,tamil
படம் மாபெரும் வெற்றி அடையவேண்டும் கண்டிப்பாக உறுதுணையாக இருப்பேன்,0,tamil
இந்தப்படம் வெளியிடவேண்டும் ரெட்டியார் சமுதாயம் ஆதரவு,0,tamil
"இன்னுமாடா சாதிய வைத்து பொழப்பு நடத்துறீங்க?  படிப்பு எல்லாத்துக்கும் மேல,  எந்த சாதியா irundhalum,  நீ  படிச்சவனா இல்லனா,  நீ எதுக்கும் லாயக்கு இல்லை",0,tamil
பெண்களை தவறாக பயன்வுபடுத்தும் நாய்கள் எந்த சாதியாக இருந்தாலும் கண்டிக்கத்தக்கதே. இதை ஒரு சாதியினர் மட்டும்தான் செய்கிறார்கள் என்று சொல்லமுடியாது (உ: பொள்ளாச்சி சம்பவம்). சாதியை இழிவு படுத்தாது நல்ல விழிப்புணர்வு ஏற்படுத்த இது போன்ற படங்கள் வெற்றியடைய வாழ்த்துக்கள்.,1,tamil
உயர் சாதியில் பிறந்த ஆண்கள் செய்து மட்டும் தான்உண்மை காதலா???! இல்லை உயர் சாதியில் பிறந்த பெண்களுக்கு மட்டும் தான் கற்பு இருக்கிறதா??? Sry but Both of them equal at all,1,tamil
கடலூர் வனனியர் சார்பாக படம் வெற்றி பெற வாழ்த்துக்கள்,0,tamil
போராடமா அவன் போகவும் மாட்டான் சாகவும் மாட்டான் perfect dialogue for thala,0,tamil
"ரைட்டு, சூர்யா அடுத்த ----- தேடி போய் உள்ளார்",0,tamil
போரடுறது தப்புன்ன...போரடுற சூழ் நிலைய உருவக்குறதும் தப்புதான்...,1,tamil
ஆஹா இது ரொம்ப புதுசு கண்ணா சூப்பர்,0,tamil
இவன் போறாடாமா போகவும் மாட்டான் சாகவும் மாட்டான்... எரிக்க எரிக்க பீனிக்ஸ் பறவை மாதிரி திரும்ப திரும்ப எந்திரிச்சு வருவான்.....,0,tamil
திரையில் வெற்றியோடு கொண்டாடுக நான் முதல் காட்சி பாக்க தயாராக ஆவலகவும் உள்ளேன்,0,tamil
உங்களுடைய உழைப்பிற்ககு என் வாழ்த்துக்கள் படம் வெற்றி பெற வாழ்த்துக்கள்,0,tamil
மருது வம்சத்தின் சார்பாக நல்வாழ்த்துக்கள் பல பாரத் மாதா கீஜே! வைரம் நாராயணன்,0,tamil
"ப்ப்ப்ப்ப்ப்பா.... கமெண்ட்புல்லா சாதி பற்று, வெறியின் உச்சம்🤦‍எத்தனை பெரியார் எத்தனை அம்பேத்கர் வந்தாலும் இவங்க சாதிப்பற்றும் சாதி வெறியும் ஓயாதுபோல🤦‍மொத்த பேரும் வெள்ளகாரன்கிட்ட அடிமையா இருந்த கூட்டந்தான் இப்படி ஆண்ட பரம்பரைன்னு பெருமை பேசிட்டு திரியுது🤦‍",0,tamil
சத்தியமா இது ஒரு வரலாற்று சிறப்புமிக்க படம்,0,tamil
"ஸ்ரீவில்லிபுத்தூர் , நான்கு ஊர் நாடார் சமுதாய மக்கள் சார்பாக வாழ்த்துக்கள்... எங்கள் பொண்ணுங்கள தொட்டா கைய வெட்டுவோம்..🤫",0,tamil
தமிழ்நாட்டில் இவ்வளவு ஜாதி இருக்குனு இப்ப தாண்ட தெரியுது,0,tamil
Dislike செய்தவர்களில் ஆம்பளைகள்  யாரும் இல்லையா ஆம்பளைகள் இருந்து தைரியம் இருந்தால் உங்கள் கருத்தை பதிவு செய்யவும்,0,tamil
குள்ளன் பான்ஸ் பெரிய இது மாதிரி சர்க்கார் படம் மாதிரி பண்ணலாம் பாக்குறியா குள்ள கூதிக்கு dislike போடுங்க,1,tamil
"பெண் பிள்ளைகளை  பெற்றெடுத்த பெற்றோர்களுக்கும், அக்கா,தங்கையுடன் பிறந்த சகோதரர்களுக்கும் இப்படம் சமர்ப்பணம் நாடக காதலை வெளி உலகிற்கு கொண்டுவந்து தோலுரிக்கும் சரித்திரம்..  #பரியேறும்பெருமாள் மட்டுமல்ல #திரௌபதி யும் சமூகத்தில் நடக்கும் அவலங்களை எடுத்துரைக்கும்.  வாழ்த்துக்கள் டைரக்டர் மோகன் அவர்களுக்கு",0,tamil
இப்படி நாமும் படம் எடுத்து காட்டணும் அப்ப தான் அடங்கும் அந்த ஈத்தர கும்பல் வாழ்த்துக்கள் நண்பரே படம் வெற்றி பெற,1,tamil
தயவு செய்து இந்தப்படத்தை theatreல் போய் பார்க்கவும். அப்பொழுதுதான் இதற்கு உண்மையான வெற்றி கிடைக்கும் மற்றும் இது போல சமூக அக்கறை கொண்ட படங்கள் நிறைய வரும்.  ஜாதி வெறி பிடித்து மற்ற சமூகப் பெண்களை குறி வைத்து வேலைச் செய்யும் நாடகக்காதல் கும்பலை செருப்பால் அடித்து விரட்டுவோம்.  அவரவர் ஜாதி அவரவருக்கு முக்கியம்.,1,tamil
நானும் சாதிய பெருசா நெனச்சதில்ல ஆனுலும் இதுல எந்த தப்பும் தெரியல,0,tamil
VFX எல்லாம் பார்க்கும்போது படத்துக்கு  விவேகம் ன்னு வச்சதுக்கு பதிலா   வீடியோகேம் ன்னு வச்சுருக்கலாம்  பொருத்தமா இருந்து இருக்கும்,1,tamil
"பரி ஏறும் பெருமாள், அசுரன், காலா, கபாலி, உரி அடி, 2ம் உலகப்போரின் கடைசி குண்டுகள் போன்று ஜாதி தீயை மூட்டி அதில் குளிர் காயும் தலைவர்கள் இருக்கும் வரை, ஒருபோதும் ஜாதியை ஒழிக்கமாட்டார்கள். மாறாக ஜாதியை நினைவூட்டிக் கொண்டே, மக்களை மோதவிட்டு லாபம் பார்ப்பார்கள். பாவம், மக்கள் தான்.",1,tamil
தேர்தலில் இந்த ஒற்றுமை இருந்தால் சிலபேருக்கு செருப்படி தான்.... படம் வெளியவே வரல அதுக்குள்ள கத்துறாங்க படம் வெளிவந்தால் செத்துவிடுவானுங்க.,1,tamil
ஒரு நெகடிவ் கமெண்ட் கூட இல்லை.. இது பல சமூக மக்களின் உண்மையான ஆதங்கத்தை வெளிப்படுத்துகிறது,0,tamil
படம் வெற்றி பெற வாழ்த்துக்கள் to surya anna fans......,0,tamil
என்னோட சொந்த பணத்தை போட்டு குறைந்தது 100 பேரை பார்க்க வைப்பேன்.....,0,tamil
உங்கள பார்த்தா சிரிப்பு போலிஸ் மாதி இருக்கு,1,tamil
அவுங்கவுங்க வீட்டு பொண்ணு அவுங்கவுங்க வீட்டுக்கு முக்கியம் அதுக்காக எந்த எல்லைக்கு போகலாம் திரெளபதி திரைப்படம் வெற்றி பெற வாழ்த்துக்கள்...,0,tamil
அடுத்த தலைமுறைக்கு மாற்றங்கள் மிக அருகில்  அருமையான மெய்சிலிர்க்கும் வார்த்தைகள்...,0,tamil
Marana Waiting Anna படம் வெற்றி பெற வாழ்த்துக்கள்,0,tamil
இந்த படத்தில் வருவது போன்ற நாடக காதலால் பாதிக்கப்பட்ட உயிரை விட்ட  எமது முத்தரையர் சமுதாயத்தின் பெற்றோர்களுக்கு இந்த படம் சமர்பனம் ஆகட்டும் வருங்காலத்தில் எமது பேரரசர் முத்தரையர் சமுதாய பெண்களின் மற்றும் அணைத்து தமிழர் குடி பெண்களுக்கும் இது போன்ற நாடக காதலில் சிக்காமல் இருக்க வருங்கால பெற்றோர்கள் உயிரை விடாமல் இருக்க இது ஒரு விழிப்புணர்வு படமாக காவியமாக அமையட்டும்      வாழ்க வளர்க ஓங்குக தமிழ்&தமிழ்நாடு&தமிழின் புகழ்  வாழ்க வளர்க ஓங்குக பேரரசர் முத்தரையர் சமுதாயம் ' புகழ் ஓங்குக திரௌபதியை வருக வருக என வரவேற்கிறோம் welcome to throwbathi WE ARE WAITING FOR THROWBATHI,0,tamil
சத்தியமா சொல்றே மரண ஹிட் அடிக்கும் படம் இது,0,tamil
வன்னிய இன மக்கள் கூரையிலும் குடிசையிலும் கிடக்கிறார்கள் அதை சரி செய்ய முடியவில்லை உங்களுக்கு சாதி படம் கூத்தா. வன்னியர்களுக்கு மானம் எல்லாம் பெண்கள் பெண்கள் பெண்கள் சமாசாரம் மட்டும்தானா . உங்களால் தமிழ்நாட்டில் சாதிப் பிரச்சினையைத் தவிர வேறு ஏதாவது பயன் உண்டோ,0,tamil
யூடியூப்ல ஹாஹா ரியாக்ஷன் இல்லை என ஃபீல் பண்ணிய தருணம் சகோ,0,tamil
இருக்கு... படத்துல சிறப்பான தரமான சம்பவங்கள் இருக்கு,0,tamil
தூத்துக்குடி நாடார் சமுதாய மக்கள் சார்ப்பாக படம் வெற்றியடைய வாழ்த்துக்கள்,0,tamil
இது சும்மா ட்ரைலர் தா மா மெயின் பிக்சர #வெயிட்டா காட்டுவோம்,0,tamil
இலங்கையில் காணப்படும் மிகவும் அழகான பாடசாலை  Must watch,0,tamil
"நான் திருநெல்வேலி நாடார் பொண்ணு,என்னையும் ஒரு சிறுத்தைகுட்டி காதலித்தது நானும் சற்று ஏமாற பார்த்தேன். அதன் பிறகுதான் தெரிந்தது அவன் காதலித்தது என்னை இல்லை என் முலம் வரும்  பணத்தை ....ஒரு நாள் செருப்பால் அடித்தேன் அதன் பிறகு என் பின்னால் வரவில்லை.",1,tamil
வர வர தமிழ் பெயரே வைக்க மாடிகிருங்க ஆங்கிலம் பெயர் அதிகமா இருக்கு நம்ம படத்துல,1,tamil
அம்பேத்கார் என் பூலு .. பர் தேவிடியா பசங்க,1,tamil
ஹீரோ 10 பொண்ணுங்கள Love பண்ணி 100 பேரை அடிச்சு நம்மளை மண்டை காய வைக்கிற Movie இது இல்லை ....இது உண்மையாகவே நகைச்சுவையான சூப்பரான சூப்பரான சூப்பரான படம் ....எல்லாரும் பார்க்கணும்,1,tamil
விருதுநகர்--நாடார் சார்பாக படம் வெற்றி பெற வாழ்த்துக்கள்......!,0,tamil
ஒட்டுமொத்த ராஜகம்பளத்து நாயக்கர் சமுதாயத்தின் சார்பாக படம் வெற்றிபெற வாழ்த்துக்கள்,0,tamil
எல்லா டப்பிங் படங்களுக்கும் ஹீரோவுக்கு ஒரே நபர் தான்  டப்பிங் பேசுவார் போல ஆட்களை மாற்றிவித்தியாசமாக பண்ணலாம்,1,tamil
இப்படியே இன்னும் 20 வருடம் சாதி கொண்டு வாங்க??????? அப்புறம் என்னடா நடக்கும் உலகம் அழிச்சுடும்,1,tamil
வன்னியர் குல சத்ரியன் தெய்வம் திரௌபதி,0,tamil
"பெண் பிள்ளை பெத்த ஏந்த அப்பனும் இந்த படத்த வேண்டாம் என்று சொல்ல மாட்டான்.we support ,thanks mogan G",0,tamil
#அகமுடையர் சேர்வை சார்பாக படம் வெற்றிபெற வாழ்த்துக்கள்,0,tamil
"நான் பில்டப் கொடுக்கவில்லை, தானாக இப்படி ஆகிவிட்டது",0,tamil
Comment படிக்கும் போது தான் தெரிகிறது 85% முட்டாள்கள் நாம் சமுகத்தில் இன்னும் இருக்கிறார்கள் என்று.,1,tamil
இப்போ பாருங்களேன்   இங்க ஒவ்வொருவருக்கும் விதமான பைத்தியம் அவனுக்கு பொண்ணுங்க மேல பைத்தியம்னு எவனாவது Meme போட்டுருப்பான்,1,tamil
மக்களிடம் பறியெறும் பெருமாள் படங்களின் மூலம் நமது சமுதாயத்தை தவறான முறையில் காட்டினார்கள்..  அவர்கள் எல்லோர்கும் இந்த படம் ஓட விட்டு அடிக்கும்... மோகன் ஜீ அவர்களுக்கு வாழ்த்துகள்...,1,tamil
நாடக காதல் செய்து  பிஞ்சு மனதில் நஞ்சை கலக்கும் கூட்டம்🧟 இவர்களை பதம் பார்க்க வருகிறாள் #திரௌபதி,0,tamil
நாகபதனி மக்கள் சார்பாக படம் வெற்றி பெற வாழ்த்துகள்,0,tamil
கொய்யால எங்க தலைவரையும் கிண்டல் பன்னி இருக்கிங்களா...... ஆனா நல்லா தான் இருக்கு,1,tamil
சங்கி பக்தாள் தேவிடியா பையலுக கதறுவானுங்க இது தான் நாங்க ஆண்டி இந்தியன்ஸ்....,1,tamil
சும்மா இருந்த சங்குவ ஊதி கெடுத்தானா கதையா.. ஜாதி சண்டையை தூண்டி விடும் படி படம் எடுத்து வச்சிருக்கான் பரதேசி தூ...... எப்படியோ நீ சம்பாதிச்சா போதும்.. அதுக்கு எதாவது வேற தொழில் பாருடா மானங்கெட்ட வனே.,1,tamil
"பார்க்க இவ்வளவு பேர் இருந்தும், படம் வெற்றி பெறாமைக்கு காரணம், media தான்,  ஆனால், நீங்க எப்பவும் வெற்றி தான்",0,tamil
#திரௌபதி தீப்பற்றி எரிகிறாள் #பல லட்சம் பார்வையாளர்களை கடந்து மாஸ் காட்டுகிறது டிரைலர்.! #படக்குழுவினருக்கு யாதவ சமுதாயம் சார்பாக  வாழ்த்துக்கள்.!!,0,tamil
ஒவ்வொருத்தருக்கும் ஒவ்வொரு பைத்தியம். நமக்கு யுவன் னா.,0,tamil
"கடலூர் மாவட்டம் சார்பாக,படம் மிக பெரிய வெற்றி பெற, வாழ்த்துகிறேன்,இப்படிக் கடலூர் மாவட்டம் தல வெரியர்கல் கு௫ப்ஸ்",0,tamil
டேய் நடிச்சா மட்டும் போதாது..அந்த படம் திரைக்கு வர கொஞ்சமாவது உதவி செய்ய வேண்டும்.  GYPSYயை தான் கேட்கிறேன்...போயி ராஜு முருகனுக்கு உதவி செய்! இந்த மாதிரி இயக்குநர் தான் உன்னை ஒரு முழு நடிகனாக தொடரச் செய்கிறார்கள். அதை மனதில் வைத்துக்கொண்டு போயீ  GYPSY வெளி வர உதவி செய்.,1,tamil
பொள்ளாச்சி சம்பவத்துல இந்த பொங்கலெல்லாம் காணுமே?? ஆண்ட பெரும பேசுறவனுங்க கைவச்ச பொங்கதோ உங்க அருவா?,1,tamil
திண்டிவனம் வன்னியர் சங்கம் சார்பாக .. இத்திரைப்படம் வெற்றி பெற வாழ்த்துக்கள்,0,tamil
அடங்க மறு செய்யின்ன அறு குருப் 🤣🤣,0,tamil
எந்த ட்ரைலர் சிறந்தது  பிசாசு விருப்பம்  சைக்கோ பதிவிடுங்கள்,1,tamil
"இந்த ஜாதி வெறிக்கெல்லாம் பிராமிணர்கள் தான் காரணம் . அவனுக்கு எதிர்ப்பாக அனைத்து ஜாதியினரும் ஒன்று திரண்டு மனித ஜாதியை மற்றும் பார்த்து கல்யாணம் செய்து கொள்ளாமல் தங்களுக்குள்ளே அடித்துக்கொள்கிறார்கள் .  SV சேகர், எச்ச ராஜா மற்றும் குருமூர்த்தி போன்றவர்கள் ஆனந்தமாக இருப்பார்கள்!",1,tamil
உண்மையில் நடந்த சம்பவங்களை வைத்து எடுத்த கதைப்போன்று உள்ளது  இனியாவது திருந்துங்கடா சாதிகள் உள்ளதடி பாப்பா ...,0,tamil
"ஒரு  தேர்வுக்கு கூட Sc st க்கு No fees .., ஆனால் மத்தவுங்களுக்கு ₹800…₹900 என்ன கொடும சார்....",0,tamil
உதய நீதி வாழ்வில் இது முக்கியமான படமாக அமையும் என்பதில் சந்தேகமில்லை,0,tamil
அச்சம் தவிர் தலைவா உச்சம் தொடுவாய் .....  முக்குலத்தோர் மக்கள் நாங்கள் இருக்கிறோம்  கொண்டாட காத்திருக்கும் விரைவில் வெளியீடுங்க,0,tamil
அடப்பாவிங்கள.....இதை...போய்...கபாலி  கூட   compare   பன்றிகளே....?  கபாலி    teaser  ஓரம்   கூட......   பைரவ  டீஸர்   வராது...!  waste..!,1,tamil
"தயாரிப்பாளர் மற்றும் இயக்குனர் அவர்களுக்கு அன்பான வேண்டுகோள்.. வங்கி கணக்கு எண் விவரத்தை இங்கே தெரிவிக்கவும்... என்னை போன்று வெளி மாநிலம் ,வெளி நாடுகளில் வேலை செய்வோர் படம் பார்க்க முடியவில்லை என்றாலும் அதற்கு உண்டான தொகையை  உங்களுக்கு அனுப்பி எங்கள் ஆதரவை தருகிறோம்....",0,tamil
தமிழ் நாட்டுக்கு முக்கியமான ஒரு. ஒரு விழிப்புணர்வு இருக்கும். அதுவும் பெண்கள் மத்தியில் இது ரொம்ப ரொம்ப விழிப்புணர்வு கொண்டு வந்து தரும் இந்த மூவி அதுவரை வசனங்கள் புல்லா அப்படித்தான் இருக்கு  அது லாமா தமிழ்நாட்டில் அதிகமாக நாடக காதல் எல்லாம் அதிகமா இருக்கு அதாவது ரியல் லைஃப்ல நடக்கிறதே தெரியல கொண்ட நகரங்கள் அனைவரும் இந்த படத்தை அது முக்கியமா பெண்கள் கட்டாயம்,0,tamil
இன்னும் அந்த சில கருப்பு சட்டை குரூப் ட்ரோல் பண்ணி மத்தவங்கள வெறி ஏத்தினு இருக்காங்க...,1,tamil
தன் வீட்டு பெண்ணை ஏமாற்றும் நாய்களுக்கு இந்தப் படம் செருப்படி,1,tamil
பொன்னியின் செல்வனின் மறு உருவாக்கம்.... நல்லாயிருக்கு...,0,tamil
"2020ல் எதையாவது சாதிக்கணும் நினைங்க, சாதியை தூக்கி பிடிக்காதிங்க... ஒரு நாள் நீ சாலை விபத்தில் அடிபட்டா முதலில் வந்து உன்ன தூக்குறவன் உன் சாதிக்காரன் இருக்கமாட்டான்.",0,tamil
சமுத்திர கனி அண்ணனோட எந்த படமானாலும் சமுகத்தில் எல்லார்க்கும் ஒரு புது உண்ணர்வு கொடுக்கிறது.நம்மளால முடிஞ்ச வரைக்கும் சமுகத்தில் ஏதாவது மதன்னும் என்று நினைக்கிறவர்தான் சமுத்திர கன்னி அண்ணன். அண்ணனோட இந்த படத்திலேயும் நல்ல சோசியல் மெசேஜ் இருக்கும் என்று நாங்க எதிர் பாக்கிறேம்.இந்த படம் மிக பெரிய வெற்றியடைய என்னோட வாழ்த்துக்கள் அண்ணா,0,tamil
இந்த படத்தை இரண்டு முறையாவது பாக்கனும் I AM WAITING,0,tamil
தளபதி மாறி அரசியல் படம் எடுத்தாவது ... நல்ல படமா கொடுங்க.. surya... sir.. trailer super..,0,tamil
"கப்பு கிடைக்காம செத்து பேயா வந்து, விளையாடி கப்பு அடிப்பா பாரு     JADA வெற்றி பெற வாழ்த்துக்கள்",0,tamil
இப்படத்தை திரையிடுவதில் பிரச்சனை ஏதேனும் வந்தால் YouTube லேயே திரையிடுங்கள் என்னோட குடும்பத்தில் இருக்கும் 5 பேரின் டிக்கட் காசுகளையும் (with GST) நீங்கள் சொல்லும் Account numberku படம் திரையிடும் முன்பே அனுப்பி விடுகிறேன்.,0,tamil
நல்லா தான் இருக்கு எதுக்கு இவ்வளவு விவாதம் ????? புரியவில்லை...,0,tamil
"சூர்யாவின் நடிப்பு சற்று கூர்மையாகி விட்டதுனு நல்லாவே தெரியுது, காத்திருப்போம்  #Suriya #selvaragavan #Yuvan",0,tamil
அகில இந்திய பார்வேட் பிளாக் சார்பாக மாபெரும் வெற்றி பெற்ற வாழ்த்துக்கள்,0,tamil
கண்டிப்பா சொல்றேன் இந்த படம் எடுத்த வேண்டும் இதை வாங்கி வைத்தவனும் பத்து ரூபாய் சம்பாதிக்க மாட்டீங்க ஞாபகம் வச்சுக்கோ இந்த படம் வேணும் திரையிட போவதுமில்லை பாருங்கடா,1,tamil
இதுக்கு பேர் டிரெய்லர்.நீங்க நம்பலன்னாலும் அதான் நெசம்,0,tamil
முத்துராமலிங்கம் தேவர் முக்குலத்தோர் சார்பாக மனமார்ந்த வெற்றி பெற வாழ்த்துகள்...........,0,tamil
"நாடகக் காதல் கும்பல், 200 ரூபாய் பரம்பரை கொத்தடிமை ஊபிஸ் &  சொரியான் groupsக்கு சரியான செருப்படி.  இவனும் இனிமேல் அடுத்த ஜாதி பெண்களை யோசிக்க கூட கூடாது",1,tamil
இந்தப் படம் மிகப் பெரிய அளவில் வெற்றி பெற செய்வோம் வன்னியன்டா பாட்டாளி மக்கள் கட்சி,0,tamil
சூர்யா ரசிகர்கள் சார்பாக படம் வெற்றி பெற வாழ்த்துக்கள்,0,tamil
இவந்தான் சிரிச்சிட்டு இருக்கான் நமக்கு சிரிப்பு வர மாட்டுது,0,tamil
சத்திரியன் டா எனக்கு இந்த படத்தில் பிடித்த  சீன் நா,0,tamil
NGK இந்த ஆண்டின் மிகப்பெரிய BLOCKBUSTER. அதுல எந்த சந்தேகமும் இல்லை. Selva sir is back with his own style,0,tamil
"விருது நகர் மாவட்ட முக்குலத்தோர், நாடார், யாதவர் சார்பாக வாழ்த்துக்கள்",0,tamil
இன்றய காலகட்டத்தில் ஒவ்வொருவரும் ஜாதிவேறுபாடு பார்க்காமல் அனைவருடனும் பேசி நண்பர்களாக இருக்கிறார்கள். அப்படியிருக்க ஒருவர் பரியேறும் பெருமாள் நல்ல படம் என அனைத்து நண்பர்களுடனும் கூறி மகிழ முடியாது. ஏனென்றால் அந்த படத்தினால் ஒரு சில நண்பர்கள் காயப்பட்டிருப்பார்கள். அதேபோல திரௌபதி படமும் இருக்கும் எனவே தமிழர்களாகிய நாம் அனைவரும் பிற ஜாதியை தாழ்த்தியும் தன் ஜாதியை உயர்த்தியும் வரும் படங்களை வெறுப்பதே சிறந்தது,0,tamil
ஜெயம் ரவி ஒரு அருமையான நடிகர். படம் வெற்றி பெற வாழ்த்துககள்.... படம் ஹிட் தான் உறுதி......,0,tamil
கோமா லி  மீதி படம் குடுனா? இதுதாண்டா படம்! 🤣,0,tamil
திருநெல்வேலி நாடார் சங்கங்கள் சார்பாக படம் வெற்றி அடைய வாழ்த்துகள்....,0,tamil
அனைத்து மூப்பனார் சார்பாக இப்படம் வெற்றி அடைய வாழ்த்துக்கள் இப்படியும் படம் எடுக்க முடியும் என்று எடுத்து காமித்த டைரக்டர்க்கு உள்ளம் கனிந்த நன்றி நன்றி நன்றி,0,tamil
"நாடகக் காதல்.....  குடும்பத்தோட பொண்ணு வீட்டுக்கு போய், வசதி வாய்ப்பை பார்த்து எவ்ளோ பணம் தேறும்,  நகை தேரும்,  சொத்து  பத்து தேறும்னு கணக்கு போட்டு கல்யானம் பண்ணி, ரெண்டு நாளோ மூனு நாளோ பார்த்தவன்/வ கூட அன்னிக்கி நைட்டே படுக்கறதுக்கு  பேரு தான் நாடகக் காதல்.",1,tamil
"தமிழ் சினிமா இயக்குனர்கள் மற்றும் தயாரிப்பாளர்கள் சாதி, மதம் சார்ந்த படம் எடுத்து தமிழர்களை தமிழ்நாட்டில் பிரிவினை ஏற்படுத்தாதிர்கள்  PLEASE இப்படிக்கு:-                        தமிழன்",0,tamil
தல அஜித் அவர்களின் 25 வருட திரைப்பயணத்தின் கடின உழைப்பை முற்றிலும் பிரதிபலிக்கிறது இந்த இரண்டரை நிமிட முன்னோட்டம். விவேகம் குழுவிற்கு எமது வாழ்த்துக்கள்.,0,tamil
என் உறைவுகளை பார்க்கையில் மிக்க மகிழ்ச்சி அடைகிறேன் .இப்படம் என்னை பெருமை பட வைத்தது .வன்னியர் குலா ஷத்ரியர்கள் யார் என்று உலகிற்கு எடுத்துரைப்போம். வாழ்க வன்னியர் குளம்.,0,tamil
Like and Dislike லே தமிழகத்தில் யாரு வெயிட்டுனு தெரியுதுடா.,1,tamil
சொல்ல வார்தைகள் இல்லை... படம் ரிலீஸ் ஆகாம எவனாச்சும் ஏதாவது பன்னட்டும்... த்தா தமிழ்நாடே கலவரம் ஆகிடும்,1,tamil
"பொண்ண பெத்தவனுக்கு தாண்டா அந்த வலி தெரியும்.  எவனாவது எங்க வீட்டு பொண்ணுங்க  மேல கை வச்சீங்க  எங்க குலசாமி மாவீரன் காடுவெட்டியார் குரு  சொன்ன மாரி எவனா இருந்தாலும் வெட்டுவோம்.இந்த படத்துக்கு எவனாவது பிரச்சனை பண்ணி பாருங்கடா, ஓத்தா எல்லா சத்ரிய சாதி காரனும்   கெளம்புவோம்.       -ஆலத்திப்பள்ளம் வன்னியர் சங்கம், அரியலூர் மாவட்டம்.    படம் வெற்றி உறுதி",1,tamil
சாதிகள் உள்ளதடி பாப்பா....நீங்க எல்லோரும் குண்டு அசுரன் கபாலி மெட்ராஸ் காலா என்று கீழ்சாதி பெருமையை கூறினால் அந்த படம் சமுகப்படம் .....திரௌபதி என்று மேல்சாதி பெருமையை கூறினால் அந்த படம் சாதிப்படமா ? நான் இப்ப சொல்றடா நா மேல் சாதிகாரன்டா நா வன்னியர் குல சத்திரியன் டா நா ஆண்ட பரம்பரை டா..... நீ படம் எடுத்தா சமுகம் நா எடுத்தா சாதி  அப்படினா இன்னும் நூறு படம் எடுப்போம் டா ...பொண்ணை பெத்தவன் சார்பாக படம் சென்றடைய வாழ்த்துகள் ......,0,tamil
கெக்க புக்க ஷார்ட் பிலிம் ஓட copy மாதிரி இருக்கு,1,tamil
சிதம்பரம் வன்னியர்கள் சார்பாக வாழ்த்துக்கள் யாரு வேணா வரட்டும் திரௌபதி மிரட்டும்,0,tamil
# திரௌபதி ரசிகர்படையே... இதோ வாரான்டா # கர்ணன்,0,tamil
அரியலூர் சார்பாக படம் வெற்றி அடைய வாழ்த்துகள்,0,tamil
நண்பா ....ஜாதி ..ஒழிக்கனும்னு படம் எடுக்கலாம்ல ஏன் எல்லாரையும் ..ஒரே முகமா பக்கா உங்களுக்கு ஏன் கஸ்டமா இருக்கு....ஜாதி பேர சொல்லி. பேசி .ஏன் எங்களுக்குள்ள .இருக்க கொஞ்ச நஞ்ச அன்பையும் கெடுத்து விட்டுருவிங்க போல,0,tamil
வாழ்த்துக்கள் இயக்குனர் மற்றும் நடிகர்களுக்கு ஒரு தைரியமான முயற்சி #திரௌபதி சிறப்பு,0,tamil
எங்களுக்கு நடந்த ஒரு உண்மையை சொன்னா மட்டும் ஏன் மத்தவங்க ஏத்துக்க மாட்டேங்குறாங்க,0,tamil
தாய் தமிழகத்தில் மலையாளத்தை தாய்மொழியாக கொண்டு வாழ்ந்துவரும்  தமிழர்களின் சார்பாக இந்தப்படம் வெற்றி பெற எனது இதயம் கனிந்த வாழ்த்துக்கள்... தமிழ் வாழ்க வெல்க ..,0,tamil
"சினிமா பயித்தியம் புடிச்ச நாயிகளா,உங்களால தான் தமிழ்நாடு அரசியல் கெட்டு கெடக்கு.",1,tamil
தீரன் சின்னமலைகவுண்டர் பேரவையின் சார்பாக படம் வெற்றியடைய வாழ்த்துகிறோம்,0,tamil
செம்ம செம்ம செம்ம பா !! அட்டகாசம்... தெறி!!,0,tamil
நெல்லை  மாவட்டம்  மறவர்  சமுதாயம்  சார்பாக  வெற்றி பெற  வாழ்த்துகள்,0,tamil
"...அருமையான முன்னோட்டம், திண்டுக்கல் மாவட்டம் சேர்வை -ன்  சார்பாக படம் வெற்றி பெற வாழ்த்துக்கள்...",0,tamil
குருமா பாய்ஸ்க்கு செருப்படி  ... ஆற்காடு முதலியார் சமூகத்தின் சார்பாக திரைப்படம் வெற்றி பெற வாழ்த்துக்கள்,1,tamil
செங்கல்பட்டு மாவட்ட  பெரும்பக்கம் வன்னியர் சார்பாக  இப்படம்  வெற்றி அனைத்து  சமூக சார்பாகவும்.   வாழ்த்துக்கள்.   இன்னும் இதைபோன்று    அதிக     படம்   எடுக்க  வேண்டும்   தவறுகளை சய்துவிட்டு  தாழ்த்தப்பட்டவர் என்று கூரி தப்பிபவருக்கு  அதற்கு உரிய தன்டனைகள் கிடைக்க வேண்டும்,0,tamil
இதை ஏன் சாதி ரீதியாக தான் எடுக்க வேண்டுமா இது போன்ற சாதிய படங்களை தடை செய்வதே நல்லது இதை சொல்கிற நான் தேவர் சமூகத்தை சார்ந்தவன்,0,tamil
அடங்க மறு அத்துமிறு குருமாகான் தீவிரவாத விசிக கு செருப்படி ஜாதி வெறி தெருமாவளவன் 🤣🤣,1,tamil
இப்படி ஒரு படம் வந்திற்கு மகிழ்ச்சி அடைகிறேன்,0,tamil
தேவேந்திரகுலவேளாளர்      பள்ளர் பள்ளியர்,0,tamil
இந்த படத்தோட டைரக்டர் Oru 90's கிட்ட தான் இருப்பாரு,1,tamil
பொன்ன ஒழுங்கா வளத தெரில  உங்க குடும்பம் ஒழுங்கா  இருந்த தன உங்க பொண்ணு ஒழுங்கா இறுபா.  நைட்ல திருட்டு ஒளு ஒக்கர குடும்பம் தானே ?,1,tamil
"கள்ளர், மறவர் , அகமுடையார் , சார்பாக படம் வெற்றி அடைய வாழ்த்துகள்",0,tamil
திருவண்ணாமலை மாவட்டம் விஸ்வ பிராமணர் (ஆச்சாரியார்) சார்பாக இப்படம் வெற்றியடைய வாழ்த்துக்கள்.....,0,tamil
வன்னியர் தேசம் என்று பேர்கொண்ட  தருமபுரி..மாவட்ட . வன்னியர்கள்  சார்பாக மனமார்ந்த வாழ்த்துக்கள் ..,0,tamil
நாடக காதல் செல்லுர நாய்கள பெண் ஒலுங்க வழங்கட என்தன்   பசங்க பெண்ணுகாள ஏமாந்து நலும் ஒரு பெண்ணு சரியா இருந்த பேதும் ட,1,tamil
இந்த படத்துல  நித்தியா  என்ன ஆக போகுதுன்னு  தெறியல,1,tamil
"வரும் கால உலகம் முஸ்லீம்களை சுற்றித்தான். முஸ்லீம்கள் இல்லாமல் உலகத் தேர்தல் இல்லை, அரசியல் இல்லை. மூன்றாம் உலகப் போரும் முஸ்லீம்களால் தான். அவர்கள் முடித்து வைப்பார்கள்.",0,tamil
நான் இதுவரைக்கும் 100 தடவைக்கு மேல் பார்த்த ஓரே டிரைலர்,0,tamil
திருநெல்வேலி தேவர் சமுதாயம் சார்பில் படம் வெற்றி பெற வாழ்த்துக்கள்,0,tamil
எங்களுக்கு மண்ணும் பெண்ணும் ரொம்ப முக்கியம் அதுல யாரு கைய வச்சாலும் கைய வெட்டுவோம்,1,tamil
ஏன்டா இப்டி! ஏதோ Avengers trailer பாத்த மாதிரியே இருந்துச்சு,0,tamil
இதை விட கேவலமாக ஒரு டிரைலர் நான் பார்த்ததில்லை,1,tamil
"ஃபுர் ஃபுர் நகர் மோட்டு-பட்லு, சிங்கம் சார், கசகசா, டாக்டர் ஜட்கா, ஜான் ஆவான் டான் மற்றும் No.1, No.2 சார்பாக வாழ்த்துகள்...;)",0,tamil
திரௌபதி தமிழ் மக்களின் வாழ்க்கையை உணர்த்தும் படம்  உண்மை சம்பவம்  சாதி படம் அல்ல  பெண் குழந்தைகள்  எப்படி ஏமாற்ற படுகிறது  என்று உணர்த்தும் வகையில் உள்ளது மோகன் ஜி,0,tamil
"நாடக காதல் செய்ய தூண்டும் #vck  திருமா,ரஞ்சித்,அதியமான் போன்ற நாய்களுக்கு செருப்படி...கலப்பு காதலித்தால் , வெட்டி வீசுவோம்...திரௌபதி வெற்றி பெற கவுண்டர் சமுதாயம் சார்பாக வாழ்த்துக்கள்...",1,tamil
ஜெயலலிதா வும் waste இந்த படமும் waste.,1,tamil
"இதுல ஜாதியே mention பன்னல அதுக்குள்ள குருமா குரூப்க்கு கோவம் வருது , எவ்ளோ தான் நீங்க முன்னேறினாலும் உங்க புத்தி மட்டும் மாறாது டா, chai!!!!",1,tamil
ம்ம்ம் நல்ல கதையா இருக்கு.... படம் நல்லா இருக்கும்னு நினைக்கிறேன்...,0,tamil
விஜய் சேதுபதி காகவே இந்த படத்துக்கு போவேன் ஃபர்ஸ்ட் நாள் ஃபர்ஸ்ட் ஷோ பார்ப்பேன்,0,tamil
யோவ்  என்னய்யா  டிரைலர் பாத்ததுக்கே கன்னாபின்னானு இரத்தம் சூடேறுது🤭த்தா,0,tamil
"படம் வெற்றி அடைய வன்னியர்கள் வாழ்துக்கள்,,,,  எங்க ஜாதி பொன்னுங்கள கட்ட சொன்ன உங்க அண்ணனுக்கு , கட்டுர உங்க உயிர் மேல அக்கரை இல்லை,,,, நீங்க உங்க ஜாதி பொன்னுங்கள கட்டு இல்ல கூத்தடி, எங்களுக்கு ஒரு பிரச்சனையும் இல்லை,,,,,  மீறி எங்க ஜாதி பொன்னுங்கள கட்டனும்முனு நினைக்குறது தான் தப்பு,,,,,, அதனால உங்கள கொள்ளுரது தப்பே இல்லை,,,,, கட்டனா, வெட்டுவோம்.......",1,tamil
"நாகை மாவட்டம், நான் பிள்ளை சமூகம்.வ வு சி  படம் வெற்றி அடைய வாழ்த்துக்கள்",0,tamil
யாதவர்/ இடையார் / ஆயர்/ கோணார்  குலம் சார்பாக.. இப்படம் வெற்றியடய வாழ்த்துகள்,0,tamil
"#2.3M_பேர்_பார்த்து இருக்கும் நிலையில்  #151000_பேர்_மகிழ்ச்சிய இருக்கும் போது வெறும் #10000_நாயிங்களுக்கு மட்டும் கோவம் வருதுனா , அப்போ எங்கயே தப்பு இருக்குனு #அர்த்தம்...  #திரௌபதி",1,tamil
"திருநெல்வேலி சீமை கோவில்பட்டி வீர நாயக்கர் இனத்தின் சார்பாக வாழ்த்துக்கள்..,",0,tamil
மிஷ்கின் சார் நீங்க வேறலெவல் கிரயேட்டர்...,0,tamil
மிஷ்கின் நல்ல இயக்குனர் ஆணால் நாடகமே வாழ்க்கையாக வைத்து இருக்கும் நாதாரி நாய் உதயநிதி அவனையும் கதாநாயகனாக நடிக்க வைத்து விட்டார் மிஷ்கின் பாவம்,1,tamil
போராடுறது தப்புனா போராடுற சூழ்நிலைய உருவாக்குறதும் தப்புதான்.,0,tamil
சேலம் மாவட்டம் ஓமலூர் வட்டம் மூங்கில்படி கிராமம் சேனைகவுண்டனூர் வீர சத்ரியன் சார்பாக வீர வன்னியன் சார்பாக இப்படம் வெற்றிபெற வாழ்த்துக்கள் நன்றி,0,tamil
ஜாதிகள் இல்லையடி பாப்பா என்று சொல்லிய இந்த மாநிலத்தில் ஜாதிகள் இருக்கு என்று சொல்லி நமது ஒற்றுமையும் சாகோதரதுவத்தையும் பிரித்து நீ வேறு நான் வேறு உன் ரத்தம் சிகப்பு என் ரத்தம் பச்சை என்று சொல்வது எவ்வளவு கேவலம் ஜாதி இல்லாமல் ஒற்றுமைய நினைத்து பாருங்கள்  நம் நாட்டின் வளர்ச்சியை!!!,0,tamil
குருமாவளவன் மற்றும் விசிக பொறுக்கிகள் செய்யும் ஈன செயல்களுக்கு ஏழை பாவப்பட்ட பறையர் சமுதாயத்தை விமர்சிக்க வேண்டாம் நண்பர்களே Appreciate the movie!!,1,tamil
கொங்கு வேளாளர் கவுண்டர் சமூகம் சார்பாக படம் வெற்றி பெற வாழ்த்துக்கள்,0,tamil
இது என்ன கதை னு புரியவே இல்லையே,1,tamil
இன்னும் படமே ரீலிசாகலை..ட்ரெயிலரை வச்சி படத்தை தடை பன்னனும்னு சொல்ற அளவுலதான் இங்க கருத்துரிமை சுதந்திரம் இருக்கு.. ச்சீ,0,tamil
"சாதி இல்லம்பானுக, ஆனா பட்டியல் இனத்துக்குள்ளயே சம்பந்தம் வச்சிக்க மாட்டானுக.. இந்த குருமா, ரஞ்சித் குஞ்சுகள்.. கேட்டா அடுத்த சாதி பொண்ணுகள கட்டி சாதிய ஒழிப்பாய்ங்களாம்..",1,tamil
தட்டானுக்கு சட்டை போட்டால் குட்டை பயன் கட்டையால் அடிப்பான்  சூர்யா,1,tamil
திரெளபதி திரைப்படம் வெற்றி பெற வாழ்த்துக்கள் அண்ணா,0,tamil
மணி ஸாரோட  எல்லா படங்களையும் மிக்ஸ் பண்றாப்ல இருக்கு.. lighting as usual,0,tamil
ஜாதி விட்டு ஜாதி காதல் பண்ணா நாடக காதலா அட முட்டாள் பசங்களா   முட்டாள் கூட்டம் தான்டா நீங்க,0,tamil
ஒரே ஒரு ஓசி சோறு குருப் மட்டும் இந்த படத்துக்கு எதிரா கதறும்..அது தான் நாடக காதல் கும்பல்..அவங்கள கதற வைக்கவே இந்த படம்..கண்டிப்பா எல்லோரும் சேர்ந்து மாஸ் ஹிட் ஆக்கனும் இந்த படத்தை..,1,tamil
இயக்குநர் மோகன் ஜி அவர்களுக்கு மனமார்ந்த பாராட்டுக்கள்,0,tamil
அருமையான வசனம் உண்மையை உறக்க சொன்ன இயக்குனர் அண்ணா மோகன் அவர்ளின் தைரியத்தை பாராட்ட வேண்டும் நாடக காதலால் எத்தனை குடும்பம் அழிந்துள்ளது பெண்பிள்ளைளுக்கு வாழ்வின் நெறிளையும் நம்சாதியின் பெருமைளையும் சொல்லி வளர்க்க வேண்டும்,0,tamil
"never ever give up ,அபூர்வ சகோதரர்கள் டப் பன்னி மெர்சல்னு வைச்சவனுக கதருவானுக",1,tamil
ஹல்லோ ஆயுத எழுத்து பார்ட் 2 வா,0,tamil
வாழ்த்துக்கள் பட குழுவினர்களுக்கு பலர் சொல்ல தயங்கியதை தைரியமாக சொல்லி உள்ளீர்கள் நானும் பொண்ணை பெற்றவன் என்பதால் இந்த படத்திற்கு முழு ஆதரவு தருவோம்,0,tamil
சாதி மாறி திருமணம் செய்யும் நம் வீட்டுப் பெண்களையும் ரோட்டில் கட்டி வெட்டுவோம்,1,tamil
தமிழ்நாட்டில் மாற்று மொழி பேசும் அனைத்து மக்கள் சார்பில் படம் வெற்றி பெற வாத்துக்கள்..,0,tamil
இனி ஒவ்வொரு பெண்ணும் வீரமங்கை வேலுநாச்சியாராக இருக்க வேண்டும்... கணவனை காதலியுங்கள் கண்ட கண்ட பன்றிகளை பார்த்தவுடன் ஒதுங்கி விடுங்கள்.,1,tamil
ராஜா Sir க்கு அவரது இசையை மற்றவர் உபயோகிப்பது பிடிக்காதே?,0,tamil
மண்டை காஞ்சி போய் இருக்குர ...செம்ம வார்த்தை... பாண்டிச்சேரில இந்தபடம்  நல்ல முறையில் திரைக்கு வந்து நல்ல வெற்றி பெற வாழ்த்துக்கள்...150 முறைக்கு மேல் டிரைலர் பார்த்தேன்...சீக்கிரம் படம் ரீலீஸ் பன்னுங்க மோகன் அண்ணா..,0,tamil
டேய்... என்னடா  பொசுக்குன்னு  ஒரு  பெரிய  மனுசன  அசிங்கப்படுத்திட்டீங்க ?,1,tamil
நாங்க அடங்க மறுப்போம் இருக்கிறவங்கள பாப்போம் சொன்னா நான் சொல்றேன் நீ இந்த பொட்ட மாதிரி பேசிட்டு போகாத மீசைய உருகி விடுற மீசைய முறுக்கி விட்டவன் எல்லாம் வீரப்பன் ஆக முடியாது,1,tamil
இப்படம் வெள்ளி விழா காண சேலம் வன்னியர்கள் சார்பாக வாழ்துகிறோம்,0,tamil
ஜாதி எங்கே இருந்து வந்தது என்று பார் நாய்களா..........,1,tamil
மண்ணும் பொண்ணும் ரெண்டும் முக்கியம் அதுல எது மேல கையவச்சாலும் கைய வெட்டுவோம்....,1,tamil
ஜானி சின்ஸ் பரம்பரை சார்பாக வாழ்த்துகளும் ஆதரவுகளும்....,0,tamil
எங்களுக்கு மண்ணு பொண்ணு ரெண்டும் முக்கியம் அதில யார் கைய வச்சாலும் வெட்டுவோம்,1,tamil
சசிகுமார் சிரிப்புக்கு எத்தனை ரசிகர்கள் உள்ளிர்கள்....,0,tamil
தமிழ்நாட்ல ஏற்கனவே இருக்கற பிறச்சனை போதாதாடா...இப்படிலாம் படம் எடுக்கசொல்லி யாருடா கேட்டா???,0,tamil
நீயும் தமிழன் தான்.  நம் தமிழ்நாட்டில்  தலித் என்ற சொல்லுகே இடம்  இல்லை. தவறு யார் செய்தாலும் தவறு தான். எல்லா தமிழ் சமூகதிலும்  நல்லவனும் உண்டு கெட்டவனும் உண்டு. இனி தமிழ் நாட்டில் நல்லவர்கள் மட்டும் வாழட்டும் நல்ல தமிழன் மட்டும் ஆளட்டும். நல்ல தமிழன் (சதியால் நம்மை பிரிக்காத ஒரு நல்ல தமிழன் ),0,tamil
தேவதையே வந்தாலும் எங்களுக்கு தேவையில்லை தேவேந்திரகுலவேளாளர் பொண்ணே போதும் எங்களுக்கு. படம் வெற்றிபெற வாழ்த்துகள்,0,tamil
"திரௌபதி படம் வெற்றி பெற  வெள்ளாளர்கள் சார்பாக வாழ்த்துகளை தெரிவித்து கொள்கிறோம்!!! திரௌபதி படம் பள்ளர், பறையர், சக்கிலியர்களுக்கு எதிரானது கிடையாது!! உங்களை தவறாக வழிநடத்தும் உங்கள் தலைவர்கள் என சொல்லி கொள்பவர்களுக்கும், அவர்களின் அமைப்பு மற்றும் கட்சிகளுக்கும் எதிரானதாகும்!!!!",0,tamil
வெறித்தனமா இருக்கு  தரமான சம்பவம் வரபோகுது #காத்திருப்போம்,0,tamil
எப்ப பாத்தாலும் தாடி வச்சிட்டு நடிக்கிற.... Bore அடிக்குது...ஓரு படத்திலையாச்சு தாடியை வழிச்சிட்டு நடி..,0,tamil
ராஜ மன்னார்குடி சார்பாக movie வெற்றி பெற வாழ்த்துக்கள்....... mafia gangster........தேவர் பேரவை,0,tamil
"ரிச்சர்ட், நல்ல  re-entry. கதை நல்லா இருக்கும் போல இருக்கு... நிச்சயம் theatar ல தான் போய் பார்க்கணும்",0,tamil
இந்துக்கள் சார்பாக படம் வெற்றிபெற வாழ்த்துக்கள் !,0,tamil
குருமா குஞ்சுக்கோ இப்போ அளருவாக பாரு கமட் ல,1,tamil
கம்மவார் சங்கம் கம்மநாயுடு எழுச்சி பேரவை நாயுடு நாயக்கர் பேரவை தமிழ்நாடு கம்மவர் சங்கம் அனைத்தும் இந்த திரவுபதி வளத்தை வாழ்த்துகிறோம் இதுபோல மென்மேலும் பயன்பெறுமாறு சமுதாயத்திற்கு விழிப்புணர்வு ஏற்படுத்துமாறு கேட்டுக்கொள்கிறோம் மேலும் எங்களது சமுதாய மக்கள் அனைவரும் இந்த படத்தை பார்க்க ஏற்பாடு செய்வோம் வாழ்த்துக்கள்,0,tamil
விருதுநகர் மாவட்ட தேவர் சமுதாயம் சார்பாக வாழ்த்துகள்,0,tamil
"டேய் அடிமை புண்டைங்களா ஏன்டா கதறுரிங்க, தான் வீட்டு பொண்ண வேற சாதிக்காரன் கூட்டிகிட்டு போறானா அவனுக்கு மாமா வேலை பார்த்து பல்ல காட்டிகிட்டு நிக்க நாங்க ஒன்னும் உங்கள மாதிரி ஈனசாதிப் புண்டைல பொறக்கல, ஜெய்பீம் சுன்னி பீம் னு சொல்றதெல்லாம் இங்க வச்சுக்காதிங்க,   இத்தனை வருசம் நாங்க சொல்றத கைகட்டி வாய்பொத்தி கேட்ட உங்களுக்கே இவ்ளோ திமிருப்புண்ட இருந்தா உங்கள அடக்கி ஆண்ட எங்களுக்கு எவ்ளோ திமிரு இருக்கும்....",1,tamil
"நீங்க சீண்டிட்டுருக்கறது தூங்கிட்ருக்குற புலிய, அது பாய ரொம்பநேரம் ஆகாது  உங்கள்மீதிருக்கும் அளவுகடந்த நம்பிக்கையில்தான் இந்த வரிகள் வசனமாக்கப்பட்டிருக்கிறது எமதருமை இளையசமுதாயமே. உறுதியாய் ஒருநாள் ஒன்றுசேர்ந்து வென்றெடுப்பீர்கள்",0,tamil
தரமான... கல்வி .... கல்விக்கேற்ற வேலை வாய்ப்பு... அதை கொண்டு பொருளாதார நிலை உயர்வு...  அத விட்டு போட்டு... அடுத்த சாதி பொண்ண கல்யாணம் பண்ணாதான் முன்னேற முடியும்... சொல்ற... சில லூசு கூமுட்டைகள்... திருந்த வேண்டும்...  கலப்பு திருமணத்துக்கு எதிரான பதிவு இது இல்ல... கலப்பு திருமணம் செய்யும் இளைஞர்கள்... தங்களை பெற்று வளர்த்த பெற்றோரின் சம்மதத்தோடு... திருமணம் செய்யுங்கள்.  நன்றி.,0,tamil
"இந்த படத்தோட short filmயாரு பாத்து இருக்கிங்க, அதுவே தரமா இருக்கும், you tubeல இருக்கு,",0,tamil
நாடக காதல் ஓகே ஆனா இதை பொள்ளாச்சி கற்பழிப்ப பத்தி பேசுங்க சேர்,0,tamil
தன் ஜாதியை வைத்து பிச்சை  எடுக்கும் எச்சைகள் பார்த்து கதற வேண்டிய படம்.. #வாழ்த்துக்கள் #திரௌபதி #team,0,tamil
மனித மிருகங்களை வேரோடு களையெடுக்க வருகிறது திரௌபதி      இன்னும் பல லட்சம் மக்கள் பார்வையில் விழிப்புணர்வு விதைகளை விதைப்போம்....,0,tamil
தப்பு செய்ய கூடாது அதுக்கான படம் தான் இது தப்பு செஞ்சா உனக்கு சங்கு ரெடியா இருக்கும்,0,tamil
சூப்பர் அன்ணன் சிங்கம் சூர்யா ரசிகன்டா,0,tamil
"அனைத்து சமுதாய சொந்தங்களே இவன் மாவீரன் காடுவெட்டியார் பாசாறை  செந்தாரப்பட்டி கோட்டை ,சேலம் ஜில்லா",0,tamil
இங்கயுமடா ஜாதி கருத்து  உங்கள திருத்த முடியும் நினைக்ர இந்த படம் மூலம் .,0,tamil
"மனிதன், நிமர் உதயநிதி நடித்த சிறந்த படங்கள், ஆனாலும் அது லிஸ்ட்ல வராது,  என்எனில் அது ரிமேக் படம்,   இது ஒரிசனல் படம்,  அதனால் இது தான் பேஸ்ட்,  உதயநிதி படத்தில் இளையராஜா இசை.  பின்னனி இசையே இப்படி என்றால்..  தாறுமாறு தான",0,tamil
யாரெல்லாம் இந்த படத்த எதிர்க்கராங்கலோ அந்த நாய்களுக்குதா இந்த படம் வாழ்த்துக்கள் மோகன்,1,tamil
நீ என்ன பெரிய வசூல் மன்னனா?  விஜய்னா: தெரில்லா அப்டித்தான் பேசிக்கிறாங்க. யாரு?  என் பேன்ஸ்தான்,1,tamil
Only for மிஷ்கின் காக மட்டுமே ......🥰,0,tamil
சாதி வெறி தலைவிரித்து ஆடும் இந்த நாடும் நாட்டு மக்களும் நாசமாய் போகட்டும்..,1,tamil
எங்களின் மனக்குமுறலை படமாக எடுத்த MOHAN JI கு நன்றி,0,tamil
திருநெல்வேலி மாவட்ட சைவ வேளாளர் மற்றும் அனைத்து வேளாளர் வெள்ளாளர் சார்பாக வாழ்த்துக்கள்...,0,tamil
பேரன்பு... அருமையான படைப்பு... நிச்சயம் அரங்கில் காண ஆவல்,0,tamil
நீங்களும் தமிழ் தமிழ்நாட்டு நலன் மக்கள் பிரச்சினை பத்தி படம் எடுத்துட்டு கடைசியாக  இந்த கரு.பழனியப்பன் சமுத்திரகனி போல காசுக்காக  திமுக பக்கம்   ஓடிடாதீங்க,1,tamil
அண்ணர் சென்தமிலன் சீமான் கண் முன் காண்டவர்கள் லைக் பொடுங்க...  Talk and write like thambis...,0,tamil
படம் ரொம்ப ஹிட் ஆக வேண்டுமானால்   மறுமலர்ச்சி படத்தில் வருவது போல ஒரு பாடல் வேண்டும்,0,tamil
அனைத்து நாடார்கள் சார்பாக இந்த படம் வெற்றி பெற வாழ்த்துக்கள்,0,tamil
தஞ்சை முத்தரையர் வம்சத்தின் சார்பாக மனதார வாழ்த்துகிறோம். பிறந்த பொன்னாட்டுக்கும் கூட  பிறந்த பெண்ணுக்காகவும் எதையும் செய்வோம்.,0,tamil
திருநெல்வேலி பகுதியைச் சார்ந்த நாடார் சமூகத்தைச் சார்ந்த மக்களின் சார்பாக இத் திரைப்படம் மிகப்பெரிய வெற்றியை அடைய எல்லாம் வல்ல இறைவனை பிரார்த்திக்கிறேன்...,0,tamil
"மோகன் அண்ணா... ஒவ்வொரு பின்னூட்டத்தையும் படித்தேன்  வன்னியர், முக்குலத்தோர், முத்தரையர், கொங்கு கவுண்டர், நாடார், பள்ளர், உடையார், செட்டியார்...Etc போன்ற அனைத்து சமூகத்தினரும் தங்கள் ஆதரவை தெரிவித்துள்ளனர்",0,tamil
துளுவ வெள்ளாளர் சார்பாக  திரௌபதி வெற்றி பெற வாழ்த்துக்கள்,0,tamil
இது போல ஆயிரம் ஜாதியாக துண்டு துண்டாக இருந்த தேசத்தை இந்தியா வாக சேர்த்த மொகலாயர்களை கண்டு வியக்குறேன்,0,tamil
ஜாதிகள் இல்லையடி பாப்பா சொன்ன பாரதியார் எங்கப்பா காணோம்,0,tamil
தர்மபுரி கொங்கு வேளாளர் கவுண்டர் சார்பாக திரைப்படம் வெற்றியடைய வாழ்த்துகள்.................,0,tamil
திரௌபதி போல எல்லா பொண்ணுங்களும் நாடக காதல் புரியும் எச்ச நாய்களை இனம் கண்டு செருப்பால் அடிக்க வேண்டும்... ஒரு தந்தையின் குமுறல் ..,0,tamil
தல வெறியர்களோ விசய்யின் மெர்சல் டிசரை குறைந்தது 100கே டிஸ் லய்க்காச்சும் போடனும் தல ரத்தங்களோ,0,tamil
சிவகங்கை யாதவர் சங்கம் சார்பாக படம் வெற்றி பெற வாழ்த்துக்கள்,0,tamil
நிச்சயம் இப்படித்தான் படம் எடுக்கனும்னு பணமும் கொடுத்து திரைக்கதையும் எழுதி கொடுத்து எவரோ ஆட்டுவித்திருக்கிறார்கள்.. சமூகத்தை அடி ஆழம் வரை கீறி பகைமையை வளர்க்க உருவாக்க பட்டிருக்கும் படம்.. ஆபத்தான தும் கூட..,1,tamil
"BGM விக்ரம் வேதா படத்த ஞாபகப்படுத்துதே....  தரரரரரரரா, தரரரரரரா....",0,tamil
கதிரின் பிகில் Unseen Footage தான் ஜடா..,0,tamil
சமுகத்தில் மிகப்பெரிய மாற்றத்தை திரௌபதி திரைப்படம் ஏற்படுத்தும் போல தெரிகிறது,0,tamil
இதில் என்ன தப்பு இருக்கிறது ரஞ்சித் போன்றோர் தலித் அரசியல் பேசும் திரைப்படத்தை எடுக்கும் பொழுது மற்றவர்கள ஏன் எடுக்கக் கூடாது?,0,tamil
தெறி மாஸ் திரௌபதி வாழ்த்துகள் மோகன் சத்ரியன் அண்ணா,0,tamil
"இந்த சாதி அரிப்பெடுத்த இயக்குனர் கிறுக்கு பயல் மோகனை கட்டி வைத்து ஒண்ணா இருக்க கத்துக்கணும் ( படத்த 100 முறை போட்டு காமிக்கவும், அப்போவாவது இவருக்கும் குடிசை கொளுத்தி கும்பலுக்கும் புத்தி வருதானு பாப்போம் 🤦‍🤦‍🤦‍",1,tamil
இன்னும் கொஞ்ச நாளில் மிஷ்கின் மனநோயால் பாதிக்கபட்டு சிகிச்சை எடுக்கவேண்டி வரும் போல் இருக்கு.,1,tamil
தயவு செய்து அப்பாகள் மகள்களை இந்த படத்தை கண்டிப்பா பார்க்க சொல்லுங்க,0,tamil
தமிழ்நாட்ல இவ்ளோ ஜாதி வெறி புடிச்ச எச்ச நாய்ங்க இருக்குன்னு இப்ப தான் தெரியுது... சாதி தான் சமூகம் என்றால் வீசும் காற்றில் விஷம் பரவட்டும்...,1,tamil
கமுதி மேலராமநதி தேவேந்திரகுல மக்கள் சார்பாக வாழ்த்துக்கள்,0,tamil
"சின்ன வயசுல ஒரு ஏரில குளிப்போம் ல அங்க போலாம் டா... அது மேல தான் இப்போ நடந்து போய்ட்டு இருக்கோம்...,",1,tamil
இத்தன பேரா? இவ்வளவு நாளா எங்கடா ஓழிஞ்சிட்டு இருந்தீங்க?,1,tamil
"நீ 1996 ல் தலைவர் அவர்கள் நான் அரசியலுக்கு வருவது உறுதி என்று இது போல் டிவி ல் சொல்லியதை நிருப்பித்தால் நான் இனி ஆன்லைன் வருவதை நிறுத்தி விடுகிறேன், இல்லையென்றால் நீ சினிமா உலகத்தை விட்டு போய் விட தயாரா",1,tamil
"எவன் எதை சொன்னாலும் யோசிக்காதீர், அருமையா இருக்கு படம் ட்ரைலர்   கேட்கிறவன் எல்லாம் கீழேதான் இருக்கான்,பேசுறவன் மட்டும் மேல இருக்கான் ஆனா ரெண்டு பேரும் ஒன்னு சொல்லுவாங்க   தலைவனை நம்பி தரிசாகப் போகும் இந்த ஜாதிகள் .....",0,tamil
தங்க நகை ஆசாரிகள் சார்பாக  வாழ்த்துக்கள்... விஸ்கர்மா சாதி... கோவிலில் இருக்கும் அனைத்து தாயார் சன்னதிக்கும் தங்க நகை செய்யும் பரம்பரை.. சுத்தம் மற்றும் ஆச்சாரமே எங்கள் உயிர்.... நன்றி.... அனைத்து சாதிகளுக்கும் நன்றி ((கீழ் சாதிகளை தவிர )),0,tamil
பெண்ணும் மண்ணும் ஒன்று தான் எங்களுக்கு... சரியான வசனம்.. ஆனால் மண் இப்போது யாரிடம் உள்ளது..? அனைத்து சாதியினரும் மண் விசயத்தில் கோட்டை விட்ட கோழைகளாக மாறி இருப்பது தான் இன்றைய அவலம்... ஒன்று பட்டு மண்ணை காப்பாற்றுங்கள்... இருக்கும் எந்த கட்சியும் சரி இல்லை என்றால் புதிதாக ஒன்றை உருவாக்கி உங்கள் மண்ணை நீங்களே ஆளுங்கள்...   ஒன்று மட்டும் சொல்கிறேன்.. சாதியாக நீங்கள் பிரிந்தால் ஒருபோதும் இதை சாதிக்க முடியாது... தமிழராய் ஒன்று படுங்கள்...,0,tamil
அட நாய்களே படம் sc சமுகத்திற்கு எதிராக மட்டுமே அல்ல பிராமணருக்கு அடுத்த யாரு உடையாருக்கு அடுத்த பிள்ளைமாரு செட்டியார் தேவன் கவுண்டன் அவரவர் கிழே இருக்குற வருக்கும் என நினைத்தால் புரியும்  ஏன் புன்னாக்கு,1,tamil
எங்கள் அண்ணன் உதயநிதி ஸ்டாலின் வாழ்த்துக்கள்,0,tamil
திரைப்படம் வெற்றி பெற தமிழர் குடிகள் சார்பாக மனமார்ந்த வாழ்த்துக்கள்,0,tamil
பல கோமாளிகள் சேர்ந்தாலும் அசுரனை ஆட்ட முடியாது டே..ன் டடட்டட டே..ன் டட டன் டடன்,1,tamil
ஏதோ ஒரு சம்பவம் இருக்கு.. அது மட்டும் நல்லா தெரியுது..,0,tamil
கொங்கு நாட்டு கவுண்டர் பாடம் வெற்றி பெற வாழ்த்துக்கள்.,0,tamil
சமுதாயம் காப்பதே சத்ரிய தர்மம்  திரௌபதி வெற்றி பெற வாழ்த்துக்கள்,0,tamil
"தமிழக வரலாற்றில்,  முதல் (1) இடம் பிடித்த திரைப்படம் ..?  திரெளபதி",0,tamil
அனைத்து சமுதாய மக்களும் இப்படத்தை வாழ்த்து தெரிவித்தனர்    ஒரு சமுதாயம் தவற நாடக காதல் கும்பல்,0,tamil
அடுத்த புதுப்பேட்டைனு நினைக்கிறே.... சூர்யா sir  வேர..... படம் வேர  level ல இருக்க போகுதுங்குரதுல சந்தேகமே இல்ல..... யுவன் Bgm ppppa..... சாய்பல்லவிக்கு பதிலா வேர யார் சரி  try பண்ணிருக்களாம்.. it's ok  எப்படியும் சூர்யா sir கு scoop இருக்கும்......  Waiting the movie....... N.G.K......,0,tamil
திண்டுக்கல் மாவட்ட சந்தானம் தலைமை நற்பணி மன்றம் சார்பாக திரைப்படம் வெற்றிபெற வாழ்த்துக்கள்,0,tamil
வன்னியர் சார்பாக படம் வெற்றி பெற வாழ்த்துக்கள்,0,tamil
திரெளபதி படக்குழுவினருக்கு செங்குந்தர் இளைஞர் பேரவை சார்பாக மனமார்ந்த நன்றிகளையும் வாழ்த்துக்களையும் தெரிவித்துக் கொள்கிறோம்,0,tamil
இந்த நாய் எலெக்ஷன் அப்போ தெரு தெருவா கத்தினு இருந்துச்சு இப்ப இங்க வந்துஇருக்குது 🤣,1,tamil
படம் வெற்றி பெற  நாமக்கல் கொங்கு வேளாளர் சார்பாக வாழ்த்துக்கள்......,0,tamil
டேய் உதயநிதி ...இப்பதாண்டா உனக்கு ஏத்த title கிடைச்சிருக்கு ......,1,tamil
கமெண்ட் எல்லாம் பார்த்த சிரிப்பு தான் வருது ஆமா திரௌபதி குரூப் செக்ஸ் வெச்சிக்கிட்டவங்க தானே எப்படி தியேட்டரில் படம் வரும்,1,tamil
"வெறி நாய்கள் இந்த வீடியோ பார்த்து கதறுமாரு கேட்டு கொள்கிறேன்..உங்களுக்கான தரமான செருப்படி இந்த லிங்க் இல் உள்ளது,",1,tamil
அது ஏண்டா தல குரல் இவ்வளவு கேவலமா இருக்கு நம்ம பங்கு சிவா படத்தில் மட்டும்,1,tamil
என்ன சமுத்திரகனி சுந்தர் சி ககு டப் கொடுத்தீங்க போல... கார் பறக்கிறது...,1,tamil
"என்னாடா இவ்ளோ ஜாதிகள் வாழ்த்து போட்டு இருக்கிங்க , இந்த படமே ஜாதிகளா அழிக்க தானே !!!!",0,tamil
வன்னியர் சமுதாயம் அனைத்து மக்கலும் வேண்டுகிறோம் இப்படம் வெற்றி பெற வாழ்த்துக்கள் . ராணிபேட்டை மாவட்டம்,0,tamil
"காணொளியில் பின் வருவது பீத்தோவனின் இசை இதற்கு இளையராஜா எப்படி சம்மதித்தார் ?என தெரியவில்லை. அதீத சத்தம் இல்லை ,வசனம் இல்லை  BEETHOVEN MUSIC & GATE ஐ இழுத்து மூடும் சப்தம் இவை மட்டுமே TRAILERல் இசைத்து மிரட்டி இருக்கிறார். பரபரப்பான காட்சிகள் நிறைய இருப்பினும் DIRECTOR சிங்கம் புலியை காட்டிய விதம், சிறுவர்களுடன் பலூன் வைத்து குதூகலிக்கும் கோமாளி ,இரு சிறிய நாய்குட்டிகள்,WATCH MECHANISEM,கள்ளிச்செடி  பூந்தொட்டி என ஏகப்ட்ட குறியீடுகள் வைத்து அசத்தி விட்டார் மிஷ்கின். இவை தான் என்னை 10முறை தாண்டியும் தொடர்ந்து பார்க்க வைக்கிறது.",0,tamil
யாரெல்லாம் இது அரசியல் படம் எதிர் பாத்து வந்திங்க...நட்பே துணை ending பாத்து...,0,tamil
எப்படிடா இந்த சாய் பல்லவியை ரசிக்கிறிங்க? கன்னம் முழுக்க ரத்த காயம் பட்டது போல் உள்ளதே? யாராவது ஒரு நல்ல ஆன்டி பயாடிக் கிரீம் ஒன்றை இந்த பெண்ணுக்கு கொடுங்க.,1,tamil
இந்த படம் மிகப்பெரிய வெற்றியாகும்.இதை பேசுறதுக்கே தனி தைரியம் வேணும்யா.hatsoff to the whole team.,0,tamil
தேவாங்க செட்டியார் சமுதாயத்தினர் சார்பாக படம் வெற்றியடைய வாழ்த்துகள்,0,tamil
நாடக காதலுக்கு சரியான சவுக்கடி  திரவுபதி,1,tamil
எல்லா சாதிகளையும் அடிமையாக சூத்திரனாக வைத்து இருந்த பிராமணர் சமுதாயம் சார்பாக வாழ்த்துக்கள் .,0,tamil
நாடார் சமூகத்தினர் சார்பாக திரௌபதி படம் மாபெரும் வெற்றி அடைய வாழ்த்துக்கள்,0,tamil
இயற்கையா உருவாகுர தண்ணிய எனதுனு சொல்ட்ர உரிமைய யார் கொடுத்தா?? #Suryabestwords,0,tamil
மரண மாஸ் நாடக கத்தோல் கும்பலுக்கு நல்லா செருப்படி,1,tamil
திரை உலகில் முதல் இடத்தில் இருந்தும் விளம்பரத்தில் நடிக்காத நபர் விஜயகாந்தும் கூட,0,tamil
இந்த படம் மூலமாக 90'skids வாழ்க்கைய பார்க்க முடியம்,0,tamil
திரெளபதி வெற்றி வீர வன்னியரின் சரித்திரம் வெல்லட்டும் வீரம் படையாச்சி திரெளபதி,0,tamil
மார்னிங் ட்ரெய்லர் பார்க்க வந்தவங்க ஒரு லைக் போடுங்க,0,tamil
கும்பகோணம் வன்னியர் சங்கம் சார்பில் படம் வெற்றி பெற வாழ்த்துக்கள்.,0,tamil
மண்ணு பொண்ணு ரெண்டும் ஒன்னுதான் யார் மேல கை வச்சாலும் சும்மா இருக்க மாட்டோம்  வசனமெல்லாம் நல்லாதான் இருக்கு பொள்ளாச்சி போன்ற பாலியல் குற்ற சம்பவங்கள் நடக்கும்போது ஆதிக்க சாதி தலைவர்கள் என்ன பண்ணிங்க  இப்பே அவனுங்க ஜாமின்.வாங்கி வெளியதான்.சுத்துரானுங்க அரசாங்க.திட்டத்தால் அப்பாவி மக்களின் நிலம் கையகபடுத்தப்படுகிறது அப்போ என்ன பண்ணிங்க சாதி வெறிய தூண்டுற வெண்ணைங்க நீங்க எப்போ திருந்துறிங்களோ அப்போதான் நாடு திருந்தும்  என்னோட இந்த கருத்து அனைத்து சாதியினருக்கும் சேர்த்துதான்,0,tamil
பரியேறும் பெருமாள் படம் வரும்போது அது உங்களுக்கு சாதி வெறியா தெரியல ஆனா இப்போ இந்த படம் உங்களுக்கு சாதி வெறிய தெரியுமா???? என்னடா நியாயம்  i support this film,1,tamil
பார்ககவகுல மக்கள் சார்பாக திரௌபதி திரைப்படம் மாபெரும் வெற்றிபெற என் மனமார்ந்த வாழ்த்துகள்,0,tamil
டிரைலருக்கு கே கதறல் னா  படம் வந்தா செத்துருவானுக போல.... படம் தெறிக்கவிடப்போகுது....... படம் வெற்றி பெற வாழ்த்துக்கள் ......,1,tamil
வெறித்தனம் overload,0,tamil
திரௌபதி வந்தா நாடக்காதல் கும்பம் ஓடி ஒழியும்,0,tamil
இதுதான் ஒரிஜனல்  சர்க்கார்.  உண்மையிலேயே நாம்  சுதந்திரத்த பிரிட்டிஷ் காரங்ககிட்ட இருந்து வாங்கி அரசியல்வாதிகள்ட கொடுத்திருக்கோம்.,0,tamil
சோட்ட பீம்ல வர்ர டுன்டுனா ஆன்டி மாதிரி இருக்கு இது அம்மாவா!!!!!,1,tamil
வேர லெவல் வேர.வேரவேர மாதிரி அன்னா நீங்க,0,tamil
பிகில்'னு மொக்க படத்துல கதிர்'ர நடிக்க வைக்கனு கூட்டினு போயீ ... பொம்மை போல உக்கார வச்சுடானுவோ எச்சைங்க   இந்த படத்துல கதிர் சம்பவம் இருக்கு,0,tamil
நீண்ட நாளாக எதிர்பார்த்த (உண்மைக்கதை)#FLIM சோதனைகளை கடந்து சாதனை படைக்க வாழ்த்துக்கள்..,0,tamil
வீரபட்டிய கட்டபொம்மன்  வம்சம் சார்பாக படம் வெற்றி பெற வாழ்த்துக்கள் திருநெல்வேலி காரன் லா,0,tamil
நாடார் சமூகம் சார்பாக படம் வெற்றியடைய வாழ்த்துக்கள்.,0,tamil
ஆமாண்டா உங்களுக்கு தலைவர் இல்லமா படம் எடுக்க முடியாது நீயல்லாம் ஒரு ஆளு லூசு.... கோபமா பேசும் போது லேடீஸ் வாய்ஸ் வருது உனக்கு மொத அதை சரி பண்ணு..... அவர் ஏஜ் உனக்கு வரும் போது எந்த ஹீரோ க்கு அப்பா வா நடிக்க போறியோ.....,1,tamil
"மோகன் செம கூட்டி கொடுத்த வரலாறை மறைத்து ஊம்பி பெருத்தவன் என்பதை நிரூபித்துவிட்டாய்,வாழ்த்துகள் மோகன் directer",1,tamil
எங்க  இருந்த ராஜா இவ்ளோ நாளா.. மாஸ் bgm,0,tamil
என்ன டா இது மணிரத்னம் சார் படம் மாதிரி தெரியலையே,1,tamil
தமிழனை தமிழனை வைத்து அழிங்கிர சூழ்ச்சிதான்  இது.......சாதி......பா.ரஞ்சித் எதிர் மோகன்.....ஒரு நாள் எல்லா தமிழ் சமுகமும் கண்ணிர் விடும்....தன்னை தானே அழித்துகொண்டோம் என்று....,1,tamil
கோத்தாலக்க... நேக்கா ஜாதி சண்டையை கமெண்ட் டப்பாலா ஆரம்பிச்சு விட்டாய்ங்க...,1,tamil
கதிர்வேல் தர்மபுரி மாவட்டம் இத்திரைப்படம் மாபெரும் வெற்றியடைய வாழ்த்துகிறோம் நம் வன்னியர் சமூகத்தினர் அனைவரும் இத்திரைப்படத்தை காண வாருங்கள்,0,tamil
அது என்னடா சாய் பல்லவி கன்னத்துல சிவப்பா,1,tamil
சிறந்த    செய்க இனிமே தான் இருக்கு,0,tamil
திரெளபதி படம் மூலம் அனைத்து பிற்படுத்தப்பட்ட சமூகமும் சகோதரத்துவமாக சேர்ந்து உள்ளனர்.\r \r இதனால் வரும்காலங்களில் அனைத்து பிற்படுத்தப்பட்ட சமூக தலைவர்களும் இந்திய முழுவதும் ஒன்றிணைத்து நாடக காதல் கலப்பு திருமணத்த சட்டப்படி தடைச்செய்து.நாடக காதல் கும்பலை தண்டிக்க நாடாளுமன்றத்தில் நடவடிக்கை  எடுக்க வேண்டும்.,0,tamil
அவ்ளோ தான்.. தியேட்டர்க்கு போறவங்க மூளை பெரிதாகி காது வழியாக வழியப் போகுது....,1,tamil
பொள்ளாச்சி பெண்கள் வன்முறை எதிர்ப்பு படமாக இந்த படத்தை பார்க்கிறேன். அங்கே நடந்ததும் நாடக காதல் தான்,0,tamil
நான் சிரித்தாள் வெற்றிபெற சிம்பு ரசிகர் மன்றம் சார்பாக வாழ்த்துக்கள்,0,tamil
இது வேரா லெவல் ஒத்த இந்த அணில் குஞ்சி தம்பிங்க எல்லாம் ஓரமா போய் விளையாட்டுங்க டா தமிழ் சினிமாவின் அடுத்து கட்டம் ஆரம்பம் வாழ்த்துக்கள் தல,1,tamil
உண்மையான காதலை யாரும் எதிர்க்கவில்லை.. இரு வீட்டார் சம்மதம் இருந்தால் கல்யாணம் பண்ணி வாழுங்கள் உண்மையாக..   விருப்பம் இல்லா காதல் பல பிரச்சனைகளை தரும் குடும்பத்தில்... இதை விட மோசமானது நாடககாதல் என்னும் பெயரில் பெண்களை ஏமாற்றுவது அது எந்த சமுகம் செய்தாலும் குற்றமே அதை திரையில் தைரியமாக காட்டும் இயக்குனார் அவர்களுக்கு ஒவ்வொரு பெண் குழந்தையையும் தெய்வமாக பார்க்கும் அனைவரும் வாழ்த்தி இப்படத்தை தனது பெண் பிள்ளைகளுக்கு காட்டி விழிப்புணர்வு செய்ய வேண்டும்.....,0,tamil
யாரெல்லாம் Comds வந்து இந்த படத்தை பத்தி அசிங்கமா பேசுரனோ.....ஒம்மல ஓக்க அவன்தான் ... நாடக காதல் ......,1,tamil
ஒட்டுமாெத்த தேவேந்திரர்களின் சார்பாக படம் மாபெரும் வெற்றியடைய வாழ்த்துக்கள்,0,tamil
comments'லாம் பார்த்தா... படம் பொங்கல்'கு ரிலீஸ் ஆனா தர்பார் கே பயங்கர tough கொடுக்கும் போலையே....,0,tamil
எல்லா புள்ளிங்களுக்கும் கொஞ்சம் பயம் வந்துருக்கும் போலயே.. புள்ளிங்க எல்லாமே இந்த நாட்டோட சாபக்கேடு..,1,tamil
"தி௫மாவளவன் மற்றும் ரஞ்சித் நாடகக்காதல் பயிற்சி பட்டறை வழிகாட்டுதலின்படி,   வன்னியர் பெண்களை காதலித்து  கவுண்டர் பெண்களை தி௫மணம் செய்து  முதலியார் பெண்களை கட்டியனணத்து  ஜாதியை ஒழிக்க போவதாக உறுதி மொழி ஏற்று நகர்ந்தார், அந்த நீல சட்டை அணிந்த சரக்கு மிடுக்கு தோழர்.",1,tamil
அடேய் என்ன டா எங்களை மாதிரியே என்ன நடந்தாலும் சிரிக்குற மாதிரி ட்ரெய்லர் விட்டு இருக்கீங்க,0,tamil
மராட்டி ஷிவாஜி ஹெய்க்வாட்ட வச்சு செஞ்சூட்டிங்க  செம்ம,1,tamil
நாடக காதல் ஒரு குறிப்பிட்ட சமூகம் சார்ந்தது அல்ல வென்று🤔  முகநூல்..இன்ஷ்டா..ட்விட்டர்  போன்ற சமூகவளைதளம் சார்ந்தது அதை பெண் பிள்ளைகளிடம் ஒழிப்பது   தான் நன்று...🤗  என்று  குறிஞ்சி..முல்லை.. மருதம்..நெய்தல் சார்பாக வாழ்த்துக்கள...,0,tamil
யாருடா நாடக காதல் குரூப்பூ... ஓஓஓ இப்ப கூட  ரோஜா என்ற பொண்ண நாடக காதல் பண்ணி கொண்ணாணுங்களே அவனுங்களா.... இல்ல பொள்ளாச்சி ல நாடக காதல் பண்ணி அட்டூழியம் பண்ணாணுங்களே அவனுங்களா இருக்குமோ அப்ப சரி அப்ப சரி....மொதல்ல உங்க சூத்த ஒழுங்கா கலுவுங்கடா... மொத்த பயலுவலு வந்துட்டானுங்க ஜாதிய தூக்கிட்டு.... என்னைக்குடா சக மனுசன நேசுச்சு மனுசனா வாழப்போரோம்....  உண்மையிலே ரோஜா என்ற பொன்ன கொன்ன நாடக்காதல் குருப்புக்கும் ...பொள்ளாச்சி நாடக காதல் குரூப்புக்பும் இந்தப்படம் சவுக்கடிதான்... மல்லாக்க படுத்துக்குட்டு நல்லா துப்பிக்கிங்கல...,1,tamil
விஜய் ரசிகர்கள் சார்பாக இத்திரைப்படம் வெற்றி பெற வாழ்த்துக்கள்,0,tamil
நாடக காதலுக்கு முற்றுபுள்ளி வைக்கும் விதத்தில் திரைபடம் அமைந்துள்ளது... ஆப்பநாடு மறவர் சார்பாக திரைபடம் வெற்றி பெற வாழ்த்துக்கள் ....,0,tamil
அரசியலில் கால் தடம் பதிக்க சூர்யாவின் முதற்கட்ட நகர்வு....நல்லவன் அரசியல் வருவது தப்பு இல்லை!!!!,0,tamil
அட கொடூரமே...   //இதுக்கு குயீன் எவ்வளவோ மேல்,1,tamil
படம் வெற்றி பெற சம்புவராயர் மகரிஷி நண்பர்கள் அனைவரின் சார்பாக வாழ்த்துக்கள் ~தென்காசி மாவட்டம்(நெல்லை சீமை),0,tamil
நா அரசியலுக்கு வருவது உறுதி vera level,0,tamil
தமிழ் நாட்டில் சாதி சண்டை தீரும்~ஆதி 🤣🤣🤣🤣🤣🤣🤣🤣🤣,0,tamil
நான் தேவர் சமூகத்தை சேர்ந்தவன் நாடக காதலை ஒழித்து கட்ட இந்த படம் வெள்ளி விழா கான வாழ்த்துகிறேன் நண்பா,0,tamil
Augest Month தல படம் வருது பாத்து...,0,tamil
"வாணிய செட்டியார் சமுதாயம் சார்பாக வாழ்த்துக்கள் .  இந்த டிரெயிலர் ல பார்த்துட்டு எல்லா சாதி காரனும் சும்மா இருக்கான்,ஆனால் இந்த குருமா குரூப்ஸ் மட்டும் இப்படி கதருது🤔",1,tamil
இதை சொன்னது எந்த வாய்? நீங்க அடிச்சா copy  இல்லையா ?,1,tamil
அறிவீழியகளா  ஜாதியை ஒழிக்கிறேன்ற பேர்ல படம் எடுத்து   இன்னும் ஜாதி வெறிய தூண்டதான் செய்றிங்க உங்க அரசியல் இன்னும் பலருக்கு தெரியல,1,tamil
அருமை அவனுகள அடிச்சு ஊம்பவிடனும் தேவுடியா பசங்க பொம்பள பொறிக்கி புன்டமவனுக,1,tamil
தன் சமூகத்தின் மீது அக்கறை கொண்ட படைப்புகளை உருவாக்குபவனே நல்ல படைப்பாளி.... வெறுமனே வியாபரத்திற்காக மட்டுமே படம் எடுப்பவன்/நடிப்பவன் வெறும் வியாபாரியே? அவர்களால் இந்த சமூகத்திற்கு எதுவும் நடக்க போவதில்லை... இதையெல்லாம் முண்ணனி நடிகர்கள் எப்பொழுது தான் உணர போகிறார்கள் என்று தெரியவில்லை....,1,tamil
இப்படி ஒரு படம் எடுக்க துணிந்ததற்கு பாராட்டுக்கள்.,0,tamil
நாடக காதலை கிழித்தெறியும் மோகன் ஜி அவர்களுக்கு வாழ்த்துக்கள்....,0,tamil
கதறல் சத்தம் காது குளிர கேக்குதுடா......  கூமுட்டை  குருமா.....,1,tamil
தேவேந்திர குல வேளாளர் சமூகத்தினர் சார்பாகவும் வாழ்த்துக்கள்,0,tamil
4M என்ற இலக்கை அடைய இன்னும் ஒரு லட்சம் பார்வையாளர்களை சென்றடைய வேண்டும்.. இது நடந்தால் ஒரு கூட்டு முயற்சி திரைப்படத்திற்கான இமாலய சாதனையாக கருதப்படும்.. #திரெளபதி ட்ரைலர்,0,tamil
திருப்பத்தூர் மாவட்டம் வன்னியர் குல சத்ரியர்கள் சார்பாக வாழ்த்துக்கள்,0,tamil
அய்யயோ....எனக்கென்னமோ கடல் பார்ட்-2 மாறியே தெரியுது . குடல் கலங்குது . மணி என் தலைவன் ...இருந்தாலும் சொம்பு -வ எல்லாம் உள்ள இறக்குறத  பார்த்தா கடல்-2 மாறி இருக்குமோ ? கடவுளே என் செல்ல 'மணிய ' காப்பாத்து .  நெல்சன் மாறி ஒரு டைரக்டர் எடுக்குற வேட்டை மன்னன் படத்துல நடிக்கவே நம்மாளுக்கு  வலிக்குது.,1,tamil
ஒத்தா குருமா தம்பிங்க வாயில வச்சுக்கங்க ஆம்பளையா பொறந்திருந்தா  ஒரு பறையன் ஒரு சக்கிலி பொண்ணு கல்யாணம் பண்ணுடா பார்க்கலாம் அப்ப மட்டும் ஏன் உங்க சமத்துவம் இருக்குதா என்ன,1,tamil
டயர் நாக்கிகளுக்கு சவுக்கடி படமா இருக்கும் போலயே.....,1,tamil
ரொம்ப நாள் கழிச்சு ஒரு நல்ல குழு,0,tamil
"நான் ஒரு சூத்திரன் ( பார்பானின் வப்பாட்டி மகன்.) ஆனா தேவிடியா பாசங்கனு சொல்ற ஜாதி யா பெருமையா வெற சொல்லி comment பண்றீங்க,, கேவலம் டா ஆனா நீங்க லாம்",1,tamil
ஆத்திரங்கள் அனைத்தும் அடங்கிய பின்பே கூந்தலை அள்ளி முடிவாள் திரௌபதி....ஆங்காங்கே மரண ஓலம் கேட்கிறதே!!!கௌரவர்களாகதான் இருக்கும்....,1,tamil
தீரன் சின்னமலை மற்றும் ராமசாமி படையாட்சியார் ஆகியோரை தமிழின தலைவர் பாருங்கள் அதை விடுத்து அவர்களை ஒரு ஜாதிக்குள்  அடக்காதீங்க டா உலகம் வேகமா போயிட்டு இருக்கு பாருங்கடா love all persons to the world  one day birth conform to death is always conformed so don't fight  love you all,0,tamil
திருமா எப்ப சொன்னார் பணக்கார வீட்டுப் பெண்களை திருமணம் செய்தால் கெத்தா இருப்போம்னு கொளுத்தி விடு சாதி கலவரத்தை மோகன் உனக்கு வருமானம் இங்கு அப்பாவி மக்கள் அடித்து கோண்டு சாகுனும் நீ நல்லா இருப்ப.,1,tamil
தேவந்திரகுல மக்கள் சார்பாக படம் வெற்றி அடைய வாழ்த்துகள் அண்ணா,0,tamil
மாமா பய குருமாவுக்கு நல்ல செருப்படி கொடுக்கும் இத்திரைப்படம் வெற்றியடைய எடப்பாடி கொங்கு வெள்ளாள கவுண்டர் சார்பாக வாழ்த்துக்கள்,1,tamil
இந்த வீடியோவில் பதிவிடும் அனைவரும் ஐய்யனுக்கு சூத்திரன் தான்... உங்களுக்கு எல்லாம் அவன் வீட்டில் தண்ணி குடிக்க கூட தனி குவளை தான் இன்றைக்கும்... நீயே வேறு ஒரு ஜாதிக்கு அடிமை..,1,tamil
நாடார் சமுதாயம் சார்பாகே படம் மிக பெரிய வெற்றி அடையே வாழ்த்துக்கள்....,0,tamil
தேவாங்கர் மகா ஜன சபை  சார்பாக இப்படம் வெற்றி பெற வாழ்த்துக்கள்!! எங்கள் சமூகம் இது போன்ற நாடக காதலால் நாசம் அடைந்துள்ளது!! நன்றி வினோத் ஜி!! இந்த திரைப்படத்தை திண்டுக்கல் மாவட்டம் முழுவதும் உள்ள தேவாங்க செட்டியார்  சமூக மக்களை  கண்டிப்பாக பார்க்க வைப்பது எங்கள் பொறுப்பு!!,0,tamil
அசுரன் படத்திற்கு சுடலை திமுக கருத்து சொல்லி மூலப்பத்திரம் எங்க மாட்டிக்கிட்ட  இப்போ இந்த படத்துக்கு கருத்து சொல்லிப்பாரு திமுக சுடலை,1,tamil
தலைவர் அரசியலுக்கு வருவது உறுதி என்று கூறிய நாள் 31/12/2017. அதற்கு முன்பு அவர் சொல்லவே இல்லடா.,1,tamil
நாடார்கள் சார்பாக படம் வெற்றி பெற வாழ்த்துக்கள்,0,tamil
மிஸ்கின் உண்ணையும் எண்ணெய் ஊற்றி கடுகு உளுந்த பருப்பு ரெண்டும் சேர்த்து தாளி தாளி தாளிக்க பாேறான சின்ன சுடலை,1,tamil
ஆடா கேடு கேட்டவனுங்களா trailerர போடுங்கடனா மொத்த படத்தையுமே போட்டுருக்குகிறீங்க   படத்தோட கதைய மொத்தமா சொல்லிட்டிங்க,1,tamil
:ஓவியம் வரையிரவன் தான் பிள்ளைக்கு என்ன சொல்லிக் கொடுப்பான்_ ஓவியம் வரைய :correct  :என் அப்பன் மில்ட்ரிடா _ஓடி விளையாடவா சொல்லி தருவான்,1,tamil
உதயநிதிய தவிர பாக்கி எல்லாரும் frame ல merge ஆவுறாங்க  அவன மட்டும் avoid பண்ணிருக்கலாம்... But we know what Mysskin is... Let's hope for the best.,1,tamil
ஒண்ணுமே புரிஞ்சுக்க முடியலையே. Theater பொய் தான் படம் பாக்கணுமோ.,0,tamil
வேட்டி சட்டைல செம !!!! தல போல வருமா?,0,tamil
"அருமை,, படித்தவர்கள் நாட்டினை ஆட்சி செய்ய வேண்டும்",0,tamil
"மனிதன் பிறந்தலிறுந்து காதல் இருக்கு.   காதலில்  எல்லா சமுதாய ஆண்களும் எமதுறங்க.  சில சமயங்களில் பெண்களும் அதை செய்கிறார்கள்.  இது அவர்களின் தனிப்பட்ட விஷயம், அதை கவனித்து கொள்ள அவங்க குடும்பம் & அரசு இருக்கு.  வேறு சாதியில் காதலித்து திருமணம் செய்தால் கொலை செய்வது மிகவும் கடுமையான குற்றம்.  சாதி ஆணவ கொலைக்கு ஆதரவு தருவது போல உள்ளது இந்த படம்.  மிகவும் மோசமான முன் உதார்ணம்.",1,tamil
ஹா! ஹா! அடேய்களா... என்னங்கடா இது 2 நிமிச டீசரே 2 மணி நேரம் ஓடுர மாதிரி இருக்கு?!  டீசர பார்க்கும் போதே தெரியுது படத்தோட ஸ்கிரின்ப்ளே எப்படினு!,1,tamil
நாட்ட காப்பாத்துற army சாதி பார்த்து பாக்கிஸ்தான் காரனை நாட்டுக்குள்  விட்டு இருந்தா ஒட்டு மொத்த இந்தியா என்னவாகும்?????,0,tamil
உடையார் சமூகம் சார்பாக படம் வெற்றி பெற வாழ்த்துக்கள்,0,tamil
"உண்மைக்காதலை யாரும் எதிர்க்கலை. ஆனா போலியான காதல் உள்ள நாடகக்காதலை, இவாஞ்சலிச திருமணத்தை, லவ்ஜிகாத்தை மட்டுமே தடுக்க வேண்டும்.",0,tamil
நாடக காதலுக்கு ஒரு முடிவு வந்தா சரி..,0,tamil
வரும் மாஸ் சூர்யா அண்ணா & யுவன்ஷங்கர் ராஜா bgm வேற லெவல்,0,tamil
எங்களுக்கு மண்ணு பொண்ணு ரெண்டுமே முக்கியம்(உசுரு). எவன் கைய வச்சாலும்(கைய)தலைய வெட்டுவேம்........,1,tamil
படம் மாபெரும் வெற்றியடைய திருமறைக்காட்டு தேவனின் வாழ்த்துக்கள் .,0,tamil
எல்லா போலி போராளிகளும் கொடியை தூக்கிட்டு வந்துருவானுங்க நம்ம பேசின ஜாதி வெறி அந்த பன்னிங்க படம் எடுத்த சமுதாய நெறி all the best hope more films come up like this,0,tamil
மாபெரும் வெற்றிக்கு தல ரசிகர்கள் சார்பில் வாழ்த்துக்கள்,0,tamil
கிருஷ்ணாகிரி வன்னியர்கள் சார்பாக இப்படம் வெற்றி பெற வாழ்த்துக்கள்......,0,tamil
மண்ணு பொண்ணு ரெண்டுமே முக்கியம் யாரு கை வச்சாலும் வெட்டுவோம் தரமான டயலாக்.. தென்மாவட்ட கோனார் சமுதாயம் சார்பாக வாழ்த்துக்கள் தலைவா..,0,tamil
டிரெய்லர் நல்லா இருக்கு.. ஆனால் கமெண்ட்ல கொஞ்சம் பேரு கண்ணுக்கு  பற ஜாதி  பசங்க மட்டும் தான் இப்படி பண்ணுறாங்கனு  சொல்லுர. நானும் பறையன் தான்டா நா அப்படி பண்ணலயே டா அப்பரம் என்ன பு... க்கு எல்லாரையும் சொல்லரே.ஓத்தா டேய்  அடுத்த ஜாதி கார பெண்களை எவனும் காதலிக்க கூடாது மீறினால் காதலித்து ஊர் சுத்தரவங்களே அடிங்கடா தூக்கி போட்டு மிதிங்கடா . எல்லோருக்கும் ஒரே நியாயம் தான்.. ஜெய்பீம்,1,tamil
மிஷ்கின் + இளையராஜா = நிசப்த பூகம்பம்.,1,tamil
"புத்தி கேட்ட மனசு பொடி வச்சு பேசும் ! சாதி மதம் பேதம் எல்லாம் நம்மள பிரிக்கும் தோஷம். காதல் பணம், ஜாதி பாத்து வராது.",0,tamil
தேனி மாவட்டம் வீரசைவ பேரவை சமுதாயம் சார்பாக இத்திரைப்படம் வெற்றி பெற வாழ்த்துக்கள்,0,tamil
dislike panna 10k perum குறிப்பிட்ட சமூகத்தை சேர்ந்தவர்கள்.....100 தடவை டிரைலர் பார்திட்டேன் சலிக்கவில்லை,0,tamil
செய்யும் தொழிலை வைத்து வந்தது சாதி.  இன்றைக்கி நம் முன்னோர்கள் போல் யாரும் ஓரு குறிப்பிட்ட தொழிலை செய்வதில்லை.  ஆண் பெண் ரெண்டு சாதி மட்டுமே...,0,tamil
வருகவருக....பாண்டிசேரி வன்னியர் சங்கம் சார்பாக படம் வெற்றிபேற எனது நெஞ்சார்ந்த வாழ்த்துகள்.......,0,tamil
பெண் தெய்வங்களே அப்பா அம்மா சோல்ரா கேட்டு பழகுங்கள் தேய்வமே பெண்கள் எனக்கு கடவுள்,0,tamil
இவன வேச்சு படம் யடுகரக்க்கு யேன்ன வெச்சு யேடுகளம்,1,tamil
இந்த படம் வெற்றி அடைய வாழ்த்துக்கள்.. by movie lover,0,tamil
"மாவீரன் காடுவெட்டியார் ஆசியோடு திரௌபதி மிரட்டுவாள்…!!!   இந்த திரைபடம் மூலமா எந்த பிரச்சனை வந்தாலும், அதை உடன் இருந்து, எதிர்கொள்ள தயார்…!!! இவன்- மாவீரன் காடுவெட்டியார் வளர்ப்பு",1,tamil
.வசூலில் சிவகார்த்திகேயன கூட முந்த முடியாத சூர்யா...danush fans,1,tamil
தல யோட மச்சான்  தான் ரிச்சார்டு னு எத்தனை பேர் கு தெரியும்,0,tamil
எங்களுக்கு மண்ணு பொண்ணு ரென்டுமே முக்கியம் இதுல யாரு கைய வெச்சாலும் வெட்டுவோம்  இப்படிக்கு அசுரன் என்கிற திரெளபதி,0,tamil
படம் 100 நாட்கள் தாண்டி வெற்றி பெற வாழ்த்துக்கள்.,0,tamil
சூப்பர் ஜி   திரௌபதி   பேர  கேட்டாலே  அதிருது,0,tamil
மிகப்பெரிய வெற்றி பெறவாழ்த்துக்கள்director  Mohan G,0,tamil
இட ஒதுக்கீடு விழுப்புணர்வு படம்  காடுவெட்டியார் தம்பிய கேக்கறோம்  வருங்காலத்துல எடுங்க அரசு துறைல வன்னியர் தேவர் கௌண்டர் வெள்ளாளர் யாதவர் செட்டியார்னு னு எல்ல சமுதாயமும் புல்லிங்கா படிக்கிறதுல இருந்து எல்லாத்துக்கும் பூர்விக சொத்த விகுரோம் நாம வரிப்பணம் எவனுக்கோ போது sports koata கூட விட்டு வெக்கல எல்ல சமூகமும் அரசு பதவிகி வரணும்னா மாவீரன் காடுவெட்டியார் கணவன சாதி வாரி கணக்கெடுத்து சதவீதத்தை வகுப்பு வாத வீத சாற கொள்கை அடிப்படையில இட ஒதுக்கீடு தந்த எல்ல சமுதாய குழந்தைகளும் அரசு துறைல இருக்கும்,0,tamil
புதுக்கோட்டை மாவட்ட முத்தரையர் மக்கள் சார்பாக வாழ்த்துக்கள்.,0,tamil
உண்மையை உரக்கச் சொல்லப்போகும் படம்......சில பல .........புறம்போக்குகளுக்கு ஆப்பு வைக்க போகிற படம் இது.... படம் நன்றாக போக வாழ்த்துக்கள்......,0,tamil
இதேபோல் மாவீரன் காடுவெட்டியார் என்ற தலைப்பில் அண்ணன் மாவீரனின் வாழ்க்கையை படமாக எடுத்து அவரின் வீரத்தையும் பெண்களுக்கு கொடுத்த முக்கியதுவத்தையும்  மற்றும் வன்னிய இனத்தின் பெருமையையும் இந்த உலகறிய செய்ய வேண்டும் என்று அனைத்து வன்னியர் சார்பாக பனிவுடன் கோட்டுக்கொள்கிறோம்....  வன்னிய சொந்தங்கள் இந்த கருத்துக்கு ஆதரவு கொடுத்து இயக்குனர் மோகன் அவர்களுக்கு தெரிய படுத்துங்கள்....,0,tamil
இது football படமா இல்ல பேய் படமா.... டைரக்டர் ஏதோ twist வெச்சி இருக்காரு போல,0,tamil
தளபதி பற்றி தவறாக பேசிய இந்த மொட்டை youtube channel லா block பண்ணுங்க Bro.... link:,1,tamil
சிங்கம்பட்டி வழி மறவர்கள் சார்பாக படம் வெள்ளி விழா கொண்டாட வாழ்த்துகள் !!!!,0,tamil
"வேலைக்கு ஆட்கள் தேவை இடம் : சென்னை வயது :18 to 28 வருமானம் :15000 ‍to 25000 நிரந்தர வேலை தங்குமிடம் இலவசம் ,  6374009065",0,tamil
எங்க குல சாமி மேல யவன் கை வச்சாலும் தலையை எடுப்போம்  சூப்பர் ல  Movie செம ஹிட்  pa I am support the movie,0,tamil
படம் வெற்றி பெற பறைய்யர் குலம் சாம்பவர்ரகுலம் சார்பாக வாழ்த்துக்கள்...  இங்கே கமெண்ட் மட்டுமே போட முடியும் பொள்ளாச்சி கற்பழிப்பு 200 பெண்கள் மாணவிகளுக்கு மேலே .. எங்கேடா போனீங்க பொட்டை களா...நீங்கள் பொம்பளைப்புள்ளைங்களை பயம் காட்டி வளர்க்காதீங்கடா பாசம் காட்டி வளரவைக்க பாருங்கடா.. கட்டுன பொண்டாட்டியை  புள்ளைங்க முன்னாடி அடிக்காதீங்கடா ... ஆண்டைகளா....,1,tamil
திருநெல்வேலி தேவர் சமுதாயம் சார்பாக வாழ்த்துகள்! இனிமேலும் இது போன்ற படங்களை வரவேற்போம்! மிக்க மகிழ்ச்சி தோலுரித்து காட்டியதற்கு!!,0,tamil
முத்தரையர் சமுதாய மக்கள் சார்ப்பாக படம் வெற்றி பெற வாழ்த்துகள்🦁,0,tamil
மனமார்ந்த வாழ்த்துக்கள் நாடோடிகள் 1 போல நாடோடிகள் 2 வெற்றி பெற,0,tamil
வௌ்ளாளர்  பிள்ளை சமுகம் சார்பாக இப்படம்  அதரிக்கபடூகீறது,0,tamil
திரௌபதி திரைப்படம் வெற்றிபெற வாழ்த்துக்கள். பல நாள் எதிர்பார்த்து திரைப்படம் நாங்களும் விழுப்புரம் மாவட்டம் தான்,0,tamil
பல வருடங்களுக்கு முன்னரே இதுபோல படங்கள் வெளி வர ஆரம்பித்திருந்தால்  பல குடும்பங்கள் பல பெண்களின் வாழ்க்கை காப்பாற்ற பட்டிருக்கும். அடிக்கு அடி  என்பதுதான் இங்கே இயல்பான ஒன்று. அதுவே சகலத்தையும் சரியான இடத்தில வைக்கும். இதுபோன்ற சமூக விழிப்புணர்வு படைப்புக்கள் அதிகம் வெளிவரவேண்டும். படம் வெற்றி பெற வாழ்த்துக்கள் படக்குழுவினருக்கு பாராட்டுக்கள்.,0,tamil
கொங்கு சமுதாயம் சார்பாக இந்த படம் வெற்றி பெற வாழ்த்துக்கள்,0,tamil
அடுத்த சாதி பொண்ணுங்கள லவ் பண்ணி சாதிய ஓழிக்க சொல்ற எச்சபாடுக்கான  படம் ஆ இருக்கும் னு எதிர்பார்க்குற,1,tamil
ஏ உங்களுக்கு பா ரஞ்ஜீத் எடுத்த படங்கள் வெளிவரும் போதெல்லாம் கண்ணு தெரியலயோ மயிறுகளா திரௌபதி படம் வெளிவரலைனா திமுக காரனுங்கதானே புகார் அளிச்சுருக்கானுஙக அடுத்த எலக்சனுக்கு திமுக ஆட்சி கவிழும் கவிழ வைப்போம் முத்தரையர் சமுதாயத்தின் சார்பாகவும் கள்ளர் சமுதாயம் சார்பாகவும் வன்னியர் சமுதாயம் சார்பாகவும் எச்சரிக்கிரோம் ஏன்டா நாடக காதலால்  பாதிக்கபடுரவங்க நாங்கள்தான் அது எங்க உங்களுக்கு தெரிய போகுது நாங்கள் எங்கள் குடும்பத்தோட இந்த படத்தை கண்டிப்பாக பார்ப்போம் ஆதரிப்போம்,1,tamil
மதுரை கவுண்டர் பேரவை சார்பாக படம் வெற்றிபெற வாழ்த்துக்கள்,0,tamil
5பேரு கூட படுத்தாலும் அது எங்க சாதிக்காரனத் தான் இருக்கனும்...1000பேர் என் சோலைய உருவுனாலும் அதுவும் எங்க சாதிக்காரனத் தான் இருக்கனும்.   இப்படிக்கு   திரெளபதி..,1,tamil
நெய்வேலி மற்றும் விருத்தாச்சலம் சார்பாக மனமார்ந்த வாழ்த்துக்கள் அண்ணா 🥭🥭🥭🥭🥭🥭🥭,0,tamil
"பரியேறும் பெருமாள், அசுரனை எல்லாம் ஏற்றக்கொண்ட  சமூகம் இந்த படத்தையும் ஏற்றுக்கொள்ள வேண்டும்..... மற்றவர்களால் தாழ்த்தப்படுவதும் உண்மை இந்த மாதிரி நாடக காதல் சம்பவமும் உண்மை.......மறுக்க முடியாது",0,tamil
எங்கள் வீட்டு பெண் பிள்ளைகள் அனைவருக்கும் இந்த படத்தை பார்க்க வைப்பேன்,0,tamil
யாரு எல்லாம் விஸ்வாசம் டிரெய்லர் பாத்துட்டு வந்து விவேகம் டிரெய்லர் பாத்தீங்க  அவுங்க மட்டும் ஒரு,0,tamil
திரெளபதி நா யாரு...  இந்த மகாபாரத கதையில அஞ்சு பேருக்கு பொண்டாட்டியா வருமே அதுவா..?,0,tamil
ட்ரெய்லர் அருமை படம் வெற்றி பெற வாழ்த்துக்கள்...,0,tamil
இந்த படத்திற்கு நான் காத்து கொண்டு இருந்தேன் ஆனால் இந்த படம் கண்டிப்பாக  புரட்சி தலைவி அம்மாவை இழிவு படுத்தும் வகையில் உள்ளது. அம்மா எப்படி இருப்பார் பச்சை நிற ஆடை அணிந்த அந்த பெண் எப்படி உள்ளார். உண்மையில் பெண் சிங்கம் ஜெயலலிதா அம்மா. அவர் வாழ்க்கை வரலாறு என்று அவரை இழிவு படுத்த வேண்டும். இது பல லட்சம் மக்கள் மத்தியில் பெரும் அதிர்ச்சியை உண்டாக்கும்.,1,tamil
நாடோடிகள் நல்ல படம் இரண்டாம் பாகம்:கேவலமா இருக்கும் போல,1,tamil
நாமக்கல் மாவட்டம்  வன்னியர் சார்பாக திரௌபதி படம்  மாபெரும் வெற்றி பெற வாழ்த்துகள் ....,0,tamil
அனைத்து தமிழனின் சார்பாக இந்த படம் வெற்றி பெற என் வாழ்த்துக்கள்,0,tamil
பூல சப்புங்கடா எல்லாம் திரௌபதி என்று புண்டபதி,1,tamil
படம் பொங்கலுக்கு வெளியிட்ட blockbuster hit ஆகும்... அனைத்து சமுதாய மக்களின் ஆதரவு பெற்ற படம்...,0,tamil
தோல்நோய்களை சீராக்கும் தொட்டாற்சுருங்கி இலையின் சிறப்பு தமிழ் கோல்ஊனும் கிழவனையும் வாள் வீசும் வீரனாக மாற்றும் முருங்கை கீரையின் அருமைதமிழ் அறிய மக்கள் தொலைக்காட்சி நிகழ்ச்சிகளை யூ டியூப் ல் காணுங்கள் நன்றி.,0,tamil
Dislike பண்ணுறவன் Full’ah நாடக கம்பெனிகாரனுங்களா தான் இருப்பானுங்க.. தரமான சம்பவம் காத்திருக்கு..   Congrats to entire team for bold attempt 🤩,0,tamil
நம்ம ஆளுங்க எப்போ இந்த மாதிரி படம் எடுபாங்கனு காத்திருந்த காலம் வந்துடுச்சி,0,tamil
"இது KICKIN IT OLD SKOOL  (ஒரிஜினல் ட்ரைலர் உங்களுக்காக:  படத்தின் அப்பட்டமான காப்பியாச்சே!!! சொந்தமா யோசிக்கவே மாட்டிங்களாடா!!! தமிழ் ரசிகர்களே இப்போ தெரியுதா இவனுக எதுக்கு ஹிந்தி படிக்காத இங்கிலிஷ் படிக்காதான்னு சொல்றனுகன்னு.  கொஞ்சம் HBO , ஸ்டார் Movies பாருங்கப்பா இல்லன்னா இப்படி தான் உங்க தலையில மொளகாய் அரைப்பானுவ.",1,tamil
படம் வெற்றி அடைய என் வாழ்த்துக்கள் ....,0,tamil
கையை வெட்டக் கூடாது தலையை சேர்த்துவிட்டனர் நல்லா இருக்கு,1,tamil
வன்னியர் சமுதாயம் சார்பாக இந்த படம் மாபெரும் வெற்றி பெற வாழ்த்துக்கள்....,0,tamil
"௧௫த்து சுதந்திரம் ௮னைவ௫ம் ௨ண்டு , நடந்த ௨ண்மை சம்பவம் காரணமாகவே ஒரு குறிப்பிட்ட சமுகம் சார்ந்தவர் ௭திர்ப்பு தெரிவிக்கின்றனர்",0,tamil
"அடேய் அப்பிரசண்டிகளா . இளையராஜா பீத்தோவனோட fur elise அ காப்பி பண்ணிட்டார்னு உளறாதீங்கடா. Descriptionல தெளிவா போட்ருக்கே டிரைலர் மியூசிக் மிஷ்கின் னு.fur elise ரொம்ப பாப்புலர் ஆன டியூன்.அத நிறைய கார்ட்டூன்,டிவி ஷோ,படங்கள் ல பயன்படுத்துவாங்க.அதே மாதிரி மிஷ்கின் அந்த டியூன இந்த டிரைலர்க்கு பயன்படுத்திகிட்டார்.அவ்ளோ தான்.உடனே இளையராஜா காப்பிகேட்னு ஒரு கூட்டம் கிளம்புது.ஏன்டா காப்பி அடிச்சாலும் இவ்ளோ famous ஆன டியூன் அ வாடா  காப்பி அடிப்பாங்க🤦‍🤦‍",1,tamil
டேய் ஆதி உங்க அம்மா கூதி ...தேவிடியா பையா எங்க அண்ணன் தளபதி விஜய வா  கலாய்க்கிற ...ஒம்மால உன் படம் எப்படி தியேட்டர்ல ஓடுதுன்னு  நான் பாத்துக்குறேன் ....,1,tamil
மாவீரன் காடுவெட்டியாரின் வரிகள்  இடம்பெற்றுள்ளது மண் பொண்ணு மேல கைய வெச்சா வெட்டுவோம்,1,tamil
வசனங்கள் அனைத்தும் அருமையாக உள்ளது இனி எவனும் சொல்லக்கூடாது ஜாதிகள் இல்லையடி பாப்பா,0,tamil
எத்தனை பெரியார் வந்தாலும் தமிழ்நாடு மக்கள் திருந்த மாட்டார்கள்..... பகுத்தறிவு \rஇல்லாத\r மக்கள்,0,tamil
இந்த படத்தை அனைவரும் கண்டிப்பாக பார்க்க வேண்டிம். தற்போதைய காலச்சூழலிற்கு ஏற்ற படம்.,0,tamil
தேவர் இனத்தின் சார்பாக படம் வெற்றி பெற வாழ்த்துகள்,0,tamil
கட்சி வேலைய பாருடா னா இங்க வந்து படம் நடிச்சிகிட்டு இருக்கிற வெண்ண,1,tamil
நான்  அன்பு  திரையரங்கம் உரிமையாளர். நான் இப்படத்தை கண்டிப்பாக முதல்   மூன்று  நாட்களுக்கு இலவசமாக திரையிடுவேன். நன்றி மோகன் G,0,tamil
பாமாக விசிக இரண்டும் சண்டை போடுது...ஆனா ஏன் கூட்டணி மாறி மாறி வச்சும்...சண்டை ஓயல... யாருக்கு நன்மை நடந்துச்சு... தமிழர்கள் சாதியாக பிரிந்து கிடக்கும் வரை நமக்கு விடியல் இல்லை,0,tamil
தலைவன் எனும் பதவிக்கு தகுதியில்லாத வன்  8:40 நிமிடத்தில் இருந்து பார்க்கவும் புரியும்,0,tamil
விஜய் ரசிகர்கள் சார்பாக கோமாளி திரைப்படம் வெற்றி பெற வாழ்த்துக்கள்,0,tamil
அரியலூர் படையாட்சியார் சார்பாக படம் வெற்றி பெற வாழ்த்துக்கள,0,tamil
"மீண்டும் ஒரு முத்திரை  பதிக்க, அஜித் ரசிகர்கள்  சார்பாக வெற்றி பெற வாழ்த்துகிறோம்",0,tamil
இந்த படத்தையும் சுடலை பார்த்துட்டு -  நாடக காதலையும் மேலும் பெண் வழக்கில் உள்ளே சென்றுவிட்டு போராளி என்போர் செவுட்டில் அறையும் அற்புத படம்ன்னு டுவீட் போடணும்.  என் மனசுல உள்ள பாரம் எல்லாம் குறைஞ்சிடும்,0,tamil
நான் முத்தரையர்( அம்பலம்... அம்பலகாரர்.... சேர்வை..... முத்துராஜா...வலையர்.. ).... இந்த படம் எடுத்த டைரக்டர் கோடி நன்றிகள்.....,0,tamil
வன்னியர் சமூகம் சார்பாக படம் வெற்றி பெற வாழ்த்துகள்.,0,tamil
வண்ணான் மக்களின் சார்பாக இந்த படம் வெற்றி பெற வாழ்த்துகிறேன்,0,tamil
அனைத்து பிள்ளைமார் சங்கங்கள் மற்றும் வ.ஊ.சி இளைஞர் பேரவையின் சார்பாக திரைப்படம் மாபெரும் வெற்றியடைய வாழ்த்துகிறேன்...  திரைப்படத்தை திரையரங்குகளில் காண்போம் நண்பர்களே...  குருமா பசங்க செய்து வரும் நாடக காதல் அட்டூழியத்தை கருவருப்போம்...,1,tamil
முத்தரையர் சமுதாயம் சார்பாக படம் வெற்றி பெற வாழ்த்துக்கள்,0,tamil
கடைசி வரைக்கும் சாதிய வெச்சிட்டு என்ன டா இந்த உலகத்தில் இருந்து எடுத்துட்டு போக போறீங்க,0,tamil
ஆணி வேரிலிருந்து ஆரம்பிப்பதே அழகு சிறப்பும் கூட நீங்க ஆரம்பிங்க நாங்க இருக்கோம்,0,tamil
ஸ்டோனர் சமுதாய மக்கள் சார்பாக படம் வெற்றி பெற வாழ்த்துக்கள்,0,tamil
தயவுசெய்து அவன ஆக்ஷன்படம் வேண்டாம் என்று சொல்லி கொடுங்கள்,1,tamil
இந்த நாடு எங்கடா போது ராமதாஸ் திருமாவளவன் ஜாதியை வைத்து அரசியல் செய்யிராங்க நீங்கள் ஏன்டா இப்படி படம் எடுத்து எல்லோரையும் காயம் படுத்திரிங்க நிறைய பிரச்சினை வரும் இந்த பூமி பூக்களால் ஆனது ஏன்டா ரத்தமாக ஆக்குறிங்க இந்த பாவம் சும்மா விடாது,1,tamil
நாட்ல நல்ல நடிகர்களே இல்லையா?  திறமையயை நம்பாமல் பணத்திற்க்காக உதயநிதியை நடிக்க வைத்ததற்காகவே இந்தப்படம் தோல்வியடையும்,1,tamil
தமிழ்நாட்டில் மிகவும் சிறுபான்மை சௌராட்டிர சமூகம் சார்பாக வாழ்த்துக்கள்...,0,tamil
பதினாலுநாட்டு கள்ளர்கள் மற்றும் அனைத்து கள்ளர்கள் சார்பாக படம் வெற்றி பெற நல்வாழ்த்துக்கள்,0,tamil
நான் கண்டத திங்கற நரி இல்ல பசிச்சா மட்டும் வேட்டையாடுற சிங்கம்,1,tamil
மாஸ் சல்யூட் இது avenger infinity விட மாஸ் இருக்கனும் கோலிவுட் வேற லேவல்.,0,tamil
வெச்சான் பாரு ஆப்பு..ட்ரைலர் க்ளைமாக்ஸ்ல.. சத்தியமா நான் விழுந்து விழுந்து சிரிச்சேன்..,0,tamil
உங்களில் யார் உத்தமரோ அவர் கல் எரியட்டும்....,0,tamil
தேவேந்திர குல வேளாளர் சார்பாக முழு ஆதரவு.....உன்மையை உணர்வு பூர்வமாக எடுத்த இயக்குனர்க்கு நன்றி   தேவதையாவே இருந்தாலும் தேவேந்திரர் வீட்டு பொன்னு போதும் .... என்றும்  எட்வின் பாண்டியன் மிராசுதார்,0,tamil
நீண்ட  இடைவெளிக்கு பிறகு செல்வா+யுவன் கூட்டணி ஹிட் தான்,0,tamil
என்னயா சசிகுமார் கடைசில கமல் மாதிரி பேசிட்டு போற 🧐,1,tamil
அருமை. தற்போது நாடக காதல் நடைமுறையில் உள்ளது. இதை ஆதரிக்கும் கும்பல் உள்ளது அதை சார்ந்த படமும் உள்ளது. ஆனால் அதை தவறு என்று எடுத்து உரைத்த படம் இது,0,tamil
பூவிருந்தவல்லி வன்னியர் சங்கம் சார்பில் படம் வெற்றிபெற வாழ்த்துக்கள்..,0,tamil
கொங்கு  சோழ வெள்ளாளர் சார்பாக  படம்  வெற்றி அடைய வாழ்த்துக்கள்,0,tamil
"அக்கால சாதிக் கொடுமையை அசுரனாக நீர் காட்டினால், திரெளபதியாய் இக்கால நாடகக் காதலை எதிர் தரப்பு காட்டவே செய்யும்! எதிர்வினை!",0,tamil
இந்த திரைப்படம் வெற்றி பெற வாழ்த்துக்கள் நாடார் மக்கள் சார்பில்,0,tamil
இண்டகி! நெறய பேர்ட இல்லாத ஒரு கெட்ட பழக்கம் என் கிட்ட இருக்கு!!! டா!!!!!!!,0,tamil
பல வருடங்களுக்கு பிறகு தரமான படம் வெற்றி விழா கொண்ட மன தர வாழ்த்துக்கள்,0,tamil
செம்ம படம் எங்கயோ இருக்கும் போல டிரெய்லர்லயே கதற விட்றீங்களே,0,tamil
அட சோத்துக்கு செத்தவங்களா...தீ சட்டி வாயங்களா...பாத்து வாய் எரிஞ்சிட போகுது...,1,tamil
என்னுடைய ஊர் விழுப்புரம் நான் இதே போன்ற நாடக காதலர்களை பார்த்துள்ளேன்  இவர்களின் நோக்கம்: *பெண் பிள்ளைகளை பெற்ற தந்தைகளை வாழ விடாமல் செய்வது*,0,tamil
"திருமாவளவன்,, ரஞ்சித்,,, வெற்றிமாறன்,,, தேவுடியா பசங்களுக்கு,,,, இந்த படம் செருப்புலே அடிச்ச மாதிரி இருக்கும்",1,tamil
"கமெண்ட்ம், view ம்  சும்மா  அள்ளுது. அனைத்து  சமூகத்தில் இருந்தும் ஆதரவு. ஆச்சரியம். அப்போ நல்ல படம்.",0,tamil
இன்று இரவு 8.00 மணிக்கு தெய்வமகள் மெகா தொடர் காணத்தவராதிர்கள்,0,tamil
தேவன் என்றாலும் விட மாட்டீங்களா..? தெற்குச்சீமையில கொந்தளிக்கப்போறாங்க... பார்த்து....,1,tamil
இன்னும் எப்போ தான் திருந்திவிங்க சாதி எதுக்கு use  ஆகி இருக்கு🤦‍🤦‍🤦‍🤦‍,1,tamil
தலைவா நீங்க வாங்க தலைவா இனி எவனாவது ஆடுறானானு பாப்போம்,0,tamil
தஞ்சை மாவட்ட வீரமுத்தரையர்கள் சார்பாக  வாழ்த்துகள்....,0,tamil
"குழந்தைகளையும் matter- னு பேச வைக்கிறிங்க பாருங்க, த்த்தூதூ.......  தரங்கெட்ட சினிமா",1,tamil
அஜித் ரசிகர்கள் like செய்யவும். திரைப்படம் வெற்றி அடைய வாழ்த்துக்கள்.,0,tamil
"தமிழ் குடிகள் இப்படியே சண்டையிட்டு கொள்ளுங்கள் அருமையா இருக்கு.. தமிழ் குடிகள் தங்கள் வரலாறு அறியாத வரை 2,3% உள்ள தெலுங்கனும் கன்னடனும் மளையாளியும் பாப்பானும் தான் நம்மலை ஆளுவான்...  இப்படிக்கு நாடார் சமுதாயத்தை சேர்ந்தவன்",0,tamil
ஒரு ஜாதி ய மட்டும் குத்தி கட்டுகிறார் அப்படி இன்ன என் ஊர் ல இருக்கும் கீழ் ஜாதி யன வன்னியர் களுக்கு எங்க பெண்ண தெட்ட ஒத்த உன்ன வெட்டுவேம் டா என்ன kuthi comments pandringa ipo thearithu eagaluku baiyathinganu,1,tamil
லைக் போட்டவன். எல்லாம் வேசி மகனாக இருப்பானுக போல,1,tamil
இந்த படம் தலைவன் விஜய் சேதுபதி காக மட்டும் தான்...,0,tamil
வணக்கம் டா மாப்ள மதுரைல இருந்து படம் வெற்றி பெற வாழ்த்துக்கள்,0,tamil
"4படம் ஒழுங்கா ஓடவில்லை என்றால் அடுத்த படம் விவசாயம், மத்திய அரசுக்கு எதிராக, ரஜினியை கிண்டல் இதான் உங்க பொழப்பு",1,tamil
எனக்குல் இருக்கும் கொலை வெரி மொத்தமும் இந்த படத்தில் இருக்கும் என்று நம்புகிறேன்,1,tamil
ஏன்டா ஜெயலலிதான்னு சொல்லி சசிகலாவ காட்டுறீங்க..   ஒருவேல சின்னம்மா கட்சியா இரூப்பானோ,1,tamil
இந்தப் piano bgm ஏதோ விளம்பரத்தில்  கேட்ட மாதிரி இருக்கு... அது எந்த Add....? எதாவது purpose சோட  தான் அந்த  Bgm பயன்படுத்தி உள்ளனரா?,1,tamil
1:20 அடேய்களா என்னடா பண்ணி வச்சிருக்கீங்க,1,tamil
"யாருடா படிக்கல இப்ப இங்க எங்க சாதில, பெரிய வீடு பொண்ணு அவ யாரு டா .சாதி வெறி பீடித்த திரைப்படம் இது தமிழக அரசு இத்திரைப்படம் வெளியாட தடை செய்ய வேண்டும்.",0,tamil
இத்தன சாதி பயலுவளும் ஒன்னா சேர்ந்து பறையருக்கு எதிரா கத்துறீகனா. இங்க எவன் வலிமைமிக்கவன்னு தெரியுதா. ஒத்தைக்கு ஒத்த நின்னா மசுரை கூட புடுங்க முடியாது.,1,tamil
"நாயக்கர்,வன்னியர்,கவுண்டர்,தேவர்,வீட்டுப் பெண்களுக்கு எதிராக நடக்கும் நாடகக் காதலுக்கு மிகச்சிறந்த எடுத்துக்காட்டான படம் திரெளபதி வெற்றி பெற வாழ்த்துக்கள்",0,tamil
போதும்டா யப்பா எங்களுக்கு ஏற்கனவே 2.5 மில்லியன் வியூஸ் வந்துடுச்சு.. இதுல இந்த ஓசி சோறு குரூப் வேர புகார் குடுக்குறன்னு விளம்பரம் பண்ணி விடுறானுங்க...,1,tamil
காதல் தவறல்ல காதலிப்பதும் தவறல்ல பெண்ணுக்கா அறிவு சார்ந்த சமுதாயம் சார்ந்த விஷயங்கள் தெரியும் பொழுது அவள் நிச்சயம் சரியான துணையை தேர்ந்தெடுத்தால் அதற்கு இந்த படம் நிச்சயம் உதவும் திரௌபதி வெற்றி பெற வாழ்த்துக்கள்,0,tamil
கீழ கமெண்ட் ல ஒரு கூட்டத்தை தவிர மீதமுள்ள அனைவரும் ஆதரவு தந்துட்டாங்க அப்போ இந்த படத்துல சொல்ர விஷயம் உண்மைதானே நாடகாதலால் நேராகவோ அல்லது மறைமுகமாகவோ பாதிக்கப்பட்டு ஊமையாணவர்களின் உணர்வு குறள் இந்த படம் இனி வெளிவந்து தான் வெற்றி அடையனுன்னு ஒன்னும் இல்ல இப்பவே மகா வெற்றி தான்,0,tamil
சூத்திரகுடி மக்கள் சாதி சங்கம் சார்பாக....படம் தேசிய விருது பெற வாழ்த்துக்கள்.......சாதி தான் உசுரு மத்ததுலாம் மசுருனு...இந்த சாதி இல்லனு கூவுறவனுங்களுக்கு இப்பவாது புரிய வரட்டும்,1,tamil
அருமை...தேனி மாவட்ட தேவேந்திர குல வேளாளர் உறவின் முறை சார்பாக வாழ்த்துகள்...நமக்கு மண்ணும் முக்கியம் பொண்ணும் முக்கியம்..,0,tamil
கட்டாயம் இந்த படத்தே பாக்கனும் with  are u Ready ?,0,tamil
தினம் காலையில எழுந்தவுடனே முதலில் பாக்குறது  இந்த டிரைலர் தான் கடைசியா தூங்கும்போது  இந்த டிரைலர் தான் சூப்பர் பிரதர்,0,tamil
ஆத்தாடி,0,tamil
Dislike போட்டவன் பூராவும் ரஜினி ரசிகனா தான் இருப்பான்...,1,tamil
ரஜினியை வெச்சு செஞ்சிட்டாங்க செம சூப்பர் வாழ்த்துக்கள்,1,tamil
இந்த ஒரு திரைப்படத்தை வெற்றி பெற செய்து விட்டோம் என்றால் தமிழக சினிமா துறையில் இதுபோல் எண்ணற்ற இயக்குனர்கள் உண்மை நிலவரத்தை உலகிற்கு எடுத்துரைக்கும் வெற்றிப்படங்களை தருவார்கள் பார்க்கவன் பழனி உடையாரின் சார்பாக இந்த படம் வெற்றியடைய வாழ்த்துக்கள்,0,tamil
தமிழ்நாட்டை பொறுத்தவரை ஹீரோ முக்கியம் இல்லை கதை தான் முக்கியம் அதுவும் மக்களின் மனதை கவரந்த திரெளபதி பொங்கலுக்கு ரிலீஸ் பண்ண நல்லா இருக்கும்,0,tamil
முத்தரையர் மன்னர் வகையறா  மக்கள் சார்பாக திரௌபதி வெற்றியடைய வாழ்த்துக்கள்,0,tamil
படம் மிகப்பெரிய வெற்றி அடையும் அடைய வைப்போம் வன்னியர் goundar முக்குலத்தோர் சார்பாக,0,tamil
தோழர் அனைவருக்கும் என்னுடைய வாழ்த்துக்கள் இந்த படத்திற்கு இது நீங்கள் சாதி வெறியை கூட்டுகிறது திரை என்பது ஒரு பொழுதுபோக்கு மட்டுமே அதை தவிர்த்து எமது இளைஞர்களை தவறான பாதையில் இட்டுச் செல்ல வேண்டாம் ஏழாவது படி விழுத்திய வருகிறது எனவே எமது இளைஞர்கள் விழிப்புடன் இருக்க வேண்டும் சாதியும் இல்லை மதமும் இல்லை ஓர் இனம் மனித இனம் என்ற ஒரு அடிப்படைத் தத்துவத்திற்கு வாருங்கள் அனைவரும் ஒன்று சேர்ந்து வறுமை ஒழிப்பு இங்கே சிலபேர் வாழ்வதற்கு பல பேரை சாதிவெறியை தூண்டப்படுகிறது எனவே நாம் அனைவரும் ஒன்று சேர்ந்து வறுமையை ஒழிப்போம் நேர்மையாளர் ஒன்றிணைவோம் வாரீர்,0,tamil
"சூர்யா , செல்வராகவன் , யுவன் மூணுபேரும் கத்துகிட்ட மொத்தவித்தையும் காட்டிருக்காங்க பா , செம",0,tamil
அப்படியே எத்தனை சாதி மறுப்பு திருமணங்கள் நடக்கிறது என்று தகவலை புள்ளிவிவரத்தோடு போட வேண்டும். தலித் அல்லாத சமூகத்தில் நடக்கும் சாதி மறுப்பு திருமணம் பற்றியும் போட வேண்டும். நாடக காதல் கொலைகள் புள்ளிவிவரம் எத்தனை. தலித் படுகொலைகள் எத்தனை என்கிற புள்ளிவிவரங்கள் பற்றியும் போட வேண்டும். மக்கள் தெரிந்து கொள்ளட்டும்.,0,tamil
ஒன்னு ஜாதிய வச்சி படம் எடுக்கிறீங்க இல்ல பெம்பளையா அசிங்கமா காட்ற மாறி படம் எடுக்கிறீங்க   ஜாதி இல்லமா இங்க பல பசங்க இப்ப மாமன் மச்சான் பழகறானுங்க  ஆனா நீங்க திருந்த விட மாட்டிங்கல்ல  காலப்போக்குல மாற்ற விசியத்த நீங்க படம் எடுத்து அழிக்காம வச்சிகிறீங்க  பரியோறும் பெருமாள் ரஞ்சித் வெற்றிமாறன்   போன்ற கூத்தாடி நாய்கங்களா  த்தூ..    இந்த படத்தால உனக்கு பத்து பைசா கூட கிடைக்க கூடாது..,1,tamil
அட பாவிகள் எவ்வளவு பெரு டா  ஐாதி வெறி பிடித்து அலைகிறங்க,1,tamil
என்னடா பண்ணி வச்சிருகிக என் தலைவியை.... face பார்த்தால் நக்மா மாதிரி இருக்கு.....,1,tamil
முக்குலத்தொர் சமுதாய மக்கள் சார்பாக வீரவேங்கை வேலுநாச்சியார் ஆசியுடன் திரௌபதி படம் வெற்றி படமாக அமைய வாழ்த்துக்கள்,0,tamil
சமுதாயதிற்கு சரியான காலக்கட்டத்தில் தேவைபடுகிற படம்   அருமை வாழ்த்துக்கள்,0,tamil
"பிற்படுத்தப்பட்ட, மிகவும் பிற்படுத்தப்பட்ட மக்களின் இடஒதுக்கீடுக்காக டாக்டர் ஐயா சாதிவாரி கணக்கெடுப்பு எடுக்க சொல்கிறார்..  முட்டாள் அரசாங்கம்.. இங்க உள்ள கமெண்ட் பார்த்தே சாதிவாரி கணக்கெடுப்பு நடத்திடலாமே...",0,tamil
பெண்ளுக்கு விழிப்புணர்வு தரும்.பெற்றவர்களின் வலி புரியப்படும் படம்.இயக்குனருக்கு வாழ்த்துக்கள்.,0,tamil
omr காரப்பாக்கம் கிராம வீரவன்னியர்கள் சார்பாக வெற்றிபெற வாழ்த்துக்கள்,0,tamil
தஞ்சை அகமுடையார்(மருது வம்சம்)சார்பாக வாழ்த்துக்கள் பங்காளி,0,tamil
ரஞ்சித் மற்றும் குருமா க்கு சரியான செருப்படி.. .,1,tamil
ஆயுத எழுத்தில் ரத்த சரித்திரம் வரைந்த இந்த நந்த கோபாலன் குமரன் சாதிப்பான்... இப்படிக்கு உழைப்பாளர் தின நாயகன் ரசிகன்,0,tamil
இந்த டிரைலர ஒ௫ தடவைக்கு மேல பார்த்தவங்க லைக் போடுங்க,0,tamil
சொல்லவே வேண்டாம் படம் மொக்கயாத இருக்கும் .... சாதி பாத்துலாம்... சொல்ல...  சாதி வைத்துதான் ஓடும்... நானேபோய்  பார்பேன்... உண்மையில் என்ன பிரச்சினை என்று பார்க்க..,1,tamil
செம நன்றி . படம் வெற்றி பெற வாழ்த்துக்கள்,0,tamil
மனதின் முதிர்ச்சி ஒளியா இருளா பொறுத்திருந்து பார்ப்போம் வெல்வது யார் என்று பை சைக்கோ.,1,tamil
ஜெயம் ரவி யோகி பாபு mass கூட்டணி படம் வெற்றி பெற தல ரசிகர் சார்பாக வாழ்த்துக்கள்,0,tamil
"எவன்டா டைரக்டரு நயன்தாராவையும், ரஜினியையும் வச்சி செஞ்சிருக்கான்",1,tamil
கமெண்ட் செய்த அனைத்து உள்ளங்களுக்கும் நன்றி ஆனால்   தர்பார் படத்தை இன்னும் நிறைய தியேட்டரில் திரையிட இருக்கும் போது நாம் அனைவரும் பார்ப்பது நடக்குமா ?,0,tamil
நான் யார் என்றத எப்பவுமே நான் முடிவு பண்றதில்ல என் எதிர்ல நிக்கிறவன் தான் முடிவு பண்ணுவான்.. #VivegamTrailer  Vera Level Thalaaaaaa,0,tamil
இந்த படத்த வர விட கூடாது...இந்த படத்த திரையரங்கில் ஓட விட கூடாதுனு எவனாது தடை பன்னா ...Theatre la vera endha padam odunaalum screen கிழியும்,1,tamil
ரஜினி சார ரண்டு கண்ணத்துலயும் அரஞ்சிட்டீங்களேடா ....பாவிகளா,1,tamil
இப்படியோ தமிழர்கள் சாதி வெறியோடு அடிச்சுக்குட்டு சாகட்டும்...             -திராவிடன் (அதிகாரத்தை நோக்கி),0,tamil
DMK or ADMK தான் வரும் வரை இந்த புடுங்கிகிபும் தமிழ் நாட்டில் வறது.,1,tamil
"டிரைலரே செமயா இருக்கு சகோ.  படம் வெற்றி பெற தேவேந்திர குல மக்களின் சார்பாக வாழ்த்துக்கள், அருமை..",0,tamil
இவ்ளோ ஸ்டார்ஸ் வெச்சு படம் எடுக்கிறது சின்ன விஷயம் இல,0,tamil
Ithukk ஆழ்வார் டெரய்ளர் பரவாள்ள து து து ...,1,tamil
அருமையான படம் அனைத்து சமூகத்தினரும் பார்க்க வேண்டிய படம்,0,tamil
வெற்றி பேற வாழ்த்துகள் சிறந்த யுத்தியாக்கு சரியான பதிவு.. மிக்க மகிழ்ச்சி,0,tamil
"ஒழுக்கமாக இரு, நேர்மையா இரு, நல்லா படி இப்படி வழிநடத்துபவர் பின்னால் செல்லாமல் அடுத்த வீட்டு பெண்ணை ஏமாத்து, சரக்கு மிடுக்கு பேசும் வழிகாட்டுபவர்கள் பின்னால் செல்பவர்க்கு ஒரு பாடம் இந்த படம். குடும்பத்துடன் தியேட்டர் சென்று ஆதரிப்போம்",1,tamil
"தலித்துக்கள் மீது எவ்வளவு பொறாமை, கோபம்,வன்மம் சாதி வெறி எல்லாம் கொஞ்சம் கூட குறையலனு கீழ உள்ள கமெண்ட்ஸ் படிக்கும்போது தெரியுது.",1,tamil
பொள்ளாச்சில 100 மேல  பொன்னுங்கள வச்சு செஞ்ச போது  இந்த சாதி பாசம் எங்க போச்சு. கண்டிப்பா எல்லா சாதி பொண்ணுகளையும்  வச்சு செஞ்சிருப்பானுக.போங்கடா டம்மி சாதிவெறி நாயிங்களா.செஞ்சவன் எவனும்   திருமா குரூப் இல்லை .,1,tamil
விஸ்வகர்மா சமுதாயம் சார்பாக மாபெரும் வெற்றிப்படமாக அமைய வாழ்த்துகள்,0,tamil
தேர்தலில் இப்போ தான் செருப்படி வாங்கினான் குருமா.. இது இன்னொரு செருப்படி குருமா பாய்ஸ் கு... வெற லெவல்... காத்திருக்கிறேன் வெள்ளி திரையில் காண..,1,tamil
என் குடும்பத்துடன் சென்று இந்த படத்தை பார்ப்பேன் .... திருமா நாய்க்கு ஆப்பு வைத்த எண்கள் குலா தெய்வத்திற்கு நன்றி,1,tamil
நாடக காதல் பெண்களுக்கு விழிப்புணர்வான படம் திரெளபதி  நாடக காதலை கும்பலை தோலுரிக்கும் படம்,1,tamil
எப்படியோ தளபதி fans-ஐ காண்டு ஏத்தாம  impress பண்ணிட்டீங்க... போடா நீ போளச்சிப்ப...,0,tamil
நல்ல படைப்பு படம் வெற்றி பெற வாழ்த்துக்கள்,0,tamil
Fans like.......... டேய் உங்களுக்கு வேற வேலை இல்லையாடா,1,tamil
தேவர் வன்னியர் கௌன்டர் இந்த தெவ்டியா பசங்கலுக்கு பொம்பல புன்ட தான் கௌரவம் நீங்க 9 புன்டன்னு தெரிஞ்சி தான் பறையன்ன பாக்காலுங்க,1,tamil
கடலூர் மாவட்டம் செம்மங்குப்பம் வன்னியர் சங்கம் சார்பாக நம் குல சாமியின் பெயரை படத்தின் பெயராக வைத்ததற்கும் படம் வெற்றி பெறவும் வாழ்த்துக்கள்.,0,tamil
தென் மாவட்டம் சார்பாக வெற்றி பெற வாழ்த்துக்கள்,0,tamil
அரவிந்த் சாமிக்கு பதில் தல யும் அருண் விஜய்க்கு தளபதி விஜய்யும் பிரகாஸ் ராஜுக்கு அவரே விஜய் சேதுபதிக்கு விக்ரமும் சிம்புவுக்கு சூர்யாவும் இருந்திருந்தால் படு பயங்கர மாஸ் ஆக இருக்கும் ஆனால் இந்த இளைஞர்கள் இருப்பதால் வித்தியாசமாக இருக்கும்..,0,tamil
தலித் மக்களுக்கு நல்ல தலைவன் இல்லை அம்பேத்கர் அப்புறம்...  அந்த தம்பிகளுக்கு கல்வி தான் ஆயுதம் நீங்கள் மீண்டு வர. . ஒரு அரசு அதிகாரி ஆகு அப்புறம் வேற சாதியில் பெண் கேளு..  பத்தாவது கூட தான்டுவது கிடையாது...  நீயும் அழிந்து அந்த பெண் வாழ்க்கை அழித்து விடுவது காதலா,0,tamil
கதிரு பிகில்ல ஆடாத ஆட்டத்தை  ஜடா வுல பாருங்க...,0,tamil
புதுவை வன்னியர் சார்பாக படம் வெற்றி பெற வாழ்த்துக்கள்..,0,tamil
இப்படி ஒரு Feel கொடுக்கிற படத்த பாத்து ரெம்ப நாள் ஆச்சு.. Music க்கும் அருமை,0,tamil
ட்ரைலரே பட்டயகிளப்புது அப்போ மெயின் பிக்ச்சர்  சொல்லவே வேண்டாம்,0,tamil
உஸ் க்கு வந்த வாழ்வ பாருங்கய்யா!!!    மிஸ்கின் படத்துல நடிக்க வாய்ப்பு...,1,tamil
திருவாரூர் மாவட்டம் நாடார்கள் சார்பாக திரௌபதி வெற்றிபெற வாழ்த்துக்கள்,0,tamil
உண்மையில் நாடாக காதலால் மிக அதிக அளவில் பாதிக்கப்பட்ட சமூகம் என்ற ஒன்று இருக்கும் என்றால் அது பறையர் சமுதாயம் மட்டும்தான்,0,tamil
தேவேந்திரகுல சார்பாக படம் வெற்றி பெற வாழ்த்துகிறோம்,0,tamil
ஆதிக்க சாதியினரின் அடக்கி வைத்த ஆத்திரத்தின் படைப்பு    திரௌபதி இப்படம் மாபெரும் வெற்றி பெற வாழ்த்துக்கள் 🥳 (எங்களுக்கு மண்ணு பொண்ணு ரெண்டுமே முக்கியம்),0,tamil
எங்கள் நடிப்பு புயல் உதய்னா .  சிறய சுடலை ..,1,tamil
இது  96 யாரை ஏமாற்றுகிறீக   தரமான சம்பவம் இருக்கு,0,tamil
சீமானை மனதில் வைத்து படம் எடுத்திருப்பார்களோ? சும்மா கேட்டு வைப்போம்...,1,tamil
வெட்டுவோம் வெட்டுவோம் இத தவிற வேற என்னா தெரியும் சமத்துவம் அப்படினா என்னானு தெரியுமா மண் எங்கள் உரிமை பெண் அல்ல,0,tamil
இரண்டாம் உலகப் போரின் கடைசி குண்டுன்னு குண்டே இல்லாதவனுங்க படம் எடுக்கும் போது வரலாற்றில் பல சாதனைகளை படைத்த குலம் எடுத்தா தப்பாடா நாடககாதல் நாய்களே,0,tamil
உழுது பூமியில ரத்தம் சிந்தி அரிசி அனுப்புற ஒவ்வொரு ஜீவனுக்கும் இ‌ந்த நாடு நல்லா இருக்குனு உழைக்கிற ஒவ்வொரு தொழிலாளிக்கு‌ம் எல்லாத்தையும் தட்டி கேட்கிற உரிமை இருக்கு வசனம் அனல் பறக்குது,0,tamil
"வயசான ஒருத்தர்மூணு கோடி டீசெர் விஎவ், அறுநூறு கோடி VASOOL ன்னு அல்லுராறு....விக் PATHI  இன்னும் விக் வச்சிக்கிட்டு  பழைய ரஜினிபடத்த கோப்பி அடிசிக்கின்னு....DIALOGUE  மட்டும் நல்லா டெலிவரி  பண்ணுவாரு ...",1,tamil
சும்மா அள்ளுது... தலைவா லவ் யூ..!!!!!! செம்ம... <3 <3 <3 <3,0,tamil
காதல் ஜாதி பார்த்து வராது. அப்படி ஜாதி பார்த்து வந்தால் அது காதல் கிடையாது.,0,tamil
படம் எப்போது திரைக்கு வரும் ஆவலாக உள்ளேன்,0,tamil
"TV, YouTube la விவாதம் எல்லாம் பாத்து இங்க வந்தேன். Trailer ye பாக்க முடியல.... படம் ஏப்படி இருக்குமோ!!!",0,tamil
தீண்டாமை ஜாதி எண்ணம் இல்லாமல் வாழ கத்துக்கொடுக்காமல் இப்படி ஒரு சமூக தீண்டாமையை மேலும் வளக்குறிங்களேபா.   இப்படி ஒரு சமூகத்தில் வாழவே மாமியாருக்கு.   Neengaley comments full ah padichu paarunga ஜாதி eppadi velayaduthunu paarunga.  So sad,0,tamil
காலா.காபலி.அசுரன்.பாரியேரும்.பெருமள் வந்த அப்பே பெத்தினுபோன சாதி வெறி இப்பே வந்து நொட்டுதே 🤣🤣🤣poda punda passagala ungaluku sprota oru padam varuthu ila adhan attam athigama iruku,1,tamil
படத்தின் கருத்து சாதி வேண்டாம் என்று சொல்ல comments எல்லோரும் அவரவர் சாதி பெயரைச் சொல்லி படம் வெற்றி பெற வாழ்த்துகிறேன் என்று கூறுகிறீர்கள்,0,tamil
எவன் எதிர்த்தாலும் படம் உலகம் முழுவதும் வரும் வரும். நாடக காதலை ஒழிக்கும் நம்ம முதல் படி வெற்றி பெற என் மனமார்ந்த வாழ்த்துக்கள் அண்ணா மோகன்.,0,tamil
செல்பி பயபுள்ளைக்கு என்னா கெட் அப் போட்டாலும் சூட் ஆகுதே,0,tamil
தேசிய செட்டியார்கள் பேரவை சார்பாக வாழ்த்துகள்  படம் கண்டிப்பாக வெற்றி தான்,0,tamil
இந்த படம் எடுத்தவனே ஒரு சைக்கோ தான் so படம் நல்ல வந்துருக்கும்னு நெனைக்கிறேன்,0,tamil
விபச்சார இயக்குனர்களுக்கு மத்தியில் உங்கள் தைரியம் புதிய தொடக்கத்தை ஏற்படுத்தப் போகிறது,1,tamil
நான் நினைத்ததுக்கும் மேல வேற லெவல் படமா இருக்கு. அனைத்து   technicians and director Mogan. G   Congratulations .,0,tamil
நான் அரசியலுக்கு வருவது உறுதி🤣🤣🤣 Hey ithu '96u yaara emathureenga,1,tamil
சினிமாவின்  சைக்கோ மிஷ்கின் சார் வேறலெவல் சார் வாழ்த்துக்கள்,0,tamil
Bgm enna paa semaya iruku வசனம் வெற leval  ஒரு உண்மை சம்பவத்தை மையப்படுத்தி எடுக்கப்பட்ட படம் என்பதால் எதிர்பார்ப்போடு காத்திருக்கிறோம்,0,tamil
மிகவும்  எதிர்பார்ப்பை கிளப்பி  கொண்டு  இருக்கிறது  இந்த  படம்  வெற்றி  பெற வாழ்த்துக்கள்  கோடி தஞ்சை மாவட்டம்  இது  படம்  இல்லை  ஒவ்வொரு  வீட்டில்  உள்ள  வாழ்க்கை  குடும்பத்தினர்  உடன்  பார்க்க  வேண்டிய  படம் 2020 அம்மாப்பேட்டை  திரெளபதி அம்மன்  அருள் வெற்றி பெற வாழ்த்துக்கள்,0,tamil
இந்த படம் வெற்றி அடைய வாழ்த்துக்கள்.... கதறல் குரூப் கதறலாம்....,0,tamil
நாடக காதல் பண்ணுற கும்பல் தான் இப்படத்தை எதிர்க்கும்......,0,tamil
ஏண்டா இப்படி சாதி சாதி சாதினு வெறிபிடித்து சுத்துரிங்க கொஞ்சம் நல்லத பாத்து திருந்துங்கடா தமிழ்நாடு அழிந்து விடும் நிலையில் இருக்கு இந்த நேரத்துல நீங்க ஜாதி ஜாதின்னு பெருமைப் படுத்திக் கொண்டு இருக்கீங்க எவனோ ஒரு ஆரிய பார்ப்பனர் கொண்டு வந்த சாதிக்கு இவ்வளவு முட்டு கொடுக்கிறீர்களே 30 ஆயிரம் 20 ஆயிரம் வருஷம் முன்னாடி தமிழக வரலாற எடுத்து படிங்கட அதுல ஏதாவது ஒரு சாதி இருக்கான்னு பார்த்துட்டு சொல்லுங்க டா அப்படி இல்லையா திருக்குறள படித்து பார்த்து திருந்துங்கடா....,0,tamil
தருமபுரி வீர வன்னியர் குல சத்திரியர்கள்  சார்பாக படம் வெற்றியடைய வாழ்த்துக்கள்,0,tamil
மற்ற ஜாதி பொண்ணு தொடணும் நினைக்கிற பரதேசி பசங்களுக்கு பயம் வரணும்,1,tamil
"Trailer பாக்க சொல்லவே தெரிகிறது இந்த படம் மாபெரும் வெற்றி அடையும், வாழ்த்துக்கள்",0,tamil
கொங்கு தேச அனைத்து கவுண்டர் வகையரா சர்பாகவும் தேவர் நாய்க்கர் செட்டியார் முதலியார் பிள்ளைமார் நாடார்   இனம் அனைத்து பிற்படுத்தபட் இனம் சார்பாக படம் வெற்றி பெற மணமார்ந்த வாழ்த்துக்கள்,0,tamil
பொள்ளாச்சில பெண்களை பாலியல் கொடுமை செய்யும்போது எல்லாம் அப்ப வாயையும் சூ...யும் மூடிக்கிடந்தவய்ங்க எல்லாம் இப்ப வீர வசனம் பேசுறாய்ங்களே,1,tamil
நான் கொங்கு கவுண்டர் வம்சத்தை சேர்ந்தவன் உங்கள் படம் 100 நாட்களையும் தான்டி வெற்றி கொடி பறக்க வாழ்த்துகள்,0,tamil
Dislike பண்ணின  தலைவர் fans la like பண்ணுங்க,0,tamil
Dislikes லாம் பீ அள்ளுற அடிமை புண்டைங்களா 🤣🤣,1,tamil
வைரவருக்கு நாய் வாய்ச்சமாதிரி தான் விஜய் அண்ணா haters கு பைரவா வாய்ச்சிருக்கு!!!,1,tamil
இந்த டிரைலை 10 தடவைக்கு மேல பார்தவங்க லைக் போடுங்க.,0,tamil
கலப்பு திருமணம் செய்தால் தான் சாதியை ஒழிக்க முடியும் என இளைஞர்களின் மத்தியில் தவறான எண்ணத்தை விதைத்த சரியான செருப்படி.,1,tamil
வலி வலி ரொம்ப நாள் வலி இது,0,tamil
அனைவரும் குடும்பத்துடன் பார்க்க வேண்டும் முக்கியமாக பெண் பிள்ளைகள் பார்க்க வேண்டும் .  இதை பார்த்தாவது பெண் பிள்ளைகள் விழித்துகொள்ள வேண்டும்.   வாழ்க நம் கலாச்சாரம்  ஒழியட்டும் கலாச்சார சீர் கேடுகள் மற்றும் சீர் கேடுகளை விளைவிப்பவர்கள் ...,0,tamil
மணிமாறன் ... மாயவரம் ... ஒத்தையா அல்ல மொத்தமா வாங்கடா....,0,tamil
மீண்டும் ஒரு மறுமலர்ச்சி வேண்டும்  நாடக காதல் கோஷ்டிகளுக்கு சரியான செருப்படி.... திருமா  & ரஞ்சித் சோழர் வகையறாக்கள் கதறல் 🤣🤣🤣🤣🤣🤣🤣,1,tamil
திரெளபதி படம் மாபெரும் வெற்றிப்படமாக அமைய வாழ்த்துக்கள் அனைத்து சமுதாய மக்களுக்கும் நாடகக் காதல் பலன் முகத்திரையை கிழிக்கும் படமாக நிச்சயம் அமையும் வாழ்த்துக்கள்,0,tamil
உங்களுக்கு அணைத்து விதத்திலும் நாங்கள் சப்போர்ட் பண்ணுவோம் ட்ரைலர் செருப்பால அடிச்ச மாதிரி இருக்கு,1,tamil
சிவகங்கை முத்திரையர்(அம்பலக்காரர்) சமுதாயம் சார்பாக இப்படம் வெற்றி பெற வாழ்த்துக்கள்......,0,tamil
ஒருத்தர  வாதத்திற்கு எதிர் வாதமாக அமைந்த இந்த படம் அமைய வாழ்த்துக்கள்.  நான் சாதி பேசுபவன் அல்ல. நான் சொல்லும் கருத்து இது தான். உயர்\கீழ் ஜாதி பிறந்தவனோ அல்லது பிறந்தவளோ. அல்லது அதே சதியை சேர்ந்தவர்களே யாரும் காதல் போர்வையில் பெற்றோரின் சம்மதம் இல்லாமல் திருமணம் செய்வது தவறு.  இது அனைத்து சாதியினருக்கும் பொருந்தும்.  அவர்கள் சம்மதம் இருந்தால் கல்யாணம் செய்யுங்கள் இல்லையேல் நீங்கள் தேர்வு செய்த நபர் தவறு என்று அர்த்தம்,0,tamil
இந்த படம் அனைத்து நாடக கம்பெனி நாய்களுக்கும் தரமான செருப்படியாக அமையும் என நம்புகிறேன். ஒட்டுமொத்த பெரும்பான்மை சமூகமும் ஒன்றுபட்டு #திரௌபதி வெற்றி பெற துணை நிற்போம்🤝,1,tamil
மோகன் ஜி டைரக்டருக்கு ஒரு வேண்டுகோள் இங்க கமெண்ட்ல சப்போர்ட் இவ்வளவு பண்றோம்னு சொல்லி படம் முடியும்போது கடைசில போடுங்க,0,tamil
இது எங்கயோ கேட்ட tune மாரி இருக்கே 🤔,1,tamil
இத்திரைப்படம் மாபெரும் வெற்றி அடைய திரைப்பட குழுவிற்கு தீரன் சின்னமலை கவுண்டர் பேரவை சார்பில் மனமார்ந்த வாழ்த்துக்கள்........,0,tamil
சிவகங்கை சீமை சார்பாக இயக்குனர்   அவர்களுக்கு வாழ்த்துகள்,0,tamil
டைரக்டர் கு முதல் படம் னா நம்ப முடியல,0,tamil
சூர்யா படம் வந்தாலே ஏன் ஆமைகள் வரிசையா வந்து அழுவுது,1,tamil
"பெண்களை காப்பாற்றுகிறார்களா ?? இல்லை பெண் என்ற பெயரில் சாதியை காப்பாற்றுகிறார்களா ?? ... பெண் தான் முக்கியம் என்றால் ஏன் ஆண் பெண் இருவரை கொலை செய்கிறீர் ..?? பெண் தான் முக்கியம் என்றால் முதலில் ஏன் கொலை செய்கிரீர் , அப்படி கொலை செய்து விட்டால் உங்கள் பெண் நன்றாக இருந்து விடுவாளா ?? காதலிப்பவன் ஒன்றும் உங்கள் பெண்ணை கட்டாய கல்யாணம் பண்ணவில்லை , கொடுமை படுத்தவில்லை பிறகு என்ன காரணத்திற்காக கொலை !!??.. உங்களின் சாதி வெறிக்கு வீன் நியாயம் தேடாதீர்... திருந்துங்கள் , பக்குவ படுங்கள்.. காட்டு மிராண்டி கூட்டம் இல்லை நாம் , நாகரீகம் அடைந்த மனிதர்கள்..",0,tamil
96 ரஜினி சொன்ன பதிவு இருந்தா காட்டுங்கள் எத்தனை தடவை தான் தவறான தகவலை சொல்விங்க,1,tamil
ஜாதி படம் எடுக்குர நாய் எல்லாம் நாசமா பேகணும் து நாய்,1,tamil
வாங்க வாணி போஜன். ரொம்ப நாள் கழிச்சு ஒரு தமிழ் நடிகை அதுவும் சொந்த குரலில் பேசி நடிப்பதை பார்க்கவும் கேட்கவும் சந்தோஷம்! நீங்க வெள்ளி திரையில் ஒரு round வர வாழ்த்துக்கள்!,0,tamil
மரத்த நட்டா..மண்ண காப்பாத்திடலாம்..பொண்ண படிக்க வச்சா ...அதுவே அத காப்பாத்திக்கும்...,0,tamil
01:16 ஏகன்ல அமுல் பேபியா இருந்த நவ்தீப்பா இது,0,tamil
தமிழ் சினிமாவில் 8வருடங்களுக்கு பிறகு ஒரு தரமான படம் திரெளபதி எனது சார்பாகவும் என் ஊர் சார்பாகவும் மோகன் அண்ணாவுக்கு வாழ்த்துக்கள்...எனது சார்பாக நான் 150பேர் படத்திற்கு இலவசமாக அழைத்துச் செல்கிறேன்...படம் வெற்றி பெற பச்சையாங்குப்பம் வன்னியர் கிராமம் சார்பாக வாழ்த்துக்கள்,0,tamil
அரியலுர் மாவட்டம்செந்துறை ஒன்றியம  மேற்கு  நக்கம்பாடி பாட்டாளி மக்கள் கட்சி சார்பாக படம் வெற்றி பெற வாழ்த்துகள்,0,tamil
மனித சாதி சார்பாக படம் வெற்றி அடைய வாழ்த்துக்கள்...,0,tamil
சூப்பர் தல விழுப்புரம் ஜெ குரு சார்பகா வாழ்த்துக்கள் வன்னியா பிரபாகரன்,0,tamil
அடிச்ச திருப்பி அடிக்கிறவா தா ட சத்ரியன்  ஜாதி கள் வேணும் அடி பாப்பா,0,tamil
திருநெல்வேலி (திசையன்விளை பகுதி) நாடார் சமுதாயம் சார்பாக திரெளபதி படம் மாபெரும் வெற்றியடைய வாழ்த்துக்கள்.,0,tamil
வீடியோவில் வரும் வசனங்கலுக்கு கதர்ரானுங்கலோ இல்லையோ. கீழ இருக்குர கருத்துகல பாத்துட்டு என்னாடா எல்லா சாதி காரங்கலும் ஒன்னு கூடிட்டானுங்கனு குருமா கும்பல்  கதர ஆரம்பிச்சுருபானுங்க......,0,tamil
முதலியார் சார்பாக படம் வெற்றி பெற வாழ்த்துக்கள்!!!,0,tamil
பேசுங்க டா நீங்க உங்களால ஒ௫ புண்டையும் பண்ன முடியாது உங்க அப்பா கைபேசியை தட்டி விட்டதுக்கு ஒ௫ புண்டையும் பேசாமல் இ௫ந்த இப்ப என்ன புண்டைக்கு பேசுற காசு கொடுக்குறானு பேசுறியா,1,tamil
போயர் இன மக்கள் சார்பாக இப்படம் வெற்றி பெற வாழ்த்துக்கள்   பா.ரஞ்சித்,0,tamil
செம்ம மாஸ் அண்ணா,0,tamil
பரியேறும் பெருமாள் சமூக நீதிப் படமென்றால் ...  திரௌபதி யும் சமூகநீதி படம்தான்,0,tamil
தேவர்ஆட்டம் பரியெறும் பெருமாள் அசுரன் திரௌபதி... போன்ற எந்த சாதி மதம் சார்ந்த படங்களாலும் ஆரோக்கியம் அல்ல நாட்டுக்கு...,0,tamil
ஆக மொத்தம் சாதி சாதி னு எல்லாரும் அடிச்சிகிட்டு சாகனும் ...,1,tamil
Tharamana trailer... இனி எவனாவது அடங்க மறு அத்து மிறு சென்னா வெட்டு தான்டா....,1,tamil
மோகன்.G அண்ணா உங்கள் படம் வெற்றி அடையும் அண்ணா RK.சுரோஷ் திரைக்கு கொண்டு வருவாரு,0,tamil
28000 கமெண்ட் இருக்கு . ஒவ்வொரு கமெண்ட் ம்  அவரவர் ஜாதி சொல்லி வாழ்த்துக்கள் என்ற படி இருக்கிறது. படம் வரும் முன்பே இத்தனை ஜாதி வண்மம் கொந்தளிப்பு என்றால் படம் வந்தால் கண்டிப்பாக பிரச்சனை உறுதி. இது போன்ற படங்கள் இந்த காலத்தில் எடுப்பது வெந்த புண்னில் வேல் பாய்ச்சுவது போல. பாவம் மக்கள். ஓம்குமார் மதுரை,1,tamil
Mark My Words ஏன் டயலாக்தான் சூர்யா படத்துல சொல்லி இருக்கா அப்படி என்ன தமிழ் நாட்டுல ஒருத்தன் கதறுவான் பாருங்கள்,1,tamil
அனைத்து பெண்களும் பார்க்க வேண்டிய விழிப்புணர்வு படம்...,0,tamil
இந்த மாதிரி படத்தலாம் எப்டிடா உங்களால கொண்டாட முடியுது அட கம்முநாட்டி முண்டங்களா,1,tamil
ஆயிரம் பெரியார் வந்தாலும் நம் மக்களைத் திருத்த முடியாது,0,tamil
முத்தரையர் சமுதாயம் சார்பாக படம் வெற்றி பெற வாழ்த்துக்கள்,0,tamil
ஒரு படம் வரும் சொன்னா அத பாராட்டி வரவேற்க்றத விட...... இது என்னய மொக்க படம் சொல்லரதுதான் அதிகம். தயவுசெய்து முழுப்படமும் பார்த்துட்டு உங்க கருத்தை சொல்லுங்க.  நல்ல படங்கள வரவேற்கிறதுல தப்பு இல்லை,0,tamil
முக்குலத்தோர் சார்பாக படம் வெற்றிபெர வாழ்த்துக்கள்... பாசக்கார புதுக்கோட்டை காரணாக..,0,tamil
"தி௫மாவளவன் மற்றும் ரஞ்சித் நாடகக்காதல் பயிற்சி பட்டறை வழிகாட்டுதலின்படி,   வன்னியர் பெண்களை காதலித்து  கவுண்டர் பெண்களை தி௫மணம் செய்து  முதலியார் பெண்களை கட்டியனணத்து  ஜாதியை ஒழிக்க போவதாக உறுதி மொழி ஏற்று நகர்ந்தார், அந்த நீல சட்டை அணிந்த சரக்கு மிடுக்கு தோழர்.",0,tamil
நான் நினைப்பதே வேறை நாம் தமிழர் கட்சியின் சாயல்...,0,tamil
அருவி போல ஒரு வித்தியாசமான கதையா இருக்கும்போல,0,tamil
இப்படத்தை இயக்கிய வன்னியர் இன இளைஞர்க்கு தளபதி ஜான்பாண்டியர் இளைஞர்படை சார்பாக வாழ்த்துக்கள் ...      இப்படம் மாபெரும் வெற்றி பெறும்,0,tamil
இது போன்ற திரைப்படங்கள் தொடர்ச்சியாக வர வேண்டும். அப்போதுதான் இளம் பெண்களும் அவர்களது பெற்றோர்களும் விழிப்புணர்வுடன் இருக்க உதவும்.,0,tamil
நீண்ட வருடங்களுக்கு பிறகு நல்ல நகைச்சுவை திரைப்படம்  பாராட்டுக்கள்,0,tamil
செஞ்சி வன்னியர் சங்கம் சார்பாக வாழ்த்துக்கள் மோகன் ஐீ.,0,tamil
1996 அரசியல்  திமுக  புதிதாக உருவான தமிழ் மாநில காங்கிரஸ் கட்சிக்கு ரஜினி தேவைப்பட்டார்  ஜெயலலிதா ஆட்சியினை அப்புறப்படுத்த எதிர்கட்சிகளுக்கு ரஜினி தேவைப்பட்டார்  ரஜினி பெயரை சொல்லி வாக்கு கேட்டு வென்றனர்🤘  கோமாளி பட இயக்குனருக்கு வரலாறு தெரியுமா,1,tamil
படம் 100 நாள் வெற்றிகரமாக ஓட வேட்டுவ கவுண்டர் சார்பாக வாழ்த்துகள்.,0,tamil
உண்மை சம்பவத்தை திரையில் காட்ட ஒரு ஆண்மை வேண்டும் #திரௌபதி படத்த வெற்றி பெற வைக்க வேண்டியது எங்கள் கடமை,0,tamil
நாயக்கர் & தேவர் சமுதாயம் சார்பாக படம் வெற்றியடைய வாத்துக்கள்,0,tamil
தமிழில் இது போல் பல படங்கள் வந்துள்ளன ஏன் அப்போது எதிர்ப்பு தெரிவிக்கவில்லை இந்த படத்திற்கு மட்டும் ஏன் இவ்வளவு எதிர்ப்பு சொல்லுங்கள்,0,tamil
நான் அரசியலுக்கு வருவது உறுதி... dai இது 96,0,tamil
யாதவர்கள் சார்பாகா இப்படம் மாபெரும் வெற்றியடைய வாழ்த்துக்கள்,0,tamil
கொங்கு மக்கள் சார்பாக வெற்றி பெற வாழ்த்துக்கள்,0,tamil
இயற்கையாகவே உற்பத்தி ஆகுற நதிய தனக்குமட்டும்தான் எண்டு சொந்தொங்கொண்டார்ர உரிமைய யாருங்க குடுத்தா???  யாருட்டையாவது பதில் இருக்கா....,1,tamil
தமிழ்நாடு பார்க்கவ குல இளைஞர் அணி சார்பாக படம் மாபெரும் வெற்றியடைய வாழ்த்துக்கள்,0,tamil
படம் மாயா எடுக்குகிறிங்க பல பேருக்கு எப்படி சொல்லி புரிய வைக்கணும் எப்படி சொல்லணும் எப்படி சொல்றதுன்னு தெரியாம இருந்த மக்களுக்கும் பெண்களுக்கும் பள்ளி மாணவிகளுக்கு கல்லூரி மாணவியருக்கும் அனைவருக்கும் புரிய வைக்கணும் அதாவது அவங்களை தெரிஞ்சுக்கணும் அந்த அளவுக்கு திரவுபதி இருக்கும்னு நம்புறேன் இப்படி ஒரு படம் வரும்னு எதிர் பார்க்கவில்லை வாழ்த்துக்கள் அருமை இதேபோல் மீண்டும் நல்ல கருத்துள்ள படமாகவும் நாடகக் காதலை ஒழிப்பதற்கும் மேலும் படங்கள் எடுக்க வேண்டும் அதற்கு அனைத்து சமுதாய மக்களின் ஆதரவும் கண்டிப்பாக இருக்கும் இது சாதிய படமாக்க பார்க்காமல் ஒரு நாடக காதல் கும்பலை அளிக்கும் படமாக பார்க்க வேண்டும் வாழ்த்துக்கள்,0,tamil
"தமிழ் குடிகளுக்குள் பகையை வன்மத்தை வளர்க்கும் படம் , அதே திருமா - ராமதாஸ் நாடகக்காதல் கதை , இது உருபடறதுக்கான வழியாக தெரியவில்லை , தமிழர்களை மீண்டும் மீண்டும் சாதியாக பிளக்கவைக்கும் படம் , தமிழர்கள் சக மனிதர்கள் மீது சாதிய வன்மம் வளர்க்கும் இதுபோன்ற படத்தை ஆதரிக்காமல் கடந்து செல்ல வேண்டும் !",1,tamil
அதான் ஒரு படம் கூட நல்ல படம் வந்துடக் கூடாது இதே வேலைய தருவீங்களா,0,tamil
கொங்கு வேட்டுவக் கவுண்டர்கள் மற்றும் முத்தரையர்கள் சார்பாக படம் வெற்றி பெற வாழ்த்துக்கள் ங்க.  கொங்கு கவுண்டர் படை,0,tamil
நான்  வன்னியர்  இந்த  படம்  படுதோல்வி  அடைய  வாழ்த்துக்கள் ...,0,tamil
அப்படி ஒரு ரகசிய அடி குடுக்கணும். அடிக்கணும். ஆனா அடிச்சது இந்த உலகத்துக்கு தெரியக்கூடாது.  அவ்வளவு ஏன்!!!!! அடி வாங்குனவனுக்கும் தெரியக்கூடாது. . மிரட்டல் வசனம்.,0,tamil
தமிழ் புல்லிங்கோ  யார் ல இருக்கீங்கோ !!!,0,tamil
புதுக்கோட்டை முக்குலத்தோர்  சார்பாக படம் பிரம்மாண்ட வெற்றியடைய வாழ்த்துக்கள்!,0,tamil
ஒத்த ட்ரெய்லர் ஒட்டு மொத்த ஜாதிக்காரனையும் ஒண்ணா சேத்துருச்சு.. திண்டுக்கல் கொங்கு வெள்ளாள கவுண்டர்கள் சார்பாக படம் பட்டி தொட்டியெங்கும் வெற்றியடைய வாழ்த்துக்கள்..  போட்டி ங்கறத மத்ததுள காட்டுங்கடா.. இப்டி கீழ்த்தரமான புத்தியாளதாண் அப்பவே உங்கள ஒதுக்கி வெச்சாங்க.. முன்னோர்கள் முட்டாள் அல்ல,0,tamil
சேனைத் தலைவர் சமுகம் சார்பாக இப்படம் வெற்றி பெற வாழ்த்துக்கள்,0,tamil
தொல் திருமா குருமா  தேவிடியா பையன் பாய்ஸ் இருக்கிங்களா இருந்தா வந்து இங்க கமெண்ட்ஸ் ஆஹ் செக் பண்ணிட்டு போங்க தேவிடியா பசங்களா    நாடக காதல் புண்டைகளுக்கு ஆப்பு திரெளபதி படம்  மாபெரும்வெற்றிஅடையும்,1,tamil
பிரபு தேவா படத்தை திரை அரங்கில் பார்த்து கொண்டு இருக்கும் போதே தெறித்து ஓடியவர்கள் யார் எல்லாம்,1,tamil
ஆறுநாட்டு வெள்ளாளர் சமூகம் சார்பாக திரைப்படம் மாபெரும் வெற்றிகளை குவிக்க எனது வாழ்த்துக்கள்,0,tamil
"எனக்கு தெரிஞ்ச  ஒரு மெக்கானிக் பையன் இருந்தான், அவன் புரட்சியாளர்கள் சொல்றமாதிரி ஆதிக்கசாதிதான். அவன் ஒரு பொண்ணை காதலிச்சி இழுத்துகிட்டு ஓடிட்டான். அந்த பொண்ணு அதே புரட்சியாளர்கள் சொல்லும் ஒடுக்கப்பட்ட சமூகம்தான்.  அந்த பொண்ணோட அப்பா அப்பாடா என் பொண்ணு ஒரு ஆதிக்கசாதி பையனோட ஓடிப்போச்சு னு பெருமையாடா படுவான்.? கதிகலங்கிதான்டா நின்னான்.  அந்த காரியத்த அதிகமா பன்றவனுக்குதான்டா கோபம் வரனும். நீங்கதான் தெய்வீக காதோல் பன்றீங்களே.! உங்களுக்கு ஏன்டா கோபம் வருது.?  #திரௌபதி",1,tamil
ஜாட படம் பார்த்து பிகில் பட டீம் கத்துக்கனும் ((அட்லி)),0,tamil
இங்கே தமது சமுதாயத்தை பற்றி பெருமையாக போடுபவர்கள் எல்லாம் ஜாதி வெறி பிடித்தவர்கள் அல்ல.. அவர்களுக்கு தமது சமூக பற்று அதிகம் ... ஆனால் இந்த டிரெய்லர் ஐ பார்த்து விட்டு வயிறு எரியிது பார்த்தாயா..அவன் தான் உண்மையான ஜாதி வெறி பிடித்தவன்.. நிதர்சனம் சிலருக்கு கசக்கும் புரிந்தவன் பிஸ்தா,0,tamil
ஈரோடு  சத்தியமங்கலம் முத்தரையர்கள் சார்பாக மாபெரும் வாழ்த்துக்கள் இது கண்டியப்பாக வெற்றிப்படம் 6,0,tamil
இப்படி தான் காமராஜர் ஒரு நாள் காரில் போகும் போது,0,tamil
கண்டிப்பா இந்தப் படம் தியேட்டர்ல ரிலீஸ் ஆகணும் வாழ்த்துக்கள் மோகன்ஜி,0,tamil
தேவேந்திரகுலவேளாளர் சார்பாக வாழ்த்துக்கள் ...... நாடக காதல் செய்யும் நபர்களை தோல்உரிக்கும்,0,tamil
நாயக்கர் சமூகம் சார்பாக இப்படம் மாபெரும் வெற்றியடைய வாழ்த்துகிறோம்,0,tamil
பீனிக்ஸ் பறவை மாதிரி எரிக்க எரிக்க எழுந்து வா #தல,0,tamil
வார்த்தை யே இல்லை சும்மா தியேட்டர் அலற போகுது,0,tamil
அனைத்து தகப்பன்களுக்குள்ளும் கொளுந்து விட்டுக்கொண்டிருந்த தீ தற்போது ஜுவாலையாக. அனைத்து கவுண்டன்களின் சார்பாக வாழ்த்துக்கள். படத்தை வளர்ப்போம்....,0,tamil
கம்மெண்ட் செக்சன் இல் தன் ஜாதியை இவ்வளவு பெருமிதத்தோடு பதிவு செய்வதை பார்க்கும்போது வேதனையாக இருக்கிறது :(,1,tamil
எங்களின் மனக்குமுறலை திரைப்படமாக எடுத்ததற்கு இயக்குனருக்கு நன்றிகள் பல.,0,tamil
ரஜினி பார்த்தால் இந்த நியூஸ் லா சொன்ன மதிரி ஒரு நிமிசம் தலை சுத்தி போச்சுன்னு நினைப்பார்,1,tamil
N.G.K திரைப்படம் வெற்றியடைய தளபதி ரசிகர்களின் சார்பில் வாழ்த்துக்கள்,0,tamil
அய்யா இது  லவ் மூவி இல்ல  பைடிக் மூவி,0,tamil
இந்த படம் வெற்றியடிந்தால் அது நமது சமுதாயத்திற்கு கிடைத்த வெற்றி நம் வீட்டு பெண்களுக்கு கிடைத்த வெற்றி ஆகும்,0,tamil
சேதுபதி இந்த படத்திலயும் பையன சுட்டுடாரூ போல,0,tamil
ஜெயலலிதா வாழ்க்கையை பற்றி தமிழ் மக்களுக்கு தெரியாதா ஓ நீ இயக்குனர் என்றதால என்ன வெண்ண வேணா கதைப்ப நாங்க கேட்டுடு இருக்கனும் போட இயக்குனர் சுண்****ணாம்பு ஜெயலலிதா எதற்காக இறந்தா யார் அந்த வில்லு (அம்புதான் யார்னு தெரியுமே) எல்லா புண்****ணாக்கும் எங்களுக்கு தெரியும் நீ ஏன் ஜெயலலிதா கதைய வச்சு இணையத்தள நாடகம் மற்றும் திரைப்படம் எடுக்க என்றும் எங்களுக்கு தெரியும் உன் நாடகம் எங்களிடம் அரங்கேறாது.,1,tamil
148 k  1408000 பேர்க்கு மேல இதுவறை  ரசித்துள்ளனர் இங்கு,0,tamil
அருமை அருமை நான் எதிர் பார்த்த படம்... என்னுடைய வேதனையை சொல்லும் படம்.... நன்றி நன்றி....,0,tamil
இந்த சாதி இருக்கும் வரை இந்தியா முன்னேற வாய்ப்பில்லை. இது போல படம் எடுத்து சாதி வெறியை வளர்க்காதீர். அனைவரும் சிறிது அறிவை பயன்படுத்தி இது போன்ற படங்களுகு  ஆதரவாக இருக்க வேண்டாம். அனைவரையும் சக மனிதராக பார்க்க பழகுவோம்.,0,tamil
பென்னாகரம் சார்பாக படம் வெற்றி பெற வன்னியர் வாழ்த்துக்கள்,0,tamil
இந்த படத்தின் நடிகை ஜெயங்கொண்டம் (எ) ஜெயங்கொண்ட சோழபுரம் ஊரை சார்ந்தவர். படம் வெற்றி பெற வாழ்த்துகள்... மாவீரன் அவர்களின் புகழ் போற்றி போற்றி.....,0,tamil
தமிழன் எல்லாம் இப்படி சாதி சண்டை போட்டுக்கிட்டு இருங்க வாழ வந்தவென்லாம் நம்மை ஆண்டுகிட்டு இருக்கான்,0,tamil
என்ன ஒரு பையன் வாய திறக்கல டேய் பொள்ளாச்சில பொண்ண ஏமாத்தி நாடக காதல் பண்ணான் அவன் எந்த சாதி காரன்......சும்மா முட்டா புண்...... மாதிரி படம் எடுக்க வந்துட்டானுங்க......,1,tamil
தரமான படம்.......வாழ்த்துக்கள் டைரக்டர் அவர்களே....ரிச்சர்டு நடிப்பு & கதாநாயகி நடப்பு வேற லெவல்.....#வாழ்த்துக்கள்,0,tamil
ரொம்ப நாளுக்கு அப்புறம் இப்பதான் மணிரத்னம் படம் பாக்கலாம்னு தோணுது....,0,tamil
செவ்வாய் கிரகத்தின் சார்பாக படம் மாபெரும் வெற்றியடைய வாழ்த்துக்கள்.....,0,tamil
அப்படியே துலுக்கன் மதவெறி பத்தியும் ஒரு படம் எடுங்கய்யா,0,tamil
தமிழ்நாடு  கவரகுலத்தோர் நாயுடு சமூகத்தார்கள் சார்பாக வாழ்த்துக்கள்,0,tamil
நத்தம் முத்தரையர்கள் சார்பாக படம் வெற்றியடைய வாழ்த்துக்கள். வெற்றிக்கு தோழ்கொடுப்போம்,0,tamil
திரௌபதின்னா 5 பேர் பொண்டாட்டி. வ(சு)ன்னி பெண்கள் அப்படியா??? அய்யோ அய்யோ... இத சொன்னா நம்மள....,1,tamil
"வெற்றி பெற வைப்போம்,,, இட ஒதுக்கீடு வேண்டும், ஆனால் ஜாதிய ஒழிக்க கலப்பு காதல் செய்து ஒரு குடும்பத்தோட கனவ கெடுத்து அந்த பொண்ணோட வாழ்க்கையையும் கெடுத்து குட்டிச்சுவராக்கனும் என்னங்கடா உங்க விசிக த்தனம் அட பதருகளா.........",0,tamil
நாடார் இனம் சார்பாக இந்த படம் வெற்றி பெற வாழ்த்துக்கள்,0,tamil
இது தான் உண்மையான சமூக படம் உண்மையான காதலை யாரும் எதிற்பதில்லை நாடக கம்பெனி குரூப் சரியான செருபடி,1,tamil
கடைசில rajini ய வச்சு செஞ்சுடிங்களே டா,1,tamil
குடியுரிமை திருத்தம் எதிர்த்து தமிழர்கள் முசுலீம் ஒன்றாக போராடும் போது இந்த ஒற்றுமை இல்லையே பங்காளிகளா... தமிழன் எனும்போது ஒன்று சேராத நீங்கள் சாதி என்றதும் ஒன்று சேருவது எந்தமாதிரி மனநிலை.................,0,tamil
தமிழ்நாடு கள்ளர் குலம் சார்பாக படம் வெற்றி பெற வாழ்த்துக்கள்...,0,tamil
Selvaragavan padam புரிய ஒரு யுகமே தேவபா...,1,tamil
"இங்கே திரௌபதி ட்ரைலரைப் பார்த்து விட்டு, நிச்சயமாக நான், திரைப்படத்தை திரையரங்குகளில் தான் பார்ப்போம் என்று சொல்வார்கள் யார்? யார்?.",0,tamil
மனிதகுலம் சார்பாக.. படம் வெற்றி அடைய வாழ்த்துக்கள்....,0,tamil
இறுதிச்சுற்று ரித்திகா சிங் Hit like here...,0,tamil
வயசான காலத்துல தலைக்கு எதுக்கு இந்த வேலை.,1,tamil
"10 நிமிசத்துல 7000 பேர் அன்லைக் செய்திருக்காங்க, நமக்கு ஒருவரை பிடிக்கலனா,  அவங்க இருக்கற பக்கம் தலை வைத்து படுக்காதவன் தமிழன். தேடி போய் நீங்க நல்லால உங்கள் படம் நல்லால சொல்றது , பிழைப்பற்ற பொறாமைகாரர்களால் மட்டுமே சாத்தியம். எதிரியையும் ராத்திரி 12.00 மணிக்கு தனக்காக வெயிட் செய்ய வைத்து அவர்களை புலம்ப விடுவதில் வல்லவர் தான் நம் தல...   தல போல வருமா",1,tamil
ஓவ்வொரு ஹிந்துவும் பார்க்க வேண்டிய படம்........  #நாடக_காதல் வீட்டிற்கும் சமுதாயத்திர்கும் சாப கேடு,0,tamil
சேது அண்ணா  #police getup ல மங்காத்தா    தல மாதிரியே இருக்காரு,0,tamil
"தெலுங்கர்  நடிகர் உதயநிதி ,தமிழர்களை ஏமாற்ற உன் தாத்தன், உன் அப்பன், இப்ப நீயா",1,tamil
எங்க ஊர் நன்னிலம் கும்பகோணம் பக்கம்... என் சொந்த ஊர்...,0,tamil
ஆமா திரௌபதிக்கு 5 புருஷனா 10 புருஷனா டா படத்தில?,1,tamil
"இந்த மீயூசிக்க எங்கையோ கேட்ட மாதிரி இருக்குனு பாத்த,,,எங்க வீட்டு fridge ah ரொம்ப நேரம் துறந்து வச்சா இந்த bgm தாங்க வரும்,,,, #நீங்க நம்பளைனாலும் அதான் நெசம்",1,tamil
எதிர் பாத்துகிட்டு இருந்த.....படம் எப்போ வரும்னு....பா.குஞ்சித் துங்கமாட்டான்,1,tamil
எங்கள் தலைவரை மறைமுகமாக விமர்சிக்கும். பெட்டை கூட்டம். தைரியம் இருந்தால் இந்த படத்தை வெளியிடுங்கடா பார்க்கலாம். எங்கள் அண்ணன் இருக்கும் வரை இந்த படத்தை வெளியிட தடை வாங்குவோம். மேலும் ஜாதி வெறி தூண்டுவதாக இயக்குநர் முதல் நடிகை வரை அனைவருமேலயும் சட்டபடி நடவடிக்கை எடுக்க கோர்ட் வரை செல்வோம்,1,tamil
திரெளபதி  படம் ரிலீஸ் அன்று படத்தை வெளியிடவும்.... (திரெளபதி fan),0,tamil
Aliens  சமூகம் சார்பாக படம் வெற்றியடைய வாழ்த்துகள்,0,tamil
ஐ லவ் கே வி ஆனந்த் டிரக்ட்சன்,0,tamil
திரெளபதி ஹீரோ எனக்கு மட்டும்தான் அன்புமணி மாதிரி தெரியுறாரா..?,0,tamil
திருச்சி விஸ்வபிராமின் சமுதாய  மக்கள் சார்பாக இந்த படம்  வெற்றி பெற வாழ்த்துக்கள்  ஓம் விராட் விஸ்வ பிரம்மனே நம,0,tamil
வேற்று கிரகத்தில் வசிக்கும் ஏலியன்ஸ் சார்பாக படம் வெற்றி பெற வாழ்த்துக்கள்,0,tamil
குறைகள் ‌மட்டும் உனக்கு தெரிந்தால் தவறு‌ உன்‌ மேல் தான் இருக்கு.....,0,tamil
கே.வி.ஆனந்த் சார்... இன்னும் ஹாரிஸ் ஜெயராஜ விடலயா...?,0,tamil
தமிழ்நாடு தச்சு ஆசாரி... சங்கம் சார்பாக இந்த படத்தை வரவேற்கிறோம்.... எல்லா நம்ம தமிழ்நாடு அரசாங்கம் அடித்தட்டு மக்களாக இருப்பவங்கள... முன்னேற்றி பிழைக்க தான் வழிய கமிச்சாங்க... அதுக்காக ..... இருக்க இடம் கொடுத்தா படுக்க இடம் கேப்பாய்களா...,1,tamil
பிரபுதேவா எல்லாம் போலீஸ் 🤦‍🤦‍ சிரிப்பு தாங்கல  வேற வலி இல்ல. நானும் Like போட்டுட்டுடேன்......,1,tamil
Thanks to Mohan G. பெண்பிள்ளைகளை காக்க வந்த கடவுளின் மறு அவதரம் எங்கள் மோகன்ஜி.,0,tamil
என்னடா சாதி கு** மயி*** மாரி   இருக்கு போங்கடா லூசு புன்***    ஜெய் பீம் அனைவரும் மனிதன்தான் மனிதம் மற்றும் தான் திர்வாகம்,1,tamil
நாடக காதல் இது புதுமையாக இருக்கு. எப்பொழுதுமே பெண்கள்  ஆண்களை விட தெளிவாக இருப்பாங்க. ஒருவன் பேசும் முறைகளை வைத்தே அவனை எளிதில் Analysis பன்னிடுவாங்க. இது மாதிரி படங்களை எடுத்து அவங்க அசிங்கம் படுத்தாதிங்க. 2020 வது இல்ல 2060ஆனாலும்  திருந்தாத ......................... கள்.     அ,0,tamil
இனி இது மாதிரி அதிகமான படம் எடுக்கனும் . மக்களே விழித்துக்கொள்ளுங்கள்...,0,tamil
Super.. அட்டகத்தி மெட்ராஸ் கபாலி காலா குண்டு பரியேறும் பெருமாள் இந்த மாதிரியான படத்தை எல்லாம் பார்க்கும் போது தான் எனக்கு ஜாதி ன்னும் ஒன்னு முக்கியம்னு தோணுச்சு..  இப்படியாப்பட்ட படத்தை தான் நான் நீண்ட நாளாக எதிர்பார்த்து இருந்தேன்  டைரக்டர் மோகன் அவர்களுக்கு எனது மனமார்ந்த வாழ்த்துக்களும் நன்றிகளும்,0,tamil
HEY ...இது 96 யாரை ஏமாத்த பாக்குறீங்க ....வச்சான் பாரு ட்ரைலர் ல CLIMAX  AH.....வேற லெவல்...,1,tamil
நான்  அரசியலுக்கு  வருவது  உறுதி  ரஜினி  இது 2016 ஏய் 1996  டா  ultimate  கலாய் s,1,tamil
இந்த திரைப்படம் வெற்றி பெற்று வெள்ளி விழா கொண்டாட  வாழ்த்துக்கள்.,0,tamil
"மண்ணும் ஆறறிவுள்ள பெண்ணும் ஒன்றா? பெண்ணின் யோனியில் தான் மனிதனின் கெளரவம் இருக்கிறது? பிற்படுத்தப்பட்ட பெண்ணை தலித் திருமணம் செய்தால் தான் பிரச்சினையா? அல்லது அதே பிற்படுத்தப்பட்ட வகுப்பைச் சேர்ந்த நாவிதர், வண்ணார், குயவர் இவர்கள் திருமணம் செய்தால் சம்மதமா? மனிதனை மீண்டும் காட்டுமிராண்டி ஆக்கும் படம். இதை பார்த்து வெட்டி கொலை செய்துவிட்டு வழக்குகளை சுமக்க வேண்டாம். அவன் பணம் சம்பாதிக்க நம்மை உசுப்பி விடுகிறார்கள்.",1,tamil
அடேய் குஞ்சித்து ..குருமா என்னடா பண்ணி வச்சிருக்கீங்க ...ஒட்டுமொத்த தமிழ் சமூகத்தயே பறயர் சமுகத்துக்கு எதிரியா சம்பாரிச்சி வச்சிருக்கீங்களேடா ..இந்த கமெண்ட்டுஸ்ல பாத்தாவே தெரியுதுடா எல்லாம் எவ்ளோ காண்டுல இருக்காங்கனு ...இனிமேலாவது திருந்துங்கடா த்தூ,1,tamil
"இத்தனை சாதிகளா என்றால் இல்லை இத்தனை பாராம்பரியம். ஒவ்வொரு சாதி சமுகமும் ஒவ்வொரு விதத்தில் சிறப்பு.அடுத்த சாதி பெண்னை திருமண செய்தால் சாதி ஒழியாது.  நம் ஒவ்வொரு சமுகமும் நன்கு படித்து,உழைத்து நம் சமுகத்தில் கீழே உள்ளவர்களை மேலே கொண்டு வர வேண்டும். தவிர அடுத்த சமுகத்தை மதித்து, உதவி செய்து வாழ வேண்டும். இல்லையேல் # திரௌபதி வீறுகொண்டு வருவாள்.",0,tamil
சூத்திர பசங்களா  நீங்களாம் உண்மையிலே   மென்டலா இல்ல மென்டல் மாதிரி நடிக்கிறீங்களாடா   ஏன்டா திரௌபதி ஒரு தேவிடியா அந்த பெயர்ல தலைப்பு வச்சு நீங்களாம் யாருனு அப்பப்போ நிருபிக்கிறீங்கடா,1,tamil
போராடுவது தப்பு என்றால் போராட தூண்டுவதும் தப்பு தானே.... நாம் தமிழர்......,1,tamil
முதலியார் சமூகம் சார்பாக இப்படம் மாபெரும் வெற்றி பெற வாழ்த்துகிறோம்.,0,tamil
சிம்புதேவனே சற்று ஓய்வெடுங்கள்.. வந்துவிட்டான் பரதன் வந்துவிட்டான்..,1,tamil
கயவர்கள்லால் மரைக்கப்படும் உன்மை வாழ்த்துக்கள் மோகண். G,0,tamil
மயிரு மாறி இருக்கு...மாங்காய் பாய்ஸ் வாட் றா இஸ் திஸ்...,1,tamil
"அறிவு கெட்ட நாயே ஜெயலலிதா ஒரு இரும்பு பெண்மணியட இறந்தவரை இப்படி கேலியாக படம் போடுவதை விட, உன்,தங்கை, உன் மனைவி,அல்லது, உன் அம்மா  இவர்கள் யாரேனும் ஒருவரது  மார்பிங் போட்டோவை போட்டால் நல்லா இருக்குமா?  யோசித்துப் பாரட. சொரி நாயே,",1,tamil
ஒரு குடும்பத்தின் கதறலை படமா மாற்றி உள்ளிர்கள் வாழ்த்துக்கள் வன்னிய நன்பா,0,tamil
ரஜிய வச்சு செஞ்சுட்டீங்க ... அருமை   வயிரு குலுங்க குலுங்க சிரித்தேன்..,1,tamil
அருமை தளபதி ரசிகர்களின் ஆதரவு என்றும் உங்களுக்கு இருக்கு வாழ்த்துக்கள் சூர்யா,0,tamil
கதை 2016ல நடக்குது ரஜினி அரசியலுக்கு வரேனு சொன்ன தேதி 31/12/2017  சரியாக வருடம் குறிங்க ராசா,1,tamil
குமரி மாவட்டம் நாடார்கள் சார்பாக வாழ்த்துக்கள்,0,tamil
இந்த படம் BCகான படம் தஞ்சை உடையார் பேரவை சார்பில் இந்த படம் வெற்றி பெற்ற வாழ்த்துக்கள்....,0,tamil
கொங்கு வேளாளர் கவுண்டர்கள் பேரவை பொள்ளாச்சி சார்பாக படம் வெற்றி பெற வாழ்த்துக்கள்,0,tamil
அடிச்சு தூள் கிளப்பு! புளூ சொக்காஸ் கதறல் கேட்க ஆனந்தமாக இருக்கிறது,0,tamil
இது ஒரு சாதி ரீதியான படம் இல்லை தான் செல்லும் வழி சரி என்று எண்ணிக் கொண்டு தவறான பாதையில் செல்லும் ஓர் முட்டாள் கூட்டத்தினை திருத்தும் படம்.,0,tamil
அல்லு சில்லு எல்லாம் ஒதுங்குடா அக்னி தாய் வருகிறாள்..!,0,tamil
சுபா கம்மாளச்சி சார்பாக இந்த படம் தமிழகம் எங்கும் ஒரு திருப்புமுனையாக அமைய இந்த படம் பெரிய வெற்றி அடைய என் கம்மாளர் குல சார்பாக வாழ்த்துக்கள்....,0,tamil
யுவன் சங்கர் ராஜா இசை இந்த படத்தின் ஒரு மைல்கல்  சூர்யா சார்   நடிப்பூ  வெறித்தனம்,0,tamil
"அரவிந்த் சாமிய ரசிக்கவா இல்ல சிம்பு ஸ்டைல பாக்கவா இல்ல அருண் விஜய பாக்கவா இல்ல விஜய் சேதுபதிய பாக்கவா இல்ல பிரகாஷ் ராஜ்  நடிப்ப பாக்கவா  ஜோதிகா முதிர்ச்சியான நடிப்ப பாக்கவா அதிதி ராய்,ஐஸ்வர்யா ராஜேஷ பாக்கவா  ஏ.ர்.ரஹ்மான் பிண்ணணி இசைய கேக்கவா  இல்ல  வைரமுத்துவோட தமிழ் கவிதைள் கொண்ட பாடல் வரிகளை ஆராயவா??சந்தோஷ் சிவன் ஒளிப்பதிவின் கோணங்களை பார்த்து ரசிக்கவா மணிரத்னமோட கிளாஸான மாஸ்  கதைய கவனிக்கவா??? எதை தான் பார்ப்பது????????எதை கவனிப்பது.??? பெரும் குழப்பம்.",0,tamil
Supar அக்சன் படம் supar தெணாவட்டு போல அக்சன் படம் supar,0,tamil
படத்தைப் படமாக பார்ப்போம்.... வெற்றி அடைய வாழ்த்துகள்...,0,tamil
தமிழ்நாடு குரும்ப கவுண்டர் பேரவையின் சார்பாக வாழ்த்துக்கள்,0,tamil
திரெளபதி திரைப்படம் வெற்றி பெற வாழ்த்துக்கள் அன்னா...,0,tamil
வாணிய செட்டியார் இனம் சார்பாக படம் வெற்றி பெற வாழ்த்துக்கள்,0,tamil
போலி போராளிகளின் முகத்திரை கிழிபடட்டும். ஏழைகுடியானவர்களின் மனக்குமுறலை படம் பிடித்திருக்கிறீர்கள் நன்றி உண்டு பல காலம்,0,tamil
யப்பா இது போல் டிரைலர் நான் இதுவரை பார்த்தது இல்லை. தல ரசிகன் என்று நான் சொல்வது எனக்கு மிக  பெருமையாக இருக்கிறது.,0,tamil
உசிலை பிரமலைக்கள்ளர் சார்பாக வெற்றி பெற வாழ்த்துகள்,0,tamil
"சாமி சிலை போல வடிவமைத்து ஒ௫ பாட்டு வ௫ம் பா௫ங்க அப்பாடா சொம, அதவிட சாமி சிலை நல்ல விலைனு எடுத்து சொன்னா௫ பா௫ங்க சே, இன்ணும் நெரயா பா௫ங்க ....",1,tamil
தல மாஸ் ப்பா செம மோட்டிவேஷன்  தல லவ் uuuuuuuu,0,tamil
அக்கா தங்கச்சி உள்ள அனைத்து ஆண்களும் கட்டாயம் பார்க்க வேண்டிய படம்,0,tamil
"வழி தப்பி போணவங்கல மன்னிக்கலாம், ஆனா தப்பான வழில போணவங்கள மன்னிக்க கூடாது",1,tamil
தர்மபுரி மாவட்ட செயலாளர் டாக்டர் அன்புமணி  தான் டான்,0,tamil
0:24 ப்பா என்ன மாஸ் லுக் சூர்யா அண்ணா எப்பவுமே மாஸ்,0,tamil
குரூமா குருப்பு குண்டி வெந்தே சாகபோரானுக வாழ்த்துக்கள் மோகன் சார்....,1,tamil
டிஸ்லைக் பண்ணவன் பூரா பயலும் நாடக காதல் குருமா கோஷ்டி பொட்ட பயலுங்க?,0,tamil
பிற ஜாதியை தாழ்த்தியும் தன் ஜாதியை உயர்த்தியும் சித்தரிக்கும் படங்களால்( பரியேறும் பெருமாள் திரௌபதி) தமிழ் மக்களிடையே பகைமையையே வளர்க்கும். இதனால் எந்த சமூக மாற்றமும் மாறப்போவதில்லை.,1,tamil
"நல்லாவே இல்லை அதே வேட்டைக்காரன்,குருவி,சுறா கண் முன்னாடி வந்து போகுது",1,tamil
விஸ்வகர்மா மக்கள் சார்பாக படம் வெற்றி பெற வாழ்த்தூக்கள்,0,tamil
பா ரஞ்சித் போன்ற இயக்குனர்களுக்கு உண்மையை உரக்கச் சொன்ன மோகன் அவர்களுக்கு நன்றி.படம் வெற்றி பெற வாழ்த்துகிறேன்.,0,tamil
இந்த படத்தை வன்னியர்கள் அனைவரும் பார்க்க வேண்டும்,0,tamil
ஏன்டா மூதேவி நீ உருப்படியா எதையுமே செய்யமாட்டியா?இதுல வெளங்காத  நாயி  G v prakash music வேற  நீ கடைசியா டைரெக்ஷன் பண்ற கடைசி படம் இதுவாகத்தான் இருக்கும் ....இப்போதான் புரியுது அமலாபால் உன்னைவிட்டுட்டு ஏன் போணான்னு,1,tamil
"ஏன்டா சோட்டா பீம் பசங்களா? அடுத்த சாதி பொண்ணுங்களையே காதலிக்கிறீங்களே, உங்க வீட்டு பொண்ணுங்கள என்ன பண்றதா உத்தேசம்???",1,tamil
செட்டியார்களின் சார்பாக படம் வெற்றி பெற வாழ்த்துக்கள்,0,tamil
இந்த படம் தமிழ் நாட்டில் வெற்றி பெறும் இந்த படம் சொன்ன கருத்து அனைத்து உண்மையான கருத்து தன் 🤺விழுப்புரம் வன்னியர் சங்கம் வாழ்த்துக்கள்,0,tamil
தென்மாவட்ட சாம்பவர் சமுதாயம் சார்பாக படம் வெற்றி பெற வாழ்த்துக்கள் ...,0,tamil
திராளபதி...   நம் சமுகத்தின் தளபதி.  படம் ஏற்கனவே வெற்றிபெற்று விட்டது.,0,tamil
நான் தர்பார் ட்ரைலரை ஒரு தடவைதான் பார்த்தேன். திரௌபதி ட்ரைலரை பல தடவை பார்த்துட்டேன். அருமை.,0,tamil
படம் வெற்றி பெற்ற திருநெல்வேலி தேவர் மக்கள் துனன 🤝,0,tamil
அடுத்த அடியின் ஆரம்பம் எங்கள் அண்ணா சூர்யா Ngk. Waiting for arrival of ngk movie,0,tamil
பாவம் ஆர்யா கெளரவ வேசம் வர நிலைமை ஆயிடுச்சு,1,tamil
இது போன்ற படங்களை குடும்பத்துடன் திரையரங்கில் பார்த்து படக்குழுவுக்கு ஆதரவு தெரிவிப்போம்,0,tamil
பூமியில் வாழும் மனித ஜாதி சார்பாக வாழ்த்துக்கள்  edit: I'm supporter of all living beings...,0,tamil
"திரௌபதி வெல்லும்,  வாழ்த்துக்கள் மோகன் அண்ணா . தற்போது youtube திரௌபதி படத்திற்கு எதிராக பொய்யான  தலைப்பில் வீடியோக்கள் பதிவு பதிவு   செய்யப்படுகிறது ...இதனை நம்பவேண்டாம்",0,tamil
நல்ல இருக்கு பட் மணிரத்னம் இல்ல ஹரி ரத்னம்,0,tamil
தருமபுரி வன்னியர் சமுதாயம் சார்பாக படம் வெற்றி பெற வாழ்த்துகள்,0,tamil
அருமையான படைப்பு. நாடக காதலுக்கு எதிரான முதல் திரைப்படம்..   வாழ்த்துக்கள்,0,tamil
"நீல சாயம் வெளுத்து போச்சு டும் டும் டும் டும்,  குருமா கும்பல் வேஷம் கலைஞ்சு போச்சு டும் டும் டும் டும்",1,tamil
நாடாண்ட நாடார்குலம் சார்பில் இந்த அண்ணாச்சியின் வாழ்த்துக்கள்,0,tamil
இது அவர்களின் முதல் சிலையை விட மோசமாக இருக்கு..,1,tamil
இந்த தறித்ரம் புடிச்சவன கதாநாயகனா நடிக்க வச்சதுக்கு....வேற யாரவெணும்னாலும் நடிக்க வச்சுருக்கலாம். மூஞ்சில ஒரு நடிப்பும் வரல,1,tamil
::-மதுரை கள்ளன்         திரேளபதி இடம் செருப்படி வாங்கிய பரியேரும் பெருமாள் 1⃣0⃣0⃣,1,tamil
கொங்குநாடு மக்கள் சார்பாக படம் வெற்றி பெற வாழ்த்துகள்......,0,tamil
திரெளபதி படம் மூலம் அனைத்து பிற்படுத்தப்பட்ட சமூகமும் சகோதரத்துவமாக சேர்ந்து உள்ளனர்.  இதனால் வரும்காலங்களில் அனைத்து பிற்படுத்தப்பட்ட சமூக தலைவர்களும் இந்திய முழுவதும் ஒன்றிணைத்து நாடக காதல் கலப்பு திருமணத்த சட்டப்படி தடைச்செய்து.நாடக காதல் கும்பலை தண்டிக்க நாடாளுமன்றத்தில் நடவடிக்கை  எடுக்க வேண்டும்.,0,tamil
எலேய் ரஞ்சித்து எலேய் வெற்றி மாறா  நீங்களும் வாங்கப்பா கமெணட்டுகுள்ள....நீ சம்பாதித்த காசுக்கு நேர்மை என்னன்னு இங்க 28லடசம் பேரு சாட்சி சொல்றாங்கப்பா.... மோகன் ஜீயின் கடமைக்கு 100சலாம் நண்பா,1,tamil
"அகில இந்திய இளைய தளபதி விஜய் அண்ணா ரசிகர்கள் சார்பாக , படம் வெள்ளிவிழா காண மனமார்ந்த வாழ்த்துக்கள் ...",0,tamil
சைக்கோ என்று தலைப்பே போடவேண்டாம் ...பார்த்தாலே புரியுது...,1,tamil
theme music copied from godfather movie.   இது ஆண்மை இல்லாத தனமா தெரியலையா இளையராஜா சார் ???,1,tamil
"எந்த சாதியிலையும் செட்டியார் பெண்ணை காதலிப்போம் கவுண்டர் பெண்ணெ கட்டியணைப்போம்னு கோஷம் போடல, எந்த தலைவனும் சரக்கு மிடுக்கு, வயித்துல நம்ம சிசுனு உசுப்பேத்தல....  இப்போ இது பெரிய மேட்டர்ஆ ஆக காரணமே ரஞ்சித் இயக்கிய தயாரித்த படங்கள் தான்.",1,tamil
பொள்ளாட்ச்சி பசங்க  பொன்னுங்கள தொட்ட சூத்த மூடிக்கிட்டு இருப்போம் யாரவது ஏமாந்தவன் கெடச்ச வீரத்த காமிப்போம்.....,1,tamil
ரஜினி 96'ல வழுக்கையும் வெள்ளை தாடியோடயுமா இருந்தாரு..,1,tamil
நான் தல ரசிகர் அதனால விஜய் சார் வீடியோவ டிஸ் லைக் பன்ற யாரும் உண்மையான தல ரசிகரா இருக்க முடியாது பிடிக்காட்டி ஒதுங்கிகங்க வெருப்ப உமிழாதீங்க,1,tamil
தெருநாய்வளவன் கோஷ்டியை செருப்பால் அடிச்ச மாதிரி இருக்கு... மாதிரி இல்ல செருப்பாலே அடிச்சுடீங்க,1,tamil
கொங்கு வேளாளர் கவுண்டர் பேரவை கோவை மாவட்டம் சார்பாக வாழ்த்துக்கள் ‌.....முதல் நாள் முதல் காட்சி மாஸ் ஹீரோ படம் போல தாரை தப்பட்டை கிழிய வரவேற்போம்.....,0,tamil
"ஹே, இது 96, யார ஏமாத்த பாக்குறிங்க🤣🤣 செம கலாய், சான்ஸே இல்லை! After தில்லாலங்கடி செம்மையா சிரிக்க போறேன்",0,tamil
தூத்துக்குடி மாவட்ட மறவர் சார்பாக வாழ்த்துகள் மோகன் அண்ணா,0,tamil
இந்த திரைப்படம் இந்த சூழல் எந்த சூழல்க்கும் தேவையான ஒன்று .   மகளிடம் பாலுறவு  உடன் பிறந்த தங்கையுடன் பாலுறவு  செய்யும் இந்த கையடி செரியன் குரூப் தொந்தரவு அதிகமா இருக்குப்பா . அதனாலதான் இந்த விஷயத்துல மட்டும் பிஜேபிகூட போகணும் . இவனுங்க இவ்வளவு பேசுறாங்க இவன்க தலைவர்கள் எல்லாரும் கல்யாணம் பண்ணிருப்பாங்களா அவர்கள் மனைவி என்ன ஜாதி என்று பதிவு இடுங்கள்.அவர்கள் எத்தனை பேர் என்று பார்க்கலாம். இவர்களை மனிதர் இனத்திலிருந்து மிருக இனத்தில் சேர்ந்து விட்டனர் அதனால் இவர்களை animals என்று அழைக்கவும்,1,tamil
என்னங்கடா விஜய் அஜித் reference இருக்கு தலைவர் காணோம்னு நெனச்சேன்  பாஷா படம் வாய்ஸ் வந்துருச்சி,0,tamil
அருவி இயக்குனர் அருண் புருஷோத்தமன்   அடுத்த படைப்பு வாழ்,0,tamil
"உண்மைகள் வெளிவரும் தருணம் இது , தங்களுடைய தேவைக்கு தாழ்த்தப்பட்ட இளைஞர்களை தவறான பாதையில் புகுத்தும் அரசியல் சாக்கடைகளுக்கு தரமான செருப்படி",1,tamil
ஆமைஸ்   எங்க தபளதி மெர்சல்  1 M like da,1,tamil
ஜாதி இல்லை என்று சொல்லி கெண்டு இட ஒதுக்கீடுட்டி மற்றும் ஜாதியை பார் சாரியா அரசு சாரியில்லை,1,tamil
உங்களை போன்ற ஜாதி வெறி பிடித்த நாய்காலம் எங்கள் அண்ணா சீமான் சொன்னதை பொல் என்னடா புடுங்கன ஜாதி நீ,1,tamil
உங்களை தான் இத்தனை நாள் தேடிக் காெண்டிருந்தாேம். வேளாளர் இன சார்பில் வாழ்த்துக்கள்,0,tamil
வன்னியன் பறையன ஓதுக்கனா சாதி வெறி பறையன் செக்கிலியரை ஓதுக்கும்போது தெரியாதா ஜாதி வெறி ## குருமா தே.பையா##ப.ரஞ்சித் புண்......,1,tamil
என் டா சாதி சாதி அழியுறியங்க எனக்கு இருக்குற மாதிரி உங்களுக்கு இருக்கு அவனுக்கு இருக்கு நீ தங்கத்துல ஆனா அரிசி கோதுமை சோளம் சர்க்கரை சாப்பிட்டு இருக்க அவன் வேற அரிசி கோதுமை சோளம் கம்பு சாப்டுற என் டா சமமாக நினைக்க மற்றிங்க,0,tamil
வெறி ஏத்தி விட்டு அழகு பாக்குறவன் டா இந்த சினிமாக்காரன்:-,0,tamil
வீரபாண்டிய கட்டபொம்மனின் வாரிசுகள் அஸ்தாந்திர கொல்ல நாயக்கர் சார்பாக  திரெளபதி படம்  வெற்றி பெற வாழ்த்துக்கள்... திருடனுக்கு  தேள்  கொட்டுனா பொத்திக்கிட்டு இருக்கனும்....,1,tamil
நமது படம் வெற்றி பெற பெருவாரியான வாழ்த்துக்கள் நாம் அனைவரும் ஒன்று சேர்ந்து நமது படத்தை வெற்றி பெற வைப்போம் நாம் அனைவரும் நமது சமுதாயப் பெண்களை காப்பாற்றுவதற்கு இந்த படம் ஒரு உறுதுணையாக இருக்கவேண்டும் இந்த படம் வெற்றி பெற வாழ்த்துக்கள் வாழ்த்துக்கள் வாழ்த்துக்கள்,0,tamil
வீடியோவை பார்க்காம பாக்குறதுக்கு முன்னாடி Like. பண்ணிட்டு பார்த்த தல FANS எவ்ளோ பேரு இருக்கீங்க  Oru Like. Poduga...friends...,0,tamil
தேவேந்திர குல வேளாளர் சமுதாயம் சரர்ப்பாக வாழ்த்துக்கள்,0,tamil
ஸ்ரீவில்லிபுத்தூர்  முக்குலத்து  தேவர்   இனம் சார்பாக  இப்படம்  ஆமோக வெற்றி  பட  வாழ்த்துகிறோம்,0,tamil
என்னய்யா சும்மா அந்த இனம் இந்த இனம்னுட்டு! நாம எல்லோரும் முதலில் மனித இனம்!! இதுல சாதி மதம் பேதம் பார்க்கரான் பார் அவன உதைக்கனும்!  சமுதாயம் னு படம் எடுக்கறான் பார் அவனுக்கு இத்திரைப்படம் ஒரு செருப்படி!   படம் வெற்றி பெற நெஞ்சார்ந்த வாழ்த்துகள்!,1,tamil
காதலை காசு எனவும் காமம் எனவும் எண்ணம் கொள்வோருக்கு  இது சாதிய படமே.... உண்மை சொல்ல உரிமை உண்டு இந் நிலத்தில் பிறந்த மாந்தர்களுக்கு...  இப்படிக்கு  நடுநிலை தமிழன்,0,tamil
பார்க்கவகுல  சமுதாய மக்களின் சார்பாக படம் வெற்றியடைய வாழ்த்துக்கள்,0,tamil
தேவராட்டம் முதல் அடி திரௌபதி  சர வெடி,0,tamil
போராடுறது தப்புனா போராடுற சூழ்நிலை உருவாக்கியதும் தப்பு தானே யாருக்கோ செருப்படி...,1,tamil
இவ்வளவு வரவேற்பு அளிக்கப்பட்டது என்றால் எவ்வளவு அராஜகம் பன்னிருப்பானுங்க அந்த அடிமை நாய்கள் இனி ஒரு பெண் கூட தடம் மாறி போக கூடாது அப்படி போனால் சங்கு தான் எம் சத்திரிய குல  திரெளபதி தாய் மோகன் அண்ணன் மூலமாக அவதாரம் எடுத்து விட்டால்,0,tamil
பேசாம நம்ம ஜாதி பேர போட்டு வெற்றி பெற வாழ்த்துக்கள்னு போடனும் போல... கமெண்ட்ஸ் எல்லாம் படிச்சதுக்கு அப்பறமா தோணுது..,0,tamil
நான் ஒரு ஆசாரி பெண் இந்த படத்தை எங்க family ஓட தியேட்டர் ல போய் பார்ப்போம்......,0,tamil
எல்லாம் ஏவ்வளவு கஷ்டப்பட்டு நடித்தாலும் ..விஜய் சேதுபதி..எதார்த்த நடிப்பு இதுலேயே தெரியுது மாஸ் அண்ணா,0,tamil
போராடுறதே தப்பு னா போராடுற சூழ்நிலையை உருவாக்குறதும் தப்பு தானே - மாஸ் பஞ்ச்,0,tamil
டேய் மாமாவளவா போச்சா  இப்ப வாடா வாடா சண்டைக்கு வாடா வந்து தான் பாரேன் என் வெண்ணெய்,1,tamil
செல்வராகவனுக்காக மட்டுமே படத்துக்கு போறவன்லா வந்து லைக் போடு...,0,tamil
"அகமுடையான்,நாடார்,தேவர்,கள்ளர்,யாதவர்,அய்யர்,பிள்ளைமார்,நாயக்கர்,இவர்களில் நெஞ்சில் பத்தி எறீயும் நெருப்பு இன்னை அண்ணன் மோகன் ஜீயால் எறிமலையாக வெடித்து சிதறி காவியமாக வந்திருக்கு,அதிலூம்  இந்து மகாதாய் திரெளபதி பெயர் வைத்தது கொல மாஸ்,தன்மான திமிருவுடனும் வீரமான குணத்துடனும் பிறந்த பயல்கள் நம்ம,இந்த படத்தை விட்டில் உள்ள அனைவரும் பார்க்க வைக்க வேண்டியது நம்ம கடமை,குறிப்பாக நம்ம பெண் பிள்ளைகள் பாக்க வைக்கனும்,அதோடு நம்ம பாரம்பரிய வீரத்தையும் கத்துக்கொடுக்கனும், இவண்;ராஜா சோழன் அகமுடையான்",0,tamil
"சூப்பர் ஸ்டார் ரஜினிக்கு வந்த சோதனை... ,",0,tamil
இந்த  திரைப்படத்தின் உரையாடல்கள் ஏற்கனவே திரைப்படங்களில் இடம்பெற்றுள்ளது ...\r இந்த திரைப்படம் லைகா தயாரிப்புக்கு தோல்வி அடைந்து விடும்.,1,tamil
திரெளபதி படம் வெற்றி பெற #தமிழ்நாடு #தேவர் #பேரவை சார்பில் வாழ்த்துக்கள் #இயக்குனர் #மேகன் #ஜி அவர்களுக்கும் நன்றி ஆதிக்க சாதியின் அலப்பறை விரைவில்,0,tamil
"நாடக காதலுக்கு ஆதரவாக புரட்சியே வெடித்தாலும் எதிர் கொள்ளவும், எதிராக புரட்சி செய்யவும் நம் அணைவரும் நம்மை தயார் படுத்திக் கொள்ள வேண்டும்...    ஒன்றுகூடி திரௌபதியை வரவேற்போம்...",1,tamil
ஏதோ சாதிய எதிர்க்கிறது போல டைலர் இருக்குன்னு சொன்னார்கள் ஆனால் இங்கே பார்த்தால் சாதியின் கொடூரம் தான் தெரிகிறது இதையும் தலையில் தூக்கி வைக்க ஒரு சாதி கூட்டம் கடைசிவரை சாதி எனும் சாக்கடையில் தான் தமிழ் சினிமா தமிழன்  எத்தனை எத்தனை ஆயிரம் சினிமாவோ பெரியாரோ வந்தாலும் சாதி வெறியை ஒலிக்க முடியாது  இதில் பெண்களின் பாதுகாப்பாம் ஏன் இது வரை நடந்த சாதிகொலையை எந்தவொரு பெண்ணும் பார்த்தது இல்லையா  ?? ஏமாறுபவன் இருக்கும் ஏமாற்றம் நடக்கும் உலக நியதி,1,tamil
பொண்ணுகள நாடக காதல் நடத்துர திருமாவளவன் பள்ளன் பறையனுக்கு செருப்படி படம் தேவுடியா பசங்களா உங்க ஆத்தாளும் அக்காளும் பொண்ணு தான் டா பொட்டைகளா 🤘🤘🤘🤘,1,tamil
முதலில் இப்படத்திற்கு ராமசாமி என்று பெயர் வைக்க திட்டமிட்டு இருந்தார் இயக்குனர் அதன் பிறகே திரௌபதி என்று மாற்றப்பட்டது,0,tamil
ஆமா அண்ணா அது 1996 தான் அப்ப இருந்து 2019 வரைக்கும் இன்னமும் ரஜினி சொன்னது தான் நான் அரசியலுக்கு வரப் போகிறேன்,1,tamil
ஆக இந்த படத்தை வண்மையாக கண்டிக்கிறேன் - ஸ்டாலின் /மாமா வளவன்,0,tamil
டிரெய்லர்க்கும் டைட்டீல்க்குக் சம்பந்தம் இல்லாத மாறி இருக்கே 🤔🤔🤔🤔,1,tamil
பேரு மணிமாறன் ஊரு மாயவரம் அவன் அடிக்கிற அடியில் காதுல இருந்து இரத்தம் வரும்  அப்படியே ஓடிருங்க..,1,tamil
தென்பாண்டி சீமை சார்பாக வாழ்த்துகள் Mohan g அண்ணனுக்கு  சிங்கம்பட்டி ஜமீன்  திருநெல்வேலி மாவட்டம்,0,tamil
2000 வருட அடிமை கூட்டங்கள் கதறுவதை கண்டாலே ஆனந்தமாக தான் உள்ளது!,0,tamil
விழுப்புரம் வன்னியர்கள் சார்பாக படம் வெற்றி அடைய வாழ்த்துகிறோம்,0,tamil
விருந்தாடிக்கு பொறந்த அணைவருக்கும் தம்பி மோகன் வாயிலாக முதல் சவுக்கடி...,1,tamil
"தேவராட்டம்  பார்த்திருப்பீங்க  இது  வன்னியர்  ஆட்டம்,,,,  திரௌபதி  Waiting for movie",0,tamil
பொட்டைகள் நிறைந்த தற்போதய சினிமா வட்டாரத்தில் முத்தையாவுக்கு அடுத்து வந்த ஆண்மகன் மோகன் ஜி க்கு வாழ்த்துக்கள். இதுவே இன்னும் பல மன தைரியமான இயக்குனர்கள் வர வழிவகுக்கும்,0,tamil
மெர்சல் விஜய்ய என்னடா பன்னி வெச்சிருக்கீங்க 🤣🤣🤣🤣🤣,1,tamil
yadav மக்கள் சார்பாக படம் வெற்றியடைய வாழ்த்துக்கள்,0,tamil
5 புருசன் கூட வாழ்ந்தவ காதல் பத்தி பேசுறா,1,tamil
விருதுநகர் நாடார் சார்பாக படம் வெற்றி அடைய வாழ்த்துக்கள்,0,tamil
1 பேய் படம் சீசன் 2 ஸ்போர்ட்ஸ் படம் சீசன்  இப்ப 3வது சாதி படம் சீசன்.,0,tamil
மன்னார்குடி கள்ளர் பேரவை சார்பாக மன்னார்குடி யில் இந்த படம் திரையிடப்படும் நம்ப வீட்டு பென் பிள்ளைகள் கன்டிப்பா இந்த படத்தை பார்க்க வேண்டும் புத்தி வரவேண்டும் காதல் கத்திரிக்காய்னு போககூடாது,0,tamil
இப்பவும் நம்ம வாழ்க்கை இப்படித்தான் போகுது....(  அப்ப நாங்க கோமாவிலதான்  இருக்கமா???),1,tamil
இங்க வெறும் கமெண்ட் பண்ணி என்ன பிரயோஜனம் நம்ம மோகன் அண்ணனுக்கு அடுத்த படம் பண்ண help பண்ணலாம்...,0,tamil
பூவின் மேல் பறந்து காமத்தேன் குடிக்கும் பட்டாம்பூச்சியின் காதல்தமிழ் நீரின் ௨ள் பிறந்து கொசுப்புழுக்களை தின்று நோய்விரட்டும் தட்டான் பூச்சியின் நன்மை தமிழ் அறிய மக்கள் தொலைக்காட்சி யை யூ டியூப் ல் காணுங்கள் நன்றி.,0,tamil
உன்மையாக சாதிவெறி பிடித்த சதிகார கும்பல் யார் தோலுரித்து காட்ட வருகிறாள்  திரௌபதி,0,tamil
சிறுத்தை குட்டீங்க பாவம் ரொம்ப கதறிட்டு இருக்கானுங்க போல த்தா உங்களுக்காகவே வச்சு செஞ்சிருக்கோம்டி 🤗 #Thirunthi_TholaingaDa,1,tamil
நாடோடிகள் ஒன்று போல் எதிர்பார்த்து ஏமாந்தது விட்டேன்,1,tamil
ஹீரோ முகம் அன்புமணி அண்ணன் போல் இருக்கு .,0,tamil
More than 30+ times pathachu still   திண்டுக்கல் மாவட்டம் தேவர் இன மக்கள் சர்பாக படம் வெற்றி பெற வாழ்த்துக்கள்,0,tamil
முக்குலத்தோர் சமுதாயம் சார்பாக வாழ்த்துக்கள் அண்ணா  மண்ணும் பொண்ணும் தான் நம்ம உயிர் கெளரவம் எல்லாமே அதுல கை வச்சா எவனா இருந்தாலும் வெட்டணும்,1,tamil
ஆறு மில்லியன் பேர் பார்த்தது இருக்கட்டும் படத்தை எப்ப ரிலீஸ் பண்ணுவீங்க நானும் ஒரு வருஷமா ட்ரைலர் அத்தா பார்த்துகிட்டே இருக்கேன் ்,1,tamil
"இந்த படம் ஒருமுகமாக சாதி வெறியை தினிக்கிறது... உயர் சாதியினரின் கொடுமையை கூறும் போது  (அசுரன், பரியேறும் பெருமாள்)படத்தை படமாக பார்க்க வேண்டும் என கூறியவர்கள் ஊம்பிக்கொன்டா உள்ளீர்கள்... Othaa throwbathy payalugala... ipo padam vetripera .......orin sarbaga ...,...kulathin  vazhthukal nu podringaa",1,tamil
அந்த பா.இரஞ்சித் நாய் இந்த ட்ரைலரை பார்த்துட்டு எங்க பானைக்குள்ள தலைய விட்டுக்கிட்டு திரியுறானோ 🤣 அடங்கமறு அத்துமீறு குரூப்,0,tamil
படத்த படமா பாருங்கடா....சாதி கூ*னு எங்க இருந்துடா‌ தூக்கிட்டு வர்றிங்க...,1,tamil
வாழ்த்துக்கள் மோகன் அண்ணா   அருமையான படைப்பு சில நாய்களை செருப்பால அடிச்சதுக்கு,1,tamil
கோயம்புத்தூர் மனித சாதி யின் சார்பாக வாழ்த்துக்கள்.,0,tamil
பெண்களுக்கு வீரம் மட்டும் போதாது விவரமும் வேண்டும்... அருவாளைவிட பேனாவின் முனி கூற்மையானது... பெண்கள் அறிவு சார்ந்து படிக்க வேண்டும்...,0,tamil
செம காமெடி.... கம்யூனிஸமா? படம் உண்டியல் கூட நிரம்பாது,1,tamil
[மிசா சாத்தையாகோனார் அறக்கட்டளை]  சார்பாக  படம் வெற்றிபெறவாழ்த்துக்கள்   (விசாகிருமிகளின் விஷக்காதல் கதை யை காட்சி படுத்தியதற்கு  நன்றி)  ( இராமநாதபுரம் மாவட்டம்),0,tamil
"நாடகக் காதல்.....  குடும்பத்தோட பொண்ணு வீட்டுக்கு போய், வசதி வாய்ப்பை பார்த்து எவ்ளோ பணம் தேறும்,  நகை தேரும்,  சொத்து  பத்து தேறும்னு கணக்கு போட்டு கல்யானம் பண்ணி, ரெண்டு நாளோ மூனு நாளோ பார்த்தவன்/வ கூட அன்னிக்கி நைட்டே படுக்கறதுக்கு  பேரு தான் நாடகக் காதல்.",0,tamil
இந்த படத்துக்கு review நான் பார்க்க மாட்டேன்.இந்த ஆண்டின் இறுதியில் வரும் மிக சிறப்பான படைப்பாக இருக்கும்.Trailer bgm இந்த படத்தின் தரத்தை கூறுகிறது. கண்டிப்பாக சூர்யா மற்றும் சமுத்திர கனி அவர்கள் நம் 130 ரூபாயை நஷ்டப்படுத்த மாட்டார்கள். நாளைக்கு show ku ticket  book பண்ண வேண்டியது தான். நம்மாளுங்க நல்ல படத்துக்கு negative review தான் கொடுப்பாங்க. அதனால review பார்க்க வேண்டாம் அப்படினு நான் முடிவு பண்ணிட்டேன்.,0,tamil
இந்த திரைப்படம் சீமானின் சிந்தனைச் சாயலாய் இருக்கப்பா....,0,tamil
பாட்டாளி சொந்தங்களுக்கு  இப்படம் வெற்றி பெற வாழ்த்துக்கள்,0,tamil
தமிழர்களா தமிழ் ல கமெண்ட் செய்யுங்க கண்டா மலையாளம் பசங்க லாம் இங்க வந்து அவுங்க மலையாளம் ல பேசுரங்க,0,tamil
"குஞ்சித், குருமா அவர்களின் ஜாதி வெறி, நாடக காதலை தோலுரித்துக் காட்டியது.... அருமை",1,tamil
படம் வெற்றி பெற வாழ்த்துக்கள் சொண்ணா மட்டும்  போதாது படம் பார்த்து வெற்றி பெற செய்ய வேண்டும்,0,tamil
இந்த மாதிரி மொக்க ட்ரைலர் ற நா பாததே இல்ல,1,tamil
ஒரே மண்ணுல பொறக்கிறோம்.. ஒரே மொழி பேசுறோம்.. இது ஒன்னு போதாதா எல்லாரும் சேர்றதுக்கு..,0,tamil
பெண் பிள்ளைகளைப் பெற்ற தந்தைமார்கள் அனைவரும் இந்த படத்தை கண்டு களிக்கவும்,0,tamil
சாதிகள் உள்ளதடி பாப்பா! - குலத் தாழ்ச்சி உயர்ச்சி சொல்லல் பாவம்...  Vera level bro...,0,tamil
வன்னியர் சமூகத்தின் சார்பாக திரைப்படம் வெற்றிபெற வாழ்த்துக்கள்...,0,tamil
என்னங்கடா எங்கே பாத்தாலும் லைக் கெட்டு பிச்சை எடுக்குறிங்க..?,1,tamil
பெண்ணை அடிமையாக்க நினைக்கும் இந்த படம் தோல்விதான் அடையும்,1,tamil
இது யாரு குற்றம்.... பொண்ணுங்களுக்கு வளர்ப்பு சரி இல்லையா.... இல்லை பசங்களுக்கு வளர்ப்பு சரி இல்லையா? இல்லை பெரியவர்கள் வளர்ந்த விதம் சரியில்லையா?,1,tamil
"அனைத்து தரப்பு சகோதரிகள், மற்றும் தாய்மார்களுக்கும்  அன்பான வேண்டுகோள் திரோபதியை தியேட்டரில் சென்று தவறாமல் பார்க்கவும்.....",0,tamil
குருமா கும்பலுக்கு தரமான செருப்படி போல,0,tamil
நல்லாவே இல்ல நான் விஜய் பேணும் இல்ல... கொஞ்சம் ஓவர்தான் edit பண்ணி இருகாங்க :P,1,tamil
"ஒன்னு புரியுது : தலித் மக்களை..மத்த ஜாதி மக்கள் இன்னும் அவங்களுக்கு சமமா மதிக்க மனசு வரல.. எத்தனை ஜாதி சார்பா வாழ்த்து சொல்லுறீங்க..தமிழனா பிறந்தத்துக்கு வெட்கப்பட வச்சுட்டீங்க நண்பர்களே ...தலித் மக்கள் கொஞ்சம் முன்னேற ஆரம்பிச்சதும் இப்பிடி அவங்க மேல வெறி ஆ இர்ருக்குறது நியாயமா? உங்க மனச தொட்டு சொல்லுங்க.. எத்தனை வில்லேஜ் ல இன்னும் தலித் மக்களை நாய் மாதிரி நடத்துறாங்க னு..பாருங்க...இந்த தலித் மக்களுக்கு இடவொதுக்கீடு , பாதுகாப்பு சட்டம் இல்லனா அவங்கள என்ன எல்லாம் பண்ணுவீங்க..இப்பிடி ஒரு வெறி மிருகத்துக்கு இருக்கும்.. ஆனா என் தமிழ் சமுதாயத்துக்கு .. அதுவும் இப்பிடி படிச்சு இருக்கிற நண்பர்களுக்கு இர்ருக்குறது வெட்கக்கேடு ..",1,tamil
தல வரலாறு காணாத அளவிற்கு தன் தம்பியை,0,tamil
நல்லா தான் இருக்கு. ஆனா இப்போ இப்படியேல்லாம் எடுத்தா தியேட்டருக்கு எவனும் வரமாட்டேனே தலைவா. நல்ல படத்தை ஓடா விடமாட்டானுங்க.,1,tamil
ரஜினியிடம் மன்னிப்பு கேட்கும் நிலை கண்டிப்பாக வரும்,1,tamil
உதயநிதி ஸ்டாலின் மூஞ்ச பார்த்தா பாண்டியராஜன் திருட்டு முழி முழிக்கிறே மாதிரி இருக்கு,1,tamil
ஜாதீய படிநிலையில் என் ஜாதிக்கு கீழ் எந்த ஜாதியும் இல்லை் < ஜாதியே படிநிலையில் என் ஜாதிக்கு மேல் எந்த ஜாதியும் இல்லை என்று ஒரு சமூக சம  நிலை வர வேண்டாமா ?,0,tamil
வணக்கம் டா பங்காளிகளா  கடலூரிலிருந்து சத்ரியன் படையாட்சி சார்பாக படம்  வெற்றி பெற வாழ்த்துக்கள்.,0,tamil
நாஞ்சில் நாட்டு நாடார் சார்பாக திரைப்படம் வெற்றி பெற வாழ்த்துக்கள்,0,tamil
அண்ணன் மோகன்ஜி அவர்களுக்கு மனமார்ந்த நன்றி இத்திரைப்படம் வெற்றி பெற வாழ்த்துகிறோம்,0,tamil
ஐயா திருமாவுக்கு முதல்ல இந்த டிரெய்லரை காட்டுங்க🤣,0,tamil
வன்னியர் சமூகம் சார்பாக இயக்குனருக்கு கோடான கோடி வாழ்த்துக்கள்,0,tamil
"வேளாளர் (பிள்ளை,கவுன்டர்,முதலியார்)சமுதாயம் சார்பாக மிகபெரிய வெற்றியை கான வாழ்த்துக்கள்",0,tamil
"அடுத்த மொக்கை படம் ரெடி , அடிக்கிற மாதிரி இல்லாம கொஞ்சம் நடிக்கிற மாதிரி கதையை செலக்ட் பண்ணுங்க ஜீவா",1,tamil
நீங்க இல்லாம நா இல்ல  #Thalaivan #STR,0,tamil
இந்த படம் பள்ளர்களுக்கு சரியான சாட்டை அடி...,1,tamil
90kts நாங்க படம் பாக்க ரெடி,0,tamil
"எங்களுக்கு மண்ணும் , பொண்ணும் உசுரு மாதிரி...அந்த ரெண்டுக்கும் ஏதாச்சும் கொலை பண்ண கூட தயங்க மாட்டோம்...\r \r அம்மணமா இருக்கது பொண்ணுக்கு மட்டும் தா அவமானமா...உனக்கும் தான்டா....\r \r வசதியான வீட்டு பொண்ண கரெக்ட் பண்ணுனா தான் காசு பாக்க முடியும்..அரசியலும் பண்ண முடியும்னு எங்க அண்ணன் சொல்லி இருக்கார்....🤮\r \r கடன் தற்கொலை, விவசாயி தற்கொலைன்னு சாவறதுல பாதி பேர் பொண்ண பெத்தவந்தாண்டா......\r \r அண்ணா வீடியோ பாத்தா எங்கப்பா செத்துருவருணா...\r நீ அவன்கூட ஓடி வரும்போதே உங்கொப்பன் அங்க செத்து இருப்பான்....\r \r போன்ற செம்ம தரமான செருப்படி வசனங்களுடன்...\r \r #திரௌபதி பட ட்ரைலர் சாதா மாஸ் இல்ல பக்கா மாஸ்....நாடக காதல் பண்ண சொல்லி மாமா வேலை பார்த்து அரசியல் பிழைப்பு நடத்தும் ஈன ஜென்மங்களுக்கு செருப்படி...",0,tamil
ஹாரிஸ் ஜெயராஜ் அண்ணா மியூசிக் இன்னும் நல்லா பண்ணி இருக்கலாம்,0,tamil
திரௌபதி திரைப்படம்  மாபெரும் வெற்றி பெற வாழ்த்துக்கள்,0,tamil
தென் தமிழக புலிகள் - மறவர்கள் சார்பாக படம் வெற்றியடைய வாழ்த்துக்கள்,0,tamil
தலைவர் ரஜினிய ஊம்பனா தான் பொழைக்க முடியும் போல.. பொட்ட பசங்களா,1,tamil
கிளடுவின் ரசிகர்கள் நாளை போராட்டம் அறிவிக்க வாய்ப்பு ...,1,tamil
Vels அக்கா பையன் நடிச்சி இருக்காப்பள......,0,tamil
"உலகத்தரத்திற்கு ஒளிப்பதிவு, காட்சியமைப்புகளின் நேர்த்தி மற்றும் கதை சொல்லும் விதம் என இப்பட 'முதல் தோற்ற வடிவமைப்பு' பார்வையாளர்களாகிய நம்மை பலமாக மிரட்டுகிறது. வாழ் அல்லது வாழவிடு என்பதை நிச்சயம் வலியுறுத்தக்கூடிய விருதுகளை தன்பக்கம் வீழ்த்தக்கூடிய படமாக அமையும்...அமைய வாழ்-த்துக்கள்! - நன்றி!",0,tamil
"மெல்லிய குரலில்  வருடுகிரர்கள். அனைவரும் நடிப்பும் ஒரு பானை சோற்றுக்கு ஒரு பருக்கை பதம் பார்ப்பது போல் அருமை,. பிரதீப் பின்னணி இசை 🥰",0,tamil
எட்டு நாட்டு பிரமலைக் கள்ளர்கள் சார்பாக திரைப்படம் வெற்றி பெற வாழ்த்துக்கள்....,0,tamil
மனிதன் படத்திற்க்கு அப்புறம் உதயநிதிக்கு இது ஒரு நல்ல உரு மைல் கல்லாக இருக்கும் என்று எதிர்பார்க்கப் படுகிறது..,0,tamil
கள்ளக்குறிச்சி வன்னியர் சங்கம் சார்பாக படம் வெற்றிபெற வாழ்த்துக்கள்,0,tamil
மதுரை மாவட்ட முக்குலத்தோர் சார்பாக திரௌபதி  படம் வைர விழா காண வாழ்த்துகிறோம்...,0,tamil
இந்த படத்தால நீங்க எந்த அளவுக்கு அசிங்கப்பட போறீங்க பாருங்கடா.,1,tamil
உதயநிதி ஸ்டாலின் எல்லாரும் மறந்துடிங்க.. கமெண்டல  உதயநிதி ஸ்டாலின் பத்தியும் கொஞ்சம் சொல்லுங்கப்பா,1,tamil
மேல் ஜாதி பெண்களை மேல் ஜாதி காரர்கள் காதலித்தால் அது புனித காதல் தலித் காதலித்தால் நாடக காதல் பொள்ளாச்சி சம்பவம் பன்னியவர்கள் என்ன ஜாதி,1,tamil
ஆறிலிருந்து அறுபது வரை காதலோ... Singles pavam,1,tamil
96 06 16 26 36 46 3006 3016 நான் அரசியலுக்கு வருவது உறுதி????????,0,tamil
பாதிக்கப்பட்ட மக்கள் இனைந்து தன் கைகாசுக்களை போட்டு எடுத்த முதல் படம் #crowdfundingmovie திரௌபதி,0,tamil
கொங்கு மண்டலம் முதலியார் சார்பாக வாழ்த்துக்கள் நண்பா,0,tamil
Director Rana மற்றும் தயாரிப்பாளர்  Sundhar. C நீங்க ரெண்டு பேரும் பூ*** சப்ப தான் போறீங்க....,0,tamil
"இட ஒதுக்கீடு எல்லா ஜாதிகளுக்கும் உண்டு காமெடி பீசுகளா. EWC 10%,OBC 27% இட ஒதுக்கீடு உள்ளது.  தமிழ் நாட்டில் அதிகம் வரிப்பணம் கட்டுபவர்கள் கலாநிதி மாறன் (திமுக), வெள்ளையன் செட்டியார், ராமசாமி செட்டியார்.  ரவுடித்தனம் செய்யும் ஜாதிகள் யார் என பலருக்கும் தெரியும்.  அவ்வளவு ஜாதி வெறி இருந்தால், உன் ஜாதிக்கு தனி நாடு, தனி நாணயம், தனி கொடி வாங்க வேண்டியது தானே.   63 சைவ நாயன்மார்கள், 12 ஆழ்வார்கள் இல்லாதவன் ஜாதி பற்றி பேசுகிறான்.  ஜாதி வெறி பிடித்தவர்கள் எவனும் மற்ற ஜாதிகளிடம் ஓட்டுக்கு, படிப்புக்கு, வியாபாரம் பண உதவிக்கு வந்தால் மானம் நாறிடும்",1,tamil
Trailer ஆரம்பிக்கும் போது NGK NGK NGK ... இது எனக்கு NTK NTK NTK என்றே கேட்கிறது ... ஒருவேளை இருக்குமோ! இதற்கு NGK என பெயரிட காரணம் இதுவா இருக்குமோ!,0,tamil
பெண்கள் மீது வஞ்ஜகமாக கைய வைக்கறவன் எந்த சாதிக்காரனா இருந்தாலும் அவன் தலை தரையில உருளனும்.....நான் நடராசக்கவுண்டர்,1,tamil
உங்கள பார்த்தா சிரிப்பு போலிஸ் மாதி இருக்கு,1,tamil
எங்களுக்கு மண்ணும் பொண்ணும் ரொம்ப முக்கியம்,0,tamil
வெறியேறுது தலைவா trailer பாக்க பாக்க எப்ப தா may31 வரும்  மரண waiting for #NGKfdfs 🤘,0,tamil
கொங்கு வேளாளர் கவுண்டர் சார்பில் எனது வாழ்த்துக்கள்...,0,tamil
அந்த நாய்ங்க அவ்ளோ worth இல்ல.பொண்ணுங்க கிட்ட இனி வந்தாவே வெட்டனும்....,1,tamil
உயர் சாதி பெண்களை நல் முறையில் காதலித்து திருமணம் முடித்து வாழ்ந்து கொண்டு இருக்கும் பறையர் சமூகம் சார்பாக படம் வெற்றி பெற வாழ்த்துக்கள் ......,0,tamil
என்னதான் நீங்கள் படம் எடுத்தாலும் Climax காட்சியை சசிகலாவால் மட்டுமே எடுக்க முடியும்,1,tamil
அருந்ததியர் சமுதாயம் சார்பாக படம் வெற்றி பெற வாழ்த்துக்கள்,0,tamil
அம்மனம் பொண்ணுக்கு மட்டும் தான் அவமானமா.... பொள்ளாச்சி பத்தியும் சொல்லிருக்காங்க.......,0,tamil
படம் வெற்றிபெற தேவேந்திர குல வேளாளர் சமூக மக்களின் சார்பாக வாழ்த்துக்கள்.,0,tamil
எங்குட்டோஓஓஓ கலவரம் வராம படம் ஓடுனா சரிதாஆஆஆஆ,0,tamil
பட முன்னோட்டம் அருமை.... வெற்றி அடைய வாழ்த்துக்கள்....,0,tamil
இந்த படத்தை இயக்கிய மோகன் மனித இனத்தை சார்ந்தவனே இல்ல .சாதியால் இயக்கிய இந்த படத்தை இந்த மனித சமூகம் புறக்கணிக்க வேண்டும். அப்பொழுதுதான் இதுபோன்ற படம் மீண்டும் வராது.,1,tamil
0:34 that is the real dedication of Thala for his Fans... Proud of you thala... பார்க்க பார்க்க வெறியேறுது ... தல போல வருமா ... உனக்கு நிகர் நீ மட்டுமே...... தல ரத்தம் ....,0,tamil
பல நாள் கனவு இப்படி ஒரு படம் வருனும்னு காத்திருந்தேன்,0,tamil
கன்னியாகுமரி மாவட்டத்தில் இந்த நாடக காதல் ரொம்பவே நடக்குது,0,tamil
பெண்களை பெற்று வளர்த்துபார்த்தால் தெரியும் வலியும் வேதனையும் ஒவ்வோர் நிமிடத் தாமதத்திலும் ஒரு நாடித்துடிப்பு அதிகரிப்பதை. நன்றாக படித்து நல்ல இடத்திற்கு வாக்குபட்டுபோகவே ஒவ்வொரு தகப்பனும் எண்ணுவான். இடையில் எந்தத் தகுதியும் அற்ற (படிப்பு. தொழில். இருக்க இடம். குடிக்க கஞ்சி) தறுதலைகள் தலையீட்டால் எத்தனையோ குடும்பம் வீணாகிப் போய்விட்டது. இனிவரும் காலமாவது நல்லது நடக்கட்டும்.  நம்பும் பெண்கள் இருக்கும் வரை நம்பிக்கை துரோகம் செய்யும் நரிக்கூட்டம் கொண்டாடிக்கொண்டே இருக்கும்.,1,tamil
கஞ்சிக்கு சாகுற பயலுகளுக்கு சாதி தான் இங்க ஒரு கேடு.. கேன பூ மவனுங்க..,1,tamil
மறவர்கள் சார்பாக படம் வெற்றி பெற வாழ்த்துக்கள்,0,tamil
எத்தனை  படம் வந்தாலும்  தேவர் மகன் சுந்தரபாண்டியன்  சண்டக்கோழி திமிரு   காளை திலகர் அமரன்  மருது  கொம்பன்  இன்னும் நிறைய  இருக்கு  என் மறவன்  சாதி  படம் மாதிரி  எதுவும் கிடையாது   மறவர்  இனத்து  பொண்ணுகளை  எந்த  வன்னியர்..பறையர்  பள்ளன்  எந்த  சாதிய  இருந்தாலும்  கருவருப்போம்   திருநெல்வேலி  மறவன்  அவன்  அவன்  அவன்  சாதி  பொன்னை  பாருங்க  அதுக்காக,1,tamil
என்ன எல்லா டயலாக்கும் கேக்குது..... யாருமே ஹஸ்க்கியா பேசல.....,0,tamil
படம் பாத்துட்டு பாதில எந்திச்ச மாதிரி இருக்கு........மீதி பாதி எப்போம் சார் வரும்..............,1,tamil
கேள்வி : ஜாதிகளின் வகைகள் எத்தனை..? பதில் : கீழே உள்ள கருத்துகளை (comments) படிக்கவும்,0,tamil
சேலம் மாவட்டம் வன்னியர்கள் சங்கம் சார்பாக வாழ்த்துக்கள்,0,tamil
தல சாதனையை தல தாண்டா முறியடிக்கனும் வேற எவன்டா இருக்கான் தல சாதனையை முறியடிக்க.,0,tamil
மறவர் இனத்தின் சார்பாக படம் வெற்றி பெற வாழ்த்துக்கள்,0,tamil
சந்திர குல சத்திரிய (யாதவ்) சார்பாக பட குழுவினருக்கு வாழ்த்துகள்,0,tamil
அகமுடையார் துளுவ வெள்ளாளர் சமுதாயம் சார்பாக வாழ்த்துக்கள்...,0,tamil
யாதவர் சமுதாயம் சார்பாக  வெற்றி பெற வாழ்த்துக்கள்,0,tamil
"என் முதுகு தண்டின் வலியை விட என் ரசிகர்கள் என் மீது வைத்திருக்கும் நம்பிக்கை, அன்பு, பாசத்திற்கு முன்னால் பெரிதல்ல..தன்னம்பிக்கை நானாக இருப்பதால் தான் விழ விழ நான் எழுகிறேன் தல ... கர்வம் டா",0,tamil
போச்சு! எப்படியும் படத்தை தடை பண்ணிடுவாங்க.. trailerல எதுக்கு பா இந்த வசனத்தை போடுறீங்க?,1,tamil
உங்களது யாதி மோகம் கொண்ட கருத்துக்களை பார்க்கும்போது ஒரு தமிழனாக நான் வெட்கப்படுகின்றேன் இதை பயன் படுத்தியே 1500 ஆண்டுகளாக வந்தேறிகள் எங்களை அடிமை படுத்தி வைச்சிருக்கின்றான் உங்களை பொறுத்தவரை நீங்கள் யாதி வெறி படித்தவர்கள் அவர்களை பொறுத்தவரை நீங்கள் அடிமை நாய்கள்,1,tamil
சார்கார்யிம் விசுவாசத்தையும் அடிச்சி தூக்கி உள்ளது  நம்ப சிங்கம் சூரியா in🤛🤛  KAAPPAAN Teaser🤛🤛🤛🤛🤛,1,tamil
நான் சிகப்பு மனிதன் படத்தில் தூக்கம் னா  நான் சிரித்தால் இந்த படத்தில் சிரிப்பு,0,tamil
கங்கனா ஜெ வேடத்துல சுத்தமா பொருந்தல யா,1,tamil
உண்மையான காதலுக்கு எப்பொழுதும் தலை வணங்கும் ... ஆனால் நாடக காதலுக்கு சரியான சவுக்கடி.... Keep it up,0,tamil
மனதை வருடும் இசை உதயா அண்ணாவின் புதிய மாறுபட்ட தோற்றம் அருமை அண்ணா வெளியிட்டு விழாவிற்கு காத்திருக்கிரோம்.,0,tamil
மோகன்.G அண்ணா இந்த படம் கண்டிப்பாக வெற்றியடையும்.... அப்பறம் கயவர்களின் முகம் வெளிச்சத்துக்கு வரும்....,0,tamil
மெட்ரா என்னா மோட்ரு அங்கிள் 🤣🤣  பாப்பாவுக்கு ஆர்வம் தாக்குலா,0,tamil
என்ன கொடுமடா இது தலையா இல்ல குருவி கூடா ? செட் ஆவல்லடா,1,tamil
போலி ஜாதி ஒழிப்பு கட்சிகளின் முகமூடி கிழிப்பு. சரக்கு மிடுக்கு குருமா பதில் சொல்லாமல் சிதறி ஓட்டம். ஓசி சோறு சொரிமணி கதறல் புகார். ஏண்டா உங்களுக்கு வந்தா மட்டும் தான் ரத்தமா?,1,tamil
"திருமாவை எதிர்க்க பல சாதி தலைவர்கள், திருமா ஒரே ஆள் அத்தனை  பேரையும் நிம்மதி இழக்க செய்திருக்கிறார், இதுவே திருமாவுக்கு கிடைத்த வெற்றி,  பன்றிகள் தான் கூட்டமா வரும், திருமா சிங்கள்.",1,tamil
ஆண்மை இல்லாதவர்கள் தான் அடுத்தவர் இசையை பயன்படுத்துவார்கள் என்று யாரோ சொன்னதாக ஞாபகம்...,1,tamil
ஓநாய் பாததெல்லாம் திங்காது டா அதுவும் பெண் சிங்கம் மட்டும் தான் வேட்னடயாடும் அப்ப நீ என்ன பொட்டயா எந்த காலத்துல வந்து என்ன மாதிரி னடலாக் எழுதுராங்க பாரு தூதேரி,1,tamil
அசுரன்  படத்தை எதிர்ப்பவன் ஒருத்தன் வந்தேரி தெலுங்கனா இருப்பான் ... இல்லை அவனுக்கு அரண்மனையில் கழுவிவிட்டு பாலையத்திற்கு ஆட்சி செய்ய ஆசைப்பட்ட கூட்டமா இருக்கும் .....     அதுபோல திரௌபதி  எதிர்ப்பவன் திராவிட பன்னியா இருப்பான் இல்ல தலித் மலம் தின்னி பன்னியா இருப்பான்,1,tamil
அனைத்து முத்திரையர் சார்பாக இப்படம் வெற்றியடைய வாழ்த்துகல்,0,tamil
"அடக்குறாங்க, அமுக்கறாங்க அப்டினு சொல்லிட்டு அவங்கள மொத்தமா நல்லவங்களாவே காட்டி படம் எடுக்குறாங்க..ஆனா அவங்க பண்ற எந்த தப்பையும் சுட்டி காட்டி அத வெச்சி யாரும் இன்னமும் படம் எடுக்கலையே  அப்படிங்கற குறைய நிறைவேத்தி இருக்கீங்க...\rபடிப்பு இருந்தா இந்த சமூகத்துல மேல வரலாம்ங்கறத யாரும் சொல்றதே .இல்ல..அத விட்டுட்டு குழந்தைங்க மனசுல நஞ்சை விதைக்குறாங்க.. அவங்கள மத்தவங்க கீழ் ஜாதினு சொல்றத விட அவங்களே அவங்கல அப்படி சொல்லி சொல்லி எல்லாருக்கும் ஞாபகப்படுத்தறாங்க.",0,tamil
எங்க அப்பா மிலிட்டரி டா ஓடி ஒளியவா சொல்லி கொடுப்பான் .....,0,tamil
டேய் என்னங்கடா ஜாதி ஜாதினு இப்படி நக்குறிங்க ....ஆடு மாடு நாய் கிட்ட நீ என்ன ஜாதினு சொன்னா உன்ன கும்புடுறன் சாமினு சொல்லிட்டு போகுமா....இல்ல கன்டத தின்னுற பன்னிகிட்ட  தான் நீ  என்ன ஜாதினு சொன்னா அதுக்கு புரியுமா,1,tamil
ஷாட் பிலீம்மா காப்பி அடிச்சு எடுத்திருக்கான்.. அடேய் எச்சை ஆதி புண்டை,1,tamil
காப்பான் திரைப்படம் அமோக வெற்றி பெற வாழ்த்துக்கள்,0,tamil
அஜித் ..என்ற பெயரின் அர்த்தம் ....வெல்ல முடியாதவர். ..அவரின் தன்னம்பிக்கையை.........வாழ்த்துகிறது  ..என் உள்ளம்,0,tamil
"இவனுங்க பரி, பெருமாள், அசுரன்னு எடுப்பானுகலாம் சமூக அவலங்களை தோலுரிக்குது நார் உரிக்குதும்பானுகலாம்இதோ உண்மையான சமூக சீர்கேட்டை தோலுரிக்க விரைவில் வருகிறாள் எங்கள் திரௌபதிட்ரைலருக்கே நாடக குமபல் கதர்ற சத்தம் பயங்கரமா கேக்குதேகதறும் கதறும் நல்லா கதறும்  திரௌபதிடாபடம் பிரம்மாண்ட  வெற்றி அடைய வாழ்த்துக்கள்",0,tamil
செல்வராகவன் படம்  மரண வெயிட்டிங்.... யுவன் ஷங்கர் ராஜா காத்திருக்கிறோம்....,0,tamil
Vijay antony நடிச்சிருந்தா படம் இன்னும் வேற லெவல்லா இருக்கும் அது மட்டுமில்லாமல் vijay antony ஒரு சைத்தான் அந்த மாதிரி Vijay Antony ஒரு சைக்கோ அப்டீனு டைட்டில் மாஸ் ஆய்ருக்கும்,0,tamil
வெறித்தனமாக வெயிட்டிங்  வாழ்ந்த மண்ணும் வளர்த்த பெண்ணும் எங்கள் சொத்து அதுவே எங்கள் கெத்து  பிள்ளைமார் சமூகம் சார்பாக இந்தத் திரைப்படம் வெற்றி பெற வாழ்த்துக்கள்,0,tamil
ஜாதிய வச்சி படம் எடுக்காத....ஜாதி தான் முக்கியம்ன்னா நீ விவசாயம் பன்னி சாப்பிட்டு வீட்டுக்குள்ள இரு,0,tamil
Love is eternal   காதல் வெறும் காமம் அல்ல,0,tamil
0:51 கொடுமையா இருக்கு .. தமிழகத்தின் சிறந்த ஆளுமையை இப்படி காமெடி பண்ணி வச்சி இருக்காங்க .... மக்களால் நான் மக்களுக்காக நான் என்று அவர்கள் குரலில் இப்பொழுது வீடியோ வில் கேட்டாலும் மெய் சிலிர்க்கும் அப்படி ஒரு ஆளுமை அவர்கள் .... But in this ?????,0,tamil
தேவர்கள் சார்பாக வெற்றி பெற வாழ்த்துக்கள்,0,tamil
ஆத்திக்காடு தேவர் பேரவை சார்பாக படம் வெற்றிபெற வாழ்த்துக்கள்,0,tamil
காதல் நட்பு அப்டின்னு நாடோடி 1 ஓடிடுச்சி எதார்த்தமா இருந்தது .... part 2.... சண்டை ஜாதி காதல் நட்பு (இருக்கானு)தெரில... படம் சிறக்க வாழ்த்துக்கள் அண்ணா..... சசி சமுத்திரக்கனி அண்ணா,0,tamil
படத்தை சீக்கிரம் ரீலிஸ் பண்ணுங்க இல்லை ஏங்கீயே செத்துடுவேன்!!! என் காதலிக்கிட்டே சொன்ன வசனம் இப்ப தான் இந்த படத்துக்காக இரண்டாவது முறை சொல்றேன்,0,tamil
பார்பனியதுக்கு கீழ் உள்ளவர்கள் அனைவரும் சூத்திரன் தான் சூத்திரன் எ‌ன்றா‌ல்  (தேவிடியா மவன்)  என்று அர்த்தம்,1,tamil
போராட்டம் போராட்டம் னா நாடு சுடுகாடு ஆயிரும்,1,tamil
வெட்ட வேண்டும் .....உயர் சாதி பெண்னை ஏமாற்றும் நாடக காதல் கும்பலை வெட்ட வேண்டும்,1,tamil
ரஞ்சித்துக்கு இந்தப்படம் மிகப்பெரிய ஒரு பாடமாக இருக்கட்டும்,0,tamil
நா சொல்ரே இந்த படம் Hit ஆகும்,0,tamil
எங்களுக்கு மண்ணு பொண்ணு இரண்டும் முக்கியம். மண்ணை தெய்வமாக வணங்கும் குலாலர் சமூகத்தின் சார்பாக பெண்ணின் கண்ணியத்தைக் காக்கும் இப்படம் வெற்றியடைய வாழ்த்துக்கள்,0,tamil
அருமையான திரைப்படம்.... மாவீரன் காடுவெட்டியாரின் வாழ்க்கையை திரைப்படமாக்குங்கள்... அண்ணா...,0,tamil
சிவகங்கை கோனார்மகன்கள் சார்பாக படம் வெற்றியடைய வாழ்த்துகள்,0,tamil
எவன் எப்படி வேண்டுமானாலும் கதறட்டும் ..  நாம திரெளபதி யாக மிரட்டுவோம்,1,tamil
டேய் தேவிடியா பசங்களே தில்லு இருந்த நேருக்கு நேர் வாட உங்க சாதியை ஒழிக்கரும் ஜாதி வெறி புடிச்ச நாய்,1,tamil
அடங்க மறு அத்து மீறு கும்பலுக்கு வயித்துல புளிய கரைச்ச மாதிரி இருக்குமே.. எல்லாரும் படம் எடுக்கலாம்டா.. நீங்க மட்டும் தான் எடுப்பீங்களா..,1,tamil
தனலவா பண்ணா விஜய் பிரச்சினைக்காக தனலவி பழி வாங்கும் இயக்குநர் விஜய் இது தனலவி மறி இல்லை தனலயோளி மறி இருக்கடா  No comments simply waste,1,tamil
எனக்கு தான் புரியலையா 🤔🤔🤔  இல்ல மத்தவங்களுக்கும் அப்படிதான,1,tamil
காதல் பொய்யானது என்று இப்படம் சொல்கிறதா ?,0,tamil
முதலியார் சமுதாயம் சார்பாக படம் மாபெரும் வெற்றி பெற வாழ்த்துக்கள்,0,tamil
நிஜ வாழ்க்கைலயே இவன் சைகோ தான் படத்தோட டைட்டிலும் கரெக்ட்டா இருக்குதே,1,tamil
வன்னியர் குல சத்திரியர் சார்பாக படம் வெற்றியடைய வாழ்த்துகள்.......,0,tamil
தேவேந்திர குல வேளாளர் சமுதாயம் சார்பாக திரைப்படம் வெற்றி பெற வாழ்த்துக்கள்....,0,tamil
வனத்தில் அழைந்தாலும் இனத்தோடு சேரனும் உண்மையை சொல்ல நெஞ்சுரம் வேணும்,0,tamil
நாடார் சமூகத்தினர் சார்பாக படக்குழுவினருக்கு வாழ்த்துக்கள்!!!,0,tamil
"என்னடா அஜித் விஜய் பட ட்ரைலர் இதன்டா நாட்டுக்கு தேவையான படம், இயக்குநர் அவர்களுக்கு வாழ்த்துக்கள்",0,tamil
படம் வெற்றி பெற வன்னிய குல சத்ரியனின் வாழ்த்துகள்,0,tamil
P...... Da mavanungala thalaivar pathi pesathinga fraud dogs..... எங்கள் தலைவர் எங்கள் தெய்வம் எங்கள் உயிர் தலைவர் ரஜினி வாழ்க நேர்மையான மனிதன்,1,tamil
ஒரே ஒரு வீடியோ.... 2 நிமிடம் 32 செகன்ட்... ஒருத்தன் ரெண்டு கையையும் பயன்படுத்தி..  இருக்கிற எடம் தெரியாம போய்ட்டான்... சிலர் பொழப்புல மண்ணு விழுந்து போச்சின்னு கதர்ரானுங்க....  இனி இவனுங்க எல்லாருக்கும் பயிரெடுப்பு தான்டா....,1,tamil
அடேய் மனசாட்சி இருந்தா இப்டியெல்லாம் படமெடுப்பீங்களாடா....??? இளவரசன் கோகுல்ராஜ் சங்கர்னு செத்தவன்பூராம் பட்டியல் சாதி பசங்கதான்டா. அதுமட்டுமா நந்தினி கலைச்செல்வி ரோஜான்னு வரிசையா காதலிச்சவன நம்பி ஏமாந்து உயிர விட்ட பொண்ணுங்களும் பட்டியல் சாதி பொண்ணுங்க தான்டா. நீங்களெல்லாம் திருந்தவே மாட்டீங்கடா,0,tamil
மண்ணு பொன்னு எது மேல கை வச்சாலும் வெட்டுவோம்            congratulations draubathi team,0,tamil
நாடக காதல் பன்றவனுக்கு இந்த படம் ஒரு பாடம்....,0,tamil
அனைத்து நல்ல சமுதாய மகள்களை பெற்ற அப்பாக்களின் மனகுமுறல்,0,tamil
திரௌபதி Trailer சேம வன்னியர் குல சத்ரியன்காக வந்த படம்,0,tamil
"பெண் பிள்ளைகளை பெற்றவர்களுக்குத்தான் தெரியும் அந்த வலி... விளிப்புடன் செயல்படுவோம் நாடக காதலையும் நாடக காதல் செய்ய தூண்டும் அந்த__________ மவுனங்களுக்கு பாடம் புகட்டுவோம்...  திரெளபதி எங்கள் குல தெய்வம்...  கண்டிப்பாக வெற்றி அடையும்,  சுரேஷ்குமார், தர்மபுரி.",0,tamil
இனத்துரோகி கருணாநிதி செத்த நாள் தான்டா தமிழ்இனத்திற்கு தீப ஒளி,1,tamil
நாயுடு மற்றும் நாயக்கர் இயக்கத்தின் சார்பில் இந்த திரைப்படம் வெள்ளி விழா காண வாழ்த்துக்கள் நாயுடு நாயுடு ஒடுக்கப்பட்ட மக்களினை ஒழிக்க வேண்டும்,1,tamil
கதை இசை ஒளிப்பதிவு நல்லா இருக்கு. ஆனா எதோ ஒன்னு மிஸ்ஸிங்,1,tamil
டிரெய்லர் வெளியான 24 மணி நேரத்திற்குள்  1 மில்லியன் பார்வையாளர்களை கடந்து வீறு நடை போடுகிறாள் #திரௌபதி..,0,tamil
"சினிமாத்துறையில் ஒரேஒரு சமூகம்  பற்றி மட்டும் அருமை பெருமைய அந்த சமூகத்தில் மற்ற சமூகத்தினிரால் ஏற்படும் பிரச்சனை சமூக சீரழிவுகள் மத்த மாற்று சமூகங்கள் பாதிக்கபட்ட சமூகத்தை ஏளனம் கிண்டல் பொது இடங்களில் தலைகுணிவு போனரவற்றை திரையில் காண்பிக்க எந்த இயக்குனர்கும் திராணி இல்லை, திராணி இல்லாமல் சொல்வதை எங்க நம்மள ஒதுக்கி வைத்து விடுவார்களோ நம்ம எடுக்குக்ம் படம் ஓடாதோ நோக்கத்தில் எடுக்கமாற்றாற்கள் முதன் முதலில் ஒரு இயக்குனர் திராணியோடு மேலே சொன்ன இயக்குனர் மோகன் ஜீ அவர்கள் மட்டும் தான் . மோகன் ஜி நீங்கள் எதுக்கும் கவலை படாதீங்க சார். நாங்கள் இருக்கோம்.",1,tamil
போர் அடாச்சா CLASS DESKஐ தட்டி அதன மூலம் வரும்  ஒலியினை ரசிப்பேன்.இதையே TRAILERஇன் BGM மாக பயன்படுத்தியுள்ளார்.90 S KIDS LIKE PANNUNGA,1,tamil
இசை மிகவும் அருமையாக உள்ளது. வசனம் மிகவும் நன்றாக உள்ளது.  எங்கள் உணர்வுகளின் வெளிபாடு  திரைப்படம் மாக  வருகிறது. இயக்குனர் அவர்களின் இந்த படைப்பு . பலருக்கு பாடம் மாக அமையும் . திரௌபதி  டீம் இக்கு எனது வாழ்த்துக்கள் அனைவரும் திரையரங்கு சென்று பாருங்கள் . சோழநாடு . முக்குலத்தோர்  சார்பாக  வாழ்த்துக்கள்....,0,tamil
"நாடக காதல்ல எதிர்க்கிறதா சொல்றீங்க.... உண்மையான காதல்னா சேர்த்து வைச்சுடுவீங்களோ....????    உண்மை காதல்,நாடக காதல் ரெண்டயும் பிரிச்சு பாக்க சரி தெரியுமாடா உங்களுக்கு....",0,tamil
டேனியல் காந்தி பாப்பான் கோவிலுக்கு போக மாட்ட கேட்டா தமிழன் சாமி வேற இந்து சாமி வேறனு பேசுவ. திரௌபதி அம்மன் எத்தனை தமிழ்குடுப்பத்துக்கு குலதெய்வம் நீ ஏன் இந்த தமிழ் சாமிய கும்பிட மாட்ட?,0,tamil
புதுக்கோட்டை ஆலங்குடி (வடகாடு) முத்தரையர் சமுகம் சார்பாக வாழ்த்துக்கள்,0,tamil
கொங்கு நாட்டின் சார்பாக படம் வெற்றி பெற வாழ்த்துக்கள்,0,tamil
"பொதுவாக மிஷ்கின sir, நல்ல நடிகர்களுக்கு மட்டுமே வாய்ப்பு கொடுப்பார்... udhanidhi,, அதை நிறைவேற்றுவாரா ?????",1,tamil
"என் சார்பாக 50 பேரை தியேட்டருக்கு கூப்ட்டு போவேன், 100 பேரை கூப்ட்டு போவேன் ன்னு ஒவ்வொரு சமுதாயத்தை சேர்ந்தவனும் ட்ரைலர் பாத்திட்டு கமெண்ட் பண்றாங்க ன்னா நாடக காதல் எத்தனை குடும்பங்களை சீரழிச்சு இருக்குது ன்னு தெரிய வருது.   வாழ்த்துக்கள் # திரெளபதி & டீம்",0,tamil
அடேய்  தமிழ்ல யாரும் கெடிக்கலியா  ஹிந்தி ஹீரோயின் கங்கனா ராவ்,1,tamil
"அமாண்ட இப்ப மட்டும் படத்துக்காக நல்லா வசனமா அடிச்சு விடுங்க,,,,  பொது பிரட்சனைகக்கு மட்டும் வாய திறக்காதீங்க...   த்துதுது",1,tamil
ஜாதி வெறி பிடித்த நாயே இப்படம் வெளிவராமல் தடுப்போம்,0,tamil
என்ன டா first வரது vodafone மியூசிக் மாறி இருக்கு,1,tamil
படத்துல என்னமோ பெருசா இருக்குனு மட்டும் தெரிது,0,tamil
யாதவர் சமுதாயம் சார்பில் படம் வெற்றி பெற வாழ்த்துக்கள்  Jai Sri Krishna,0,tamil
தேவேந்திர குல வேளாளர்கள்  சார்பாக படம் வெற்றி பெற வாழ்த்துகள்...,0,tamil
தெறிக்க விட்டுராப்ல  சூப்பர் மோகன் sir  It's not a flim It's based on true story  போட்ரா லைக்க,0,tamil
இது அம்மா இல்லை சும்மா இந்த படத்தை வெளியிட வேண்டாம்,0,tamil
கவுண்டர் தேவர்.சார்பாக வெற்றி பெற வாழ்த்துக்கள் 🦁,0,tamil
தல போல வருமா வராதா அதான் தல டா,0,tamil
பெண் பிள்ளைகளை பெற்ற என்போன்ற பெற்றோர்களின் கனவு படம்...  மாபெரும் வெற்றிபெற வாழ்த்துக்கள்...,0,tamil
டேய் பா ரஞ்சித் நாங்களும் படம் எடுப் போண்டா,0,tamil
நிறைய பேர்கிட்ட இல்லாத கெட்ட பழக்கம் என்கிட்ட இருக்கு,0,tamil
அசுரன்கிட்ட செருப்படி வாங்குன கையோடா போயி படம் எடுத்துட்டான் போலருக்கு,0,tamil
என்‌ சார்பாக 100 நபர்களுக்கு டிக்கெட்  சீர்காழி கிழக்கு ஒன்றிய பாமக திரெளபதி மிரட்டுவாள்,0,tamil
பிள்ளை சமூகம் சார்பாக படம் வெற்றி பெற வாழ்த்துக்கள்..,0,tamil
Sema mass சிம்பு சார் விஜய் சேதுபதி அண்ணா அரவிந்த் சாமி சார் அருண் விஜய் சார்,0,tamil
"நான் எதிர் பார்க்கிறேன், மீண்டும் ஓர் ஆயுதஎழுத்து",0,tamil
"கருத்து சொல்ல சீக்கிரம் வாங்க காலம் மாறிட போகுது, அதாவது புதுசா பிரச்சன வந்துடும். அப்புறம் புது படம்த எடுக்கணும்.",1,tamil
மண்ணையும் பொண்ணையும் இரு கண்களாய் காக்கும் சமூகத்திற்கு இப்படம் சமர்ப்பணம்,0,tamil
இது மாதிரி ஒரு படத்தை தான் இத்தனை வருஷமா எதிர்பார்த்துகொண்டிருந்தேன டிரெய்லர்  பார்க்கும்போதே மனசுக்கு அவ்வளவு சந்தோசமா இருக்கு,0,tamil
அடேய் இது ஆல்ரெடி ஒரு குண்டு பையன் யூடியூப்ல ஒரு குறும்படம் பண்ணிட்டான் நீங்க என்னடானா இத முழு படமா பண்ணிருக்கீங்க எது எப்படியோ வாழ்த்துக்கள்,1,tamil
பள்ளு பர 18 சாதிகளுக்கும் பாடியளந்த வம்சத்தான் கொங்கு வெள்ளாள கவுண்டன். கொங்கு வெள்ளாள கவுண்டர் சமூகத்தின் சார்பாக திரௌபதி வெற்றி பெற வாழ்த்துக்கள்.,0,tamil
இதுக்கு அப்புறம் நம்ம பொண்ணுங்கள தொடம்னும்பு எண்ணம் குட வராது டா.... செருபல அடிச்சா போல இருக்கும் எந்த படம்..... congratulations Mohan Anna....,1,tamil
புதுவை வன்னியர் சமுகம் சார்பாக திரௌபதி படம் வெற்றி பெற வாழ்த்துக்கள்...,0,tamil
Commemts லாம் படிங்க...முதல் முறையாக மொத்த தமிழ் சாதிகளும் ஒன்றாக இணைந்து குருமா தேவுடியா பயனை எதிர்க்கிறது  பார்க்கவே ஆனந்தமா இருக்கு,1,tamil
இந்த teser ல கதை புரிஞ்சதுனு சொல்றவன் தான் அல்ட்ரா லெஜன்ட்....  எனக்கு புரியல... 🤣,1,tamil
இப்படி ஜாதி வெறியை தூண்டும் படங்களை  எடுக்க வேண்டும் என்று எப்படி ஒரு மனிதனுக்கு தோன்றுகிறது??,0,tamil
"இப்போ பாருங்களேன் அசுரன், பரியேறும் பெருமாள் படத்தை வச்சு Compare பண்ணி பேச நாலு டோழர் குரூப்ஸ் வரும்.. ங்கொம்மால வயிரு எரிஞ்சு சாவுங்கடா..",1,tamil
சமூகத்தின் பிரச்சனையை தோலுரித்து காட்டிய ட்ரைலெர். அல்டிமேட் மாஸ்.,0,tamil
திரௌபதி படத்தை அனைவரும் பார்க்க வேண்டுமென்று உங்கள் பொற்பாதங்களை தொட்டு வணங்கி கேட்டுக்கொள்கிறேன்.,0,tamil
"Thiruma சோம்பு Boys . எங்க ஊருல வன்னியர் மக்களும் பறையர் மக்களும் அண்ணன் தம்பி போலத இருக்கோம். அதுகுனு உடனே பொண்ணு தருவியா நு கேட்காத, பறையர் மக்களே அருந்ததியர்கு பொண்ணு தரமட்டங்க .. ஒரு பெண் குழந்தைய வலத்து அந்த பெண் குழந்தைய யார்க்கு கல்யாணம் செய்யணும் பெற்றோர்க்கு தெரியும்  .  திருமாவளவன்  செய்யுற கீழ் தனமான அரசியல் தான் ஜாதி கலவரம் வருது .. 20 வருதம் முன்னாடி நடந்த ஜாதி மோதல் விட இப்போ தான் அதிகமாக நடகுது, இதுக்கு காரணமாக கடிப்பா ஒரு அரசியல் கட்சி தான் இருக்கும்...",0,tamil
அனைவரும் 'சூத்திரன்' தான் புரியல 'தெவிடிய மகன் ' சொன்னவனுக்கு எதிரா புரட்சி பண்ணல எந்த படமும் எடுக்கல தாழ்த்தப்பட்டவன் சுன்னிய ஊம்ப வண்டனுங்க ஜாதி வெறி பிடிச்ச நாய்ங்க உங்கள பேத்ததுக்கு உங்க அப்பன்  bothroom கையடிச்சு விட்டிருக்கலாம் 🤧🤧🤧,1,tamil
"அசுரன், பரியேரும் பெருமாள் போன்ற தரமான படங்களுக்கு மத்தியில் இப்படிப்பட்ட சாதி வெறி படங்களை அனுமதிப்பது தமிழ் சமூகத்திற்கு நல்லதல்ல..!  காதலை சாதி பழி தீர்க்க ஒரு ஆயுதமாக பயன்படுத்துவதை எந்த சமூகத்தினர் செய்தாலும் அவர்கள் பெட்டைகள்தான்..!  சாதியை ஒழிக்கத்தான் திரைப்படங்கள் தேவை.. சாதி வெறியைத் தூண்டும் படம் தேவையில்லை..!",0,tamil
எவன் வேண்டுமானலும் யாரயை வேண்டுமானலும் ஓக்கலாம் படம் எடுங்கடா,1,tamil
தேவேந்திர குல வேளாளர் சமுகத்தின் சார்பாக படம் வெற்றி பெற வாழ்த்துகள்,0,tamil
"தர்மபுரியில் நடந்தது அனைவரும் அறிந்ததே,உடுமலைப்பேட்டை சங்கர் வெட்டி கொலை இதெல்லாம் நாடக காதலா...",1,tamil
"திருநெல்வேலி(தென்காசி) மாவட்ட முக்குலத்தோர்,நாயக்கர்,நடார், யாதவர், சமுதாயங்களின் சார்பாக இத்திரைப்படம் வெற்றிபெற வாழ்த்துகள் Reply 156",0,tamil
"விருதுநகர் மாவட்டம் நாயக்கர் சமுதாயம் சார்பில் வாழ்த்துக்கள்,",0,tamil
"அசுரன் படத்தை பாராட்டி ஸ்டாலின் தனக்கு தானே குழி பறித்து கொன்டார், இந்த படத்தை எதிர்த்து வன்முறையை தூண்டுவார்",0,tamil
"Palli, kalla, maravan, vellalaru, கவுண்டன்,, நாய்க்கர் உங்க எல்லாத்துக்கும் ஆண்மை இருந்த ஏன் உங்க பொண்ணுங்க எங்கள தேடி வருது.... போய் முதல்ல சேலம் சித்த வைத்தியரை பாருங்க... அப்பறமா வந்து எங்கள எதிர்த்து  படம் எடுங்க.....",1,tamil
teaser எப்ப பாக்கனுமமேன்டு சொல்லட்டுமா தல funs என்ன பயம் தளபதிய நாங்க பாக்க முதலே நீங்க பாக்கிறிங்க அந்த பயம் இருக்கனும்டா,1,tamil
நாடார்  சமுதயத்தின்  சார்பாக படம் வெற்றி பெற  வாழ்த்துக்கள்,0,tamil
"அனைத்து சூத்திர சமூகம் (தேவிடியா லுகு பிறந்தவர்கள்) சார்பாக வாழ்த்துகள். உன் ஜாதி கு இது தா உண்மையான அர்த்தம்,இப்போ சொல்லுங்க டா ஜாதி வேணுமா வேணாமா நு ??",1,tamil
இந்த மாதிரியான படத்தை theatre ல போய் பார்க்க முடியலனாலும் பரவாயில்லை டவுன்லோடு செய்து குடும்பத்தோட பாருங்க...,0,tamil
அப்படி ஒரு ரகசிய அடி குடுக்கணும்,1,tamil
உங்கள படத்தை நாங்கள் குடும்பம்மாக பார்த்துயிருக்கிரோம். இன்று முதல் நாங்கள் மற்றும் நண்பர்கள் யாரும் உங்கள் படத்தை பார்க்கமாட்டோம்.,0,tamil
இசை கடவுள் அய்யாவின் இசைக்காக பார்ப்பேன் அமைதியா ஆரம்பித்து அல்லு விடுது BGM,0,tamil
அசுரன் படத்தை பார்த்துட்டு ரூம் போட்டு அழுததெல்லாம் மறந்துபோச்சாடா பேண்ட சாதி பசங்களா,1,tamil
சாதிய பாக்காதிங்கடா நாய்களா? சாதிக்க பாருங்க.வாழ்க்கை ஒரு முறைமட்டும் தான் சந்தோஷமா வாழுங்கசாதிகள் இல்லையடி பாப்பாஒற்றுமையே உயர்வுக்கு வழி,1,tamil
கொங்கு வேளாளர் கவுண்டர்கள் சார்பாக படம் வெற்றியடைய  வாழ்த்துகள் . கோயமுத்தூர்ல எல்லா தியடர்லயும் படம் வெற்றிவாகை சூடினும்... எல்லா கவுண்ட சொந்தங்களும் ஒத்துழைப்பு கொடுத்து படம் வெற்றியடைய உதவனும்...,0,tamil
இத்தன சாதி பயலுவளும் ஒன்னா சேர்ந்து பறையருக்கு எதிரா கத்துறீகனா. இங்க எவன் வலிமைமிக்கவன்னு தெரியுதா. ஒத்தைக்கு ஒத்த நின்னா மசுரை கூட புடுங்க முடியாது.,1,tamil
"waiting to watch the movie , கருத்து சுதந்திரம் எல்லோருக்கும் சமமாகும். படம் வெற்றியடைய வாழ்த்துகள்",0,tamil
"பணக்கார வன்னியன் ஏழை வன்னியன் வீட்டில் பெண் எடுத்து பெண் கொடுக்கமாட்டான்....கவுண்டர்,முதலியார்,கோனார்,நாடார்,தேவர்....நீங்கள் சொல்லும் ஆதிக்க சாதியில் நானும் அடங்குவேன்  எந்த தீய பழக்கமில்லாத என் அண்ணனுக்கு பெண் கொடுக்கவில்லை .....காரணம் ஏழை என்பதால்....பணம்தான் முக்கியம்னு மண்டைல ஏத்தி வச்சிருக்கானுக",0,tamil
தீபாவளிக்கு ரிலீஸ் ஆச்சுனா சர்கார் நிலமை,0,tamil
"சாதி தான் சமூகம் என்றால் வீசும் காற்றில் விஷம் பரவட்டும் இந்த படத்தின் நாயகனின் தோற்றமும் வசனங்களும் என்னை கவர்ந்து விட்டது அவரின் நடிப்பை பாராட்டுகிறேன் எதுவாயினும் சரி நம் நாட்டில் ஜாதி இருக்கவே கூடாது இத்திரைப்படத்தின் வெற்றி யாதெனில் நம் மொழியிலும் நாட்டிலும் ஜாதி,மதம் எனும் வார்த்தையை நீக்க வேண்டும் திரைப்படங்கள் வாயிலாக நம்முள் சண்டையிடுவது பகுத்தறிவற்ற கோழைத்தனம் அவை நிஜத்தை பிரதிபலிக்கட்டும் நாம் அவற்றிலிருந்து கற்றுக்கொள்வோம் நம் அரசாங்கம் நம்மை தாழ்த்தப்பட்டோர் என்றும் பிற்படுத்தப்பட்டோர் என்றும் தானே அரசு தீர்மானிக்கிறது   இதற்கிடையில் யாரும் மேல் ஜாதி இல்லை கீழ் ஜாதியும் இல்லை நாம் அனைவருமே மனித ஜாதி",1,tamil
தாழ்த்தப்பட்ட சாதியினர் தவிர வேறு யாரும் காதல் பண்ணல அப்படியா?,0,tamil
நாயுடு சமூகத்தின் சார்பாக திரைப்படம் வெற்றியடைய வாழ்த்துக்கள்...!,0,tamil
தாழ்த்தப்பட்டோர் இன்றைய தலைவர்களுக்கு இது ஒரு சவுக்கடி,0,tamil
JJ va Against Ethirthuu ninnu ...ரஜினிகாந்த் ஆதரவு பெற்ற வேட்பாளர் கலைஞர்னு தம்பட்டம் அடிச்சு vote vangaralvuku தமாக திமுக கூட்டணி ஆதரவு கொடுத்தார். ஒருநாளும் அரசியல் வருவன் கூறியதில்லை...வரலாறு தெரிஞ்சிட்டு படம் எடுங்கடா முட்டாள்களா...பப்ளிசிட்டிகாக பொய் அளந்து விடறது,1,tamil
சூப்பர் சிவா அண்ணா நல்ல உழைப்பு உங்கள் டீம் வாழ்த்துக்கள் அண்ணா,0,tamil
வீர செங்குந்தர் சார்பாக இந்த திரைப்படம் வெற்றி பெற வாழ்த்துக்கள்................. இயக்குனர் மோகன்.G அவர்களுக்கு எங்கள் சமுதாயத்தின் சார்பாக வாழ்த்துக்கள்,0,tamil
நம்ம பலமுறை பாத்து பரிச்சியாமனான முகங்களை வேற கோணத்தில் சற்றும் பதற்றமாக காட்டுவதே மிஷ்கினின் தனித்திறன்... வாழ்த்துகள்  மிஷ்கின் அண்ணா,0,tamil
கமெண்ட் மயிர மட்டும் நல்லா ரோஷப் புண்டையா போடுங்க டா! ஆனா ஓட்டு அவனுங்க கூட்டணிக்கு போடுங்க.,1,tamil
"செட்டியார் சமுதாயம் சார்பாக இப்படம் (பாடம்)வெற்றியடைய வாழ்த்துக்கள்....,",0,tamil
நம்ப பொழுது போகெலனா படத்துக்கு போவோம் ஆனால் விஜய் கு படம் எடுகுறதே ஒரு பொழுது போக்கு,0,tamil
ஜாதிகளை ஒழிப்போம் சொல்ற திருட்டு திராவிடம் பெரியார் கும்பல் சவாட்டும்,0,tamil
கோவை முதலியார் வம்சம் சார்பாக வாழ்த்துகள் கண்டிப்பா படத்தை திரையில் பார்க்க ஆவல் BGM super,0,tamil
வெள்ளாளர்/வேளாளர் முன்னேற்றக்கழகத்தின் சார்பாக படம் வெற்றி பெற வாழ்த்துக்களை தெரிவித்துக்கொள்கிறோம்... குருமா பசங்களின் நாடக காதலை ஒழிக்க எடுத்த படம்.... நெல்லை மாவட்டம் பந்தல்S.ராஜா தம்பிகள்........,1,tamil
இந்த மாதிரி படம் எடுக்க ஒரு தனி தைரியம் வேண்டும்..... வாழ்த்துக்கள்,0,tamil
கவுண்டர்கள் சார்பாக இப்படம் வெற்றியடைய வாழ்த்துகிறேன் கண்டிப்பாக திரையரங்கு சென்று குடும்பத்துடன் பார்க்கவேண்டும்,0,tamil
இராமநாதபுரம் மாவட்டம் முக்குலத்தோர் சார்பாக வாழ்த்துக்கள் அண்ணன் G.மோகன் அவர்களுக்கு,0,tamil
இங்க ஒரு பைத்தியம் ப.ரஞ்சித்தை விமர்சிக்க கெளம்பியிருக்கு போல..படம் தோல்வியடைய வாழ்த்துக்கள்,0,tamil
தஞ்சை முத்தரையர் சார்பாக படம் வெற்றி பெற வாழ்த்துகள். திராவிட பாசாங்கு சாதி ஒழிப்பை எதிர்ப்போம் காங்கிரஸ் கம்யூனிஸ்ட் போலி மத சார்பின்மையை ஒழிப்போம் நம் வேரையும் அடையாளத்தையும் மீட்டெடுப்போம்,1,tamil
இதோட 21 தடவ பாத்துட்டே கண்டிப்பா 2 தடவயாச்சும் தியேட்டர்ல போயி பாக்கணும்🤗,0,tamil
தல தளபதி ரசிகர்கள வச்சு வியாபாரம் பாக்கலாம்னு இவனுங்களுக்கு நினைப்பு போல...  முட்டா புண்ட மாதிரி ரசிக சண்ட போடாம கொஞ்சம் சிந்திச்சு பாருங்க டா டேய்...,1,tamil
"முதலில் பள்ளர் பறையருக்கு பெண் கொடுத்து கலப்பு திருமணம் செய்யுங்கள் என்ற மாவீரன் காடுவெட்டியாரின் வீர உரை ஞாபகம் வருகிறது... இதில் வெட்கமே இல்லாமல் பிள்ளைவாழ், முதலியார், கவுண்டர் பட்டம் கொண்ட வேளாளர் சாதியின் பெயரை திருடி தேவேந்திரகுலவேளாளர் என இங்கு வந்து முட்டுக்கொடுக்கும் பள்ளர் இன மக்கள்....🤮🤮🤮",0,tamil
நாடார் சமூகம் சார்பாக திரைப்படம் வெற்றி பெற வாழ்த்துக்கள்,0,tamil
"அகமுடையார்களின் (சேர்வை) சார்பில் படக்குழுவிற்கு வாழ்த்துக்கள், படம் வெள்ளி விழா காண்பது உறுதி, அரசியல் கட்சிகள் ஓட்டு அரசியலுக்காக சமூக நீதி என்ற பெயரில்  நாடக காதல் நாய்களை வளர்த்துவிடுகின்றன , இப்படம் அவர்களுக்கு செருப்படி",0,tamil
முதலியார்களின் சார்பாக இந்த திரைப்படம் வெற்றி பெற  வாழ்த்துக்கள்,0,tamil
இது சமுத்திரகனி படம் அப்டி தான் இருக்கும்.....,0,tamil
"கோமாளிய எடுத்துட்டு கொம்மாலனு வச்சக்குங்க, பாடுகலா யார கலாய்க்கிரீங்க.",1,tamil
"தனுஷ் தேனி நாயுடு சமுதாயத்தை சேர்ந்தவர் , இது தென்மாவட்டம் முழுக்க தெரியும். வடமாவட்ட சிறுத்தை குட்டிகள் அவருக்கு தலித் சாயம் பூசாதீங்கடா",0,tamil
கைய மட்டும் இல்ல வேற ஏதோ உன்னால வெட்டுவோம்,1,tamil
காசு இருக்குறவன் காசு இல்லாதவன் அதுதான் இங்க மேட்டரு..  அந்த ஜாதி இந்த ஜாதிய பார்த்து லவ் பன்றானுங்க என்று நம்புவதெல்லாம் சுத்த முட்டாள்தனம்.. இத படமா எடுத்தவன் தன் வீட்டு பெண்கள் மீதே நம்பிக்கை இல்லாத கேடு கெட்டவன். த்த்தூ..,1,tamil
"தர்மபுரி நாடக காதல் நிகழ்வில் இளவரசனின் தற்கொலைக்காக ஒப்பாரி வைத்த தமிழகத்தின் பெரும்பாலான ஊடகங்கள், திவ்யாவின் தந்தை துக்கம் தாளாமல் தூக்கில் தொங்கியதைப் பட்டும் படாமல் கடந்து போய்விட்டன!  ஒரு சாதியினர்க்கு வந்தால்தான் ரத்தமா? மற்ற சாதியினர்க்கு வந்தால் தக்காளிச் சட்னியா?    இங்கே இந்த டிரெய்லருக்குப் பல்லாயிரக்கணக்கில் குவியும் வாழ்த்துகளைக் கண்ட பின்னராவது - நீண்ட காலமாகக் கண்டுகொள்ளப் படாமல் இருந்த ஏனைய சமூகங்களின் ஆற்றாமையை வெடித்தெழச் செய்த trigger point தான் இந்தப் படம் என்பதை ஊடகங்கள் உணர்ந்து இனி இதுபோன்ற பிரச்னைகளை நேர்மையுடன் அணுக வேண்டும்.   எந்தச் சாதிப் பற்றும் இல்லாத நடுநிலையாளனாக நானும் இந்தப் படம் வெற்றி பெற வாழ்த்துகிறேன்",0,tamil
இத்திரைப்படம் மாபெரும் வெற்றி பெற வன்னியர்கள் சார்பாக வாழ்த்துக்கள் இப்படிக்கு பெரியவண் பாசறை மனஞ்சேரி,0,tamil
"மண்ணு, பொண்ணு ரெண்டுமே ஒன்னு அதுல எவன் கைய வச்சாலும் வெட்டுவோம்     #திரெளபதி",1,tamil
69 வயசாகுது தலைவருக்கு ஆனால் இன்னும் விஜய் அஜித்துக்கு சோசியல் மீடியாவுல செம்ம டர்ப் கொடுக்குறாரு ஆனால் சூர்யாவோட நிலைமை இப்படி இருக்கு.,1,tamil
உண்மையாக காதலிக்கும் எவனும் திரௌபதி படத்தை பார்த்து கதற மாட்டான் .... நாடக காதல் கும்பல் மட்டும் தான் இப்போ கதறுகிறது....,1,tamil
"கமெண்ட் Reading குருமா பாய்ஸ் mind voice.., ஆகா ஒன்னு கூடிட்டாங்க ஐயா!!! ஒன்னு கூடிட்டாங்க ஐயா!!!",1,tamil
"படம் வெற்றி பெறும்,,,,,",0,tamil
உதயநிதி (நடிக்கும்) முதல் திரைப்படம் வெற்றிபெற வாழ்த்துக்கள்   மிஷ்கின் real hero,0,tamil
படம் வெற்றி பெற தேவர் இனம் சார்பாக  வாழ்த்துக்கள்,0,tamil
நான் யாருங்கிறத எப்பவுமே நா முடிவு பண்றதுல்ல ... ஏன் எதுர்ல நிக்கிறவங்கதான் முடிவு பண்ணுவாங்க...,1,tamil
படம் செம ஸ்பீடா இருக்க மாதிரி தெரியுது வாழ்த்துக்கள் பிரபு சார் மற்றும டைரக்டர் முகில் சார் மேலும் இந்தப் படம் தமிழ் சினிமாவில ஒரு நல்ல ஹீரோ காமிச்சி இருக்கு வாழ்த்துக்கள் வாழ்த்துக்கள் வாழ்த்துக்கள்,0,tamil
இந்த படம் மாபெரும் வெற்றியடையும்.  #கமல்ஹாசன் ரசிகா்களின் வாழ்த்துக்கள்,0,tamil
இந்த திரைப்படம் வெற்றி அடைய தளபதியின் தம்பி சார்பாக வாழ்த்துக்கள்,0,tamil
"Beethoven's fur elise,,  உங்களுக்கு புடிக்கும்னு தெரியும்,, அதுக்காக அப்டியே சுடலாமா மிஷ்கின் sir?",1,tamil
"எல்லாரும் தப்பா நினைக்கராங்க சாதி வெறி பிடித்து கமெண்ட் பண்றாங்கனு,    இங்கு யாருக்கும் சாது வெறி இல்லை,  சாதியால் தன் குடும்ப பெண்கள் படும் கஷ்டங்களின் வெளிபாடே இது.    உங்க வூட்டு புள்ளைய ஒருத்தன் தன் சுயநலத்திற்காக உபயோகத்தால் அப்போ புரியும்..",0,tamil
படம் வேர லெவல் சப்போட் வேர லெவல் இருக்கவேன்டும்,0,tamil
நடைல நளினம்  நாட்டியத்துல அபிநயம்  அழகு ல அற்புதம்  அறிவுல பண்டிதம்  நடிகைல முதலிடம்  அந்த அம்மா  இவ்வளவு கேவலமா எந்த படத்துலையும் ஆடியதில்லை.   உங்க நல்ல நேரம்  அந்த அம்மா உயிரோட இல்லை .,1,tamil
நாடக காதல் நடத்தி வரும் இடத்தில் சரியான செருப்படி   கொடுக்கும் திரைப்படம் இது,0,tamil
விஜய்க்கு கம்பு சுத்த தெரியாதோ! CG work நல்லா தெரியுது,1,tamil
சேலம் மாவட்டத்தில் விநாயகம்பட்டி கிராம வன்னியர் மக்கள் சார்பாக வெறித்மான வாழ்த்துக்கள்...  படம் ரிலீஸ் ஆகாம எவனாச்சும் ஏதாவது பன்னட்டும் தமிழ்நாடே பத்தி எறியும்,1,tamil
கீழ்சாதி என்ன  அவ்வளவு கேவலமா உங்கம்மா போலந்து ருவாண்டா தம்பி,1,tamil
யோவ்...மோகன் ஜீ நீ பண்ணுயா.. ஒரு படம் இல்ல ஆயிரம் படம் பண்ணு.. உனக்கு நாங்க இருக்கோம் கண்டிப்பா பா ரஞ்சித் குரலா உயர்த்துவா... ஆனா... உன் படம்தான் அவனுக்கும் அவன் சமூகத்துக்கும் நீ குடுக்கர செருப்படி பதில் நீ நல்லா வரனும்யா.. வாழ்த்துக்கள்,0,tamil
ஒருவருக்கும் அஞ்சாத மறவர் கூட்டமடா   தேவர் துணை,0,tamil
கொண்டங்கி வன்னியர் சார்பாக படம் வெற்றி பெற வாழ்த்துகள்,0,tamil
எடப்பாடி வன்னியர் சார்பாக திரைப்படம் மாபெரும் வெற்றியடைய வாழ்த்துக்கள்,0,tamil
கதிர் பரியேறும் பெருமாள் படத்தில  நல்லா நடிச்சு இருந்தீங்க  வாழ்த்துக்கள் இந்த படம் வெற்றியடைய,0,tamil
என்கிட்ட பணம் இல்லை  இல்லனா நாணும்  வருவேன் ஒரு இயக்குனரா  என் இனத்தை காக்க  இது வன்னியர் தேசம்  வன்னியர் பூமிடா,0,tamil
நாடார் குலத்தின் பாதுகாவலன் ராக்கெட் ராஜா அவர்களின் சார்பில் வாழ்த்துக்கள்,0,tamil
சூர்யா அண்ணா வேற லெவல் உண்மையிலயே தரமான சம்பவம்தான்!,0,tamil
இவ்வளவுபேர கதற விட்ட அந்த சாதிகாரன எனக்கே பாக்கனும் போல இருக்கு மோகன்ஜி,0,tamil
செங்குந்த முதலியார்  சமூகம் சார்பாக வாழ்த்துக்கள் ...,0,tamil
"சோறு கூட ஆக்காமல், மனைவி TV சீரியல் பார்த்துக்கொண்டே இருந்தால்...  பசியோடு வீடி திரும்பிய கணவன் இதைத்தான் செய்வான்... 🤪",1,tamil
டகால்டி    ஹிட்  ஆகிரும்  சர்வர்  சந்தேகம் தான்...,0,tamil
ஏன்டா விக் மண்டையா உனக்கு இதுலாம் தேவையா சும்மா இருக்க மாட்ட,1,tamil
பெண்களுக்கு எதிரான குற்றம் செய்யறது எல்லாம் சேரிப் பசங்களாடா? தப்பு பண்றவன் எல்லா சாதியிலயும் இருக்கான்டா இந்த கமெண்ட் படத்துக்கு இல்ல ஒழுக்கசீலனுங்க மாதிரி கமெண்ட் பண்ற சாதிவெறி பாய்ஸ்க்கு......படத்த பார்க்கலாம்,1,tamil
சிறப்பு தேவையான படம். பாதிக்கப்பட்ட குடும்பத்தினருக்கு தெரியும் வேதனை. நாடக காதல் கூட்டம் ஒழிப்போம்...,0,tamil
மாஸ் ஜெயம் ரவி படம் மைல் கல் ஆக வர வாழ்த்துக்கள்,0,tamil
சுத்திவளச்சி பேசவிரும்பல  இந்த  திருமாவளவன் போன்ற அயோகிய ராஸ்கல் தன்னுடைய வயிற்று பிழைப்புக்காக இப்படி மானம் கெட்டு திரிகிறான்.  இந்த படம் அவனுக்கு ஒரு நல்லா பாடமாக அமைய வேண்டும். வாழ்த்துக்கள் படக்குழுவினர்களுக்கு.,1,tamil
அடேய் தலைவர் ரஜினி பத்தி தயவு செய்து தப்பா சொன்னா படம் ஓடுவது கஷ்டம் தான் பாத்துக்க,0,tamil
Psycho Review : கை அடிச்சா யாருக்கும் தெரியாம அடிக்கணும்.  இல்லனா டீச்சர் உன்ன அடிப்பா.  அப்புறம் நீ psycho ஆயிட்டு போற வர பொண்ணுலாம் புடிச்சு கொலை பண்ணுவ !!,1,tamil
துரியோதனன் கர்ணனிடம் சொல்றான் 2:06 : அவன் ஊரு மண்ணுல நாம கால வைக்கனும்னா அவன் வீட்டு பொண்ணு மேல நம்ம கை வச்சே ஆகனும்‌‌.   திரௌபதி: எங்களுக்கு மண்ணு பொண்ணு ரெண்டுமே முக்கியம். அதுல யாரு கைய வச்சாலும் அவன் கைய வெட்டுவோம்.  செம டயலாக்...  திரௌபதி நிச்சயம் வெல்வாள்   #shared,0,tamil
திரு மாமா வளவன் தேவிடிய பையனுக்கு சமர்பனாம்,1,tamil
தமிழகத்தையே புரட்டிப்போடும் ஒரு திரைப்படமாக அமையும் வெற்றிபெற வாழ்த்துக்கள் வாழ்த்துக்கள் அண்ணா....,0,tamil
இது இது இது இந்த மாதிரி ஒரு தரமான திரைப்படத்த தான் எதிர் பார்த்துன் இருக்கம்!,0,tamil
"சுய சாதி பற்று  , மற்ற சாதி நட்பு இதுவே தமிழ் பண்பாடு . நாடக காதலை வேர் அறுப்போம் ... சொந்த சாதியில் திருமணம் செய்வோம், பண்பாடு கலாச்சாரம் மாறாமல் தமிழராய் ஒன்று இணைவோம்.படம் மிக பெரிய வெற்றியடைய வாழ்த்துக்கள்.இவன் கமுதி தேவேந்திர குல வேளாளர்",0,tamil
ஒட்டு மொத்த கம்மாளர் குல மக்களின்  சார்ப்பாக படம் வெற்றியடைய வாழ்த்துக்கள்,0,tamil
தாழ்த்தப்பட்டவர்கள்  சார்பாக இந்த படம் வெற்றி பெற என்னுடைய  வாழ்த்துக்கள்....,0,tamil
பர முன்னே வந்து நின்னு பார்றா புரியும்    விஜய் தனது சாதியை வெளிபடுத்திவிட்டார்  பறையர் சமூகம் பசங்க தொல்லை இனி தாங்க முடியாது   இருந்தாலும் நான் விஜய் அண்ணா ரசிகன்,0,tamil
1 மில்லியன் பார்வையாளர்களை கடந்து மிரட்டுகிறாள் # திரௌபதி.,0,tamil
கொங்கு வேளாலர் கவுண்டர் சமூகம் சார்பாக..வாழ்த்துக்கள் ..மோகன் அண்ணா...,0,tamil
திரையரங்கம் சென்று படம் பாருங்கள்... வெற்றி அடைய செய்யுங்கள்,0,tamil
"திரைத்துறையில் இப்படம் ஒரு சாபக்கேடு ஜாதியப் பெயர்களால் வரும் அனைத்துப் படங்களையும் எதிர்ப்போம் , ஜாதிகள் இல்லையடி பாப்பா.",1,tamil
எனக்கும் அப்படித்தான் அப்பப்ப எல்லா பல்லும் தெரியும் குறிப்பா தேவையில்லாத இடத்துல,0,tamil
இந்த படம் வந்த அப்ரம் நம்ப வீட்டு ponnunnku இந்த samoogathathaa எப்படி  கையலனும் nu  தெளிவா புரியும் நன்றி மோகன் .G அவர்களே,0,tamil
பொள்ளாச்சி பாலியல் சம்பந்தமான படம் செம தோழர் 🤪🤪🤪🤪,0,tamil
கண்டிப்பாக இந்த படத்தை சில “திரு”நாய்கள் படத்த தடை போட பார்க்கும்.,1,tamil
"படம் நிச்சயம் வெற்றி பெறும் , வாழ்த்துக்கள் ,யாதவர் சமுதாயம் துணைநிற்கும்",0,tamil
நாடார்கள் சார்பாக படம் வெற்றி பெற வாழ்த்துக்கள்,0,tamil
இக்காலத்துக்கு தேவைப்படும் படம்...  இது போன்ற படம் எடுக்க நிச்சயம் துணிச்சல் வேண்டும்....  வெற்றிபெற வாழ்த்துக்கள்....,0,tamil
Aprm தலைவ படம் கண்ணு முன்னா வந்து போவும்லய இல்லையா,0,tamil
"வன்னியர், தேவர்  கவுண்டர்  நாடார்  தேவேந்திரர் முதலியார்  கோனார்  முக்குலத்தோர்  செட்டியார் உடையார் என நாங்கள் எல்லோரும் ஒற்றுமையா தாண்டா இருக்கோம்  எங்க எல்லோரடையும் வம்பு வச்சிகிறது குருமா தம்பிகள் தான் சோ இதுல யார்மேல் தப்புன்னு தெரியும் தமிழ்நாட்டுக்கு",0,tamil
வேலூர் மாவட்ட வன்னியர் சங்கம் சார்பாக திரைப்படம் வெற்றியடைய வாழ்த்துகிறோம்,0,tamil
தல ரசிகர் சார்பாக படம் வெற்றியடைய வாழ்த்துக்கள்,0,tamil
அஜித் பீய தின்கிறவன்களா ஒரு கால் இல்லாத தமிழன் உயரம் தாண்டுதலில் ஆசிய பதக்கம் வென்றான் அவனை பாராட்ட துப்பு இல்ல கோடி கோடியா பணத்த வாங்கிகிட்டு கூத்து அடிக்கிற நாய் அஜித் அவனைபாத்து ஏன்டா அழிஞ்சு போறீங்க இவன் படத்த பாக்குறதுக்கு செலவு பண்ற பணத்துல நம் தமிழ் தம்பி தங்கைகள் எத்தனை பேர் ஊனமுற்று இருக்காங்க அவங்களுக்கு உதவுவோம் வாருங்கள் சகோதரர்களே,1,tamil
விஸ்வகர்மா சமூகம் சார்பாக படம் வெற்றிஅடைய வாழ்த்துக்கள்........,0,tamil
உன் எதிரி யார் என்று சொல் நீ யார் என்று சொல்கிறேன்.. ஒரு சாதியை எதிர்த்து இத்தனை சமூகம் ஒன்று கூடுகிறது ஆகச் சிறந்த எதிரி பறையர் சமூகம்,0,tamil
JJ va Against Ethirthuu ninnu ...ரஜினிகாந்த் ஆதரவு பெற்ற வேட்பாளர் கலைஞர்னு தம்பட்டம் அடிச்சு vote vangaralvuku தமாக திமுக கூட்டணி ஆதரவு கொடுத்தார். ஒருநாளும் அரசியல் வருவன் கூறியதில்லை...வரலாறு தெரிஞ்சிட்டு படம் எடுங்கடா முட்டாள்களா...பப்ளிசிட்டிகாக பொய் அளந்து விடறது,1,tamil
இது இப்பொ fashion ஆயிடு சாதி ஓழிங்கனு சொல்லிட்டு அதையே படமா பன்னிட்டு இருக்காங்க சரி முள்ளை முள்ளால் எடுக்கனும் அப்படி தான் நா இல்லனு சொல்லல அதுக்கு என் மற்ற சாதிய அசிங்க படுத்துரிங்க எங்க பாத்தாலும் தாழ்த்த பட்டவங்க சாதி வைச்சி sentiment ah எடுக்கிறிங்க என் மத்த சாதில இத மாரி நடக்களையா மாறட்டும் சமுகம் மாறட்டும் சாதி மதம்,1,tamil
இந்த படம் வெற்றி பெற கவுண்டர் சார்பாக வாழ்த்துகள்,0,tamil
வந்தவாசி யாதவர் புரட்சிப் படையின் சார்பாக படம் வெற்றி பெற வாழ்த்துக்கள்,0,tamil
படம் வெற்றி பெற வாழ்த்துகள் மோகன் ஜி bro நாடக காதலுக்கு சொம்பு தூக்கும் திருமா  ரஞ்ஜித்  இவனுகளுக்கு தகுந்த செருப்படி,1,tamil
பள்ளி மற்றும் கல்லூரி பெண்கள் பிள்ளைகள் கட்டாயம் பார்க்க வேண்டிய படம்...தமிழ்நாட்டில் இந்த படத்தை ஒன்பது ரூபாய் நோட்டு படம் போல (விழிப்புணர்வுக்காக)  திரையிட்டால் நல்லது...,0,tamil
ஆதிக்கத்தால்...  ௮டக்குமுறை.....  ௮டக்குமுறையால்... தாழ்வுமனப்பான்மை...   தாழ்வு மனப்பான்மையால்...  தலை குனிவு...   தலை குனிவுவால்...  இழிவு நிலை...   இழிவு நிலையால்...  வேளியேற துடிக்கும்       ௭ங்கோ ஒரு சில தவறு....  தவறின் தொடக்கம்     மனுடனின்  மறுபக்கம்....... ௮துவே (சாதி)கள் •,1,tamil
#திரௌபதி  அடங்குனா அடங்க கூடாதுனு எங்க அண்ணன் சொல்லிர்க்காப்ள.. பெரிய வீட்டு புள்ளைய கண்ணாலம் பன்னா மட்டும்தான் லைப் கெத்தா இருக்கும்னு அண்ணன் சொல்லிருக்காப்ள..  #பங்கம் பண்ணிட்டார் இயக்குனர் ..,0,tamil
ஒரு பெரிய அளவில் விழிப்புணர்வு ஏற்படுத்த கூடிய மாபெரும் திரைபடம்... எங்கள் அதரவு உங்களுக்கு உண்டு... வெற்றி பெற வாழ்த்துக்கள்...,0,tamil
ஈரோடு செங்குந்தர் முதலியார்கள் சார்பாக இந்தபடம் வெற்றிபெற வாழ்த்துக்கள்,0,tamil
செய்வீர்களா.. செய்வீர்களா'னு கேட்டவங்கள நல்லா வச்சி செஞ்சிட்டிங்களே டா..,1,tamil
விஐயமாநகரம் சத்திரியன் இரா.அருள் மொழி    சார்பாக வாழ்த்துக்கள் draupathi,0,tamil
8.5 dislike போட்டவன் யாருன்னு பார்த்தா விசிக & நாம் தமிழர் கட்சி சார்ந்த பொறுக்கி தான்.. இனையதலம் முழுக்க தப்பு தப்பா எழுதுரானுங்க..,1,tamil
எப்படியாவது இந்த ரோல்ஸ்ராய்ஸ் காரை தமிழ் சினிமாவிலிருந்து காப்பாத்தணும்,0,tamil
"தோ! வந்துட்டான் ல அடுத்த  முத்தையா! ஜாதி, மய்ரு னு.இப்டியே மக்களை வெறியேத்தி விட்டுட்டு நீங்க குளிர் காயுங்க",1,tamil
போராடுவது தப்புன்னா போராட வைக்குற சூழ்நிலையை உருக்குனதும்  தப்புதான்  Thalapathy fan in தமிழீழம்,1,tamil
சீமான் தெண்ட கிழிய பேசினது எல்லாம் படம் வந்துகிட்டு இருக்கு,1,tamil
"திண்டிவனத்துல காலேஜ் படிக்குற  தலித் பொண்ண நாடக காதல் பண்ணி அந்த பொண்ண நிர்வாணமா  வீடியோ எடுத்து மிரட்டி அவங்க குடும்பத்தையே தூக்குல தொங்க வச்ச நாடக காதல் கும்பல்  வன்னியர் சமுதாயத்தை சேர்ந்தவன், அவன் நண்பர்களும் இதற்கு உடந்தை குறிப்பு அந்த நாய்ங்களும் வன்னியர் சமூகம் தான் ... வீர நாடக காதல் குரூப்  வன்னிய ஜாதி நாய்ங்க ஒரு உதாரணம்......",1,tamil
வேற லெவல்ன்னு ஒரு கூட்டம் சொல்வாங்க பாரு,1,tamil
"கொங்கு மருத்துவர் சங்கம் சார்பாக படம் வெற்றி பெற வாழ்த்துக்கள் ..... எந்த சமூகமாக இருந்தாலும்,அவரவர் பெண் பிள்ளைகளை வளர்க்க பாடுபடும் பெற்றோரின் நிலைமை இன்றியமையாதது..நாடக காதலின் பேரில் பெற்றோரின் நிம்மதியை தொலைத்து,பெண்ணுடைய வாழ்க்கையை தொலைக்கும் நாடக காதல் அறவே வேண்டாம்....அதற்க்காக ஜாதி,பணம்,மதம் இவற்றை கடந்து வரும் உண்மைக் காதல்(பெற்றோரின் அனுமதியில் நடந்தால்) வரவேற்க்கத்தக்கது",0,tamil
அட ஜாதி வெறி புடிச்ச தேவுடியா பசங்களா என்ன டா மேல் ஜாதி கீழ் ஜாதி னுட்டு எல்லா ஜாதியும் ஒன்னு தாண்ட மட புண்டைங்களா🤫,1,tamil
என்னடா சீமான் அண்ணன்  சிரிப்பு காப்பி அடிக்கிறியா..,1,tamil
சேனைத்தலைவர் சமுதாயத்தின் சார்பாக படம் வெற்றியடைய வாழ்த்துக்கள்..,0,tamil
கொங்கு வேட்டுவக் கவுண்டர் சார்பாக படம் வெற்றி பெற வாழ்த்துக்கள் ங்க,0,tamil
அசித் தேவையா மவன் என் சுன்னி மயிறுக்கு சம்ம,1,tamil
எல்லாரும் படம் டிரெயிலர் நல்லா கவனிச்சிங்க.நான் சாய் பல்லவி கண்னத்தை தானே கவனிச்சேன்..அது என் அம்முட்டு சிவப்பா இருக்கு,0,tamil
நான் அரசியலுக்கு வரது உறுதி இது 96 யார் கிட்ட ஏமாத்துற,1,tamil
marana waiting anna ............ ஒரு தவறு செய்தால் அதை தெரிந்து செய்தல் அது கடவுள் என்றாலும் விட மாட்டேன்,0,tamil
தப்பு யாறு பன்னாலுலம் தப்பு தான்  நீண்ட நாள் எதிர்பார்பு வாழ்த்துகள்,0,tamil
நான் ஏற்கனவே சொன்னது தான் ஒருவன் சிக்கரம் பிரபலம் அகனும்னா எங்க தலைவர் கிண்டல் செய்வானுகோ. கடந்த சில காலாமா நடக்குது. அப்பறம் நாங்கா ரஜினி ரசிகர் சொல்லுவானுகோ. லிங்கா படத்திற்கு பால் அபிஷேகம் பன்னுனே சொல்லுவாங்கோ. அப்போ நாங்கோ பில்லா இருந்து ரசிகர்டா பொறும்போக்கு. எங்க தலைவர் உங்க மாதிரி கேவலமான ஜென்மகளே கண்டுகிறது இல்ல.,1,tamil
சுடலை குஞ்சு சும்மாவே ஒரே சைக்கோ தானே,1,tamil
இன்னும் எத்தனை பெரியார் வந்தாலும் சாதியை மட்டும் ஒழிக்கவே முடியாது. சமத்துவம் என்பதை சரி செய்யவும் முடியாது. நம் தமிழ்நாட்டில் சாதியைத் தூக்கி ஓரம் வைத்து விட்டு சமத்துவம் என்பதை கை🤝கொடுத்து தூக்கங்கள் அதுவே போதும் மக்களுக்கு                நன்றி வணக்கம் 🤝,0,tamil
திருவண்ணாமலை  மாவட்டத்துல இந்த படம் எங்க ஓடுனாலும் நான் 500 பேர என் செலவுல படம் பாப்ப கூட்டிட்டு போவன்....,0,tamil
என்னடா ஜெயம் ரவி மாதிரி வருவனு பாத்த நிழல்கள் ரவி மாதிரி வர  வாரம் வாரம் யோகி வரான்யா,1,tamil
அண்ணனுக்கு வாழ்த்துக்கள் தெரிவித்துக்கொள்கிறோம் மீஞ்சூர் ஒன்றிய தலைமை உதயநிதி ஸ்டாலின் ரசிகர் நற்பணி மன்றம்,0,tamil
"ஈனப்பிறவி ஈவே ராமசாமியையும், அருவருக்கத்தக்க அம்பேத்கரின் கொள்கைகளையும் தலித்துக்கள் தலைமுழுகும் வரை அவர்களுக்கு சமூக அந்தஸ்து கிடைக்காது.",1,tamil
மொக்க படம்! கதிர்க்காக FDFS total waste.,1,tamil
"இது அநாகரீகம், கோடிக்கணக்கான ரசிகர்களையும் தொண்டர்களையும் கொண்டிருக்கும் வாழும் மகான் திரு ரஜினிகாந்த் அவர்களை கொச்சைப்படுத்திருப்பது கண்டிக்கதக்கது.அந்த குறிப்பிட்ட காட்சியை நீக்கவேண்டும்.",1,tamil
அசுரன் படம் வந்தா சமுக படம்.திரௌபதி படம் வந்தா சாதி படமாடா.மண்ணும் பொண்ணும் ரெண்டுமே முக்கியம்.காஞ்சிபுரம்     செங்குந்த முதலியார் சார்பாக படம் வெற்றியடைய மணமார்ந்த வாழ்த்துக்கள்..,0,tamil
ஓடைநீரில் ௨ழமண் பூசி ஓடிக் குளித்து  மகிழ்ந்து விளையாடிய தமிழ் தாடையை ஆட வைக்கும் வாடைக்காற்றின் குன்றுகுளிா் தமிழ் கடைக்கண் காட்டும் மெல்லிய பெண்மையின் புன்னகை தமிழ் காண மக்கள் தொலைக்காட்சி நிகழ்ச்சிகளை யூ டியூப் ல் காணுங்கள் நன்றி.  .,0,tamil
"மணிரத்னம்,AR ரஹ்மான், வைரமுத்து, சந்தோஷ் சிவன்  தமிழ் சினிமா ல  இல்லல்ல இந்திய சினிமால யே கால் நூற்றாண்டுகளா(25 வருசம்) ஒரே team இல்லல்ல உண்மையான நண்பர்களா இருந்துகிட்டு இருக்காய்ங்கே னா அது இந்த team தான்  படம் எப்ப வரும் னு எதிர்பார்ப்பா இருக்கு.",0,tamil
சாதி நம் அடையாளம் அதை மறக்கவும் முடியாது மறுக்கவும் முடியாது,1,tamil
அடேய்...படிச்சு முன்னேறு னு அம்பேத்கர் சொன்னாரு டா...  மேல்.சாதி பொண்ணு கூட படு***ட்டு முன்னேறு னு உங்க காதுல விழுந்திருச்சு போல...  அதான் புத்தகத்தை தூக்கி எறிந்து.. பொம்பளப்புள்ள பின்னாடி சுற்றும் கூட்டம்.  சும்மாவா சொன்னான்..  கீழ்மக்கள் கீழ்மக்களே...  த்தூ  #திரௌபதி,1,tamil
பெயருக்கு பின்னாடி சாதிய சேர்க்கிறது சாதி வெறினா??? சாதி பெயரை சொல்லி சலுகை வாங்குறத... கொல்லைப்புறமா கூட்டிக்கொடுக்கிறதுன்னு சொல்லலாம்தானே!!🤔,1,tamil
தமிழ்நாடு பார்க்கவ குலம் சார்பாக வெற்றி அடைய வாழ்த்துக்கள்,0,tamil
Str mass வந்தா ராஜ வா தான் வருவேன்,0,tamil
திருச்செங்கோடு படையாச்சிகள் சார்பாக படம் வெற்றி பெற வாழ்த்துக்கள்,0,tamil
இந்த படம் மிக பெரிய வெற்றி பெரும்,0,tamil
"காதலிச்சு ஓடி போனா அப்பன் செத்துடுறான்   பொண்ணு காதலிக்க மறுத்தா அந்த பொண்ண வெட்டுறானுங்க   அப்படியே காதலிச்சு ஓடி போய் அப்பனும் சாகலைனா,  3 மாசத்துல பேரம் பேசி துரத்தி விட்டுறானுங்க   கொடூரமான இன அழிப்பு ங்குற ஒரு ஆயுதத்தை கையில் எடுத்துருக்கானுங்க   இதுக்கு சிங்களன் எவ்வளவோ மேல்  போல  இதுல எங்காவது நாம கோவப்பட்டு நம்ம பக்கம் நியாயத்தை பேசுனாலே ஐயோ ஐயோ சாதி வெறி  ன்னு சட்டையை கிழிச்சிகிட்டு ஓடுறானுங்க",1,tamil
பார்க்கவ குல உடையார் சமுதாயம் சார்பாக  படம் வெற்றி பெற வாழ்த்துக்கள்  மேன்மக்கள் ஒற்றுமை ஓங்கட்டும்,0,tamil
இதே உணர்வோடு இனி ரஞ்சித் படத்தை யாரும் பார்க்க கூடாது ஏனெனில் நாம் கொடுக்கும் பணத்தை வைத்து நமக்கெதிராக படம் எடுக்கிறான் இராஜராஜ சோழனுக்கு எதிராக பேசுகிறான் பொறுத்து போதும் இனி அவனை போன்ற ஆட்களை ஒழித்து கட்டவேண்டும்.,1,tamil
என்னடா தெலுங்கு படம் மாதிரி எடுத்து வச்சிருக்கீங்க,1,tamil
ஒரே ஒரு ஜாதி தவிர மற்ற எல்லா ஜாதியும் ..இந்த படத்துக்கு சப்போர்ட் பண்ணுது நா...அப்போ அவ்வளவு ஜாதி மக்களின் வயித்து எரிச்சலை ஒரு ஜாதி வாங்கி இருக்குனு அர்த்தம்,1,tamil
வீர வன்னியர் குல சத்ரியன் சார்பாக... வாழ்த்துக்கள்.... மாவீரன் காடு வெட்டியார்... அரியலூர்,0,tamil
யார் யார் கே சரியாக புரிந்து கொள்ளப்படவில்லை 4-5 டிரெய்லரைப் பார்ப்பது சில அர்த்தங்களைத் தருகிறது.,1,tamil
சாதி வெறிபிடித்து அலையும் இடஒதுக்கீட்டிற்கு பிறந்த தலித்திய தரித்திரங்களுக்கு சரியான சவுக்கடி.,1,tamil
நீங்க சொன்னா புரட்சி..! நாங்க சொன்னா சாதி வெறியா?,0,tamil
ஜி முகநூலில் இதான் ஃபேமஸ் ஓடிக்கொண்டிருக்கிறதுஇந்த திரைப்படத்தை வைத்து சாதனை படைக்க வாழ்த்துக்கள்,0,tamil
திருநெல்வேலி நாடார் சார்பாக இந்த படம் வெற்றி அடைய வாழ்த்துக்கள் பறையன் ரஞ்சித் மூஞ்சில் கறியை பூசிய தயாரிப்பாளர் அவர்களுக்கு மனமார்ந்த வாழ்த்துக்கள்,0,tamil
கொங்கு வெள்ளளர்  சார்பாக திரௌபதி வெற்றி பெற வாழ்த்துக்கள்,0,tamil
இதுல  வந்த  comentsa  பா த்தாதா தெரியுது எத்தனை ஜாதி  இருக்கு னு,0,tamil
திரை துறையில் ஓர் உண்மையான ஆண் மகன். மோகன். ஜி,0,tamil
திரெளபதி தமிழ்நாட்டில் கொண்டாடுவது அதிகம் தேவரினம் ஆகவே இருக்கும் திரைப்படம் வெற்றி விழா காண வாழ்த்துக்கள்,0,tamil
கிறுக்கு கூதிக்கு உண்மையிலேயே கண்ணு தெரியலையேன்னு பார்த்த.படத்துல கூட கண்ணு தெரியலா,1,tamil
கிருஷ்ணசாமி மற்றும் குருமா வளவனின் குரூப்ஸ் கதறலுடன் டிரைலர் ஆரம்பம்,1,tamil
மிகவும் சிறப்பு ஒரு சமூகத்தை மட்டும் குறிவைத்து படம் எடுக்கும் பறதேசி நாய்களுக்கு ஒரு நல்ல பாடம்.....,1,tamil
கண்டிப்பாக இப்படம் தடைகளை தகா்த்து மெகா வெற்றியடையும்...!!!,0,tamil
semma trailer expectations overloaded.. சிலர் உங்க வீட்டு பொண்ண குடுப்பியான்னு கேக்க காரணம் இது தான்..  *சாதிகள் உள்ளதடி பாப்பா குலம் தாழ்ச்சி உயர்ச்சி சொல்லல் பாவம்*,0,tamil
அடிச்சா திருப்பி அடின்னு சொல்ற அவங்களுக்கெல்லாம் இது ஒரு செருப்படி திரைப்படமாக அமையும் ...இந்த திரைப்படம் மிகப் பெரிய வெற்றி அடைய என் மனமார்ந்த வாழ்த்துக்களை தெரிவித்துக் கொள்கிறேன் இப்படிக்கு திருச்சி மாவட்ட வன்னியர் அமைப்பு...,0,tamil
படம் வரலாறு காணாத வெற்றி அடைய வாழ்த்துக்கள் நண்பா,0,tamil
கொங்கு போயர் சார்பாக இப்படம் வெற்றி பெற வாழ்த்துக்கள்..,0,tamil
உனக்கு வந்தா இரத்தம் எங்களுக்கு தக்காளி சட்னியா...... இது ஆரம்பம் தான். வெற்றி பயனம் தொடரட்டும்........,1,tamil
"ஒரு உரலு, 5 ஓலக்கை,, 5:1, gang bang theory. very very long ago. திரௌபதி வெற்றியடைய வாழ்த்துகள்.,",1,tamil
அடேய் ஜாதி ஜாதி ஒரே   தேவுடியா படமா எடுகிறேக,1,tamil
ஒரு நாய் ஊருக்குள்ள சொல்லி   வருது அந்த நாய்ய்க்கு செருப்படி,1,tamil
நாடக காதலை தோலுரித்து காட்டிய படக்குழுவினருக்கு நெஞ்சார்ந்த பாராட்டுகள்.,0,tamil
தி.ஏந்தல் வன்னியர் சங்கம் சார்பில் படம் வெற்றி பெற வாழ்த்துகள்,0,tamil
"பெண் பிள்ளைகளுக்கு  நம் குடும்பம் மற்றும் முன்னோர்கள்  மகத்துவத்தையும்,  நம் பிறப்பு மற்றும்  குல பெருமையும் சொல்ல வேண்டும்.  குடும்ப மற்றும் குல பெருமை நம் பெண்களுக்கு சொல்லி வளர்க்க வேண்டும்.  நம் செய்யும் பெரிய தவறு குழந்தை என்று விட்டுவிடுவது அதை இனிமேல் செய்யாமல்  நம் விட்டு தாய்மார்களின் மூலம் நிச்சயம் தெரிய படுத்துங்கள்.  நம் பெருமை நம் பெண்களுக்கு தெரியாத காரணத்தாலோ  எளிதில் எளிதில் ஏமாற்ற படுகிறார்கள்.",0,tamil
இனம் எங்கள் உயிருக்கு சமம்  எவன் வீட்டு பொண்ணை எவன் கட்டுவது விடக்கூடாது வெட்டணும்,1,tamil
"போராடுறது தப்புன்னா , போராடுற சூழ்நிலைய உருவாக்குறதும் தப்பு தான்",1,tamil
"என்ன இழவுடா இது? கங்கனாக்கு தமிழே தெரியாது, அவங்களை வைத்து ஜெயலலிதா அவர்களின் வாழ்க்கை கதை எடுக்க உங்களுக்கு எப்படி மனம் வந்தது விஜய் அவர்களே?",1,tamil
"2020 நல்ல தரமான சம்பவம் இருக்கு, இன்னிமேதாண்டா எங்க முழு ஆட்டத்தையும் பாக்க போறீங்க",0,tamil
திருச்சி மாவட்ட முத்தரையர் வாழ்த்துக்கள் திரௌபதி ....,0,tamil
இவரு பாட்ட யாரும் பாடக்கூடாதாம்.... ஆனா இவரு மட்டும் பீத்தோவன் கம்போசிங்க யூஸ் பண்ணுவாராம்,1,tamil
கன்னியாகுமரி...  நாஞ்சில் நாடு வெள்ளாளர்....  சமுதாயம் சார்பாக படம் வெற்றி பெற வாழ்த்துக்கள்.....,0,tamil
KV Anand please அயன் மாதிரி ஒரு படம் பன்னுங்க அரசியல் வேண்டாம். அரசியலுக்கும் சூர்யாவுக்கும் செட் ஆகவில்லை,1,tamil
மனிதனாய் வாழ்வதற்கு தேவை மனிதாபிமானம் மட்டுமே... ஜாதி இல்லை...!                                   விவேக்... இதை ஏற்றுக் கொண்டு ஜாதி இல்லை எந்த சலுகையும் தேவை இல்லை. இதை ஏற்றால் தான் இந்த நாடு உருப்படும். ஜாதி ஒழியும்.,0,tamil
வன்னியர் இனத்திற்கு இதுபோன்ற அதிக படம்  வரவேண்டும்,0,tamil
ஒரு பக்கம் மதம் மாத்துறானுங்க இன்னொரு பக்கம் குலம் மாத்துறானுங்க மானம் கெட்டவனுங்க! திரௌபவெல்வாள்,1,tamil
குருமா and பா..குஞ்சித் பயலுக கதர்ரது இன்னும் பத்தலையே .....ஒம்மலே டேய் அசுரன் அட்டகத்தி பரியேறும் பெருமாள் வந்த அது சமூக நிலைய எடுத்து சொல்றிங்க அதே இப்டி படம் எடுத்த சாதி ஆதிக்கமா ....  \r \r தேவர்ட்டாம் அடுத்து திரௌபதி......எங்க கவுண்டர் சமுதாயத்துல இருந்து ஒரு படம் வரணுன்னு வேண்டுகிறேன்...\r \r படத்தை படமா பாக்க சொன்ன பயலுகளம் இதுக்கு எதுக்கு கதற்றிங்க...பத்தல ....குஞ்சித அண்ட் குருமா பாய்ஸ் சாவுங்கடா...\rமூஞ்சி கழுவாத பயலுக முக்காட போட்டுடுத்தி போங்க  \r இவன் கொங்கு செம்பூத்தன்,1,tamil
"எங்க ஊருல ஒர தேவர் வன்னியர் பொன்ன கூட்டிட்டு வந்தா கீழ் ஜாதினு சொல்லி கழுத்த அருத்த போட்றுவாங்க டா , நீங்க முதல்ல பொன்னு குடுத்து பொன்ன எடுங்க அப்பரம் பாக்கலாம் நீங்க ஆண்ட ஜாதியா இல்ல பேன்ட ஜாதியானு , எல்லா பயலும் சித்தால் , கொத்தனார் வேல பாத்துகிட்டு ஆண்ட ஜாதியாம் தூ......",1,tamil
சூப்பர் அண்ணா இது போன்ற படங்களை ஆதரிக்கும் மற்ற சாதிகளின் நானும் ஒருவன் முத்தரையர்.....,0,tamil
தமிழ்நாடு வன்னிய கவுண்டர்கள் சார்பாக படம் வெற்றி அடைய வாழ்த்துக்கள்   திரெளபதி,0,tamil
தமிழ் மக்கள் சார்பாக வெற்றி பெற வாழ்த்துகள்,0,tamil
சீட்டாஸ் இனிமே தான் டா இருக்கு உங்களுக்கு  ட்ரையலர் பாத்து  கதறுங்க டா,1,tamil
எங்களுக்கு மண்ணு பொண்ணு ரெண்டுமே முக்கியம் அதுல யாரு கைய வச்சாலும் கைய வெட்டுவோம்.... தரம்  கரூர் கொங்கு நண்பர்கள் சார்பாக வாழ்த்துக்கள்....  விதை போட்டாச்சு...,0,tamil
தல ஒலி தளபதிக்கு கேட்டுசே sir vijay kumar,1,tamil
தேவேந்திர குல வேளாளர் சார்பாக  படம் வெற்றி பெற வாழ்த்துக்கள்,0,tamil
திரௌபதி வன்னியர்களின் குல தெய்வம் என எத்தனை பேருக்கு தெரியும்?  அவர்கள் வீட்டு பெண்களும் அவர்களுக்கு  குல தெய்வமே.,0,tamil
நாடக காதல் கும்பலுக்கு செருப்படி வெற்றி பெற மனமாற வாழ்த்துகிறேன்..  # நன்றி இயக்குனர் மோகன் அண்ணா அவர்கள்..,1,tamil
"இட ஒதுக்கீட்டை அம்பேத்கர் எல்லார்க்கும் தான் பெற்றுத் தந்தார்.  BC, MBC விட குறைவான அளவு தான் மற்ற வகுப்பினர்க்கு. தமிழ்நாட்டில் கல்வி மற்றும் அரசு வேலை வாய்ப்புகளில் பொதுப் பிரிவினருக்கு (OC) 31%ம், பிற்படுத்தப்பட்ட பிரிவினருக்கு (BC) 26.5%ம், பிற்படுத்தப்பட்ட இசுலாமியருக்கு (BCM) 3.5% இடஒதுக்கீடும், மிகவும் பிற்படுத்தப்பட்ட பிரிவினருக்கு (MBC) 20%ம், பட்டியல் சாதியினருக்கு (SC) 15%ம், பட்டியல் சாதிகளில் ஒன்றான அருந்ததியருக்கு (SCA) 3% இடஒதுக்கீடும், பட்டியல் பழங்குடியினருக்கு (ST) 1% இடஒதுக்கீடு வழங்கப்பட்டுள்ளது",0,tamil
மாயாவரம் போல சின்ன ஊர் எல்லாம் படத்துல வராதே இந்த டைரக்டர் பயபக்கி நம்ம ஊரா இருப்பானு நெனைக்கிறேன்,0,tamil
"பள்ளப்பட்டி சத்ரியன் பாய்ஸ்தப்பட்டை குழு இண்டூர் தருமபுரி மாவட்டம் 9715569709, 9787144438, 9159918414, 6383454775, 6381722715",0,tamil
வல்லநாடு வெள்ளையேதேவன் சார்பாக வாழ்த்துக்கள் அண்ணா.... அருமையான கதை களம்...,0,tamil
நா அரசியலுக்கு வருவது உறுதி.... பாரு இது 2016... இது 96!!! யார ஏமாத்த பாக்குறீங்க.... மரண பங்கம்!!!!,1,tamil
பொராமை பிடித்து இப்படி  Dislikes பன்ராங்க,1,tamil
இந்த வரிகள் இங்குள்ள சிலருக்கு பயனாய் அமையலாம்.,0,tamil
கீழ்தரமான எண்ணம் கொண்டு சாதிய பின்புலத்தில் காதல் என்ற போர்வையில் வணிகம் பேசும் எண்ணம் கொண்டோரை சாட்டையால் அடித்த த்ரௌபதி,0,tamil
இதுக்கு விரும்பலனு பொட்டவன் லா பக்தாள்ஸ் ஆ தா இருப்பான்..,1,tamil
படம் நல்லா இருந்தா பாக்கலாம் போலயே !,0,tamil
வீர வன்னியர்குல சக்த்திரியர்  சார்பாக இந்த படம் வெற்றிபெற வாழ்த்துக்கள்,0,tamil
"ஜாதி, மத வேறுபாடு இன்றி வாழ்வோம். இது வட நாடு அல்ல தமிழ்நாடு. (தமிழன் என்று சொல்லடா தலை சிறந்து நில்லடா)",0,tamil
தரமான சம்பவம்..... கொம்மலலல வேற லெவல்,1,tamil
வெறித்தனம் குமரன் bro and கதிர் bro,0,tamil
படம் வெற்றி பெற வாழ்த்துக்கள் மோகன். G,0,tamil
"தமிழ்நாடு யாதவர் சமூகம் சார்பாக, எங்களது மனமார்ந்த வாழ்த்துகளை தெரிவித்துக் கொள்கிறோம்.",0,tamil
அடங்௧ மறு அத்து மீறு    அருவாள ௭டு... அறுத்து ௭றி..,1,tamil
இராமநாதபுரம் மறவர்களின் சார்பாக படம் வெற்றிபெற வாழ்த்துக்கள்,0,tamil
"இப்படி எத்தனை படம் எடுத்தாலும் நோட்டாவுக்குதான் படித்த இளைஞர்கள் வாக்கை போடுவான் ஏனென்றால் அரசியலை பற்றி அவனுக்கு கற்றுக்கொடுக்கவை இல்லை. படத்தின் மூலமாக அரசியல் படிப்பவனெல்லாம் நடிகனைத்தான் பாற்கிறான். வாக்கு செலுத்துவதற்கு விஜயின் சர்கார, விவசாய பிரச்சனைக்கு கத்தி, இளைஞர்கள் அரசியல் வருவதற்கு என்ஜீகே. படங்களில் ஜனரஞ்சகமாக காண்பிக்கப்படும் அரசியல். ஆனால் நடைமுறை வாழ்க்கையில் அரசியலை பற்றி படிப்பது ரொம்ப முக்கியம். அதிமுக திமுகவுக்கு வாக்கு செலுத்துனா கூட பரவாயில்லை. ஆனால், நோட்டாவுக்கு வாக்கு போட்டு உங்க வாக்கை குப்பையில் போடாதீர்கள். யாரையுமே பிடிக்கவில்லையென்றால் நீங்களே ஒரு வழியாக மாறுங்கள்.",0,tamil
கொங்கு வேளாள கவுண்டர்கள் சார்பாக படம் மாபெரும் வெற்றி பெற வாழ்த்துக்கள் - கொங்கு மண்டலம்,0,tamil
ராஜா சர் இசைக்காக ஒரு வணக்கம்.. சிறப்பு,0,tamil
டேய் நாயே இது படமாட இது மனிதன் பார்க்க முடியாது சாதி வெறி பிடித்த காமக்கொடூரனே. நாங்க எங்கள நம்பி வந்த பொன்ன காப்பாற்ற தான் தெரியும்,1,tamil
தல கால்  புரியாம இருக்கோம் தல,0,tamil
வேலூர் மாவட்டம் குடியாத்தம் வன்னியர்கள்​ சார்பாக இந்த படம் வெற்றி பெற வாழ்த்துகிறோம்...,0,tamil
குமரி நாடார்கள்  சார்பாக  வாழ்த்துக்கள் இந்த சினிமாக்கு,0,tamil
பல எடத்துல கைவரிசைய காட்டிருக்கானோ போல குருமா குருப்,1,tamil
பட்டுக்கோட்டை பசங்க சார்பாக படம் வெற்றி பெற வாழ்த்துக்கள்,0,tamil
வசூல் மன்னன் இல்லைங்க !!! தடவல் மன்னன்,1,tamil
🤣பறை நாய்கள் ட்டிரைலர் பாத்து கதறுறனுக வன்னியன் காஞ்சிக்கு பொறந்த  பறை நாய்கள் இந்த படம் பாத்து சாவுங்க மகனுகலபடம் வெற்றி விழா காண சேலம் வன்னியர் விட்டு சிங்கக்குட்டிகளின் சார்ப்பாக வாழ்த்துகள்,1,tamil
Jai bheem  ஜாதி வெறி புடிச்ச தெவிடியா பசங்களா சாவுங்கடா,1,tamil
அவரோட பேரையும் வித்துட் காசாக்க ரெடியாகி விட்டீங்களாடா.... தமிழ் நாட்டில் உங்களுக்கு   தான்டா  கொண்டாட்டம்...,1,tamil
சாதிகள் உள்ளதடி பாப்பா  trailer ல மட்டுமில்லை comments பாத்தாலே தெரிகிறது,0,tamil
ரஜினி: நா அரசியலுக்கு வருவது                உருதி  ஜெயம்ரவி : டேய்யார      ஏமாத்ருங்க இது 96 uuu,1,tamil
காதல் என்பது மனித இயல்புதான் ஆனால் நாடக காதல் என்பது இந்த ஈனப் பிறவிகளின் சூழ்ச்சி.....  தென்காசி மாவட்டம் தென்மலை தேவர் சமுதாயம் சார்பாக வாழ்த்துக்கள்...,1,tamil
"எந்த ஜாதிக்காரன் இப்படி    பண்ணுறானோ ( அதையும் மேடையிலேயே சொல்லுறானோ ) அவனைத்தானே காரி துப்புறாங்க,,   இதுக்கு எதுக்கு பொங்குறீங்க?",1,tamil
வெட்டி முடித்தவுடன் ..எல்லா ஜாதியினர் மயிர்களையும் கூட்டி பெருக்கி வெளியே தள்ளினான்.. முடி வெட்டும் தொழிலாளி,0,tamil
என்ன டா டிரைலரை விட்டுருக்கிங்க ஜாதி வெறி திருந்த மாட்டீங்க போல,0,tamil
அட அரைவேக்காட்டு பயலே  :-D :-D,1,tamil
வடக்கே வன்னியரும் மேற்கே கவுண்டரும்  தெற்கே தேவரும் நாடாரும் ஒன்றாக இருக்கும் வரை நம்மை எந்த நாயாலும் பிரிக்க முடியாது இவண் (ஈராேட்டு கவுண்டன்),0,tamil
ஒவ்வொரு பிற்படுத்தே பட்டே சமுகத்திலும் நடக்குது   இந்த நாடகா காதல் நான் நாடார் பா .....வாங்கே நண்பா கவுண்டார் ...தேவர் .....வன்னியர் தியேட்டார்லே சந்திப்போம்,0,tamil
நான் நாடார் எனக்கு தேவர் நண்பர்கள் இந்த படத்துக்காக மரண வெய்டிங் பசங்க எல்லாரும்,0,tamil
இது செல்வராகவன் எனும் பைத்தியத்தின் மாபெரும் படைப்பு!!!  Best of luck ' A selvaragavan flim',1,tamil
திரௌபதி டிரைலர் எதிர்பார்த்ததை விட மக்கள் மத்தியில் அதிக தாக்கத்தை ஏற்படுத்தி உள்ளது. பெற்றோர்களின் மனங்களில் மிக ஆழமாகவே ஊடுருவி விட்டாள் இந்த நவீன திரௌபதி..   நன்றிகள்  திரு.மோகன் சார்,0,tamil
"மண்ணு பொண்ணு ரெண்டும் முக்கியம் ,எதை தொட்டாலும் வெட்டுவேன் , வசனம் super",0,tamil
ரஞ்சித் போன்ற தன் சாதி அடையாளத்தை காமிக்க நினைப்பவர்களுக்கு செருப்படியாக அமைய வேண்டும் இப் படம்...,0,tamil
தமிழ்நாட்டை விட்டு திமுக போன்ற தீய சக்தியை விரட்டிநாலெ அவனுவ அடங்கிருவானுங்க,1,tamil
நாடக காதல் முகத்திரையை கிழிக்கவந்த திரௌபதி செம,0,tamil
எங்கள் நாடார் சமுதாய சார்பாக திரைப்படம் வெற்றி பெற வாழ்த்துக்கள்......,0,tamil
தலித் சாதிவெறிபிடித்த ஆணவகாதல் குறுப் தெருநாய்வளவனின் தறுதலை புழுத்தை\r கட்ட பஞ்சாயாத்து கூலிப்படை பொம்பளை பொறுக்கி ரவ்டி கும்பல்களின் அராஜகம் அத்துமீறல் அட்டூழிழங்களை தோலுரித்து காட்டியிருக்கு இந்த படம்\r இந்த படம் வெற்றியடைய திரௌபதை ஆசீர்வாதிப்பாள் ...,1,tamil
நல்லா இருக்கே.... நம்பி போலாம் போல தியேட்டர்க்கு ....,1,tamil
தயவுசெய்து தரம் தாழ்ந்து பேச வேண்டாம் தமிழா..,0,tamil
எங்க சாதிய காப்பாத்துரேமே இல்லையே ((எங்க பொண்ண)) காப்பாத்தாம விடமாட்டோம்.........,0,tamil
mass டீஸர் வெறித்தனமா இருக்கு நா ஒரு 50 தடவைக்கு மேளா பத்துட்டேன் ... அப்ப நீங்க,0,tamil
நாடார் சமுதாய மக்கள் சார்பாக படம் வெற்றி அடைய வாழ்த்துகிறோம்,0,tamil
என்ன கருமம் டா இது.... எதுக்கு அம்மாவ இப்படி அசிங்கபடுத்துறிங்க,1,tamil
வாழ்த்துகள் நம்பிக்கை துரோகம் பண்ரவனையும் துரோகம் பண்ரவனையும் பன்றது தப்பு இல்ல மரணம் தீர்வு ஆகாது,0,tamil
மண்ணு பொண்ணு இரண்டுமே எங்களுக்கு முக்கியம்..  வேளாளர்/வெள்ளாளர் சாதியின் சார்பில் திரைப்படத்தை ஆதரிப்போம்,0,tamil
எங்க குலசாமி மாவீரன் உயிரோடு  இருந்து இந்த படம் வந்திருந்தா படத்த தடை பண்ண சொல்றவங்க பாடைக்கு போயி இருப்பானுங்க,1,tamil
பீத்தோவன் musicக அப்படியே use பண்ணி இருக்குறானுவ....வெக்கம் கெட்ட rascals. சொந்தமா music போடுங்கடா. Copy அடிக்கிற ஒவ்வொருதவனும் ஆம்பள இல்லன்னு இந்த நார வாய் தானே சொன்னுச்சி....,1,tamil
”நா யாருங்குறத நா முடிவு பண்றதில்ல; என் எதிர்ல நிக்குறவங்கதான் முடிவு பண்ணுவாங்க . நண்பனா? எதிரியா?னு.,0,tamil
தளபதி ரசிகனின் வாழ்த்துக்கள்Suriya sir & team,0,tamil
"நண்பனின் சாதி என்னவென்று தெரிந்து கொள்ளாமல் பழகுபவர்கள் எத்தனை பேர்? அப்படி எவரேனும் இருந்தால் அவனை எந்தவொரு சாதி கட்சியாலும், சாதி அமைப்பாலும்,  சாதி பெருமைவாதிகளாலும் புடுங்க கூட முடியாது. இது இந்தியாவில் உள்ள அனைத்து சாதிகளுக்கும் பொருந்தும்.",0,tamil
திரௌபதி தீப்பற்றி எரிகிறாள் 6.4 லட்சம் பார்வையாளர்களை கடந்து மாஸ் காட்டுகிறது டிரைலர்.! படக்குழுவினருக்கு வாழ்த்துக்கள்.!!  அனைவரும் இந்த Link-ஐ Click செய்து பார்க்கவும். நண்பர்களுக்கும் குடும்பத்தினர்களுக்கும் பகிரவும்.!,0,tamil
"ட்ரைலரையே எத்தனை முறை பார்த்தேன் என்று தெரியவில்லை, அருமை",0,tamil
பொள்ளாச்சி ல நடந்த கொடுமைக்கு ஏன் எந்த சாதியும் போராடல .. ஏன் அதுல  பாதிக்கப்பட்ட பெண்கள் எல்லாம் சாதிகளுக்கு அப்பாற்பட்டவர்களா ? இல்ல தைரியம் இல்லையா ?  சாதிகள் உள்ளதடி பாப்பா சாதி சாக்கடையை சுமக்கும் மானிடர்கள் உள்ளதால் .. கண்டிப்பா இது சாதி படம் இல்ல ..,0,tamil
இரும்புக்கோட்டை முரட்டு சிங்கம்  part -2 ட்ரெய்லரே 4 நிமிசமா,0,tamil
"இது வெறும் ஒரு தரப்பினருக்கு எதிரான படமாக தெரியவில்லை.,  பெண்களின் பாதுகாப்பை மையப்படுத்தி எடுத்த படமாக வருகிறது.,  எந்த சாதியாய் இருந்தாலும் பெண்களுக்கு எதிராக குற்றங்கள் செய்தாலும் தண்டிக்கப்பட வேண்டும் என்பதை வலியுறுத்துகிறது. -------------------------  இப்பொழுது கதறும் குரூப்ஸ் எல்லாரும் தாங்கள் பெண்களுக்கு எதிரான குற்றங்கள் செய்து வருவதை, அவர்கள் வாயால் வெளிவர தொடங்கியுள்ளது.  பின்னர் எதற்காக இந்த trailorகே கதறனும்??? --------------------------  மற்றொரு வீட்டு பெண்ணை இன்னொருவன் இழுத்தது ஓடினால் அந்த வீடு ஆண் மகன் அமைதியாய் வேடிக்கை பார்க்க வேண்டும் என்று நினைப்பதில் நியாயம் இல்லை.... அப்படி இருந்தால் ஆண்மகனாய் பிறந்ததில் அர்த்தமில்லை....",0,tamil
தேவர்மகன் காட்சி: சிவாஜி: சுதந்திர போருக்கு வாங்கனு போஸ் கூப்புடறப்ப நம்ம சாதிகாரபயலுகதான்  முதல்ல போயி நின்னாய்ங்கனு பீத்திக்கிட்டு திருஞ்சம்...இப்ப படையாச்சி பயலுகதான் உண்மையான வீர சத்திரியன்னு காட்டிபுட்டாய்ங்கல்ல.....  கமல்: ?????!!!!!!!,1,tamil
"இந்த படம் வந்த பிறகு கருப்பு சட்டை காரனும், நீல சட்டை காரனும் முகத்தை எங்க வைப்பாங்கன்னு தெரியல ..! அதுக்கப்புறம் மக்கள் முன்னாடி மேடைல எப்படி பேசுவங்கன்னு தெரியல ...!! உப்பு தின்னவன் தண்ணீர் குடிச்சு தான் ஆகனும்..!!!",1,tamil
கபாலி  படம்   வந்து....இதுவரைக்கும்  ( 150 days )   teaser  unlike  17500  மட்டுமே...ஆனால்.... பைரவ  டீஸர்  வெளிவந்து  ...இரண்டு  நாட்களிலேயே.. 26300  unlike...!    ப்ளீஸ் ....தலைவர்   ரஜினியுடன்  யாரையும்....ஒப்பிடாதீர்கள்...!  மீறி...ஒப்பிட்டால்    உங்களுக்குத்தான்  ...அசிங்கம்  ....!,1,tamil
சாதி சாதி காசு இருக்கிறவங்க தான் இப்ப உயர்ந்த சாதி ட அவன் எந்த சாதிகரனலும் இருந்து சரி,0,tamil
கதறல் சத்தம் அதிகமா இருக்கு. மோகன் ஜி கலக்கிட்டீங்க போங்க.,0,tamil
உலகமே அதிர போகுது U-Tube Record-ஐ பார்த்து,0,tamil
பார்ப்பனன் முன்னாடி நீயும் சூத்திரன் அப்படினா தெவிடியப்பையன் அடா பரம்பரை ஒன்னல எதிர்க்க முடியல அனா நாகா எதிர்க்குறோம் உனக்கும் செத்து,1,tamil
தல ரசிகர்களின் சார்பாக வாழ்துக்கள் மிக பெரிய வெற்றி காத்திருக்கிறது.,0,tamil
தமிழ்நாடு அனைத்து விஸ்வகர்ம சமுதாயம் சார்பாக படம் வெள்ளி விழா காண வாழ்த்துகிறோம்,0,tamil
தலய பாராட்டுவோம் ஆனா ஏன்யா விஜய நோண்டறீங்க காண்டு காயத்ரிகளா? ஹூம் எத்தன பிக்பாஸ் பாத்தாலும் திருந்தாத ஜூலிக....ச்சை,1,tamil
சாதி வேற்றுமை எல்லாம் எங்கள் வீட்டு பெண்களை நினைத்து மட்டும் தானடா... எடப்பாடி வன்னியர்கள் சார்பாக வெற்றி பெற வாழ்த்துக்கள்...,0,tamil
தல பட்டைய கெளப்பி இருக்காரு ... ட்ரெய்லர்னா இதுதான்,0,tamil
அனைத்து சமூகம் பெண்கள் பாராட்டும் திரை பார்வை திரௌபதி,0,tamil
நமது வீட்டுப் பெண்களை குறி வைத்து நடக்கும் சம்பவம் என்று மாறுகிறதோ அன்று அனைத்துமே மாறும். அருமையான படைப்பு நெஞ்சார்ந்த நல்வாழ்த்துக்கள்,0,tamil
நன்றாக உள்ளது... நான் இந்த படத்தை தியேட்டரில் பார்ப்பேன்,0,tamil
அருமை  ரஞ்சித்துக்கு செருப்படி கொடுக்கும் படம் போல இருக்கு,0,tamil
திருநெல்வேலி தேவர் இனம் சார்பாக படம் வெற்றி பெற வாழ்த்துக்கள் தல....,0,tamil
படம் வெற்றியடைய வாழ்த்துகள்..! இராமன்நாடு வீரகோனார் பசங்க..!,0,tamil
முத்தையா அண்ணனுக்கும் சாதி சாயம் பூசினார்கள் இப்பொழுது மோகன் அண்ணனுக்கும் சாதி சாயம் பூசி விடுவார்கள்,1,tamil
இந்த நாட்டுல ஓவ்வோர்தனுக்கும்  ஓவ்வோரு விதமான பயித்தியம்..   ஆனா எங்களக்கு சூர்யா அன்னா மேலயே பைத்தியம்..,0,tamil
இங்க பறையன் பொன்ன காதலிக்கதா வண்ணியனும் இல்ல தேவரும் இல்ல அதே மாதிரி வன்னியன் பொன்ன காதலிக்கிற பறையனும் இருக்கான் சக்கிலியனும் இருக்கான்  ரெண்டு பக்கமும் தப்பு இருக்கு இதுல எதுக்கு உத்தம வேசம் காசுக்கு கூத்தடுற சிவசாமி ஒன்னு தான் இந்த திரெளபதி ஒன்னு தான் 🤣 ஆள் ஆளுக்கு தூக்கி புடிச்சு வெட்டி  உசுற விடாம போய் பொழப்பு புண்டைய பாருங்க டா  அவன் அவன் குடும்பத்துல பொட்டசிங்கள ஒழுங்கா வளத்த எந்த அப்பனும் பயபுட தேவ இல்ல '!,1,tamil
படம் வெற்றி அடைய விழுப்புரம் மாவட்ட  மரக்காணம் தாலுக்கா கோணவாயண் குப்பம் வன்னியா்  பசங்க சாா்பாக வாழ்த்துக்கள் இப்படி ஒரு படத்துக்கு தான் காத்திருந்தது நம்ம சமுதாயம்,0,tamil
தென் மாவட்டம் முக்குலத்தோர் சார்பில் படம் வெற்றி அடைய  VAALTHUKAL,0,tamil
இந்த படத்தை நைட்ஷோ க்கு போய்ட்டு பாக்கணும் nu நினைக்கிறவங்க மட்டும் like podunga,0,tamil
சூர்யா இன்னுமா நீ இருக்க... உன்னோட போனபடத்துல சொன்னமாதிரி வேரடி வேரடி வெளுக்க தோணுது இந்தப்படமும் நல்லா இல்லாட்டி உன்ன,1,tamil
இங்கு பதிவிட்டு வருபவர்கள் அனைவரும் குருமாவால் பாதிக்கபட்டவர்களே... அந்த வரிசையில் இனைகிறேன்.. படம் மாபெரும் வெற்றி அடைய முதலியார் சமூகத்தின் சார்பாக வாழ்த்துக்கள்.. குருமா பாய்ஸ்களுக்கு சம்மட்டி அடி,0,tamil
"இந்த தருணத்தில் தேவையான தரமான கருத்து தெரிகிறது, நம் வீட்டு பெண் பிள்ளைகளை பார்க்க வைக்க வேண்டும் ,",0,tamil
ஆனா எனக்கு சூர்யா அண்ணா மேலதான் பைத்தியம்.‌.....,0,tamil
Trailer 2 பாகம் எப்போ படம் எப்போ அருமையான படம் வெளியான நல்லது  வெற்றி பெற்ற வாழ்த்துகள்,0,tamil
நல்ல மனிதரான ரஜினியை கிண்டல் பண்றிங்களா டா படம் கண்டிப்பா ஓடாது,1,tamil
யாரும் பதிவிறக்கம் செய்து பகிற வேண்டாம் என்று கேட்டுக் கொள்கிறேன்...,0,tamil
YAARU KITTA SETTA ITHU THALAPATHY KOTTA   யாரு கிட்ட சேட்ட  இது தளபதி கோட்ட  வரல வரல வா பைரவா  வசூல் மன்னன்,0,tamil
பாடையாச்சிகள் சார்பாக படம் வெற்றி பெற வாழ்த்துக்கள்,0,tamil
என்னபா தலைவி க்கு தைராய்டு வந்த மாதிரி இருக்கு மேக்கப் ஒழுங்கா போட தேரியல ஒஸ்ட் மேக்கப்,1,tamil
எங்க பேர்கூட ஜாதிய சேர்த்து பேர் பதிவு பண்ண நாங்க எப்பவும் கூச்சப்பட்டது இல்ல.. உனக்கு வெக்கமா இருந்தா அது உன்  உள்மனசு உறுத்தல்... அதுக்கு ஏன்டா எங்கள சீண்டுற?? காராள வம்சம்டா..!!! கத்தியும் வாளும் புடிச்சே பழகின கைய்ய.. ஏர் புடிச்சு பழக்கி விட்டது எங்க முப்பாட்டடன்.!!!  மீன்குஞ்சுகளுக்கு நீந்த பழக்க வேண்டாம்....!!!  சிறுத்தைக்குட்டிகளுக்கு ஒரு வெளிப்படையான எச்சரிக்கை... இந்த திரௌபதி',1,tamil
பெண் குழந்தைகள் பேற்ற அனைத்து அப்பாக்கள் சந்தோஷம் படும் நல்ல விஷயம்.,0,tamil
சங்கரன்கோவில் தேவேந்திரகுல வேளாளர்கள் சார்பாக வாழ்த்துக்கள் .....,0,tamil
ப்பா.. இவ்ளோ சப்போர்ட்டா... தல சுத்தது.. படம் ஹிட்... இயக்குனர் ரஞ்சித் செத்தான்...,0,tamil
பொன்னியின் செல்வன் ல வர்ர பயந்தாங்கொள்ளி வந்தியதேவன் கதாபாத்திரம்  ஏன்  விஜய்சேதுபதிக்கு கொடுத்தார் மணிரத்னம்,1,tamil
படம் வெற்றி அடைய வாழ்த்துக்கள்.....நாடக கும்பலுக்கு சரியான சவுக்கடியாக இருக்கட்டும்,1,tamil
அதிர வைத்த மரண மாஸ் சும்மா தெறி  தெறி என்னு தெரிசுதெல்லே தளபதிடா  விளையாடலாமா............        i am  waiting,0,tamil
படம் வெற்றி adiyea வாழ்த்துக்கள் நல்லா சமுதாய அக்கறை கொண்ட படமாக இருக்கட்டும் இத பாத்து நாலு பேரு திருந்தினே போதும்,0,tamil
நான் ஈத்து போனாலும் என்ற சாதி செத்துப்போகாது டா கவுண்டன் டா,0,tamil
சாதியே இல்லாதபோது சாதி வாரிய இட ஒதுக்கீடு மட்டும் எதற்கு சாதி வாரியாக கல்வி உதவித்தொகை வேண்டும் கல்லூரியில் இட ஒதுக்கீடு தேர்தலில் தனித் தொகுதி வேண்டும் ஆனால் சாதி இல்லை சாதி இல்லை சாதி இல்லை சாதி இல்லை என்று வாய் கிழிய பேசுவார்கள் இந்தியாவில் சாதி சான்றிதழை முதலில் முற்றிலும் ஒழிக்க வேண்டும் அத்தனை சலுகைகளும் ஒலித்த பின்பு சாதி இல்லை என்று கூற வேண்டும்,0,tamil
ஏய் மண்டகாஞ்சி போயிருக்க ஒவ்வொருதரையும் துண்டுதுண்டா வெட்டி போட்டுருவேன்...,1,tamil
இதுக்கு மேல அவர  க்கலாய்க்க முடியாது,1,tamil
எப்பா டேய். கொஞ்சம் கதறல மிச்சம் வைங்கடா. டிரெய்லர்தான் வந்திருக்கு இன்னும் படம் ரிலீஸ் ஆகல. படம் ரிலீஸ் ஆனதுக்கு அப்புரம் நல்ல சத்தமா கதரலாம் சரியா. படத்த தடை பன்னலாம்னு அலையாதீங்க இது  கிரௌடு பண்டு மூலமா எடுக்குர படம். வீட்டுக்கு ஒரு சீடி கேசட் சும்மாவே குடுக்கலாம். அது போக  அண்ணன் மோகன் ஜி. படம் பாக்குரதுக்குதான் சம்பாரிக்க இல்ல தியேட்டர்ல இல்லைனாலும் டவுன்லோடு பன்னி பாருங்கனு சொல்லிருக்காரு. அர்த்தம் புரிஞ்சுதா. அதனால நல்ல முட்டி முட்டி கதறுங்க.,0,tamil
ஆண்ட பரம்பரை பேசுவோரில் யார்  யாருக்கு லாம் BP இருக்கோ அவுங்க என்னோட சேனல் பக்கம் வராதீங்க  \r \r பொதுநலன் கருதி வெளியிடுவது \r \r நடுநிலை நக்கி,0,tamil
திரௌபதி திரைக்கு வரும் போது நாடக காதல் கும்பலின் ஆட்டம் முடிவுக்கு வரும்.. திரௌபதி,0,tamil
தென்னாட்டு தேவேந்திரகுலவேளாளர் இளைஞர் அனைவரும் இப்படத்திற்கு ஆதரவு தருகிறோம்...,0,tamil
"திருவண்ணாமலை மாவட்டம் ,வெம்பாக்கம் வட்டம், குத்தனூர்  கிராமம் (பா ம க)சார்பாக படம் வெற்றி பெற வாழ்த்துக்கள் அண்ணா",0,tamil
அப்துல்கலாமின் கனவு இங்க கமெண்ட்ஸ் ல சிதறி கெடக்கு.... .. இந்த படம் என்ன கருத்து சொல்லுதோ அது 2 வது...  ஆனா இங்க பதிவு செய்யப்பட்ட கமெண்ட் தான் தமிழ்நாடோட நிலைமை... சாதிவெறி சாபம்...,0,tamil
புடுச்சிட்டேன் 26 ஜூன் விஜய் birthday... தலைவா படத்தை தடை பண்ணதால... தலைவி படம் எடுத்து டெடிகேட் பன்றாரு விஜய் anna,0,tamil
கெக்க புக்க படத்தோட பெரிய வெர்ஷன் வாழ்த்துக்கள் டீம்  ஷார்ட் பிலிம் அந்தர் காமிடி யா இருக்கும் பிக் ஸ்கீரின்ல பாக்க வெயிட்டிங,0,tamil
துபாய் யும் பாலைவனம் தானா? பணம் கொட்டலையா? இயற்கை வளங்களை அழிச்சுட்டு பணத்த வச்சிட்டு ம**றா புடுங்க போறிங்க .,1,tamil
கம்மாளர்களின் சார்பாக படம் வெற்றி பெற வாழ்த்துக்கள்,0,tamil
நாடார் சார்பாக படம் வெற்றி பெற என் ஆதரவு உண்டு,0,tamil
திண்டுக்கல் வேடசந்தூர் வெள்ளாளர் வேளாளர் சமுதாயம் சார்பாக படம் வெள்ளி விழா காண  வாழ்த்துக்கள்...,0,tamil
என்னடா பிரபுதேவா ஒரு டைலாக் கூட பேசல?,0,tamil
Can this trailer be more sexist? தமிழ் நாட்டு பெண்கள் சார்பாக படம் நாசமாய் போக வாழ்த்துக்கள்.,1,tamil
இப்படம் மாபெரும் வெற்றியடைய அனைத்து மக்களும் மனிதர்களே என்று என்னும் புதியதோர் உலகம் பிறந்திட  இந்த ஆதிதிராவிடன் இன் ..வாழ்த்துக்கள்,0,tamil
ஏண்டா இப்படி லூசு தனமா டைரக்ட் பண்ணுவீங்க?!!! Very very poor,1,tamil
"உன்கூட இருக்குர சந்தோஷத்தவிட நீ தான் என் சந்தோஷமா இருக்க எப்போதும் நீ  மட்டும் தான் காதல் மன்னன், தல டா",0,tamil
வணக்கம் மாப்ள சேலத்துல இருந்து... படம் வெற்றி பெற வாழ்த்துக்கள்,0,tamil
அருமை.....நிச்சயம்  படம் வெற்றி பெரும்.... வாழ்த்துக்கள்...,0,tamil
அவனுங்க எடுக்குர படத்தை நாமலும் பார்த்து பாரட்டுரோம்.... நம்ம படத்த அவனுங்க எதிர்கிராங்கனா அவனுங்க உன்மையன செயலை வெளிகொண்டுவந்ததனால ஒத்தா கொடையுது அவனுங்கலுக்கு.....,1,tamil
குறிப்பிட்ட ஒரு சமூகம் செய்யும் கொடூர சம்பவம்  சகித்துக் கொள்ள முடியாத அளவுக்கு அதிகமான பாதிக்கும் நமது பெண்களை காப்பாற்ற அனைவரும் ஒன்றிணைந்து போராடுவோம்,0,tamil
தீரன் சின்னமலை கவுண்டர் பேரவை சார்பாக படம் மாபெரும் சாதனை வெற்றி பெற வாழ்த்துக்கள்,0,tamil
தேவர் சமூகத்தின் சார்பாக திரௌபதி படம் வெற்றி பெற வாழ்த்துக்கள்,0,tamil
தென்காசி மறவர்கள் சார்பாக படம் வெற்றியடைய வாழ்த்துக்கள்,0,tamil
நெருப்புச்சுடாின் நடனத்தமிழ் கருப்பையில் அமர்ந்து  தாய்ச்சொல் கேட்கும் கருவின் முதல் தமிழ் வரப்பு களையை மேய்ந்து சுவைக்கும் கன்றின் துள்ளல் தமிழ் கேட்டு மகிழ மக்கள் தொலைக்காட்சி நிகழ்ச்சிகளை 'யூ டியூப்' ல் காணுங்கள் நன்றி.,0,tamil
தாழ்த்தப்பட்ட மக்களுக்குக்காக தன் சொத்துக்களை கொடுத்த ஐயா பசும்பொன்னார் மற்றும் முதல் சுதந்திர போராட்டம் நடத்திய தமிழன் மாவீரன் முப்பாட்டன் பூலித்தேவனின் முதன்மை படை தளபதி மாவீரன் சுந்தரலிங்கம் அவரை சாதியை பார்த்து போர் புரிய வில்லை. இப்ப உள்ள அரசியல் கட்சியினர் தான் நம் தமிழ் இனத்தை பல பிரிவுகளாக பிரித்து வைத்து உள்ளனர். பணபலம் உள்ளவர்கள் மட்டுமே இங்கு உயர் சாதி.  ஆகையால் சாதி என்பது நம் காலுக்கு கீழே இறுக்க வேண்டும்.  நம் தமிழ் இனம் கொஞ்ச கொஞ்சமாக அழிவை நோக்கி போய் கொண்டு இருக்கு. முதலில் அதை காப்பாற்றுவோம். வாழ்க தமிழ் ......।   வளர்க தமிழனம்.......,0,tamil
பக பக - remember 90kids டோரா புஜ்ஜில வருமே  பக பக பூச்சி,1,tamil
"வீர வன்னியர்...... சேலம் மாவட்டம், மேட்டூர் வட்டம்,மூலக்காடு கிராமம்... வீரப்பன் புதைக்கப்பட்ட (விதைக்கப்பட்ட) ஊர் சார்பில், படம் வெற்றி பெற வாழ்த்துக்கள்...",0,tamil
வீர பறையர்கள் சார்பாக படம் வெற்றியடைய வாழ்த்துகள்,0,tamil
கண்டிப்பாக பார்க்கவேண்டிய படமாகத் தான் இருக்கும் நன்றி,0,tamil
இதை ஜாதி படம்னு சொல்றவன் தான் ஜாதி வெறி புடிச்ச நாய் இது பெண்களுக்கான படம்,0,tamil
Visuals தாறு மாறு. All the best. படம் வெற்றி பெர வாழ்த்துக்கள்.,0,tamil
காதல் இருவர் தம் கருத்தொருமித்த பின் வாதுகள் எதற்கு வம்புகள் எதற்கு?..    - புரட்சிப் பாவலர்.,0,tamil
"இது 96,  அடப்பாவி 23வருசமா ஒரே பஞ்ச் டயலாக்தானா........",1,tamil
சசிகுமார் சார் உங்க சிரிப்புக்காக  படம் பாக்க வரலாமா??????,0,tamil
தேவேந்திர குல வேளாளர் சார்பாக முழு ஆதரவு.....உன்மையை உணர்வு பூர்வமாக எடுத்த இயக்குனர்க்கு நன்றி   தேவதையாவே இருந்தாலும் தேவேந்திரர் வீட்டு பொன்னு போதும் .... என்றும்  எட்வின் பாண்டியன் மிராசுதார்,0,tamil
மண்ணும் பொண்ணும் ரெண்டும் முக்கியம் அதுல எது மேல கையவச்சாலும் கைய வெட்டுவோம்....Dialogue Verrraaaa LeveLLLLLதேவராட்டம் 2,0,tamil
இங்க ஒரு பைத்தியம் ப.ரஞ்சித்தை விமர்சிக்க கெளம்பியிருக்கு போல..படம் தோல்வியடைய வாழ்த்துக்கள்,0,tamil
ரஜினி கலாய் செம  அரசியல் வேண்டாம் ரஜினி கண்டிப்பா உங்களுக்கு ஓட்டு போட மாட்டோம் 90s kids,1,tamil
படம் வெற்றி பெற வன்னியர் சமூகம் சார்பாக வாழ்த்துக்கள்,0,tamil
நாடகக் காதல் கும்பலுக்கு மிகப்பெரிய சவுக்கடி தரப்போகிறாள் திரௌபதி.....வாழ்த்துக்கள் மோகன் ஜி,0,tamil
இதுலயாவது அம்மா எப்புடி  இறந்தாங்கானு காமிபங்கங்லா,0,tamil
மோகன் ஜி தரமான சம்பவம் பண்ணிட்டாரு வாழ்த்துக்கள் அண்ணா,0,tamil
"மனிதன் தான் முதலில் உருவானான் சாதி இல்லை. ஆரியர்களால் உருவாக்கபட்ட சாதி கட்டமைப்பு பற்றி சரியோ தவறோ உங்கள் பிள்ளைகளுக்கு சொல்லி கொடுக்கள் அவர்கள் புரிந்து கொள்வார்கள். உயர்ந்த சாதி, வீரமான சாதி என்று மார்தட்டும் அனைவரும் ஆரியரின் அடிமைதான். பரதேசியாக பஞ்சம் பிழைக்க வந்நவனையெல்லாம்(பிராமணர்) 'சாமி' என்று அழைக்க வைத்தது தான் சாதியின் சாதனை. சாதி என்றால் என்ன? என்று நடுநிலையாக நின்று கற்றுக்கொள்ளுங்கள்.",0,tamil
இப்போதான் ஜாதி பிரச்சினை இல்லாம இருக்கு இப்போ இந்த படம் தேவையா,0,tamil
அசுரன் போன்ற படங்கள் அந்த காலகட்டத்தில் அவர்களுக்கு நடந்த கொடுமைகளை எடுத்துரைக்கிறது நெல் ஒரு படி அதிகமாக கொடுத்ததர்க்கு அவர்களது கிராமத்தையே எரித்து சமூகம் தான் இது.,0,tamil
நா அரசியலுக்கு வருவது உருதி ஏய் இது 96 யார ஏமாத்த பாக்குறீங்க🤣🤣🤣தலைவருக்கேவா,1,tamil
படம் வெற்றி பெற மாணவர் சாதியின் சார்பாக வாழ்த்துகள்... திரைப்படம் மூலமாக சாதி வெறியை தூண்டும் கும்பலுக்கு திரள்பதி  படம் சரியான பதில் அடி...,0,tamil
மிகவும் அருமை இப்போது இந்த நிலையில் இப்படிப்பட்ட படங்கள் அவசியம் வாழ்த்துக்கள்,0,tamil
"விஜய் அஜித் உட்பட நான்கு இளைஞர்கள் கைது, கற்பழிக்கப்பட்ட பத்தாம் வகுப்பு மாணவி தீக்குளித்து இறந்தார்",1,tamil
இங்க பாருடா விக் வைக்காத குள்ளன் வந்துருக்கான் 🤣🤣,1,tamil
"நாயுடு,நாய்க்கர்  சமூகம் சார்பாக படம் வெற்றி அடைய வாழ்த்துக்கள்",0,tamil
அரசியல் படம் எடுப்பது லாபத்திற்காக அப்டின்னு சொல்பவன் எல்லாம் தமிழ்நாட்டிலயே இருகாதிங்கடா எங்கயாவது போய்டுங்க,1,tamil
கள்ளக்குறிச்சி மாவட்டம் வன்னியர்    சங்கம் திரெளபதி படம் வெற்றி பெற்ற வாழ்த்துக்கள்,0,tamil
முசரவாக்கம் பாட்டாளி மக்கள் கட்சி சார்பாக வாழ்த்துக்கள் வீர வன்னிய குல சத்ரியன்,0,tamil
காதல் திருமணம் கலப்பு திருமணம் என்று சொல்லுகிறார்கள். ஆனால் அவர்களுக்கு பிறக்கும் குழந்தைகளுக்கு பள்ளியில் ஆண் வர்க்கத்தின் சாதி தான் சாதி சான்றிதழாக எடுத்து கொள்ளுகிறார்கள். அப்புறம் எங்கே சாதி ஒழிகிறது. நம் நாடே இன்னும் சாதியின் பிடியில் தான் உள்ளது.,0,tamil
கோவை கவுண்டர்கள் சார்பாக படம் வெற்றி பெற வாழ்த்துக்கள்...,0,tamil
ஆர்யா அதான் கல்யாணம் பன்னியாச்சு ல அப்புரம் என்ன Marry me னு சொல்ட்ராரு 90'S கடுப்பாகுமா ஆகாதா..?,1,tamil
மிகக் கேவலமான படம். விருப்பமுள்ளவர்கள் காதலிச்சா உங்களுக்கு ஏன் டா எரியுது??,0,tamil
நிஜத்தில் மட்டும் அல்ல திரையிலும்.....  நடிக்க தெரியாத மனிதன்.......,0,tamil
ப.ரஞ்சித் போன்ற ஜாதிய பிரபலங்களுக்கு சரியான பதிலடி -(அனைவரும் மனிதர்களே - மனிதம் வாழட்டும்)மனிதனை மிருகமாய் மாற்ற நினைக்கும் ஜாதிய மிருகங்கள் ஒளிக,1,tamil
எல்லாம் ok but தளபதி விஜய் சீன்ல சிரிச்சது எனக்கு புடிக்கல,1,tamil
Movie எண்ணகிதான் ரிலீஸ் சொல்லுக போஸ் ஐயம் வெய்ட்டிங்   ---?,1,tamil
அடப்பாவிங்களா ஜாதியை ஒழிக்க ஜாதிய படங்கள் நீங்க பேசாமல் அமைதியாக இருந்தாலே போதும் ஜாதி மக்கிபோகும் இருந்தாலும் வன்னியனாக என் வாழ்த்துக்கள்,1,tamil
ஆட்டம் அதிகமாத்தான் ஆடறானுங்க அடங்கும் வரை அடிக்கனும் இந்த கீழான ஈனப்பிறவிகளை,0,tamil
தரமான செருப்படி  இந்த படத்துக்கு அப்புறம் ஸ்காலர்ஷிப் தருவதை நிருத்துங்கடா  அவைங்களுக்கு அருவது வருசம் குடுத்தது போதுண்ட,1,tamil
நா அரசியலுக்கு வருவது உறுதி. ஆனால் எந்த ஆண்டு என்பது உறுதியில்லை.,1,tamil
தெரிஞ்ச எதிரிய விட தெரியாத எதிரிக்குதான் அல்லு அதிகமா இருக்கனும் #Bairavaa,0,tamil
சாதி வாரியாக இட ஒதுக்கீடு முறையை ஏற்படுத்தி விட்டு சாதி வெறியோட இருக்காத என்று சொல்ல இந்த சமூகத்துக்கு என்ன தகுதி இருக்கு? All the very best team  -பொள்ளாச்சி கவுண்டன்,0,tamil
படம் வெற்றி அடைய மதுரை மண்ணின் சார்பாக  வாழ்த்துக்கள்...இதைப் பார்த்து பெண்கள் விழித்துக் கொள்ள வேண்டும்...,0,tamil
வின் நியூஸ் விவாதம் பார்த்துவிட்டு இங்கு வந்தேன். சரி 24k வில் நாமும் ஒருவனாக இருக்க........ 🤣🤣,0,tamil
அனைவரின் குடும்பத்திலும் பெண் பிள்ளைகள் உள்ளனர்   யோசிங்க   அண்ணன் சொன்னார் நொண்ண சொண்ணார்னு எவனாவது வந்தா செறுப்பால அடிங்க,0,tamil
சொந்த சாதிக்காரன் கற்பழிச்சா கூட பிரச்சனையில்லை ஆனால் வேற சாதிக்காரன் காதலிச்சா மட்டும் காதல் நாடகக்காதல் ஆகிவிடுகிறது .. இன்றைய போராளிகளுக்கு..,0,tamil
சார் இது மாதிரி படம் இன்னும்  நிறை வரணும்,0,tamil
#தென்மாவட்ட யாதவர்கள் சார்பாக வெற்றி பெற வாழ்த்துக்கள். #திரௌபதி அடித்தால் திருப்பி அடி.....,1,tamil
"இந்த கதை உண்மை என்பதால் தான் , மக்களிடம் இவ்வளவு வரவேற்பு உள்ளது ....எனவே சாதிகள் உள்ளதடி பாப்பா என்று,  நாம் நமது குழந்தைகளுக்கு சொல்லிக்கொடுக்க வேண்டும்.....",0,tamil
விழுப்புரம் மாவட்டம் சார்பாக படம் வெற்றி அடைய வாழ்த்துக்கள் எங்கள் 100% ஆதரவு இந்த படத்துக்கு இருக்கும்,0,tamil
தூத்துக்குடி மாவட்ட அனுப்ப கவுண்டர் நல சங்கம் சார்பாக படம் வெற்றி பெற வாழ்த்துக்கள்,0,tamil
மிக தரமான சம்பவம்.  திருவாரூர் மாவட்ட சைவ வேளாளர்கள் சார்பில் படம் பிரம்மாண்ட வெற்றியடைய வாழ்த்துக்கள்.,0,tamil
இப்படி ஒரு கருமத்த படம் நு எதுக்கு எடுகனும். கருணாஸ் உன் பையன் கிட்ட காத்துக்கோ நல்ல படம் எப்படி இருக்காணும் நு.,1,tamil
உண்மையான சம்பவத்தை விவரிக்கின்றது ..... பெண்கள்தான் நமது கண்கள்...,0,tamil
நான் தளபதி ரசிகன்.... இந்த படம் வந்தது நால நிறைய பேரு கஷ்டத்துலயும் சிரிக்க கத்துக்குவாங்க... மனதையும் அமைதி படுதிக்கு வாங்க... அருமையான படைப்பு சகோ.... படம் வெற்றி பெற தளபதி ரசிகர்கள் சார்பாக  வாழ்த்துக்கள்....🥰🥰,0,tamil
எ லே...ரஞ்சித் பொட்டை  திருமாவளவன்  உன் அம்மா  புன்டையை கிழிச்சமாதிரி படம் வருது போயி  பாரு லே  சுன்னி   பள்ளன் பறையன்   மற்றும் சில வீரர்கள்  எனக்கூறும்  ஈன  சாதி பயலுகளுக்கு  சமர்ப்பணம் வீரம்விளைந்த  திருநெல்வேலி   சீமையில்  வாழும்  மறவர்  சங்கத்தின்  வாழ்த்துக்கள்,1,tamil
"அடுத்த தலைவலி படம்..டிரைலருக்கு நன்றி...நல்ல வேளை தியேட்டரில் போயி மாட்டிக்கவில்லை..நச நசவென ஒரே மாதிரியான அரைச்ச மாவு சீன்ஸ்..பாட்டை ஆடியோ வெர்ஷன்ல கேட்பது நலம்...தாரே சமீன் பர் போன்ற( அஞ்சலி ஸ்டைல்)படங்களைத்தான் மக்கள் மணியிடம் இருந்து எதிர்பார்க்கிறார்கள்...இது போன்ற குப்பைகளை எடுக்க பல இயக்குனர்கள் இங்கு உள்ளனர்...இசையையும், கேமராவையும் தவிர மணி படத்தில் ஒரு விஷயமும் இருக்காது என்பது இந்த படமும் உதாரணம்.",1,tamil
பிரன்டுனா பேஸ்புக் லைக் குடுக்குர பிரன்ட்னு நினைச்சியா லைப்பே குடுக்குர பிரன்டுடா செம்ம,0,tamil
இனிமேல் இருக்குடா உங்களுக்கு. ஓத்தா உங்களுக்கு எங்க வீட்டு பொண்ணு கேகுதா  வெட்டி போற்றுவும்,1,tamil
2020 ல அதிக எதிர்பார்ப்பை ஏற்படுத்திய.... தமிழ் படம்... திரௌபதி is Always running fro right way,0,tamil
பழனி கொங்கு வொள்ளாளர் கவுண்டர் சார்பாக படம் வெற்றி அடைய வாழ்த்துக்கள்,0,tamil
விழுப்புரம் மாவட்டம் கடலூர் மாவட்டம் இளைஞர் சார்பில் #திரௌபதி  திரைப்படம் வெற்றி பெற வாழ்த்துக்கள்.,0,tamil
படம் வெற்றி பெற வட மாவட்டம் வன்னியர்கள் சார்பாக வாழ்த்துகிறோம்,0,tamil
தமிழ் நாடு காவல்துறைக்கு ஓர் அன்பு வேண்டுகோள். இதுல டிஸ்லைக் போட்ட 7400 பேர புடிச்சு விசாரிச்சா தமிழ் நாட்ல நடக்குற பெண்களுக்கு எதிரான குற்றங்களுக்கு 99% தீர்வு கிடைக்கும்..,0,tamil
மோகன் ஜி ஷத்ரியன் வாழ்த்துக்கள் அண்ணா மீண்டும் இது போன்ற சமூக அக்கறையுள்ள படங்களை இயக்குமாறு கேட்டுக்கொள்கிறேன்.....,0,tamil
கொங்கு நாடு வேட்டுவ கவுண்டர் சார்பாக வதுக்கிறோம்,0,tamil
கேப்டன் ரசிகர்கள் சார்பாக வெற்றி பெற வாழ்த்துக்கள்,0,tamil
பாரதிய ஜனதா கட்சியின் சார்பில் இப்படம் வெற்றியடைய வாழ்த்துக்கள்,0,tamil
Dislike போட்டவங்களுக்கு எல்லாம் டிரைலரை பார்த்து வயிற்றெருச்சல்,1,tamil
சோழர் ஊராளிக்கவுண்டர் பொன்னர் சங்கர் முன்னேற்ற சங்கம் சார்பாக படம் வெற்றி பெற வாழ்த்துக்கள்.....,0,tamil
நெல்லை விஸ்வகர்மா (ஆச்சாரி) சமுதாய சார்பாக வாழ்த்துகள்🤩,0,tamil
இத்தனை ஜாதிகள் இருக்குனு கமெண்ட படிக்கும் போது தான் தெரியுது,0,tamil
தல - ஒரு கோடி தாண்டி மேலும் வெற்றி நடை பார்வையாளர்களுக்கு நன்றி....தொடரும்......,0,tamil
இதை ஆகச் சிறந்த படைப்பு என எண்ணுவது தான் ஒரு மயக்கம் போதை.... அதீத எண்ணம்... Over rated except pink bag,1,tamil
பொண்ணுக்கும் பொன்னுக்கும் நாம காவல் இருக்க வேண்டும் இல்லனா சில கிழ்தனமான நாய்ங்க துறந்த வாசல்ல நாய் நுழையுற‌ மாறி உள்ள நுழையும்        இப்படிக்கு.  சத்ரியன் துரியோதனன்,1,tamil
உண்மையிலே நாம சுதந்திரம் பிரிட்டிஷ் காரங்கிட்டயிருந்து அரசியல் வாதிங்ககிட்ட கொடுத்துருக்கோம்... கண்டிப்பா படத்துக்கு அரசியல் வாதிங்களாள இலவச விளம்பரம் வரும்,0,tamil
வந்தா ராஜாவா தா வருவேன் அப்படிதான் வந்தா ராஜாக்கு நூறு தோஸ்த்து🤗🤗மாஸ்ஓப்பனிங்,0,tamil
நல்லாத்தான் போய்டு இருந்துச்சு இந்த சூரியாவ காலி பண்றது ஒரு வேளை இலுமினாட்டீசா சும்மா கொளித்திப் போட்டுப்பாப்போம்,1,tamil
தயவு செய்து தேவையற்ற Graphics கலை குறைக்கவும்,1,tamil
திரௌபதி படம் மாபெரும் வெற்றி பெற வேண்டுமாய் பணிவுடன் வேண்டிக் கேட்டுகொள்கிறேன்,0,tamil
திரவுபதி வருவாள் எதிரியை அழிப்பாள் .இவன் அக்னி சிறகுகள் பாப்பாக்குடி.,0,tamil
சீட்டா :அடக்குனா அடங்க கூடாது எங்க அண்ணே சொல்லீருக்காப்ள   மீ : அப்ப ஊம்பு,1,tamil
தேவேந்திர குல வேளாளர் மக்கள் சார்பாக இந்த படத்திற்கு முழு ஆதரவு   தேவதையே வந்தாலும் தேவையில்லை...  எங்களுக்கு தேவேந்திரர் வீட்டு பொண்ணு போதும்....,0,tamil
வணக்கம் டா மாப்ள விழுப்புரதில இ௫ந்து படம் 100 சதவீதம் வெற்றி பெறும் வாழ்த்துகள் டா,0,tamil
என்னதான் திரௌபதி வீட்டுல 5 பேரு ஆம்பள மாதிரியே இருந்தாலும்..  அந்த திரௌபதிக்கு ஆசையெல்லாம் நம்ம #கர்ணன் மீது தான்...  போங்கடா உங்க தலையெழுத்து எல்லாம்...  திரௌபதியின் காமக்காதல்கள் வெற்றி பெற வாழ்த்துக்கள் பங்காளிகளா,1,tamil
படத்தோட தலைப்பை பார்த்ததும்  சிலை கடத்தல் பத்தினு  நினைத்தேன்.,0,tamil
21ம் நூற்றாண்டு!!! ....??? தமிழர்கள் சார்பாக படம் வெற்றியடைய வாழ்த்துக்கள்,0,tamil
படம் பார்க்க ‌ஆவல் வந்து விட்டது... மீண்டும் சசிகுமார் மற்றும் ச.கணி‌ வெற்றி பெறுவீர்கள்...,0,tamil
நாங்க உங்க தோல்மேல கை போட்டு நல்லா தான் பழகிரோம் நீங்க தான் எங்களுக்கு எத செஞ்சா பிடிக்காதோ அத செய்யுற அப்புறம் எப்படி நாம ஒன்னா பழகமுடியும் தப்பு யார் பண்ணிணாலும் சுட்டி காட்டுனா ஏத்துகனும்.உங்க தப்ப சரிசெஞ்சுட்டு மேல்சாதிகாரன்கள திருத்திர வேலைய பாருங்க.,0,tamil
திருவண்ணாமலை மாவட்ட வன்னியர்கள் சார்பாக படம் வெற்றி பெற வாழ்த்துகள்,0,tamil
இப்படம் வெற்றி பெற மனிதர்கள் சார்பாக வாழ்த்துக்கள்,0,tamil
பொள்ளாச்சி சம்பவம் என்ன நாடக  காதலா ? மறந்துவிட்டீர்களா? தமிழ் சமுகத்தில் நடந்து வரும்  ஆணவக்கொலைகளை நாயபடுத்திறிங்களா.கூத்தாடீ நாய்க்காக தமிழ் சமுகத்தை கூட்டீக்கொடுத்துவிடாதீர்கள். சக மனிதர்களை மதிப்போம். இப்படிக்கு தமிழ் நேசன். தமிழ் வாழ்க!!! தமிழ்த்தாய் வாழ்க!!! சிந்திப்போம் நல்ல சமுதாயத்தை உருவாக்குவோம்.சாதிகள் இல்லையடி பாப்பா. தமிழ் தேசியம் அமைப்போம்......,0,tamil
உண்மையா லவ் பண்ணி வீட்ல சம்மதிக்கலனா என்ன பண்ண? அந்த பொண்ணுக்காக உயிரகுடுக்கிற அளவு லவ் பண்ணா  தப்பா? யாரோ ஒருத்தர் பன்ற தப்பால  உண்மையா லவ் பன்றவங்களுக்கும் பாதிக்கிதுல? ஆணவ கொலை அதிகமாக மேல் சாதினு சொல்லிக்கிற அவங்களால தான் அதிகமா நடக்குது...,0,tamil
இன்னைக்கு பொள்ளாச்சியில் இவ்வளவு பெண்களையும் கெடுத்தது இந்த உசந்த சாதி பைய தான்,0,tamil
இந்த படத்துலையாவது அந்த அம்மா எப்புடி செத்துப்போச்சின்னு சொல்லுங்க ப்ளீஸ் ப்ளீஸ்,0,tamil
இராமநாதபுரம் மாவட்டம் ஒட்டுமொத்த தேவர் சமுதாயம் சார்பாக வாழ்த்துக்கள்,0,tamil
bgm   வேறா   லேவல்,0,tamil
இத்தனை ஜாதி இருக்கே டா ?ஏண்டா ஒருத்தன மட்டும்  ஒத்துக்க மாட்டிங்க;இதுக்கு பேரு தாண்டா ஜாதி வெறி,0,tamil
நான் முதலியார் வகுப்பை சார்ந்த பெண் என் ஆதரவு இந்த படத்துக்கு உண்டு நான் என் குடும்பத்தோட போய் இந்த படத்த பார்ப்பேன் முக்கியமா என் அப்பாவ கூட்டிகிட்டு போவேன்,0,tamil
அல்டிமேட் நான் அரசியலுக்கு வருவது உறுதி அதுதான் செம..,0,tamil
மாரியமங்கலம் வன்னிய நண்பர்கள் சார்பாக படம் வெற்றி பெற வாழ்த்துக்கள் அண்ணா,0,tamil
"இந்தப்படம் நாடக காதலுக்கும்,சரக்கு மிடுக்குக்கு செருப்படி படம்....",1,tamil
ஒன்னு படத்தோட பேரை மாத்துங்க.இல்லைனா படத்தை வௌயிடாதீங்க.எதார்த்தமாக படக்மெடுக்காம வியாபார நோக்கத்திற்காக எடுக்கப்பட்ட படம் தேவையா?எப்படியும் முக்கியப்புள்ளிகளைப் பற்றி படத்தில் காட்சிகள் இருக்காது.இதுவந்தா என்ன..?வரலைனா என்ன..?,1,tamil
வன்னியர் சமுதாயம் சார்பாக படம் வெற்றி பெற வாழ்த்துகள்,0,tamil
சங்கரன்கோவில் வட்டார தேவேந்திர குல வேளாளர் பாண்டியர் சங்கத்தின் சார்பாக நல்வாழ்த்துக்கள் !,0,tamil
படம் வெற்றியடைய மனமார்ந்த வாழ்த்துக்களை தெரிவித்து கொள்கிறேன்,0,tamil
வடக்கு கிழக்கு மாவட்டத்தின் முதல் மாஸ் படம்,0,tamil
அனைத்து வெள்ளாள பிள்ளைமார் சமுதாயம் சார்பாக திரெளபதி படம் மாபெரும் வெற்றி பெற வாழ்த்துக்கள்...,0,tamil
விழுப்புரம் மாவட்டம் சார்பாக படம் வெற்றி அடைய வாழ்த்துக்கள் எங்கள் 100% ஆதரவு இந்த படத்துக்கு இருக்கும்,0,tamil
ரெட்டியார் சமுதாயம் சார்பாக படம் வெற்றி பெற வாழ்த்துக்கள்,0,tamil
"நான் ஒரு கேள்வி எழப்புகிறேன்???   ஒரு பறையன் என்றைக்கேனும் நான் பறையர் சமூகத்தின் சார்பாக என்று அவனது கருத்தை உச்சரித்ததுன்டா நீங்கள் மட்டும் ஏன் நாடார், வண்ணியர் , முக்குளத்தோர் என்று பெருமை தட்டி கொள்கிறீர்கள் இதுதான்டா... சாதி வெறி கீழ்வெண்மனி படுகொலை மறந்து போச்சா..... மறக்கமாட்டோமடா... என் தாய் தந்தையரை எரித்த சம்பவம் கேட்டா  அக்கினி சட்டி என்று கூறி கொள்வது துவ்...........துவ்......",0,tamil
சாதியை துக்கி பிடிச்சு அலையாதே  மனநோயலி நாய்களே திருந்துகடா,0,tamil
பெண்களுக்காண ஒரு விழிப்புணர்வு படம் . கட்டாயம் திரையில் காணுங்கள். இந்த மாறி ஒரு படைப்புக்கும் ஒரு துணிவுக்கும் முன்னாடி  தமிழ் சினிமா தோற்று போகட்டும்....,0,tamil
பிஜேபி தயாரிப்பு சினிமா வா. மதவாத நெடி அடிக்கிறதே,1,tamil
முட்டாள்களே இன்று நடந்த அகரம் புத்தக வெளியீட்டு விழாவில் ஒரு மாணவி பேசிய பேச்சை கேட்டு நடிகர் சூர்யா அமைச்சர் கண்களால் கண் கலங்கினார்கள் என்று செய்தி கேட்டீர்களா அந்த வீடியோவை பார்த்த ஒவ்வொருவருக்கும் கண்ணில் நீர் வரும் இதயம் கனக்கும் அந்தக் கண்ணீரில் ஜாதி இல்லை ஜாதி வன்மம் இல்லை தூய அன்பு மட்டும்தான் உள்ளது உங்களிடம் அன்பு ஒரு துளியும் இல்லை ஜாதி வெறி மட்டுமே உள்ளது வாழ்த்துக்கள்,0,tamil
இந்த மாதிரி ஒரு படம் வேண்டும் அப்பதான் நாடககாதல் திருமாவளவன் செருப்பால் அடித்து படம்,1,tamil
எங்களுக்கு மண்ணு பொண்ணு 2ம் முக்கியம்   இதுல யார் மேல கை வச்சாலும் வெட்டுவோம் #திரௌபதி  #அடக்கபாய்ந்தவகையராவின் சார்பாக படம் வெற்றி பெற வாழ்த்துக்கள் மோகன் G,1,tamil
படம் எப்போ  ரிலீஸ் ?  I am Waiting.... என் சார்பாக 10 (அப்பா - மகள்'கு)    டிகெட்  இலவசமாக வழங்கப்படும்,0,tamil
சேனைத்தலைவர் சமுதாயம் சார்பாக படம் வெற்றி பெற வாழ்த்துக்கள்,0,tamil
திரௌபதி வெற்றி பெற வைத்தல் நம் கடமை,0,tamil
"நாடக காதலுக்கு நல்ல செருப்படி    தென்னாட்டு தேவன் ஆப்பநாட்டு மறவன்,,,.",0,tamil
பெண்களை பெற்ற பெற்ற பெற்றோர்களுக்கு மட்டுமே தெரியும் அதன் வலி. Waiting for theatre. Thropathi வெற்றி பெற வாழ்த்துக்கள். உண்மை சம்பவத்தை வெளிச்சம் போட்டு காட்டிய இயக்குனர் மோகன் அவர்களுக்கு நன்றி.,0,tamil
"உண்மை தான்  சினிமா , Tv  கரந்தன் சாதி என்று பெயர் சூட்டி விட்டர்கள் இன்று அண்மற்றும்பெண் பொதை பொருளாக  வைத்து வீட்டார்கள் மனிதபிமனம் மறைந்து விட்டது இந்த media உலகில்  நல்ல இருக்குற குடும்பத்தில் காதலை தூண்டும் விதமாக சினிமா  இருக்கிறது இன்று  குடும்பத்தை மதிக்கத்தக்க வேண்டும்",0,tamil
"அரிஸ்டாடில், டார்வின், ஃப்ராய்ட், கலீலியோ, கெப்ளர், நியூட்டன், ஐன்ஸ்டீன், ஸ்டீபன் ஹாக்கிங், ஹிக்ஸ, சி.வி.ராமன், அமர்த்தியா சென், தெரசா, நெல்சன் மண்டேலா மற்றும் திருவள்ளுவர் சார்பாக வாழ்த்துகள்...",0,tamil
புண்ட மாதிரி இருக்கு trailer .. போடா தாயொலி,1,tamil
நான் தலைவரோட ரசிகன்னு சொல்லிடு தலைவரை ஒடசல் போடுறது   பேசணகிடுச்சு. வாயில குந்தகூற வருது பட் எதும் சொல்ல கூடாது. நீங்க ஒரு move எடுக்க எவ்வளவு கஷ்ட்டப்பட்டு இருப்பிங்க. ஒரு படத்துக்கே உனக்கு வாய்ப்பு வர நாக்குதள்ளிருக்கும். எல்லாத்தையும் கடந்து வரதுக்கு லேட்தான். ஆக மொத்தத்துல சொல்லவரது என்னவென்ன நல்ல மனிதர்க்கு மரியாதை தரவும் தரலடியும் பரவலா அவர்களை விமர்சனம் பண்ணாதீர்கள்... நன்றி படித்ததுக்கு,1,tamil
நீலம் Production 🤣... கதறு...ல.. நல்லா கூறு..,1,tamil
காடுவெட்டியார் கடவுள் ஆசியோடு முதல் நாள் முதல் காட்சி 100 டிக்கெட் நான் வாங்குவேன்,0,tamil
எத்தனை பாரதியார் வந்தாலும் திருத்த முடியாது நீயும் இரஞ்சித்தும் மட்டும் திருந்த மாட்டீங்க ...   உங்க பெயர்  கூட ஜாதி அடையாளம் தூ,0,tamil
நமக்கான திரைப்படங்களை நாம் தயாரித்து வெளியிட வேண்டும்.......  நம் வீட்டு பெண்களின் மேல் கை வைக்க நினைத்தாலே வெட்ட வேண்டும்...,1,tamil
ரௌத்திரம் பாணி அருமை   Hit Like #ரௌத்திரம் Fans,0,tamil
சத்ரியன் நண்பர்கள் சார்பாக திரைப்படம் வெற்றிப்பெற வாழ்த்துக்கள்,0,tamil
First time im seeing.. எவ்ளோ பேரு ஜாதி வெறில இருக்கீங்க.. ! .  த்தூ,0,tamil
"மிருதன் 2 எப்போ சகோ? எடுத்தா மிருதன் 1 மாதிரி இல்லாமல், Graphicsல அதிக கவனம் செலுத்துங்கள்.",1,tamil
தமிழகத்தில் எத்தனை ஜாதி மக்கள் வெறி பிடித்து இருக்கின்றன என்பதற்கு இந்த வீடியோவில் உள்ள comments படித்தால் போதும் போல. செத்த பின்பு எல்லாம் பிணம் தான். என்று தான் செத்து ஒழியுமோ இந்த ஜாதி வெரி. 🤨,1,tamil
இந்த ட்ரெய்லர் கூட பார்க்கிற மாதிரி இல்லை.. இதை தியேட்டர் ல போய் பார்க்கனுமா.. .,1,tamil
சாதி வெறி புடிச்ச பொட்ட பசங்கதான் இப்படி சாதியை ஆதரித்து படம் எடுப்பார்கள். எதுடா நாடக காதல் உங்க சாதி பெண்கள் இல்ல வேற எந்த சாதி பெண்ணும் எங்களை நம்பி வந்தா அவங்க மேல உயிரை  வைத்து ராணி மாதிரி வாழ வைப்போம் டா நாய்களே. இவன் மாவீரன் DHIVA,0,tamil
"Dai,,,,எப்பவும் கீழ் சாதி கீழ் சாதி தான்டா அத இப்படி எல்லாம் காட்டனுமா by கவுண்ட!",1,tamil
இத பார்த்தா Family Audience பக்கத்தில கூட வரமாட்டாங்க... அஜித்தின் விசிலடிச்சான் குஞ்சுகளுக்கு மட்டுமே பிடிக்கும் படமாக இருக்கலாம்..   கருமம் அவனுங்க எத காட்டுனாலும் பாப்பானுங்க,1,tamil
மணிரத்னம் Back In Form சார் ஐயோ செம Cuts ...சர் சர் னு ...பேச வார்த்தை வரலை..Amazing Sir,0,tamil
தல தல தல தல தல தல,0,tamil
அண்ணா தரமான சம்பவம்  படம் வெற்றி பெற வாழ்த்துக்கள்,0,tamil
1:22 அந்த ஆளுக்கு தலயே இல்ல,1,tamil
நாகப்பட்டினம் மாவட்டம் கம்மாளர்கள் சார்பாக இந்த படம் வெற்றியடைய வாழ்த்துக்கள்...,0,tamil
உதய நிதி நீங்க நடிகனா அரசியல் வாதியா ?,0,tamil
ரஜினி குத்து மரணமாஸ் படம் சூப்பர் டூப்பர் கிட்டாகும்.,0,tamil
"டேய் என்னடா பண்ணிவச்சுருக்கிங்க, ஏண்டா உங்களுக்கு இந்த வேலை, கதை இல்லையினா  என்னிடம் கேளுங்கள் ஆயிரம் கதை வச்சுருக்கேன், இல்லை என்றால் கோடம்பாக்கத்தில் சுற்றி தெரியும் நபரிடம் கேட்டால் அற்புதமான கதை சொல்லுவார்கள், ஏண்டா புரச்சி தலைவி அம்மாவை கேவள படுத்துரிங்க.",1,tamil
வேலூர் வன்னியா கவுண்டர் சார்பாக படம் வெற்றி பெற வாழ்த்துக்கள்,0,tamil
எங்கள் அண்ணன் சீமானின் கருத்தில் உருவான மற்றொரு சிறு துளி,0,tamil
Poda ஜாதி வெறி பிடித்த பொட்ட பாசங்களா,0,tamil
வாழ்த்துக்கள் மற்றும் படங்கள் வெற்றி பெற்று மீண்டும் வருக,0,tamil
"மலைக்கோட்டை மாநகரம் முத்தரையர் இளைஞரணி சார்பாக படம் வெற்றி பெற வாழ்த்துக்கள்     இதைப்போன்ற படங்களுக்கு விற்பனையாளர்கள் கிடைப்பது அரிது, எப்படியாவது படத்தை மட்டும் ரிலீஸ் பன்னிருங்க டைரக்டர் சகோ, மீதிய நாங்க பாத்துக்குறோம்",0,tamil
பா ரஞ்சித் போன்றோருக்கு ஆண்ட சாதி ஆண்ட சாதி என்று அவர்கலா ஒரு மிருகம் போல சித்தரிக்கும் பொழுது உங்களுக்கு இனிக்கும் அதுவே எதிர்திசையில் உங்களை திருப்பி காட்டியபோது கசக்குதா.... திரவுபதி டா....  சிறுவயதில் ஒரு கதை உண்டு ஒரு பெரிய ____________கோட்டை அளிக்காமல் சின்னது பண்ணுவதற்கு அதுக்கு பக்கத்துல ஒரு பெரிய கோடு ___________________________போடணும் அதுதான் இப்ப நடக்குது ட்ரெண்டிங் திரௌபதி குழுவினருக்கு வாழ்த்துக்கள்  நீங்க சொன்னா ஜாதி ஆன ஒடுக்குமுறை அதுவே திரௌபதிலா உண்மையா சொன்னேன எரியுதா??????,1,tamil
தமிழ்நாடு யாதவர் சமுதாயம் சார்பில் படம் வெற்றி பெற வாழ்த்துக்கள்  அன்றாட வாழ்வில் நடக்கும் சம்பவங்களை அருமையான கதை வடிவில் கொடுத்தமைக்கு நன்றி,0,tamil
நடக்கதா ஒன்றை நடந்ததாக படம் எடுத்து காட்டுவார்கள் சில தே.பசங்க  நான் குறிப்பிடுவது கிழ் சாதி என்று சொல்லி கொண்டு அனைத்து தவறுகளை செய்வார்கள் ஆனால் அவங்க நல்லவங்க தட்டி கேட்டா கெட்டவங்காலா???அதை எல்லா இந்த படம்  எல்லோருக்கும்  புறியவைக்க போகிறது நல்உள்ளம் கொண்டவர்கள் அனைவரும் பாருங்கள்....,0,tamil
ரெண்டரை நிமிஷ ட்ரெய்லர்க்கே இந்த கதறல்னா ரெண்டரை மணி நேர படத்த பாத்தா இந்த நாடக காதல் நாய்கள் உயிரோட இருப்பான்ங்கன்னு நினைக்கிறீங்க???,1,tamil
தமிழ்நாட்டில் திரும்பி மிகப்பெரிய ஜாதி சண்டை வரபோது டா,0,tamil
முக்குலத்துதேவரின சொந்தங்களுக்கும் அனைத்து சமுதாய நண்பர்களுக்கும் மற்றும் பெண்பிள்ளைகளைப் பெற்ற தகப்பன்மார்களுக்கும் இப்படம் சமர்ப்பணம்... உண்மையை உரக்கச் சொல்ல காத்திருக்கும் இத்திரைப்படம் இமாலய வெற்றிபெற உலகத் தமிழ் நெஞ்சங்கள் சார்பாக வாழ்த்துக்கள்...,0,tamil
"தெறிக்க விட்றுக்காரு ஏ.ஆர்.ரஹ்மான்.  six'க்கு அப்ரோ seven'டா, ரஹ்மானுக்கு முன்னாடி எவன்'டா தலைவா! சீக்கிரமா பாட்ட ரிலீஸ் பண்ணுங்க. Waiting",0,tamil
நாடக காதலுக்கு செருப்படி இந்த  படம்,1,tamil
அண்ணன் நீங்க சொன்னிங்க 5 லட்சம் பேர் பார்த்தா போதும்னு....ஆனால் இங்க 20 லட்சம்....அதாவது #2M views வேற லெவல்....,0,tamil
"மொத்தத்தில் மூன்றுபேரையும் பொளக்கப்போறது,,,,,,  ஒரு ஆள்தான். யாரு,,,ரசூல்தான் .",1,tamil
திரௌபதி சரித்திர படம் சாதிக்கவந்த படம் தொடரட்டும் {~^~} நன்றி வாழ்த்துகள்,0,tamil
நம் மானம் நம்வீட்டு பெண்னிடம் உண்டு என்பதை அறிந்து கொள்ளலாம்,0,tamil
தலைவா வேரலேவல் ... ரியலா பாத்த மாதரி ஒரு trailer..இது நம்ம படம் ..வெற்றி பெற வாழ்துகள்,0,tamil
சூர்யா வேற லெவல் மூவி செம ஹிட்... வாழ்த்துக்கள்...,0,tamil
தேவர் இனத்தின் சார்பாக வெற்றி பெற வாழ்த்துக்கள்,0,tamil
Thala Fans சார்பாக படம் மிகப்பெரிய வெற்றி அடைய வாழ்த்துக்கள்,0,tamil
ரஞ்சித் பாசறைக்கு குண்டி கப கபன்னு எரியுமே,1,tamil
தூத்துக்குடி நாடார் சமுதாயம் சார்பில் வாழ்த்துக்கள் ...  சுபாஷ் பண்ணையாரின் அன்பு தம்பிகள்,0,tamil
அடங்கவில்லை என்றால்  அடக்கம் செய்வோம்  மோகன்  ஜி   உங்களுக்காக நாங்கள் !!!!!,1,tamil
அதகளம் புரிந்திடும் வீரம்-இதன் பொருள் இந்த காணொளி!,0,tamil
ரஜினி அரசியல் கி  வருவார் 2050 ல,1,tamil
பார்க்கவ குலம் உடையார் சார்பாக படம்  வெற்றிபெற வாழ்த்துகள்.,0,tamil
அருமை அருமை திரௌபதி பெண் பிள்ளைகளுக்கு ஒரு பாதுகாப்பை உறுதி செய்கிறது மகிழ்ச்சி அடைகிறேன் திரௌபதி வருகைக்கு காத்திருக்கிறேன்,0,tamil
அடங்க மறுத்தா அறுத்து போட்றுவோம்.    டெடிகேட் டு பா ரஞ்சித் மற்றும் திருமா...,1,tamil
நானும் பெண் பிள்ளைபெத்தாவன். இதை பார்க்கும்போது பயம்வருது..... அதேபோல் வெறியும் வருது....,0,tamil
"விருதை உடையார் சமூகம் சார்பாக இப்படத்தின்  இயக்குனர் மற்றும் தயாரிப்பாளர், நடிகர் நடிகைகளுக்கு வாழ்த்துக்களையும் நன்றியையும் தெரிவித்துக்கொள்கிறேன்",0,tamil
நாகராஜ் சோழ வேளாளர். வேளாளர் சமூகத்தின் சார்பாக திரைப்படத்திற்கு ஆதரவு.,0,tamil
"தி௫மாவளவன் மற்றும் ரஞ்சித்   நாடகக்காதல்  பயிற்சி பட்டறை  வழிகாட்டுதலின்படி,  காதலிப்போம் காதலிப்போம்   வன்னியர்  பெண்களை காதலிப்போம்   தி௫மணம் செய்வோம் தி௫மணம் செய்வோம்   கவுண்டர்  பெண்களை தி௫மணம் செய்வோம்   கட்டியணைப்போம் கட்டியணைப்போம்  முதலியார்  பெண்களை கட்டியணைப்போம்   என்று நகர்ந்தார், அந்த நீல சட்டை அணிந்த சரக்கு மிடுக்கு தோழர்.",0,tamil
எத்தனை நாளைக்கு நாங்கள் கீழ்ஜாதி நாங்கள் செய்தால் தவறில்லை என்ற ஆணவத்தில் ஆடி பெண்களை நாசம் செய்கிறார் இந்த படம் அனைவரையும் செருப்பால் அடிக்கும் என்ற நம்பிக்கை,1,tamil
நல்ல கதை நல்ல நேரம் நல்ல வரவேற்பு கண்டிப்பா சாதி படமா பாக்காம சமுதாய படமா பாருங்கள் இல்ல எல்லோருக்கும் கூடபொறந்த பெண் சகோதரி உண்டு பெற்ற தாயும் உண்டு திருந்துங்கள் திருத்திக்கொள்ளுங்கள்,0,tamil
இசை யுகத்தை ஆள வந்தவன்... யுவன்  bgm rockzzzz,0,tamil
தலித் சமூகம் சார்பாக இப்படம் பிரம்மாண்ட வெற்றி அடைய வாழ்த்துக்கள்,1,tamil
தைரியமாக இப்படத்தை இயக்கிய இயக்குனருக்கும் மற்றும் படக்குழுவினருக்கும் வாழ்த்துக்கள்,0,tamil
ட்ரெய்லர் வேற லெவல் மரணமாஸ் அண்ணா Mohan G Kshatriyan  எங்களுக்கு மண்ணு பொண்ணு ரெண்டுமே முக்கியம்... அதுல யாரு கையை வைச்சாலும் கையை வெட்டுவோம்..  #திரௌபதி  மிரட்டுகிறாள் வாழ்த்துகள் சகோ,1,tamil
மாமன்னர் மருது பாண்டியர்கள் நல்லாசியுடன் இந்த திரைப்படம் சாதனை படைக்க வாழ்த்துக்கள்.,0,tamil
"எங்கப்பா Military da..,goli விளையாடவா சொல்லி தருவான்? Feel the bgm1:40",1,tamil
@Memecreator . நிறைய விசயம் இருக்கும் போலயே வைச்சு செய்ய,1,tamil
படம் வெற்றி பெற   வாழ்த்துக்கள்... மருத்துவர் சமுதாயம்,0,tamil
பாதி ஜெயலலிதா அம்மா தான் இங்க இருக்கு மீதி எங்கடா ???,1,tamil
நண்பர்களே  கீழ  இருக்கிற  கமெண்ட  பார்த்த  கொலவெறில  நீங்க  இருக்கிறீங்கன்னு  தெரிது... படம் நிச்சயமா  பிளாக் பஸ்டர ஹிட்  ஆகிரும்... தமிழ் நாடு  அதிரும்  புளுசட்ட  பாசிட்டிவ்  ரீவியு  சொல்லுவான்...,0,tamil
"தல fansku memes மட்டுந்தான் create பண்ணதரியும், but தளபதி fansku மட்டுந்தான் records create பண்ணத்தெரியும்.",1,tamil
கிழித்து ஏறிய வேண்டிய சாதிய குப்பை #திரவுபதி  இந்த முட்டா பசங்க நாட்ல பொறந்ததுக்கு பொராகமலே இருந்திருக்கலாம் .... கமென்ட் பண்ண athanayum **பசங்களுக்கு பிறந்தது போல.. . ஜாதிய வன்மம் .... சாதிய கொடுமை..... தீண்டாமை 🤦‍,1,tamil
என்னப்பா மூன்று நாளா 7 M பார்வையாளர்களிலே முக்குது சூர்யா படம் ஒரே நாளில் மகேஷ்பாபு படம் 9.3 M பார்வையாளர்களை கடந்து நம்பர் 1 இடத்தில் இருக்கு யூடியூப் சேனலில் ஐயோ பாவம்,1,tamil
"எங்க வீட்டு பெண் பிள்ளைங்க மேல கை வைக்கனும்னு தொடர்ந்து பின்னாடியே போயி தொல்லை பன்றவன, நான் வெட்டுனா நான் ஜாதி வெறியனா??? அப்படின்னா நான் ஜாதி வெறியனே....",1,tamil
சேலம் மாவட்ட வன்னியர்கள் சார்பாக படம் வெற்றி வாழ்த்துக்கள்............,0,tamil
அட்லி க்கு இந்நேரம் அடுத்த படத்தோட கதைக்கு ஒன் லைன் கெடைச்சுருக்கும். செ.சி.வானம் முழுபடம் ரிலீஸ் ஆகுறப்ப அட்லி தன்னோட அடுத்த படத்தை அறிவிப்பார்னு நெனைக்கிறேன்! நைஸ் பாய் :),0,tamil
டேய் நீங்க எடுக்காம இருக்குறதே அவங்களுக்கு செலுத்துற பெரிய மரியாதை தான் டா. டைரக்டர் விஜய் உனக்கு வேல வெட்டி இல்லனா வீட்ல சும்மா இருயா வர்ஷா வருஷம் ஒரு படத்த கந்தகோலம் பண்ணி வசிட்ர,1,tamil
இந்த படம் தமிழ் சமுதாயம் மக்களுக்கு சிறந்த படமா இருக்கும்,0,tamil
Hahahahahaha.... இது 96 ... யார ஏமாதுறீங்க....,1,tamil
ஜாதிகள் இல்லைனு யார் கூறியது ஜாதிகள் தவறில்லை ஜாதியை வைத்து அரசியலுக்காக எதையும் செய்யும் திருமா மற்றும் பா ரஞ்ஜீத் போன்றோர்கள்தான் இந்த சமுதாயத்திலுருந்து களையெடுக்கப் பட வேண்டியவர்களே தவிர ஜாதிகளை இல்லை முத்தரையர் வலையர் சார்பாக வாழ்த்துக்கள் இது போன்ற படங்களை ஊக்குவிக்கவேண்டும் இதுபோன்ற படங்களை இன்னும் எடுத்து இளைஞர்கள் மனதில் இருந்து ஜாதிகள் இருப்பது நல்லவிஷயமே ஜாதி இருந்தால்தான் நமது தமிழ் கலாச்சாரம் பாதுகாக்கப்படும் என்ற உண்மையை விளங்க வைக்க வேண்டும் வாழ்க என்றென்றும்  தமிழ்&தமிழரின் புகழ் வாழ்க வளர்க ஓங்குக& வாழ்க வளர்க ஓங்குக   முத்தரையர் சமுதாயம்,0,tamil
"அடங்குனா, அடங்க கூடாதுனு எங்க அண்ண சொல்லிருக்காப்புல,,,,",1,tamil
எங்கப்பா மில்ட்டரி    Daa,0,tamil
இதுல கமென்ட் பன்னதுல பாதி பேரு ஜாதிவெறி பிடிச்ச பு** தான் போல சரி பேசுறது சரி அந்த பக்கமாவே பேசிக்கங்க இராம்நாடு பக்கம் திரும்பி பேசிடாதிங்க அவனுக கொஞ்சம் ரொம்ப கோவக்காரனுக...,1,tamil
அனைத்து சமூக மக்களின் காமன்ட்ஸ்.... இதை பார்க்கும் பொழுது ஒன்று தெளிவாக புரிகிறது..... ஒரு குறிப்பிட்ட சமூகத்தால் மற்ற அனைத்து சமூகமும் எந்த அளவிற்கு பாதிப்பு அடைந்து இருக்கிறது என்று...... அடக்கி அடக்கி அடக்கி வைத்த உணர்வுகளின் வெளிப்பாடு.....  அனைத்து சமுதாய மக்களையும் ஒன்று சேர்த்த வரலாற்று காவியம்.....    நம்மை மட்டுமே சாதி வெறி கொண்டவராக படங்களில் சித்தரித்து வந்த பா.ர........ க்கு சரியான சவுக்கடி.....    இப்படி ஒரு படம் வராதா??? நம்ம வீட்டு பெண்கள் பார்த்து தெளிவு பெற மாட்டார்களா என பல ஆண்டுகள் நான் தவித்து இருக்கிறேன்.....   சும்மா டிரெய்லர் லையே மிரட்டி வச்சு இருக்காங்க..... அனைத்து சமுதாய பெண்களும் கட்டாயம் பார்க்க வேண்டிய படம்.....,0,tamil
பொழைக்கிற வழிபாருங்க போராளி... சாதிய ஒளிச்சிப்புட்டா சுரண்டுவது எப்படி....  இது இந்த கால தலைமுறை சொந்த சாதி பெருமையை பேசி பேசி ஏங்கி போன எனக்கென்ன....  இந்த நாடு எப்படி நாறி போன உனக்கென்ன....,1,tamil
"மோகன் ஜி... செருப்பை எங்க வைக்கணும், சீப்பை எங்க வைக்கணும்னு நம்மளுக்கு சொல்லிகுடுத்து வளர்த்திட்டாங்க..! ரெண்டுக்கும் வித்தியாசம் தெரியாத நாய்க குறைக்குது.. 🤣🤣🤣",1,tamil
தெற்கு பக்கம் இப்படி பல நாடக காதலினால் பாதிக்க பட்டு கண்ணீர் விடும் நாடார் சமுதாயம் மக்கள் சார்பாக  இந்த உண்மைக்கதை வெற்றி பெற வாழ்த்துகள்,0,tamil
தாழ்த்தப்பட்டவங்கனு சொல்லிகிட்டு ஆடாத ஆட்டம் போட்டவங்களுக்கு இந்த படம் ஒரு மரண அடி,0,tamil
நாடக காதல் கும்பல் ஊர்லேயே ஷீட்டிங் வச்சார் பாரு அப்பவே திரெளபதி வெற்றி.,0,tamil
டேய் எப்படி பார்த்தாலும் இது ஜெ அம்மா மாதிரி இல்லடா அவங்க அந்த இரட்டை விரல காமிக்கும் போதே ஒரு கம்பீரம் இருக்கும்,1,tamil
மதுரை மாவட்டம் அனைத்து தேவர் சமுதாயம் படம் வெற்றி பெரும் வாழ்த்துகள்,0,tamil
* இது ஜாதி படம் இல்லை * பெண்களை அரக்கர்களிடம் இருந்து காப்பாற்றும் படம். * ட்ரைலரை பார்த்து விட்டு யார்  கோபபடுகிறார்களோ அவர் தான் அரக்கர்கள்.,1,tamil
அருமை திருமாவளவன் நாய்க்கு படத்தை காமிங்க தல தூக்கு போட்டு தொங்கட்டும்,0,tamil
"தன்னம்பிக்கை, தரணி போற்றும் அறிவு, தலைவனாகும் தகுதியில்லா  !?!?!?ர்கள் , ஜாதி, மதம், கடவுள் பெயரில் தான் முகவரிதேட முயற்சிப்பார்கள்",0,tamil
இயக்குனர் ரன்ஜித் போன்ற ஜாதி வெறியனுக்கு இது ஒரு நல்ல செறுப்படி,1,tamil
விவசாயிகளின்  சார்பாக வாழ்த்துகள் . நல்லவர்களின் நட்பு பலம் பெறட்டும் எங்களுக்கு மண்னு பொண்ணு ரெண்டுமே முக்கியம் அதுல யாரு கைய வச்சாலும் வெட்டுவோம்.,0,tamil
உடையார் சமுதாயம் சார்பாக படம் வெற்றி அடைய வாழ்த்துகிறோம்..........,0,tamil
கொங்கு வெள்ளாள கவுண்டர்கள் சார்பில் வாழ்த்துக்கள்,0,tamil
ஏண்டா ஆண்டசாதி பரம்பரை ஆண்களே பெண்களே நீங்க சொல்றது 100% சரிங்க இந்த பொள்ளாச்சியில் ஆண்ட சாதி பசங்க ஆண்ட சாதி பெண்களை வீடியோ எடுத்து பெண்களை நாசம் பண்ணாங்களே அவர்களை என்ன பண்ணீங்க? எந்த சாதியா இருந்தாலும் மனிதனாக வாழ கற்று கொள் ளுங்கள்!!,0,tamil
"முத்தரையர் சமுதாயம் கரூர், 7/1/20 அன்று மதியம் மாமா பொண்ணு (வயது 20) ஓடி போய்ருசு ,வீட்ல யாரும் போனதுல இருந்து சாப்டல அழுதுட்டு இருக்காங்க, கூட்டு போன நாய் சாதி பேர் சொல்ல விரும்பல , வீட்டுக்கு போயாச்சு பொட்ட ஓடி போய்ட்டான்,ஒளிஞ்சிருகான்,சிக்கிருந்தா வெட்டு வாங்கிருப்பான்  ,,இந்த கேடுகெட்ட மத்தவங்க கஸ்ட படுத்தற காதல் தேவையா ?? இத தடுக்க திரௌபதி ஆதரவு கொடுங்க ....",0,tamil
"சாதித்து சாதிய ஒழிக்கனுமே தவிர  பெண்களை ஏமாற்றி சாதிய ஒழிக்க முடியாது ௨யர்ந்தவன் தாழ்ந்தவனை தீர்மானிப்பது பணம், பேர், புகழ்,  இதை தான்டி இந்த ௨லகில் பெரியது எதுவும் இல்லை ௮றிவை கொண்டு ௮தை சம்பாதிக்க வேண்டும்",0,tamil
குருமா பயலுக்கு செருப்படி. படம் மாபெரும் வெற்றி பெற வாழ்த்துக்கள்.,1,tamil
தலீத் மக்கள் என்றும் இந்துக்கள் ஆக முடியாது . பொள்ளாசி சம்பவம் எல்லாம் இவர்களுக்கு பெரிதல்ல,1,tamil
இத்தனை பேர் பாதிக்கப்பட்டிருக்கிறார்கள் என்பது கமென்டில் வந்து பார்த்த பிறகு தான் தெரியுது  பாரதியார் வருங்காலத்தில் இவர்களால் இவ்வளவு பாதிப்பு வரும் என்று தெரிந்திருந்தால் பாடியிருக்கமாட்டார்   ஜாதிகள் இல்லையடி பாப்பா என்று,0,tamil
First show பாத்துடனும்.  நிறைய secne ah கட் பன்னவும் வாய்ப்பு உண்டு,0,tamil
பிள்ளை மார்கள் சார்பாக படம் வெற்றி அடைய வாழ்த்துக்கள்,0,tamil
தீரன் சின்னமலை கவுண்டர் பேரவை சார்பில்.... இந்த திரைப்படம் வெள்ளி விழா காண வாழ்த்துக்கள்,0,tamil
கொங்கு கவுண்டர் சார்பாக படம் வெற்றி பெற வாழ்த்துகள்,0,tamil
ஓ விஜய் படத்துக்கு இப்படிதான் viewers சேக்குரிங்ளா,0,tamil
மாஸ் வீரம் கொண்ட பெண்மை கிராமத்து மண் வாசனை  அமர்க்களமான நடிப்பு கொண்ட ரிச்சர்ட் வாழ்த்துக்கள்,0,tamil
விஸ்வகர்மா சமுக மக்கள் சார்பாக படம் வெற்றிபெற வாழ்த்துக்கள்.,0,tamil
பிள்ளைமார் சமுதாய மக்களின் சார்பாக இந்த படம் வெற்றி பெற மனமார்ந்த வாழ்த்துக்கள்,0,tamil
நாடார் சமுதாயம் சார்பாக இத்திரைப்படம் வெற்றியடைய வாழ்த்துகள்,0,tamil
படம் வெற்றி பெற  வேதாரண்யம் அகமுடையார் சங்கம் சார்பாக  வாழ்த்துக்கள்....,0,tamil
சோத்துக்கு வழி இல்லானாலும் சாதி வெறிக்கு கொரச்சல் இல்ல.  அக்னி சட்டிகள்,0,tamil
"மோசமான trailer, director ஜாதி வெறி புடிச்ச தேவிடியா paiya pola, எல்லாரும் எல்லா சமம்னு நினைக்கணும் போதுமா da",1,tamil
மிக தைரியமான முயற்சி..  வாழ்த்துக்கள்.  கொங்கு வேளாளர் சமுதாயம் சார்பாக முழு ஆதரவையும் தெரிவித்துக்கொள்கிறோம்.  இந்த படத்திற்க்கு எதிராக எல்லா முயற்சிகளும் எதிரிகள் எடுப்பார்கள்.  அதை முறியடித்து படம் வெற்றியடைய வேண்டும்,0,tamil
அப்படியே ஒரு குத்து பாட்டு வைங்க உங்க ஸ்டைலே,0,tamil
"எதுவுமே முடிவில்லை , முடிவின் தொடக்கமும் இல்ல , தொடக்கத்தின் முடிவினு வேணும்னா வச்சுக்கலாம் . .. ... ... ... ... ஷப்பா முடியல டா சாமி .....",1,tamil
அழகுமுத்துக்கோன் வம்சத்தின் சார்பாக படம் வெற்றி பெற வாழ்த்துக்கள்..,0,tamil
"பள்ளப்பட்டி சத்ரியன் பாய்ஸ்தப்பட்டை குழு இண்டூர் தருமபுரி மாவட்டம் 9715569709, 9787144438, 9159918414, 6383454775, 6381722715",0,tamil
ட்ரைலரே தெறிக்க விடுது லாஸ்ட் டயலாக் அல்டிமேட் ஒரு பெண்ணா இந்த படத்தின் ரிலிசை ஆவலுடன் எதிர் நோக்குகிரேன்,0,tamil
Comment க்கு like போட்டு கை வலிக்குது இப்படிக்கு கொங்கு கவுண்டன் கோயம்புத்தூர் இந்த படம் தி௫மா நாய்க்கு சரியான செ௫ப்படி,0,tamil
செம்ம படம் வெளியாகும் போதே 100 டிக்கெட் நான் மட்டும் வாங்கி நண்பர்களுக்கு கொடுக்க போகிறேன்.நான் வெள்ளாளன்டா.  வாழ்த்துக்கள்.,0,tamil
இந்த டிரெய்லர டிஸ் லைக் பண்ணவன் கண்டிப்பா கோமாளி தான்,1,tamil
திருப்பூர் மாவட்ட கொங்கு வெள்ளாளக் கவுண்டர் பேரவை சார்பில் படம் வெற்றி பெற வாழ்த்துக்கள் மிரட்டலான கரெக்டான உண்மைய சொல்லியிருக்கு இந்த படத்துல,0,tamil
போடு விசில... தக்காளி மரண மாஸ்,0,tamil
தரமான சம்பவம் நடக்கபோகிறது Waiting for movie release,0,tamil
திரௌபதி படம் வெற்றி அடைய  யாழ் இந்து வேளாளர் சார்பாக வாழ்துக்கள்,0,tamil
முத்தரையர் சாதி குடி சார்பாக நாங்கள் அனைவரும் இந்த படத்தை திரையரங்கில் வந்து பார்த்து எங்கள் ஆதரவை நிச்சயம் தெரிவிப்போம்,0,tamil
இந்த படத்துக்கு ப்ரீ ப்ரோமசன நாடகக் காதல் தருதலை நாய்க பார்த்துக்குவனுக,1,tamil
நான் சிரித்தால் கண்டிப்பாக நான் சிரித்தால் மறுபடியும் வந்து செல்லுரன் கமாண்ட் ல ஹஹஹஹஹஹஹஹஹஹஹஹஹஹஹஹஹஹஹஹஹஹஹஹஹஹஹஹஹஹஹஹஹஹஹஹஹஹஹஹஹஹஹஹ,0,tamil
தர்பார்   விட  அதீக  பார்வையாளர்களைப்  பெற்று  சூப்பர்  ஸ்டாரே    வுழ்தய   மெகா  ஸ்டார்  திரெளபதி,0,tamil
அய்யோ ட்ரைலர் பார்க்கும் போதே உடம்பு சிலிர்க்குது,0,tamil
ஆக எடப்பாடி பழனிசாமி பதவி விலக வேண்டும்,1,tamil
"இதுக்கு மேல வெட்கம் இல்ல, பர பசங்கள நம்ம ஜாதி பொண்ணை கட்டுங்கடா, மஞ்சா பூசி மயக்குறாங்களா. கஷ்டப்பட்டு படிச்சு பரத்தை கட்டாமல் பிறத்தை ஏண்டா கட்டுறிங்க. இவங்க இலங்கையில அதிகமாக செத்தவன் எந்த என்று தெரிஞ்சா, இப்படிலாம் பதிவு இருக்காது. வேல்முருகன் நல்லவர், இதனால் எதுவும் கூற தோனல.",0,tamil
என் தமிழ் தென் நாட்ட அழிக்க  Sterlite hydrocarbon methane project இது எல்லாம் ஒன்னுமே கிடையாது  உங்க ஜாதி வெறி முன்னாடி. உங்கள சூட்டு தல்ரதுல தப்பே  இல்ல.,1,tamil
தேவேந்திர குல வேளாளர் மக்கள் சார்பில் இந்த படம் வெற்றி பெற மனமார்ந்த வாழ்த்துக்கள் தெரிவித்து கொள்கிறேன்...,0,tamil
ஒரு சமூகத்தின் மீது அனைவருக்கும் இவ்வளவு வன்மமா???,0,tamil
பாண்டிச்சேரி வன்னியர்கள் சார்பாக படம் வெற்றி பெற வாழ்த்துக்கள்,0,tamil
"அறிவாற்றல் கொண்ட, பண்பட்ட சமூகமாக உருவாகுங்கள். ஒருவரை ஒருவர் தூற்றுதல், நம் எதிர்கால தமிழ் சந்ததிக்கு நன்மை பயற்காது. யாருக்கும் அறிவுரையாக நான் இதனை கூறவில்லை, அதற்கான அகவையும் எனக்கு இல்லை",0,tamil
ரஜினியை ஏமாற்றிய முருகதாஸ்  உண்மை பின்னணி :,1,tamil
நீங்கள் சிலை ஓன்று திறந்தீர்கள் அல்லவா அது போலவே மயிராட்டம் இருக்கு ..  Ops Next தர்ம யுத்தம் @:- அம்மா வாங்கம்மா  உங்கள வச்சி செய்யரானுங்க,1,tamil
"பகவான் ஸ்ரீ கிருஷ்ணன், அம்மன் ஸ்ரீ  திரௌபதி இனம் நாங்கள் .... வாழ்த்துக்கள் ( திரௌபதி)  Team.",0,tamil
நீ போடா புண்டைபடம் ஓடாதடா உங்ககிட்ட ஆண்மையே இல்லடா அதனால் தான் டா அவ்ளோ தான் எங்ககிட்ட  வராங்க,1,tamil
#NGK !  உழுது பூமியில ரத்தம் சிந்தி அரிசி எடுக்கிற ஒவ்வொரு ஜீவனுக்கும் இந்த நாடு நல்லாயிருக்கணும்னு உழைக்கிற ஒவ்வொரு தொழிலாளிக்கும் எல்லாத்தையும் தட்டி கேக்கிற உரிமை இருக்கு மாஸ் வசனம் ! #NGKTrailer,0,tamil
ஐயா வெறும் teaserதான் பாே டுவீங்களா படம் எப்பாே ரிலீஸ்.,1,tamil
இத்திரைப்படம் வெற்றி பெற  தென் மாவட்டத்தை சேர்ந்த வெள்ளாளர் பிள்ளைமார் சார்பாக வாழ்த்துக்கள் என்னால் இயன்ற எனது சொந்தங்கள் உடன் உங்கள் படத்தை குடும்பத்தோடு வந்து பார்ப்போம் இது போன்ற நீங்கள் மேலும் மேலும் பெண்கள் பாதுகாப்பாக்கு காதல் என்று ஏமாற்றுபவர்களை குறித்து படம் எடுக்க வேண்டிகொள்கிறேன்,0,tamil
0:40 அடங்குனா அடங்க கூடாது னு எங்க அண்ணா சொல்லி இருக்காரு  (குருமா ) ஓத்தா நீ அடங்களே னா அடக்குவோம்.... மொத்த ஜாதியும் ஒண்ணா சேர்ந்து,1,tamil
சாதி வெறி பிடித்த நாயே செம டாயலக்.... நாடக காதல் கும்பல் கதறல்,1,tamil
ஹிப் ஹாப் bgm புடிச்சவங்க லைக் போடுங்க,0,tamil
அணைத்து சாதியினரும் (வடநாட்டவர் சாதி சங்கங்கள் கூட) கமெண்டில் ஆதரவு தெரிவிப்பதை பார்த்தவுடன் இந்த நாடக காதல் பொம்பள பொருக்கி  குருமா ப்ளூ பாய்ஸக்கு அடி வயிறு கலக்கிக்கிட்டு இருக்கும்...,1,tamil
ஒரே சாதியில் நடைபெறும் நிகழ்வுகளைதான் இதுவரை தமிழ் சினிமாவில் இருந்தது ...அசுரன் மாதிரி இரு சாதியின் வேறுபாட்டை சொல்லிக்கொடுத்து வன்மத்தை விதைப்பதாக இருக்க கூடாது... வாழ்த்துக்கள் படம் வெற்றி பெற,0,tamil
திரௌபதி ஜாதி மதம் இல்லாமல் அனைத்து பெண்களுக்கான படம்  தமிழக மக்கள் சார்பாகவும் படம் வெற்றி பெற வாழ்த்துக்கள்,0,tamil
வணக்கம் டா மாப்பிள்ளை திருப்பூரில இருந்து,0,tamil
ஆரிய வைசியர் சமுகத்தின் சார்பாக படம் வெற்றி அடைய மற்றும் சமுகத்தில் நல்ல மாற்றங்கள் நிகழ வாழ்த்துக்கள்.,0,tamil
இன்றைய காலகட்டத்தில் தேவையான மிக முக்கியமான திரைப்படம் திரௌபதி. நாடக காதலை தோலுரித்து காட்டும் இத்திரைப்படம் மாபெரும் வெற்றி அடைய வாழ்த்துக்கள்.  அண்ணன் மோகன் ஜி அவர்களின் எண்ணம் நிறைவேற என் மனமார்ந்த வாழ்த்துக்கள்.,0,tamil
"சாதிகள் உள்ளதடி பாப்பா : குலத் தாழ்ச்சி உயர்ச்சி சொல்லல் பாவம். என்பது 100/100 சத்தியமான உன்மை வார்த்தையாகும் ஏனென்றால் மதங்களையும், சாதிகளையும், மொழிகளையும், படைத்தது இறைவன் தான் ஆனால் அதில் உயர்வு தாழ்வை படைத்து ஆளுமை செய்வது மனிதன் தான் படைத்த பிரம்மம்  இறைவன் மனித குலத்திற்கு நல்வழிகாட்ட அந்தந்த காலத்திலும் ஒவ்வொரு மெய்ஞானிகளை அனுப்பியது அப்படி வந்த மெய்ஞான செம்மலாகிய மகத்துக்களே இதை எல்லாம் உருவாக்கினார்கள்.",0,tamil
விஜய் ரசிகர்னு சொல்லிக்கிட்டு டிஸ்லைக் பன்ன தூங்காம இருப்பானங்க போல,1,tamil
டெல்டா மாவீரன் அழகுமுத்துக்கோன் பேரவை சார்பாக படம் வெற்றி பெற வாழ்த்துகிறேன் என்னால் முடிந்தவரை என் சமுதாயத்தினர் இப்படத்தை பார்க்க வைத்தேன் என்றும் உங்கள் திரு சுரேஷ் யாதவ் கும்பகோணம்,0,tamil
"கள்ளக்குறிச்சி மாவட்டம் ,விழுப்புரம் மாவட்டம், கடலூர் மாவட்டம் .இளைஞர்கள் சார்பில் #திரௌபதி  திரைப்படம் வெற்றி பெற வாழ்த்துக்கள்.\r \rWe Proud Of Mohan Jiiiiiiiiii.",0,tamil
"இந்த வீடியோவை, டிஸ் லைக் பன்ன ஒரு நாய் கூட கமென்ட் போடலயே... ஒரு வேளை வயித்து எரிசல்ல டிஸ் லைக் போட்டு இருப்பானுகளோ......",1,tamil
முத்தரையர் உறவுகள் அனைவரும் படத்தை ஆதரிக்குமாறு கேட்டுக்கொள்ள படுகிறார்கள்,0,tamil
"ஒட்டு மொத்த குடும்பங்களோட மனக்குமுறல்களும் கமன்ட் ல பாக்குறப்போ தான் தெரியுது, கண்டிப்பா படம் வெற்றி பெறும், அதில் எந்த மாற்றமும் இல்லை. ஈனப்பிறவிகள்  அழியட்டும்.",0,tamil
கலகலப்பு அப்புறம் . நான் ரசிச்சு சிரிச்சு ஆழுத பாடம்....   100/97,0,tamil
உடம்பு சிலுர்க வைக்கிறது .தல கடின உழைப்பை காட்டுகிறது.,0,tamil
அருமை அண்ணா.! அனைத்து தாய்மார்கள் சார்பாகவும் இத்திரைப்படம் வெற்றியடைய வாழ்த்துக்கள்...!!,0,tamil
மக்கள் தலைவர் ரஜினிகாந்த் சர்ச்சை காட்சிகள் நீக்கம் கோமாளி படம் குழு  விதியோடு கூட விளையாடு தலைவர் யோட விளையாட தலைவர்,1,tamil
உடையார் சமுதாயம் சார்பாக இந்த திரைப்படம் வெற்றி பெற வாழ்த்துக்கள்.....,0,tamil
சமந்தா அப்பா மேல எனக்கு சந்தேகமா இருக்கு.,1,tamil
இது விவாதமாக மாற வேண்டுமென்று படமெடுத்த மோகன் அவர்கள் பங்கேற்ற விவாத  மேடையின் லிங்க் இத்துடன் இணைக்கப்பட்டுள்ளது....,0,tamil
#குடும்பர்_பள்ளர்_வாதிரியார்_நாட்டார்_மூப்பர்_கடையர்_பண்ணாடி_காலாடி_வாயல்காரர்_தேவேந்திரகுலவேளாளர் மக்களின் சார்பாக படையாச்சி க்கு ...   பெண்களை ஒரு கருவியாக பார்க்கும் அட்டகத்திகளுக்கு செருப்படி......   பிற சாதி நட்பு. சுய சாதி பற்று,0,tamil
35வகை பிரிவு நாயக்கர் இனம் சார்பாக படம் வெற்றி அடைய வாழ்த்துக்கள்,0,tamil
"எவன்லாம் காதல உணர்வு பூர்வமா பாக்காம,  அவனோட  உணர்ச்சி மற்றும் காமத்தை தீர்த்து கொள்ள காதல் பண்ணானோ அவனுக்கு அடிக்கின்ற சம்பட்டி அடி திரௌபதி.  கட்டப்பஞ்சாயத்து பண்ணி பணம் சம்பாரித்தவன் எவனோ  அவனுக்கும் தெரியும்  இது  உண்மை  கதை தான் என்று நடுநிலை நக்கிகள் திரௌபதியை சாதி  படம் என்று முத்திரை குத்தவேண்டாம்,  அப்படி சாதிய வட்டத்திற்குள் அடைத்தாலும் பரவாயில்லை திரௌபதி அணைத்து சமூக பெண்களையும் காப்பாள்.  #திரௌபதி",1,tamil
சிங்கம் தமிழ்நாடு அளவு    சிங்கம்2 இந்திய அளவு    சிங்கம்3 உலக அளவு    சிங்கம்4 செவ்வாய் கிரகம் தான் #S3TeaserCelebration,1,tamil
படத்தோட முன்னோட்டத்தை பார்க்கும்போது படம் அருமையா இருக்கும் என்று தோணியது...ஆனால் கடைசியா இது மணிரத்னம் படம் னு போட்டன் பாரு அப்பவே தெரிச்சிருச்சி.....,0,tamil
"சேலத்து வன்னியசிங்கம் சந்தனக் கடத்தல் வீரப்பன், வீரபாண்டியார்' இருந்திருந்தால் திருமாவளவன் பா ரஞ்சித் எல்லாத்தையும் போட்டு தள்ளி இருப்பாங்க படம் வெற்றி பெற வாழ்த்துக்கள் சேலத்திலிருந்து வீரவன்னியர் சதீஷ்.",1,tamil
மிரட்டல் வேர லெவல்.மதுரை தல ரசிகர்கள் சார்பாக வாழ்த்துக்கள்,0,tamil
எஹ்ஹ்... hero கருப்பு கண்ணாடி போட்டு குனிஞ்சு பார்த்துகிட்டு இருக்காரு...இது myskin படம் தான்....,0,tamil
