text,label,language_tag
Yuvan Shankar Raja Musical name ah full screen la podunga pa movie la. Fans kudukura applause ah appo paarpinga,1,tanglish
Finishing la sema kalai vechutanga phaa thalaivar fans yarulam gaanda erukeegaa,1,tanglish
"Konjam varusam munadi Varaikum jaathi prechana oonju irunchu ipo P.Ranjith, muthiah nu jaathi colour Poosi Samooga padamnu solli jaathi Veri ya Thirumba thoondi vidranunga ivanungala 1st direct pana kudathu nu ban pananum",1,tanglish
veraaa levllllll thalaivaaa.......avlooo young ahhh kaatirkangaaaaaa......antha style korayaaveee illaa.....peeettttaaa pongaaallllll thalaivaaaa....rajini fan sonale thani gethu thannnn.... thalaivaaaa..lveee youuuuu,0,tanglish
Movie kandippa 1day pakkanum vanniyar na yaarunu kaattanum,0,tanglish
Thala is Daniel Craig punda baadu is great thala mass scan oru Sunni paya vivegam will surely become hit.. apdina nenchingana nee oru mutta punda da ama kunjungala,1,tanglish
Diwali Karthi : kaithi Maran Maas  Bigil  : ? Comment,1,tanglish
Enna Da likes mukkitu iruku ? Aamai kunjukala where 🤣🤣🤣🤣🤣,1,tanglish
Average movie no interesting testing scene mauli copied movie,0,tanglish
Polladha boomi song yen movie la varala,0,tanglish
"Super song, mokka dance and video editing",1,tanglish
2:05 heyy ithu 96 yaara yematha pakkiraa.   bangam daaa,1,tanglish
Ulla porathuku munadi ena panitu irunthenu theriyathu la  n tat bgm,1,tanglish
0:50  Koyyala ennada kelvi.... Aadhan tukkitu poyitiye.......,0,tanglish
Vetri pera valthum Vijay Anna Veriyan,0,tanglish
Eppa dayi..ippodhan da padam pathutu varen.. Dhanusha pudikadhavanukum indha padam pidukum..enna acting da,0,tanglish
Visuals & Pradeep Kumar Voice,0,tanglish
Looks like male version of aruvi,0,tanglish
Ena da full ah malayalam comment ah ve irku,1,tanglish
Yov yaaru ya athu kadaisila Duplicate rajini aaduthu..Kizhatu kosu thollai Thanga mudiyala..,1,tanglish
Ehh... Ithu 96 yaaru yematha paakura 🤣🤣🤣🤣 loved that dialogue   Thalaivar paatharanu therlaye,0,tanglish
vera level but mattran style iruku...,0,tanglish
Ennangada cmnt full ah ...matha state aalunga tha irukkangavjs,0,tanglish
Indha trailera big bossla podanumnu ninaikkaravunga like pannunga,0,tanglish
2017 Speech Super Star. 1996 endru solavakiran Poramboku Director.,1,tanglish
0:12 vj look like jai smile,0,tanglish
Vere level daaa..... Katta waiting...lalettan--surya.... Supercombo....,0,tanglish
blood ta   thodakkira scene   semma,0,tanglish
Andha 1:55 min la varra dialogue uhh dislike pandra anils kku correctahh porundhudhu,1,tanglish
Enna pantringa like ah thatti thookunga,0,tanglish
Poda vennai ga la Vikram fans ellarum jathi veri pudicha va ga. Palla thayoli ga,1,tanglish
Unga ponnunga Enga Mela Asa padama iruntha sari,0,tanglish
Neraya neraya neraya  After hearing tis sapadu nyabagam vandhuruchi,0,tanglish
"Are you vergin?., first question is veraa level",1,tanglish
It's looking like a lifeless statue,0,tanglish
adichathu addi vanghunavanuke therriyakoodatha appo ethuku addikiree,1,tanglish
Surya lalettan combo teaser kiduki thrimirthu kalaki,0,tanglish
Marana kattu katitaru enga surya anna,0,tanglish
"Ajith solra Last line,  idha yavadhu pathu thirundunga da dai",1,tanglish
Thaiva sithu here phone pottu pakkathiga bhiyama iruku,1,tanglish
Enda trailer release aagi oruvarusham aachu atha solla oruthanukkum thuppilla. Kodiya pudichinga nattinganu vaikiliya nakkuringa. Pongada polappa parunga.,1,tanglish
Paatu super but ajith paadurathu Semma Asingama irruku...,1,tanglish
Dindigul viswakarma samuthayam saarbaka vazhthukal...... Oru aan magan edutha padam na athu ithuthan......,0,tanglish
Lol bigil trailer inum release agula...athukula kaithi n bigil compare panitu irukanga...,1,tanglish
Adv Lk lal krishna rolling on tamil,0,tanglish
15M views ku apparam paakuravanga like podunga,0,tanglish
Ena da pani vachurukenga AMMA va????.,1,tanglish
Marana waiting Thalaivaaaaa      Asuran entry soon,0,tanglish
"Thala mass, Neriya Neriya Neriya Neriya Mass dailogue",0,tanglish
Innaikku Nambathaan Daa Trending,0,tanglish
0:25 ennadaaa panraa.... 🤣 🤣 🤣 Acting ah da adhu🤣🤣,1,tanglish
Remake of hindi  pink movie,0,tanglish
"Suriya, Mohan Lal, Arya, Samuthirakani, Boman Irani, Saayeesha yellorum kalakkiitinga",0,tanglish
Climax thala plus yuvan bgm trailer terikudu,0,tanglish
Mr bean cartoon series la vara music ah bgm ah poturukanga da🤣🤣,1,tanglish
Appidi podu.. semma.. mani ratnam sir ..‍‍,0,tanglish
Thalaivara paaka!! Konjam Veerappan Maari iruku laa!!!,1,tanglish
Nerkonda paarvai trailer Bgm link THALA Fans support my channel pls,0,tanglish
0:38 iron man looks like Marvel entry styale,0,tanglish
romba pantringa da suthama nalla ve illa da konjam ma pannunga da,1,tanglish
Katta waiting in keralaa SK fansss,0,tanglish
Namma rajini ya comali agina mari theridhu,1,tanglish
Indha trailer ah dislike pannuna komali yaru!!!,1,tanglish
Deii ENPT ye release aagiruchu.. innum itha release pannama vachurukinga....,1,tanglish
Ghibran Musiq on fireee Chiyan Sirrr Omg Mass Look Ungalukulam Vayasu eh aagala sirrr Still Young,0,tanglish
With in one minute la pathavanga like panuga,0,tanglish
Pongalukku tharamana sambavam kaathukittu erukku... Verithanam overloaded,0,tanglish
neraya neraya neraya neraya neraya .,0,tanglish
16 varushamaa ? Appo meedhi 10 varusham ??,1,tanglish
VALIMAI therikkavidalama guys waiting trailer,0,tanglish
VarthayalaSola terla semmaya irukaaru surya anna,0,tanglish
Adei sun picture ivlo nal trending ilama sudden uh 2ku vandrcha,1,tanglish
Suriya Anna masssssssssssssssssssssssssssssssssssssssssssssssssssss Tha  I love suriya,0,tanglish
Kongu velllar gownder sarbaga vetri pera valthugal,0,tanglish
Innum one week trending la tha irrukanum,0,tanglish
Thanjavur Thallaiyaatti Bommai pola iruku final ah,1,tanglish
Dei padam edukuradhe konjamachu adha paathu arivu varum nu dhaan ipoyum vandhu suriya mass yuvan mass selvaragavan mass nu pesitu irukingale da.... Nanum moonu peru fan dhaan ana dhayavu senji adhula enna solranga nu paathu purinjikonga mulichikonga innum box office count padam oducha ilaya yaaru mass mairu mattu nu pesitu irukadhinga.....,1,tanglish
Rangaraj Banda irukaru apa rendu periya thalaigalum mothuna epadi irukum,0,tanglish
Dai intha teaser Ku dislike panna avala paithikaranungada,1,tanglish
Power star srinavasan fans hit like here. ..,0,tanglish
"Marana mass, Ayan movie Mathiri irukum nu ninaikiran.,",0,tanglish
Omg awesome... Awesome... Awesome... Luv u thaalaiva..,0,tanglish
Saguratha irutha sanda potu saganum yar kallaium vizla kudathu   No fear,1,tanglish
Ena da amma va kaatranu kanda karumatha laan kaatrenga,1,tanglish
Un like pantravanlam kantippa paraiyanunga thaan###,1,tanglish
Mass.....  Thala acting Vera level  Thala pola varuma..........,0,tanglish
Heavy mass item... Suriya Annan Oru reksha illaa... Bgm heavy.... Pwolichu aduki..... E padam industrial hit avum....,0,tanglish
Surya Anna ethula irangunalum vivasayathuku support pandraru angathan nikkuraru thalaivaru,0,tanglish
Ayooo... Thala marana mass.... No back ground bgm started... Ennala kantrol panna mudila,1,tanglish
Eppadina bigil trailera namma views reach aga koodadhu adhe,1,tanglish
Daii H. Vinoth nee enga da iruka aiyoo dheivam da nee,0,tanglish
Vera level trailer from SURYA ANNA....,0,tanglish
"#thalaivarfans put dislike all indha padatha edhirpathen romba aana ipo enna naane serupala adicha maari aachu, yenda unga publicity ku cheap ah behave panreenga... idha tamilrockers la kuda paka maten",1,tanglish
Vera level LA irukku... NGK bee rock,0,tanglish
Comment la periya pudungi madiri jaadi name ah podra pudingigala.....Apdi Enna peruma miru ? British vanda apo oombitu daney erundeenga,1,tanglish
Vijay epdyum intha madhri padam panna mudiyadhu so his fanzz kadupaagi dislike panranga...... mersal varatum ungaluku kiliyapodhu anil kunjukala,1,tanglish
1:20 Ena Da Panni Vachirukinga Dai,1,tanglish
Semma teaser varalam varalam va Bairavaa,0,tanglish
Chlm I am waiting for the movie love u my fev jeeva chlm ummaaaaaaa ummaaaaaaa ummaaaaaaa,0,tanglish
tamilrockers irukkum podhu namakku yenna bayam.....haha..,1,tanglish
Super star..naa. super star..thaaa.. marana wating.........daaaaaaa...vainga..daa. .maronam..mass..maranam..thalaivar.varanum...adhuku...petta pongal..thaana..varanum.... sathiyama. Sollren..aduchu...anrarveroda.  oda.vettruven.     ......,1,tanglish
Waiting raksasan mathiri innoru movie,1,tanglish
2021 election ku ippovae start panitingala da? Unga vote bank ah thakka vachika nee edutha ayudham ungaluku keezha irukuravana chitavadha panradhu approm nadaga Kadhal nu solra Perla unga vitu pona neengalae kevala padutharadhu. Oru jadhi la oru kudumbam mattum nalla vazha neenga ellam adichikiringa,1,tanglish
Vera level la iruku DHANUSH sir maranam bgm Bayagarama iruku,0,tanglish
Kille pogathengah rombe perru like kerthu cmt pandrangeh,0,tanglish
Brother evanukkum payappadathingaaa ... Nammala immune panna mudiyathu.....,0,tanglish
Kadavule intha padam vegu viraivil thiraikku varavendum vendikolgiren,0,tanglish
sadhi sadhi nu enda ippadi padam yedukkuringa,1,tanglish
Padam semaya irukum pola🤩 wow... trailerae alludhae!!! Comaliiiiiii jollyyyyy!!!!!,0,tanglish
Any idea about 8.8k dislikers? 🤔🤔,1,tanglish
"Ellam sari, antha thadiyan enna panraan?? Constipation moonjikkaran",1,tanglish
I amThalapathy fan I like surya Anna Also,0,tanglish
"Marabadiyum ajithukku sombu adikka oruthen vandhu irukan, already ajithukku sombu adichavanga Nelamy yella mosamaa thaan irukku andha listla ivarum join aagitaaru, ex: simbu",1,tanglish
This copy story Giri movie Konjam kuda matram ilaaa,1,tanglish
Hip hop thamila semma acting ....specipic ka laughing,0,tanglish
Padam name Petta Rajini sattaila otta,0,tanglish
Ipo  yarylam Thala tharisanam paka  vanthinga,0,tanglish
VANTHAL RAJU AH THAN VARUVEN KU pochuku samam daa NKP,1,tanglish
Naxal  Anti Indian  Terrorists  BJP sangis ah seruppala adikanum,1,tanglish
i think arun vijay is villian.,0,tanglish
அடிச்சு underwearஒட ஓட விட்ட்ருவேன்..what a style in dialogue delivery..,1,tanglish
Yuvan Bgm as Usual Pakka Mass,0,tanglish
Kavin frnd pradeep antony( in bigg boss3 he slaps kavin) hit like,0,tanglish
Amma saapta idli ye nerla vantha maari iruku!,1,tanglish
We need In Kannada as well..Dubb in Kannada too,0,tanglish
Dislike... Ellam ok... Lastla thalaivara vachu comedy pannringa...,1,tanglish
Saathi vena venanu  pona saathi venunu padamma da potato,1,tanglish
A SELVARAGHAVAN FILM... FD CONFIRM ONLY FOR SELVA SIR,0,tanglish
Hey Vijay darling  sir enga ena pandraru???🤗🤗🤗,0,tanglish
Inniki night kulla 800 k likes reach aagumnu solravanga comment pannunga thala rathangale ‍‍‍‍‍‍‍‍‍‍,0,tanglish
rajini mass my age 18 na rajini fan da,0,tanglish
Padu mokka..ithuku cartoon network la swat cats pathutu poirlaam,1,tanglish
Selva sir u r the genies,0,tanglish
Teaser looks good. Kv anand and vig in his movies never ending,0,tanglish
Vaa Thala vaa Thala vaa Thala I'm Waiting,0,tanglish
"Epa dai padama da idhu, vera level la iruku da, therika vetu irukanga marana mass",0,tanglish
Lighta adanga maaru bgm maathiri theriyuthu,1,tanglish
இன்றைய நவீன அரசியல் திரைப்படம் You choose the best flim  ALL THE BEST ILLAM PUYAL,0,tanglish
"Sivan aasiyudan Agniyil pirantha veera rudra Vanni maharajavin vazhi vantha vaniyar kulam sarbaaga thowpathi thiraipadam vetriyadaiyavum vanniyar perumaikalai innum pala thirai kaaviyangal uruvaagavum vaazhthukkal   Vanniyar vazhi vantha  Ungal  Sandiyar Krish  (A.Krishna Moorthy DCT,BE,LLB..,)",0,tanglish
"Athana patha, thala thalapathi..  Athu thane ulaga valakkam.",0,tanglish
Nee vaa...diwaliku unna meet panren...by bigil verithanamana veriyan,0,tanglish
Sema paa super  Jiiva  like it,0,tanglish
moodevi rakul preet irukaala ... padam velanguna maari daan,1,tanglish
Aani vear la erunthu aramikkurathu tha azhagu super surya anna,0,tanglish
U1 bgm Hero trailer-Comment Ar Rahman bgm bigil-Like COUNTDOWN STARTS NOW#,1,tanglish
Bigil update vidura time la ...🤗trailer release panna paathiya ....,1,tanglish
"Petta , viswasam Mass movies ellam onna vantha epadi  veetula kaasu tharamatanga bhaa epadi padam pakurathu!!",1,tanglish
sathigalam kidaiyathu oru mannum kidaiyathu konjam pazhanthamizhar meri vaazhunkada thamizhanai iru thamizhukakau iru,1,tanglish
Chiyaan vikram sir i like u r costume i like u r moment,0,tanglish
1996 la rajini yanga da arasiyal ku varen nu sonnaru....DMK+TMC alliance ku support dhana da pannaru...andha aalu thirupi yadhuvum kekamataru nu avan avan kalaikuran.,0,tanglish
.uyarntha sathi nu sollaravan  inathukku  6 arivu kidaikkum varai  India uruppadath Manithan 6 arivu petravan. sathithan perisu nu sollaravan oru arivu kooda illathavan .,1,tanglish
I like this song   Ossssam movie,0,tanglish
Vera level teaser na adu edu dan,0,tanglish
Semma acting surya anna I love you surya anna innum trending no1 kaappaan teaser,0,tanglish
STR FANS SHOW UR MASS BY LIKING THIS COMMENT. STR MASS . IN THIS WHOLE TRAILER STR SCENES  ARE FABULOUS  ...,0,tanglish
Padam asuran madhiri oduna na motta adichikuren,1,tanglish
Awaiting... Aiyo teaser semmaya iruke! <3 loved it... #ashokselvan #OhMyKadavule,0,tanglish
Petta superstarKu nanum fandhan but nan vijay anna fan,0,tanglish
neegro kila kunicha wig paranthurum ithula munji  ku rose powder vera,1,tanglish
Dislike ethuku da poduriga . Teast ellatha people...,1,tanglish
Sahoo teaser ah namma break pannanum,0,tanglish
"Vera leval bro, unmaiya sollurainga super bro",0,tanglish
1:42 par thoda vfx ki kami lag rhi h bhai,1,tanglish
Yov vera level la yeduthurkingayaThat kizhinji pona jeans,1,tanglish
Thala thala la la la la song is awesome,0,tanglish
Nee mothurathu enkitta illa..eman kitta..mass mass,1,tanglish
50+ Times..!!   STR  VJS  Arun  Aravind,0,tanglish
Thala dialogue delivery vara level marana waiting NKP movie,0,tanglish
Thalaivar Dhanush kola Mass #Asuran,0,tanglish
Inga heartily wishes comment pani like vaganumnu avasiyam illa nalla iruku appreciate panurom unaku pudikalana sethupo,0,tanglish
"Neenga ellarum jaadhi Veri pudichi kadharum podhu dhaanda indha sanginga marupadium paarpan munnadi nammala adimaya vachirukuradhuku nalla help pandringa .... Aana onnu evanum Tamil patru kidayaadhu adha vida jaadhi Veri dhaan mukkiyam devar,ambetkar ivanga kooda indha madhri jaadhi Veri pudichi theiriyala ellarum onna irukanum nu dhaan aasa patanga aana neenga dhaan da avangalaye Oru jaadjikula adachi unga arasiyal labathikagavum suya perumaiyagavum use pannikureenga",0,tanglish
Trailer pathu veri aetha varavanga yaravathu..??!! Waitinggg,1,tanglish
Ne nala actor than othukura ana thalapathy kuda poti podra alavuku ne avlo periya aley illa,1,tanglish
Hey vera level irukiya trailer. Treat for 90's kids,0,tanglish
Rajini nai epa irunthu emathuranu therithu,1,tanglish
Namba Achi Varum la ?....Varum Paru,0,tanglish
Here before 1000  views,0,tanglish
Nangalum kola gandula irukom movie paakka,0,tanglish
Serial la nadika vendiyavan innum film la nadichikitu irukan,1,tanglish
Unmaila suthantharatha British kiterundu vaagi arasialvadhiku koduthutom,0,tanglish
Namba Pullaingo yella Ipo ingatha erupanga. Thalapathy 64 Director la,0,tanglish
My support for this movie by kongu vellala goundersss (Namakkal ),0,tanglish
Mothathula viswasathuku bulb kudukkurathukagave yedutha mathiri iruku,1,tanglish
massive cut jai #thala JAI #pspk,0,tanglish
thalivaaaa cool i go to cinema,0,tanglish
Surya Annan and Mohanlal sir,0,tanglish
Happy Diwali force ....Merattala irukku po....,0,tanglish
Batsman movie la scene eduku copy panirkinga,1,tanglish
I sponsor 100 tickets for my friends,0,tanglish
Pink ku compare panne idhu oru mokka,1,tanglish
Ithana time naan yendha trailerum ipdi paathadhilla🧐🧐🧐🧐,1,tanglish
Thala mrg mutha unatha first pakura gud mrg,0,tanglish
dai punda pudikalana odi poiru una yaru nakka sona,1,tanglish
Enna da light ah #kanidhan padam vaada vardu 🤣🤣🤣🤣,1,tanglish
Thalaya minja evanum enga ella thala than king maker,0,tanglish
"After seen Bigil trailer , better be in jail kaithi",1,tanglish
Padaam pathuty vanthutu trailer pathavanga oru like poduga,0,tanglish
Police karan kudumbatha govt pathukum unoda pillaya yaru na pathupa#Kaithi intense trailer sure BB & Tough competition @Bigil,1,tanglish
semma mass pokka super  super star vijay anna da,0,tanglish
Vijay sethupathi chlm kutty.. .. Ummmmmmmmmmmmmmmmmmmm,0,tanglish
Super Enga Thala pakka mass cfrm vera leve,0,tanglish
Indha Diwali peria Sambavam pannum pola Kaithi Karthi attitude,1,tanglish
THALA vaera level   Summa adhuruthu,0,tanglish
Thavam trailer ah Vida petta trailer super.....,1,tanglish
etho irukku after citizen thalai yoda Argument semma waitinggggggggggggg Thala is Back,0,tanglish
Our next non stop at 10M views n 600K likes sikkirema Suriya veriyans,0,tanglish
Tharpothiya nadaimuraiku thevaiyana oru padam  Vetri pera vaalthukal Mohan ji,0,tanglish
Kinda reminds of tamil movie jil jung juk,0,tanglish
Petta parraaaaakk like for petta - comment for viswasam,0,tanglish
Vijay Sethupathi ke ino build up panirkalaam,1,tanglish
"Trailer eh paakum pothu purithu, Thalapathy64 Semmaya irukkum pole",1,tanglish
Theme parthutu again trailer parka varavanga mattum like pannunga,0,tanglish
That padipu dialogue.... Get ghoosbumbs..... Azhiya Selvam...,0,tanglish
just 88k likes to reach 500k likes,0,tanglish
Rajini ku etha veda பெரிய kevalam 1um irukaathu,1,tanglish
ethukku DA  naye katthara pundamavane surya,1,tanglish
Romba waitingla irukum sikkiram release pannunga ....!,0,tanglish
1:20 Teejay va yaarellam notice paneenga?,0,tanglish
Sarkar padam nov 29iku mel odathu aduku iduthan proof,1,tanglish
Entha theyuudiya payana da dislike poduran enna pundiku da nee pakkura otha kuthi,1,tanglish
Ivanlam oru aala nu soldravanga like pannunga,1,tanglish
"2017 Dec munnadi, thalaivar naan arasiyaluku varuven  nu sonna oru video proof uh kaatunga  ?",1,tanglish
0.58 to 1.16 Super Lover Boy Rajini..........,0,tanglish
Padam veliya vanthaa hit... And win,0,tanglish
akshay kumar as shiva kumar,0,tanglish
Vikram sir efforts are best but stunts scenes nenacha dhan bayama iruku,1,tanglish
Mass thala  yuvan bgm,0,tanglish
Namma tamil cinema vooda getha kattanum,0,tanglish
Marana mass intha Diwali entha padam vanthalum Naan kaithi ku than poven,1,tanglish
Kangana Ranaut is my fav star,0,tanglish
Pods Thaathaa  Mokkaiyaa Irukku,1,tanglish
Ponniyin selvan aka CCV vjs-Vanthiya thevan Aravindaswamy-athitha karikalan Arundel vijay- arul moli varman.,0,tanglish
dis like panna thaviteya mavangala unga amma va oru than othu gitu iru pan avana poi pannunga,1,tanglish
Marana mass ah irukke...song um trailer um...saavadi,1,tanglish
Sarr  wow  super  super  movie   kartik sar,0,tanglish
Best trailer ever seen after Vijay trailers,0,tanglish
Oruthar mela neenga viswasam katrathukaga innoruthara en neenga asinga paduthureenga. vera level thala,0,tanglish
all sombu nakki ithuku protest pannuvangale,1,tanglish
Erukura unmaya  sonna Yanda ungalukula kovam varudhu,0,tanglish
Penmaye..! Entha soolnilayilum parai pandrigalai nambi sendru Vida vendam..!,1,tanglish
Onnum puriyala aana Editing seema. Mass teaser.,0,tanglish
is it manivannan in 0:26 ???,0,tanglish
Neenga sariya vela seiyalana enga kudadhaandaa varuvalunga,1,tanglish
viluppuram enga mavattam athula nallathu athikam. ellarukku thirumbau nenikira sollama ma solra.pada,0,tanglish
yaaru evan galaxy star vimal maari irukkan,1,tanglish
Psycho movies Tamil la yum iruku daaw,1,tanglish
"Hahahahahahaha now you tube is now fire.., chiti 2.0 loaded",1,tanglish
Thotta therika therikaVetta vedikka vedikka Varanda....THERI..........Mass thalaivaaaaaaa,0,tanglish
Surya Ku pair illa ya ?,0,tanglish
#Teaser_na_ipdi_irukanum   bangam...  Thalaivaa...block buster aagaaa vaazhthukal...,0,tanglish
"I watched more than 20 times ....semma verithanam......naaga komban,marudhu apdinu padam edutha jaadhi padam.............o..a kabali kaala padam yedutha puratchiya.........saavungada......gomala...poththikitu iru Movie background colour, tat silambam scene t-shirts and font color shows the vanniyar kulam flg colour..........respect from devar kulam........padam miga periya vetri pera vazhthukal.....",1,tanglish
super...duper..hit..   i like it,0,tanglish
70k like and 70k views,0,tanglish
Padam oothapoguthu... Niraya  padam intha maari vanthu poiduchu,1,tanglish
Yarukkellam aanadhi speech modulation Pathu y blood same blood mind la vanthuchu,1,tanglish
Oruthar mela visuvasam kaatrathurkaaga inoruthara Yan asinga paduthiringa ... Sema thala,0,tanglish
Poga da madda nallave illa su,1,tanglish
Kudumbatodee nanga nadu rodilee nendalum aduk Karanam nee madum tha : I cannot find seriousness,1,tanglish
60K likes left 500K likes faster guys speed ethengge,0,tanglish
Bgm my fav Beethoven fur Elise,0,tanglish
3:22 OPS Theriyum athu yaaru OOPS🤔,1,tanglish
Kavalam mulamaha siruthaya adithu oda viitar athupola kaithi bigil mulamaha oda vida pohirar illaya thalapathy vijay,1,tanglish
Innumada chaathi ya pudichi thonguringa.... Nammala chaathi sanda poda sollittu vada Indiana fulla Tamil Nada    pudikka mudivu pannittanunga,1,tanglish
Pongaluku aattamum irukku allaparaium irukku  Yar yarku purunchu avunga mattum like pannunga,1,tanglish
That bgm goose bumps.. ring tone vaika poran,0,tanglish
Ethirpartha aluvuku illa trailer apurum Vijay Sethupathi ku kaga pakalam super star mass illa intha padathulaa koncham kamipanitingaa,1,tanglish
0.48 dhanush Anna acting beast level nu solravanva like ah podunga,0,tanglish
Bro.... august  8 ku release  panunga ajith padam flop akum....,1,tanglish
"Adichi underwear oda odavida porom, naam thamizhar",1,tanglish
"Super o super thalaiva...... Ella scene num Mass thailaiva,Neenga eppavume style King thalaivaaaa.Super star  Rajini na Massss....",0,tanglish
Padathukku mass kuduthu irukkinga Selva awesome,0,tanglish
Omalla mass u da ! Gethu da !,0,tanglish
Kola Gaandula irukken mavane odiru.. Phaah Dialogue delivery chancey illa..,1,tanglish
Happy to see rajini fans katharals,1,tanglish
Semma trailer Padam semmaya irrukapothu from Thalapathy fan,0,tanglish
Selva sir  semma and surya bro,0,tanglish
20 tyms Mela pathutan paka pakka weri aawuthu aiyo thalaiwaaaa ne engaiyo poita deiwamey,0,tanglish
Yokipabhum komavukku poitar pola ithu 2016ஆம்......but trailer sema...,1,tanglish
Trailer eh pakka entertaining... Movie kandippa pakkanum,0,tanglish
Sema moklaiya iruku sry but suriyavuku ipa oru hit venum intha movie hit akanumnu nenaiketen but teaser nallarunthuchu trailer antha alavuku ilaye yen,1,tanglish
"Inga ivlo roshapadravanga Coimbatore la athanai pengalai emathunanga, torture panangale athu thn 'nadagakaadhal'. Atha yarum kelviye kekala... avunga kadharrna satham unga kaadhuku kekalaya... Oruthan senja thappuku otumotha samugathaye en ipdi elame target panringa... Yarukuya venum kaadhalam... Avan avan kudumbatha pakave inga mudiala... Plz don't spread hatred... Tamilan nu ore kurala maarthati sonnom jallikattu protest la... Ipo ena nilamai...",1,tanglish
1:08 Enna karumamda idhu.. Andha amma pei ya vandhu unna sagadikumya vijay,1,tanglish
Padam parkkamal our mudivukku vara naan thayaraga illai kandippa ithu oru jaathi padama irukkathu cement la kathura yella paithiyathiyum seruppala adikkura mari oru padamathan irukkum nambuvom🤔,0,tanglish
Vera level...trailer waiting 4r movie....finshing super... kolaaa ganngula irruken sema ...,1,tanglish
Iam Kannada fan's  I like you,0,tanglish
so nerkondaparvaiya kadhara kadhara karpalika pogudhu comali best wishes from 90s kids,1,tanglish
"I'm a die hard makkal selvan fan, trailer semma, simbu BGM gethu",0,tanglish
Sam cs name kaaga vanthan..music epdiii iruku nu parka,0,tanglish
Yanda timeline pic 1st biravala Vijay panunathu.atha copy Pani pettala hare stiyl ha Kathi rajini panuna ipo nenga 2haum otukaki potrukingale ethu Yana polapuuu,1,tanglish
"Looks like another jathi vendam, olige, bla..bla...bla... movie. Hopefully im wrong.  Religion, jathi, race, etc vechu politics. Politic'kage mis-use pannarathu tappu sollrathu vithutu they found best solution tat is religion olige, jathi olige, innam olige.. idiots.  Yethuvume valge, olige solle vendam. Nalla olukum, gud values irukere tamilan'na valthal pothum.",1,tanglish
Kongu mandalam sarbaga valthukal director thiru mohan,0,tanglish
Dei..ennada graphics idhu..sakthiman maari pesran akshay kumar,1,tanglish
Lusu pasangala last ah ennaum sireka vachutenga da🤣,1,tanglish
6.8 Million Views and 400K likes,0,tanglish
Sema mass thalaivaaa. Thank u karthiksubburaj sir,0,tanglish
Best ever flim in 2019 after super deluxe,0,tanglish
Extrodinary teaser woww wow wow,0,tanglish
Thirumangalam  pillaimaar samudhaayam saarbaaga padam vetri pera vazhthugiren,0,tanglish
Oruthan ukkarunda...........?? Ratham patha payalu aana endru..Ivan sadharana aal kedayath  What word that???,1,tanglish
Ajith mental fans oru logic kuda kandu pudikka  therila neengalam mental and katharal thirupi thirupi nirubikiringada emotional la aathiku 🤣🤣🤣🤣🤣🤣🤣🤣 1:crying 2:angry Ithu avanuku vantha siriputha emotional solraanga atha kooda therila mental Aamai fans Da neenga Ana emotional la neenga mental thaanda🤣🤣🤣🤣🤣🤣,1,tanglish
Suyama sinthikka therinjavan thaan HERO...But Athu Ni(Kaakkka Keyan) ilaaaa🤦‍🤦‍🤦‍,1,tanglish
kotha un padam wast da mokka da,1,tanglish
BGM poda sonna varan varan poochandi song la Vara first edit panitapula....,1,tanglish
Pokkiri raja mathiri illama irundha seri thaan,1,tanglish
Aditio Rao fans oru like podunga...,0,tanglish
Thala court scene marana mass dialogue delivery super duper hit,0,tanglish
"High voltage naadi, narambu, rathathile ooripona oru veriyanukkuthan thalaivare ippadi azhagupakkamudiyum..",1,tanglish
ayyo nanga ninacha thalaivaraaaa screen la pakka poraaa jan10th   superrr starrrrr marana masss tnqqqq karthik subbraj anna,0,tanglish
Oru pombala illama  Tamil nade naasama pochi,1,tanglish
"Aduthavanga music podamataru ilayaraja, what have now did it",1,tanglish
Aiyo thalaya romba late ah parkaran.... Sorry thala,0,tanglish
Tamilrockers la paatha verithanam ah irukum pola,0,tanglish
Kandipa kaithi hit agum I am thalapathy fan,0,tanglish
Sun pictures liker  hit like,0,tanglish
Eppaaa ennada comment box la varum jaathi pundayave iruku!!  Manusana parungada padam puriyum...,1,tanglish
Thalaiva kola Mass...  Therika vitutugaa...,0,tanglish
Video super mass mass mass mass mass mass mass mass mass mass mass mass,0,tanglish
Sunni haters 51k dislikes ? Pepundes wait just wait your turn !!,1,tanglish
Ella movie um KGF aaida mudiyaathu da,1,tanglish
Movie release aagathu... Kastah Kalam producerku..,1,tanglish
Great Insult To Madam Jayalalitha...,1,tanglish
Adappainggela... yaruda neenga... shankar sir,1,tanglish
Selvaragavan and yuvan fans like here,0,tanglish
Thirunelveli slang um pesran ya indha manusan,0,tanglish
MERSAL...VISVASAM       VERA LEVAL...,0,tanglish
Ithu enna sarkar 2 va.....,1,tanglish
Vijay nee Priya ve kalyanam pannikko.aalapporan tamilan right naan un kudave iruppen .....,0,tanglish
21k views 118 k likes wtf,0,tanglish
Ippo Yana pana poram? Sweet sapada poram love you thalavaaaaaaaaaa,0,tanglish
Oly for yogi babu.     Sir..............,0,tanglish
Ngk like   Kaapaan Cmt  Kerala surya fans,0,tanglish
Yaaruda moonsooru vaayana joke ku edukkirathu santhaanam illathathaala intha moonsooru vaayanta mokka comady ya paarka vendiyatha irukku 🤮🤦‍,1,tanglish
"Kola mass0:56,   1:31,    1:41. Vijay Sethupathi",0,tanglish
Dislike pottaven la ratham kakki saven,0,tanglish
Super star fans     From telugu,0,tanglish
Oruthar Mela viswasam kaatrathukkaga innoruthara yen asinga paduthuringa,1,tanglish
Odatha padathuku ethukyda ivlo build up? Inga saathi support pandra thaayoligal oruthan kuda theater ku pomatan  Pollachi case la matunavan ena dalit ah? Mudinja avanugala vetungada pakalam potta saathi veri thaaiyoligala ilana podavaya katindu orama ukarungo,1,tanglish
"phoenix paravai ericha thirumba varum nu theriyudhulla, apram en erikka... vetti kolambu vachi thimbiyaaa....",1,tanglish
Kaapaaan and NGK double treat love u surya anna,0,tanglish
Sariya na concept  movie block buster aga tirunelveli KONAR payaluka sarbaga valthukkal,0,tanglish
Ennada padam edukkuringaa..  thuff padam nalla tha sollitharanum..  aliyarthukku valikkuringaa..  mannu ponnu ungallukku mattumaa??  Ninga yaru nanga yarudaa??  Ellarum manushan thanadaa..  ningathanda ippo jathi verubadu pakkuringa,0,tanglish
Like more comment more share more,0,tanglish
gommala idhan padam.bigil lavadhu mayiravadhu.sema weight diwali this year,1,tanglish
Thala daw.,0,tanglish
0:57 Jayalalitha nu Rajapaattai movie's Akka va kaamichu vachurukkan?  🤦,0,tanglish
10.5 m 3 clock kulla varuma,0,tanglish
Yen 2.0 tamil trailer CBFC certificate la U nu pottutu hindi CBFC certificate mattum U/A pothu irrukanga,1,tanglish
Antha last dance scene...... rajni sir semma ...... evlo mass scene irunthalum antha scene vera level ya🤩🤩,0,tanglish
Marana Mass Nadippin Naayagan SURIYA ...,0,tanglish
Looks mass! Therikavidanga ji -Thala veriyan,0,tanglish
1:55 sema thala super ah sonninga,0,tanglish
WHO IS BADLY WAITING FOR THIS MOVIE?,0,tanglish
Like hit superstar rajni kant sir  Akhsay sir and shanker sir  Like hit,0,tanglish
Mass ke mass vera level trailer  meralavitutinga thalaiva dialogue pichiuduringa,1,tanglish
0:59 naaney one second bayanthutan thala yah paathu,0,tanglish
yepppaaa pichutanga da... semma congrats siva team...  yov enna nu pakkama dislike pannathinga ya...,1,tanglish
Hats of Yuvan sir awesome bgm,0,tanglish
Dei kadisiya style dance ah parunga da... Ayyo sema... Thalaiva cuteness charisma fight sequel banged comeback...,0,tanglish
Neengal solvathu pol anaiththu keel saathi ina ilangargalum ithu pol nadanthu kollavillai. Aanal Ella uyar Saathiya vaguppinarum.....pariyerum Perumal Pola..... asuran Pola nadanthu kondirukkindranar.,0,tanglish
Suriya anna fans hit like,0,tanglish
dhanush anna kola maas   edukangada award a enga thalaiku,0,tanglish
from 1:33 to 1:50 semma massssssss,0,tanglish
Surya fans kerala just like here. All best NGK team,0,tanglish
inda ketup namma thalaki set aahathu,0,tanglish
"Thala fans na dislike panitu mokka comment podanum nu illa , pesama iruklam  - thala fan",1,tanglish
"Thala fans laam , Podraa like  aaa.....",1,tanglish
Yen Anne yen ipdi pannitiye release panradhu konjam kuda solllame che,1,tanglish
Superb he look like salman khan little bit,0,tanglish
Kangna is so beautiful  girls,0,tanglish
Bigil satham ketta ella kaithiyum amaithithan,0,tanglish
Robot kuda romance pannuthu singles nangalam saga vindithu tha polla,0,tanglish
BGM therika vitirukaaru yuvan vera level ajith,0,tanglish
1:06 santhanam's friend looks like ratatouille hero...Like if I make sense,0,tanglish
Thala nenga neraya neraya nerayanu dialogue pesum pothu unga voice apadi oru gambhirama iruku.,0,tanglish
Kanmadham cinemayile manju chechiye orma vannavar undo?  Love from Kerala,0,tanglish
Padam Vara level.. bigil trailer ah paapoom..,0,tanglish
Yenakkennamoo Dark Knight patha mariyee irukku,1,tanglish
Thevadiya luku porantha Pundachi magan tha dislike kudikuran.... Dislike ku  porantha paiyagula...,1,tanglish
Ethukkuda ivlo actors hypo....thalaivar padamna avar matumtha  irukanum...,1,tanglish
Dai yappa naa thalapathi fan but itha patha udanai mirandudan vera vera vera leval I love you now  ķadhuirupom maganadigan,0,tanglish
payam da unakku  thipavali ku vara......,1,tanglish
Punda teaser... S3 Oru myre illa Singam Asingam Surya polaydii monne,1,tanglish
Mani Sir vera level la try panirkapla,0,tanglish
Guys Dailyu Atleast 10 times aavathu paarunga please views romba kamiyya irukku,1,tanglish
Villuppuram periya kalani thanda villuppurathula massu negka illa,0,tanglish
Engalin Isai Kadavul ISAIGNANI oru Sakaptham enbathai nirupikkum Manrum oru Padam.Exemplaru BGM,0,tanglish
Surya illa en thalaivan selvaraghavan than da pakka mass,0,tanglish
Enna panna porom sweet sapda porom....,0,tanglish
Matha actor la Vera level na Niii top level Thalaivaaa,0,tanglish
marana theri otha savunga da ali pans,1,tanglish
Super sk Anna super tailar super hero,0,tanglish
Nerkonda paarvai trailer review -,0,tanglish
Katthi teaser maathiri. iruku. Semme thalaivaa,0,tanglish
Eppadi dhan dis like poda thonudho,1,tanglish
this looks like old thatha song for thatha thala fans da...hahahahahahahahahahahahaha..,1,tanglish
super star rajini fans like here,0,tanglish
Soori illama iruntha movie supper hit,1,tanglish
Vera lvl la eruku trailer....we are waiting....,0,tanglish
2:18 thalaivar dance repeat mode. super....!,0,tanglish
Thala we R Eager.... Plz Never Ever Give Up,0,tanglish
5.7k Real Comalis are 2k kids,1,tanglish
Yaaru intha 80k dislikes! Antha 80k Kaila kedacha sethanunga,1,tanglish
R u verjin unga amma thada verjin...,1,tanglish
Rajini looks Vera leval in tis,0,tanglish
semma...pakka...kola mass...therri...perfect title...thalapathy  Ajak pans thevdiya pasangala apadiye vorama pongada amayanzz,1,tanglish
oodumbule THALA thanda main .....mutta passungala..,1,tanglish
Trailer Vera level summava logesh kanagaraj oda script ku thalapathy ok solliruparu,0,tanglish
Raashi khana va mokka pannidhadinga Nevetha pethuraj heroine na pottu .appuram padam flop dhan,1,tanglish
Going to beat bahubali..fr shankar sir.....tamizhanda,0,tanglish
Pakkathane pooreee indhe kaali odeee athathe......,1,tanglish
#BoycottComali #BoycottComali #BoycottComali #BoycottComali #BoycottComali #BoycottComali #BoycottComali #BoycottComali #BoycottComali #BoycottComali #BoycottComali #BoycottComali #BoycottComali #BoycottComali #BoycottComali #BoycottComali,1,tanglish
Sweet sapdrathuku munadi sugar matharai podanum,1,tanglish
Anyone waiting for kadaram kondan trailer,0,tanglish
kadaisiya kadhava saathuradhu namma kadhir ..bro ...heeeeeee hee,0,tanglish
Dislike panninavangala Adichi underwear oda vittudanum.,1,tanglish
Athu epdi Thalapathy movie vantha romba sirikirathu thala movie vantha kammiya sirikirathu athu Ellam equal tha pannanum,0,tanglish
Vera lvl trailer ye bangam ah irukku. Movie epudi irukko.....#waiting fr comali semma fun with trailer,0,tanglish
En daa deiiii VJS irukaru avaruku dialogue kanum pakathula irukavan pesrannn ena da ithu,1,tanglish
nice vijay Anna we r waiting ummmmma,0,tanglish
2:01 was it vasigaran or akshay kumar?,0,tanglish
GV..pesama nee music laye irupa..athuthan unaku Nalla varuthu..,1,tanglish
Harris Jayaraj sir bgm WEIGHTU DHOOLU !,0,tanglish
potta anil fans ellam seththinga daw,1,tanglish
Rajini dhan eppovum super star. Seeman ellam waste P,1,tanglish
Pala varushama food serving soon laye iruku aari poirukume......,0,tanglish
Pongal ku varuthu PETTA  on that day podura VETTA,0,tanglish
Idhuku munnadi vandha teaser evalvo paravala idhu romba mokkaya irukku,1,tanglish
1st Indian movie made like a Hollywood movie...,0,tanglish
no 4k? dai sarkar ke4k inche da .im disappointed,1,tanglish
Unnathamana  characterukku arumaiyaka thannnudaiya unarchikalai velipaduthiya engal mr. ajith sirkku mikka nandri,0,tanglish
Gommalakka veara leavel lla iruku,1,tanglish
Yenda ipdi veriya yethi makkala pirikiringa....Che..,0,tanglish
Teaser maasu maranum.. Athukku avantha poranthu varanum,0,tanglish
therikka vittanga trailer eh ippadina padam eppadi irukku marana waiting,0,tanglish
Pink Trailer 69K likes Ner Konda parvai Trailer 560K likes,1,tanglish
Remake of pink  movie ..,0,tanglish
Vera level marana waiting for kaappaan,0,tanglish
Konjam othingiru.. odi pathingiru.. varrathu Thalaivaru.. Petta Parak...,1,tanglish
Thala always massss ayyyoooo yana acting,0,tanglish
205k likes suma alludhu thalapathy,0,tanglish
thala daa lvu uu Dr Aajith        aji fan da na  sarvival,0,tanglish
0:31 .. ena edappadi palanisamy la nadichurukaru,0,tanglish
Kaithi dan diwali winner nu solravanga like ah like podunga,0,tanglish
Waiting for 2 million likes varum solravaga thala fans hit like button,0,tanglish
Thalaivaa i am waiting SIVA ANNA,0,tanglish
Idhu Beethoven music la. Idhula enga da Ilayaraja vandaru,1,tanglish
Yaanda DISLIKES Pandrige......  Thala DA........ Thala pola varuma ..,1,tanglish
Villain BGM - Man of Steel (Superman) du ache.. edu Siva ku irunda nala irukum,1,tanglish
Objection u r honour epiko 123 ahmmm tangaluku teriyadha Satam onum  ilai🤣,0,tanglish
"Thala Da ivara minja Evanda aaa??? 28,6,2019, pm 5 ,15",0,tanglish
Str and aravind samy vera level,0,tanglish
Inga ellarum saamy2 trailer aa paathutu varavan dhaa,1,tanglish
Valthukal karthi for disaster kaithi,0,tanglish
Vesi come trailer utter flop Padam ASHIT Badu.....,1,tanglish
I am thalapathy veriyan  karthi sir vera level,0,tanglish
Pppppppppphaaa... Thaaru maaara eruku ... Surya always mass,0,tanglish
Director bro endha prachana vandhalum paravailla bro,0,tanglish
Naan rajini fan illa.. But can't wait. Our old vintage rajini,0,tanglish
ennathu paakurathuku chinnapayana dai ungaluke konjam overa theriyalayada🤔🤔,1,tanglish
Bgm Vera leval how many likes,0,tanglish
Idhu saw paduthula irundhu suta mari irukuyae,1,tanglish
movie vara level la Erika poguthu,0,tanglish
Semmaaaa 90's Kids Ku indha movie Dedicated,0,tanglish
Music summa adhirudhu ar rahman na sumava,0,tanglish
@sun TVepo deleted scenes of petta release Panna poringa?,1,tanglish
End dialogue eda kuda ma erukae..,1,tanglish
nee yenna vasul mannana  mass 100% true,0,tanglish
Rajni turn into akki in last,0,tanglish
Vellalar inam sarbaga vetri pera vazhthukal,0,tanglish
Iva partha jayalalitha oda koode nadantha sasikala mathiri iruke🤔 endrath enak mattum thaana thonnidchu🤔,0,tanglish
Solla vaarthaikale illana..... Romba santhosama irukku marupadiyum oru nalla movie la paakurathuku.....vaaranam aayiram movie ku aparam intha trailer ku,0,tanglish
Ravi Anna I love u so much,0,tanglish
Mugamoodi part 2  maari erukkum pola,1,tanglish
dear thalapathy fans unge hero kku kathai choose panne teriyame mokke movie yave nadikkiraru... Athukku yen enge hero ve pathi kandathanama pesi ippadi thuppu vangikiringe??? Thale veriyan from Malaysia,1,tanglish
Dei ara loosu koodhigala.. 96 la rajini politics varuven nu sollave illa.. idhunga loosu thanama teaser la podraan na.. vekkame illaama ellaa thaayolingalum #comali team ku oombi vidraanga ...,1,tanglish
Amazon webseries modern love Mari iruku.,1,tanglish
Krish la vera costume marae irukku...🤣🤣🤣,1,tanglish
Vijaysethupathi dialogue pesalanu Yaru Yaru feel pandringaaaaa,0,tanglish
Ivalom mokka movie naa ithu vare pakkale,1,tanglish
Dislike panavangalam 2k kids ah tha irupanga🤣90s kids always best,1,tanglish
keep doin good movie...;)  love u...,0,tanglish
viswasam trailer ah pathutu enga vanthavanga yaravathu erukingala,1,tanglish
Awesome ......  1:19 Mass look,0,tanglish
I am not a rajini fan but this is OMG  Pettaparaaaakkk,0,tanglish
"Maraaana masssss ,... Yappa innu Yevlo young ah iurkare .... Semmaa",0,tanglish
Adi pavingla... Teaser Vera level..,1,tanglish
Elaam Avan seyal part 2 vaaa,0,tanglish
Ponnu mannu renuthu Mela yevan kaiya vachaalum kaiya vettuvom,0,tanglish
Who is best kanganga Or hritik,0,tanglish
social message pesuravanlaam vijay aaha mudiuma da,1,tanglish
Iron lady a ippadi dholakpur chutki akki vachrikingale.  Oru fire illaye.,1,tanglish
Vera level bro.... Vera level.... Best  trailer for 2020...,0,tanglish
Petta  poteringala anna end lover kanti please anna,0,tanglish
first dialogue crt ah VJS suit aaguthunu soldravanga la like here,0,tanglish
"VCK thazhthapetta makkalukke apamanam hindu virothi karuma  Don't hate all bc , obc Support drupathi",1,tanglish
Pak ka thana pora entha kaaliyoda aadatha,1,tanglish
BGM like Nkp va modhiparu (yuvan),1,tanglish
Mass hero va aaga 1 percent kooda laakki illaatha Oru moonji,1,tanglish
Ha ha ithu 96 yara emathringa bangam :),1,tanglish
Ayyyo thalaialva Vera lvl confirm ellaflrume RAJINIFIED,0,tanglish
really hats off thala....romba kasta patrukinga intha udamba vachutu...but trailer teaser alavuku ila...please  romantic scenes matum kuda hair dye adinga...paaka mudila..... best of luck,1,tanglish
Unlike potavalam matamana social luku theva padatha character avanunga thalapathi fans Ila poruki fans,1,tanglish
Yogi babu ku badhila Santhanam irundha semaya irundhirukum,1,tanglish
Trailara paakkum podhu bigil nelama romba mosama irukke...,1,tanglish
"Trailer'eh oru mairu logic illama irukke, padam yenna kevala pundaya irukka potho 🤣🤣",1,tanglish
Trailer end vera level:  Rajini: naan arasiyalukku varuvaen. Coma: ithu '96 yara emathureenga Director Sir: aanalum ungalukku thairiyam jasthi Sir,0,tanglish
"Naidu samugathin saarbaga, indha  thraipadam vetri adayavum, maaberum samuga puratchi yerpadavum vazhthugal.  New sense productions",0,tanglish
Ayayayo ithu Amma illa deeba amma.....,1,tanglish
Script romba nalla iruku conform block buster super super Superma.,0,tanglish
Dhanush Anna vetrimaaran Anna 2 perum Mass Vera level,0,tanglish
Enna thalaiva imsai arasan music lam pottu vachi erukenga,1,tanglish
yenda ithellam oru traileraada??  enna thaan irunthaalum siva enga aalu da,1,tanglish
"ponda movene onikki soothadichi sunnnampu thudavanum jeppapaaru irukethu, oakithu ennukiddu parathesi ithu entha copy  or suddathi neeyellam...  poda poda",1,tanglish
asuran Asuran the extraordinary  jai danush,0,tanglish
Engaluku Yuvan mela paithiyam  waiting  for  theme music #yuvanism,0,tanglish
தரமான பதிலடி திரௌபதி........  coments la oru kurumaaa boys kuda kaaanum vaa nee than neenga than romba thariyamana aalu aache🤭🤭🤭,1,tanglish
I feel like traveling in 2030,0,tanglish
Ohh ipa tha theriythu panda etuku ajith ku sombu adikrunu,1,tanglish
Inspired from 'kekka bekka kekka bekka' shortfilm........inspire aaninga ok ...adhukaga andha shortfilm ah ye take down panntingalenalla padam ya adhu,0,tanglish
Any sk fans seeing like here 🥰🥰🥰,0,tanglish
Ennada Ovvoru jaadhi saarbha vaalthukkal solluringa... 1 ah Edhukka 9 Ah...  En Jaadhi Periyarism Ambedkarism Marxism Saarbha Vaazhthukkal da...,0,tanglish
Dei padatha release panni tholangada...mudila yevlo dhan wait pandradhu...,1,tanglish
I am STR ßlood .......nkp vera level....thala mass,0,tanglish
Trailer mokka... But sk kaga matum pakalam,1,tanglish
Yen Poolu Padam ithu poda Potta pasangala... Nenga aambalaya iruntha unga ponna adakanum.... Athuku thuppu ila... Punda poola padam yedukka vanthutanunga potta pasangala....  pazam Vanthu vayila vizuntha yevanda venamnu solluvan poda... Unga v2la adakunga Apuram padam Poolu soluvunga,1,tanglish
Yov naan oru trailer Ku ivlo sirichadhe Ila  Padam Vera level la Iruka podhu,0,tanglish
Marana waiting for Thala 59 pink,0,tanglish
"Hi friends, asuran, pariyerum perumal pondra padangal, nanum neeyum samam dan, unaku endha Vidhathilum nan kuraindhavan illai endra karuthai sollvadhu pool ulladhu, but, indha trailer, nan uyarndhavan ne enaku keele dan irukirai endra karuthai solvadhai pool  ulladhu , idhu epdi nan tamil Samugathuku oru arokyamana padamaga iruka mudiyum",0,tanglish
Thalaiwaaaaaaa........... Va va va ipo vaangadaww,0,tanglish
Kongu Belt sarpaga padam vetri adaiya valthukkal......,0,tanglish
U1 music semma soluranga oru like podunga,0,tanglish
Sam cs sir ru koola mass su,0,tanglish
Ajith sir 🤩   T H A L A,0,tanglish
Na comment like poda mata thn varn nu sollurvnga #like podungapa,1,tanglish
"Rajinikanth sir mass,kolamass,maranamass,kidu,super,adipoli fan from kerala",0,tanglish
thala da vara Evan da,0,tanglish
hi am vikram and thala fan i love S3,0,tanglish
vijay awesome sama stunts n dialogue,0,tanglish
"younger look ,superstar Rajni sir, ..!!",0,tanglish
Neenga modardhu enkitta Ila yeman kitta,1,tanglish
Enna thandaa solla vaaringka.. Onnume puriyaale,1,tanglish
Faru  trailor i love ajith sir,0,tanglish
suriya Jee summa analparakkathu semma masssssssss,0,tanglish
#KAAPPAAN still 5 days to go ippo yaarellam kaappaan teasera paarkuringa,0,tanglish
Thala rasigai sarbaga... padam vetri pera valthukal,0,tanglish
_0.24 - #1 sathvika mobiles dha sponser Pola mobiles Ku,1,tanglish
"Suriya Anna dhan Ennaikume Gethu , Mass",0,tanglish
Tamil thirayulagil ippadi oru padaippa perumai padugiren  tamilanaga iruppatai,0,tanglish
Trailer ivalavu mokkaiya irukku! Padam kandippa padu mokkaiya irukkum! Thevai illama dubb pantranga! 4:14 sec trailer worth illa nu thonuthu!,1,tanglish
Ajith sir looks like Hollywood material,0,tanglish
Mohanlal intha padathile romba mass kaata poraaar,0,tanglish
Enada gap la thalaivar ah assault ah kalaaichu vitutu poiteenga,1,tanglish
dei suriya vera levelnu solravanga ellam like pannunga,0,tanglish
Pangaligala lets make it big as viswasam,0,tanglish
This movie seems like cartoon movie,1,tanglish
Pink movie vs nerkonda paarvai movie???,0,tanglish
100 kodi adikirom ajith thatha va thookurom,1,tanglish
"Indha maadri ponnungalukku ipdi dhan nadakkum... - No, apdi nadakka kudaadhu.  KUDOS TO THE SCRIPT WRITER.",0,tanglish
"super ,super ,super thalaivaa  theriiii",0,tanglish
Climax scene la kan kalangunavanga like pannunga,1,tanglish
aluuu adhikama irukunoo....... varlava bairavaaaa.... amazing teaser,0,tanglish
Eppudi pathalum Padam mokaya than irukum,1,tanglish
Mass Trailer     Trailer Pudikalana Ponga da Pakathinga,1,tanglish
01:08 semma rangaraj pandey mass sir rangaraj pandey mass,0,tanglish
9m views near by just 4000 get views,0,tanglish
Goosebumps vantha vangala la like podungo,0,tanglish
Pakadane pora indha Kaali Ida atatha🤘🤘🤘,1,tanglish
Superstar rajini thalaiva unnai vachchu cenjuttanunka,1,tanglish
Vera level ....MASS TRAILER....VIKRAM ANNA....CVF TENKASI,0,tanglish
Pink !! But like for Ajith,0,tanglish
1m likes varumnu solravagga like here,0,tanglish
Ulla porathukku munnani enna pannittirdhennu therituma ?....   Vere level,1,tanglish
"Love ah sollaq vekkam paderuvan, Valzha vei vekkam paderan'nu arthem'nga.. Hehexx.. All dialog are mass <3 ;)",1,tanglish
dei short flim la indha story patha madhiri iruku,0,tanglish
semma semma semma spark aguthu bgm pakka marana masss teaser trailer la allu innom athigama irukkum super star vijay gethu,0,tanglish
00:28 endha scene edhu? Movie la vandhucha?,0,tanglish
Hit likes nu picha edukathavanga like pannunga,1,tanglish
rajini style eh copy pannuthu pandaram,1,tanglish
Ayyayo Megastar padam. VelaikkAran vida stars athika,0,tanglish
"Pongadaa,,, saathi thooki pudikkura thevudiyaa pasangalaaa,,,,, antha saathiya kandupudichu vachavanuku,, paapanuku,,, ni inga entha saathikaaraana irunthaalum, ninga thevudiyaa pasanga thn.......",1,tanglish
Ranjith thevdiya payale neyellam ennada padam edutha...,1,tanglish
Get Rajinified...  Trisha  Vijay Sethupathi,0,tanglish
Karthi replace vsp na edupa irunthu irukum,1,tanglish
Semma thalaiva naga unga pinnadi irupom,0,tanglish
"Yov teejay, gowtham menon range ku album pannitu indha kamunattinga kita matikitaye da🤣🤣🤣",1,tanglish
Karthik subbaraj fans hit the like,0,tanglish
Thalaivaaaa Kola veriyila irukkom ungala paakarathukku,1,tanglish
Padam pattaiya oda pokuthu ellarum ready aakikonga thalaivar thalaivar thaanya,0,tanglish
Yogi babu 2016 endu solluran rajini 2017 Dec pesina speech poguthu oru vela time travelo haha Yara eamathiringa comali director  Itha yarelam note panninga,1,tanglish
"#Thala nanum #Lawyer,thaan sema #mass sa iruku. #Goosebumps",0,tanglish
Dai eppa enna da ithu. Semma da dai.....,0,tanglish
All the best  vikram Anna and kamalhassan sir from prabhas Anna fans,0,tanglish
Viswasam ta Vida views Romba kammi,1,tanglish
"Super dhan, anaa en kill Bill music poteenga?",1,tanglish
99% Comments are like beggars  1% Comments are normal,1,tanglish
69 vayasula...yaaralayum ipdi oru style & Mass ah kaata mudiyathu....only one super star will create this magic🤩🤩🤩,0,tanglish
Mass nalum class nalun nama thalapatht thanma Enna nanba,0,tanglish
Waiting for 10M views n 500K likes,0,tanglish
Intha Karmathuka dha ivolo Build up ahh...Bwahahaha,1,tanglish
HIGHEST KOLLYWOOD FILM TRAILER  1ST VISWASAM 1.3M LIKES 2ND NERKONDA PAARVAI 721K LIKES,0,tanglish
Thala verithanam.naa 150times Ku mela paathutten.neengalum avlo time paathurundha like pannunga Thala bloods,0,tanglish
Arun Viajy eh Kadaikutty ah irunthurukalaam... 10 Poruthamu Pakkava Irukku!!! Ethukku,0,tanglish
Super  yaru nu keta chinna kulandhai um solum....... Maestro of Style,0,tanglish
Ilayaraja then mysskin  that's mysskin touch,0,tanglish
Maybe newgen  Sillunu oru kadhal ?,0,tanglish
Vijay uh senjanunga.. Ajith fans will troll .. Final yh ajith uh senjanunga.. Vijay fan's will troll.. (Unakum vendam yenakum vendam 6 rubaai),1,tanglish
Trailerye ipdi irukke 🤣🤣padam epdi irukkumo....,0,tanglish
Theri trailer by our ILAYATHALAPATHY VIJAY..Inda April namakku semma treat u pa!!,0,tanglish
Dhevendhra kula velala makkalin saarbil padam vetri pera vazhthukkal,0,tanglish
Yarupa neenga ellam? Neerla pakanum pola eruku!,0,tanglish
na devar samugam....yenga veetula epdi than nadathuchu sister vera caste payana love pani marriage panikichu...epo romba romba feel panuthu ........,0,tanglish
Ohhhh ethu deepa voda bio pic aa🤣🤣🤣🤣🤣,0,tanglish
Dislike potavan lam ready ya irunga next nadakum pothu,1,tanglish
Thala naa Mass  Thala naa Class,0,tanglish
Mass + Class = Suriya,0,tanglish
viay sethupathi looks like MS Dhoni...,0,tanglish
Nethu naan pota comment kaanom appo evlo comment irukku inga,1,tanglish
Jayamravi Career la different ana Movieya eruku...and Yogi Babu 2Hero...,0,tanglish
ending than sema....sema kalai sema kalai...,0,tanglish
"Vetrimaran unakku ratham, kolai, aruval ithu illamma padam edukka theriyatha ???",1,tanglish
Cast rajini nu pathil vera yarachum pannirukalam,1,tanglish
Mass waiting for ngk and kaappaan,0,tanglish
அய்யா A P J Abdul Kalam Avargale intha Tamilnadu la 2020 illa innum 3000 vanthaalum thiruintha maataanuinga inum Jaathi Jaathi nu solli intha generationium infect panraanuinga tamizhum jaathium onnru illai enratha epa thaan purinjika pooraanuinga loo intha maari director iku laam kadumaiyaana  thandanai tharanum,1,tanglish
Suriya sir as KAAPPAAN.... IS JUST ROCKING....,0,tanglish
Srilankavila best eandaa ipa Nampa thala thaan,0,tanglish
Thalaivaaaaaaaaaa <3 <3.... Marana Waiting..... Tharamana Sambavum <3,0,tanglish
"Every story has two sides...and this is the other side of pariyerum perumal, asuran.....Elaam jaathilayum nalavan ketavan irukanunga....Sc aalunga elarum nalavangalum ila bc mbc aalunga elaarum ketavangalum ila....serupadi trailer...",1,tanglish
Thala mass waiting for nerkondaparvai..  Aug 10,0,tanglish
Yenna padaipuya vaazhkaila paatha sirandha padaipuya idhu padamilla idhoeda thaakam poegala,0,tanglish
Tamil film industry vere level la poyikittu irukku   Love from kerala,0,tanglish
ajith anna fans oda vijay Anna fans dha alla adhigama erukku kano,0,tanglish
Ithu Telugu film care of kancharapalam mari irukae.....,1,tanglish
bro padam eppo release  trailer ennthene vatti paakurethu,1,tanglish
super boss karathik subaraja film super hit,0,tanglish
Padathulaa fight scene iruku enga illama poiyurumonu neenaichee,0,tanglish
Thalaiva........ marana mass katra thalaiva @rajinikanth,0,tanglish
Engel Annan suryada ...i m  waiting....   Vera leval,0,tanglish
Padam pathuttu inga vanthavanga like podunga,0,tanglish
Bigil ku inneram beethi kilambi irukum #KaithiDiwali,1,tanglish
Ommalaaaa vangada eppo....ethu unmayave thalaivar pongal daa mavane...gethu,1,tanglish
Semme mokka doi. ha ha ha kubeer nu sirichavan ellam kai thooku,1,tanglish
Oru channel la sona marie pana matingala daaa dei,1,tanglish
Surya anna pakka mass!! vere level,0,tanglish
Omg @ 2.18 so cute ....,0,tanglish
Thala fans like podunga pa,0,tanglish
well i like 24 better sorry vijay,0,tanglish
Intha Mari kena punda jathi veriyarkal irukiravaraikum tamil Nadu orupadathu,1,tanglish
Ada paavikala. Thalaivera senjutingaleda..96 la vanthu irukalam. Thevai ilama vittutu poitaaru,1,tanglish
Bigil      like  Kaithi.  Comment  Enaku kaithi dhaan pudichiriku.,1,tanglish
Seems like a masala remake of KICKIN IT OLD SCHOOL,1,tanglish
Teaser ah 10 times ku Mela paathavanga oru Like podunga #Blockbuster Bairavaa,0,tanglish
yennada transformers 4 padathula vara mathiri irukkum pola..(transformation),0,tanglish
Thalapathy Sarbaaga Padam Vettri Pera Vazhthukal,0,tanglish
Hip hop tamiza fans like panuga,0,tanglish
Ennada ellarum villain madhiri irukkangha padatulla,0,tanglish
Amma va vachi edukum pothu vijay mokka ya eduthu iruntha mavane ne gali,1,tanglish
singer voice does not suit ajith...,1,tanglish
Indha maadhiri kena koothi thanama padam edukurathunala thanda innum naadu oombinu eruku,1,tanglish
ayyoooooo thalaaaa.. waiting ye veri yeruthey,0,tanglish
love u thala evalavu alagu da thala,0,tanglish
Waiting for petta and peranbu.  Mammookka rajini.. THALAPATHY..,0,tanglish
Starting la vara music engayo ketta mathiri eruku oru Vela suttutangalo,1,tanglish
How many of u in 2k19 ......Hit like petta>>viswasam,1,tanglish
idhellam yevanda theater la parka poranga....tamil rockers fans da..,1,tanglish
Tamilcinema Na ennanu kaatanum get Ready audience,0,tanglish
Vjsa 1st Pudichu iron man dubbing naala pudikama ponavanga mattu like podu,0,tanglish
Thailavaa mass padriyee... Ungale adikka Enime oruthanum purathuvaramaataaaannn.... I,0,tanglish
s intha trailer ku enda dislike panuringa,1,tanglish
eppo da release aagu?  trailer wandu one year aagudu?$:^,1,tanglish
That gun UZI .... Jai pubg,0,tanglish
Oru Thalapathy fan ah soltren Sema trailer selvaragavan Surya combo MERATTAL... Yepppa Saamy.  Selvaragavan Ne Vera level Ya.  Una aduchuka Evanum ila  Thalapathy Kuda Oru Padam panunga Sir Sikram...,0,tanglish
Poda jayam Ravi naye en thalaivar eppo vandha unakenna da panni.avar Eppa varuvaru epdi varuvarunu yaarukkum theriyadhu varavendiya nerathula correctah varuvaru. Mudittu po jayam Ravi naai.,1,tanglish
"Indha trailera paathutu entha Tamil movie teaser, trailera paathaalum mokkaiyaa than iruku. Hit like if you agree",1,tanglish
Oru mairum puriyala trailer la Shiva      enna Tha sollavaran konjam sollunga boss puriyera madiri,1,tanglish
Thalaivan STR  Vantha Raja aaga dhan Varuvan,0,tanglish
Thath va nadikka vainga da anyayam pannadheenga,1,tanglish
simbu vechi trailer release pannathey periya vishayam thaan... cooling glass scenes ellam dupe nu ninaikiren... nammaalu avlo ellam shooting ku varamaataru...,1,tanglish
BITTU  PADAM  BIGIL  FANS  HERE,1,tanglish
Who comes to see Rajini gajini kujini,1,tanglish
Thala mass thala Vera level.. .ultimate star ajith kumar vaalga...ajith veriyan  RAMANATHAPURATHTHAN,0,tanglish
YouTube eh hang ahgiduchu  Marana mass trailer vedhalam um illa badhalamum illa theriiiiii,0,tanglish
Ellam k...but music mokka...hip hop aadhi ah potruklam...,1,tanglish
Bairava teaser seema mass next super star,0,tanglish
Looks like big budget version of 'Postman on Zee5',0,tanglish
Namakku thevayandhu namaa DHA adichu vanganum.. Semma punch ..D.. killing trailor dudes,1,tanglish
Sankar sir kku thanks solla nu,0,tanglish
First paakurappo enna ivlo thaana nu thonuchu...but teaser paakka paakka romba pidikkuthu... music and voice laam semaya irukku.....,0,tanglish
Innaiku 13 million views varum nu solravanga.... 🤙🤙,0,tanglish
Semma bangamm Vera level bro trailer 🤣🤣🤣🤣🤣🤣🤣🤣,1,tanglish
Yarellam padam pakkum pothu MS Baskar 3 perukku voice kuduthatha notice panniga....,0,tanglish
Ravi : 16 varushathuku munnadi epadi irunthom  90's kids be like : athey vera en pa nyabaga paduthura manasellam punna kedaku..,0,tanglish
World wide you tupe trending no#1   Nerkonda paarvai... Mass katriga thala..,0,tanglish
Nadodigal1 theatre la pakka mudiyalanu feel pandravanga like pannunga,0,tanglish
dei bangam pani veachi irukinga daaaa,1,tanglish
Full movie hd Hindi update bro,0,tanglish
2:15 sweet sapda porom ....tat smile marana mass,0,tanglish
rajini nee gaali raajaali nee gaali oora evvalavu naal aematralaam unnoida komaali rasikan ullavarai .,1,tanglish
Padam pathudu vanthu trailer pakka vanthavanga oru like podunga,0,tanglish
Surya sir ithu neriya padam panunga nan thala fan enga elarukum surya sir a romba pudikum,0,tanglish
Super trailer. Love Frm Assam for vikram sir,0,tanglish
Karthi Anna fans kill like button 🤟,1,tanglish
Yo ghibran ennaya epdi bgm podura,1,tanglish
NGK-arasiyalvathi kappan-commando Rendayum crcta vithiyasam theriya pannirikaru Ivarunga vainga Da cut outa,0,tanglish
Movie should B different kandipaa paaknum thetare la,0,tanglish
Aniruth oda bgm thaniya theriyudhu,0,tanglish
Rekha padam  director ah???....pothum da saami,0,tanglish
200 crore budget vs logesh and karthik,1,tanglish
ksubaraj ovoru scenayum katha vitruvaru polaye oh my god,0,tanglish
Polimer news pathuttu vanthavagga like pannugga,0,tanglish
1000 asuran vanthalum 1000 pariyarum perumal vanthalum  Intha naaigal thirunthathu Parpanuku ellarum suthiran (  thevidiya paiya ) tha,1,tanglish
Suriya Anna Mass ..... No.1 Trailer In Your Career ... Semma Mass ...*Thalapathy and Thala* ungalodu Munnadi Vellaki Aagamatunge.... Your Trending In India,1,tanglish
Thalaiva Vera level,0,tanglish
Konjam othinkitu Oti pathunkitu varathu thalaivaru,1,tanglish
Vere level surya  fans like kod,0,tanglish
ommala marana mass scene (ulla porathuku munadi) ah trailr laye potengalae ya... apo Padam epdi irukum... 🥰🥰🥰🥰,1,tanglish
Awesome... Pa. Ranjith otha.. Ithu than da padam.. Mudinja umbu da,1,tanglish
ithu veraleval Sankar saruku innum vulakame tamil cinimava thirumbi parkanum,0,tanglish
"dei yaaaraavan director uh, otha paaah !! pinita da nee!! yedho oru inam puriyadha sandhosham da saaami!!, what a lovely production Paaah!!! Dei dei pinringa da,!!! deep ah yosikravanuku puriyum !!! such a great cinematography !!! Director Saaami neee engaya iruka !! una naan pakanum !!! paaaah!! sola Varathai ilada saaami",0,tanglish
i am waiting for theriiiiiiiiii movie.............,0,tanglish
Nambika vanthutu...karthikey ipdina thalapathy ku...verithanama irukum polaye..jolly trailer allu vudanum thalaiva..,1,tanglish
THALA DA WISH PRAJIN HARI SIDDIQ UMAR SUNIL LOKESH NAVEEN,0,tanglish
Marana mass thalivaa we are waiting,0,tanglish
mass thalapathi varlam varlam vaa varalam vaa bairavaa! i am waiting!,0,tanglish
Rajini ya kalichathu thapu illa. Movie hit,0,tanglish
Fdfs than ... kola masss #ngk,0,tanglish
Rajini fans ah kathara viduranga pa last month Balaji Hassan . Ippo jeyam Ravi,1,tanglish
"Andha Last Scene , Ayo Mudilada, bangamana kalai",1,tanglish
How to draw Kaithi  karthi,1,tanglish
Othaaaa punda mavanae thalaivar ah thappa sollura,1,tanglish
1:37 ommala that bgm.. Yuvan Thala Ku nu vantha matum epudiyo verithanama bgm poturaru,1,tanglish
Vera level This movie fans like here,0,tanglish
Anirudh ....is great ......thetaru la BGM therika pokuthu.....rocking star...,0,tanglish
Karthi (Kaithi) Vs Vijay (Bigil) Who wins this Diwali ? . Like - Karthi (Kaithi) Comment - Vijay (Bigil),1,tanglish
All ways love u thala....ur my dad.....,0,tanglish
Screen play veramari iruku yedo iruku idula,1,tanglish
Thala vera level...3.3k vijay fans pathurukanga...lol,0,tanglish
Marana mass thalaiva atuchi thulpannu thalaiva,1,tanglish
1 million likes and 1 minnlllskao views,0,tanglish
Ini Paarunga Two Weeks Munnadi Teaser Release Date Announce Paniruvanga Aparam Evanavathu Naanga Record Breake Panitomnu Varatum Avanukalluku Irukku,1,tanglish
Ena Da bomma Padam eduthu vachirukeenga,1,tanglish
Ineram anna trailer ah pathuruparula,0,tanglish
As a vijay fan trailer mass iruku kandipa movie mass irukum adula doubt la story yum semaya iruntha kandipa movir hit,0,tanglish
Harris bgm irundha innum elevate ayirukum,0,tanglish
thala pola varuma thala gethu da thala fans frm karnataka,0,tanglish
Moola illatha nayinga thanda jathikaga adichinu savinga thu...,1,tanglish
## Harri jayaraj## Surya combo 1.Kakka Kakka -2003 2. Ghagini -2005 3.Varanam Aairam -2008 4.Aadhavan -2009 5.Ayan -2009 6.7am arivu -2011 7.Mattran -2012 8. Singam 3 -2017 9.Kappan -2019......... Always mass hit movie songs  waiting for next movie Harris sir....,0,tanglish
rajini sir fan hit like that,0,tanglish
Awesome chanceey ilaaaa veraa level...,0,tanglish
Like icon ah terika vidalama thala blood's,0,tanglish
1:20 to 2:29 marana massssss,0,tanglish
Va va va......vera level thala...movie yepudi vanthalum pakka ready.. Theatre = 150rs Youtube = 500rs Yethuva irunthalum Kuduka ready...ne release pannu thala....marana waiting...,0,tanglish
8k dislikes eedhu monnakala adhokke....🤐yeajjaachi trailerNGK🤗 A malayali tamil movie fansurya🤩,0,tanglish
Semmaya iruukku                         (teri baby),0,tanglish
Yaru yaru download paniyum .. YouTube la yae pakuringa repeated ah,0,tanglish
Semmaya iruku ...Thalaiva nanka intha getula unkala parkurathukutha ivlo naal irunthom....Thalaiva vayasanalum unka alagum stylum maranthu...,0,tanglish
இங்க ஒரே கதை thiruta iruku pesama unga padam kgf n asn vera level da yebbaaa.,0,tanglish
Mugamoodiku moonu ticket irukku.. variya...,0,tanglish
What a stunning visuals Karthi therikka vitrukaru Lokesh kanagaraj,1,tanglish
0.22  enada puttu elaeem paraka viduringa,1,tanglish
Surya thambi karthi poii karthi oda anna tha surya airuchuu,1,tanglish
Kandipaga dislike pannavan oru THALApathy fan ah iruka mudiyadhu,1,tanglish
Engada nivetha pethuraj.. Oru scene la matu potu emathitinga..,1,tanglish
Innoru kokki kumara pakura mathiriyae irukku,0,tanglish
*Naan sigapu manithan - sleeping Sixer - night blindness Naan sirithaal - laughing intha mari concept ulla padam Ellam paaka nalla iruku*,0,tanglish
Rajini poola vumbalana ungaluku thukame varatha Da..... Badusungala...... Unga padathuku  publicity venum na Rajini poola vumbithan varanum ????,1,tanglish
thala na la mass than ippa illa eppothum,0,tanglish
Pa.ranjth thevidiyaa paiyaluku sema serupadiii,1,tanglish
"Aaenda ipdi kathi katharringa,,,, inter caste mrg ellaru panna aarambichuta,,, saathiyae kaanama poiru,,, apdila yosikamatingala",0,tanglish
Yuvan - ultra mass bgm.. Chumma therikuthu,0,tanglish
Romba nalla iruku anna trailerle masssss,0,tanglish
I'm not Vikram fan but i like this trailer... Amazing.,0,tanglish
Adei ithu kekka bekka nu oru short film story da..... Watch @kekka bekka short film...,0,tanglish
24 hrs kuda mudiyala 2 +million views,0,tanglish
Evil chitti character kola masss,0,tanglish
96 movie kku ilayaraja music potta song use pannitten ennu solli Govind vasantha aanmai thanam illadhavan endru sonna ivar... ippo yaarode music eduthu pottu avar peru vachirukken endru theriyitha,1,tanglish
I love that song Kamala kalasa,0,tanglish
Marana mass trailer ranjith um thirumavazhavanum paatha naandukkittu sethuduvaanunga,0,tanglish
Sema sema Ajith na pakka mass,0,tanglish
"Suriya fans like here , malayalees ondo...",0,tanglish
Masss Maranam Thalaivaaaa back to #90's Kid Rajini sir...,0,tanglish
Jathi parpathu thavaru......jathiyai kedukka nenaipargal methu jathi parpathu tharu illai,0,tanglish
Deiii; ithu antha robert deniro padam illa?,1,tanglish
Thalaivaa kola mass Vera leavel,0,tanglish
Rasool oru velai kaliyuga karnana trailer full ah sooriya oli paduthu...notice pannunga therium,0,tanglish
Trailer vera level athana Da....aamai kunjugala,0,tanglish
Thalaiva after long time jivaaaa Vera Leval,0,tanglish
Dislikes epadi da pandringa.karthi ku kudava haters irukinga,1,tanglish
90 s kida ku yuvan ah than choose pannirukanum,0,tanglish
#Kabali Teaser Record ku Samathi  Varlam Varalan Vaa Varlan Vaa #Bairavaa,1,tanglish
Andha amma vah ethana dhadava da saagadipinga,1,tanglish
"Super Padam sir,nalla msg solli irukinga,govt veyla vangumpothu mattum nanga thazhtha pattavar athanala engaluku idaothikidu athigama kudunu solldranga  apola avanga jathi pathi soldranga,athey jathiyavachi Padam edutha kasakutha,jathigal veyndum  oru nalla Manam Ulla manithana iruntha intha padatha pathi evanum thappu solla Matta,spuer Padam ellarum like pudunga.",0,tanglish
🤬 Comments la unga jaathi pera pottu vazhthukkal sonna unga jaathi ku perumai nu nenachchu comment pannirukka loosu k****i gala neenga thaa Tamil nattula irukka visha kirumigal. Intha jaathi veri ungaloda pogattum thayavu senju unga kolanthaigala apdi valakkathinga. Ellarum ore jaathi manitha jaathi nu nenaikkura youngster neraya peru irukkanga avanga tha intha tamilnattukku venum neengala seththu olinga da 🤬. Kurippu ; en comment ah padichuttu enna asinga thitti comment pandra evanum oru appanukku porakkala,1,tanglish
Annai kalikambal movie vfx is better,0,tanglish
Naa arasiyal ku varathu uruthi.... Yeaaaa idu 1996,1,tanglish
Vanga da thailavar kola gandla irukar.,1,tanglish
Thalaiyum mass dhaan  Thalapathiyum mass dhaan,0,tanglish
Ponmanikam velu sir enga oorlayum irundhurukar salem kakapalayam station,0,tanglish
Vjs handsome look and Arun Vijay,0,tanglish
Kaaka kaaka surya + maatran length hair surya mixing,0,tanglish
gun rotate style .... pppphhhaaaa vera level ji,0,tanglish
Mysskin sir'oda padamna sollave venam padu bayangarama irukum,0,tanglish
chanc illaaa supera  iruukuthuu helthabest surya anna am waiting for surya anna ngk,0,tanglish
Enna Da  Vara vara Thala an thalapathy Ku hater lam koraichikunu varadhu   Dislike la romba kamiya irruku,1,tanglish
Ajith fans lam like ah norukungo.....,0,tanglish
Kanyakumari nadar saamugam sarbaga padam vetri adaiya valthukal,0,tanglish
Asuran(Dhanush+vettrimaran+tanu) = 346k likes 10m views.  Draupathi = 206k likes 3.7m views,1,tanglish
Cycle gap la thalaivar ah senjiteengaley da,1,tanglish
Enna pa fornt style alla SARKAR fornt style la eruku,1,tanglish
Dark la ye niraya scenes varuthey,1,tanglish
Bangam da saami.... Vera level trailer baa..pakka mass ....bgm verithanam,0,tanglish
Avara control pannuga pls its for  haters,1,tanglish
annan kaduveti guru irunthiruthal nanraga irunthirukum,0,tanglish
SUER STR      RAJNI  THE SUPER  IS BACK,0,tanglish
நாளைய வளர்ச்சி நாயகன்....Kathir AnnaPariyearum Perumal Fan to me,0,tanglish
Semma semma pakka pakka mass waiting thalaiva 4movie,0,tanglish
Joaquin Phoenix:: dei!! Ennada panni vachiirukinga!!,1,tanglish
thalaiva... marana mass.... vaa DA vaa DA....,0,tanglish
Awesome Trailer Telugu Fans hit LIKE Jai Rajani sir,0,tanglish
Super acting Kangna Ranaut amazing look Osm,0,tanglish
Ithu 96 .. yara yemathiringa . Semma,0,tanglish
Final dialogue  seruppadi kelvi to  haters,1,tanglish
"Petta trailer mass, VISWASAM TRAILER MARANA MASS",0,tanglish
Unlike pannavanka retham kakki savinkada  outstanding trailer my fev heros bgm vera level,1,tanglish
When it wiibe dubbed in indii..,0,tanglish
Kaathu kiliyuthu da....yeppaaaaa......trailer ke ipadiya...main picture la Theatre ae nadungum,0,tanglish
Suriya anna voice konjam idathla karthi anna maari kettath enakumattuma,0,tanglish
Jayam Ravi :Idhu 96 yara yemathranga,0,tanglish
Thank you  Selva  sir,0,tanglish
Reslese kku piraku Yar Yarellam paakkenka....Like podunka.....,0,tanglish
Love ku caste important ila... But caste ku kaga love panna ipdi than,0,tanglish
Ea aloy thetangal nathamanano dislike adichirikunna,1,tanglish
Anna birthday ku apram vandavanga like podunga,0,tanglish
Opening mani sir kitta nalathan erukkum anna finishing seri illaya,0,tanglish
ALL GAYS TODAY ENJOY &  CELEBRATIONS DAY             THALA STROME DAY  GIVEUP,0,tanglish
Neraya Neraya Neraya Neraya kola mass thala,0,tanglish
Ithu tha unmaiyana trailer aa romba sekirama vandhuchu,0,tanglish
20 times ku mela pathavanga like podunga,0,tanglish
Siva movies elathulayum villain mind voice ah kathii kathii pesama irundha nalla irukum :-/,1,tanglish
surya and lalettan fan like here,0,tanglish
oru dialogue kuda ilama first trailer pakuravanga like panunga,0,tanglish
Indha Deepavaliyum namakku than Vara pora Pongalum namakku than .... Bhairavaaaaaa ...,0,tanglish
En da innum trending la varla?,1,tanglish
Thalaivaa ne vaaa 20th we are waiting,0,tanglish
Kaappaan song release date allowance pannunka,0,tanglish
Thalaiva..... Vera level.... Tharamana sammbavam pongal ku iruku..,0,tanglish
Pink movie Tamil remake ah ??,1,tanglish
Petta fans like here  Super star nale summa adhurudhula,1,tanglish
Ipo enna panna porom?  Sweet sapda porom  Thalaivaaa,0,tanglish
"Vijay oda nipaitigaka unga padam scene la ,,  thala kita vantha mavanai screen kilichudum,,,,olunga last 3sec thala vara padathula irukaa kudathu , this week irunthuchu aathi un padam kali",1,tanglish
Yuvan Vera level thala ne ..,0,tanglish
"Simbu,vjs,arun vj,aravind swamy,prakash raj both are my favourites!!!!",0,tanglish
Neraya Neraya Neraya... Marana Mass Thala,0,tanglish
Nkp +visvasam =asuran music... sariyaana mokka avlo worth illa trailer,1,tanglish
thalayoda trailer luku eppa oruthan dislike  pannano appava avan aalu luku padam uuuthikurum nu paiyam vanthuruchuuu da.....,1,tanglish
Maniratnam padam engada odapovuthu? Ithuvum flop film.. No doubt..,1,tanglish
"Sankar sir, padam trailer mathiri illama irunthaa sari....",1,tanglish
Yean mass uh enna nu theriyaadhula,1,tanglish
bigil apparam yaru pakkranga oru like podunge,0,tanglish
Surya fan Like pannunga kathiruppom ngk,0,tanglish
Jayam ravi fan from kerala  Supper trailer sir,0,tanglish
Thalaivar and vijay sethupathy marana mass. Sema thalaiva,0,tanglish
"Karthik subbu,, verricheyal ma!!! Vaarey va",0,tanglish
Thala movie kaga marana wait pandravanga like pannunga  enna Na soldrathu thala Fan's,0,tanglish
Mrng wake ayutu YouTube poitu trailer paathavaga like poduga,0,tanglish
Style kingna athu yapovum thalaivar mattumthn,0,tanglish
"Enna da innum, 1million like kuda varala",1,tanglish
Thala ulllaipa uyirvu ku rolemodelll nenka thala,0,tanglish
"End dialog: You kena tunggu lebih lama lagi, untuk tahu saya... vikram eh Malay language pese veccidinge pa..",1,tanglish
Really sema energetic thalaivaaa... aaduvom paaduvom kondaaduvom this pongal...,0,tanglish
Spiderman pado pathamari irukaarvangala lyk podingaa..,1,tanglish
yarda yarda ivan oore kettavtheriyum atammooo pwoli,0,tanglish
Dai manirathinam sir padama ithu sollave illa,0,tanglish
saavardha irundhalum sanda potu saavanum saar. Bigil ah solra madhiri iruku waiting for bigil vs kaidhi,1,tanglish
Statue odaikalam but b.r. kolkai alika mudiyathu,1,tanglish
yaaraa yaaraa vaa varalaa  BAIRAVAA,0,tanglish
Nkp big block buster hit kudukkum,0,tanglish
Samuga Parvayil Oru AJITH Padam Varavarkathakkathu,0,tanglish
Dislike panna Vijay fans ku oru ooh podu,1,tanglish
Na padathuku full support panuvan da 🤙🤙🤙🤞🤞🤞,0,tanglish
Indha trailer ha ha ha ha.,0,tanglish
"Hit Like   Prakash Raj -  00:11  Aditi Rao - 00:19 Thiyagarajan - 00:23 Aravind Samy - 00:26 Jo - 00:39,00:57  Arun Vijay - 00:44 Aishwarya Rajesh : 00:48  STR - 01:05  Jayasudha - 01:14 Vj Sethupathi - 01:38  Thank Me Later",0,tanglish
THALAPATHY ennala mudiyala eppatha april 14 varumo waiting ye veri aagudha thalaivaaaaaa,0,tanglish
வீரபத்திரன் எங்க குல தெய்வம் 🤗   Vera level adhi Anna marrana waiting,0,tanglish
"Vijay sethupathi Epo, endha padathula #Act panraarunu theriyalaye...",0,tanglish
Kadaram... Enna karumam da idhu 🤧 FLOP !!,1,tanglish
fans Marana waiting  ..... nanba readyaaaa,0,tanglish
11mil ...just do it for vijay sirrr!!!!,0,tanglish
#Na pathathellam Thingura #Oonai Illa.. #Pasichaa mattum vettai aduraa singaaamm...... #Ippa Kola Pasi la Iruken.. #Ethu kidachulm Vettai Adura veri la iruken.. #Nadul evan vanthalum #Eri midichitu poitae Irupen  #s3 Dialogue #Singam Fever   # Ithu verum Teaser than Ma..innum #Trailer #Main pic lam irukum.. Pathuuu Vayiru erinju Savungadaww,1,tanglish
ENPT movie la voice over maari idhula BGM over ah irukumo 🤔🤔,1,tanglish
Kgf Theme ah aptiye poti vachurukan #Asuran  #Gayvp,1,tanglish
Petta  trailer trending LA varalaya..,1,tanglish
VJs anna voice ke naanelam adimainu solravanga oru like podunga,0,tanglish
Starting vara music ennathu?  Piano tiles la vara maari iruku,1,tanglish
For now likes must be 210K likes,0,tanglish
Sarkar Vida milion Times semma,1,tanglish
THALA  60  NEXT DEEPAWALI SARAVEDI DAA,0,tanglish
Enaku matum dhaan thumbnail paaka Bhairavaa vijay maari irrundhuchaa,0,tanglish
",Pudicha paaru Pudikilaina moodittu Poiru.   thirumbi vanthitte suryaaaaaaa waiting katta waiting surya kerala fans                     s3",1,tanglish
Dislikers are not a human being....,1,tanglish
"Sivakarthikeyanuku sunni irukka illaya, irutha like pannugaillana comments pls",1,tanglish
surya fans kudukura Buildup ku innerathuku 80 lakhs vanthu irukanum 1week mela achu,1,tanglish
Amithapbachan padattai rajiniku piragu tala panrattu eppadi nenaikkiravanga like podunga,0,tanglish
Vantha Rajavatha Varuva ..Rajava Vantha? Rajavukku Nurru Thosthu ... STR ROCKS....,0,tanglish
Pongal Ku intha trailer mattumae pothum polayae. Kola mass Thalaivar,0,tanglish
Ean Anna Unaku ena achi ean engala ipdi savadekura pls nee ine padam nadekatha anna #Sk,1,tanglish
Kaapan teaser raa HEAD SET laa ketaaa vangaa like podungaaaa,0,tanglish
2nd a.r.r.sam CS nu solravanga,0,tanglish
Intha music enagayo chinna vayasula ketta mari iruku,1,tanglish
13 million views eppa varum inum 2/3 days aaguma,1,tanglish
Enna daa bigil dialogue maathiri irukku 0:13,1,tanglish
19k views and 54k likes...!!! how's it possible!!,1,tanglish
ajith thevudiya mavan fans ellam othungungada porama pundaigala,1,tanglish
Ellarm nantha periya jathi periya jathi nu sollittu irukiga Enna da ithu yaaru seththalam oru pu kondu pogamattiga da,0,tanglish
Ennala ella comments kum like poda mudiyala athanala like all comment best of luck karunas sir innum neraiya padam pannuga .......,0,tanglish
viswasam nu sonna line epdi like panunga,0,tanglish
Ipdi tha Raavana padam trailer gethu madhiri irunthuchu last la enna aachu nu Tamil nattukey Theriyum....intha padamum apdi illama iruntha ok tha...BLUE SATTAI ipave ready aidupapla,1,tanglish
Thala performance  @01.18 vera level perfo !!!!,0,tanglish
Sound Vera level panitanga PA surya,0,tanglish
Ippadiye jadhi padama yeduthu ellarum vettinnu savungada thuu,0,tanglish
Adhu eppudi indha A.L.Vijay edutha maximum padam.ella.flop.thaa ... But ivan mattum aduthu aduthu padam eduthu kitte irukaane.. namma neram adhuyu paaka vendiyadhaa iruke,1,tanglish
Trailer semma  idhukku mela vera   enna  venum,0,tanglish
DSP la arrear vachavanga LIKE huh podunga,0,tanglish
"yaarukku vayasaayidichu, petta trailer paatha ilam herokkalukku super star pattam KANAVU thaan.",0,tanglish
2.0  3d ah ...? Yes or no ...?,1,tanglish
Konj pathinkiru....odi othingiru ...vaarrraru thalaivaru.....petta paraak......,0,tanglish
Anyone after seeing this movie ?    Hit like,0,tanglish
Ennaga da Batman theme maari irkum.. U1,1,tanglish
Podu thalavai semmmma dialogue love you surya Anna,0,tanglish
"vjs, aravind  ,arun vj ,prakash raj",0,tanglish
Suriya paduthula villan kundiya valichu nakkuvan,1,tanglish
terrence malick padam maari irukku teaser,0,tanglish
Hyy Eanyaa Vijay sethupathi ah last ah intro pannenkaa.,1,tanglish
Nethanepa nama valanumna yaravenalum kollalamnu sonna???,0,tanglish
Sammaya iruku!! Thalaya indha maari role la pakka dha nalla iruku romba naal kezhichi,0,tanglish
Deiii yeppa 🤣🤣🤣final scene vera lvl da deiii  🤣🤣🤣🤣,0,tanglish
Climax eh end la vechurukkaru pa🤣🤣🤣🤣🤣🤣🤣🤣🤣🤣,0,tanglish
Last scene... Almost copied from petta,0,tanglish
Chiyaan nale mass than enna lookuuu  Proud to say vikram fan,0,tanglish
super mind blowing trailer Jai super star rajanikanta sir,0,tanglish
10 times mela paathavanga mattum like pannunga,0,tanglish
Udhayanidhi stalin idhula blind madhiri irukku  ...,1,tanglish
Padam en jaathi ku support panra maathiri irrukku ...  Jaathi illama irunthathaaneh otrumai .    Odaneh Ella perum avar avar jathi karanga saarba padam vetri pera valthukkal nu solringa .  Ithula iruntheh theriyuthu onga otrumai .    Enna jaathiya iruntha Enna Ella perum comment pandrathu intha comment box la thaaneh .   Manusan Kandu pidicha YouTube keh theriyuthu. But manusanukku theriyalayeh.  Jaathi inam la namma Kandu pidichathu thaaneh.   Oru kaalathula etho oruthan Kandu pidicha athukkuu ongalukku Enna samantham .  Intha comment box la yeh namma otrumai sethariruchu.,1,tanglish
Its mohanlal not mohan lal,1,tanglish
Semmaya irukku bhaa trailer especialy paisa note song vera level,0,tanglish
@0:36 to 39 vaa thalaivaa nee,0,tanglish
Thalaivar mass rajini sir super stae,0,tanglish
Surya Anna Vera level like panugua....,0,tanglish
Shankar hatsoff to you sir .,1,tanglish
"Asuran la evlo  vetu, evlo blood,  evlo per thala kanama ponichi, maranthutengalada, ha ha ha ha ...ipo theriuthu da nengalem asuranuku evlo azhuthurupinganu... Va asura va... asura va.....asura va......ratham therika.......thalaigal urula.... Tamil Nadu la ulla Ella penda parambaraium onu sernthu oru siruthaiy ta varenga,  apakuda jeika mudila, na siruthanu solrathula perumai da...singam single than varum, panigal than kootama varum.....ha...ha ha... Vedio time -0.38-0.42. ha ha ha... Pendaals you start......katharals.....now",1,tanglish
Puli paaya aaramichi rompa naal aaguthu naam thamizhar,0,tanglish
Kulandhaigal kappagam la kuda indha padam odaadhu,1,tanglish
Ithellam hit aguma .  Doubt thaaan,0,tanglish
En innum trending la varala? Ennada panringa YouTube fellows?,1,tanglish
Dei athukku neenga DEEPA vaiyae nadikka vaichirukkalamae da dei...,1,tanglish
Comedy ya erukku ithukku billa pandi ok,1,tanglish
Oruthar mela Biswas am kadda ennoruthara een asinkabaduthiteenga,1,tanglish
Title  maathu 4 Million views podu,0,tanglish
Gurunaatha neenga ingayum vanthuteengala (DSP - Degree Stopping Paper),0,tanglish
Remake???     PINK,0,tanglish
Bat man 2.0,0,tanglish
Dei 90's kids innum 80's kids yengaluke Kalyanam aavaama vettiyadhaan irukom adhukulla Periya trend Mayuru madhiri moochuku 300 dharava 90s kid.konjam adakungada thambigala,1,tanglish
Thanks to Shankar 4 making us pride,0,tanglish
Veraa level trailer! Awesome visuals  mass,0,tanglish
70yrs Old Young Man... Vera Level Verithanam... One and ONLY SUPER STAR FOREVER. Thalaivaaaaaaaaaaaaaaaaaaaaaaaaaaaaaaa,0,tanglish
Record killer my  king maker.... samma thalaaaaa....,0,tanglish
Rajinikanth Anna is backkk Thalaiva 🤘🤘🤘🤘🤘,0,tanglish
Padathukaga marana waiting pandravanga oru like podunga  friend's,0,tanglish
Vera level nadipinnayagan avaru kanu kota nadakuthu paa NGK mass laapam maadu maranam,0,tanglish
Secand  rajini you sir Telugu fan sira superhit acting sir,0,tanglish
Padam mass hit  thalaivar.......semma jodiii Ravi Kajal,0,tanglish
Eppa Karthik unna tha nambi irukom .... Enga thalaivara kappathidu,0,tanglish
Thalaivaa Thalaivaa Thalaivaa Thalaivaa Thalaivaa Thalaivaa Thalaivaa Thalaivaa Thalaivaa Thalaivaa,0,tanglish
Super endha padam sumga matrm  kande papanu  ponga vache panaka avvnu naikara naingaluku sarupade,1,tanglish
Neenga sirikkaradhu perusu illa... Padam paatha engalukku sirippu varanum.. adhu dhaa perusu,0,tanglish
Last Tamil ah suit pannitu English la varuthu title... English suit pannitu Tamil la varalam 2:20,1,tanglish
ipaa enna panna poroom...     Sweet saapida porom...    Semmma,0,tanglish
"Priyanka ,ellam avan seyal pola ullathu",0,tanglish
fire engine aa kupdunga anga yeriyudhu mavu thala fansukku,1,tanglish
Thala da vera yarum illa yaru da irukka,0,tanglish
Bgm is vera level. Resembles marudhanayagam.,1,tanglish
WAITING FOR MOVIE     SUPER STAR RAJINI SIR MAAS,0,tanglish
Simran Trisha pattilam iruntha Padam nalla irukkuma,1,tanglish
Anbe Peranbe Song ...Trending No 10 ... Nadippin Naayagan SURIYA ...NGK Trailer ... Trending No 2 .,0,tanglish
adichi odraa atha  Vera level scene,0,tanglish
Hindi fan but still here hit like,0,tanglish
353 rd like suriya anna veriyan daaaa,0,tanglish
Yennada senju vachu irukkenga? Sultan la Thalaivara Rajini bommaiya kaatna mathiri...  Thalaiviya kevala paduthi vachu irukkenga...,1,tanglish
Eanda ungaluku Vantha rattham... Engaluku Vantha Thakkali chatni ya... Eni neraya padam rilish agumda... Waiting for thruwbathi...,1,tanglish
thala needa mass vijay oru losu,1,tanglish
Mersal teaser ku dislike poda ready iruka thala fans ethana per???? Therikavidrom,0,tanglish
Thala old get up la kuda superb,0,tanglish
#1on trending Sri lanka THALA ultimate,0,tanglish
That madurai backdrop rajini looks like Sudhakar (Parithabangal),1,tanglish
Ivlo per acting panirukanga...music romba weight ta iliyae,1,tanglish
Vijay Sethupathi irukaru Ila kandipa Padam odum athukunu str ra kora solla mata rendu sentha mass than,0,tanglish
Dei Namma chinna vayasula oru eri la poi kulipom la.. vaa poitu varlama..?? Dei Namma athu mela nadanthunu irukom,1,tanglish
Aap log Hindi me Kyo tralair release karte,0,tanglish
"trailer la nalla thaan irku, padamum ithe mathiri irundha en 160rs. ku worth ah irkum",0,tanglish
Idhe poi unlike pottawanga yaaru daaaaa,1,tanglish
Bro Relasing Telugu Also Bro.... PLZ..,0,tanglish
Peruku etha Mari eduthu vachirukada comali Eppudi oduthunu Naanum pakkureb,1,tanglish
petta marana mass iruku smile,0,tanglish
Dhanush action sema anaa itha padam kathyei sathi aatipadiyana movie vanmurai thutum,1,tanglish
After seeing irandam ulagam i lost faith in selva sir....pakalam,0,tanglish
Vivegam padam vetri pera vazhthukkal by Thalapathy fan,0,tanglish
743k likes reached aairuku  thala always mass,0,tanglish
Maranam mass maranam pongal ku toughu tharanam,0,tanglish
Surya politics pesura guts super Uriyadi2  ngk  kaapan,0,tanglish
Comments ku like vaanga comment pottavanga like podunga,0,tanglish
Yesterday movie paathutu trailer paaka vandhathu yaaru,0,tanglish
Lalettaa Suryaa  KV Anand,0,tanglish
ayyo suri mokka thanga mudiyatha,1,tanglish
afternoon trailer paaka vandha suriya anna fans,0,tanglish
G PADAM VARUMA......FORM FIRST U SAYING VARU,0,tanglish
Thala.... Na mass  Thala tha maassssss,0,tanglish
Action king pullingo like podunga,0,tanglish
THALAAAA  & U1 again ROCK,0,tanglish
Ilam Puyal Jayam Ravi Anna Is Always Rocking  #Comali FDFS Conform Poravanga Hit Like,0,tanglish
Vetri + Dhanush + G.V.P + Velraj = Successsssssssssssssssssssss,0,tanglish
Padam varum varaikum trailer pathu veri aethikuvom,1,tanglish
Enangada commentsla oru siruthakuttya kuda kanom...,1,tanglish
2K left for 500K likes,0,tanglish
Inda music ha engaiyoo keta mariyae irukae??🤔🤔🤔,1,tanglish
Samyukta from Rodies- mtv Anyone remember?,1,tanglish
Saadhi padam ilanu sollitu irukura ambutu perum saadhi solli vaalthukkal soldraanunga,0,tanglish
Semaaa super Suriya Anna marana waiting..... love u lot na,0,tanglish
trailer ey ivlo slow na appa padam?,1,tanglish
Viswasam super movie next this movie thala fans like,0,tanglish
Padam vetri pera thala fan sarba valzthukal...🤣,0,tanglish
Sema   trailer,0,tanglish
Adei nalla remake(copy) pandra da Thala illa thatha,1,tanglish
Thala fans vanga 1M likes konduvaranum...enapa likes kammiya iruku,1,tanglish
Thala illana mundamava thalaiya pagacha kandamava eppovume thalathanda engalukku mashu Vijay oru ---da thala is very beautiful memper,1,tanglish
Ayooooooo semmmaaaa thalaivaaaaaaaaaaaaa.... Repeat mode.... Semmmaaaa come back... Surya annnaaaaaaa,0,tanglish
ANY VADIVELU VERIYAN LIKE KAITHI VADIVELU VERSION  -,1,tanglish
Kola Gandula Iruken Padam PakkaSweet Star Enga Super Star,1,tanglish
@ 01:35 Enna Bladerunner 1982 vaa...,1,tanglish
Ponunga ku mariyadai . Thalai ku visvasam . Life goals,0,tanglish
Thala thaan eppavume ennudaya role maadal,0,tanglish
Ennangaya Beethoven music use pannitu illayaraja nu per podringa???,1,tanglish
athu epadi trending ah irukara topic la padam crct eduthiringalo....enamo onnu....reach ana sari....4 peru itha pathavthu soccer ku highlit kedaikato..,0,tanglish
Second kku second kku views athikamakuthu athanaala ON 1treanding kku kondu vangga,0,tanglish
Thaaru maaru vera lvl dhanush anna acting,0,tanglish
pakka mass.... i m waiting bairava movie,0,tanglish
Rangaraj pandey tha adaki vaasi thaliku munnala vaal aadakudathu !!!!,1,tanglish
enna ezhavu da idhu..Jay ku irundha aalumaila 1% kooda indha konagana ku illa,1,tanglish
Teaser Vida trailer nalla irukunu solura vanga like panunga,0,tanglish
reminds me spider man version 1,1,tanglish
Like u ajith sir. Boneykapoor kku help (kadan sumaiyai kuraikka) pannanumnu intha padam panringa. Great sir.,0,tanglish
Vera level Surya Anna I love you Surya Anna,0,tanglish
"Vantha mass,pona mass,ninna mass, patha  mass,pattum mass,r est f all actors please odirungaaaa........yenaa intha pongal engal masss",1,tanglish
Engineering sonnavan nalla varuvan pa,0,tanglish
Vijay sethupathi voice I like you,0,tanglish
Konjam othingiru odi pathingiru varathu THALAIVAR.....,1,tanglish
singam singam dorai singam.......    naan paathathum thingura oonai illla         pasicha mattum vettai aadura singam...                   ipo kola pasila iruukken    yethu kedaicaalum vetti adanumnura verila irukken yethila yevan vanthaalumm yeri mithichitu poite iruppen....  vada vada vada vada ............,1,tanglish
Thriller And Amazing Suriya Sir Vera Level...!!!,0,tanglish
MR ARR  ARS  ARV  STR VSP,0,tanglish
Keka beka keka beka nu oru short film vanthuchu antha concept ithu copy da deiiiiiiiii mersal vetrimaaran laam athula varum,1,tanglish
Adei.. Ivar pesaura ella dailogue um Kusuvasam ku daan dedicate pola,1,tanglish
"sema vfx, Shankar sir great",0,tanglish
"Thalapathy mersal :)  Intha aamaiyanungaluku thaan Diwali , pongal nu ethuvum kedaiyaathe aparam yen da inga vanthu koovitu poi oppari veinga ponga!",1,tanglish
Namaku thevaiyanatha nama tha adichi vanganum...,1,tanglish
Surya anna nenga vera level my god,0,tanglish
Ilayaraja avarhalae...thaangal mattum aduthavar isaiyai apataama use panalama? Copy adipavarhalai neer oru varthai soneer...athu umakae thirumbukirathu,1,tanglish
vaa thalaivaa vaa thalaivaaa,0,tanglish
Pinnadi...man of steel bgm oduthu...  keta payan yuvan,1,tanglish
Jayam Ravi Anna Fans Yarachum iruntha Like pothu ponga pa....,0,tanglish
"Vijay Anna Ve mass than, ithula Vijay Anna padam nu vainthuta mass hit than",0,tanglish
Inum na sagurathu kulla intha mathiri yethana kodumaiya paka poranoo therilayee,1,tanglish
Ayoooo thala........ evlo naal unna paaakama............    great trailer............,0,tanglish
ena da koduma ivlo late ah view earuthu nane 100 time  Ku Mela pathurpan so sad,1,tanglish
Thaaru maarruu thakkalii soruu... #AnbaanaFans ..,0,tanglish
Ennakku Oru Doubt   Ithu Teaser Ahh Trailer Ahh   Teaser ku Tease Nu Pottu Vechurrukkanga..🤣,0,tanglish
மரண waiting 🤗 🤗 thalaiva  chiyaan vikram,0,tanglish
August 8 tamilnadu fulla terika vidrom.....,0,tanglish
"Aiyo mokka..kevalam idhu ellam oru teaser ah..singam 1 , 2 parkave mudiyadhu idhula idhu vera..idha parthutu yaru yaruku heart attack vandhutto theriyadhe pawam..Surya pakka flop",1,tanglish
"Yen idha nan ivlo tm pakkuren therila, avlo pidichiruku, i love MY STR",0,tanglish
Thalaivar than massss evanalum Thalaivar itathai pitikka mutiyathu,1,tanglish
All the best vikram sir I am from karantaka D boss fans,0,tanglish
THALA THALA THALA THALA THALA,0,tanglish
Yaaru Fan-numay illa.. Hit like here !!,0,tanglish
vava #thala  therikka vidalam sema mass  thaara thappadda kizhiya pokuthu..................,0,tanglish
Bgm is not powerful like vada chennai,1,tanglish
enaku apadiye ATM+Sura paathe matheri iruke..wiggu super diyoooo!!,1,tanglish
S T R. thalaivaa ni vanthale  RAJA  than thalaivaa,0,tanglish
Pollachila ponnungala koduma puduthunatha yenda kekka maatringa? appo yaaru sunniya oombitu irunthinga. Intha polappuku en sunniya oombitu ponga. Panrathellam pannitu aduthavan Sunni than perusa irukunu avan mela Pali pottu oomba Vara maanga pundaiss yepdi arivu irukum,1,tanglish
Mast film....100 days guaranteeee Kaalioru aata!!!!!!!!!,0,tanglish
Dei na Oru alavukku Vijay fan dhan da..but epdi da dislike panna mudiyudhu Indha trailer ah ungalala?? It's seriously good and well shot..konjam aachu unmaya irunga unga life la.. unmaya nalla irukradhu appreciate panravan dhan correct Aana aalu..,0,tanglish
Hahaha... Shakthi Maannu nenachu Maadi la irundhu kudhicha 90s kid Da Naanga.!!!?,1,tanglish
adeiii...idhoda stop pannikonga...padatha rls pannadhinga da..mudiyala,1,tanglish
"Ithu Sirantha Vaanam, Ithu Manikalin Vaanam, Ithu Cheka Chevantha Vaanam.   Muthumani Rathinam, ithu Maniyin tanthiram!",0,tanglish
Sirapana tharamana sambavam Iruku Ponugaluku.. Thalaivaaaaaa Mazzzz da.. vjs acting Pakka,0,tanglish
Kolaaaaa maaasuuuu thalaivaaaaaa!!!! Chanceyyy illaaaa thalaivaaaaa!! Vera Vera veraaaaaaa !!!   🤘,1,tanglish
Ellame okay than.. Athena rishi richard.. Rishi ah edhukku nadula soruganum????,0,tanglish
Vara level surya anna...yuvan music ultimate,0,tanglish
indha diwali bigil pola. kaidhi dhan.,0,tanglish
Pattaya kelapitey Siva!!!  Awesome!!!,0,tanglish
VFX ...Vera level.. Nice colour tone..,0,tanglish
Ethana per padam pathuttu trailer pakuringa??,0,tanglish
Arunvijay Masssssssss Avarukkaga matttume Padam paarpan,1,tanglish
I'm​ BIG FAN OF DHANUSH FROM MOON,0,tanglish
Podu evalavathaan age aanalum thalaiyoda voice irukkae,0,tanglish
redzayyy cikomomo dei ippo vada parpom Thala fans unna summa vida maatomda,1,tanglish
Dei jeeva mugham moodi and krish copy panni vechittu....hero....poolu name vereaa.....thuuu,1,tanglish
visuwasam teaser coming ...? yarelam waiting .....?,0,tanglish
After 10 apparom trailer ha pathu Ngk best nu permapadura idots ku epave Ngk-2 edu unnoda genius ha katu thalaiva uncut waiting in Ngk-2,1,tanglish
Anna ellarum eppa than Arasiyal padam edukanga but namma 15yrs back ah panniyachi(Aayutha eluthu)  my age 18 intha 18yrs nan unga fan than Anna,0,tanglish
Plants vs zombies music maathiri irukku,1,tanglish
Rajinikanth padam vasoolai muriyadikkara padam athu thala padama than irrukkanum  All the best to vivegam for a great success From rajini fans,1,tanglish
1.40 sec   Thala Kola mass,0,tanglish
Surya sir came with bang......Fab teaser,0,tanglish
neega vanga Anna nanga erukom by thala veriyan veeram jegan,0,tanglish
From 0: 48 #U1 bgm start,0,tanglish
"l like rajini on screen vera leve,l petta pataya kelapum pongal ku nee tan king..... old rajini is back...",0,tanglish
Very good film after long time,0,tanglish
Mass la pakka mass thalaivar athiradi,0,tanglish
"semma super marana mass I am waiting ,",0,tanglish
Enga da Vidya Balan ah kaanom!,1,tanglish
DMK Kala nadukkurth ...story super...ahdutha iruvar...manirathnam Padam release ahnano palaya PADI olinjukkonga....,1,tanglish
"hahahahahah enna karmam da ithu?????? vivegam , viswasam and now ner konda parvai back back flops for ajith kumar",1,tanglish
Vijay fans like here Ajith fans like here poyi...நாடாரகள் like here கவுண்டர்கள் like here nu poidumo,1,tanglish
Mass overloaded.:)...varlam varlam vaa varla vaa...bhairavaa,0,tanglish
Senseless movie ..  just video game..,1,tanglish
Ngk movi suriya anna acting mass,0,tanglish
Thalivara kalaichu inoru scene eduka porangalam...,1,tanglish
Vera leval thala nee all record drag,0,tanglish
"Gun vilayadudhu...,, yethanai rajini padam pathrukom",0,tanglish
"Intha maari padam varum nu thaan ivlo naal kathirithom super, Anthaa oru seen, thiruchangode #Yuvaraj_Anna #Reminder  ¢ Congratulations Team, summer ku release pannunga",0,tanglish
enga Alla Adichikka yaraalayaum Mudiyathura  Namma Nadipin nayakan Surya ki jei,0,tanglish
"Cofee splllunga ithu oru comedy pundayan , keeela Thala vadivela minjitttta ru nu  aaamaislam sollitrukaaanunga loooosu kooothinga",1,tanglish
Annan vj Anna Kuda varakaaa.... appoum block buster than....,0,tanglish
Tempo nalla ethi irukanga Editing cuts are excellent and PC.sriram sir camera-la vilaiyadi irukaru illaiyaraja sir & myskin sir always hit.,0,tanglish
Who r all here after avengers endgame Tamil dubbing,1,tanglish
Enga annan Rangaraj with Ajith sir Mass thaan... 🤓🤓🤓,0,tanglish
Selva Ragavan fan hit like here,0,tanglish
Daily um at least one time achum trailer eh pakuravanga like podunga,0,tanglish
ivara pathta death vadi madiri irukku,1,tanglish
Bigil aadhu mairadhu ...... Kaithi Vera lvl,1,tanglish
Yethana padam dhaan da ore maadhiri yedupenga,1,tanglish
Daily likes & views pakka vanthavaga ellarukum vanakkam,0,tanglish
Dei Paarungaaaa daaaa paarungaaaa En Thalaivanaaaaaaa Iyooooo Gommalaaaaa Nanga Pannadha Role Illa Podatha Get Up Illa Kaapan 200cr Adikkum daaa Paarungaaa deiiii Verithanam Pannirukkimgaa,1,tanglish
Thalaiver serupu ku mun yaduvum onnum ella,1,tanglish
"Trailer pattadum eppa da movie pakka poram nu iruku,avulo nalla iruku trailer",0,tanglish
Yennada ithu padathai partha etho sura mokka padam pola irukku mokka da,1,tanglish
Police kudumbam Govt Paathukum Un pillaya yaar paapa? #massdialogue,1,tanglish
Super star petta pongal  petta paraak,0,tanglish
Movie ah Diwali ku release panna nalla irrukum,0,tanglish
Opening yelàa nalathaaa pa eruku aanaa main film epdi erukupodhu therilaee,1,tanglish
"KAAPPAAN TRILLER MOVIE MASS BROS.......,................... KAITHI ALSO TRILLER MOVIE",1,tanglish
Super thalaiva .Semma mass. Intha movie blockbuster thaan. FDFS poravanga like pannunga.,0,tanglish
Fur Elise music ah bgm ah vachitingala...,1,tanglish
I'm big fan sir I love you,0,tanglish
20mins 465k views oh my,0,tanglish
sikkarama viswasam trailer pathuttu inka vanthu 1 like podunka....thala bloods...,0,tanglish
Enna da elarum Vanda. Vandaya kilicha aprom trend aagudhu sun pictures kekadha kadhuku headset ah,1,tanglish
De 13m than ....karuthavellam galijaam song 31m...sivakarthikryana first beat pannunga,0,tanglish
0:42 surya oda kannu(eyes)koda nadikuthey. Nadigan da,0,tanglish
Action king  ningale hero va nadichi irukalam,1,tanglish
Hey kaithai deepavali ku film release pannitama floop ayidim..annan verithanam realised....pongaluku relise panniko polachikuva,1,tanglish
Waiting Richard hit kadhal vairus 90s kids fans,0,tanglish
Mani sir..enna sir pannirukkinga...love subject ah mattum ennaikkum vitradhinga sir..,0,tanglish
Dai thevidiya bullaye niranjan soorappan unaku theriuma peasatha da badu yen komavula erukiya da thevidiya baiya,1,tanglish
pakathana porra pongaluku engaloda aatatha 10th JANUARY 2K19,1,tanglish
97k Likes  Today nyt maybe 100k likes,0,tanglish
Masssy Theriiiiiii.... SaNa Music just osummmmmmmmmmmmmmmmmmmmmmmmm,0,tanglish
11.6 Million views soon   ...,0,tanglish
I am chitti...... Reloaded... Version 2.0,0,tanglish
43k haters enga da irundhu varinga,1,tanglish
Unaku yaravadhu pazhaya friend irkangala.... Nambadha... Epic,0,tanglish
T H A L A,0,tanglish
Surya sir Masss Yuvan sir Masss Selva sir Marana Masss,0,tanglish
Ivaru padathula mattum Beethoven podalam aana Govinda Vasantha padathla Ilayaraja iruka kudadha? Idhu Enna Aniyayam,1,tanglish
Indha teaser 1m likes varom solravanga,0,tanglish
therrrrrrrrrrriiiiiiiiiiiiiiiiiiiiiiiiiiiiiiiiiiiiiiii Babyyyyyyyyyyyyyyy.............. Cant Beat Ilayathalapathy ............. Best Trailer Of Vijays Career............. theri baby.........,0,tanglish
Enna ba Netflix web series maari feel aaguthu ...,1,tanglish
50k view 81k like 1.1kdislike 🤣🤣,0,tanglish
Sama mass vijay Anna.... I'm waiting...,0,tanglish
ada pavi petta trailer review kuda trending la irukhu ana trailer I'll a  idhu you tube oda Sadi,1,tanglish
1:00 - 1:18  My pick,0,tanglish
Pink la fight lam varaliyae.. aana idhala fight at 1:35,1,tanglish
yanga thalapathi tha da vasul manan.....#manda,1,tanglish
ALL THE BEST FROM #BAADSHAH KICCHA SUDEEP BOSS FANS,0,tanglish
"Nithya menan bettar than kangana Nithya face cut, body shape look like jayalalitha",1,tanglish
ooooooo my my alludu thalapady mass........romba kaettawanda thalapady,0,tanglish
Ena da #vivegam padathoda place lam katrinka,1,tanglish
Sila yechai director ku yella thel kottuna Mara erukum. Avanuka Donna jathi veri illa ethuve enthamara sonna avangalku vairu yerithu...,1,tanglish
Itha paathathuku apram yepdi like podama poga mudiyum..,0,tanglish
Semma kaalai Da Rajini kku Periya aappu,1,tanglish
Vera level  la iruku  . . .  Inga konjam payama than iruku  . . Accept,0,tanglish
Moms be like..akshay kumar nalladhu dhaana senjaaru...avara poi konnuteengaley da apparasandigala🤣🤣,1,tanglish
Pesama  dheeba va nadikka viturklam..face aachum match aairkum,1,tanglish
"Chiyaan Vera level maassssss ,like a Hollywood actor",0,tanglish
Rajini eppa da 1996 la Arasiyalukku varaen nu sonnaan?? DMK alliance ku support thaana pannaan??  Kirukku payalungalaa... Padam nakki kittu thaan poga pogudhu paarunga...,1,tanglish
Romba years kaluchu Surya  Anna movie mela payangaramana expectations vanthuruku....Surya Anna..kalakunga...by Thalapathy fan,0,tanglish
ada pavikagala ticket poora full coimbatorela,1,tanglish
SooraraiPottru Teaser Pathutu Vanthu Intha Teaser Pakka Vanthavanga HiT Like 🥁,0,tanglish
Dai mersal Vijay scene delete panungada -------------,1,tanglish
"Evergreen superstar ,thalaivar mass intha vayathilum,make up irunthalum set aka vendumallava,thalaivar unmayilaiye marana mass.",0,tanglish
Surya annakitta irunthu ivvalo piriya virunthu kitaikumnu yathir Parthen Mikka mahizi Anna vazthukkal,0,tanglish
Kaappan trailor Ku marana waiting la irukuravuga yellam like podugga,0,tanglish
Thalaivar ah ipdi pakka than Asa pattom,0,tanglish
Vijay Fans Bairavaa Teaser Therikavidalama 400k like,0,tanglish
2019 blockbuster movie  #Selvaragavan #Suriya #Yuvan,0,tanglish
Wru neeyar nayanu enno da ethurla irukurayunga mudiyu panuvanga,1,tanglish
thala enaikum Masssss vayasanalum neenga marave illAaaaaaaaA,0,tanglish
Naayakar da.. Padam 100 naal odum.. Kuruma badu,1,tanglish
Back to youth Rajini... Thalaiva marana mass .....,0,tanglish
Rajini nale mass than pa,0,tanglish
495 k iruntha like IPO kammi aakuthu ?,1,tanglish
Vellore mavattam vanniya kula ksa3n movie vattri para vayuthukal,0,tanglish
Kamalah kanu aprm endah perah munadi podringah?,0,tanglish
39K Dislike  Impressed Better Luck Next Time..  Anils Stomach Burning,1,tanglish
Varlam Varlam Vaa Varlam Vaa Thalaivaa                     BAIRAVAA  Thalapathy massssssss,0,tanglish
Dai ithu jileby short film daaa,1,tanglish
Friend na Facebook la like kudukura friend nu nenachiya... life a kudukanum da... 🤭🤗 semma na like podungha,0,tanglish
Thorapathi 5pera otha pathini..... Ha ha ha..... Pappan jathiya create panitu santhosama namala rule panra nenga anda jathi penda jathinu kuthikringa.....oleku theva puulu thanda jathi ila,1,tanglish
wowww amaizing bgm nammakita kaaadu iruntha eduthupanga kasu iruntha pudingikuruvanga padipa mattum eduthukave mudiyathu chithambaram. superb,0,tanglish
Best in best in all trailers,0,tanglish
Vettiya like poda vandhavan inga like podunga,0,tanglish
@1:44 pubG pasangaluku Weightaa thiruvizha iruku pola,0,tanglish
Unga ponnungala love panna neenga kola pannuvinganu therinjum love panrangalea athu yethukkaga panathukkagava,0,tanglish
En thalaivanukku Mattum markandeyan varam kidachu iruntha sema,0,tanglish
That bgm ..vaa elunthu vaa gv yu nailed it 🤩,0,tanglish
Andha real estate criminals la paathi cinema karanga thaan,1,tanglish
My favorite is love ah solla vekka padrava vaazhave vekka paduvaanh arthonga,0,tanglish
No 1 trending again Vara vainga friends,0,tanglish
Ore oru kora mass kammiya iruku mathapadi adi poliii,1,tanglish
Ponnunga na ungaluku enna oru porul nu nennapa. Vekama illa.,1,tanglish
467k views 428k likes   Power of THALA Ajith,0,tanglish
My age 18 I am rajini fan,0,tanglish
Engal Nadar Samugam sarbaga Valthukal 🥳,0,tanglish
Kathir thambi bigila oru varushum kalichi endhiruchi teengala,1,tanglish
Enna dhan kaalam maranalum andha sadhi veri adanga matrangu modhala governmenta Sadi veri pudichada eruku sc vela bc Vella illa Enna da edu India,1,tanglish
anils fans katharals saththam athigama irukay,1,tanglish
Pa ranjith avargale inime. Oombiduvinga.... Ngommala replay pannungada enga ponna thotta inime saavu bayam varum ungaluku,1,tanglish
China vayasuna Enga appa amma sanda potale.. bath room la poi vilunthu vilunthu siripa.... antha mari ethachi..,0,tanglish
Rajini said 2026 nan arasiyalku Caribbean,1,tanglish
Hindhu madhatha vachi padam edukka aambaliye illaya Cinema vula parayane dha Ava saadhiya vachu eduthukitte irukkanunga janangala mind wash pandranunga,0,tanglish
Hit like for arr fans,0,tanglish
Very bad na ethur paartha alavukku illa,0,tanglish
Semma ya irruku etha varushum vikram vedha mathiri,0,tanglish
Positive point-rajini sir Negative point-rajini sir...... kaala is perfect movie superstar.....,0,tanglish
Paaka thaana pora intha Kaali oda aatatha,1,tanglish
Views 44k. Like 75k va purilaya,1,tanglish
Mass trailer.... lokesh kanagaraj u prove it.... karthi acting super,0,tanglish
Thaalaaaaaaaa...padam nerunga nerunga again again paathu veri ethikiravnaga like podunga,0,tanglish
I like Trailer 100 views 2.1M Likes,0,tanglish
PUBG perisu illa FREE FIRE thaan....,0,tanglish
Dhanush - Vettri Maran sollava venum mass Tha,0,tanglish
Adengappa 🤔🤔🤔   Verithanama illa irukku,1,tanglish
Padam  puccah  va  vara podhu.. Guarantee aa  hit..  Dhn,0,tanglish
Rajesh m.selva engada ennoda thalaivan name  Vikram,1,tanglish
Mersal teaser varattum aamai kunji la okkanthu mukki mukki pannuna record la adichu norikkittu pooromOkkanthu oppari vainga da aamais,1,tanglish
Semma Trailer... Mass Trailer... Suriya Sirah Oru Puthusa Paakra Maari Irukku... Marana Waiting for the Film... BGM Semma #U1 Mass pathi sollanuma,0,tanglish
Trailer u mokka padamum mokka thala hard work but siva story a sodapittan ini siva oda serada thala.,1,tanglish
vivasam laa avlotha ippo petta tha mass,1,tanglish
"not surya fan, im selvaragavan fan da",0,tanglish
Na yethir pakkava illa thala acting,0,tanglish
Trailer pakum podhu seeman Anna  nyapagthuku vararu.... NGK similar to NTK...,0,tanglish
Kamal hasan nu potruku.  Where is he?,1,tanglish
Vera leave bro,0,tanglish
Yaarukellam padam marubadiyum paakkanum pola irukku ??,0,tanglish
Control panna mudiyala..... Waiting la veri yerudhu,0,tanglish
Viswasam trailor ku .......Petta evlovooooo better...........,1,tanglish
You are lying lying lying lying,1,tanglish
100k likes 52k views YouTube  repaired #kaithi vera level,1,tanglish
all the Rajini fans are vayir erunjufying,1,tanglish
Epdi da Kujay fans auto like vanguringa,1,tanglish
Will hit 6m today.. Thalaivare ellarayum cinemala pudikum but ungala real life la pudikum...,0,tanglish
Shruthi hasaana.... Padam velangna maari thaan,1,tanglish
Jiiva in Searu padam vettri ataiya Top star PRASANTH fan sarpake valthukal.,0,tanglish
its just like a hollywood movie.wow,0,tanglish
"Suriya getup, hair style chance ye illa",0,tanglish
Hit like  ar rahman sir fans,0,tanglish
Tirunelveli Pillamar sangam sarabaga vazthukal,0,tanglish
ULTIMATE இளையராஜா Sir VERA LEVEL BGM,0,tanglish
Ivan la oru aala ivan la oru moonjiyaa nu ketaanga...ana inaikku danush engayo irukaaru...,1,tanglish
Nasthi pannitanga ellorum Music vera level la iruku Love STR,0,tanglish
I love Akshay Sir ji... Rajani sir,0,tanglish
Ahaaaaaa....thala ya  ..ipdi 1u character la pathadhe ilaye bayangaram ah irukare,0,tanglish
AM   FROM  KARNATAKA   SURIYA  FAN     NOW   TRENDING  IN KARNATAKA   KOLLYWOOD ACTOR     SURIYA   ONLY      SINGAM  DAA   VETTAII   START  JAN 26,0,tanglish
Sangakiri vanniyarkal sarpaga padam vetriyadaiya valthukkal,0,tanglish
Intha padatha pathuttu thala thalapathy trailer/movie pakkumbothu mokkaya iruku,1,tanglish
I love you Chiyaan vikram anna,0,tanglish
Full ah graphics ah irukum pola,1,tanglish
Yarellam 1 dhadavaiku mela indha vid'wa pakka vandhinga,0,tanglish
Ivan  oruthan dhan different different nadikkira,0,tanglish
super vijay....LOVE YOU ilaya thalapathy I'm waiting,0,tanglish
a enna thevanna summavaa un movie otathu,0,tanglish
Chiyyan vikram fan's from Kerala like here,0,tanglish
Maaaaaaaaaaaaaaaaaaaas thala unmaiyilae Vera level ! Visuals are par extreme this gonna b true game,0,tanglish
Kolaveri la yerukan yenda Padata paka ma vida mattan confirm blockbuster.,1,tanglish
bass music  its my ringtone La La La La La Surviva.,0,tanglish
Idhu Oru short film concept.....kekka bekka short film name,0,tanglish
Adei ultimate da padam confirm hit,0,tanglish
Super trailer...bgm mass love u ysr anna,0,tanglish
Family yoda padam parka mudiyathu pola.....,1,tanglish
Padam Vere level from Thalaivar veriyan.  Abirami big boss performance seme!!!,0,tanglish
"Wowwwwwwwwwwwwwwww .., THALAIVAN  ROCKSSSSSSSSSSSSSSS./////    WE     R      WAITING        (VJ  VERIYANS )",0,tanglish
2.01semmma bangam panniteenga............ One line semma interesting  Screenplay um nalaa irrundhaa magizhlchchi,0,tanglish
Not as good As kaapaan trailer... Politics pesaran paradesi,0,tanglish
Saavanumna santta pottu savanum   Aduthavan kalla pudichu savakudathu   semma  dilogue,1,tanglish
90s la kathaluku mariyathai. ..  2k la kushi...,0,tanglish
Elarumay kannu ashivu illa ma irrukanga namba heroa mattum kannaadi poatukitaru because appudi nadika theriyadhu eeeeeeeee....,1,tanglish
2.04 .Rajini ah serupala adicha Maari irundhuchu,1,tanglish
Indha echa vijay katharal thaanga mudiyala,1,tanglish
Vani akka vara level akka  niga one time meet for You Akka...... Love you akka,0,tanglish
ura mass Jai  Vijay sethupathi,0,tanglish
Thalaaaaaaaaaaaaaaaaaaaaaaaaaaaaa Dharisanammmm da. Thala da vera Evan daaaa 🤝🤙,0,tanglish
Ippe likes kettu oru koranggu koottam varanume!?,1,tanglish
That bgm.. do or die,0,tanglish
varlam varlam va varlam va bhairava nee yepo vena va thalaivaaaaa,0,tanglish
Enaga annan solirukaru..ena da posunkunu  asinga paduthi puttingaa....  🤣🤣🤣🤣🤣,0,tanglish
Eintha padam pakanum na chutti tv  la  poduvan paruga,1,tanglish
NE ELLAM VIJAY ACTING KU SIKIRIYA. UNAKU ANDHA ACTING ELLAM VARUMA? NE ELLAM SIRIKARA,1,tanglish
Covai mavattam senguntha mudaliyar sarpaka pattam vettri adaiya valthukal,0,tanglish
winner winner chicken dinner ... next month 🤗,0,tanglish
"Trailer tharumaru,congrats myskin&udhay sir.... Padam kandippa hit adikumnu nenaikaravanga; Hit LIKE;)",0,tanglish
Surya. .......    NadippinNayakan......  All kerala Suriya Fans and Welfare Association,0,tanglish
thala oda trailar la parthytu epdida dislike pannathonuthu anil fans ku,1,tanglish
#Bairavaa.........! Sema Teaser..........! Yaarra Yaarra Yaarra Ivan Oora Keta Theriyum.....! Paarra Paarra Munna Ninnu Paarra Puriyum......! Varrlam Varralam Va Bhairavaaaaaa......!,0,tanglish
Bigil varuma nu therila yea,1,tanglish
Thalaya Kila amuka neraiyo per Vela pakuraganu therithu da ana ....avaru fans erukura varaikum onnumey panna mudiyathu,0,tanglish
KING OF MUSIC-SEMMA BGM.............JUST LOVED IT,0,tanglish
Makkal sellvan vijey sethupathi Maaasssssssss,0,tanglish
"Thalaivar thalaivar dhan ya !!!! <3 enna energy, enna maasu.. Mmale kola veri",0,tanglish
Ayayo ithu nalla illa semmaya iruku thalaiva,0,tanglish
Sema trailor oru padam partha feel tharuthu good work super all the Best surya sir oru sema hit theva padathu unga mass ya  kaaata,0,tanglish
Vidya vox full sex video,0,tanglish
Ajith kelava thaatha Andhra ku odiru,1,tanglish
"everything good.. but that WIG hair style is so annoying... thu.. evolo selvu pani film edukureenga, iddha paka matingala da dei..  Vijay pakka kandraviya irukaru.. oooowwwwww",1,tanglish
Padatha rachichu edukraanya en Thalaivar #mysskin,0,tanglish
anna super  vijay naa masssssss,0,tanglish
Pwoli teaser.. Surya vere level.. Lalettan,0,tanglish
This concept is taken frm a scene in RAJINI MURUGAN .. eppo thaan karakaattakaran padathula 1 roopak 2 sonnan athukulla 10 roopak 2 akkittiya Ehh 20 varshma comaale erunthiya?,1,tanglish
Kandasamy and Mugamoodi mixed nu nenaikre....,1,tanglish
Vera level iruku teasermarana waiting 🤗,0,tanglish
Viswasam trend aana udane ithuvum pinnadiye trend aaguthu!!! 2 naal engae irunthicho?,1,tanglish
Trailer pakka vanthavanga vida  comment pakka vanthavanga  Like pannunga,1,tanglish
Marana Maaaasssaaa  Thala ... I am waiting,0,tanglish
1M likes pannanum  Yellarum Ella account um use Pani like podunga,0,tanglish
Padippa mattum namma kitta irunthu eduththukkadavey Mudiyaathu,0,tanglish
Thalpathi  63 waiting  da,0,tanglish
Padam Nala irukum pola simple laugh laugh always,0,tanglish
Saho trailer 20 hrs le took more views. Nerkonda paarvai nakkitu poirchu.,1,tanglish
were I  good kaja ipatiku sarath thslapathi mass...........,0,tanglish
Podungadaa namma thalapathi ke like     Namma THALAIYVAR   daaaa,0,tanglish
Last dialogue Semma ya   Indha maari Ethana actor idhuvaraikum sollirukaanga   Indha nalla manasukkaga dhaan Thala un rasigana irukken,0,tanglish
Enada ithu sema mass ah iruku,1,tanglish
Marana MASS thalaivaa... Yengal Nadippin Nayagan #SURIYA#HAPPY,0,tanglish
Ngk kaapan idhula light a confuse anavanga like here,0,tanglish
"Thala Kola maasss..!!!  Ingayum sila Echa naaiga vanthu.. less views.. less likes, nu kadharitu irukanuga.. potta pasanga...",1,tanglish
U1  U1thala bgm king summa அள்ளுது,0,tanglish
Super Padam vantha vetriyadaiya vazhthukal by neega solludra kezhsaathi paiyan enna Da ithu daiiii adakumuraiya super ana ippo oru mazhirum pudunga mudiyathudadaiiii ippudi edukurathuku na venanu sollala UNGA samugathai nalla ketha solli edunga ana athu ethuku engala savadikiringa Da kk vazhthukal but movie kandipa mokka thannanda Attu kai Da neega,1,tanglish
Enna da trailer nu sollitu vaanam padatha katringa,1,tanglish
Politicians just seruppadi kudukum this Movie,1,tanglish
innum 20 varusham kalichchum rajini ithe dialoque thaan pesuvaaru.,1,tanglish
Vechi senjeteenga bro andha Rajini ya. Super bro,1,tanglish
Padatha takkunu release panni udunga pa... Wait panna mudila...,0,tanglish
"Konjam othingiru, odi pathingiru, Varathu thalaivaru PETTA parak 🤩",0,tanglish
Nenga commentla potrukingalet nadaga kadhal pandranunganu apo nengala mathava ponna thangachiyatha pakaringala onnu soldra oru Appanuku poranthavana eruntha yokiyamanavana eruntha yentha ponnaum sight adika mata bittu padam pathu kai adikama eruda apa oththukura ne soldra unnoda jadhi nalla jaadhinu otha yellatha thapu pandringa athenada avana matum kuththam soldringa porambomungala,1,tanglish
Honest ah sollanumna ...trailer looking good ...but rajni padam alavuku illa ... lets see viswasam trailer,1,tanglish
Ennanga Ithu tamil padama.. Hollywood padama,0,tanglish
Appriciating performance by kangana as jaya amma.,0,tanglish
54k dislike by vj fans. Thala fans get ready to give atleast 100k dislike for mersal,1,tanglish
"naanga vaaranam aayeram , ayan, intha mathiri soft surya yethir pakrom. yepa paar kathi kathi iritate panra mathiriye iruku. expecting different rolls.",1,tanglish
Mohanlal sir fans hit like lalettan ishtam,0,tanglish
Commends padikum podhey jolly iruku yengada irunthinga ivalo nala ithey pola yella jathi karanum othumaiya irunga pa,0,tanglish
Thalaya thaniya eduthittu vandhenna ennum sandhosa petturippe. Lady Supper Star  Manju Chechiiiiii Dhanush supper,1,tanglish
Ritika voice dhan oru nerudala iruku..,1,tanglish
Hollywood ya no tiene nada de. Creatividad,0,tanglish
Thalaaaaaaa u r mass thala I love u thalaaaaaAaaaaaaa,0,tanglish
"Tholiven bayam irudal dan, vetriku thudipu varum. chumma solren",0,tanglish
Wow Thalaaaa .  Mass Trailer,0,tanglish
ajith oru lose kirrruken romba scene podva,1,tanglish
"Kaithi =like.       Bigil pota Padam ,=comments",0,tanglish
August 15 sema vetta irukku 90's Kids  get ready,0,tanglish
60k views 106k likes how's possible,1,tanglish
"Pakka mass..,,, super surya sir",0,tanglish
Kiduveeee.   A Mani Ratnam Magic. .  .,0,tanglish
Valthukkal  mogan g  ( super ippdai  ya padam eadunga),0,tanglish
If Kangna Is Jaylalita then i am Shahrukh Khan,0,tanglish
I m here for Vivek Oberoi,0,tanglish
rajini fans oru like podunga pakala,0,tanglish
7.30 kke 400k+ views vanthuruchu but innum athuli ea irukku 🤔,0,tanglish
I Vijay fan but Ajith super,0,tanglish
En da dai. Athan Pink remake Ku sollitanga aparam en da Eillam avan seiyal mairu seiyal nu pesitu erukinga.,1,tanglish
Dislike panravan Vikram fan ha irupan 🤙🤙🤙,1,tanglish
"Nadicha pothu Vera Vena. , Arasiyal Vena",1,tanglish
Nama thalaivar idhuladhan real hero mari azhaga theriyraru'CHAAVA',0,tanglish
But lawyer did not suit ajith,1,tanglish
Thalaivaruda rajini   aj avadu vj  avadu,1,tanglish
"Aiyooo.......Vera leval...ennala controll panna mudiyala...big screen la pakka asaiya erukku....advance best wishes  selvaragavan sir, Surya sir, Yuvan sir..then hole team..",0,tanglish
645k tamil trailor likes....hindi 71k only...keep watch thala patalam ....,0,tanglish
Suriya veriyans like different getups,0,tanglish
Looks like chindamani kolakase movie theme,0,tanglish
8 days Togo Ngk Day 🥁,0,tanglish
Samma da surya Anna I love you,0,tanglish
Thala sema Mass niga vera  level,0,tanglish
Semma mass kattitu irukkar my surya Anna  Love you so much  #Kaappan teaser surya Anna semma mass,0,tanglish
killer smile intro semma bgm perfect,0,tanglish
Why he is looking like Vijay Antony,0,tanglish
Padam diwali kku vantha sottaian odiduvaan,1,tanglish
Yepadhan pa serve pannuva Serving soon nu poturuka???,1,tanglish
0:18 mass dialogue  U1 mass,0,tanglish
Nandha gopalan kumar entrykk vendi marana waiting.. Kerala suriya fans,0,tanglish
358 k likes in 24 hrs 394 k likes in 2 days 430 k likes in 4 days Still watching,0,tanglish
enna yuvan man of steel bgm la vaasam vesuthu,1,tanglish
Yaarukulam intha mask paatha kane neeyabagam varuthu????,1,tanglish
Super  star super star tha masssss,0,tanglish
End punch thaarumaaru  naan arasiyalukku varuvadhu urudhi.. 🤨🤨🤨🤨🤨🤨🤨idhu 96,1,tanglish
Kaipulla Vijay Twitter la Trending agudhu,0,tanglish
Ajak Ali Baadu Pans - enga irukinga? Summa kanna mulichu dislike potu time waste pannama poi thoongunga - ellam vayasana naainga dhan late night kannu mulikadhinga...,1,tanglish
Teaser vere level.... eshtapetavar adikadaa... like....... #suriya #laletten,0,tanglish
Who is Diwali winner ?  Like - kaithi  Comment - Bigil,1,tanglish
Enna da ithu trailer ah Serial ah,1,tanglish
Semmmma hit movie apdi nenaikaravanga like podungoooooo,0,tanglish
Guruma boys inneram kadharala start pannirupanungale🤣🤣🤣,1,tanglish
"100 ajithu, 100 Vijay vanthalum, rajini ya onum panamutiyathula,  only one supar one rajini",1,tanglish
"Udayanidhi anna , katchi velaya paarunga , ungalukku yedhuku cinema yellam .",0,tanglish
விஜய் சேதுபதி Police Katepla Super ahh irukaru...,0,tanglish
thalaya thappa pesa evanukum thaguthi illa mudincha modhi paaru la thala mass kelapitaru,0,tanglish
Semma mass trailer Surya  sir 🤩,0,tanglish
Hero name vepenga padam zero tha,1,tanglish
Thala n thalapathy  rendum perum vituvakalaya,1,tanglish
0:09 epadi mela vantha nu . Mela irukaravana pathu thana keka mudiyum ???,1,tanglish
i m str fan.but i m waiting ngk suriya yuvan masss combo,0,tanglish
Mind la asuran theme mattum dhaan oditu irukku,1,tanglish
Point blank padam remake..point blank paarunga super ra irukum,0,tanglish
Summa மிரட்டுது trailer.  Myskin fans hit like 🥰,0,tanglish
Thala  U1  Yuvan Shankar Raja  Mass....,0,tanglish
Bgm vera level la iruku. Naren sounds like gvm.,0,tanglish
Thalaivana mokka trailer pls make a cool film,1,tanglish
"Pavam Mani Ratnam, Ivalo periya Crew vechu Padam Muduchikaaru...!",0,tanglish
varlam varlam vaa varlam vaa bairavaa,0,tanglish
"varalam varalam va , (*thala padam ethum varala ) varalam varalam va bhairava ........................... * missed",0,tanglish
Dislike pottavanga ellam semma gandu la irukanga pola 🤣 avanga hero ellam intha mathiri padam thara mudiyalaye nu...,1,tanglish
ENDA TRAILER KUM EVANDA DISLIKE PODURADU CHI KEVALAMA ELLA,1,tanglish
Vaa thala nee mattum podhum enaku Vaa Vaa Vaaa....,0,tanglish
Mohanlals tamil talks is too bad,1,tanglish
Thalaiva pada prachanaikaga revenge edukuraro vijay,1,tanglish
Finally No 1 Trending at  Malaysia. #thala,0,tanglish
Intha age layum act pantriyae anka irukka yaa nee,0,tanglish
Mugamoodi maari aagama irundha sari Irumbuthirai maari blockbuster aaga podha pappom Dec 20,1,tanglish
Singam Surya Annan da... Vera level,0,tanglish
Viswaasam teaser Vara varaikkum vivegam trailer ah paathu veri yethuvom....,0,tanglish
Trailer sema super....trailer editing vera bangam ....,0,tanglish
Illaye kadasiya sirichathu casual ah siricha madhiri la irukku..,0,tanglish
Enda friend Like kuda poda matum,0,tanglish
Intha padam release aguma? Aagatha? Yaravadthu Sollungu da?,1,tanglish
Mersal scene ah paathu sirichavanga like poodunga,0,tanglish
Ithula dislike panna ennada irukku? Enda ithana dislikes,1,tanglish
Travaillez sur Internet sans investissement! mainofnews com / p119718,0,tanglish
Ithella ennada hollywood pado enga aalu siva etuthaaru paarraa vivegam pado athu maari oru pado ungalaala etukka mudiyuma aa,1,tanglish
விக்னேஷ் பாண்டியர் பள்ள தேவிடிய பயலே pallangira pera solla vakku illama koonikurugi pera maathi adharavu therivikiria avusari movane adutha jaadhikaran appan pera sollikitu ipdi avusari aatam aadura ungalamaari aalukuthaanda indha padam thevidiya payalay,1,tanglish
Yaravadhu jadhi eppadi uruvanadhu  Pls explain pannunga,0,tanglish
Enna da jayam ravi maari vara sonna nilalkal ravi mari vara sema,1,tanglish
Seems movie is not so intresting,1,tanglish
Animation mathiri iruku Thalaivi padathuku south indian heroin yarum kedaikalaya,1,tanglish
1996 rajini inium arasiyalukku varalana kevalama poirum,1,tanglish
Trailer late ah parthavanga like podunga,0,tanglish
Oruthavanga mela Katra viswathala innorathavangala en asinga paduthuringa....ithula etho iruku???,1,tanglish
Hahaha anna mithi kassu tanga naa ponum.....bangam...,1,tanglish
Dislike pannavan yara irupan sollunga friends,0,tanglish
Surya getap sema mass yarum intha mathiri nadikka mudiyathu,0,tanglish
"ellam ok, aana udayanidhi bro va nenachaa than konjam kashtama irukku !!!",1,tanglish
Ani neega kalappitinga ponga orchestrationla summa pinnitunga. must use headphones,0,tanglish
Tamil natu Thruthalakku 58 flim teaserkku dislike high level panunam it Watch.me I Am Waiting,1,tanglish
"We want old Prabhu deva like Kadhalan , Minsara Kanavu  & Mr Romeo  movie",0,tanglish
Why is she looking like smriti irani,0,tanglish
Wt a music ...music vera level,0,tanglish
Vijay sethupathi annaku nadipu but dance..🤔🤔,1,tanglish
Enna da 2days ku mela aguthu innum 1miliyan like varala. Eppo than varum 3 month apram ahh..,1,tanglish
Hospettel nusre nenachchaa...un jathi madham..enam yellam ore secondlaaa..maththiduvangaaa...ungala mari jathi veri pudcha aluhalukku ..perasavam pakkampothu apdithanda pannaumm...appothanda seripatu varuvingaaa,1,tanglish
#mamangam big budget movie #Language Hindi Tamil Telugu Malayalam #December 12 worldwide release,0,tanglish
Happa Bgm from 00:48 sec. yuvan thaaru maaru,0,tanglish
vijay sethupathi ah sariya kataleya iam mode out hw many r nt satisfied hit a like.......,0,tanglish
idha Vida kevalama na teasera en vazhkaila pakkala,1,tanglish
sema movie real hero Sivakarthikeyan Anna,0,tanglish
Intha padam nalla odanumna bigil kuda motha vendam,1,tanglish
Mysskin sir you are favorite Person i love your moves,0,tanglish
"On Jan 10 ,Superstar reply to dislikers will be  like video from 1:42 to 1:48. Petta Paraak",0,tanglish
pathutte irukkan..... countless.....12.00 am la irundhu......thunga kuda illa......i love u thala.....,0,tanglish
Vijay vechitu ajitha vitta epdi...? Question ku avasaiyame illama thapichitinga,0,tanglish
Evanda athu unlike podrathu....... Rasana kettavaingalaa,1,tanglish
That generation gap between 90$mens and 2k kids (90'$ nambalum ettana naltha kidava nadikrathu),0,tanglish
Gethu Da padathuku nanga nikurom kooda,0,tanglish
therriiiii trailer <3 <3 <3 <3 <3 <3,0,tanglish
Paa.Ranjit trailer pathutu saethudu... Ila ini padam yaedukaradha vitru....,0,tanglish
2.0 Vera level   Padam 100 naal  conform,0,tanglish
Comment neraya varanumnu orey aalu naalu vatti comment pennutanga  ...........soo pathetic,1,tanglish
Vera level. #Thala  mass ..........,0,tanglish
Indha arasiyal padathukku face reaction romba mukkiyam... But suriya ku ella scenelaiyum... Ora reaction than katturaru.... Voice andha alavukku kambirama illa....,0,tanglish
Innike 445K+ to 450K+ likes varumne soldrevangge like podengge,0,tanglish
Vera level. Surya'kku Jodi illayaa apa,0,tanglish
Str nd arun vijay intro  bgm mass,0,tanglish
"OMG TN la ithana caste irukka🤔 technology koodave modern aah caste um develop aayite thaa irukku.... list perusa poitu irukku,...",0,tanglish
WHO THE MOTHER FUCKERS DISLIKE THIS VIDEO,1,tanglish
Thala pathi pesuna summa vidamatta da poda losu,1,tanglish
"அக்னிநட்சத்திரம் Version 2 va irukumo yeanamo, padam nalla iruntha pothu yeanna 120rupa summa illa",0,tanglish
Pollachi sambavam apo enga poniga hero.. sathi unnai sakkadyakkum ethana Periyar vanthalaum ungala matha mudiyathu Tamilnadu sekerma azhinchudum,1,tanglish
"Eppodanda padatha release pannuvenga , adukkula santanam 60 ayiduvar pola",1,tanglish
#2.0 in kannada dubb tamil movies in kannada,0,tanglish
Paaaa first' scene look....**  Ithu mathiri Actor nan pakala samy daa ..,0,tanglish
Mohan Anna Eppavum unga kuda nanga irukkom{ Eppadinkku> Vanniyar SonthanaL},0,tanglish
Kaithi miga periya vettri vazthukal behalf THALAPATHY fans,0,tanglish
pakka Maaaassssss modern day ponniyan selvan eagerly waiting  #manisir #rahmansir #strking #arvinddynamo #arunvijaystylish #sethupatipakkamass,0,tanglish
I am Vijay fan.but super THALA,0,tanglish
GO GO GADGET... HELICOPTER MACHINE GUNS!!!!,1,tanglish
Idhu #kollywood thana Enaku ennamo #hollywood ah irukumonu doubt ah iruku.. Ungalukum antha doubt iruntha hit #like..,0,tanglish
"Appo rajini 1996 la irunthuttu arasiyal ku varuven nu sollittu thiriraara !!?,",1,tanglish
Thalaivaaa love youuu...... last la vara dance semma,0,tanglish
Indha dharava Suriya annan ongi adikka poraan!!! Kaathiruppom !!!!,0,tanglish
Mutta koothi mohan  Mairu iruku inda  trailer,1,tanglish
Padam eppa varumo... Samaya irruku vertrimaran.. Dhanush. Always mass,0,tanglish
Idhuvae bore adikidhu...padam release pannatheenga please!,1,tanglish
Intha trailer kku wait pannuna  Vijay fans Oru like pannuga,0,tanglish
Kaalaa movie rain fight scene la rajni umbrella thookkura scene idhula jayam ravi ditto... Anyone identified ?,1,tanglish
Will movie   Hit : like   No : comment,0,tanglish
Mass thalaivaaaa. This is Basha 2,0,tanglish
"Indha year August 24 thala pongal, & deepavali da...",0,tanglish
Pottu thaakku ... Pottu thaakku.... Maas over loaded .. VJS..Arun..Arvind..Simbu..,0,tanglish
"sila muttaalgal sonnanga.. petta VJSethupathi kaga paakaporom, Rajini kaaga illanu.. Kanna... Rajini padam na... Rajini mattum dhan",1,tanglish
9 Million views   #தெறிக்க விடுறோம்  #NEVER EVER GIVEUP,0,tanglish
Yuvan bgm vera level i love u yuvan anna,0,tanglish
1:05 Thaaala  STR fans Like Hit...... Vara Lvl.... Sethu asusal Vara Mari Irukapala...,0,tanglish
"Yintha Kaalakattatirku Yerpa Ulla Filem, Valtukal Tiraubati Team, unggal Filem Vetri Magudathai Yhenthum...super ba",0,tanglish
pakaaaaa masss sama mass asal mass's  vedalam mass veream mass's,0,tanglish
Naan oru thalapathy fan aanaa naan 100times mella paathirupan...aaana likes views romba kammi,0,tanglish
Ellam ok intha mugamoodi mathiri irukathunu ninaikiren,1,tanglish
Enada music abitiye asuran mariye iruku,1,tanglish
1k + comments in just 12min..,1,tanglish
Chance illa semmmaaa super mass Thala...,0,tanglish
Yannada trailer ithuuuu......yandaaa koluthinkaaaa.......thalaiveee STR manithan *Vijay sethuphathi*......,1,tanglish
இப்படம் வெற்றி பெற எனது வாழ்த்துக்கள்.... I m also belonging to vanniyar community but not that leads to wish this movie.,0,tanglish
VeriThanam Overloaded...Namaku Thevayanadha nama dha aduchuuu Vanganoooooo....Goosebumps,0,tanglish
Ilayaraja avargalae.. Beethoven music use pannaruthu mattum romba anmai thannamo.,1,tanglish
Indha naadum nattu makkalum naasamai pogattum,0,tanglish
thala moonchi enna ivalo kodurama irukku makeup innum konjam thookala potrukalam,1,tanglish
Nan koda padam than oduthu nu nenaichen  trailer ah da samy ivlo perusa pothu,1,tanglish
This movie is derived from short film kekka bekka kekka bekka with same director,0,tanglish
Lalettanum nadippin nayakan suriyayum......marana mass teaser,0,tanglish
Ilayaraja matum beethovan symphony a apadiye use panalam,1,tanglish
Padam Vera level vetri pera vaazhthukkal,0,tanglish
Suriya annan and lalettan...  Paaa... semma.. katta waiting,0,tanglish
Seama mass teaser music veara leval,0,tanglish
Trailer vera level NGK blockbuster movie of 2019,0,tanglish
"Mohanlal Fans Like, (I am a mammootty fan)",0,tanglish
My favourite part : 1:56... semma,0,tanglish
AKSHAY IS KING OF BOLLYWOOD,0,tanglish
Kola gaandu la irukkan!  Sweet sapadaporma! Style ah? Naturally...,1,tanglish
Marana waiting padam Vera level la irukum polla,0,tanglish
Vera level adichikka all illa nee vaa thala,0,tanglish
Bigil Movie Ku sangu dha ooo ooo,1,tanglish
Marana mass Thala Vera level,0,tanglish
"Yuvan sir ,, mangatha mathiri our mass bgm podunga!!!!",0,tanglish
Chiyan Vikram Sir vera level  (BY) Tirunelveli pasanga,0,tanglish
60K views but 137K likes???? Puriyalae,1,tanglish
Adichi thookalaama  Thalaivarr : adichi under veroda oda vitruven paathuko,1,tanglish
Teaser ah paakamaley like potavanga hit here,0,tanglish
Asuran trailer mass  dhanush Anna super dhanush fan naa like podunga. Please,0,tanglish
11M On The Way Evening Kulla Vandhurum Thalapathy Daa...Varalam Varalam Vaa Varalam Vaa Bairavaa...Eppum Varum Nu Sollanuma Neega solla vai thevai illa thalaivaa...Pongal Varuviga Nu Theriyum...I am eagerly waiting innum 46 days iruku sekaram pogatum....Therijha Edhiriya Vida Theriyadha Edhiri Dhan Allu Adhigama Iruku..,0,tanglish
Ivan ini jayam Ravi illai komaali ravi,1,tanglish
"10million views in 22 days thalaiivaaaa,..",0,tanglish
Kommala ithuku vada Chennai paravala da dai verithanam da,1,tanglish
enna buy-rava ku music poda sonna ivan Yennai Arindhaal BGM copy adichi vachirukan??,1,tanglish
mrs maran un powera vachii unnala mudinjadha panita...enga viswasatha vachii naanga panradha release anakii paakadhanea poara....,1,tanglish
I LOVE YOU MY DEAR தல,0,tanglish
Idhu mani ratnam movie mariye therila,1,tanglish
Thalada Thalaya Minja Tamil Naatla Veara Ewanda 🤔??????????,1,tanglish
Puthupettai attitude irukra mathiri iruku but super.....,0,tanglish
"Evlo periya mass hero ajith sir avara poi ippadi oru padathil (bing, hindi) nadika vatchitigale... so sad",1,tanglish
Ajith idhe mari diff diff ana padam panna nallarkum,0,tanglish
Rajini Sir and Nawaz Bhai! Can't wait!!!!!,0,tanglish
"Shankar sir, Evanavthu katha enodathunu solli varuvan, be careful sir....",0,tanglish
Aiyya pon manickavel titlea vachurukinga padam vetri pera vazhthukal,0,tanglish
Thevitiya pasankalaa ethaa kasukututhuu pathuu nankaa sandapotanum,1,tanglish
Aravind saamy looking like bheema Vikram,1,tanglish
Hello Pepsi uma.. neengalaa idhu,0,tanglish
Sema... Thala merattal.... Movie eppo paaka poromnu romba aarvama irukku... Thala...,0,tanglish
Padam parthutu trailer pakuravanga  like pannunga friend's,0,tanglish
Mass mass nu soli pavam fight ill lathe padathu la kuda fight varawaychitaga....,1,tanglish
"Kathi,mersal,Veeram,Vengai,etc..ellathaiyum oru jar la potu mixie la potu oru adi ...sangathamizhan ready...",1,tanglish
Remba varusam kalichu oru Nalla padam release aga pothu pola,0,tanglish
vijay : ennnadaa panni vachi errukinga hip hop aadhi :  hahahaha,0,tanglish
ASURAN BGM FOR STATUS DEDICATED TO ALL DHANUSH FANS AND ASURAN MARNA WAITING,0,tanglish
Last dialogue sema I am a Vijay fan fans kaga sonna Mary iruku sema thala,0,tanglish
Ethirpatha alavikku Illa but trailer pathu mudivu panna mudiyathu,0,tanglish
Hope by tis week get 700K likes to 1M likes,0,tanglish
"Cast illa inu pesura evanum Intha reservation la vara job, medical seat patthi mattum peasa mattu kirunga 🤔🤔",0,tanglish
hi friends i am from mars.. enaku tamil theriyathu mangatha pathu thaan tamil kathukitta inga vedhalam innum oditu iruku teaser trailer 500m likes mela poitu iruku.. what a man thala mass thaan eppavume...,0,tanglish
Appo...? Yaarum trailer epdi irruku nu solla maateenga?,1,tanglish
Hero vera yar na podunga pa plz,1,tanglish
Vikram looks like splinter cell Sam Fisher,0,tanglish
Yaralam bigil trailer parthakapram theri trailer pakuringa,0,tanglish
Dislike Podrava ambaliya illa pombaliyum illa vera vera,1,tanglish
thalaivaaaaaaaa.  .10 m... jai thalaiva surya anna,0,tanglish
Bairavaa feeel pa  Vjs evlo masssa panuvarunu naan edhur pakala Wishes from all #thalapathy fans.,1,tanglish
82k views  102k likes  Super 🤩🤩🤩🤩🤩,0,tanglish
Daiii goma valkai oru vattam da hip hop maranthu dathA....,0,tanglish
Yentha paratesingeh da dislikes kuduthingeh?? Thalaivar masss,1,tanglish
Vera level intha Diwali kku kaithi in sirappana sambavam irukku,0,tanglish
TEEJAY anna marana mass getup in asuran Tamil cinema,0,tanglish
Yan daa like podrathu easy nu unga ishtathukku ethuku like athuku comment nu podringlaa ethellaam Oru polappu,1,tanglish
Anyone after Darbar Chumma Kizhi song,0,tanglish
Super ah eruku..year Ku oru film nadichalum Nalla film ah nadikuringa.good ravi,0,tanglish
Enada ore night dan pola...... Padam,1,tanglish
Vera level sema mohan G Anna,0,tanglish
Thalaivar semma style marana mass adichi underwear oda odda vituduven,1,tanglish
Multi star MASSSSSSS...... idhuke padam pakalam.....,0,tanglish
Sirapana tharamana sambavatha inimea than pakka pora Marana  waiting,0,tanglish
Karthi anna katta support from Kerala,0,tanglish
Muttal pasankala 2021 election athula jeikanum dmk sandapottu sakunkala parayarum vanniyarum. Thiruntha maattinkalada,0,tanglish
NGK Vera level Surya & BGM KinG,0,tanglish
Vera level padam varum appo therium yaru kinguuuuu,0,tanglish
Nee va thala nanga irukom,0,tanglish
Can't wait Verithanam   Yaaru ellam marana waiting,0,tanglish
Ponnum mannum onnunu soldra moodevi apo Ava ena property a ?? Nalla price vandha vithutey erupaya?? Ponnugala asinga paduthuramari dialogue vatchurkan adhu puriyama adhuku support pannitu karumam andha dialogue a tictok Vera pannitu organsm adanjutu erukanuga,1,tanglish
Super super kola masss action Suriya styles super pakka masss,0,tanglish
La la la la la la SURVIVA...sarithiram purattu poratam pallayiram..unmayana varigal..,0,tanglish
Vera level ya HIP HOP fans hit a like,0,tanglish
Therikaaa vidalamaanu kealvi yellam keadayadhu... Iranginaale theri dhaaaa,0,tanglish
Thala ajith sir eppawum maasss,0,tanglish
Jathi veeri  yen da epdi oru padam,1,tanglish
ellam singam padathalayum kathitae iruntha yepade .cotton selavu athigam aguthula,1,tanglish
Enna da music idhu.. kaadhu valikudhu da saami...,1,tanglish
Vijay's make up looks very funny. Evlo powder ah pa appuveenga? Edho koothula vesham potavangala paakura madhiri iruku.,1,tanglish
Dislike potta punda pasangala teaser nallathan da irukku apparam enna mairukku indha video paakiringa... Suriya fans da naaaaaaan,1,tanglish
Teaser realise aagi 10days ku mela aachu... Innum trending 46 la irukku... Pure mass,0,tanglish
Nammakitta kaadu irndha eduthukuduvanunga...kaasu irndha  pudingikuvanga...aana padippa yaaru edthukkamudiyadhu.....,0,tanglish
Enada honour killings ah glorify panra maari iruku,1,tanglish
Oru manushan ethana getup dhaan ya poda mudiyum,0,tanglish
Otha Dislike Podravan Pondati Slut da,1,tanglish
"vera yaarayaacham, heroine aah pottirkalaam !! :/ -_-",1,tanglish
Pakka mass multi starer film marana waiting,0,tanglish
Trending vittu evloo kila ponaalum  Na daily papan comment la msg panuvan.,0,tanglish
Yov  YouTube admin Views ah Upload Pannuya,0,tanglish
Mass.. Thalaivar ah nijama chinna paiyana pakra maari eruku. Athe style athe RAJINI,0,tanglish
Vishyam theriyama ishtathuku ena Da pesureenga......thalaivar arasiyal Ku varen nu sonadh 2017 la.... 2016 la epdi ungaluku indha news vandhuchu!!!!! Kadavuley!!!!,1,tanglish
We need 20 million view for Karapaan guyz,0,tanglish
Disliked road to 100 k dislike🤙🤣,1,tanglish
1:10 bigboss abirami periya mairu maari kaththara,1,tanglish
Vj sethupathi devidiya paya flop da Omala iron Man ka voice kudukra devidiya payala,1,tanglish
I'm from punjab just lv u karthi,0,tanglish
Hindi Hindi Hindi Hindi Hindi Hindi Hindi Hindi Hindi Hindi Hindi Hindi Hindi Hindi Hindi Hindi Hindi Hindi Hindi Hindi Hindi Hindi Hindi Hindi,0,tanglish
Real time views eppoda update pannuvinga,0,tanglish
Ithu you tubula pannitaga pa  this is copy,0,tanglish
Aiyoo Sema Mass.. Thala Look Marana Mass Pa...Yuvan Sir Bgm Sema ...Marana Waiting ...,0,tanglish
no money no booze no bikini clad girls just pure rap by siva,1,tanglish
Seems like this is a remake of Bollywood movie Andhadhun,1,tanglish
Peruku etha trailer.Kola Mass thalaivaaaaaaa,0,tanglish
Panathukkaga yedutha padam ellada ithu unga para p..... Adakka yedutha padam da ithu ethukku apparam paru yenga Ella saathiyum onnu serthu ungalukku irukkuda katcheri.ithu mudivu Ella ithu aarambam mattutha...,0,tanglish
Thalapathy  fan ah slren Kandippa Bigil padathuku Competition ah irukkum,1,tanglish
Evan la comments section ku like podradhuke varingalo like uh thathi vidu,0,tanglish
Thala gethuuuu in lawyer role.....Rangaraj pandey....,1,tanglish
After bigil trailer??? Thala dhan da mass.....,0,tanglish
Kandipa nalla odum apd success agatium yaruku adila eriyanumo avanungaluku kandipa erium haters fuck off pa ranjithbadu ithu jathi padam than da ne enna panuva enga nalaum poi polambu ne enna polambunalum un idam ethuvo athu  than epovume enaikume 100yrs analum unala ethume kalata mudiyatum venum na unna kalati ammanama oda vidu vom,1,tanglish
Mrg elunthathum bathroom pohama pakravanga like podathinga.. Poi velaya parunga..,1,tanglish
Ellarkum onnu soldran inime sor akku kolambu vaiyu sonna Othaa! ( Santhanam's hidden message is amazing),1,tanglish
Vera leave trilar superb jayam Ravi sir,0,tanglish
Warum ist sowas in den deutschen Trends?????,0,tanglish
Wrong casting manju warrier.danush sir.....bad casting,1,tanglish
Semma semma thalaiva  vanga vanga,0,tanglish
Intha padam varanum samuga matrathirkana padam ...18k dislikes ithula ena theriuthu avlo poriki porikitu iruku ponnungala...,0,tanglish
Kajal  Fans Subscribe,0,tanglish
Yuvan da  vera. Evan da.bgm king da yuvan,0,tanglish
Intha maari pakathula nadikarratha vittuttu kaala kabali nu thalaiva waste pannitingale,1,tanglish
"Manirathnam, arr, vj Sethupathi, aravinth swami, Simbu, Arun vj",0,tanglish
Kaththi song orma vanna arelum indo last song bgm kettit 🤔,1,tanglish
500k likes vaanga mukkuthu it's ok...padam vetri pera vazhthukkal...by Thalapathiyan,1,tanglish
Anna Vera level...paande ungalukku arumaiyana munnetram,0,tanglish
Kannada trailer: kannadiga watch Tamil trailer : tamilians + kannadiga,0,tanglish
1:21 mass scene toyogi babu Machaan,0,tanglish
Entha scene neekka kudathu padatha appadiye veliyidunga,0,tanglish
Keka beka keka beka short film,0,tanglish
Oruthan Mela viswasam kaata inoruthana yen asingam paduthuringa #VeraLevel Thala,0,tanglish
Trending.. La.. Naanga.. Thanada.. No.. 1,1,tanglish
Thala vanthalay pothum daa theatre ah athirum daa Thala naa Mass  Thala naa Class  Thala naa Gethu Thala naa Goosebumps,0,tanglish
Ethana janmam eduthalum Rajini fan dhan da !!,0,tanglish
Inda concept madiri oru Hollywood padam iruken pa🤔🤔 idhu anda padam remake aa🤔🤔,1,tanglish
Ellamea super ana andha Tata sumo vea para utathu konjooo jasthi ah iruka mari irukea   Ana padam edukura ella director ku Tata sumo kedachuruthy  Oruthar mela ukandhu travel pandraru innoruthar veragu kattai a vechu paraka udararu..,0,tanglish
Tara masss namma suriya anna,0,tanglish
Yan thalaivara pathi sonna thuku nanri,0,tanglish
Thala madiri screen presence evanukume ila..,1,tanglish
Chiyaan back with a bang! MARRANA MASS TRAILER !!  BGM VERA LEVEL,0,tanglish
But onnum mattum puriyuthu yella prachanaikum pennah pagada kayavechu vilayaduringaley.. Draupathi nu athan title pola.. ithula jathi arasiyal oda athuku bathika padura pengaludaiya valithan athigam..,0,tanglish
Marana mass thalaivaaa I love you uuu,0,tanglish
"Prabhas, Saaho... Movie kku, Bathila Indha Padam Panni irukkalaam... Super ah, irukkum...",0,tanglish
thala nengala padam  eduthalum Ella remak panni eduthalum  nenga thala than,0,tanglish
No bgm nothing Ayooooo🤣🤣🤣🤣 Mokka trailer,1,tanglish
Yov.. karthik subburaj... Ena ya pani vachiruka... Ovoru scene um vera level ya...,0,tanglish
Misnarry kaikuli vijay padatai indukal vachi saivom,1,tanglish
2:03 semma mass🤣🤣 rajni  il puyal jayam ravi mass semma  super sure enoda fav  movie ya irukum  comali blockbuste waiting for movie,0,tanglish
Dei releasekaga waiting sikkirma pannungada... Thalaiya theatre la pathu 2 varusam aga poguthuda... Sikkiram.,0,tanglish
Dislike poota anaithu thevidiya pullaingalukku nandri,1,tanglish
Indha vatti block buster hit 🤩🤩🤩 Panarom.....,0,tanglish
Thala i love  you  semmaya irukku Trailer 🤩🤩,0,tanglish
m.  Raju.   Raja.  vp,0,tanglish
Tun tun aunty..? nenga  laddu seiratha vitutu padam nadikka vanthutingala?🤔,1,tanglish
Vera vera vera vera vera vera Level.....,0,tanglish
semma padam paakka marakathi ga guys,0,tanglish
Ivanaga edutha purachi director.... Nnu name..... Mathavanga edutha.... Vera name  a create pannikiranga.....,1,tanglish
Padam vetri adaya Thalapathy fans vazthukal,0,tanglish
Thiruma ranjith senkodi.... Vai moodi kittu peyama irukkanum... Ellana eppadithan,1,tanglish
Pacha thewdiya mavan rasini  Nalla Jalra Adinga da TN Naaingala,1,tanglish
Avunga seira athae thappa neengalum seithu makkalin aamaithiya kedukaringa...,1,tanglish
"YouTube sengirichi vijay fans ku pawam da kabali record break Panna dream panni ellam waste  dai Thala yai varanum record break panna, record create pannayum",1,tanglish
"thank u so much , ennoda 2 thalaivargalaiyum onna pakkurathukku  மகிழ்ச்சி",0,tanglish
Nadipin Nayagan Suriya die-hard fans hit like button,0,tanglish
Come on fast 1m likes,0,tanglish
Padayappa la paartha athe Rajini...manusan pinraaruya,0,tanglish
adada kolamass thalaiva super antha nakkalum nayyandiyum padam kattrena,0,tanglish
chiyan ninga fast& furiors laye nadikalam,0,tanglish
Suma Suma Batman yenda copy adikuringa,1,tanglish
Ennudaya data lam trailer pathey kali pannitu irukkan thala fans... Ennai pol ulla fans like podunga,0,tanglish
Ena hindila amithabajan nadithalum enga thala nadikiramadiri varuma,1,tanglish
"My dear 47k dislikers RIP,  verithanam varatum  anga papom.",1,tanglish
0.52 & 0.55 semmma super chance a ila.....,0,tanglish
"Karhtik Subburaj Mass Pannitinga ,Thalaivara supera kattirukinga thanks bro",0,tanglish
Namma aatchi varumulla thambi.....  VARUM... Paar,0,tanglish
Crt time la vidama yenya ippadi panringa,0,tanglish
Jaathi vendamnu thanda padame varuthu... Appavum avavan jaathiya vachu thanada vaalthu solringa.. Karumam...poi nalla Aani pudungunga ponga...,1,tanglish
Hip hop adhi fan like here,0,tanglish
Thalaivar tharisanam kitiyathu in manasu Polla ellam vetri na...!!!!,0,tanglish
Man semma simbu and Sethupathi Adhurs,0,tanglish
Kadaiseela...... Yogibabu uh Va serious pesa vechutingaleda,1,tanglish
Super Star Rajinikanth and Akshay Kumar fans like podu,0,tanglish
Guys thalaivar fans ellarum like pannunga .....viswasam trailer likes ah cross pannanum!,1,tanglish
Ajith Voice - my god !!,0,tanglish
Just 200k like Reach on 1m like..  Vitraathinga Like ah pottu Therika vidunga By Thala Veriyans,0,tanglish
Copy ethu Remake ethunu innum pala perukku theriyave maattenguthu 🤦‍🤦‍🤦‍,1,tanglish
After infinity war ungaa trailer kudaa pakka pudikalaa,1,tanglish
Dei enada panni vechurukinga....mokkaaaa....Amma maariye ilaiye,1,tanglish
Apo Ennai Nokki Payum thotta 🤔🤔🤔,0,tanglish
Idhu dhaan da real thalaivar padam .....ullaala ullaala.....like it if you agree,0,tanglish
Rajni waste shankar kaga padam pakkalam,1,tanglish
Theni devandra kula velalar sarbaka valthukal..,0,tanglish
Title la Teaser ku R ah kanum pa,0,tanglish
Next ulaga nayagan namma chiyan vikram thaan,0,tanglish
pakka mass teaser..better than utter flop bairava,1,tanglish
Hii I'm pannai setti Paiyanuga sorbaga Valthukkal,0,tanglish
Thala thala thala solla vaarthtai illai,0,tanglish
"theri dialogue in theri TRiler,  Namma savu nammaku valikathu anaa nammaku nerukkamanavanga savu irruku paruu..  Theri baby- pappa dialogue  yar thappu pannalum teacher adikalamm....  waiting for theri movie.....",0,tanglish
Chai enna Elavu trailer da ithu,1,tanglish
Ooh my God..... Lalettaaaaaaa....  Surya anna.......pwolich,0,tanglish
1:38  #VijaySethupathi Anna on fire looks...,0,tanglish
Enna da John wick Tamil version maari irruku ....,0,tanglish
Zero is quite better than 2.0,1,tanglish
0:30 jesse pinkman maari irkundravan mattum like podu,0,tanglish
Ennama arasial panringada....unga  arasialukku jaathiya use pannikiringa...,1,tanglish
Late ayi vanthalum latest ayi varuven,0,tanglish
Edhula Krish laye pathachi but sk kaga paakalam,1,tanglish
Enaku En Surua anna melaa paithiyam oh Paithiyam Enna Azhaguuu daa  My Darling Sekaram va Thalaivaa,0,tanglish
Neraya neraya neraya neraya likes  awwesome teaser,0,tanglish
***Thaa  Tamil cinima Vera levela pudikka poguhtu,0,tanglish
Bigg boss 3 Abirami @ 1:12,0,tanglish
Semma pa nalaiku release padam inaiku trailer PaKuravunga oru like podunga,0,tanglish
Kadaisila thalaivaraye vachi senjitigale da,1,tanglish
3 supar dupar star akshaya rajnikant and any jackson wow amazing,0,tanglish
Macha emergency Da blood venum vaa Da   Otha apa soltra yen சாதி blood yethu illa na Avan sagatum   mattaku,1,tanglish
G. V. Neenga music mattum pannunga thevaillama hero va nadikkathinga,1,tanglish
Kekka bekka kekka bekka pado thaane ithu... Directore,1,tanglish
2019 Diwali treat  Bigil - like  Kaithi - cmt,1,tanglish
yaru trailer la vanthu katta kural la kathite irukrathu??,1,tanglish
Intha movie ku apuram nan Dhanush anna fan,0,tanglish
Padam blockbuster aana enna aavalana enna.. nama poi namma velaiya papom 🤪,1,tanglish
Avalo scene ila. Boma Padam Mari iruku.,1,tanglish
U1 bgm Therikudhu.... Siva ku Nalla movie ya erukum... cameramen George c villiams SEMA,0,tanglish
intha our innumada ivanuggala nabbikittu irukkuthu,0,tanglish
8M Views & 719K Likes,0,tanglish
Unga kalivugala Oru sakkiliyara Alla solluvom Pappa....bcoz nanga ellam Thevidiyaaaa KU dha porandham (avaaal),1,tanglish
intha padathula thaana rapist KAKOOS KAVIN nadikuranu kakoos army koovunanunga 🤣,0,tanglish
already hollywood padathila idhathana yeduthu vachirukanunga...marupadiyum yenda.,0,tanglish
26k Dislikes Till Now....Engada irundhu Varinga ...Neenga ellam...,1,tanglish
Not bad........... Any way karthik flop agama.. Iruka...... வாழ்த்துக்கள்,0,tanglish
Enthuvadee Ith mukkalinu oru kuravum illa Alle,0,tanglish
BGM asusual therikka vitaru Sam cs,0,tanglish
thhaaaaa thala therika vidraru love u thala,0,tanglish
பாத்தா மட்டும் podhaadhu guys... Like பண்ணுங்க..... For our hard worker suriya sir...,0,tanglish
1:08 Yov Military nee engaya inga :0 :0,1,tanglish
Kalaila data on panavuney trailar paka vanthavunga like panunga,0,tanglish
Upadi oru trailer ku unlike potta.. Avanuku life la taste Ella... Aprum moola... Aprum arivu adhu suthuma Ella,1,tanglish
Ejjaathy padam   villain voice anyaaayam,0,tanglish
Kevalama irukkukaan kelatu rajini... Vijay is always mass da venniakalaaa,1,tanglish
So excited to see you kagana ...love u,0,tanglish
Ippa enna panna porom  padam paaka porom,0,tanglish
Petta paraak ... Marana mass thalaivaaa,0,tanglish
0:17 Coca Cola va avoid pannirukalam... Good trailer...,1,tanglish
kodumaida samy enna oru kandraviyana trailer,1,tanglish
Guys Intha Fake Id Naalatha Namma Sanda Podram Anthamaari Inga Vanthu Evanavathu Katharuna Thorathi Adipom,1,tanglish
Thala super mass ultimate last diallogue vera level,0,tanglish
Enna da inuma 470k va thandala,1,tanglish
Ama la nanga para pulingo sna appdiay erukadum aothla angaluku avomanam eilla sariya ..aoduthavanuku ponu mala aosha paddathanu sla arla neenga kadvila eilla pariya myrupudingiya Konjam kasu konjam uonga kalla nakura uonga jathi Veri pudicha d.......... pashanga....lai oru k....uonglala seiya mudiyathula naingla,1,tanglish
SUPER ! Dislike adichavanoke naduviral namaskaaram,1,tanglish
U 1 stands for d bgm,0,tanglish
ha ha semma kalaiching ரஜினி,1,tanglish
I'm fan of pavan kalyan but I like also vijay,0,tanglish
enathaku da dislike pannringa. Edhoda oru gethu trailer irukka vaipae illa!,1,tanglish
Na rajini agave 10 time mela pathutta ah,0,tanglish
"Kadaisiya Vijay fans eh oththuka poranuga,Thalaya ithukapram enga anna kooda compare panna matom nu.........Vera level la poikitu irukaru manushan pakumbothu...",1,tanglish
AJITH SIR UR GREAT EXCELLENT TRAILER ..,0,tanglish
2k likes for 700k  Share max,0,tanglish
"Ok ...garbage ..enough da dai ..kamrajan , periyaar idu solli loot pannngada ...chumma sound ..garbage",1,tanglish
AM A BIGGEST FAN OF SURYA AND ARYA LOT OF LOVE FROM KERALA...,0,tanglish
all d best from pk fans,0,tanglish
"Ivar mattum Bethovans tune huh copy adikalam, ithulam ivaruku thapa theriyala.",1,tanglish
Vera level bro.... 🤣. Congrats HipHop,0,tanglish
NGk first fan show kanyakumarri  4pm....,0,tanglish
Simbu fat kammi pannirtha nalla irukum,1,tanglish
Enga thalaivanna summava  Ippo paruda indha Kaali oda aatatha  Kaala mudinchu Kaali ya vandhirukaruda,1,tanglish
Mass trailer#Surya Anna Yuvan BGM ....,0,tanglish
"comedy movie ah,na kuta love failure padam nu nenaisen",0,tanglish
4 naal ha trending no 1 thala,0,tanglish
1:06 gibran Vera level,0,tanglish
Oruthal Mela viswasam katuradhukaga ean innoruthara asinga paduthuringa ..   Ethana peruku intha namakke sonna maari thonichi,0,tanglish
PAAPAA PASANGA PONDAATI PULLAINGA SENTIMENT ERUNNDAA ODIRUNGA THALAIVARE KOLAI VERI LA ERUKKAARU,1,tanglish
Unmaiyileye sukanthiram British kitta vangi arasiyal vathikitta kuduthudom   sema dialogue powerfull  surya saipallavi,0,tanglish
sema mass trailar siva sir txsbbb,0,tanglish
Thalaivaaa vera level mass  Bgm mass,0,tanglish
Sk வுக்கு theme music வேண்டும் தல Yuvan! Title BGM Semma .,1,tanglish
Tenkasi Mavattam Melanelithanalur Maravar Samuthayam Saarpaga Ippadam Eathavathu Adaya Vazhthukal,0,tanglish
va va va ne va bairava marana mass thalaiva,0,tanglish
Hitt like button  for. Hindi. Trailer #2.0#hinditrailer,0,tanglish
Suriya Anna kola mass A,0,tanglish
But graphics sothapal panitanuga English Kara pottainga athan Padam late ayirichi,0,tanglish
"Ennada iron man elam vararu enya ildila pantringa ha ha ,,,",1,tanglish
Semma Na Thalapathi fan sathiyama solran vera level la irruku,0,tanglish
NGK - Nanda gopla kumaran,0,tanglish
AAha..!! Massdhan...!! Aana eano Thevar magan  shivaji  gnayabagam varduhu...!!,0,tanglish
"Unexpected Sema differenta irruku,kandipa theater la pakanum.",0,tanglish
othaaaaa maranama daaa yeppaaaaaaa veraaaa level yaaaa #Namma_diwali_kaithii,1,tanglish
Enna Da comedy ah eruku 🤣,1,tanglish
Hope our tamil.movies must b vera leval,0,tanglish
Kajal Agerwal காக தா Trailer பாக்க வந்தேன்,0,tanglish
athenna likes koranjikite varuthu like panunavangalam thirumba vanthu dislike pandringala,1,tanglish
Hey idhuvey meedhi kaasu dhaan da,1,tanglish
Thalayoda nadippu romba strong ga irukku kankalagidichi chense illa he is real human,0,tanglish
Onnum Puriyala Theater la poi thunga tha seiyanum,0,tanglish
Nallavela aadhi Anna messaya murukku climax Ku sirikaama ponare🤣🤣,0,tanglish
Indha naattula ovvonum oru vidha maana paithiyam.. Yenaku suriya anna mela paithiyam,0,tanglish
Surya sir unga film odarathu konjam kastam thaan sir audio function vaipinga apothiku apo nanga ungoluda selfie edakunanum asai paduvum,1,tanglish
Na vjs kaga like pota rajini kaga Ila,1,tanglish
"Ipdi thaan முகமூடி nu Oru padam vanthuchi, I hope anda mathiri irukathunu nenaikaran ..... Padam nallabadiya varanum nu vendikiran",1,tanglish
yuvan Shankar raja bgm vera level,0,tanglish
En bha intha padathula sivakumar ku role iruka..,0,tanglish
Woooowwwwwww STR ... Love u Simbu......... Maaassssssssss,0,tanglish
Jayam ravi epdi ji ongaluku mattum ipdilam story amayuthu.. Padam vetri pera vaalthukal..  To director also.,0,tanglish
Bgm Vera level.... King of bgm...,0,tanglish
Comment section full ah orey saathi pundaya irukku,1,tanglish
Namma paiyan la aathi trailer pakkamalea like and comment potturuvom,0,tanglish
THALAPATHY FANS - Like   THALA FANS - COMMENT,0,tanglish
VIEWS ALLUDAY  KADARUVAAN GALAY  PAAVAM THALAIVAA  ELLA NADIGARAYUM VODA VIDuRENGALAY,0,tanglish
trailer chumma theri-kithu ...... anna always masssssssssss thaaaaaaaaaaaaaaaaaaaaaaaa,0,tanglish
Die Hard Surya fans Hit Like Button,0,tanglish
Mass .... Super Star Rajini sir,0,tanglish
Intha madri padam edukama enthiran kunthiran nu thalaivara kevala paduthuranunga padam na ithu thalaivar padam,1,tanglish
"Except for violence, vijay tv serial mathiri iruku",1,tanglish
@0:50 - it's like viswasam theme,0,tanglish
Dislike pannunavanla trailor ku pannala thala ku pannirukkanunga,0,tanglish
Who all agree Vijay sethupathi ku inda mari dance set aagala nh,1,tanglish
Each and every framemum ks Rajini sirku kosaram nalla eduhurukaru he just sculpted each frame,0,tanglish
AYYO EPADA PADAM PAKANUM POLA IRUKU,0,tanglish
congrats chiyaan Anna I m thala fan,0,tanglish
🤣🤣🤣🤣🤣🤣🤣🤣🤣 thalaivi kajal kaaga paaka vandhen..!! But seriously...kadha semmaya irukum polayeeee...,0,tanglish
Padam blockbuster nu soldravanga oru like,0,tanglish
Thaaaaaaa makkal selvan vijaysethupathi entry semma,0,tanglish
Padatha ippove pakanum pola thonuravanga like podunga,0,tanglish
Trailer marana mass FdFs poravanga therikkavidunga Saadha sk padam naale comedy yaathaan irukkum. Anna ithu different script. Next level Sk,0,tanglish
0.48 to 1.00 Bgm Vera level,0,tanglish
Semma trailara supera irruku appa movie semma kandipa hit than,0,tanglish
sivakumar ah villana potruklam just miss,1,tanglish
Yanda pasangala chi pongada nengalum cinemavum unga ennam ci,1,tanglish
Views and likes ha increase pannunga yenna soldrenu ungaluku purium,0,tanglish
Neriya neriya neriya neriya neriya neriya neriya neriya neriya neriya neriya neriya neriya neriya neriya neriya neriya,0,tanglish
Namma kita kaadu iruntha eduthukidu vanunga  Rooba iruntha pudingi kuvanuva  Namma kitta irunthu PADIPPA maatum avangalala eduka mudiyathu chithambaraov,0,tanglish
v dont need him as a nxt superstar but enga thala mari yaru vara mudiyathu thaa semma trailer,0,tanglish
Ennangaa da ithu 15mins laa 14k dislikes thalapathy daaaa 🤣🤣🤣🤣🤣,0,tanglish
w o r s t Trailer eva !!!!! Podum da dai. Salt pepper mandaiyya.,1,tanglish
Marana waiting anna.  Ungala screen la pakka,0,tanglish
Dai idhallam massnnu solli asingapadutthadhingada... Idhu edho serial madhiri theriyuthu..,1,tanglish
Neenga ena nanban sonninga nanri neenga sona mathiri tha ingu ellam mathathalyum jaathiyulum kettva nallava iruka aana kuripita jaathi kaara tha thapu seira sona athu thapu tha sago pollachi sambavam enarha jaathi karrana panna athula matti ethana jaathi ponnunga kasta pattanga atha ea yarrum pesala am sorry if my words injured u but fact is fact,1,tanglish
Thalapathy padam trailer ku apparam indha padathoda trailer ah back2back pakuren,0,tanglish
Enga irundha ya concept edukaringa ???  super ya ... neat execution,0,tanglish
paaa enna workout body omg hollywood movie,0,tanglish
Dislike podurave avanga amma ellam SILUKU da.,1,tanglish
Yandha court laiyum ipudi nai mathirre kathaara mattanga bha 🤣🤣 Rip nerkonda parvai,1,tanglish
RECORD MAKER AND RECORD BREAKER  ONLY FR THALA AJITH,0,tanglish
niz vera leval trailer supper edit supper,0,tanglish
vilaiyadlama .....   Sama Sama Sama ...    Vj Anna pakka lookkk...,0,tanglish
nasthi thailva.... varalam varlava varlava va varlava va bhairava.....sema masss,0,tanglish
Rajini Ku sema mokka kuduthurukanga nice comedy scenes,1,tanglish
varlam vaa bairava merasal teaser we are waiting thalaivaa,0,tanglish
Thala rockz sattai mattum ills kovam vantha komanathaium kilippom,1,tanglish
Beethkvan music.....vera oru aal music ah edukurathu aanmai illatha thanam.sonnavar illaiyaroja🤪,1,tanglish
Hero ellarayum adichu pottutu win panniduvaru. Ellam veetuku ponga.   Thu. Ithellam oru padam.,1,tanglish
".ivlo hard work panni avlo udala varuthi own stunt panna mokka nu solvinga adhe train ah dhaandi jump panna, sura kudave neechal adikiradhuna  mass nu kathuvinga....this is truly for ajith fans only...ungalukku pudikalana .......velaya paathutu poda",1,tanglish
Enna da music  vikram vedha and asuran bgm kalanthu iruku ponga da,1,tanglish
Dey pools.....crt ana time ku trailor ah vitrukanuga..... Engada sarkar Teaser ah beat panichu 🤣🤣🤣🤣childra koothingala,1,tanglish
Why like kuduthuttu thirumbi vanthu paatha like pottathe kaamikkala,1,tanglish
Worst da. Jayam Ravi un mella irundha ore mariyadai poiruchu,1,tanglish
Ambedkar silai matru semma Thalaiva action king,0,tanglish
Unmaiya sollanuna trailer knjm mokkaya thaan erukku...,1,tanglish
"PINK Hindi Movie Remake Da , Yea thala eppidi pannitinga",0,tanglish
Vikaram and thala only seen like hollywood  stars...,0,tanglish
"Comments la appreciate panirpinga nu paathaa....avan avan jaathi per solli aprm unga per solli vaazhthringa?....apo evanum appan aathaaluku porakala, jaathi ku than poranthinglaa? Ningellam ethana padam eduthalum thiruntha maatinga da...",0,tanglish
Ippa 10.4 LA iruku andha 10.5 mathi vitu polama thala bloods,0,tanglish
Wow ravi anna sema anna neenga,0,tanglish
11 milion views  confirm   paccaaaaaaaaaaaaaaa  hittz,0,tanglish
Dislike Panna poatta naayilam comments la peasirkalamey poata naayissss,1,tanglish
Aiyo Aiyo... Bairavaa marana mass... chance ye illa... surely mega hit,1,tanglish
Thalaivar thalaivartha summa maaàaasssss katitaru .,0,tanglish
I am vijay fan teaser vere leval movie blockbester,0,tanglish
Daily vandhu comt pakkaravagga like here,0,tanglish
YUVAN BGM .... VERITHANAM OVERLOADED... Love you THALAIVAAAAA <3,0,tanglish
"vijay sethupathi anna ku trailela seriyana scene ila,vijay sethupathi anna ku innum mass scenes irukanum movie la",0,tanglish
Dei otha ... Amma anda song la ipdi than dress potrundhangala.. asinga paduthurenga chai.,1,tanglish
Pakka mass vera level  NGK,0,tanglish
Vera level. Vanga pa evalo naala wait pandrathu. Nerya movies varanum,0,tanglish
What a look Vikram killing it,0,tanglish
74K left for 600K likes,0,tanglish
Oh Ilayraja mattum tune copy panna thappu illa pola... mathavanga panna avangaluku aanmai thanam korayum,1,tanglish
after longtime i am watch my dear thala(apudi ellam nadakathu nadakka vittta maten...),0,tanglish
Neriya Neriya Neriya Neriya Neriya #thaladharisanam,0,tanglish
Any kusuvasam fans here...hit like button...,1,tanglish
Vidhya balan ku role eh illa,1,tanglish
Rajini sir fans from andhra like here,0,tanglish
Ethu Tamil movie ya illa English movie ya ?,1,tanglish
Viswasam Jan 14 thaane? Clash aavathu ninaikkiren.,1,tanglish
Tamilarkalukkul sathi santai mutti vitupavan dmk enra telungu katchi,1,tanglish
Who like vetrimaran and dhanush combo like,0,tanglish
Enna Mani sir..ethana starsss..adhanaleayee romba bayama erukku,1,tanglish
Ajith punda mavan surya anna kitta nerunga mudiyath,1,tanglish
"Yentha video vanthaalum, likes ah picha yedukura intha digital beggars thola thaanga mudiyila.",1,tanglish
Yarellam comments mattum pakka vanthinga,0,tanglish
Nawazuddin fans  hit like,0,tanglish
ena da..teaser start panrathukula end aagiruchu..hari..irunthalum ivalavu fast aagathu pa,1,tanglish
Read dead redemption 2 game fans like podungoo PS4 gamers,0,tanglish
amma neenga illatha time  evalo asingamaa irukuu,1,tanglish
Dhanush looks like Gramathu Vayasana Thathaa 🤔,1,tanglish
Rajesh kallarai en ssunnia  ooommbu,1,tanglish
Brother padam varattum enno selavula 100 perayachi na  thiyattarukku kuttitu poven...,0,tanglish
super sankar sir waiting for 29,0,tanglish
times mela pathavanga thatra like button ah,0,tanglish
Vera level #SIMBU#ARUN VJ#VJS#ARVIND SWAMY#ARR#SANTHOSH SIVAN#MANI RATNAM. VEriiithaNam...,0,tanglish
Surya I love you Sir,0,tanglish
Vaaa thala vaa thala........we love u soooooooooo much,0,tanglish
"Parota soori ya mattum potraadheenga, nalla irukura padathayum naasamaakiduvaan",1,tanglish
70 Million dollar CGI  But still sucks,1,tanglish
Edhu .. '96 Yaara yemathuringa,1,tanglish
Namma padippa mattum namma kita irunthu edukavae mudiyathu sema dialogue,0,tanglish
Yof sasi and samuthikani karuthu soliye alla konudufiga padam fulla voilance tha iruku family audience vara mataga,1,tanglish
dei vijay..innum evalo naal than da nee action padamave kudupa...unaku nadikkave theriyathaaa...?,1,tanglish
Love Rajini but trailer innum konjam strong ah irkanum,1,tanglish
Naatula ovvonnun oru vidamana paithiyam...  Aana ivanukku naadu melaye paithiyam ..  Suriya mela paithiyama irukkavanga ... Smash the like patten,0,tanglish
Super Vera level I like it marana mass I am waiting,0,tanglish
1.8 k left  for 16 M,0,tanglish
"Gommala ilaiyaraja tune ah mathavan edutha Avan aanmai illathavan,, ippo ilayarajave aduthavan tune eduthurukaru,,,,, Appo ithuku Enna peru",1,tanglish
"Enoda class la SC, MBC , BC YELLARUM one naa thaan irukom jaathi Veri pudicha naaiyvo Avan padam yedutha Ivan padam yedukuraan ipadi yae jaathi porantHu jaathiku sethupongadaa",1,tanglish
Trailer ok jooriiii comedy ah nenchatha payama iruku....,1,tanglish
Dislike pottavanlam...enga poi mutti saga porano,1,tanglish
She looks more like a ghost,1,tanglish
Super sir telgu ntr fance sapotinge movi,0,tanglish
Irudhiyil ivarum MGR labelil dhaanAvar Cinemavil Hero Vaazhkaiyai ottuvaara,1,tanglish
2:02 indirect a yaarukko solra pola irukku,1,tanglish
I am from Telangana.. keko keka style.. Superb ga vunnaru sir.. love you,1,tanglish
Allam ok super than but.. Trailer mokkaye.....,1,tanglish
R. I. P  for 8.2 k dislikers,0,tanglish
EXPECTATIONS WHERE BIG FOR THIS MOVIE AND THIS TRAILER TOOK EVERYHTHING DOWN. LOOKS LIKE A AVERAGE FILM WITH GREAT SONGS FROM ANIRUDH..,0,tanglish
Sk padam trailer ah vida ithu Semmiya Iruku,0,tanglish
Tamilnadula Mattru mozhi pesum anaithu samugam sarpil vazhthukkal...,0,tanglish
Oruthr mela viswasam katrathukaga inoruthara en asinga paduthuringa (dislikes),1,tanglish
Janaavukku pottiyai Super star Rajani. Mudinthaal moothippaar. 2.0 seri varaa Janaa thaan seri varum.,1,tanglish
Right now arun vijay in twitter :yaru ellam superhero padam nadakirathunu vivasthai illamal pochu,0,tanglish
Any one after Sirikki Promo...,1,tanglish
Baari porluda trailer kushii  aand surya action super,0,tanglish
I am thala fans  valthukal patam vettriyataiya,0,tanglish
Love from super star pritviraj fans kerala,0,tanglish
Comments lam paakum bodhu theriyum ..evlo kevalamaana natla vazharom nu ..,1,tanglish
Video paakamale dislike poda mudiyathaa.....you tube la appadi oru option kondu vanga intha karumathala paakka mudila.....hathaa....🤣🤣🤣.....,1,tanglish
Kaatu paiyaan sir indha karthi...       Marana kaatu kaata poraan...,1,tanglish
Pongaluku petta than petta matum than,0,tanglish
Marana masss luv you Thala Yuvan magical BGM VERALEVEL 0.46 BGM theriiiii 1.44 Thala paarvai killer,0,tanglish
"at 1.07 , villain pinnadi irukardhu kathakali and NRD la naducha villain dhana??",0,tanglish
Sema str vjs Arvind samy Arun Vijay,0,tanglish
intha padam vera la varum suriya kaappaan,0,tanglish
.....vera level la irukku trailer.... Konjam enga side nyyathayum kelunga....,0,tanglish
intha movie la yuvan music therikum pola thonuthu enaku,0,tanglish
Ngk teasera vida entha teaser nalla erukku,0,tanglish
now 223k likes and 8.6k views,0,tanglish
Padam mugamoodi maathiri aagida koodathunu nu pray panuven,1,tanglish
Dai youtube itha trending panalaya yov petta trailer breakdownlam trending aitu irukuda paavingala,1,tanglish
"Pariyarum Perumal ,asuran Padam vandhapolaam yvanum vallla ippo against aah ydukum podhu varaanunga",1,tanglish
Enada music ....kanda mudi ela silurkuthu ...acting enomo paniko ... music ah mattum vitratha thambi ..,1,tanglish
1:36 pon manickavel epo da bar la lam dance adunaru,1,tanglish
Fillm Nalla erukkum semma actor /I am Sri Lanka fan,0,tanglish
Vaalthukal Mohan sir.. trailer paarthalea padam epdi irukum nu theariyuthu semma mass move..ipdi Oru padam edukavea Thani thillu venum .. congratulation sir..,0,tanglish
ippadi padathila mattum kathayunge nijathila neenga elaam engada ketka poreenga,1,tanglish
Thiruma thevudiya payyan sonnadhadha indha movie  velichathukku konduvarudhu,1,tanglish
pasichaa matrum vettayadra singham....... 🦁🦁🦁 Masss surya....,0,tanglish
Super comali jayam mattum illa nammalumthan yana nammala 90's kitts,0,tanglish
THalaiva pink ah Vida Vera level....,0,tanglish
Trailarlaye en pangali vanniyarna ennanu kattittapula pangalis valthukkal,0,tanglish
Kasta pattu edutha padatha sariya  poganumana entha promotion pathathu ennum nalla promotion pannunga...,0,tanglish
Deii...deii..neega ella yanda thalapathy oda potti ku varinga....oru records kuda thodamudiyathu,1,tanglish
Is it Mrs Jay lalita 🤔🤔,0,tanglish
“Orutharu mela ninga viswasam katradhukaga innorathuru yen asinga paduthiringa” mass thala ninga,0,tanglish
Unkitta irukura padippu .. yaarum thiruda mudiyaadhu # purinjavan pistha,0,tanglish
wow I m waiting ha ha ha,0,tanglish
Vaaaran da Vaaran Dhillana Aalu,0,tanglish
Who say in thumbnail Surya looks like Petta Rajini,1,tanglish
sola kudathu saiyanum therika vedom la I love vijay anna,0,tanglish
Dislike potavanaga nenga irukara varikum nanga inum mela mela poovm da Thala daaa,1,tanglish
Mass vijay Anna I like uuu so much Anna mass teaser,0,tanglish
Waste..  Shankar mass..  Rajni waste..  Shankar kaga parkanum,1,tanglish
semmmma mass visual treat adi dhool  PROUD TO BE A VIJAY FAN,0,tanglish
Raja sir music kaaga vandhen... but Beethoven music potu emathiteengaley,1,tanglish
8 k dislikes ithula dislike Panna apdi Enna thappa sollitanga?,1,tanglish
Oru reality kedaikala VFX not good,1,tanglish
Voice quality konjam increase panni irukkalam..,1,tanglish
Matturm oru milekal in KFI.  BGM verittanama irukku Mr.Aju,0,tanglish
Appo Nerkonda paarvai govindha Gommala semma trailer,1,tanglish
Thala u1 erundha adhu mass dha,0,tanglish
2 days 2 go.NGK firevarum paaru.malayali Surya fans like button adich pottikk,0,tanglish
Antha last scene redmi note 5 pro le shoot panna maari irukku,1,tanglish
28 days to Thalaivaa b'day🤩  #Kaappaan loading...🤩,0,tanglish
my hero is always abdul kalam,0,tanglish
Dei ungala thiruthava mudiyathuda poooo badungala akini puthalvan  siripu varuthuda,1,tanglish
Ajith sir act like amitabh in pink,0,tanglish
VIJAY FANS NEXT 2020 DEEPAWALI WORLD RECORD NERAYA PADAIPOM BY THALA MASS SOORIYA,0,tanglish
Otha Vera level dei ellamey semay da yeppa,1,tanglish
Who is here after kaapaan trailer ????,1,tanglish
god munnadi namma yeappdi equal vo are maari thaan actors la all are equal,0,tanglish
Nanba sekaram like 1m kontu vaaga,0,tanglish
Yanna da like appadiya nikithu 🤔1M varuma varatha,1,tanglish
"sundar c pannada, vj unakku chance kodukkala nu avara kalaichuteela, aadhi laam oru aalu nu avunukku sappi vidravan thaana nee",1,tanglish
Mrng thala dharishanam make it 800k thala fans,0,tanglish
59K likes left speed up guys don't make slow guys,0,tanglish
Ithu 96....last dialogue SEMA... But Rajini ya ippadi kalaikka koodathu,1,tanglish
Nadaga kadhalai nambi yemaradhey pennae. Vaalkaiyai thulaikadhey.,1,tanglish
Love u thalaivaaaaaaa avangala aarani Anastasia's Alabama and Anastasia's,0,tanglish
this movie looks like Hareram movie in telugu..... hope its not so,0,tanglish
Soodum kavvum connect agum nu nenaken,0,tanglish
1 m likes vara vainga thala fans,0,tanglish
Yarla mve ku bayagara waiting la irukiga?,0,tanglish
Frankly saying STR dha mass and weightuuuuuuuuu,0,tanglish
I am vijay sir Fan but surya Annan veriyan da காத்திருப்போம்,0,tanglish
HAPPY BIRTHDAY  🥳           NADIPPIN NAYAKAN                  SURIYA,0,tanglish
Mass Ajith Anna    luv u,0,tanglish
Surya is come back u1 soon,0,tanglish
Ok type. Not a Rajani mark trailer,1,tanglish
Padicha Pasangala Ellam Vela Velanu Odi Odi Thaan Yaa Naadu Kettu Pooi Irukku Sirappana Dialogue Specially To Meme Creators,0,tanglish
Pakka rajini film      Like if you agree,0,tanglish
Maranam Mass U Maranam #2.O.. (By-Fan of Rajni & Sachin Tendulkar),0,tanglish
Dei suriya mattum thaan da masss wight,0,tanglish
Namma Arthur Fleck ku kuda idhe vyadhi dhana......,1,tanglish
Different story in jayam ravi super... Big fan ravi,0,tanglish
Otha last shot  kola mass,1,tanglish
vara level isai puyal A.R.RAHMAN bgm,0,tanglish
College love friends nu illama differentana film pannunga,0,tanglish
Unmailae namma suthanthiram British kaaran kitta vangi arasiyal vaathikitta kuduthirukom #True,0,tanglish
Oru rendu nimisham nammala pathatathilaye vachiruku intha bgm....yeppa...,0,tanglish
100 K LIKES FOR NGK TRAILER,0,tanglish
Sirapana tharamana sambavangala inimel tha paaka pore,1,tanglish
Amma Jayalalitha biopic nu sollitu Kuttiamma Deepa getup potrukeengale da,1,tanglish
bhairavaa 250k likes 12million kids on the wey,0,tanglish
Thala thala thala thala thala thala thala,0,tanglish
Waiting for you thalaivaa    vaa vaa vaa eppa varuva,0,tanglish
promo video vfx super from rajni fans..,0,tanglish
Arasiyaluku varuvadhu Urudhi  Don't delete. Rajini   #Stand_with_KomaliTeam.,1,tanglish
"Dei,bigil padathuku munnadiye release pannuga please",1,tanglish
Yethukku last scenela blur effectu nallave illa,1,tanglish
Sarithan Myshkin kitta psycho kittnle vidamatan Ivana  unmayava psycho aakitta pola  Udahaya nidhi un udahaya vidhi,1,tanglish
Dei ennadaa kadasila fight vechutteenga... Pink padathula action sequence ey illiyedaa,1,tanglish
unaku nigar ni mattutha thala pathe,0,tanglish
pani karadiya ippodha trailerla pakra sema,1,tanglish
Marana Mass vetri sir & dhanush sir I am waiting,0,tanglish
Thala da thalapathi fans bayanthu dislike podurainga,1,tanglish
Ebhhha deiii enna da verithanam ah irruku trailer,1,tanglish
Vijay na gethu pokaathu but story?,1,tanglish
"E,,adicha copy da,,,ithu ellam avan seyal movie",1,tanglish
Idhu Pai Padam a or football padama,0,tanglish
@0:40 songsuperb..kamallllla..  I'm waiting for dis song.. you,0,tanglish
Folp picture kangna looking like a boiled potato,1,tanglish
Sivakumar'ah villainah potruntha innum mass'ah irunthirukkum,0,tanglish
Jayam Ravi &director stupid fellow Rajini a yenda ezhukringa,1,tanglish
mysskin sir trailer la dialogue venam .movie wait ah pesum,0,tanglish
Vaada vaada vaada vaada singam singam dhurai singam,0,tanglish
Poda ajith sinna paiyan da vijay than mass,1,tanglish
Ella padathekum ore maari irikan paare.....,0,tanglish
Ultra ultimate star thala vera level,0,tanglish
yaru la rajini sir fans  enaku likee podughaa,1,tanglish
Trailer super and mass but kabali kuda oops sorry na rajini fan iligo ana ajith fan....,1,tanglish
I like gvp fan bgm therikkutha,0,tanglish
RIP surjith,1,tanglish
kadaram kondan is a name of mudhalam rajendran,0,tanglish
Yaaru da andha naadaga kaadhal groups? Endha thalaivan da apdi Panna sonnan? Evanachu sollungalen..,1,tanglish
Inga Ajith international interpol ah nadikiraru  Inga vj pandaram pattaiya pottu panchayathu board thalaivara nadikurane,1,tanglish
Thaliava vera level super pakka semma mass,0,tanglish
Vijay fans Ajith nu sonnale dislike panranunga  yanna pannalaum nangadhan da .......varuvom ......thala da.......... Vara lvl padam irukumunu namburom 🤘🤘🤘🤘🤘🤘🤙🤙🤙🤙🤙🤘🤘🤘🤘🤘🤘🤘🤘🤘🤘🤘🤘🤘🤘🤘🤘ni venuna eluthi vachiko thala padam  odum nee va thala nanga irukom,1,tanglish
Kaappaan movie Harris jeyaraj songs kaga waiting,0,tanglish
Oru vela Vijay fan ah irupparo?,0,tanglish
Hey Pandey ne enna pandra inga,1,tanglish
Build up konjam over but paakalam. Epo Enna veanumnalum maaralam,1,tanglish
Sottapathy63 1000M vivews varum Ulagam muluka sottapathiku 650kodi rasigargal irukaanga🤣 Sotta da,1,tanglish
10 varusam ah Ulla irunthen nu thana sir theriyum athuku munnadi yenna pannennu theriyathe...,1,tanglish
Ippo Online la trailer pakka vanthavanga irukkinga (1:52 am)  Reason for Thala,0,tanglish
yuvan annna bgm vera level,0,tanglish
Super suriya anna u1 music vera level,0,tanglish
0:46 kathii trailer feeeel adichavange like......,0,tanglish
"Namma kitte kaadu iruntha,eduthukuvanga Namma kitte roopa iruntha, pudukiku vaanga Padippu mattum namma kitte irundhu eduthukave mudiyathu  Superb lines",0,tanglish
K.V.Anand movies la Technical la super aa irukum mini hollywood padam mathiri,0,tanglish
Na ennamo thala ku action sequence  a  varadhunu nenache ana kadaseila vandhuruch,0,tanglish
"Last part ultimate, naan arasiyalaku varuvadhu urudhi..",0,tanglish
PETTA fdfs booked....waiting thalaivaaaa.....vaa thalaivaaa.....PETTA PARAAK....,0,tanglish
Intha maari padatha namaku trend panna thuppu ila.. bigil mari kaevalama maana padatha trend pannuvom,0,tanglish
Last dialogue a romba pudikum nu solravavanga mattum like pannunga,0,tanglish
Yuvan anna Azmaing anna i love you,0,tanglish
Andha 19 k unlike panavangaluku kolandha porakathu,1,tanglish
Bairava better Than Thala ritham  America vile Michael Jackson kuptahe Doom le Racing Ku kuptahe Kadha ya soldravanga orgattu Yarayum Kenji Post Panale Pudicha po ilane vittle poe okkaru  Ithu comment poda nai maari varathinga,1,tanglish
Padam nalla irundha idhukum support pannunga...epome commercial than nalla collection pannanuma enna....🤧,1,tanglish
punda Mary eruku trailer  Siva nalla vechu senjutan ajika vaa,1,tanglish
Any one 2k19 like suriya fanz,1,tanglish
Bayangaram... Trailerey ippadina appa Padam engeyo Irukkapodhu Sure Oscar for  2.0,1,tanglish
thalaivaaaaaaaaaaaaaaaaaaaaaaaaa vathalai vathalai va va  ithutha yenga verithanam vera vera vera maariiii,0,tanglish
Ada paavingala ivlo dislikes ah 🤔,1,tanglish
Arun vijay N simbu looking very smart,0,tanglish
DISLIKES thevdiyas neenga innerathukku 10 jelusil bottle gaali panniruppingannu theriyathu keep katharals,1,tanglish
Isari Kanesh padamna kattayam andha marumahapulla irukanume!,0,tanglish
aiyayo aiyayo mudeyala...kadase dialogue thalaivar ah vechu senju taga,1,tanglish
Itha unlike panravanum naatupatru illathavanum onnuda,1,tanglish
Im Vijay bat super tala nega 2 per brdar,0,tanglish
Nanum sathiman nu solitu table la irunthu keela kuthuchurukan athula oru kaalam ithula 2k kids ku la enga theriyapoguthu,1,tanglish
Naa cartoon pakke poren pogeda,1,tanglish
Endha angle la paathalum amma mariye ilaye,1,tanglish
Nee Evana vena iru mothalla               mudikkitu iru,1,tanglish
Naan parha ajith filmle. Entha film miga mosam....,1,tanglish
Ayyo ippove padam release pannungappa. I can’t wait till pongal.,0,tanglish
I am THALAPATHY fans...  Nice Super star Anna....,0,tanglish
Surya sir endha Maathir acting ah unga Kitta paththu romba naal aachi....super,0,tanglish
Surya  & u1 vera leval,0,tanglish
"Surya , rahul preetsigh, sai pallavi sema",0,tanglish
The first scene was jayalalitha amma's first tamil  movie vennira aadai....,0,tanglish
Thalaiva I love you so much semmaaaaaa,0,tanglish
Bro ellaarum 1M likes ethukunga.... vidaathinga...I'd create pannunga....fast,0,tanglish
Queen web series pathavaga kandipa intha film pakamataga..pathalum pidikathu,1,tanglish
Thaliva unagala matum tha ipdi gethu kata mudium World Ka oru mass..,0,tanglish
"Konjam #Krrish, Konjam #Gentleman appuram Mazhai saarala #DarkKnightRises  Appuram kothamalli karuveppilai (Comedy & Songs)",1,tanglish
"96 la Ilayaraja songs ha use pannadhukku music director Govind menon ha aanmai illavar nu sonna Ilayaraja, ippo yenna maithukku Beethoven Symphony use pannirukaaru, appo Ilayaraja ve thannai aanmai illadhar endri oppu kolgiraara?",1,tanglish
Vikram sir you will never get old,0,tanglish
"Deepavali release pannadhinga, panna loss ungalukkutha,",1,tanglish
I am waiting for ner konda paarvai,0,tanglish
Super star Surya is OSM da,0,tanglish
Ippo enna panna poram sweet sapada poram,0,tanglish
Mallu running riot here. DAAAAAMN,0,tanglish
"Nasukka paduravangalukku neenga vaikkura Peru Naksal na, Aptiye kuptuka..",1,tanglish
"Anjali ,atulya orae Mari irukanganu tonutu",0,tanglish
Ellarum(all castes include sc St) saadhiya Nakkittey irukanga vai valikala(ithula pengal pathukappu &theendamai enkira idaothukidu Vera). Japanese kitta irunthu valkayoda mukkiyathuvam matrum nattoda porulatharathil Thani manitha pangu ennanu therinjukongada... Humanity illatha loosu payalugala thu...,1,tanglish
Super super Super,0,tanglish
woohaaaa..... varlam varlam vaa bhairavaa.......... No:-01 in worldwide trending....... thats what it means mass..........,0,tanglish
Edheke endha madhiri side rollekelam lal sir povudhe mamooty sir madhiri wait pani herova nadikalame,0,tanglish
Vikram bai.. Pesama tamil cinema vitu hollywood ponga! Ungaluku athan bestu,1,tanglish
Yuvan summave music therikkaviduvapale thalaikku sollava venum vera level,0,tanglish
Elarum soona paana (KGF) agida mudiuma,0,tanglish
1:27 yellow shirt yara irukum ( my guess Vikram ),0,tanglish
day thalapathy gokul k enna da trailerra pathuttu worth illai ndura yenda unka vijay kku enna theriyum muthalla vijay ya natikka sollunkada apparam comment pannunkada thala rasikarkalukkaka enkalukkaka  avaru usurakututhu nadichirukkaru nee ivalau esiya sollura,0,tanglish
1:25 sec la vaaya polandhavan ela like podu,0,tanglish
Mankatha bigboss theme rendayum kalanthu puthu vithama koduthurkanga,0,tanglish
Haters lam odi po vararu THALAIVAR u PETTA PARAK,1,tanglish
Ithuvum caste sammantha pattatha..yennaga neengaluma... caste ah olikuren olikurenu sollitu ippdi valathutha viduringa deivame..,1,tanglish
Yenga thalapathiya enna da panni vachirukkenga,1,tanglish
Unga tyer nakki annan kitta training yeduthurupan pola athan kudusaiya nalla koluthuringa. Unga annanuku potti mukkiyam da aluki pona maanga kotta,1,tanglish
Otha Kola mass ya.... Vijaysethupathi & simbu,0,tanglish
Rajinikum vayasu agala thalaivar rasiganukum vayasu agala hence proved by views and likes,0,tanglish
Shankar g Hollywood level padam edukuringa ana logic yenga,0,tanglish
Farmers and jallikattu marketing technique akitingla da...,1,tanglish
Achooo satyama mudiyala marana mass finishing,0,tanglish
many many many many many many,0,tanglish
Thalaivar + Makkal Selvan marana maaass combo,0,tanglish
semma thalapathy mass...aamaigal fans katharal starting....,1,tanglish
Nee va thalaiva na wait pannara,0,tanglish
mokka trailer semma joke name bhairava oh! hi chellam bhairavi,1,tanglish
Theme pathutu thaan again paaka vanthan thala ya,0,tanglish
Irukku pongaluku tharamana sambavam iruku  Nee vaa thalaiva theater la marana mass pandro,0,tanglish
Thala vazhuga  Thala rasigargal valarga  Lovee u thala AK,0,tanglish
Hip hop tamizha fans like here,0,tanglish
Arjun kapoor is suitable for jeyalalitha role,0,tanglish
No means No  Best movie enna THALA da,1,tanglish
Ippo namma enna panna porom!!!!!sweet sapada porom!,0,tanglish
"Dai thavudiya pasangala Rajini pesama padathuku vilamparam kuda thada mudiyala,96 la unka kita sonnara thavudiya",1,tanglish
Tharam da Vera level Pantaru da H.Vinoth kolla mass pantaruuu Thalaaaaaa Verithanallammm,0,tanglish
aadhi bro mass bro neenga sirippu mass broooooooo,0,tanglish
Omg  Vera level ...last dailog omg awesome dis gone a next viral dailog in tiktok love from #Kuwait,0,tanglish
Vetrimaran kitta dhanush nale mattum tha nadikka mudiyum,0,tanglish
Ena da trailer keta full movie story potu vachrukeenga.... Padu paveengala,1,tanglish
Makkal selvan and ashok selvan,0,tanglish
Avaru arasiyal varanu sonnathu 2017 la da potta,1,tanglish
Naanga padam pakkavey varamattom idhula unaa pakka vera varunuma poma,1,tanglish
Vetrimaran ithai thavira vera ethuvum theriyatha ora mathiri padam,0,tanglish
thalaa pls sikkeremaa vangaa were cant wait,0,tanglish
Trailer nalla dhan ya iruku  best of luck,0,tanglish
"Kuruma, next ne kunjith a ready panu... avan matum tan chola perarasu  kae saval viduvan. Epad epadlamo sentiments vaekraenga ana enamo oru padathula kuda kuruma group's relaxation pathe pesurathu ila. Enamo therla. Kunjith ta viteru, draupati flim ku revenge yeduthervan.",1,tanglish
Go to 500 crore success .........................,0,tanglish
Cinema va kolladhinga da Ayokya Arasiyal Avasaaris,1,tanglish
Yuvan Shankar BGM likes hit like here!!!!!!,0,tanglish
Bro plz edhaavudhu oru vaarthayaadhu pesunga,1,tanglish
next movie release aaga poguthu.. but dhillukku thuttu hd Tamil rockers la varave illa,0,tanglish
Thalaaaaaaaaaa sema can't wait for Aug 24th,0,tanglish
Mohan Annan ranjith mathiri arasiyal Panama irutharapaym sarnthu oru nalla movie message movie ya irukum enru nambukiren vazhthukal,0,tanglish
Surya sir oda Getup eh podhum Avaroda acting dedication ennanu ellaarukkum therinjirukkum...... Evlo varusam aanaalum avaroda gunam mattum maarave maaradhu..... Proud to Surya sir fan...  #Kaapaan,0,tanglish
Dei siva onnu bike ooturan illa car ooturan adha vitta gun eduthu scene poduran  Enda vera edhum theriyatha avanugu illa unagu theriyatha  Ella dialogue copy poda dei,1,tanglish
Best off movie suriya sir...ellathayum thhatti kekura urimai namba ellarukum irukuda .....sekram nalla achi varum ..,0,tanglish
Enaku romba pudicha movie #Ayan athukappuro #kaappaan tha,0,tanglish
Adai trailer yeah cut dhaan adheayeah skip panni paaka vaikireingaleayda,1,tanglish
NGK movie ku FDFS poravanga like  podunga,0,tanglish
1:19 la yaaru athu. He's looking like teejay ..,0,tanglish
Aug 10 Thala dharisanam semma,0,tanglish
Poraadama Avan pogavum maataan.. saagavum maataan.. thaa vachu seiyaporom from 24th..,1,tanglish
Anna iam telugu not understand tamil language.. But surya darling action kekka... Plz rls in telugu,0,tanglish
Veeram+kaththi mix mathiri thonuthupa apdinu solravan like podu  Bairavaa dialogue um mathitinga Vijay: enkitaoru ketapazhakam irku Vjs: enkitaoru nallapazhakam irku,0,tanglish
Movie Paathachu kandippa  ellarum pakkanum vera level la irukku movie Dhanush Anna Acting marana mass ah irukku,0,tanglish
"Avangala thavira,, motha sathiyum onnu kooditinga,,",0,tanglish
Nice but santhana romba seen poduraru....,1,tanglish
Sun pictur ku vendu koal. Hinidi promotion illa  anga neriya peruku padam varthu pongaluku theriyilla so promotion pannunga,1,tanglish
Trailer super ra than da iruku ....,0,tanglish
August 10 waiting  thala movie nerkonda paarvai,0,tanglish
"chettiar ena, saar baga padam vetri  pera valtucal nanbaaa..",0,tanglish
enna pola daily nkp trailer paarkura angaali pangaali ellaam oru like podunga,0,tanglish
Haters: Kila avlo Peru irukkanga eppudra mela vanthe? VJS::Athe kila irukkrava kitte keluda  Masss reply,1,tanglish
Ithu 96 yara emaathureenga...Semma dialogue .. mudiyala,0,tanglish
over action mokka punj dialog eiyaa,1,tanglish
Dir Siva semma making Anirudh BGM kalakitinga Aug24 meet pannuvom,0,tanglish
0.19 Minutes apo Ambala ambala ambala theme podura,0,tanglish
now srilanka no 2 on trending,0,tanglish
Ada cha Enna ivalo kevalama iruku,1,tanglish
Marana mass song expect panni disappointed aanavanka like pannunka ..,1,tanglish
"2,,0. Vasikaran. Wow baties Semaeami",0,tanglish
Its going to be remade in Hindi just like yuva,0,tanglish
Dai oru time sense illa first 6pm ippo,1,tanglish
Trailara paadha udane yarukkellam padadha pathe aganum apdinu thonuchu hit likf,0,tanglish
1:22 to 1:33 ennada petta bgm ah thooki pottu vechirukinga...,1,tanglish
Thala una dharisanam kedaika pothu screen la...,0,tanglish
Mokka palaya film sayal niraya irukku....,1,tanglish
you Love u love.... my..... ....,0,tanglish
Yaaravathu kavanicheengala two months ku munnadi 700k likes irunthuchu aana ippo 500k something vanthuruchu onnume puriyala....,1,tanglish
ajith thaathaa un movie nalla illa very very kevalam,1,tanglish
Enna padaippu epperpatta karpana  thalaivaa your great,0,tanglish
Rajini ya paththi thappa pesuna kaamana poiduvaa,1,tanglish
Vijaysethupathi mass mass mass mass mass mass mass mass mass mass mass mass,0,tanglish
MNM MNM from Sri Lanka,0,tanglish
Kaappaan vs saaho  Aug 30🤩,0,tanglish
Pundai mathiri iruka. Watha iven handsomah,1,tanglish
Finally I saw my god thala 🤩🤩,0,tanglish
Teaser ku dislike pottavanunga ellam sariyana thevudia va iruppanga,1,tanglish
Kadaisiya marana mass Panna porathu enga ANNAN VIJAYSETHUPATHI thaan,0,tanglish
Wow semma sir Mr danush sir thanks Mr vertimaaran,0,tanglish
I'm a thalapathy fan but ending thala semmaiya irukaru bha,0,tanglish
Tamil nadimarke oru puthiya velluvilliakkumooo manju chechiudea puthiya entry,0,tanglish
"Oruthar maela viswasam kaatturadhukaga, innoruthara yaen asinga paduthureenga.....Great lines sir",0,tanglish
"Intha maari oru padam varumnu tha kaathutu irunthom sagothararagalae ..draupathy padam kandipaga oru puratchiya erpaduthum intha society la ..... ,Veera vanniya Kshatriyan da ....padam summa Therikka vidum parungada para.....p,kis .....enakum antha caste friends irukanga aana yaarum intha alavuku Veri pudichu kuruma poonra sila ...... Aala la  tha avangalukum ketta Peru...",0,tanglish
Marana Mass ...Karthi Nammode Annante Annan,0,tanglish
ParAvala semma mokkayatha iruku irunthalum pappom yenna pannida poranga,1,tanglish
Marana mass trailer suriya sir fans like it,0,tanglish
1:48 enna da rope la katti vilayaduringa,1,tanglish
Paavam ajith fans....sarkara beat panna mudiyala🤣,1,tanglish
Wow wow wow mani rathnam sir super but karthi sir movie mathariri  mokaya padatha kondu pokathika,1,tanglish
surya sir flim teaser vera level tq kv.annand sir,0,tanglish
96 la rajni arasiyalukku varvennu sollaliya. Director unmayilaya komali dhaan.,1,tanglish
Angeee ellam viswasam trailer parthaaa nambee ingee petta parpomm...,1,tanglish
adaee Enna da ippadi irruku evlo periya aalu,1,tanglish
Chi Teaser Th******a Maathiri Iruku Vettai Thu Dai Ivana Poi Vijayoda lam Compare paandhingada Pota Pasangla,1,tanglish
nalla vela last ah ajith um vandhachu.... ilana enairukum....,0,tanglish
Semma semma semma semma Mass Thalapathy!!!,0,tanglish
FDFS pathachu thalaiva  padam maranathanam,1,tanglish
Kelatu punda 70 yr amitab character ah play pandran adutha padam 80 yr lol thalapathy ageing in reverse haha,1,tanglish
Ean ya unaku intha vendatha velai,1,tanglish
Surya fan's like battan therika vidunga 🤩🤩🤩,0,tanglish
Siva Anna super put not important,1,tanglish
Ada naaye.. ni laughing scene poda.. mersal scene tha kedachitha..  oru internal strength erukaada sundarc kitta.. music podrenu.. poata tune eh podra ni nallavana.. kp,1,tanglish
Oruthar mela viswasam katurathukaga mathavangala enn asinga paduthuringa  final dialogue semma ellarukum purium nu nenakiren,0,tanglish
Kiruku punda Ivan vaayila poola vida,1,tanglish
Apdiya appo varalam happy bigil diwali,0,tanglish
Oruthar mele viswasam kaderathuku innoruthare  yen assinga paduturingge.....ppppaaaaahhhhh,0,tanglish
Entha trailer poi Dis like pannuarenga la enna pannalam,1,tanglish
1m likes varumnu solravagga like here,0,tanglish
Vera level hit adika poguthu,0,tanglish
"I am diehard vijay fan,bt trailer is marana mass Hollywood range Ku iruku sema thala sema mass",0,tanglish
Thala fans kku semma treat irukku,0,tanglish
Come back na ippadi irukanum da va dhutaru da thalaivar back to back hit suriya aa daaaa,0,tanglish
ambbaaa maranamass thalivar da... Once a king is always king....,0,tanglish
sivakarthikeyan verithanam sk anna Fans like it,0,tanglish
Adei 97K views 107K likesa da,1,tanglish
looks like thaana serndha koottam part 2,0,tanglish
semma masssssssssssssssssssssssssssssssssssssssssssssssssssssssssssssssssssssssssssssssssssssssssssssssssssssssssssss sema sema semma massssssssssssssssssssssssssssssssssssssssssssssssssssssssssssssssssssssssssssssssssssss,0,tanglish
padatha pakka kola kandula iruken diiiiii,1,tanglish
enna kanravi da ithu poor cg work and vfx..thuppaki ah suttu padam eduthurukaanunga daa,1,tanglish
Hit like if you like to hit,0,tanglish
1st trailer ra compare pannala entha trailer la music lack la  erruku nu nanakan......,0,tanglish
mokkai teaser China phone pola sound tha adigam varuthu vijay anna ku...same style from vettaikaran movie ..different ta edachum pannu vijay sir.. konjam nadinga vijay bro,0,tanglish
*tha theliva plan pottu eduthu irukka padatha idhukumela evanum caste vittu caste love pana kudadhunu idhuku vera support pandra maari comment pannitu irukinga🤦‍ already  Inga jaathi veachi niraya prachana poitu irukku pudhusa vera start pandringa,0,tanglish
Vanniyan varalaru  vetta nanga ready  . Enga ayya sonna,1,tanglish
Guru pesuna dialogue mariye irukku vanniyar Padam nichayam black buster adikanum,0,tanglish
Un like pottavan ellarum surya Anna ku bayanthavanunga da........,1,tanglish
"உடனடி  ஆட்கள் தேவை  இடம்   :  சென்னை  நேரம் : 9am to 4pm  வருமானம்:   13,000 to 18,000 வயது : 18 to 25  படிப்பு : 10th,12th, ITI (to) any degree     Centrel govt approval Company     office work only                                 தங்கும் இடம் இலவசம்  permanent job  Contact:  8825790517 8220968101",0,tanglish
Rajinikanth  marana mokka panitaanga cheers,1,tanglish
Jayam ravi- chinna vayasula oru Yerila kulipamla angau polam da.. Yogi babu- Athu mela dhan da nadanthu poitu erukam..,0,tanglish
Andha palla edhuku da zoom la vera katturinga...bayangarama iruku...,1,tanglish
Nanbarkale innaiku night 12 manikulla 400K like varanum come fast,0,tanglish
daily trailer parkura angaali pangaali ellaam oru like podunga,0,tanglish
only for விஜய் சேதுபதி and STR,0,tanglish
Thalaivaaaaaa.. neee vaaaaaaa adhum Bhairavaaaaaaka.... vaaaaaaaa,0,tanglish
Ithu 96 yara yemathuringa :-) :-),1,tanglish
Movie vera level LA irukkum  nu nainaikira,0,tanglish
marana scenes n looks n radikha ama son sentiment semaye work agum,0,tanglish
Enda 61000 per aduthavanuku viswawatha katta pakuranga,0,tanglish
"Enappa likes , views kammiya iruku...1M likes, kondu vangappa",1,tanglish
Vere level  last scene pwolli,0,tanglish
Innoru mokka masala paadama . Yenda ??? Sethupathi mathiri Oru padam edupan partha Rekka mathiri edukuranuga,1,tanglish
Long time ku apram ajith sir oda original voice apdiye kekuran.. rompa happy ya iruku... waiting thala,0,tanglish
Romba Nalaiku Apram Palaya Rajiniya Pakkura Madhri Oru Feeling ..,0,tanglish
Ivarku lawyer style and body language varla. Romba mosam. Olunga pesa kooda illa. Lawyer mathiriye illa mokka,1,tanglish
Evlo politics movie eduthalum makkal thiruthathu..  Dmk admk ku dhan vote podum.. Mutaal makkal....  Change pananum... Vote to NTK......,1,tanglish
"Hip hop mass fans like here,",0,tanglish
73 dislike raatham vaathi eduthu savaaaaa.,1,tanglish
Vani fans like panunga  Rithika fans like panunga  இந்த கம்மெண்ட போட்டே பிச்சை எடுக்குறானுங்க,1,tanglish
Aama dhadi valikinu. Lawyer can't speak like this. Mokke. Vijay is vijay,1,tanglish
yenndhada idhu. idha paathada mela indha video patha enjoy panlaam :D,0,tanglish
kanyakumari district illaya super star DHANUSH bloods thool kalapuvom,0,tanglish
Thala nerkonda paarvai kooda padam vandhuchu aruthuruva,0,tanglish
Best combo SURIYA KV HARRIS Ayan to Kappaan,0,tanglish
Nice mohan true eppavum konjam kasakum keep it,0,tanglish
0:48 kaththi mathiri iruku I like it,0,tanglish
THA KOLA MASSSSSSSSSSSSSSSSSSSSSSSSS THALAIVAAAAAAAAAAAAAAAAAAAAA.....HATERS SAVUNGA DA,1,tanglish
Kalavara Boomi Dharmapuri Vanniyar Kulam Sarbaga movie Vetri Adya Valthukal,0,tanglish
43k dislikes katharals... avalovu bayama....,1,tanglish
Vera level thala.. Imputtu azhaga irukiyee thala,0,tanglish
Marvel DC lam orama pongada!! Enga tamil cinemavuku nu oru HERO vanthachu,1,tanglish
Dislike people are str bloods 🤣,0,tanglish
Bro enna bro ithu sema ge,0,tanglish
Get ready for some petta paraak,1,tanglish
Dialogue saguradha irundalum sanda potu saganum sir kai kaal la vilundhu saaga kudadhu,1,tanglish
Superrrrr strrrrrrrrr we r waiting to see uuuuuu,0,tanglish
Vfx innum konjam nalla panirkalam shankar sir. 35 cr budget laye tik tik tik world class vfx.,0,tanglish
"Marana mass,karthik supraj is wonderful job",0,tanglish
"Yov Karthik subburaj ennaya ipudi eduthiruka, tharamana sambavam ya, super ya. Marana maaaaaaaaaaasssss",0,tanglish
"Neraya perr enga SK anna ku movie choose panna therilai nu solluvanga,  avangaluku idhu serrupadiiiiii",1,tanglish
Looking like a stupid movie with very low budget.,0,tanglish
Theri(kkavitta) Trailer... #VJ <3  #Atlee  ;),0,tanglish
"panni koottam maathiri screen fulla aatkala irukkanga , trailer average.",1,tanglish
Bigil trailer ku yarulam marana wait panringa like here,0,tanglish
Periyaa veetu ponnu gethu.. APPO NEEYAE OTHUKIRA NEE KEELTHANAMANA NAAYEE NU..,1,tanglish
ajith padamnu sonnaga guest roll la vararu.,1,tanglish
I love Vikram movie s as kannadiga,0,tanglish
2:00 yogi Babu: idhu 2k16 nambalena Neeye paaru Jayam Ravi ( after seeing Rajnikanth politics):idhu 96 yaare yemathureenga,1,tanglish
Keanu reaves fans sarbaga padam vetri pera vaazhuthukkal,0,tanglish
Asuran movie vetri pera congratulation to thala fans,0,tanglish
Kola gandula comment potuerukan  Like potutu apdiyae odi poiru,1,tanglish
Thala pola varuma neengatha thala mass,0,tanglish
கெட்ட பையன் சார் இந்த காளி  dialogue vachurundha ultimate mass  and class aa irundhurukum,1,tanglish
Konjam appadiye antha sarraku middiku dialogayum serthu irunthurunkulam inum supera irunthurukum,0,tanglish
Arun Anna u r grateful actor superrrrrrrrrrrrrrrrrrrr,0,tanglish
Thala vera level  .. Nee vaa #thala,0,tanglish
Super movie... Enthamandhi Khidhi 2 Kosam wait chysthanaroo.... like kotandi...,0,tanglish
Batman belike : yennada panni vechurukinga?,1,tanglish
Aug 30 rls  semma speed,0,tanglish
Ultimate goosebump confirmed...... sekaram vaaaa thala waiting laia veri aagudu,0,tanglish
as xpectd dhukka deepavali for aamai kunjumanisss.... oppaari veinga da vaanga da...,1,tanglish
Bhigil pans.....Kaithi sunniya pudichi umbunge da,1,tanglish
Amma sathiyama sollunga da indha trailer nalla illainu neengalam thirundhave mattingada,1,tanglish
Indha trailar vida sahoo trailar adhiga views peiruku,0,tanglish
Hollywood movie dubbing thies movie 1960,1,tanglish
"Etha naya Adeka da...Hero zero Thu...superman,,Spider-Man pathuerupika..evaru oru mairuman...",1,tanglish
"Super-o-Super, Trailer   Semaya irukku",0,tanglish
Vijay sethupathi anna oru katathula tharamana padangal kuduthingaa ippo mass films kudukarangra perula mokka padamaa kudukiringaaa,1,tanglish
Technology enga poitu iruku... Tamilnadu  la ennada nadakuthu 🤦‍...Android 10 vanthuruchu innu yaru allrathu sanda potutu irukinga...,0,tanglish
surya sir pathi yarravathum thappa sonna......vechuruke matten ....vetty konnu kallayim...kunnakelle,1,tanglish
Bigil kuda realsee panatha da unga padam odathu,1,tanglish
"Dei fans baadungala,indha maadhri padatha hit pannunga da,inimel aachi.",1,tanglish
0:46 tik tok walo ke liye,0,tanglish
iyooo perumaleee enaku ipove padatha paakanum pola iruka iyoo na enna panuven eeeshvaraaaa,0,tanglish
Ennada ethu padatha already yangayo patha mathiri eruku,1,tanglish
Surya Annan Fans  Karthi Annan fans  Like,0,tanglish
Thalaivaaa unkalukku age 20ku mela akathu pola..sathipatharku  vayasu thevai illai,0,tanglish
Iruku Diwali Ku Tharamana Sambavam onnu iruku,1,tanglish
Ennda ithu appdiyea vada chennai mathiri trailer iruku,0,tanglish
THALA semma MasSs Girls mukiyamana movie  don't miss,0,tanglish
Spider man Bat man Super man And u herooooo (mugamudi)🤔🤔🤔🤔,1,tanglish
bairavaa flop same to thalaivaa movie result,1,tanglish
Ajay devgan sir best Jodi rakul preet de de pery de,0,tanglish
Any one happy seeing GV Prakash,0,tanglish
Bgm is similar to moribus movie bgm,1,tanglish
Trailer paakamale command paaka vanthavanga oru like podunga,0,tanglish
Nalla neram na India la pirakkella illatti nanum jathi variyanakiruppan nalla neram,1,tanglish
Thala thala thala thala da tharumaaruda thala da,0,tanglish
"Thirutu thiruma ,matrum paa Ranjith ku serupadi",1,tanglish
0.30 semma timing chinna vayasula oru yerila kulipomla anga polam da athu mela than da nadanthutu irukom padathula sirika vendiya visayam nijathil sinthika vendiya visayam.......,1,tanglish
தலைவன் #SELVARAGHAVAN Fanz Hit Like.. Fantastic Film Maker Trending Of CINEMA JOURNAL.. #UVAN Music...,0,tanglish
2017 end la than thalaivar solluvaru,0,tanglish
Innoru nadigar mela visuvasatha kaata THALALAIYA  ennda dislike panni asingapaduthuringa #THALADAWW,1,tanglish
Wow super simran 90s kids like pannunga....,0,tanglish
Thala nenga vethalam & veram maripadam yedunga thala,0,tanglish
Wow 100k likes bring it to 150k likes,0,tanglish
Siva karthikeyan fans hit like here,0,tanglish
Vera level mass mass ajithkumar,0,tanglish
Like From Kkdi Dhanush fans Club,0,tanglish
Appo Kabalieee... Na Nerupuda  Eppo robot na chitti 2.O version,1,tanglish
Marana mass thala last dialogue vera level,0,tanglish
Enna da kekka Bekka short film ah appidiyei copy adichirukengalei da🤭🤭,1,tanglish
All thala fans comments pannunga..100k comments varanum,0,tanglish
loosungala. ipadhan jaadhi veri konjam konjama koranjutu varudhu. Neenga enda thirumba jaadhi koodhi nu varinga. Unga jaadhi ah vachu mayirava pudunga poringa. Support intercaste marriage  love jaadhi pathu vara koodadhu da maatu moolaingala,1,tanglish
KV Anand + Suriya+ mohanlal+ arya+ samuthirakani+boman Irani+ sayesha+ Chirag Jani+Harris jayaraj,0,tanglish
Mavane kola gantile irukken kollama vidamatten🤗 Thalaivaa,1,tanglish
Trailer mairu madiri iruku.kandipa flop tha,1,tanglish
Dei.....96 la na arasiyalukku varuvadhu urudhi nu rajini sonnaaraa....otha neengalaam kindal panra alavukku avar aaittaaru....,1,tanglish
End scene is epic.. Namba PM eh bangama kalaikra ooru ithula Rajini eh kalaika kudatha.. Athu unma thaneh. Ithuku en ponguranganu nu therila,1,tanglish
3.7k dislike katharalas 🤣🤣🤣 Konjam OthingiruOdi PathingiruVarathu ThalaivaruPetta Paraak,1,tanglish
Ovovru dialogue summa therika vittutinga thala mohan g... Super broo,0,tanglish
Semma i am waiting sk anna fans,0,tanglish
Dai ammava kaata sonna annebelle bommaiya kaatureenga🤣,1,tanglish
Vijay Sethupathi fans Marana Waiting Petta,0,tanglish
Podu Thakida Thakida..    ThaLa Vera Level.......ThaLa Fans Lam Like Ah Norukongooooo....!!!!,0,tanglish
1:58 vera level idhu 96 u,0,tanglish
Enna bha Pei Padam ah..Enna pa ipo la Thideerunuh ulla peiya kooti vaarenga..,0,tanglish
Tharumaaru Hit .... Ennamaa iruku Pullarikuthu.....BGM...Vera Level nu solrathu vida #VERITHANAMAN,0,tanglish
Oruthar mela viswasam katrakaga..inoruthar en asingam paduthrenga,0,tanglish
yarra yarra ivan oora keta theriyum va varla va varla va  bhairava,0,tanglish
Innoru national award vangama poga mattanga polaye???,1,tanglish
Simbu  n Jyothika Wil score much...,0,tanglish
"Vera level thala. .. Acting, slang, roooooommmmmmmmmbbbaaaaaaaaaaaaa aarvama iruka thala. .. Padam paakurathuku",0,tanglish
Vanniyar Dhevar kavudar Nadar yathavar ellaame gethu thaan movie marana waiting Thaliva,0,tanglish
Farmers oda varumaya kaati Ella movie layum kalla kattunga da. Thuu....,1,tanglish
Jai... Vijay Sethu pathi Jai.... Chiranjeevaa.... Syeraa... Narasimha Reddy Syeraa.... Vijay pandya,0,tanglish
Enna frndz trailer views update aagamatikathu...nane 20 time pathuten...yellorum adichu thooki millions kanakka views therikka vidunga...,0,tanglish
Enna da ithu seriyal mathiri iruku,0,tanglish
Mahesh Babu and thala Ajith mutual fans hit like,0,tanglish
"SUPER,EXELENT I'M WAITING VIJAY NA.3 BIG HEART FOR MY FAVOURATE HERO,IM YOUR BIG FAN",0,tanglish
Thala Harris music.. ko maadhiri oru music kedacha nalla irukkum,0,tanglish
Kadaisila namma thalaivara bangama vachi senjitinga. Sirappu miga sirappu.....,1,tanglish
Ade Kappaaaa Pichu Pichu Noruki Noruki Vittiga Pa🤣🤣,0,tanglish
Ooommaalllyyyyy  oootthhhhaaa  verrraaa level,0,tanglish
Emma pa padamei PUBG ILLA GTA MAARI IRRUKUM POLA,0,tanglish
unnam yaar yaar laam thoogama trailer paathutu irukinga like pannuga,0,tanglish
Daii ungaluku Ajith Vijay thavira Vera evanum theriyathada in padam trailarku avnaga padatha ean da copy poduringa yosinga da puthusa ethavathu chiiiii....thiii,1,tanglish
13 minutes 62k like world record,0,tanglish
Mannu ponnu nu pona varsham devaratam nu oru mokka vanchu ipo indha talinga thookitu varaanunga...theatre kedaikudhaa nu papooom da daai,1,tanglish
Die heart fan of dhanush. Love u thalaivaa.... Ummmaaaaa... Padam vera levela eruka pothu...... Tq thalaivaaaa..........,0,tanglish
Sema trailer aa Vera level.. Padam inu yepdi erukum frnds.... Yethir parkum.... Veera vanniyar yelaru cmt panuga,0,tanglish
"16 Milion+ views with 851k likes for n remake movie ,its huge...",0,tanglish
wAITING FOR S3 rELEASE <3 <3  love u Suriya <3,0,tanglish
mari chamy  i like ajith kumar,0,tanglish
Ipa enna Panna porom THALAIVAR:Sweet sapuda porom Vera level🤣🤣,0,tanglish
Blue satta..ithuku mattum nee negative comment kuduthaaaaa...neee manushane illaaa.. .,1,tanglish
endha Maari paithieyammmak!!!! erukkura vangha thann. endha naatukku vanum..!!!!! naa kalaikkila .....!!!!!yenna !!!!!!!! naaa apppadi!!!!!!!!,0,tanglish
Trailer link ah  Therinjavanga ellarukum share pannunga fans,0,tanglish
Super man and Batman movie Mari iruku,1,tanglish
Versatile suriya fans like here,0,tanglish
"Asuran,pariyerum Perumal, maaveran Kittu movie la avangala nallavangala kaamichanga... Ella caste layum nallavan kettavan irukkan. Best wishes Mohan anna.. apdiye pazhaya vannarapettai part 2 seekram edunga... Waiting",0,tanglish
Trailer pakka vandhavunga like pottu ponga papom,0,tanglish
Bro idhu kakkabekka short film madhiri irukki,0,tanglish
What a man chiyan 53 age Partha apdiye iruku any way waiting,0,tanglish
Thalaivar sema massss intha pongal Thalaivar pongal,0,tanglish
"Intha padai pothumaa..? Innum konjam venumaa?  Me= nee thirunthavea maattiyaadaa.,",1,tanglish
Dai naan Thalapathy fan da...Yenda ipdi bayamuruthiringaSathiyama solren intha padam Bigil ukku tough kudukkum pola,1,tanglish
Thala lawyer aa pakka marana waiting,0,tanglish
Ith thanneyalle ithrem kaalam aayt nammal kand kond nikunnath,1,tanglish
Shortfilm semaya erukum 100 times pathuruken last advice vera level ..,0,tanglish
Maass suriya as cute suriya in 0.42 Vera level,0,tanglish
Mass petta pongal .....  1995 Batcha Pongal   2019 Petta Pongal,0,tanglish
i am sure its gonaaaaaaaaaaaaaaa to be           hiiiiiiiiiiiiiiiiiiiiiiiiiiiiiiiiiiiiiiiiiiiiiiiiiiiiiiiittttttttttttttttt!!!!!!!!!!!!!!!!!!!!!!!!!!!!!,0,tanglish
vaitherichal pudicha vijay fans ellarayum serupala adikanum pangaaligala,1,tanglish
Gommala...Ending Vera level da deii  #GetRajinified,0,tanglish
kola Gand la erukan nanum THALAIVAR movikaga  ....neenga,1,tanglish
ella...enanum ...intha...ndaka kathalal pennai...pethavanukku.than .vali therium......madravanukkalla......,0,tanglish
Cheetah Siva  thevdia mavan Ella Hollywood padathayum copy adikiraan thevdia paya.......ootha intha pundavegam padatha kondu poi Shalini  pundaila ootungada.........,1,tanglish
Ultimate tala   vera level sir neenga,0,tanglish
0:57 Allu sillu la sedharuu!!!!  Vani Bhojan Entry da!!,0,tanglish
Iyaiyoo enthalaivana kalaikurangalay  but ok nallairruku trailer,0,tanglish
"Tamil Suriya fans like ,, Telugu fans comment",0,tanglish
dai poatta kunjikala nenga evalavu than dislike poattalum. enga kitta nerunga mudiyathu da devuku?????ka la... nanga epavume gethu da... mudincha mothi paru illa vediga parunga da anilskala....,1,tanglish
Felt like a 90's mass Tamil movies style,0,tanglish
Rajini sir Shankar and akshay Kumar sir hat's off vyara level,0,tanglish
"Ippa than konjam jaathi veri illama konjam ellarum natpa palagi varanga,  athukulla jaathi veriya thundra mathiri oru padam..",0,tanglish
"Ennadaa Innum Like pannunga, comment pannnga nu evenum picha edukka varalaye nu nenachen... Tha vantaanuga illa.",1,tanglish
Our super hero siva anna forever,0,tanglish
Let's make it 1 million likes..,0,tanglish
love y thalaiva........ epo vara pora thalaiva,0,tanglish
Isai Thalaivaa Bgm U1 stunning,0,tanglish
2019 deepavaliku #thala fans ku #thaladeepavali #kaithi than,0,tanglish
8millon views mass thalaaa  #NEVER EVER GIVEUP,0,tanglish
Face set agala nitya menon is ok padam.....???,0,tanglish
Power rangers fans hit like ..90$ kids,0,tanglish
Dislike pannavanga last dialogue kelunga Sir,1,tanglish
fun panranga.. fun trailer 🤣 directer siva 🤣🤣,0,tanglish
U1 BGM Vera leavel solravanga like podunga,0,tanglish
Thala ellaa dialogkum sema mass ah iruku,0,tanglish
Summa athiruthulla... thalaivar semma mass... Reloaded 2.0 ha..ha..haaaaaaaa...,0,tanglish
sangathamizhan nu solllittu aprm ena maiiruku vijaya production mela hindi font varuthu.... karr thoooo.. echaa baadu,1,tanglish
Indha aarya tholla thanga mudiyala pa...,0,tanglish
Thala pola verummmaaaa da sappypathy vgay ma -hahaha,0,tanglish
Verl level surya annan.. love you..,0,tanglish
"Like potutu dhan trailer start pannanum bro,idhu namma thala film",0,tanglish
yenda ajith padadha pathu mp3 copy adickiringq,1,tanglish
Thalaivaaaa..! ippa Enna panna porom?? Sweet sapda porom...!,0,tanglish
"Telugu, hindi, kannada teaser eppo release?",0,tanglish
1 million likes on wait pannuravanga oru hi sollunga..,0,tanglish
"korey kullan surya fans thazhe  konacha cmnts ittathu kandu , ninakonnum vere pani illeda ........... theri iragiyappolum neeyoke ithu thanna paranjath ........ KULLAN SURYAYUM FANSUM onnu poda #$#@#$@ , THIS TEASER DEDICATED TO ALL SURYA FANS, kandu padikada.. DEEPAWALI FIREWORK IS SPONCERED BY ALL SURYA MOVIES.... VIJAY ANNAN VERE LEVEL DAAAAAA",1,tanglish
"1st #NKP  movie ponum Marana Waiting  (#ThalaAjith movie ) nxt #comali movie ku ponum,  nice trailer ya nallarkum nu ninaikuran",0,tanglish
Chiyan vikram fans  Hit like bgm likers,0,tanglish
Visvasam trailer pathatu vanthavanga one like podunga..,0,tanglish
looks like pawan kalyan in AP politics,0,tanglish
Vera level Surya veriyan likes here,0,tanglish
Thalaiva vera vera vera leval. Pakka mass ..get rajinified,0,tanglish
Tamil Nadu fans react noku......padam avuday potti..... Fans expressions kandal chiri varum......chumma aalukalay pattikkan valip adichitt karyamilla Anna......Tamil natilum ippo nerathaya suryan udikunathu.....pooo,0,tanglish
vjijay  annna alwysssss cuteeee  not bad good,0,tanglish
dislike pottavaga yellam ratham kakki tha savanuga,0,tanglish
"Ipoo dhan da thala,thala maari irukaaru",0,tanglish
Surya Anna vera level mass look's....,0,tanglish
Ithu 96 yaare ematuringe... Semme semme... 🤣🤣🤣🤣 (2050 le kuude ithu dialogue ta),0,tanglish
Thaa trailer eh ivalo kevalama iruku,1,tanglish
Kekka bekka short film mathiri iruku,0,tanglish
Thamizhaga varalatril mudhal muraiya anaithu samuga makkalum command il possitive review koduthulanar,0,tanglish
oh my godddddddddddddddddd..... what a what a wonderful,0,tanglish
I from Karnataka m Vikrams fan,0,tanglish
same prob for me for u hit lik 🤞,0,tanglish
Wow Sayesha saigal and Surya super,0,tanglish
Ennamo antha Kabali Teaser 465k Likes aamah  Enna Nanba Ready.ah,1,tanglish
I am from Tamil nadu but I love Kannada movies kirik party next avene sriman Narayana,0,tanglish
Varalam va va va.... Reverse pakuringala da....,1,tanglish
Tharaamaaa Movie Athulaa yanthaa oru Matruuu Karuthum ilaiii Athuu Mattum uruthii,0,tanglish
Undhan thanambikaiku thalai vanagupavargal naangal # thala da,0,tanglish
disliker are anti-modi Indians.. .. hahahahahaa,1,tanglish
na yaar fan'um illa...intha movie la nanbane villain pola??? koodave irunthu drogam pannuvan pola..apo nalla tha irukum,0,tanglish
Padathai release pannuga kondada naga thayara erukom,0,tanglish
90s kits Ku oru sema treat,0,tanglish
1:22 thala fans be like  2:24 thalapathy fans be like  sariii athukum ithukum sariya pochi🤷‍,0,tanglish
Padam super rajini sir karthick sir unga padam semma sir,0,tanglish
Waiting la aah veriyaguthu epa da padam varum,1,tanglish
Raatchasan maathiri bgm irukkuma vera level la irukkum,1,tanglish
Vedha 2.0 fans hit like 🤟,1,tanglish
Anna movie eppatha release pannuvinga. Sekkiram sollunga. Engalala wait panna mudila....,0,tanglish
Marana waiting  surya anna  movie,0,tanglish
"Pongalukku  Sirappana, Tharamana, Mass entertainer flim",0,tanglish
I am Thalapathi Fan but i like ajith,0,tanglish
padam nala ila nee setha da mavane,1,tanglish
Ennada bomma padam mathire irukku enna kandravi anim ithu,1,tanglish
Ethana peru ethu maari padathula ajith nadikanum nu nenaikuriga?,1,tanglish
ivvoro characters ku important kuduthu script write pani 60 vayasu mela oruthar film eduthu erukaru na avaru cinema va evvoro love pani erukaru namba understand pannanum..mani sir the legend,0,tanglish
"Trending   No 1, - India, Qatar, Bahrain UAE No6 - Srilanka ,  No8- Singapore",0,tanglish
Dai Ithu 96 Yara yematha pakra Attakasam,0,tanglish
2.5k dislikes.... O .....a yaruda neegala,1,tanglish
Vanniya thevidiya pasangala Potta pasangala aruthuduven,1,tanglish
Ennada puratchi thalaiviya kaaata sonna Deepa babyma va kaatringa,1,tanglish
1994 1995 kids like it ..best in d world,0,tanglish
Ennoda channel layum konjam paarunga please,0,tanglish
Enka Anne velayutham Anne Mari Vara mudiyyuma,1,tanglish
Evanachu pondatti kolandha kutinga sentiment kintimentnu vandha apdiye oodi poiru...semma gandla iruken... All the best by thalapathy veriyan,1,tanglish
Ada dei nama sambatha da dei,1,tanglish
Eh eh eh r and a new,0,tanglish
"AR Rahman copy cat, Tamil isaiyai kedutha devidiya payan.",1,tanglish
Aisa Lagta Hai pink ki copy hai ya movie,0,tanglish
Vaasu yaar adhu aiyo namma mind shruthi hassan pakkam podhe,1,tanglish
Thumb nail looks like asif ali,0,tanglish
1:17 enna da panni vechi irukkenga. Enga Thalapathiya ve kalaaichteengla 🤣🤣 Edit: 2:22 ada enga thala ya va kooda vittu vekkalaiya 🤣🤣,1,tanglish
Ivlo super aana song ku verum 17million views....antha mokka bigil paatuku avlo likes views..all thala fans likes and views adichu thookulama....,1,tanglish
Venniradai moorthy ya yaaru nadikura padathula??,0,tanglish
Like rekka.. Namma veetu Pillai .kuda vidalam.. Mass ah irukum,0,tanglish
@1:12 WTF Manu is doing in between Gandhi and Ambedkar,0,tanglish
Ayioooo mudela da punda yanna detu padom purela da 🤔🤔,1,tanglish
"Hip Hop...  #BGM Neevum enaku Ovoru naalum ,,  Fans smash the like button...",0,tanglish
arun vijay fans hit like,0,tanglish
"STR Anna Fan From  Bangalore.,,",0,tanglish
Paah samma well known dialogue well said padippa yaralayum thirida mudiyathu,0,tanglish
Bollywood ka bap Kon hai  Tollibood,0,tanglish
500k target locked make it,1,tanglish
Vikram's last dialogue is malay language !,0,tanglish
Edho malayala cinema patha madhiri irukku,1,tanglish
Trailer mudinjuduchenu feel pannuravanka like a thattunka....,0,tanglish
Thalaiva nee Vera level ago & cute,0,tanglish
Epdi da ungaluku Jayam ravi sir movie ku dislike poda manasu varuthu...  .... But jayam_ravi sir neega semmmmmmmaaaaa     Lots of love for you... Keep rocking sir & choose different scripts like this.,1,tanglish
vijay Fans  Fb la Haha poduvanga  Youtube laa Dislike pannuvangaa  vmi Order,1,tanglish
Raana bro ...Keka bekka shortfilm ye full script ah panitengala...,0,tanglish
Idhu yenna da Batman ku vandha sodhanai..,1,tanglish
Waiting for this movie..... #mass dialoge..... # yenagalukku mannu ponnu rendum onnu tha.....,0,tanglish
THALA 60 We want AR Rahman,0,tanglish
Yara ivan comedy piece angutu poda🤣🤣🤣🤣🤣🤣🤣🤣🤣🤣🤣🤣🤣🤣🤣🤣🤣🤣🤣,1,tanglish
Suriya is back hit like,0,tanglish
Vera Level  Look THALA 🥰,0,tanglish
VeRa LvL iruka PoGudhu paDam ThaLaiVar On FirE,0,tanglish
THALAIVA VERA LEVEL .......AS USUAL VERA LEVEL TEASER,0,tanglish
Trailer vara level mass yana tralier,0,tanglish
"Sila thala fans ku thalaye solli irukaru, semma.hatss of thala luv uuuuuuuuuuuu",0,tanglish
Simbu na semma...luv u simbhu anna...,0,tanglish
Podu thagida... Ayan kapuram  inda padam oru blockbuster film ah irukum Surya ku,0,tanglish
Thala na gethu.  Gethu na thala da,0,tanglish
Rajinikula expiry date mudinju over expiry akiruju,1,tanglish
Idhu enada arasiyal varudhu naadodigal 2 or uriyadi2va??,1,tanglish
Aadhi bro thalapathy ah kalachitu kadasiya thala eh um kaati equal panni thapichitinga smart act,0,tanglish
yaarda ithu ammakea vfx panna maari iruku,1,tanglish
Idhu oru short flim  yaru la pathu irukiga,0,tanglish
"Enna thalaivar acting la thookala erukku ,tharaman sambavam irukku pola pongalku",0,tanglish
Yaralaa 12:10 thungame  trailer 10m kage pathuttu erukinge,0,tanglish
yow kaithi pola movie ithuku apram vara never chance vera level movie,0,tanglish
Masssssss thalaiva  Surya Anna always maaaaaasssss,0,tanglish
THE best movie ever bigil is usless,1,tanglish
U1 veriyans kill the like button,0,tanglish
Yogi B Vaalga!! Malaysian Tamilan daaa!!,0,tanglish
2100 rajni in kalarai.. Arasiyal varathu urudhi...,0,tanglish
Kaithi 2 seekaram venum..... Awesome movie.... I watched in Hotstar,0,tanglish
Music start . 0.38  ilayaraja bgm vera level,0,tanglish
Annan kidukki Trailer Marana  Mass Annaa ummaaa waiting for December 16,0,tanglish
Bigil Left la poh ! Kaappaan Right la poh !,0,tanglish
Sema oru mamavalavan boys kuda ippo pesamatranga...katharal thodaratum.......serupala adicha Mari iruku Pola...all mamavalavan boys,1,tanglish
Yepadiyo ellam Tamilanum saathi perla Adichittu savungada .. Eppadikku Ungalal valum Ungalin Ejaman ... Pappan,1,tanglish
"Mannu ponnu ...appo methane, ethane,8 valli sallai yaru mannu",0,tanglish
Neathula irrunthu 100 times ku mela paathavunga like kodunga,0,tanglish
Go*aaala.... Vera level teaser kv aanand...welcome back,0,tanglish
Ena da toon toon aunty mari pani vachurukiga..,1,tanglish
Dhiravida kuttam nu sollikittu evanavathu vandhal avan oru ??????????,0,tanglish
Happada Oru vazhiya Siva and team thalaiya vitu poitanga,1,tanglish
Asuran trailer no 1 go nice,0,tanglish
samma samma  yenna fast aa pokuthu paa,0,tanglish
Awesome movie ...  From Kannadiga,0,tanglish
Entha Naya Irunthalum Sari(Thala_Thalaikku ).Aduthu Thanada .Thala The Mass.,1,tanglish
Tamil nadda thaniya pirippam Tora ntk,0,tanglish
Yanna panna kanna pudakana pand kanda panda,0,tanglish
Idhu summa trailer dhaamma... Main picture innum pakalaye...,0,tanglish
Trailer eh 4 mins ku iruku,0,tanglish
Rajani sir is back   pongal on bang.....🤘🤘🤘🤘🤘,0,tanglish
"VINTAGE DHANUSH  VINTAGE VETRIMAARAN VINTAGE GV PRAKASH   MARANA WAITING , GET READY NATIONAL AWARD JURY",0,tanglish
Trailer paathu emanthavanla naanu oruthan,1,tanglish
sandosh narayanan sir music theri ya podunga...Bharathan sir story nala edungaa al d best for Bairavaa team..Bgm pataya kilapungaaaaa..,0,tanglish
vasool mannan aa... yappa ippove producers loss kaatranga...indha padam vandha enna agudhe....suriya thalaiava neeye kapathu,1,tanglish
vijay fan. unkaluku manasatchiya ilayah? bhairava mokkai padathuku like podueathu ur wish. ethuku vivegamthu ku dislike podurinka?,1,tanglish
Enna sir ivlo azhaga vanthinga... Oru dialogue kooda pesama chumma thayya thakkanu sollitu poiteenga,1,tanglish
Kick in iy old skool hollywood movie. padathoda unofficial remake.old movie .oru padam kuda urupadiya edukka mattanga pola,1,tanglish
Padam  vera level la irukkum pola,1,tanglish
Siva naai kaga la pakala only for Action Arjun,1,tanglish
12K unlikes ? Aanda parambarai parithabangal hehe,1,tanglish
pangaaligala intha vegam paththaathu innum vegama likes ah therika vidunka,0,tanglish
Robo 3.0 ..... Hollywood range.lo undhi ......superr shankar,0,tanglish
"Nanum padipa eduthukalanu patha.Mandala yeramatengudhu, correct dhanush sir",1,tanglish
Naalaikku movie ah release panna mudiyatha??,1,tanglish
Sk Fan from Andhra pradesh hit like,0,tanglish
Viswasam Teaser vartum Nama Side la Irnthu Oru Sambavam Panuvom,1,tanglish
Konnar kothinga edutha movie ah athan ippidi irukku..,1,tanglish
Vivegam: 115c podda deiii Mersal: 300c mass daa,1,tanglish
"Ivaru vasool mannanaaa???,, mokka teaser",1,tanglish
Vijay sethupathi ma ma mass da....,0,tanglish
Sema trailer Ravi ... Finishing amazing .. nee kalakku Machi ella characterum unaku pakkava iruku ... Nee engaloda comali namma seyuvom ellorayum comali ...,1,tanglish
"Santhanam comedy na okay! Lead Hero na, just workout aagala... yaaru venumnalum nadikalam aana yaaru pakardhu? Heheheee",1,tanglish
Gv Praksha  music semaa pa,0,tanglish
Oru vela Shiva Kumar than Akshay Kumar ohhhh🤔🤔🤔,0,tanglish
"Ethukku ethellam..! Vvs,rajini murugan mari comedy movie pathuttu...! Entha movie pakka mudiuma.....?",1,tanglish
6 mio viewes in 5 days,0,tanglish
Dislikes podheruku orru group vaarum polleh......  Mother fuckers,1,tanglish
Sir plz realese telugu also sir plz plz,0,tanglish
SUPER STAR DANCE KING VIJAY'S BAIRAVA WILL GET GRAND SUCCESS,0,tanglish
Semma story ah irukkom Pola irukku,0,tanglish
2k kids rise your hands da,0,tanglish
Ppaaaa... PAKKA MASS TRAILER Love From KERALA,0,tanglish
Otha set agala da pooolu ajith,1,tanglish
Indha saniyana thavira vera heroine ungalukku kidaikkaliya,1,tanglish
Never vote for DMK... FU**G AD..,0,tanglish
ongalaku kadisi varaikum thupakki dan daww...adhunala dan vj kuda trailer kadaisile thupakki aa katraru...idhu kuda ongalaku puriyala....,1,tanglish
What a bgm.... Goosebumps ysr... Super... Suriya Vera level.. Genius Selva...,0,tanglish
Super neraya getup iruku Surya Anna mass,0,tanglish
Ada kadavulae🤦🤦🤦🤦 movie trailer nu paka vantha comments la full ivlo ah jaathi per la solitu irukanga 🤔 ethuku?????,0,tanglish
Dislike potta mutta muthevingaluku than thalayoda last dialogue...  Oruthan mela viswasam katta innoruthara enn asinga paduthireenga,1,tanglish
Podu thagida Petta Paraak  Kola Gaandla irukan,1,tanglish
Surya Anna vara vara vara leval  yuvan bgm Pakka masssssss,0,tanglish
vijay bairavaa teaser  is marna masssss,0,tanglish
Maasssssss Suriya Anna time da,0,tanglish
Nala vela nan kooda enga nala eduthu  etho jhansi rani rangeuku katiduvanunga nu bayantn.. Nala velaa,0,tanglish
"appada... kitta thatta 4,5 varusama oruthan kitta maatikittu saavadichaaru... ipothan konjam vithiyasama rasikira mathiri iruku... keep it up thala...",0,tanglish
Konjam purithu konjam puriyala.. But gud,0,tanglish
Sai Pallavi is not heroine material,1,tanglish
Jathi pakakudathunu solringa ana schools la jathi ketutha sethura athavidunga sc ku ellame free matha jathiku ya illa etha yaravadhu ketingala andhra yaulovo best,1,tanglish
S3 teaser tharu maru bairawa voda compare panna.s3 semma superooo super,0,tanglish
600K left for 16M views,0,tanglish
Adi Dhoolu Maamu... Thaarumaaru Style... First Time Paarthadhum Udambu Siluthuruchu... Vijay Rockz...,0,tanglish
Mass teaser..love u thalivaaa... engayoo eriaara vaasana varudhee hehe... allu ajith fans Ku adhigama irrukum haha lastly thalivar mass,1,tanglish
Itha ya unmayana veri thanaam Saavarthunalu sanda potu saavanu,1,tanglish
Thala da.... Tharu maru  thala thala tha.... Thala pola varuma...,0,tanglish
Thalapathy 64 ku wait pandravaga like poduga,0,tanglish
Manirathnam film na sound kekadhae aana idhula nalla kekudae,0,tanglish
STR  Ninga vaanga iam waiting,0,tanglish
Thalayada visvasam eppovamai thalaivaruku DHAn hope all friends,0,tanglish
Indhar hero edhu pannalum siripputhan varudhu... telugu herova pathu copy adichu appadiay nedikiradhu... vijay tamil herova kidaiyadhu telugu hero... pl. ivara poi adutha superstarnu solli andha perukku undana getha kuriakadhinga... rajini vijay ivanga rendu peruma inima edha character pannalum cinemala edu padadhu..  kabali flop... next bairava flop...,1,tanglish
Ohhhhhhhhh my goddddddddddd!!!! Thalaivaaaaaaaaaaaaaaaaaaaa WHAT A FIRE ON YOU,0,tanglish
hit like akshay kumar fan. i am big fan .,0,tanglish
enaya podano 90 s kid matu terium soldriga,0,tanglish
Inda padathukku peyar mathanumna enna veppinga🤔,1,tanglish
verithanam thalaivaaaa entha varudamum namba thaaaaa,0,tanglish
neraya neraya neraya neraya neraya neraya,0,tanglish
Hair style serious ah sagika mudila ... andha VIKKU irukkey ...,1,tanglish
"Movie 2nd time pathen semya iruku kalakitinga, karthi, lokesh, sam CS verithanam",0,tanglish
Ena thala solama kolama vanthutiga...... Vera level acting,0,tanglish
Superb.. thala mass... i am waiting...,0,tanglish
Inga neraya arivalikalukku teaserkum trailer kum different theriyama vaitherichala koovitu irukkanga,1,tanglish
Ennagda vilayaduringa  idhu pei kalandha football padama,0,tanglish
Vijay sethupathi ulla vandhu pottu pottunu podra scene 1.31 Maranama iruku,1,tanglish
"Story ku sema expectation irukku ! Ana last la en da Blade, krish, the dark knight moonuthaiyum bit adichirukkeenga.",1,tanglish
Oru vaarthaila review sollanum na ! Alagu!,0,tanglish
ayyo chance ah illa.. thalaivar acting pudusu pusa irukkupa... vera yaarukum indha madri settagadhu.... adi poli... merattitinga,0,tanglish
NGK:NANDHA GOPALAN KUMARAN MAKKAL NGK NU KUPPUDUVANGA VERITHANAM THALAIVAAA,0,tanglish
U1 bgm vere level solluravnge like podunge,0,tanglish
"now ajith pans Buy+Rava Mokka trolling & katharal ,, dukka deepavali pans",1,tanglish
surya mass mass mass mass mass mass super super super super,0,tanglish
Directoe oru saiko punda nadikan oru saiko punda,1,tanglish
Enna appa rangasthalam remake ha irukum pola,1,tanglish
Enna da bgm viswasam sayyal irukku,1,tanglish
Marana mass acting ... Vera level bgm .... Selva sir super ...,0,tanglish
Vera level entertainment.. big big waiting...,0,tanglish
Bagya lakshmi bumper dra movie hero ????,0,tanglish
kanga looks horrbile for amma role,1,tanglish
Chiyan vikram sir always MASS hero I m waiting kadaram kondan  movie,0,tanglish
ella ajith fans kum semma treat treat iruku 24...trailer bangam,1,tanglish
ENNADAAN TRENDING AAGAAM A SETTING PANNAALUM 29.5 M VIEWS AMAZING 40 HOURS SEMMA THALAIVAAAAAA  NAANGA ADIKUROME,0,tanglish
chiyan vikram I and Aprichit movie fans like 🤘🤘,0,tanglish
Tamil nada palaivanam aakitu.. India va superpower aaka poringaunmai,1,tanglish
Climax la Rajini ya ooti vaitangaa,1,tanglish
KOLAMASS TRAILER  WAITING FOR THE EXTRA ORDINARY PERFORMANCE OF DHANUSH & MANJU WARRIER,0,tanglish
Plz release in kannada also . Dub version,0,tanglish
Selvaraghavan + yuvan vera level sollava venum & surya also Vera level,0,tanglish
enna daw ethuku mattum  oluga likes views varuthu mersal song teaser Ku ipde varala yyy 🤔,1,tanglish
Thalaaaaa.  Super.  Bgm Vera level,0,tanglish
Sollitivara  puyal illa enga thala sollamavara sunami,0,tanglish
ellam avan seyal movie mariye iruku,1,tanglish
Evanuggada antha 9.4 k dislikes uh?!!!,1,tanglish
vera level panraru VJS. Neenga vaena oorukula pousa thiriyalam... aaanaaa en maaasssss theriyaaathulaaaaa,0,tanglish
Ellarum kaithi =like bigil=cmt. Than soldranuga thavira oru payanum trailer pathi pesa matranuva,1,tanglish
Oii ajith Un movie nalla ella,1,tanglish
"Naan arasijalukku varuvathu oruthu , hey ithu 1996 jara emathurinka",1,tanglish
Paaka thaana pora indha kaali oda aatatha Visvasam🤣🤣,0,tanglish
Prabu deva ol maanan nivethaku paduka pakuran,1,tanglish
Neraya neraya yethir pakurom padutola varuma,0,tanglish
"Surya intha mathiri  movie panatha masssssa irukum,  ayan mathiri irukum atha vidavum irukum",0,tanglish
silaiya odaikalam ana avaga sithandha odaika mudiyadhu... Periyar ambedkar... U1+PS+SIVA= Grand Blockbuster hit...,1,tanglish
Mukkal suru ith flop aaakum singam daww,1,tanglish
Semma timing ippo dha asuran hit aachu aduthu same journal aa kaithi    vera level,1,tanglish
Yenda AL vijay unaku kangana thavira Vera yarume call sheet tharalaya ipdi vechi senjitiye da,1,tanglish
Trailer la Yenna pudikalanu dislike pandreenganum commentla explain pannuna nalla irukum,0,tanglish
Move pathutu vanthu trailer pakurvnga yaru,1,tanglish
Heavy massss..padam super vere level... RAJINISM,0,tanglish
I like petta thalaivar pakka thana poringa intha petta oda aattatha all,1,tanglish
varum paar mathavanga ellarum orama ponga ngk da,1,tanglish
Ninga trailer la views sa low va kamiichi kuda irundhukalam ana padam nu onnu theater la vandha appo indha makkal solluvanga da thirpu...ngk ngk nu appo collection la nanga dhan mass kathuvom...,0,tanglish
Oruthar mela viswasam katradhukaga innoruthara asinga paduthurom,0,tanglish
Ellam avan sayal movie mathiriya irukku🤔,1,tanglish
Apppapa mudiala pa... extended teaser ...Shankar big flop,1,tanglish
Thala mass.... Thala diwali arambam.....,0,tanglish
Only for superstar and makkal selvan,0,tanglish
Salem Nadar peravai sarbaga valthukalai therivithu kolgirom....,0,tanglish
OruthaR mela Neenga Visvasam kaatrathukaaga🧐  Inorthara yen neenga asingapaduthringa   Thala,0,tanglish
It's like marvel movie taken in India,0,tanglish
Evanume thalaivar kitta  nerunga midiyathu ds,1,tanglish
yaar da dislike panna  naai .,1,tanglish
Ithu NGKFIRE  Illa ithu aadhukum mela  itha accept pannuravanga matum like pannunga,0,tanglish
Dae naan Vijay fanum illa Ajith fanum illa unmaya manashakshi thottu sollunga trailor nallava irukku .////????,1,tanglish
antha KadaiSii waarTTha ungaloda Vishwasattha KaaTTa MaTThavangala Ean asinga padutthriNga...,1,tanglish
Bigil kuda motha thayar pola   alu,1,tanglish
BEST OF LUCK TO AJITH SIR FROM NTR ANNA FANS  FILM IS GOING TO SUPER BLOCKBUSTER (NTR FANS),0,tanglish
STR STR STR STR VERE LEVEL,0,tanglish
"Mohan g sir ennuduya command ninga parkkanun...  College nadakura  scholarship idaothikkidu, salugai,vellai vaippu itha pathi intha movi la oru Sean iruntha innum nalla irukum pls... Mudinja add psnnuga.. Na romba bathikka pattu irukkan. Enna mathiri neriya peru irukanga",0,tanglish
Ilayaraja epo da Beethoven tune potaru,1,tanglish
Ithu or u padam punda dailoge pundaiya paru vanniyar & pataiyatchi pundaingala vera paraiyan da sunni,1,tanglish
Dhanush na summa othunghi povum ungha ? .bangam mha irruku treaser,1,tanglish
Caste ku En pundaya vaika Ponga da deiii 🤣🤣,1,tanglish
Thala sikitam vaanka W8 pannide irukam,1,tanglish
Shaktiman fans Pathavanga oru like podhom,0,tanglish
Thala thala thala pakka massss...thalaivan U1 bgm Vera level'u....!,0,tanglish
B.E EEE ha iyoo nanu adtha🤣🤣,0,tanglish
"ithu singham illai Asingham  ,   eppada marrab porrinkal ..? oru vadathukkullai suthuratha viddu ulaga cinemavum konchatha parthu palahunka , copy panna sollella",1,tanglish
Nawazuddin ah enna Da panni vachrukinga?,1,tanglish
a film by Selvaraghavan.... Idha paarthae romba varusham agudhu.... All youths loves Selvaraghavan.... Unnadha kalaignyan Surya WIN utchakattha nadippil NGK.... TN is waiting for U1's daring BGM in NGK....,0,tanglish
Verithanam thalaivaàaaaaaaaaaaa @Suriya_offl  #ngktrailer,0,tanglish
#Sivakarthikayen ku vazhkai koduthinga..... ipo #Teejay Ku Vazhakai koduka poringa vera level Thalaiva Nennga  #Dhanushhhhhhh,0,tanglish
Idula epovo postman web series la.panitaga,0,tanglish
Pool maari irruku padam omna dhan podhu,1,tanglish
Konjam othungidu odi pathungiru varathu thalavaru petta parak !!!!!!!!,1,tanglish
Semma vera level . Like hits,0,tanglish
Mass mass kola mass Vera ena solla,0,tanglish
Thala bgm Vera level U1 I love u,0,tanglish
VERITHANAM! Podra like eh (y) (y) (y),0,tanglish
Anna padam semma HIT agga pogudhu,0,tanglish
Selva ragavan kitta irunthu ipdi oru commercial trailer expect pannala,0,tanglish
Nala maathi maathi adichikinu saavunga da.... Elarum sethuta nalarkum... Jaathi pakama irukravan jollya irupan ninmathiya,1,tanglish
"Trailer nalla ve ille, aana padam epadi irikum teriyadu, hope its good.",1,tanglish
Santhosh Narayan music pottu iruntha innum nalla irunthu irukum .,0,tanglish
Thala Vera level  Girls averness movie,0,tanglish
Indha Year Engaluku -Bairavaa Surya fans ku - S3  Aamais - Mangatha dawww ..,1,tanglish
Trending no 1 ippe ummbugge daaaa  anilu ammaiyan vjmaaa sappypathy n fans,1,tanglish
Intha pongaluku kandippa sweet sapuda porommm. . Semmmaaa kola verila iruke irukeee thalavrrrrr marana fans hit  likeeeee,1,tanglish
Ozm suprb teaser S3  suriyaaaa:*,0,tanglish
Karthi Anna Kola Mass....Vettaydave Veriyodu Suthuran.... #KaithiDiwali..,1,tanglish
BGM Vera Level  GV Lv U Thalaiva,0,tanglish
Sudu kattukkulla poravan pogum pothey ponama thaan povan......,1,tanglish
Indha Siva Va nenacha dha Paavama iruku,0,tanglish
thalapathi nadichaa veru sura Aana danush nadichaa asuraa da varuvaaru paaru,0,tanglish
Vera level ma sema different aa irukh,0,tanglish
Thala veriyanz only hit like,0,tanglish
Semmmmaaa  ....avanunga jadhi padam edutha elam amaithiya irukanga ipo idhuke alaritu kedakaranga ....tharamana sambavam ...best wishes for the team,0,tanglish
treasure  semma  massa eruko,0,tanglish
2019 ponglukku sun tv la theri padam pathuttu...trailer pakuravangalam yaru?,0,tanglish
Jaathiyaavuthu.. Koo**   thoo  Enda jaathi jaathinu adichukiringa,1,tanglish
Seems like God father Gang in Field,0,tanglish
N g k Hindi movie do,0,tanglish
appaadi teaser mokka appo confirmed ah padam BLOCKBUSTER dhan,1,tanglish
#1 Trending in ASIA.... thalapathy daaa...,0,tanglish
"This is 90'kid movie, mass ha eruku",0,tanglish
Suspensive interesting teaser. NGK+ kaapan double dhamaka for  fans  Love u Suriya Anna,0,tanglish
IT WILLBE MORE INTERESTING WATCH IN 4D,0,tanglish
Dislike panna peypundainga vaayila vaazhaipazham varum,1,tanglish
Thala vera level ponga mass Thala therika vedringa,0,tanglish
Konjam porunga Vishwasam trailor varatum appo therium yaaru gethu nu,1,tanglish
Anandhi's dialogue modulation reminds pithamagan surya selling legiyam :-P,1,tanglish
manitha samuthaayam amaipil irunthu intha padam vetri adaiya vaalthukal,0,tanglish
Intha pride Indian movie trailer ku 34k dislikes vanthathu epdi da ipdi intha trailer Ungaluku dislike panna thonichi,1,tanglish
Mokka teaser.. ‼ ... Ithuku tha IVLO build up ah.. ‼,0,tanglish
Ennaku oru sandeham trailer paatha katha therinja great ahhh.....Illa spend panna amount therinja great ahhh,0,tanglish
"Yenna da teaser vidreenga, thalayum illaama vaalum illama, vidhyaasama panrean, concept ah kandupudika mudiyaadhamari try panirkom nu dhayavu senji solladhinga, oru manusan kasta patu sambaricha panatha ungala nambi selavu pandraan, andha aaluku senjuvutraadhinga",0,tanglish
Yeppa verithanam da saamy....padam na ippadi irukanum....,0,tanglish
Superb   Jiiva Kooda Oru Film Pannanum,0,tanglish
Dei yentha kabothi da dislike pannathu.....,1,tanglish
Guys Ellarum lyrics song comments Ku vaanga neriyaperoda Katharalgal adhigama irukku,1,tanglish
Thailaivar.. Back.. All rajini sirs fans hit like....,0,tanglish
DHANUSH AND VETRIMAARAN THE ORIGINAL ASURAN,0,tanglish
Evlo peria kevalam nu parunga makkale ( captain slang),1,tanglish
Dhanush fans therika viduranga trailer Vera kola mass verithanam 🤘,1,tanglish
Super star ka super style,0,tanglish
Kolaiya aruthu podanum... Oovvaaa.. solluranu...intha koomutaa mutta pasanga....... Athai ketuu...  Ponnunga Mela Kai vaikiranunga...Ambala..evanum ippadi sanda poda mattan..... Potta pasanga thaan ippadi ...ponnuga  Mela Kai vaipanunga.... Antha madri potta..pasangala...poolu ethuku....veti potralam... Padichu thaan antha antha jathiya munnetha mudiyum....pannakara veetu ponna kattuna eppadi munera mudiyum...loosu koothinga..... Ava than .veetula 5 Pavuno illa 10 Pavuno thaan eduthu vudiyaruva...atha vachu Ivan eppadi pannakarana aga mudiyum..... Avalum saga pora...ivanum saga poran....ethuku intha polapu...ithu...,1,tanglish
Super trailer think u mani ratnam sir,0,tanglish
Innum ethana Peru da unga publicity kaga Rajini sir Ra use pannuvinga.....thuu,1,tanglish
Ilamai inimel pogadhu mudumai unaku vaaradhu theivame.....,0,tanglish
Yeppo million like aagum nu pakka wait pannittu irruka .,0,tanglish
This man never gets old,0,tanglish
Pwli pwli 1:41 bgm vere levl,0,tanglish
10.1M Views with 771k likes,0,tanglish
orutharmela  neenga visuwasam kaatrathukaka inorthara edhuku asinga paduthuringa,1,tanglish
talapathi is real hero  da lingual kacheri arabam,0,tanglish
Ippo enna panna porum??? Sweet sapida porom..Vera level,0,tanglish
Amy get up change nall illa samu super trailer ok parkalam,0,tanglish
Sorry to say. Padam mokkaiya irukka chances irukku. Hope I m wrong.,1,tanglish
yenda trailer yeppa parthalum slowmotion la potu saavadikireenga.....,1,tanglish
Exactly true last dialogue  Surya sir ku indha naadu mela akkarai adhikam,0,tanglish
"Superb Song.   Frm Bengaluru, luv U THALA.  Anirudh rocks",0,tanglish
Marana massthaan ithaan.Thalaiver soon sweet sapdaporam,0,tanglish
Thalaivar eppavum pola lata vanthalum latesta varuvarda,0,tanglish
Unlike panradhukkune wait pannittu irundhurukkanunga 13k padunga,0,tanglish
Suyama sindhika therinjavan super hero Siva Anna mass dialogue🥰🤩,0,tanglish
Ennada nadakuthu.. Inga.. Onnum puriyala.. But semaya iruku,1,tanglish
Anil Kunjugal Kadharama Irukuradhuku Ore Theervu Arali Vidhai ai  Araithu Sappidu vadhudhan,1,tanglish
Ivana othu thaldrathukagave trend aakiranga pola iruku,1,tanglish
"Ada pongada pora pokka paatha NGK teaser ku views, likes kuda varathupola",0,tanglish
kalippp mode on naan kolapasiyile irukku,1,tanglish
Dae ne la thirunthave maatiya padam nadikurana padam intha lachanathula evuru iron man voice panrara thu .,1,tanglish
Perfect dialogue oruthar mela neenga kaatra visvathukkaaga inoruthara yen asinga paduthringa........ Thalaaa va thala vaaa thala vaa thalaaa,0,tanglish
U1 BgM marana mass nu soldravanga like pannunga,0,tanglish
Yellam great... Ivarukaga theva ilama oru fight scene add paniruku padathula... Unwanted.. adhe originality nalla irundhirukum avaruku... Little disappointed..,1,tanglish
Sri mahalakxmi   tealugu movie  full movie  dibieng,1,tanglish
nxt vara pongal bairavaa Evan mothanalam Sanga thanda adtha entha thalaiya irunthalam sari avanga sagathanda,1,tanglish
oru vijayave pakka sahikathu ithula munnu vj,1,tanglish
Ponnin selvan  naa ok own story nalu ok kalaikar story padama matum iruka kudathathu kadaule,0,tanglish
Thalaiva Vijay sethupathi Nawazuddin Bobby simha Simran Trisha Sassi kumar Megha Akash  Semma cast,0,tanglish
Thevidiya pasangalaaaa.. edhuku da ipdi jaadhi veri pudichu alaiyaringaaa.. Jaadhiya ozhikanum daaa,1,tanglish
dislike panna maranthutten ippo panniten idhellam teaser ah,1,tanglish
Padam ooombitu poga naaam thamilar katchin sarbaga valthukirom,1,tanglish
Aiyooooo Thala Vera Level..Luv u THALA..,0,tanglish
Jathi ellama pothu va valanum nu movie la soli erukaga but comments la ella jathi peru podu valthugal solaraga neekalam thiruvave matika 🤨🤨,0,tanglish
Rajini sir  enda umburinga pottaikala.. u gonna fail in box-office,1,tanglish
Set avala set avala... @ Heroine,1,tanglish
Thalia Surya I am waiting for ngk,0,tanglish
Dai namba China vaysula oru aaree la kulipomla vada anga povoom ..hmm namba ipaa anthaa aaree la daan nadanthu poitu irukoom.  .......super,0,tanglish
Thalaiver  Thalaiver thaaa Vera pechaaa  Kedaiyathu  Pettai daaaa,0,tanglish
Nala iruki elaruki ithu oru nala combacke movie amiatum..Enoda valzthukal ....,0,tanglish
Enime tha erukku attam ......entha movie  thadai panna evannum  thettar said vanthurathunga ...... Kuthutha ....yannai mela oruvalam varum rellll,0,tanglish
Trailer ellam nallathan irukk..Padan than Mokka padamaairukk,1,tanglish
Kulla punda fans indha karumatha poi better than bairavaa teaser nu comments podudhunga  bairavaa teaser mari punch dialogue vekalam nu try pani Marana bulb vangi irukunga,1,tanglish
views getting blocked hahaha thalaiva...trending ava podhu...,0,tanglish
Sk anna fans like podunga,0,tanglish
SURIYA ;- VARUM PARU.....  SURIYA FANS;- KAATHIRUPOM,0,tanglish
thayavu senju indha aalukku yaaravadhu sorr podunga baaa... :O,0,tanglish
mokka waste bairavaa super suni surya,1,tanglish
mayiru maadiri iruku thevidiya pasagala Rajinikath vaithu vilambaram theduriga,1,tanglish
Joaquin Phoenix adhi anna kita irundhu nadika kathukanum,1,tanglish
1:41 and 1:52 vera level nu yarellam otthukiringa??....,0,tanglish
BGM terikudhu. Yuvan bgm la U1 dan ya. Valimai expectation inum adigam aagudhu after watching this.,0,tanglish
"Ada pavigala... Ithuka da aduchutu kedakaringa... Ipalam namala vida ponuga thaan da vevaram.. Ivan theruvana matananu, pathutu thaan da love pandranga.. 1990 la vara vendiya padam da ithu.. Itha ipa eduthu yentha ponuku da arivurai soldringa... Ipa kuda single ah irukarathu ponugala vida Pasanga thaan da athigam.. Aana Onu ipdi padam eduthu nala jaathi sandaiya matum valathu vidringa Ponga.. Mr.Mohan kadaisi padam oodalanu theliva oru route ah kandupuduchuta ya ne.. Polachupa...",0,tanglish
Thalaiva your look Vera level,0,tanglish
Super ennikku sotaaittuirruikku  kavanikka yaru illa moratu single 90 kids age 30,0,tanglish
Semma thalaiva nega than next tamilnadu  cm super Marana mass.....,0,tanglish
Akshay Kumar ku Tamil voice yaaruya koduthathu?,0,tanglish
"Ajith ah thavira yellarum arasiyalukku varanga ,Makkala vida CM candidate than athigama irupanga pola",1,tanglish
Action Movie chiyaan sir .......... super.......,0,tanglish
Last dialogue: Oruthar mela viswasam kaaturathu kaga innoruthara en asinga paduthuringa  ULTIMATE THALA,0,tanglish
IPA namba enna panna porom.... Intha padatha FDFSla paaka  porom.....,0,tanglish
Junga vs kaali Junga killed kaali in the movie,0,tanglish
Bigil hit o illayo but kaidhi payangara hit but atlee vitra maattaan. Avan trailer varla,1,tanglish
Apdiyellam sollakudathu...! Theriiiiiii... innum 3 weeks irukkey!!!,0,tanglish
64K Dislikes potavangaluku Avalovu veriyada  Mudinjatha pannikongada Thala thaan gethu,1,tanglish
Remakena vera copyna vera enna puriyutha.inthamari mosamana varthaigalai potu pesaringale arivilla. Hai ajith fans neenga inthamari pesathenga,1,tanglish
From pk fans never ever give up kekaaaaaaaa,0,tanglish
"Ippadi join panni Padam edunga , Tamil cinemas, Vera level....",0,tanglish
mass indhe padam 300 cross valadum,0,tanglish
super trailer love it movie super hit,0,tanglish
Kudhi padam.......nangadha eppaume Veera paraiyanda......enga Anna thirumavalavara paththi pesi irukinga pesita endha padam vandhidichina.......pongadaaa enga Anna pa.ranjith anna wait pannitu irukaru wait pannungaaaaaa,1,tanglish
Teaser pakumbodhu mokkaiya iruku nenachu ******trailer vera level,1,tanglish
Karthi thevidiya magane nee ellam edhuku da cinema industry irukka pooi thooku pottu sagalam da intha pollapukku,1,tanglish
Rajini kanth sir studying kannada medium am so happy,0,tanglish
"Next Kaappaan pola  dei eppa swamy poothum da unga vivasayam advise, athu thaan daily seeman solldrare",1,tanglish
"92k views but 142k likes, how is it possible 🤯",1,tanglish
"Sivakarthikeyan Anna real fan's her like ....,",0,tanglish
Thalada oru padattula vijayey ibbadi nadikka solluda,0,tanglish
5 per kula irukura friendsip,0,tanglish
Nall theriyuthu magabaratham kadhai marri iruku....,0,tanglish
Enna solraaru ivaru .. vera level  reaction ...bangam,0,tanglish
Thirumba ungala neraya padathula   paakanum #all_the_best  #this_block_buster_aaga,0,tanglish
Captain Michael Solli Thandha Viththaya Semmaya Pandringa  Kathir Anna.... Vazhthukkaludan Vijay Anna Bloods..,0,tanglish
Jaathiyavathu ______ vathu ......jollya iruppom ji.....vela senjathanda soru,1,tanglish
dislike podave ORU GRP iruku loosu pasanga,1,tanglish
Padam Kandippa super hit Agum,0,tanglish
Looking not Amma... looking a Japanese mature Pig,1,tanglish
Ennaya 11am sollittu sikirama release pannitinga paravailla trailer marana mass,0,tanglish
Last la Vara song engayo keatta Mari irukkey ??? Ungalukum keatuchu na like pannunga,1,tanglish
Aiyooo !!!! Trailerey Cinema maadhiri irrukkey !!! Thalaivara ethanai dhadavayavathu paarkalaam !!!!,0,tanglish
Semma teaser nanakave ilaa runbaa nala arkaaa marana mass surya anna...................,0,tanglish
Aniruthu & Yogi B fans Hit like 🤘,0,tanglish
Hindi Rajni fans hit like,0,tanglish
Cartoon padam mari iruku .... Enda graphics ithu,1,tanglish
"Eppa paaru violence, vettu, adodjadi, idhellam illama oru padam eduthu jeyichi laatunga, young generationa violencelaya oora vachidadheenga",1,tanglish
01:09 Padippu mattum namma kittayirunthu eduthukidave mudiyathu chithambaram,0,tanglish
Looks like an lady verson of Mr Rajkumar,0,tanglish
song ok aana movie  mokka thala,0,tanglish
Pakka mass namma thalapadhy teasar 🤘,0,tanglish
SK ku Anirudh na Surya ku Harris,0,tanglish
marana mass nee va thalaiva sariyana timings ku than vandhuruke pakka tharu maaru kappan teaser@@@@@@,0,tanglish
Ennada panni vachirukeenga enga amma ah,1,tanglish
Thalaiva ... Theri pongal.... Mass ha iruka pothu,0,tanglish
Vera level  kola mass selvaragavan is back,0,tanglish
Thala tucker  Kola Mass,0,tanglish
Ajithkumar I love you so much.jai hind,0,tanglish
Kotha trailer ah da idhu.Idhu theriyama Enka Thalapathy kooda Indha director sernthutane... Thalapathy image damage panna poran mattum theriyudhu....,1,tanglish
"Even Being A Citizen Of Andhra Pradesh,I Am Proud To Be A Die Hard Fan Of Rajini!Marana Mass.",0,tanglish
thaaaaa fuck  ipa vanga ta surya i love u bro,1,tanglish
Yov bangama iruku trailer.  Jayam ravi sir ku periya hit thaan,0,tanglish
mersal movie song teaser release dislike therikka viduvama,1,tanglish
She looks like laughing bhuddha statue,1,tanglish
Blue sattai maran review be like - indha padathula namma hero aadhi mattum dha sirikuraru padam paaka vandha oruthanum sirikala...avaru sirikanum na veetlaiyae okandhu sirikalamae...idha kaasu kuduthu paaka varavan poora paithiya kaarana...mothathula indha padam epdi irrukunu keteengana naa onnum solla virumbala neengalae paathu therinjikanga,1,tanglish
Trailer vere level superstar fan hit like it,0,tanglish
Yar ya intha woofer vaayan :v lol,1,tanglish
Thala thala thalaaaaaaaaaaaaaaaaaaaaaaaaaaaaaaaaaa thalaaaaaaaaaaaaaaaaaaaaaaaaaaaaaaaaaa thalaaaaaaaaaaaaaaaaaaaaaaaaaaaaaaaaaa thalaaaaaaaaaaaaaaaaaaaaaaaaaaaaaaaaaa thalaaaaaaaaaaaaaaaaaaaaaaaaaaaaaaaaaa thalaaaaaaaaaaaaaaaaaaaaaaaaaaaaaaaaaa thalaaaaaaaaaaaaaaaaaaaaaaaaaaaaaaaaaa thalaaaaaaaaaaaaaaaaaaaaaaaaaaaaaaaaaa thalaaaaaaaaaaaaaaaaaaaaaaaaaaaaaaaaaa thalaaaaaaaaaaaaaaaaaaaaaaaaaaaaaaaaaa thalaaaaaaaaaaaaaaaaaaaaaaaaaaaaaaaaaa thalaaaaaaaaaaaaaaaaaaaaaaaaaaaaaaaaaa thalaaaaaaaaaaaaaaaaaaaaaaaaaaaaaaaaaa maaaaaaaasssssssssaaaaaaaaaaaaass,0,tanglish
Trailer nala iruku But full irutula.film.eduthrukaka.. Suriya velicham ila.. Kandippa film.oduthannu santhegam thaan,1,tanglish
vaa Thalaiva vaa mass katromm lub lu,0,tanglish
Ranjith ah pathi pesuri nenga muthiya pathium pesuna nenga pesurathu nalla tha irukum atha vittutu ivana mattum eh pathi pesurathula yea theriuthu nenga ellarum veri pudichi poi tha theriuringa nu,0,tanglish
anils pavvam da neenga ! atlee nallavae vechu seivan ungala :P :P 80 k likes upto now ammov,1,tanglish
Vanniyar kovandar thevar punda pasangala thu,1,tanglish
"mirattal , vera level trailer , love it ....",0,tanglish
Already 24 vanthapo yarum support panala nama makal nala try ku support pana matangale,1,tanglish
Suparo super.. Inum oru week wait pananum.. Oh my god,0,tanglish
"Ithu Trailer dha, innum main picture pakalaela.  Jan 10 therikka poguthu.",0,tanglish
Woooooooww New Thalaaa semmmmma maas 🤗,0,tanglish
Surya fans like here,0,tanglish
Ayooo Thala lv u Thala. Sema mass Thala look  Sema. 🥰,0,tanglish
After watching naan sirithaal we be like🤣🤣🤣,0,tanglish
Rajini ya pathi comedy panna Oru thaguthi venunda naaya,1,tanglish
Neeya othukku ra varaikkum Unna yaarum jaikka mudiyathu,0,tanglish
Tamil cinema ku international market ah aarambichathey enga thalaivar  da,0,tanglish
Thala veriyans hit like for #NKP,0,tanglish
dala pans Elam offline                  dala pans idea sim                vj fanzz.    jio daaa,1,tanglish
1996 < 2016 < 2019 Aug 15,0,tanglish
oi epdi ipdiam Al eduvum vachu velai pakringla slugada,1,tanglish
Thalaiva......love...... massssssss daaaaaaaaa....semma .. marana massssssss...mass overloaded,0,tanglish
Hiphop tamizha music altimate Trailer Last rajini sir troll semma Naan 🤣arasiyalukku varuvathu uruthi rajini sir dialogue semma,0,tanglish
Yaaru pa antha 39k dislike.. Uh... Bayanthuteenga pola...  antha bayam apdiye irukatum thalaivar mela...,1,tanglish
kullan kunju naala  kathuvan  vera ethuvum avanuku theriyathu,1,tanglish
ungalukku vayase agala sitty love u ma,0,tanglish
One more Movie against Central govt.. Vera kada irunda sollungada.. Ettana naal da Ida otuvingaaa,1,tanglish
Soban Babu Matter  Panninathu MGR Kooda JilJungJuk Vijay Anna Mandi Pottathu Vijayakanth Bottle laala Thookki adichchathu ellaam varumaa Sarrrrrrrrrrrrrrrrrrrrrrrrrrrrrrrr,1,tanglish
Komali padatha teatarla pakkuravanga mattum like potunga,0,tanglish
Hindi la U/A certificate. Tamil la U certificate. Yepdi da dei? Yellarum India la thaane irukkom?,1,tanglish
Pandey  thala nadippuku Tough kuduka mudila pola,1,tanglish
VIEWS ARE AGAIN GOT STUCKED ????? GOING CRAZY #VIVEGAM,0,tanglish
Hero face paakumbothu Annan Anbumani avargalai paakura maathiriye irukku ..Enakku mattumthan apdi thonutha..,0,tanglish
I am the Don vanakam sallaam THYAGU,0,tanglish
get  well soon  amma  cm vijay  fans,0,tanglish
Vijay anna than mass mathaven ellam waste haters vijay anna kitta vanthu mandi poodunga,0,tanglish
Trailer pudichivange like pannugu..  #Thala,0,tanglish
Sirapana tharamana sambavangala inemae dha parka pora....for haters......young superstar is back....,0,tanglish
thala fans enkadapa poiteenga...  views um pothathu likes innum 1M varavillai..,1,tanglish
Ungalukku vekkamaa illaiyadaa ithu poola Padam edukka ....... Avan Avan saathiye illannu solranunga ..........neenga ippo saathi veriya thunringaladaa ......... Neengalla nenachikittu irukingala naangathan Periya saathinnu ........neenga Periya saathiya iruntha oru Kovil karuvaraikkulla poittu vangada paakkalam .......saathiya uruvakkiyavanee Bramanan thanda avanathanda ethukkanum ..........neenga oru murai ambathkar book padichi paarungada ungalukku puriyum ............,1,tanglish
dhanush act pola yendha oru herokkum varathu crttunnu solravunga like pannuga,0,tanglish
"vasool mannan vj  , Zooper teaser",0,tanglish
Big salute to our Vir Javans.,0,tanglish
Tamilnadu epavum Nalla thaniya irukum Inga irukuravanga olunga pathukitta pothum eppadi pesi  tamilnatta savadichirathega kind request,0,tanglish
Padam super a irukum.. But date talli pogum becus of NKP.,1,tanglish
Manitha jaathi saarbaga inda padam vetri adaya vaalthukal,0,tanglish
Comedy ya irukku....  Game of trone....  Paarunga da,0,tanglish
Yaru enna sonnalum enga star super star,0,tanglish
"NGK and kapaan, Surya's feast, ready guys",0,tanglish
Look at suriya and his looks.. Vera level,0,tanglish
Thalivar fan ha..! Like pannunga,0,tanglish
Asuran Padam koothi mari iruku neega bigil kuda poti podrigala..bigil da,1,tanglish
very very kevalam.... just like theri,1,tanglish
Ithuthaan thalaivar padam. Thalaivar mass. Romba nalaiku appuram oru tharamana Rajini sir parthuruken.,0,tanglish
Indha Rajni ah pakka dhan kola waiting...,0,tanglish
Yaarra ivan comedy inra perula uyira vangura...Vera comedy actor yaarume illaya??,1,tanglish
Yeppa ahh vera level thalaiva   Harris jeyaraj bgm semma,0,tanglish
Andha doctora varavan mattum usualla irritating.. Rest and all marana mass..,1,tanglish
Paaaaaaa cmnt laa ellam jathi karanum intha padathuku vazhthukal lam soldranga oru jathi ya ethiriya vachii semaaaa orey oru edanjal THALITHtrailler mass,0,tanglish
phoenix parave maathiri erikke erikke enge thale varuvaar da!!!!!!!!,0,tanglish
KV ANANDH SIR SENTIMENT ayan maatran  kavan maatran but gho mattum dfnt name  kaapan blockbuster aaga vaazhthukal by THALA fan,0,tanglish
PETTA VS VISVASAM PETTA = REPLY VISVASAM = LIKE,1,tanglish
Dai intha pandya ennada pannitruka athuvum thalaiku equals,1,tanglish
25DAYS OF MASTERPIECE NGK  next kaappaan,0,tanglish
Intha nadaga kathala paththi yeppo iyya yechcharicharu.ippa puritha....ithanudaiya vilaivu.,0,tanglish
ellam avan seyal  movie mari erukumoo...,1,tanglish
Enna da saw movie copy ah,1,tanglish
Queen webseries by Ramakrishna is awesome,0,tanglish
Jimmki kammal has more views 🤣,0,tanglish
Like : Viswaasam  Comment : Petta,1,tanglish
Jst 250k likes need  To hit 1M likes  Ajithiyansss come on,0,tanglish
Rajini arasiyaluku varuvathu uruthi ..Marana pangam,1,tanglish
Superb nai super star rajini sir,0,tanglish
purinchukkanga bosss oruthar mela visawasam katta inooruvarai asinkapadutateenga..thalaye sollittar,0,tanglish
Athu 90's kids ku perumada adra adra adra adra,0,tanglish
"SUCH A LOVELY ACTING THALA , LOVE U",0,tanglish
Thala Marana Mass Thala pola varuma,0,tanglish
nan oru anil: semma mokka trailer,1,tanglish
Kadaisiya dance semmaiya irukudhu Eagerly waiting for thalaivar's pongal 2k19....,0,tanglish
Trailor he semma comady ya erukku pa,0,tanglish
Yanna da trailer LA ya motha kathayu sollintinga???.....nalla Vanna erunga da!!!athukunu!romboooo nallavanukala erukathenga,0,tanglish
"Nanbanaa nenachavanukku NANMAI, Edhiriyaa nenachavanukku AZHIVU,  poraadu  Ennodu",0,tanglish
Semma Mass chiyan vikram  Anna trending Gehu thalaiva..,0,tanglish
Epaaaaaa Enna alagu thala.. Enna screen presence  love you thala .. film la irukura ellarume semaya nadichirukanga pola..,0,tanglish
awesome teaser   waiting for movie  die_hard_fan vijay,0,tanglish
Super Anna idhu idhu idhu beku,0,tanglish
Nadigara yavalo venumnalum rasikalam thalaivana illa. Makkal itha purinjikanum. All the best,0,tanglish
Joaquin Phoenix : Am I a joke to you ? 🤭🤣,0,tanglish
Kela bekka short film ah apdiye copy adichitingalae da,1,tanglish
lite a batman bike sound ketta maari irukke....🤔🤔🤔,1,tanglish
"Pariyerum parumal ,Asuran ah vida indha blockbuster aaki kaatrom",0,tanglish
mokka trailer first like vivegam than,0,tanglish
Super hit movie ya  kantipa agum,0,tanglish
Teaser la irundhadha apdiye trailer la potrukinga...avlo lam nalla ila.. So sad,1,tanglish
0:51 & 1:01 This walk is made my day,0,tanglish
Arrow movie la vara suit maari irukku....,1,tanglish
Indha movie la oru boothai irukku,0,tanglish
"Nee Thalaiva la vecha aappey onnum producer yendirikkala, ippo Thalaivi veraya??",1,tanglish
Wow pakka masss ....thala pola varuma,0,tanglish
Next Level Pakka Hit Movie !!!,0,tanglish
Enna Da views ivlo kammiya iruku romba nerama,1,tanglish
Good film Nkp intha movie intha kaalathukku pakkava porunthum,0,tanglish
"Boss comments la konja paathu comment pannunga, yen na avunga Adanga marupanga,aththu meeruvanga",0,tanglish
Trending ku late ah vanthalum latest varuvom da,0,tanglish
Good morning Guys  Kaalaila Ezhunthathum Trailer Paakka Vanthavangala Like Podunga,0,tanglish
Duration 1.47 amazing spiderman marum sasi anna parunga,0,tanglish
Raymond's music mathiri irukee🤔🤔🤔 illa ennaku matum apadi kekuthaa ore kolapama irukee,1,tanglish
Ena da trailer evolo nala ah iruku,1,tanglish
thalaiva tharu maru marana mass vilayadalama,0,tanglish
"Kaithi ye evlo masssa irukkey, thalapathy64 epddi irukkumo.....",1,tanglish
Ivanuku kannu open la irundhale Acting🤔🤔 varradhu idhula kanna mudittu enna panna porrano 🤫🤫🤪,1,tanglish
Appa militry kaaran .paniyaara pus dialouge,0,tanglish
NG Kumar fans to Kaappan fans like here,0,tanglish
Harris sir Harris sir thaaya SEMA maaa,0,tanglish
"vijay mokka naya, remo teasere edhodha nalla iruku da, vikku mandaya",1,tanglish
Chiyaan sir vera 11 mass ahh irukuu paaka trailer Hollywood trailer,0,tanglish
Bairava's 4 days view is S3's 2 day view,1,tanglish
Ratham therika therika ultimate ah irukuuuuuuu........again indha combo ultimate ah irukum,1,tanglish
Kadasi word its super (oruthavanga mela visuvasatha katrathukaga innoruthavangala  asinga paduthathinga).,0,tanglish
"Still my thalapathy is young and fit, we are waiting for April 14,I am one of the great fan of u thalaivaaaaaaaaaaaaaaaaaaaaaaaaaaaa",0,tanglish
Dalith vs vanniyar... Devar... Gaundan ellarukum asuran Serupadi.... Throwbadhi oduna unga sunn ---- ya oomburen...,1,tanglish
Any prekash raj fans here,0,tanglish
Aiiiii 15M views varapodhu... Innum 500Views tha,0,tanglish
Last 96 school schene ninaithale inikkum serial sameir look,0,tanglish
Superstar Akshay Kumar & Superstar Rajinikant Fans Hit Like.. Support All The Version,0,tanglish
Erkanave cinema industry padu mosama poituruku adhuku pootu poda oru padam eduthirukanga velangidum..... Jaadhi Veri piditha naigal,1,tanglish
Yuvan nee manusane illaya......... Ennama music podururinga........ Love you so much,0,tanglish
Akshay Kumar ku bathila Siva Kumar ah potrukanum thappu pannitanga,1,tanglish
"Ovoru movie Yoda teaser varumpothu views, likes kudum... But inga korachukitte varuthu",1,tanglish
Just for fun  Kk naaa yarru  Kanja karupu,1,tanglish
Kola gaandula irruke mavane kollama vida maatan,1,tanglish
Anushak sheety mundu  nuvu athu,1,tanglish
Nan kuda koomala chii coma la irunthu ippoathaan vandean.....PARTHA 2019...,0,tanglish
13M views vanthuruchu ippavum daily paakkuravanga like podunga,0,tanglish
Suriyaa Anna  #Back With A Bang Love uh Suriya Anna Love From Andhra(Tirupathi),0,tanglish
Nalla irukku trailer Semmma dialog delivery Makkal Selva  Waiting for uu,0,tanglish
Unlikes are from visvasam poor boys hahaha,1,tanglish
Poladhavan and adukalam and vittri maran asuran like me,0,tanglish
762 k likes reached aairuku pangalingala adichi thookalamaa thagida thagida thagida thagida ‍‍‍‍‍‍‍‍‍‍,0,tanglish
Trailer a ippadi na padam semaiya tha irukum,0,tanglish
Therikka vidalamangura kelvi ellam kedaiyadhu irangunale theri than.....,0,tanglish
Gommala flopu daa...poi elarum asooth poola oombunga,1,tanglish
Evlo periya padam ah irundhalum tr ku 600mb dhan,1,tanglish
Sari epdiyo anjaliya போட்டு thalla porenga paduthu la... Cong,1,tanglish
yaara pathuvenna sirika llam aanaa thalapathya,1,tanglish
Dislikers ellam siruthai kuttikal dhan pola,1,tanglish
Thala Vaanga Thala Neenga!!!! Namma Thala Getup Pudichavanga Like podunga,0,tanglish
"Yena yelavu daa idhu 🤣, cartoon animation moonji maadri iruku ....",1,tanglish
Semma.... Thalaivar in retro style !,0,tanglish
Lokesh kanagaraj fans hit like,0,tanglish
Verithanam trailer nampa education mattum nampa keta irunthu yarum vanga mudiyadhu  True words,0,tanglish
surya best actor in Tamil cinema avaruku nalla film kudunga pa... mokkaiya kuduthu avaru thiramaia kuraikringa,1,tanglish
"Eppa SK produce ellam nalla padam thaan panra aana nadikirathu poora Mr.Local , Remo mathiri Illapa nadikira",0,tanglish
Romba neram ithu enna da like mattum viluthu. But view 492k laye irukku?  Ithu enna? You tube ku ennachi? ippo i thing 1million views katanthurukkum,1,tanglish
Antha 68 Peru Mattu en Kaila  kedacha,1,tanglish
Simple..... Life all time favorite thalaaaaaaaaaa,0,tanglish
thala pola varuma ..thala taakar doi .. sethangada Ella actressu,1,tanglish
Love u suriya annan ... Kerala fan ..,0,tanglish
SK veriyan mattum like poduga,0,tanglish
2.8 Millions Ha...Innum Konja Nerathula 3 Million Agidum...Bcz Trailar Apdi....,0,tanglish
Thrvarattam movie pola intha padamum super hit aagum ..tevarum goundarum  sernthu intha padatha hit aguvomcongratulations en vanniya nanbarkaluku,0,tanglish
bairavaa theme semma masssssssssss.varlam va bairavaa,0,tanglish
Thala romba naluku apram social message irrukura film la nadikuraru Thala on,0,tanglish
Tharu maaru... Thalaiva... U create gosebums for ur power full dialauge..,0,tanglish
Aaamaai Vera level acting aama vaalgha,0,tanglish
Anyone tell first vara music enna moviee,0,tanglish
Anal parakuthu Entha mathari move Evenu aduka mudiyath Surya Anna VA thavara,1,tanglish
"Scenu pundaya podatheenga da aruva nee vettunalum vettum naan vettunalum vettum ,,,ungalala oru pundaiyum kilika mudiyathu neenga evlo getho naangaum avlo ila atha vuda gethu,,,,,",1,tanglish
Super.... Serupadi for VCK.  Valthukkal sir,1,tanglish
Manushan sarbhaga padam vetri pera vazhuthukal 🤣🤣🤣🤣 nammalum poduvom,0,tanglish
WHO WATHCHING IN NOVENMBER ABOVE ??,0,tanglish
Dei arivu kettavana naan 5 class da en venru,1,tanglish
Vjs poda iron man ah keduthavane loosu,1,tanglish
Kammunu politics Amma character ku #jdeepa ve nadikka vachirukkala..... Semmaya irunthirukkum.....,0,tanglish
Like   If you think its look like Muhamoodi,0,tanglish
Best action movie I've ever seen...,0,tanglish
Thayolinga yethuku ipdi like pichaya kekaranunganey therila,1,tanglish
Dey ethana ajith vanthalum ethana vijay vanthalum ivaru kita kuda neruga mudiyathu daaa,1,tanglish
Ayyo thala naa ennamo ninachen aana teasrey vera level amazing acting kola mass,0,tanglish
never put ur phone in airplane mode,0,tanglish
Sethu anna Fans Like pottu ponga,0,tanglish
Appa starting la yevlo periya molai kanagana rawat ku,1,tanglish
"Ada paavigala #Bahubali VFX alavuku kuuda varalaiye da,.",1,tanglish
Danush gethu ....stop sila mokkapadangal maaaar3eee,1,tanglish
O my god i love you #2.0,0,tanglish
Engada kanum enga thalaivana Vijay Sethupathi engal makkal selvatha kanum appuram enna maythukku ithu,1,tanglish
Marana waiting Thala  Super Thala  mass Thala,0,tanglish
appadilam solla kudathu......paaaah chance ah illa sema cute...yaarukulam antha scene pathu goosebumps aninga,0,tanglish
Ufff semmayo semmaa .. ennna superuuuuuuuuuuuuuuuuuuuuuuuuuuuuuuuuuuuuuuuuuuuuuuuuuu,0,tanglish
Parayargal saarpaaga padam vetri pera vazhthukkal..............ella kudumbathilum pengal irukkanga.,0,tanglish
Change the title to Kaappaan Trailer. Trailer maari dhan irukku.,0,tanglish
WHAT GAYS 72 LAKES VIEWS  ITHULA 10 LAKES LIKES KOODA VARALA GIVE ME MORE,0,tanglish
Sk அண்ணா fans hit like here,0,tanglish
Thalaivaa  last dialogue hmm nee periya manushan yaa... Love u thala...,0,tanglish
Thawwww trailer naa idhu than da,1,tanglish
Muthai jathi padamay edukamatar ana avara jathi padam edukuringanu soluvanunga.  Ana Kunjith edutha puratchi padam.  Mohan adichar par unga suthula,1,tanglish
Intha pavigaluku theriyala yarna solla mattaingala irutha ana negatha sollimudiganum pola iruthakuthu,1,tanglish
vj fans ku la oru kind request trailer pakalna kuda paravala dislike mattum pannathinga thalayoda hard work apdi,0,tanglish
Ennada captain americavukke tough kuduppan polaye,0,tanglish
1996 larundhu Elam mariruchu thalaivar dialogue marala.....,0,tanglish
enna fur elise theme ah potrukanga..  ilaiyaraja ku Idhu aanmai  illadha thanama therlaya??,1,tanglish
Cant wait.....  haters...... Vada vada vada.....,1,tanglish
Ayyoooo thalaiva marana  mass katuringa thalaiva,0,tanglish
na ethir patatu tan bro summa guess pannan but. athutan vanturuku,0,tanglish
Enakkennamo diwali race la idhu dhaan. Win aagumnu thonudhu.,0,tanglish
Thalaivernna naama super Strdahan pinnittaru trailere keddha irukkunna padam vandha vera leval,0,tanglish
Dai entha trailer pudekama polambura naigala...   ungala Enna solli thitturathu nu Theryala   Goatha baadu....,1,tanglish
"Idha madhiri film eduka guts venum, ,ajith machaan ku oru thks",0,tanglish
#Movie Vera Level Sir 100% True naan unmayilaye mersalayitten Ozm movie,0,tanglish
25k dislikes?? Thaa ungalukku ellam puli maari padam daan da pudikkum..,0,tanglish
Last is Vera level idhu 96 uhh yaara yemathiringa,0,tanglish
Movie AYAN ku mela irrukum polaa....surya anna ku next blockbuster movie kaappan......,0,tanglish
All kerala surya fans like pls,0,tanglish
Na arasiualuku varathu uruthi illa illa ithu 1996,1,tanglish
Trailer mass ah iki but andha mani rathnam da feel illaye,0,tanglish
MOHANLAL SURIYA FANS FROM KERALA,0,tanglish
Pppaaaaa thala back to citizen Vibez,0,tanglish
eindha padatha epo dha release panuvinga edum ennai noki payum thotta mathri dha pana poringala,1,tanglish
Yeven enna panraano illiyo     namma correct porom.  Aama en pear Dhanush,1,tanglish
Kola gaandula irukkan sema dialogue thalaivar look vera level Kola mass trailer🤘🤘,1,tanglish
1st day 1 show booked,0,tanglish
So many many many many..Like போடுங்க,0,tanglish
14K views need to 16 m views,0,tanglish
Yuvan music..... super...  Nalla vela... idly sambar imman illa...,0,tanglish
Semmaya iruka kandipa 100 nalla thandum enga thalaiku vazhthukal,0,tanglish
Epada na kuda rajini scene delete pannitangalo ninacha,1,tanglish
Suyama senthika therichava dha super hero. 90's kids kana oru padam.,1,tanglish
Thala in viswasi yaaru enna sonnalum sari kadasivarai thala yin viswasi,0,tanglish
Sai pallavi mam look awesome,0,tanglish
Rajini ah sambavam. panirukeengley da paavigala,1,tanglish
yoww. oru manushen yettana gettup la ya nadikkiredhu.,0,tanglish
Tamilrockers dai una nambi than da irukan..........,1,tanglish
Action king Arjun fans like here,0,tanglish
Apdla nadakathu.. Nadaka kudathu..  #Verithanam,1,tanglish
Surya Anna masss by sfc big fan,0,tanglish
Pongalukku sweet sapda porom but thookudurai ku dah first sweet adhuku aprom dah Thalaivar,0,tanglish
Hit like for Ajith & Yuvan...,0,tanglish
Romba mokka ya irukku teaser...... i'm ur biggest heater da viggu thalaiya...... buy rava biggest flop aaga vaalthukkal,1,tanglish
Trending like ah boss asuran  .  kappan,0,tanglish
thala teaser la song padunaru apuram vijai epo neyapa copy vename konjam nengala yosinga.....,1,tanglish
Vfx ipadi sothapuringalae ba. Enga expectation thalaivara nala vfx la massa pakanum. Vfx update pannunga pls. Mokka panidathinga.,1,tanglish
"o my God, na eipade erukomunu ether pakala",0,tanglish
Gudiyatham yadavar saarpaaga vazhthukkal enakku pudicha line acused Peru prabakaran,0,tanglish
"Every Singam movie has one loud Dialogue in the trailer  Singam 1 - Sigadtha T.V la paththu irupa, cinema la pathirupa,  kaattu la dairyama vettai aadi pathirukiya!  Singam 2 - Urumeen oora kaatthu irukkuma kokku. Naan unna porumaiaa kaaththu irundhu Pudichirukken da!!  Singam 3 - Kadaichada Thindra oonayenu nanachiya.Pasi edutha mattume vettai aadi saapidara Singam da!!!",1,tanglish
Yaru intha moviekaka wait panravanga like podunga,0,tanglish
Ippo trailer parkura angaali pangaali ellaarum oru like podunga,0,tanglish
Avengersku Tamilnadula aall selectionah.... irukara Super hero pathalanu ivaru Vera..,1,tanglish
Surya anna Mohanlal anna semmaaaa mazzzzzzz,0,tanglish
Mairu ku Aamiayans 800k likes kuda vanga vakkuilla naigala,1,tanglish
Looks Like a Mass Entertainer From Thalapthy !! Varlaam Vaarlam Vaa ...Bairavaaa  -ThalaFan,0,tanglish
NGK movie kandippa blockbuster aagum ... Selvaragavan sir hard work veen poogathu..  2 years surya kaga wait pannathu tappu eh illa .. Teaser vera level ...,0,tanglish
Muttiah director inta maadhiri Padam eduya kurumas saavatumdraupati trailr,1,tanglish
karthik subbarajda padamnale mokkayathan ikkum papum rajinikkaha speciala ethachi irukkanu,1,tanglish
Video Varla Athukulla Dislike ha  Appo Kandippa Arun Vijay fan,1,tanglish
No 1 Trending in Sri Lanka,0,tanglish
SARKAR teaser ku veri etha ella thalapathy teaser um paaka vandhavan like ah podeyyy,0,tanglish
Oru naal kandipaga release aagum .. blockbuster aagum ... Ipo server Sundaram movie pathi thaan pesinu irukanga producer side la irundhu.. confirm varum...,0,tanglish
Guys !! Just 5K Likes need to get 500K Likes !!  Let's Make it Happen,0,tanglish
2nd half paathukitte iruklam.... Ovoru time paakrapa um avlo ovoru experience,0,tanglish
Enga appan miltry  da  Koli vilayatava sollli tharuvan  *****ala mass dialog Thalaivaa     9m views varuma thambi  ...varum paar,0,tanglish
repeat mode...varla varla varla va bairavaa,0,tanglish
Style mannan...... Wow.......super star........paakurom intha kalliyoda aatatha.....peta ....,0,tanglish
Too violent..gonna skip..Suri cannot replace vivek/Santanam,1,tanglish
Rajini 🤣🤣🤣🤣🤣 idhu '96 uh Pradeep didn't disappoint,0,tanglish
2019 September Ku apram paakuravanga like podunga,0,tanglish
Yow Ennayaa pandringa Ithu kuda views varalana paravaala Remake movie trailer one line Storynu Accept pannalam .,1,tanglish
Thala ajith marana mass. Mammootty fan,0,tanglish
Jaathi name theriyathavanga like panungaa ....🤔🤔🤔,0,tanglish
ARJUN TRUE FAN HIIT  LIKE HERE,0,tanglish
700k like  wow wow next 1m like tomorrow,0,tanglish
Yaaru Notice Panninga Edhu Night at the Museum Padathukum Endha Padathukum Konjam Link Varudhu,1,tanglish
Avengerska tough koduppaaru poala Yenga thalaiku yevlo dhillu paathiya,1,tanglish
Trichy muthuraja samugam sarpaga padam vetri perapovatharku valthukal,0,tanglish
Aiyo aiyo aiyooooooooo thala kola mass eh,1,tanglish
ippo trailer parkura angaali pangaali ellaam oru attadance pottudu ponga,0,tanglish
Confirm ah 200c collect pannumnu nenaikkuravanga oru like podunga,0,tanglish
Dhanush fans sarbaga padam vetri adiya valthukal,0,tanglish
Mokka . Tamil industry  uruppadama irukkarathey ajith and vijay nala dhan.,1,tanglish
KaaPPaaN Padam Pathutu Vanthu Yaru Yaru TeaseR Pakka Vanthinga HiT Like...,0,tanglish
great bgm by santhosh Narayanan... outstanding,0,tanglish
Oruthar Mela viswasam kaatradhukaga innoruthara Ean Asinga paduthringa Tharamanaa dialogue,0,tanglish
SK Anna mass I like you Anna marana waiting,0,tanglish
It's seems like visvasam theme music nu paathaley siripu thaa varuthu,1,tanglish
I'm die hard fan from Sri Lanka,0,tanglish
15 minutes la 415k views aaaaaa ?........       SATHYAMAAA MARANA MAAASSSS,0,tanglish
"2009#AyanBlockbuster  2019,Kaappan. ,surya. Getup. Supeer. Like. For. Surya. Fans",0,tanglish
Thalaivaaaaa idhukku dha ivloo naall wait pannooooo,0,tanglish
Change petta trailer thumbnail talaivra closeupla kaameenga,0,tanglish
Theme vera level irrku yuvan mass,0,tanglish
Dei 44k views than pathu iruki  epdi da 61k views like panna mudiyum,1,tanglish
Thallllaaaaaaaaaaaaaaaaa Vera level  waiting eagerly r the movie,0,tanglish
Dei annabelle doll da ithu. Enada pani vechirukinga,1,tanglish
Yeppa idu Vijay tv padam paa hahahaha,0,tanglish
Thalaivar ah Ile senvanna yarukaga na Padam pakanam.....,1,tanglish
Prasanna devan patam vetri pera valthukal by akammutaiar aranthangi,0,tanglish
Dai pink film remake ah idhu,1,tanglish
Ye kola gandla irukkenda vegama release pannungadaaaaaaaa.........all credits goes to karthik subbraj...he knows how to  use style mannan...,1,tanglish
Intha 21k dislikes la 90% vijay makkan fans. Chinna payaluga.,1,tanglish
Seems like pakka telugu commercial movie,1,tanglish
Our target is 500k likes for today,0,tanglish
mass!!!! munna vanthu ninnu paara puriyum!!!! varalan varalan va bhairava!!!!,0,tanglish
Vera level dhanush anna masssss.... Dialogue la semma naaa....,0,tanglish
1.24-1.25 slow motion la potrundha nalla iruntukum  Saipallavi-RakulPreetsingh,0,tanglish
You kena tunggu lebih lama lagi.. untuk tau saya 🤗,0,tanglish
Epic  2:00  :P :D,0,tanglish
0:54 ... ennada Jayalalithaa veesam poda sonna jagan mohini veesam pootu vachi irukinga,1,tanglish
Rajini Ah Semathiya Erakkitan...  Sirippu Adangala Saami... Dislike Pannavan Rajini Fan Dhan,1,tanglish
ViJaY sEthuPathHi Anna than gethu,0,tanglish
"Adhu eppdi surya,vikram lam getup change panna wig vecha paravalayan... Vijay vecha bald head ah..... Grow up guys.....",1,tanglish
Thalapathi meela ulla viswasathala yen thalaiya asingga paduthuringga,1,tanglish
Agamudayar ( Thanjavur) sarbaga padam 100 nal oda valthukal mamavalavana serupala adikanum entha padatha ekaranathakondum vitrathinga,1,tanglish
Amazing movie Comedy looks like kick movie part2,0,tanglish
vijay  anna  #bairavaa  teaser  sema  tharu maaru nna,0,tanglish
Adai ranjith pathutu sethutia ella uiroda erukia sollitu poda adaii,1,tanglish
Ithu enna adutha sattai 3 ah??,1,tanglish
Thaaaa vera level ... Str,0,tanglish
Silirkavachutinga thalaiva  Vera level thalaiva.... great job Sankar sir ...,0,tanglish
Massssss thalivaa  Vera level energy petta parak,0,tanglish
Vaitherichalaa! Dislike pottu manasa thethikonga! Thalaivar kaal negatha kooda neenga thoda mudiyaathu! Poi moodikittu paduthurunga!,1,tanglish
Ennada pithalattam 24 638 views aana like 131k va,0,tanglish
Va thala va thala va thala,0,tanglish
Sasikala K  mass  thala,0,tanglish
deivmay ungluku cmdy vrathu so try pnathngh mokkya iruku .  mathapdi actn lve lm ok .,1,tanglish
Vijay..Kumaar..! Just nailed it..! Thalaivaa..! #Amwaiting,0,tanglish
Vilan voice gethu adhunala padum paathi hituuu,1,tanglish
oru thavaruseithal athu terindhu seidhal athu deven endral koode na vide maten masssssss dialogue,1,tanglish
Ethu ennanu theriyamaleya dislike panni vachirukkanga....mutta pasanga...The legend Sankar sir's trailer.......,1,tanglish
11 maniku sollitu 10.30 ku vitanungaley,0,tanglish
sivakarthikeyan&arjun....... lots of love frm kerala......<3,0,tanglish
Kangana is looking is so beautiful,0,tanglish
Indha tone copy in malayalam filim,1,tanglish
Yuvan yuvan yuvan yuvan yuvan yappavumeee ni top dhan thalaivaa yuvan veriyan,0,tanglish
Yuvan music Ajith sir gethuuu . Vera level daaa,0,tanglish
Ommala verha level last dialogue,1,tanglish
Today Nyt kulla 10m views Varum nu soldravaga smash like,0,tanglish
Dislike potavanuka amma va oda vittu okanum,1,tanglish
Thala fan's la oru like podunga,0,tanglish
vj na sema mass erukiga..... varala varala Vaa varala va bhirava...,0,tanglish
ennangada padam muluka nightlaye eduthurupinga pola......,1,tanglish
namakkal singam surya fans club in puthiuctram prabakaran,0,tanglish
g.v prakash music ku i am like,0,tanglish
Enga da trending la varala .. Youtube ???,0,tanglish
Daivu seidhu. ....asuran...koodamattum... release pannatheenga...apparam...panam...poachu..na... Onnum...sollamudiyaathu,1,tanglish
2007 TheChaser Korein Film.  Idhu. Myshkinnn neengalumaa ipdi,1,tanglish
"Kola gaandula iruken, Mavane kollama vidamaten antha 39K dislike panninavangala.",1,tanglish
super thalaiva  petta pongal paraak marana waiting,0,tanglish
Trailer vera level!!!Kandippa Viswasam vida Petta BLOCKBUSTER hit agum...,1,tanglish
Gethu kattanu atha thala mattu tha kattanu,0,tanglish
"Trailer nala ilanu solravanga elam  , nalla katharungatrailer trending agathn pothu thala daw",1,tanglish
Enna pa 10 m views kai mukkuthu,1,tanglish
Final touch ultimate naa arasiyalku varuvathu urudhi sema punchhhh,0,tanglish
Enga thatha irruka varaikum neraya neraya nadakathu da  ellam ajith pathupan da,0,tanglish
"Yellam saathi laiyum kalappu thirumanam nadandhu kittu than irukku, en saathi kaaran vera saathi payan &  ponna kalyanam pannalanu oruthen sollunga da paarppom",1,tanglish
Hey Vidya Bhalan engaya trailer full ah kanam,0,tanglish
Annan eppa screen la pakanum pola iruku,0,tanglish
AR rahman music Vera level.......hollywood la kuda ipadi oru music ketu iruka mudiyathu.....Apadi oru BGM.......!!!!,0,tanglish
Intha trailara Vida bigil trailar marana maasssa irukkum. I'm waiting to bigil trailer,1,tanglish
Rajini ah open ah kindal panra alavukku k*** nakkal Ravi& team ku..,1,tanglish
Trailer ra ithu vera level paaa thala naaaa suma vaaaaa,0,tanglish
Karthi anna ahka mattum trailer paatha,0,tanglish
Ellam ok but kadaisila antha fight scene vachiruka koodathu,1,tanglish
Thalapathy  Veriyan  is waiting this Diwali #BigilVSkaithi,1,tanglish
beethoven music aa thirudi ilayaraja podalam..athu thappu illa... aana ilayaraja music ee etha film le use panna anmai illathavan nu ilayaraja solliruvaar..  enna mairu logic nu puriyala..,1,tanglish
"Vera level trailer,maassu,   Indha naatula ovonu ovoru vidhamana Paithiam ivanukku Indha naattu melaye Paithiam-semma Marana Waiting for NGK movie, Suriya anna fans laam Hit like button here",0,tanglish
Kekka bekka short film supera irku,0,tanglish
Trailer aa vida bgm vera level,1,tanglish
"Marana mass teaser,song,trailer elame sema padamum semaya irukum",0,tanglish
Paavam sk Anna last movie nalla pola intha movie hit aaganum ragavendhra swamy Kita vendikara,1,tanglish
Vaanga da vaanga da vaaanga da thaalaaaa,0,tanglish
Viswasam trailer pathutu iga varavangalam like poduda,0,tanglish
suriya anna came back idu than suriya style..,0,tanglish
Aadhi chettan uyir   from Kerala,0,tanglish
Kekka bekka short film mathri irukey,1,tanglish
Soorarai potru nu oru trailer vandhurku... Trailer na apdi irukkanum... Trailer vitrukkan paaru Sun tv serial madhri... Silambam master scene varappo oru gubeer sirippu vandhuchu paaru... Kamba sutha sonna vathiyarae suthuraaru :D,1,tanglish
0:19 udumalaipettai kowsalya background picture. Avanugala nambi poona aaapu vechitangala.,0,tanglish
jo looks gorgeous aditi vera level str gf ok,0,tanglish
aahaan..... aracha maava arapomaa.....thovacha thuniya thovapomaa...,1,tanglish
Thalaivaaaa ....vera level ... shankar sir creativity semma .... thalaivar acting .vera level,0,tanglish
Surya Anna Fans Matum Like Pannunga,0,tanglish
Intha vayasula orutha nadakarthe periya vishyam but THALAIVA neenga nadipu la maass katringale THALAIVA,0,tanglish
Tea kada raja idha maari shortfilm potruthanga,0,tanglish
Ajith fans la like pannu,0,tanglish
#Bigil Trailer Pathutu #Kaithi Trailer Pakkavanthavnga Like Podunga,1,tanglish
Rajni sir trending neenga late sir,1,tanglish
we love actor rajini not politician rajini,1,tanglish
Surya Anna style awesome....Vera leval......... black buster movie.......,0,tanglish
Komala vera level da str da,0,tanglish
thank you so much Rajini sir,0,tanglish
“Indha kayiru irukura varaikkum onnum aavadhu....”   Saami kayanduchinaaa???,0,tanglish
2nd comment!!! Kumaru kokki kumaru vaaa talaivaaaa,0,tanglish
Ajith rasigargal sarpaka padam Vetri pera valthukkal waiting Karthi Anna,0,tanglish
Neerkondaparvai bgm Mathiri irukku gv why,1,tanglish
Thala vera level and waiting for merkonda parvai like here,0,tanglish
Thalaivaaa Vera level   luv u lotssss,0,tanglish
"1hoursசார்கார்159k ,liks  1hoursவிசுவாசம்175k,,likes  1 hourskaappaan Teaser155k likes here's",1,tanglish
Ivaruku vayasu aagudha ilaiya ...  evalo energy ....happa verithanam,0,tanglish
Ya da life enga poguthu nega inum jathi jathi nu irukega negalam yanaku munara poriga apj sonna verum kanaveetha pola 🤦‍,0,tanglish
Whatever role it is Samuthira kani Annan pinniduvapla.... innum neraiya role nadinga anna,0,tanglish
Rajni want a hit movie like batcha....,0,tanglish
Waiting jayam ravi anna...  Fans from kerala...,0,tanglish
Thala i love  you 🤩🤩,0,tanglish
Opening alam nalla than irukku finishing sarillaye pa!,1,tanglish
Unlike means Stomach Burns Over loads... Saavunga da Haters...,1,tanglish
Unne nenachu song    addict pannavanga ore like podungo,0,tanglish
Dai Enna da Enna  Thala Ipdi Masss ah Kattiringa  Avaavavavavavavvavavavava,0,tanglish
Padam trailer eh semmaiGiving thillalangadi vibes to me,0,tanglish
Indha cinemaavukkaaha sollala sinna paya makkaa.. SINDHIYUNGAL Andha oruvandhaanda Seeman...adha payan padithikka solraangha puriyudhaa....thamizha?,1,tanglish
Kola maas katta waiting kerala people.  makkal selva love you baby,0,tanglish
Ivan orutha ...varushathuku oru padam eduthu thaaliya arukurann,1,tanglish
VFX romba worsta erukku  Nivetha pethuraj ku padathula velaya ella pola,1,tanglish
Deepavali nov6 but engalukku nov29 dha deepawali,0,tanglish
Kolaverila irukken  mavane kollama udamatten Mass katraaru pa...,1,tanglish
thala da evanachu thalaki munnadi nikka mudiuma da dai,1,tanglish
Yenna ba ithu Sakthiman graphics mari iruku,1,tanglish
enadq bgm solwah povthunu pathen kadasila yuvan tharu maru pannitaru...,0,tanglish
Hit like for RJ Anadhi Army,0,tanglish
Vedaranyam  kounder vannier sarpaka congratulations anna,0,tanglish
Oru Oscar awards eduthu vaikka sollunga,1,tanglish
Thenaveddu movie pola irukkum  viru  virupa super jivaa Anna thalapathy fan வெற்றி பெற வாழ்த்துகள். அண்ணா..,0,tanglish
Kishore rajkumar epovo kekka bekkala panitaru,1,tanglish
innada ithu ithuvarai inneram sila arivaketa koothinga sollierupingale,1,tanglish
Jayam ravi mele respect irundhadh inime irukadh -,1,tanglish
"varadha po varadha po buyrava, singam daaaaaaw",1,tanglish
Poittu vedlam Movie Like podungada Inga BAIRAVA Movie Ku Unlike poduringala Ungaluku Vekkama illla ithu  VIJAY kottài,1,tanglish
Surya - Kv - Hj Osome combo delivers Osome Teaser,0,tanglish
1996 la Rajini arasiyal ku varen sollala  Amma Jayalalitha ku against a voice koduthaar.  Aana innum  16 varusham ponna kuda  stalin kollu peran ku kundi kazhuvittu oru tamil koottam thiriyum,1,tanglish
Dai ya poolu padam andha thevidiya pullaikku adutha padam chance kuda kedaikadhu pongada jobi kudhingala,1,tanglish
Super Thala n BGM rockstra Ani what 2 tell siva sir paka Mass,0,tanglish
Objection enna voice paa marubadium pananum pola iruku,0,tanglish
Thala mass soldravanga like hit here,0,tanglish
Namitha crt ah irundhurukum .   Ipadi pannitingalea maa,0,tanglish
Thalaivan Mani-ARR-Arun Vijay-Thalaivan STR - Thalaivan VJS - Arvind Samy  ....    Seekaram Release Pannunga Da..,0,tanglish
"Vijay politics related movies la nadicha mattum , avanuku arasiyal aasai vandhuduchunu evlo buildup pannanga ippo suriya nu vandha udane , fabulous,amazing,semma,super nu comments!!!! Nalla ulagam da!!",1,tanglish
Trailer la avlo saraku iruka maari therilayea  vetri maaran enna panni vachurukaaru nu therilayea,1,tanglish
Trailer la mass ah dha iruku Ana BGM ketta dha engeyo Iman music la ketta Mari iruku...,1,tanglish
Eppo pa Padam release pandra sollu pa,0,tanglish
Ena da morratu cringe panrenga,1,tanglish
Yellam ok  Ore oru korai Trailer komjam munnadiye poturkalam,1,tanglish
Makkal selvan fans hit like,0,tanglish
nadippin nayayagan suriya anna premium starna nee eagerly waiting fr s3 anna,0,tanglish
No chance. Trailer vera level. Kandippa hit tha. But deepavali appo release pannadhinga kandippa odathu .Ena Bigil anniku tha release aagudhu.,0,tanglish
Kathiruppom for ngk thalaiva nadippin nayakan suriya,0,tanglish
I am d boss darshan fan from karnataka i like surya sir,0,tanglish
SK Anna fans hit like here,0,tanglish
K v Anand sir yeppome Vera level,0,tanglish
Ithu trailer ahh illa photo vachu video va edit pannitikala,1,tanglish
Jaadhi veri pidicha thayoli inga irukanga pola 🤣🤣🤣🤣,1,tanglish
She doesn't look like   ms.jayalalita at all.she looks like a wax statue..,1,tanglish
I lv u thala...  Unna adika evanum ila...,0,tanglish
OMG THERE ARE LOTS OF SURPRISING ELEMENTS......  THALA,0,tanglish
Enna movie la aadhi anna oomaiya kadaisi varaikkum trailer full ah pesave illa,1,tanglish
Doesn't look like a selva movie,0,tanglish
Diwly ku release  pannuna bigil  avvlothan,1,tanglish
Jayam ravi movie yellam kandipa one time parkalam nu solluravanga like podunga,0,tanglish
Chiyaan Vikram die hard fans like here,0,tanglish
True thala fans la ala kanum,0,tanglish
Hanged up in 495k views,1,tanglish
Ena ba release agi one day Achu inum trending la varala,1,tanglish
30 minutes 100k likes thala da,0,tanglish
Dai ennada wow solla varthaiye illa,1,tanglish
Neraya neraya neraya. Vera level mass thala,0,tanglish
*Tha Trailer Na Ipdi Irukkanum..... Anga Oru Mini Jukebox Ah Release pannitu Trailer nu mokka poduraanga,1,tanglish
Dislikesers antha group ah than irukum,0,tanglish
video va unlyk panravangellam avarooda hardwork aa kjm yosichu parungoo summa unlyk panatheemga,1,tanglish
R u a virgin thala sama looj,0,tanglish
Dai evanda intha teaser kku dislike poottavan ivanuhala ethirkkiravanga like podunga,1,tanglish
A shankar film arr bgm,0,tanglish
Haters - stop making violent films ! Vetrimaran - HOLD MY ASURAN !,1,tanglish
ending la  rajini dance patha sirippu tha varuthu,1,tanglish
Movie confirm hit da.... 90kids இதை ஓட வச்சுடுவோம்டா.....,0,tanglish
Pink remake but ajit is good,0,tanglish
Intha mama marumagan tholla thaanga mudila,1,tanglish
Semma stylish... Olunga odi poidunga kolaveri la irukken adhichu trouser oda oda vitruven... Mass action movie maathiri irukku,1,tanglish
Treat gonna be to HIP HOP luvers......lub u lotzzzzz ADHI,0,tanglish
Iiiiiiiiiii Vijay sethupathi annna love you baby,0,tanglish
Anyone after #10m views ? 🤔,0,tanglish
Dai punda yara paathu ni sirikire kilichuduven,1,tanglish
Thalaaaaaaaa Vara level Sama .....sareyana dialogue....,0,tanglish
Hahaha poi bigil trailera paarungada🤭 vetti payalugala.,1,tanglish
Viswasam le andha scene ku bathila...Last climax scene potu irukalam,1,tanglish
"Wow 13million views, 610k likes...Vaazhga RAJNIKANTH",0,tanglish
All Vijay rasaigargal thookku maattittu saavungada,1,tanglish
Release in Telugu karthi Anna,0,tanglish
Indha padamachum nalla irukanum jeeva ku rowdhiram style iruku...enaku romba pudicha padam rowdhiram ana andha padam sariya odala idhey mayavarathula rowdhiram pakumbodhu theatre la padam pathutu irukumbodhu 4u perudhan irukomnu padatha niruthitu padhilaye velila anupitanga...nalla padama irundhalum makkal sila samayam kondada marandhuranga,1,tanglish
trailer eh bayangarama iruku!! padam semma sambavam panna poguthu pola!! keep rocking Lokesh_kanagaraj and crew!!,0,tanglish
Inniki 10.5 million views reach panlama pangalingala adichi thookalamaa,0,tanglish
"What a trailer, indian cinema va vera level ku kondupoga poguthu intha film Akshay kumar vera level Superstar",0,tanglish
Tala Anna be super duper anney,0,tanglish
RIP Baahubali 2000 CRORE movie loading ............2⃣.0⃣,1,tanglish
Waiting for Never give up song,0,tanglish
Vanga da unite panni intha trailer 1milion likes kondavaruvom,0,tanglish
1:40 Vjs Jithu Laugh  Makkal Selvan  Forever,0,tanglish
Wow Sema vikram sir Vera level.padam pakka Marana waiting,0,tanglish
Trending no1  YOUTUBE KING THALA,0,tanglish
Jai mahesh babu jai jai maheshbabu,0,tanglish
Summa trailer pakaruda vidha silla mutal ku comment poduradhu nalla iruku,1,tanglish
yenaku idhu yenamo seriyaaa padulaa........dislike ji,1,tanglish
Kevalama riku. Nithyamenon  dhan correct aha irupanga,0,tanglish
thyagu sema vera level and ethi pakka gangster BGM ROCKERZZZZ  vj sethu ruling kollywood every year,0,tanglish
adei yenga thalapathiya paththu sirikkiriya nee 🤨🤨,1,tanglish
Movie ah release pannunga ya 🤦‍,0,tanglish
Paisa Note Video Song release pannunga pa,0,tanglish
kadaisila sonna oru vaarthaiku ajith pera vechu sildrathanam pandra ella naaikum serupadi maari iruku,1,tanglish
Ayioooooo vera vera vera vera level,0,tanglish
15k dislikes pannuna vanugalukku that last dialogue,1,tanglish
Lokesh kanagaraj... #Thalapathi_64 ku yaaru la kola waiting la irukurathu....,1,tanglish
Indha padatha copynu solli evanum case podalaya da,1,tanglish
k**tha  ithukum  dislike ka.. ponduls...,1,tanglish
No one two la papanga vilayattu SUPER STAR,0,tanglish
Nirav shah ....  Love u ma dear.....,0,tanglish
"Ena da mairu mari erukku ,",1,tanglish
Vijay WON NO RECORD BROKEN BY 2.0 TRAILER,1,tanglish
I  am simbu fans like dhanush acting,0,tanglish
varlan varlan vaa thalaivaaa!   Veyra level looks.. Veyra levell bgm.. I loved it!,0,tanglish
Thank you rajini sir and shangar sir,0,tanglish
Padathoda katha ok tha bt sariya yadukka theriyala derector ku pavam hahhha,1,tanglish
Ennala uonga v2 ponungluku Enna vithiyashama erukuma eilla uongluku vithiyashama erukuma uooga appanuka appanuka appanuka appanuka appan avan s.....pudicu u.....pid vanthano therila uongala uorntha jathiii,0,tanglish
Hit like if you Love THALA AJITH sir,0,tanglish
"Aama yedhuk dislike pannirukanga nallathanaya iruk, oruvela poraamaya irukumo",1,tanglish
10 k unlike hehehe stomach burners,1,tanglish
.. really semme trailer! ajith na tamasu.. Vijay patta su... koluthuvom!! vijay sir//,0,tanglish
Vinoth film like dark shaded even remake,1,tanglish
இந்த படம் A centre audience ku,0,tanglish
Thalaiver fans hit like Papomm avalo diehard fans irrukikanu,1,tanglish
Dei ithu dhool 2 da,1,tanglish
Vagina fanskala savunkada... Thalaivar Kodi parakura edathula Vera Evan kodida parakum,1,tanglish
Sam CS Bgm Vera Level 🥰,0,tanglish
Stylish King ... Nadippin Nayagan SURIYA .,0,tanglish
STR eppdi nadichirukaru  weight aa irrukaa frnds,0,tanglish
Surya Ku love seen irukadhu polaiyee🤔🤔🤔🤔,1,tanglish
"Ada Ena bro title idhu kaapan oopannikitu , better ah oru title kudava kidaikala ungaluku",1,tanglish
ajith kumar sir look like my father,1,tanglish
All The Best For Kaappaan(Movie Sep20),0,tanglish
Aruvi ye innum maraka mudila.. athukulla Vazh.. arputham.. Rasanayana director,0,tanglish
marana kattu kata porom pongaluku thavaivaaaaa,0,tanglish
Boy bestie ellarayum pottu thallita ellamea sari aaidum,0,tanglish
Thala rasigana irukara gethu Vera yarukum kidaiyathu lawyer performance super thalaaaaaaaaaaaaaaaaaaaaaaaa,0,tanglish
Appadi Ellam nadakaadh... Nadakka koodathu. THALA Love from kerala,0,tanglish
simbhu otha raja is fat raja.....,0,tanglish
Saaho has highest views than nerkonda paarvai.,1,tanglish
Shakthimaan picture uh paathathum yaarukellam goosebumps moment aacho avangellam keezha irukka button uh blue aakungha,1,tanglish
Ariya sayeesha ta will you marry me nu kekurathu padathula varave illa....,1,tanglish
Ajith sir semma yuvan music rocks,0,tanglish
Yeppa ena bike wheeling thala..anil paiya mental padathula sory mersal padathula ena pana porano,1,tanglish
Harris jayaraj  is back,0,tanglish
Am witting thalaivaaaaaaaaaa aaaaaaaa aaaa aaaa aaaa aaaaaa aaaaa,0,tanglish
"Dei _tha ____ ngala puppy la irukavan la villanada jiiva oda worth enna theriyuma Routhiram, Ram, Katrathu thamizh, nu evlovo iruku neenga ena da na sappy potta kottaya villana kuduthirukinga",1,tanglish
En thalaivan... Vera level.... Maranam ah irruka pothu padam... Wating,0,tanglish
"Didn't understand ,,but liked for raju bhai...",0,tanglish
No doubt utterflop like another Puli,1,tanglish
Asusual vijay from sura madurey and vettaikaran,0,tanglish
semma comedy ya irukan ajith kelavan,1,tanglish
"santhanam Anna Mass masla movie ., str Anna fans",0,tanglish
Queen of Indian cinema Kangana,0,tanglish
Thalaivaaa. Un dharisanam kaana kankodi vendum. Dheivamey.,0,tanglish
Aiyo sami antha dance movement kevalam da sami... Sirupa adakka mudiala🤣🤣🤣,1,tanglish
"Self made superstars in India rajini kanth,chiranjeevi, amitabhachan",0,tanglish
Sports padama  illa pei padama🤔🤔🤔,0,tanglish
Thaalaiva no one can redefine ur mass,0,tanglish
Tha Enna ya panni vechurkinga 🤭🤭,1,tanglish
thalaiva va thalaiva va thalaiva va. mass teaser.....,0,tanglish
itha Vida fast ah movie edukka yaaralaiyum Mudiyathu,0,tanglish
Antha last la vara blue stata antha kandi pota oru tha** yara mari erukunu yosichu parung,0,tanglish
deiiii kezhava vayasaituna summa iriyen ta bunch dialogue vera thooo naye,1,tanglish
Ponnu mella kaivaikuravan Kai mattum illa uyirayim edukanum nanba,1,tanglish
"Wow Surya,kv Anand, Harris jayaraj       best combo",0,tanglish
VAA THALAIVAA EVAN VANDAALUM NAMMA DAAN GETHU,1,tanglish
Vijay sethupathi fans like ah podunga,0,tanglish
Rendu t oru dhammu meedhi kaasu kudunga dai ne kuduthadhea meedhi kaasudhanda,1,tanglish
Ennaa ithu contravacy padama irukku.. Oru group sandaiku varume,1,tanglish
N G K   F E V E R  S T A R T E D 🤩🤙,0,tanglish
Hindi villanunga tholla thaanga mudilapa saami,1,tanglish
Sema mass surya anna NGK,0,tanglish
Jathi azhindhu varugiradhu endru ninaithen  Anal movies valiyaga nangu asura vegathil valargiradhu Onnum solradhukku illa....,0,tanglish
It's true indha vayasula Ajith Vijay feeldla irrukka mattanunga,1,tanglish
"“Adha vida koduma kaanama pona crush correct a kalyanathuku apram kannu munadi vandhu ninna, enda avasara pattu kalyanam pannom nu thonum.” 🤣",1,tanglish
THALA TAKARUU    HE NAILED IT,0,tanglish
Intha mari trailer vanthuchi innaiki than therinjithu so epo pakkuran.. nala eruku,0,tanglish
Ajith fans if dont like our vijay dont watch teaser da deyh kore kandupidicka vanthutanunge gundu pusnika fans u are actually supporting us more kakakakak kode payalugala,1,tanglish
Thala mass     Eva enna venalum sollatum     Engaluku bayam illa,0,tanglish
Oru short film Copy ...Keka peka 🤧,0,tanglish
Thumbnail like ithu athu la (sagoo),1,tanglish
Semaiya irkupa trailer. ..title than pudikla,1,tanglish
Aaru..isaignani ya music dire...yaro oru yokkiyan..aduthavan music ah eduthu use pandravan aambalaye illanu sonnane avana pathingala🤔🤔🤔,1,tanglish
Trisha look so beautiful 96 ku aparam ithum semmaya iruka pothu...,0,tanglish
Meesaya murukku fans only like here,0,tanglish
Kerala Singa Kottai da Love you Surya Anna..,0,tanglish
Thala da  Great Thala da,0,tanglish
Enada ithu viswasam one day la pana views and likes...ithu moonu naal agiyum thandala,1,tanglish
Plants vs zombies game music Mathiri enaku matum dhan kekutho!!!???,1,tanglish
Very avg.... CM Kangana looks like a Japanese robot,1,tanglish
Sakthiman 90s kids Ku Dan Terium,0,tanglish
Nadodigal 1 madiri ithu nala irukum pakalam nu irunthen. But trailer pathutu antha thought poiduchu. Aiya sami aala vidunga da.,0,tanglish
"Trailer super eruku vazhthukal director sir innum itha mathirri niraya padam yedukanu neenga, vankodama sattatha pathi konjam sollunga atha thappa use pandranga yengala mari niraya peru antha sattathala padhika pattu erukaranga",0,tanglish
Vivegam > Bahubali 1 + Bahubali 2! Im just over hyped vijay fan! Samma!,0,tanglish
super star nu vida vijay super sir nu sollalam.mass sir,0,tanglish
Why it doesn't look like a selvaragavan padam?,1,tanglish
Climax scene bayangarama irukkumnu theriyidhu and climax bayangarama irukkumnu soldravanga like pannunga Idaha padam nalla irukkum nu soldravanga like pannunga nallavey irukkadhu nu sondravanga comment pannunga.....           Like    : super movie...... Comment.  : mokka padam....,0,tanglish
super action movie maza aa gya,0,tanglish
Semma mass trailer for rajni fans,0,tanglish
Adda adda da rajni sir rajni Sir da super superooooooo,0,tanglish
Ippo trailer parkura angaali pangaali ellaarum oru like podunga,0,tanglish
Thala  oda lawyer acting ah pakka waiting ya..,0,tanglish
மதுரை முக்குலத்தோரின் சார்பாக என் வாழ்த்துக்கள்Trailer pakkum bodhu en manasula irundha sila vishyam velipadai ah theriyuthu Padam pathutu epdi iruku nu sollurean,0,tanglish
Intha Porampokku Ajith Real ah Oru AK47 parthiruppana Ivanuku ithellam Romba over ah illaya Poddapayaluku,1,tanglish
Congratz greatest writter poomani sir.................vekkai naaval is wonderfull ...............karisal kaatu ilavarasan....,0,tanglish
Nithya menon dhaan best choice green sari la radha mari iruka,0,tanglish
I dedicated to all danush fans,0,tanglish
Intha padam kandipa odidum.. therinja vishyam tha.. trailer la eh kaamichitanga..,0,tanglish
Kerala SURIYA anna Fans,0,tanglish
Poi theatre la paarunga merandruvinga ellarum!,0,tanglish
Akshay Kumar - annen neenga bird ah ne,1,tanglish
Eppaa dai unmaiyna courtukku veeduma alainjavanttea poi kealunga judge munnadi eppadi pesuvanganndu therium,1,tanglish
Unga kooda poi sasikumar ah chee,1,tanglish
Story short film la irunthu aataya poraaingya yaa... Gala baka taka baka... But trailer awesome,0,tanglish
After long time Surya ippadi nadikkirar.  Ithu than Ayan mass Surya.,0,tanglish
Innum 1.3k like reach aagala quick ah Thatti Therika Vidunga Pangaalingala..,0,tanglish
Viswasam teaser ku wait panura van mattum like pannu,0,tanglish
Manasu nearaiva iruku ipadi oru padam vara porathu,0,tanglish
Their  teasar thalaiva sama massssssssssssss,0,tanglish
1.06 Ayo  Tun Tun anty neengala ungala chota bheem cartoonla pathathu,1,tanglish
Movie release Aana Kuda Nkp trailor paaka thonudhu...I love thala,0,tanglish
Screen la vantha la Vera level,0,tanglish
anna trailer supr  Padam vettri pera vazhlthukal  Ravi anna  #Thalapathy_Rasigan,0,tanglish
Sema....Surya have killing eyes...Surya fans hit a like,0,tanglish
Indha movie enga v2 pakkadhula dhan shooting eduthanga....,0,tanglish
Ajith kumar i love you sir,0,tanglish
1.8k dislikes.. haha vairuna eriyathana seium....,1,tanglish
My thala eppavume Mass thaaa skkkk,0,tanglish
Good ...Thalaiva....Unna ipadi parka innoru jenmamum enaku vendum......,0,tanglish
"Aeiiii... Ithu 96 yara yemathura..., Ultimate",0,tanglish
U1 bgm mass nu solravanga matum like panunga,0,tanglish
Oh Thalapathy ku oru siripu nu Thala kum oru siripa potu samalika pakreenga pola🤪🤪,0,tanglish
super star super thalapathy vijay anan,0,tanglish
Nee va thalaiva.   Inga iruka chinna payala ku payam kaattu,1,tanglish
Pacha kuthirukarla rajni atha paathu bayanthu poranga la athu faster rock film copy,1,tanglish
Dislikers naam tamizhar katchii pooleeee.... Parvalaiyaaa konje aalu irukkangaleee,1,tanglish
"I love tamil superstar Rajnikanth,,,,,,,,, from Bangladesh",0,tanglish
Pink remake. Thala ipadi awareness movie la nadikarathu happy.,0,tanglish
rajini sir....romba varusham kaliche romba romba styleish irukaruuu.....ssss.... s..sema..s..stylish...s..super...s..star....,1,tanglish
Ya cla kutty kilichu thonga vida porapla..... love u surya.......   ...,0,tanglish
Visvaasam teaserku wait pandravanga like pannunga,0,tanglish
thalaiva Summa alluthu...... love u vijay anna,0,tanglish
Looks like a bad Russian movie,1,tanglish
Yena  jathi payrumaiya ?nambalam  tamil sakotharkal !!! Yen kobam yellam tamil pandikai pongala kondada kudathu  sonan paru oru muta ..... Avan maylanthan !!!,0,tanglish
Ben 10 paartha maathiri irukku pa,0,tanglish
"THALA, THALAPATHIYA VACHI SENJITAAN. 🤣🤣🤣IVAN SIRICHI  KADAISIYILA THALA, THALAPATHY FANSA AZHA VACHITTAAN.",1,tanglish
Kerala malyalees.. Do like here for superstar Vikram,0,tanglish
Veraaa levaluuu Anna super naa trailer Vera Mari thala meratti yeduthuttaru,0,tanglish
"Prabhu devaku Dubbing ah,,, Aandava... Trailer pathaley theriyuthu sariyana mokka padamnu.. En da, time waste pandringa",1,tanglish
Today bigil trailer ku wait pandravanga lam like pannunga,0,tanglish
Nive  kutty aa enga da ??,1,tanglish
Ithu pei padama illana sports padama,0,tanglish
Jayalaitha amma aavi - hello andha korangu bomma evalo   Director - adhu kannadi madam,1,tanglish
Thala marana mass ...  AK AK AK AK AK AK AK AK AK AK,0,tanglish
Innaiku ni8 kulah 1.3k like reach aagunum Thala Blood's,0,tanglish
oh my God akhsay sir super,0,tanglish
Hit like if you are தல bhakthan,0,tanglish
Surya anna nenga mass kamichitinga arasiyale,0,tanglish
Mavane kola kaandula iruken kollama vida maten🤩always showing his class and mass,1,tanglish
Thalaiva acting vera level bgm kola mass blockbuster dha no doubt hit like,0,tanglish
Yena da idu amma ku Vanda sodhanai,1,tanglish
Dei கிளைமாக்ஸ் la vaivittu sirichuten da semma trailer,0,tanglish
Semma mokka and as usual a masala movie,1,tanglish
First Time Ipdi oru Trailer Paakkura...Sirippa Adakka Mudilada Saami..,0,tanglish
Gommaale haters appidiye vandhu Mandi pottu oombungadaaw thevudiya pasangalaa...,1,tanglish
Mass teaser bgm vera level,0,tanglish
Yethaiyum copy pannala but romba mepokka erukku,1,tanglish
THIRUMPA THIRUMPA PAARU LIKE PANNUNGA  THERIKKA VIDANUM,0,tanglish
super star rajanikanth stylish look trailer,0,tanglish
Yuvan da ivana minja Evan da,0,tanglish
Our Luv for Surya never ends..,0,tanglish
"Vandi reverse edutha oru tone varumey andha mari itukuu ,andha mari nu ila adhey dha",1,tanglish
Thalaiva superstar Rajinikanth number one mass Hero,0,tanglish
"Yaaru laam csk match finish aana piragu ,teaser paaka vanthurkinga ??",0,tanglish
Girls ellarum kandippa intha movie ah paarkanum. Vera level,0,tanglish
Like:  NGK  Comment: Kappan 🤙,0,tanglish
Manasu kula feeling ka erukupa......past life rmb miss pandravaga like poduga,0,tanglish
Yarellam VISWASAM TRAILER pathutu vandhu..inga pakringa,0,tanglish
Dislike panra antha haters ellam yaruda stupid konjamachum think pannungada story nallathana irukku nonsense......,1,tanglish
Arvibdswamyyyyyyy  vijay sethupathyyyyyy yeah but aytha ezhuthu mari irukkkey,0,tanglish
How i download it link plzz,0,tanglish
Different role and different look thalaaaaaaaa,0,tanglish
Thalaivaaaaaaaaaaaaaaaaa sooooooper love you Thalaivaaaaaaaaaaaaaaaaa petta Parak,0,tanglish
Ennada ithu pithalatam a iruku Ad la pattas trailer lam varudhu ipdi yellam promotion panni views etha aarambichuteengala,1,tanglish
"aadi serupala naaya yara ootara da naaya rajini na enna thereuma (mahan,ramaraj,karthick,vijaya ganth,et....) elloruyum thandi vantha legdent neelam avaroda serupu daaaaaaaaaa",1,tanglish
Ivan padatha yaru  poi pappa..mokka nai,1,tanglish
Excuse me Trisha Kita illathadhu Ena kangana Kita iruku🤣,1,tanglish
15M views varumnu solravanga like pannunga,0,tanglish
1.22 enna shot da adhu  ... vera level thriller pola,0,tanglish
0:33 marvel feel enaku mattum thaan varutho,0,tanglish
Dei...yaarra andha 3.4k haters.... ungala paatha sirippu dhan varudhu...thalaivar... promoted to GOD LEVEL...PETTA PARRRRAAAAAK!!!!,1,tanglish
Sotta rajini fans hit like 🤣🤣🤣 po da pund* passangala,1,tanglish
Intha varusathula yogi babu'ku 50 padam vanthurukum polayae... release agura ellla padathulayum irukapala...,0,tanglish
"Dei vijai ,...vandhu ivanuga poolai oombudaa.appayaavadhu budhi varum.  Yepdi nadikkanumnu",1,tanglish
Trailer ah idhu vanmam ah irukku....Oru maari aiduchu da dai.....,1,tanglish
indha music engayo ketta maadhirye iruku pa,1,tanglish
Udhay ku romance movie ah vida idha mari movie thaa nala iruku..keep it up,0,tanglish
Waiting for kaappaan movie audio launch🤛🤛,0,tanglish
"150k likes in 1hr  , Surya Anna",0,tanglish
Ravi kku adutha hit aahhh pottu thakku,0,tanglish
Here to see rangaraj pandey sir,0,tanglish
Yenda oru day scene kooda vaikala........,1,tanglish
Indian super star RAJANI fans like here,0,tanglish
Neruku ner modhi papom.. Godhavula sandhipom..# vishvasam,1,tanglish
Yeppa saamy yaaruya nee  myshkin,1,tanglish
Last Dialogue = Ennada Trailer layeh indha maari Dialogue vecha unna asinga padutha maatom nu nenaikariya daa aama.....,1,tanglish
Thala irukkum bothu vaal aadakudaathu da,1,tanglish
"Rajini, simbu oruthara vidalaiyae pa, semma semma",0,tanglish
Thalaivar poola sapalana ungalukku thukkam varathule,1,tanglish
Surya oda total movie um sentha mathi iruku,0,tanglish
Vijay Sethupathi Mass Rajni Sir Marana Mass I like the Name Kali கெட்ட பயன் sir இந்த காளி,1,tanglish
"I am waiting , maasssss kaaattttaaaallllaaaamm",0,tanglish
Y paa singam pulie   ayuduthuoo? because       kota yaduthuoo  aayduthu!!!,1,tanglish
"Thambi karthi kadaikuty singam dialogue : elarkum ovonu mela potha, enaku en kudumbam mela potha  Ngk: Intha naatula ovonu kum ovoru paithiyam, ivanuku naatu mela paithiyam",0,tanglish
Sema style... Summa ye Dislike panranugalo!!!,1,tanglish
Rajni sir +akki =storm blockbuster movie,0,tanglish
25k + likes views within 5mins!!,0,tanglish
punda mavanugala indha dislike aha endha thevudiya mavan podra ungalukku kannu punda olunga therithada.....,1,tanglish
Vera level... Selva love you ... Surya mass ....u1 (bgm  king).⏰kathiruppom,1,tanglish
Avarkk nattumele paithyam naal ...Namak avar mele thaan paithyam..Suriya Sir,0,tanglish
Breaking news: anil kunjukal avarkaludoya ammavai prabhas veetuku anupi vaithullanar,1,tanglish
just 19k likes to reach 400k likes,0,tanglish
e ettan endhaaa egannaaaaa????? oru mattavaum elllaaaa....... bro plzzzz .....,0,tanglish
innaiku social media thala fans kaila.....,0,tanglish
Superstar Rajnikant Fans Hit Like  2K Likes    Petta This Pongal Pakka Blockbuster,0,tanglish
ajith Sir neenga Vera level sir,0,tanglish
Malayali illatha patt undo malayali machanmar ADI like,0,tanglish
Like ah Vida unlike athigama pokum pola.....,1,tanglish
What ah dialouge delivery thalaivaaaaa  Semma stunt...! Ne enna periya vasul manan ah Therla apdithan pesikiranga,0,tanglish
66k dis  like  but 788 k fans like  Thala da,0,tanglish
Orutharu mela viswasam katthurethu kaage yen ennoruthareh aasingam paduturingge!!!,1,tanglish
Intha  Varushyam  Suriya thaan da....Vijay Ajith thali poi  vilaiyadu,1,tanglish
Dei sk unakku ithellam over da,1,tanglish
Edhu varaikum naan theater ku poi padam pathu illa kandipa endha padatha first day theater poi paapan,0,tanglish
Aaaaaaaa thala thala i lv u thala,0,tanglish
yarkellam thumbnail pakumpothu jayalalitha amma nhapaham vanthuchi🥰,0,tanglish
Manju varrier best performance after kanmatham,0,tanglish
Kadesila rajini yaa comali aakitigale paaa..,1,tanglish
Yov  yuvanu  Jenmathukkum nee dhaan ya bgm king,0,tanglish
Rajini sir u vera level hero.... Iam vijay fan but... I like ur mass acting..,0,tanglish
Pppppppppaaaaaaah appo yuththam than semma vj sethupathi love you,0,tanglish
Suriya anna fans Yar ellam 100times mela pathinga,0,tanglish
"Yen Mandakasayam , Mela irukaravan kittaye keklame",1,tanglish
Vijay Setupati Telugu fans like here...,0,tanglish
wooooooooooowwwwwww semma maaaasssss and takkaruuuuu stylish,0,tanglish
SURYA......Singam .. Singam... SURYA Singam Vada ..Vadaa,0,tanglish
Looks like remake of the movie broken arrow,0,tanglish
masssssssssssssssssss illamalaya vijay na lae gethu thana pa,0,tanglish
Summa oru game  Prakash raj = kalaignar 1. Aravind Swamy = Mu.ka Alagiri 2. Arun Vijay = Stalin 3.STR = ? 4.Sethupathi= ?  Tell me pa confusing,0,tanglish
padatha vida trailer semmaya irukunu feel pandravanga laamlike ah podu,0,tanglish
Caste base panni movie illana nalla irukkum,1,tanglish
Heyy idhu 96 u yara yemathiringe,1,tanglish
enna da kabali teaser aah record panradhu ethu athuku Mela world record pannum daaa varala va varala vaa bairava,1,tanglish
"Innum konja naal la aambala Kathi pombala jathinu paaka porom. Matter apdiye thaan. Boys for boys, girls for girls. Homos aaga maara irukum anaivarukum intha padam vetri adaya vaalthukkal",0,tanglish
Marana mass teaser... NEEE VAA thalaiva... varlam vaa,0,tanglish
Haaaa...... Mass!!! Marana mass rasichu direct pani irukaru Karthi. Rajini so smart and stylish.,0,tanglish
Thala epaum therika viduvaru Phaaa Juz 2 min la eh ellairum therika vittaru  Lvu ajith Sir,0,tanglish
no can match u boss love u ever love u,0,tanglish
Hope by today 8M views n 440K+ likes to 450K+ likes,0,tanglish
"Nice adventure movie., Will get good response from tamil audience",0,tanglish
Thalaaaaaa nee vaa thaaaalaaa senjivitruvom.......,0,tanglish
"Yaar Enna sonnalum ,Thala dhaan mass. Inga neraya Peru Namma Poola Umbarathukune varanunga",1,tanglish
Salt and pepper la pepper missing...,0,tanglish
Sasikala enga daww! Oru Vela adhu namma super model Meera Mithun ah irukkumo,1,tanglish
Karthi super🥰🥰 Narennu ithoru break avum,0,tanglish
Anga nama porom sweet sapda  kola mass trailer,0,tanglish
Thalaivar varrarru... Podiyanugkellam odidu... Adichu underwearoda oda vittiruvar pathukkonga,1,tanglish
Thala and we ( thala fans) right now  Naanga thappu pandravanga illa Thappa thatti kekuruvanga,0,tanglish
viswasam enga poga poguthunu theriyalaya. PETTA PARAAK,1,tanglish
Thappu yaar senjalum Thappu thaan da yentha jaadhikarana irunthalum sari Thappu Thappu thaan,0,tanglish
Thavarana karuthu samugathil  parappa intha padam..,0,tanglish
Makkal selvan Gethu Epavum Mass Katturathula En Anna vjs ThanDa,0,tanglish
Bgm Vera Level la irukku..theatre la paka innum bangama irukkum pola,0,tanglish
Dei maniratnam sotappaney vekchiko.. Unake naathey punde kelvi iruke daa mairu,1,tanglish
TONIGHT KULLA 10 MILLION VIEWS KANDIPA VARUM AGREE?,0,tanglish
pandara payalugala...enga thala eppavumea mass da..,1,tanglish
Kaithi vera level movie    Ethu semaya eruku   Ana   Namma Anil movie Enna akapoguthu nu theriyala ya,1,tanglish
Padam blockbuster aakumnu nenakiruvanga like pottu ponga,0,tanglish
Punda Mari iruku ore madhiri pattern kiruku kuthi Mari screenplay puriyadha vasanam kuthi Mari nadika teriyadhq oru hero thevidiya Mari oru kadhai Vera oruthan senja kadhaya aataya potutu vandhu padam eduka vendiyadhu....idhunaladhan un padam Elam punda Mari iruku odamatudhu,1,tanglish
"Sad to say, but seems like rekka 2....hope I'm wrong!",1,tanglish
This movei is just like  ellam avan seyal,0,tanglish
vera level ippa pesungada mokka nu thalaivaaaaaa,1,tanglish
Oru valiya Jan 31st 2020 release aga podhu...,0,tanglish
Super..Much much better than zero and TOH,0,tanglish
Paaaa Yenna bgm U1 surya sir  vera level !!!,0,tanglish
Mass sk Anna vera level I love Anna padam vera levela irukkua poguthu,0,tanglish
Superstar na gethu da avara stylela   yaarum adika mudiyathu,0,tanglish
Thala padam karuththu athigama tha irukkum,0,tanglish
1m Views & 101k likes  #SK #Hero,0,tanglish
Singam 2 va fast forward ellama hari eduthirunthaarna 6 mani neram odum.. Idhu ethana mani neram odumo..,0,tanglish
Ithukku munnadi intha background music engeyo keturukke attha niyaabagamey varamaattenguthu ungaluku terinja sollunga,1,tanglish
Kaalaakodumaa thala machanuku vandhaa nilamayaa paatheengalaa!! Paavaam. Jathiyaa pathi padam yedukureenga apraam yendaa chritianaa herovaa pooteengaa,0,tanglish
"song paka mass, BGM  , vj",0,tanglish
i am waiting Thalaivaaaaa...... :-* ;-),0,tanglish
"Now 800,076 Likes and 67,245 Dislikes",1,tanglish
Ponga Da Comedy Piceungla Enna Movie Vandhalum Pariyaerum Perumal Pola Varadhu Da JaibheeeM,1,tanglish
Apdi tha da pesavum na தமிழன் da,0,tanglish
No1 trading in Sri lanka,0,tanglish
Ayyo Surya darling trailer eh semmaya iruku..Movie kaga waiting..,0,tanglish
"If its gonna be like Ratchasan, kandipaa theatrekku poi paarpen..",0,tanglish
Jayam Ravi sir script selection   Tik tik tik Adangamaru Now comali,0,tanglish
Movie epdi irunthalum kandippa Vikram sir lookkuga movie fdfs Papen... because July 19 my birthday also......,1,tanglish
Trailer nalla panrikongalo illayo rajini nalla vachu panrikinga..,1,tanglish
Padipa mattum yarukitta irrundum yeduka mudiyathu Chidambaram!,0,tanglish
Thalaivaaaaaaaaaaaaaaaaaaaaaa....... I love u Thalaivaaaaaaaaaaaaaaaaaaaaaa... Ummmmmmmmaaaaaa....,0,tanglish
Thala nee va thala siladhuga nama varum podhu koovuradhukkune irukkunga,0,tanglish
"Unrecognized Pure Art, Such a Fantastic Film this...   ஏன் நல்ல தரமான படங்கள் மட்டும் நம் தமிழ்நாட்டில் மதிப்பிழந்து காணப்படுகிறது?   We Should Support these Kinda Good Films...",0,tanglish
Oruththar Mela neenga #viswasam kaatradhukkaga innoruththara en asinga paduththuringa!  #verithanamanawaiting Hit like for repeat mode!,0,tanglish
1.8 m reach sema eppadina 100m Vara vekkano,0,tanglish
Eallathukum karanam anthu Ranjith ahu thannnnn,0,tanglish
Yarukellam 1:34 kili josiyam slagala erutha maru eruku,1,tanglish
Yaar ellam 20m views wait panduringal??,0,tanglish
Velraj sir cinematography Vera leval,0,tanglish
Periyar silai ah odacha groups.. Comment Section la irukingala  Avaru sinthanai yai yum sithanthatthaiyum yaralaiyum azhikka mudiyadhu,1,tanglish
Dislike poda ypdi da mansu varudhu??,1,tanglish
Maranam maasu maranam tuffu tharanum athuku Avan thaan poranthu varanum....,1,tanglish
This is doesn't look like selvas cut,1,tanglish
Petta 5days 17m views viswasam 3 days 18 m views,1,tanglish
Karthi anno ningaal surya annante aniyan alle ingane varu,1,tanglish
20M views varumnu solaravanga mattum like podunga,0,tanglish
Kaithi Eh Ippadi Na Appea Thalapati 64 ?? Dei Naan Thala Fan da Eanake Veari Asguthu !!,1,tanglish
Music ketta mathiri irukju . Ithu Enna music?,1,tanglish
Ratchasan ku aparam  Syco Than Kandipa  Myskin Mylkal,0,tanglish
poster surya look like rajani sir .....,0,tanglish
Dai yenna daa padam edhuthu vachu erukinkaaa otha vetrimaran ahaa adichuka ale Ella pooo,1,tanglish
Petta vs visvasam who wins  Petta means comment Visvasam means like,0,tanglish
Idhu orru pundai teaser idhukku vandhutainga okkurathuku  Pundai kullans fans pundai modikittu irru   Always sivakarthikeyan is best Surya thevudiya payiya,1,tanglish
"Tamilanu soli elarum seruvanganu paatha en kanavu intha commentslam padikirapo sethupochi, periavanga comments ah vida youngsters oda commentz than athigama iruku  Ivanunga intha mari padam edukama irunthale tamilnatula jaathi olinjirukumo ennavo  comments ah pathutu kastaama iruku.        Tamilan",0,tanglish
teasere pakramari illa padam epdi irukka potho nalla iruntha sari,1,tanglish
Yebbaa poram.. Kandipaaa...,0,tanglish
An mozart musical not ilaya raja,1,tanglish
Indha Trailer enaku suthama puriyala..Edho solla varanga ennanu theriyala..,1,tanglish
Vangaaa daaaa 90's kidsssss  Romba nallla achuuu da pathuuuu...,0,tanglish
I'm from Hyderabad I love RK,0,tanglish
Trailer antha pola nu solravanga oru like podunga,1,tanglish
Surya sir ajith vikaram market yellam kalli pannanum nu mudivu panniteenga pola,1,tanglish
Hero already looks like a Zero,1,tanglish
Heroine nallave illa avalum ava make up um chiii. ..,1,tanglish
Short film : Kekka Bekka  Mega film : naan sirithal,0,tanglish
Kaali... Kaala... Kaabali...  thalaivar da... Kaa romba rasi nenaikuravaga like poduga,0,tanglish
Uyiroda ilaadhavangala abuse panradha first stop pannungada...,1,tanglish
Vere level movie...  Semmaa movie..  Very good movie....,0,tanglish
Enimea action King Arjun Herova parkkamudiyathu,1,tanglish
tamil cinema la vijay vijay nu oru director irukkaru!!!avarukku masam nalu flop kudukirathuthan polappe!!!pavam katha illama aduthu amma valkaila veleyaduraru!!!!!,1,tanglish
Rajni sir looking so..young wowwww 🤩,0,tanglish
Today movie pakka poravanga like here,0,tanglish
Arya la intha dialogue ha pesara parthiya athaa erichalas iruku,1,tanglish
80k likes they are not just a likes... 80k peoples heartly likes...,0,tanglish
Darbar motion poster pathutu vanthavanga yaru,0,tanglish
Selva & Yuvan fans hit like,0,tanglish
Padam epoga release aagudhu pls slunga????,0,tanglish
fuck off ... vijay fan ah soldren ...enn daa dislike pannreengaa ...superrbb trailer ...,1,tanglish
Ommala... Ambuttu payalayum.. oda oda ... Adika porom... F**k politician,1,tanglish
ithu varikkum oru 400 vaatti parthiripen . superb movie,0,tanglish
Varlam varlam va varlam va Thalaiva,0,tanglish
"அசுரன், கலா, சின்ன கவுண்டர், தேவர் மாகன், எஜாமான்  போன்ற படத்துக்கு caste comments or review எதுவும் இல்லை. ஆனால் இந்த திரோபதி பல caste comments & negative  reviews. Stop making caste forcing movies , if you want high caste movies, then make movie like நாட்டாமை, தேவர் மகன் etc..",0,tanglish
Irumugan mari mokka pannama iruntha sari,0,tanglish
periya nayantaranu nenapu costume ah paaru,1,tanglish
Will rocks in tamil and telugu..pakka...petta parak...love u thalaiva,0,tanglish
Thala pola varuma  Thala eppavume mass Vera level,0,tanglish
G v prakash fans hit like,0,tanglish
"Jathi Veri piditha mirugangalal Matumae ipdi Oru padathai kuduka mudiyum, paratavum mudiyum.. Grow up guys...",1,tanglish
Nanga varom thaniya.... innaikku evening 6.00 manikku sharpa singuloda varom... Mudinja yepdi.. unga sundu viral yenga mela paduthannu papponda...,1,tanglish
Padam hit nachi.... oru quater sollen,1,tanglish
vilayadalama thalaivaa u rock alwayz...luv u thalaivaa  varla varla vaa varla varla va BAIRAVA ROCKZZZ..,0,tanglish
Who is getting goosebumps like a #Vadachennai #Asuran #kolaMasu,0,tanglish
Va Va Va varlam Va bairava.,0,tanglish
Namma Focus fulla VJS anna mela than..,0,tanglish
Rise ur hand.. U1 magicala feel panna vandaunga,1,tanglish
Ivlo cmnts paakrapa innum jaathi iruku adhu oliyaadhunu mattum therinjitu...evan melayo evan keelayo epdinaalum rendu side la irundhum ivlo cmnts...enamo indha padathula sonna maadhiri irundhaa thappudhaan...aanaa unmaiyaa Love pannunaa Caste lam paaka mudiyaadhu...avanga love ku kandipaa respect kudukanum...ellaarum humans ....avlodhaan enoda point of view...idhukum vandhu...enaya edhum solla venaam...edhum sollanumna decentaa sollalaam,0,tanglish
Trailer mokkaya iruku.appo movie blue satta sonna mathiri kevalama irukunu,1,tanglish
Tha.  Verii.. Da...   selvaaa & u1..  Combo..,0,tanglish
Sagapora unakku  sathi etharkku  Iyya  pasumpon,1,tanglish
2.o better  in Tamil cinima,0,tanglish
hero triller verithanama eruku pa sk veriyan,0,tanglish
Viswasam traileraa pathutu petta trailer pakka vanthavanga like  podu,0,tanglish
Surya anna fan SFC   marana waiting Karthik chinna anna Kaithi movie,1,tanglish
"Confidence ila rajini ku So ipo lam star cast jasthi irku, no single man army",0,tanglish
Super trailer by gangsta Ajith Kumar,0,tanglish
ippo naame enna seivom hatters itku seruppaale adippom,1,tanglish
Heroine DD sayal la irukanga.. Gang oda Theatre porom Fun Punrom,0,tanglish
Naa trailer ah thalaivar kaga pakka varala..vj sethu anna kaga than pakka vandhurukken..🤩,1,tanglish
Yabba harris jeyarajuu teaser semmaya iruku thayavu senju nalla song eh podra pudhu tune aa ethathu podu .,0,tanglish
Neenga velayadanathu enkitta illa yeman kitta  Only one dialogue is enough  chiyaan uyir,0,tanglish
Super unglalku inu yavs avle sir,0,tanglish
Semma ya iruku  Marana waiting  Jayamravi,0,tanglish
#NGK Trailer vera level & #BGM marana mass tnx #U1,0,tanglish
Semma semma mass  Semma them music,0,tanglish
Othaaa bgm la verithanam  Bangam daw dai...Diwali on rage soon,1,tanglish
You're line line line ithu mari Neriya  Neriya Neriya Neriya padatthula irukum pola iam waiting,0,tanglish
Real competition Kaithi and sanga tamilan   Nega rendu perum orama poi vilaiyaduga -Bigil,1,tanglish
Look like vj sethupathi shot dead thalaivar,1,tanglish
ithu ye YouTube trending la kaata maatuthu. . 2.0 kum varala .. can any 1 explain,1,tanglish
Manidhaththin adippadaiyil ungal ulaippirkkaga padam vetriyadaiya vaalththuren,0,tanglish
Trailera pathu mudikkum pothu en kannu kalangi irunthuchu what a dedication thala,0,tanglish
Mass...  Tone bayangaramma irukkk...  Waiting for release,0,tanglish
"I Am big fan of suriya & lalettan, I Am waiting",0,tanglish
"thalapathy fans..., manasa thotu sollunga da.., teaser nalla irukunu..., poi padungada school pasangala",1,tanglish
Titra thambi ga nalla tittunga titra thambi kaluku kadaisi dialogue dedicate panran,1,tanglish
Vera level  oruthar mela viswasam kata innorutara yen asinga paduthireenga,0,tanglish
Pink trailer-14 Milion with 80k likes Nerkondaparvai-17 Milion views with 850k likes,0,tanglish
Padipa vachitu namalalaiyum onnum panna mudila chithambaram!!,1,tanglish
Trailer aaa  evalavu massa irukuuu,0,tanglish
Trailor summa pattiaya kilaputhu.. Vidala pasanga ellam  ippa arasiyal aasai vantha mothala Super star aa maranum..,0,tanglish
Appa Oru vazhiya Thrisa n Simran kooda jodi pottaachi,1,tanglish
Pakka mass trailer thalaivAaaaaaaa......pinnitinga ponga.....alluthu......proud of u thalaivaaaa........,0,tanglish
Kadavulay ellarum irrukkangalay kadal padam mari agama irruntha sari,1,tanglish
Last  dance  vera  lvl,0,tanglish
Periyavarae.. dialogue la nalla than eruku acting enga? 🤣🤣🤣,0,tanglish
Ithuve vijay nadiccitha vijayku politics aase vanthurucci athan ipedilar movie nadikkiran sollithu tiriye vendiyathu.. mattevenge nadicca athu entertaiment.. ponga daa koddeingelar,1,tanglish
Keka beka keka beka short film,0,tanglish
Myskin sir making romba like pannuva avaroda movie simply amazing irukum I'm waiting,0,tanglish
puratchi thalavi kamika sona tun tun aunty kamikerenga,1,tanglish
"Biriyani ellarkum pudikum, aanal 10 kg biriyani saapuda mudiyathu.. Punch dialogues kandipa venum,but Teaser fulla punch dialogues kojam irritating aa yirukum family audience ku.",1,tanglish
Who ever  seen Deadpool here..,0,tanglish
Ena maestro Ilayaraja Beethoven's music eduthu potrukaru. Ean athuku equala music poda vendiyathuthana. Govind Menona avlo kevalama pesunaru. Ipa Ilayaraja ku ithu 'aanmai attra seyal'a theriyalayama.,1,tanglish
Waiting for sirapana tharamana sambavam.... ... Super star........,0,tanglish
Yevan ya camera man.... Semma Visuals.... Amazing....,0,tanglish
Make it 800k fast... Speed up folks,0,tanglish
Dr vaseegaran dan villain ah ?,1,tanglish
Kola.. Mass Thalaivaa... Marana Waiting ......,0,tanglish
Joseph kujay kunjugal only likes this useless trailer sure movie big flop,1,tanglish
marana mass teaser vijay anna,0,tanglish
Sharukhan eduku voice kuduthu irukaru nalla tan iruku,0,tanglish
Iyooo Vera level trailer mass katudhu,0,tanglish
super thala fan sollurathuku perumaya iruku,0,tanglish
Indian tamil film next level poga podhu,0,tanglish
ithu than teaserah   thalaivar dialogue lam copy panirukan,0,tanglish
Dhanush + vetrimaran Ready pannuga da national award,0,tanglish
Trailer full ah bethoven music coming! Aanmai ilaya ilayaraja?,1,tanglish
dei TEEJAY thay***!! naduchirukaya da b**du!,1,tanglish
Arun vijay bgm semmaya irukku... Dialogue anna kitta solladhinga.....super,0,tanglish
Dora தோத்து போச்சி போ...  Very good animated movie,1,tanglish
"kunjith, kuruma, dmk moonjula kaarithupuna moment....jaathi vechi arasiyal panum ,adhuvum mukyama sc ku supprt panranu paerla nadathra nadagama pottu odachitaaru director🤣🤣🤣",1,tanglish
Harris jayaraj music panni irutha nalla irukum,1,tanglish
Thala and yuvan bgm Epa dae,0,tanglish
Vijay anna maari thala enna mo try pandraru paakalam,1,tanglish
Pakistani movi na indian movi ka record tor dia salman khan b hairan open link,1,tanglish
Marana thuku melana MASS  thala,0,tanglish
Cast paakakudaathunu soldringha aana intha arasaanghame cast vachi thaan. Education tharaangha  een tnpsc la kooda cast vachithaan vellai tharaangha ithu kalaiyanum thiramai irukravangha munnaadi varanum athukku  mohan  sur movie veliyaa varanum,1,tanglish
whhhhoooooooaaaaaaaaaaaaaaaaaaaaaaaa?!!!!!!!!!!!    kick ass trailer  maasssssss overloaded,0,tanglish
#JeyamRavi sir  #Hiphop_aadhi bro ... மொத்த 90'ஸ் கிட்ஸ்சும் Aug15th தியேட்டர்ல தான் இருக்கப்போரோம்..!!  #Comali.  Vera level trailer bro,0,tanglish
"** sema da, va thalaiva STR",0,tanglish
Visvasam teaser ku yaruellam wait pannuringa like podunga,0,tanglish
Thalaivaaaaaaaa itha first movie movie mathiri iruku thalaivaaaaaaaaaaaaaaaaaaaa,0,tanglish
1.20 Yaar elam pathinga enaku oru aasai song singer ah,0,tanglish
Last line.. vera lvl dialogue...,0,tanglish
Dislike pannravan ratham kakkai saavan 🤣,1,tanglish
100 NGK - 100 Naal Gethu Hit,0,tanglish
Teaser ah 100 time's ku mela pathavanga Mattum like podunga...,0,tanglish
ppppaaaaaaaa..........hoolywood movie mari iruku  sema mass  teaser  ...congrats suriya sir.......singam hatrick  wins,0,tanglish
Suriya Anna mass na Selva sir super  Yuvan Anna semma,0,tanglish
Bgm theme music gousebomes awesome  last la kani sasi vera level marana waiting,0,tanglish
Ithu thevai ilatha velai rajiniku vayasagituna adakama poidanaum. Ethuku,1,tanglish
I support jaathinu solravana jattiya kalatti .mathamnu solravana manavariya kilinga Bro. Youngsters Ellam support panrom.,0,tanglish
wow! cutieee nainika! awesome kutty! Sema pooo,0,tanglish
1:21 kutty papa.... Ethirpakave illa 2k kids la romba mosam pa..... 90's kids parithabangal,1,tanglish
Vera Vera level mass str mass in maass   superb trailer and arun Vijay looks good,0,tanglish
SUPER HIT SURIYA SIR  LOVE FROM SALMAN KHAN FAN'S,0,tanglish
Thala fans ellam oru Like podunga,0,tanglish
ENTHA PADATHALAYUM THALAIVARA IVALAVU YOUNGA KATTUNATHU ILLA,0,tanglish
Friend na Facebook la like kudukra friend illa... Life ae kudukanum da Super,0,tanglish
Padam Bangama irukkum polayae  Best Wishes From Makkal Selvan Vijaysethupathi Fans,0,tanglish
Kappan veda  VARA LEVEL movie da Indian Bruce Lee dhanush Anna,0,tanglish
cell phone mela ivnuku oru kannu da,1,tanglish
200 times ku mela pathavanga like here,0,tanglish
Thyagu bgm vera level..... Epdi ya idha dislike pandringa...,0,tanglish
Its daaaammmm rocking man....Thala pola varuma....,0,tanglish
Enaku sotta aytu iruku.. Née gavanchiya,1,tanglish
Adapavi matha padathula nadichinae itha epo da direct pana.. Samuthirakani,1,tanglish
1:56 like sarkar vijay last dialouge??? fight secene,0,tanglish
Semma semma semmmaya  therikudhu........nadippu nayagan da suriya .......selvaragavan pathu pathu vachi sedhukiriukaru........may 31 semma treat kathuirukku.......,0,tanglish
Name Kum patathukum ennada Sam at ham erukku,1,tanglish
Suyamaa sindhika therinjavandhaan superhero powerful dailouge,0,tanglish
Velour mavattam vaniyakulla sathriyan Draupathi Padam vetteripera valthukal,0,tanglish
Sema movie I like this movie very much,0,tanglish
Pollachi makkal sarbaga Padam vetri pera vaalthukal,0,tanglish
After long time.... Dhanush + vetrimaran + gv prakash Kumar = pakka verithanam blockbuster konfirm..,0,tanglish
Thtr la inaki paka porvanga Mattum like pannunga,0,tanglish
Look young and very stylish super thalaivaaaaaaaaaaa,0,tanglish
12:30 Ku YouTube stuck achii..ennum clear Agala,1,tanglish
Script ku Enna Thevayo adha  endha korayum illa Pandrathula King Dhanush,0,tanglish
Valthukal sol vathu mukkiyam illa movie ya theater la parugga athu vye paathi vettri by vellore vanniyar pulliugo,0,tanglish
Make is like a Disneyland movie.,1,tanglish
Thani oruvan fans hit like,0,tanglish
Therikka Vda Vantaanga.. Thalaivar and Team!!!!,1,tanglish
Aama surya intha padathula SINGLE Aah,0,tanglish
200k likes - again Vj proved his huge fans base....thalaivaaaaaaàaaaaaaaaàaa,0,tanglish
கருத்துரைகள் ஃபுல்லா சாதி சாதி தா eruku Epdiye poona Tamilnadu velangidum da🤦‍ ethu varaikum Na la enna jaathi nu theriyathu..proud of this..orey jaathi TAMIZHANINDIAN,0,tanglish
Sema mass movie. Music sema mass.Bgm sema mass,0,tanglish
Punde oli intha mathiri jaathi veri padam eduthittu enna samohathil msg  kodukkaruthu pundamone.,1,tanglish
Vijay sethupathi fans hit like,0,tanglish
2k19 7 2 2019... Best trailer...,0,tanglish
Billa star Ajith Kumar Rasigargal madurai,0,tanglish
Yarra paithiyam rajanikku yalra atikkurathu rajani arasiyalukku vanthu ennatha kilikka poran sollunga avanra mantaila mutiye Ella appuram arasiyalukku vanthu oru mairaium pulunga mutiyathu,1,tanglish
Dei enra ithu  🤣 🤣,1,tanglish
Maranaaaaaaa masss..... gud wrk karthi and his team.......,0,tanglish
1:22 deii ennada thevdiya payya Direct Raana..enga thalapathy nadippu  Paatha unakk sirippu varudha..kommalamaryadeya kat panra Intha scene..aa ille Release avame panniduve..Ni Ajith ee kindal pannu illena yara venalum kindal pannu..thalapathy ye kindal panne avloda..otthaaa..punda,1,tanglish
obsolete outstanding . . . . movie 🥰🥰🥰,0,tanglish
Like . Kaithi dipawali  Cmnt. Bigil deepawali,1,tanglish
Climax la vera lvl panitiga... And ravi's school days getup la sema smart,0,tanglish
Sathiyama soldren triler pakum pothu la apdi oru santhosam,0,tanglish
Adicha Adi Avanukke Theriya kudathu nu sonnavaru than Batman la Joker (Heath Ledger) ku dubbing panavaru...!!!,0,tanglish
Nice trailer broo i am in telugu but tamil koncham koncham therayamu telugu lo relige pannungaa pakanam,0,tanglish
Anyone after NGK n Kaappaan teaser,0,tanglish
Ranjith Anna kitta motha Mutiyathu da.. Po da pulllu,1,tanglish
Rajni sir & Akshay sir,0,tanglish
BGM adungamaru movie la vara maariye iruku....ada ore music director uh,1,tanglish
Surya dhan mass big fan of u bro,0,tanglish
padam than vegema poguthu  teaser kudava...............,1,tanglish
Ena thidirunu Trending list LA varuthu,0,tanglish
Over seenu odabuku agathu thambi mukkunalum thalapathy pola varathu,1,tanglish
Kola gandula iruken...  Sathiyama soldren adichu thuvachuruven...  Thalaivaaaa we love uuuuuuu,1,tanglish
appadiye ean channel ku oru sub podunga,0,tanglish
love  u  rajni  sir,0,tanglish
Ramakrishna is best one j amma character see Queen webseries,0,tanglish
"Kolla gaandla iruken, kollama vida maten......",1,tanglish
PETTA trailer SUPER Rajnikanth Garu style we want Telugu release on January 10 Rajnikanth STYLE ADURS pakka MASS,0,tanglish
"Intha padamum Mattran, Anjaan, Mass, 24 mathiri periya vettri pera vaalthukal",0,tanglish
neenga vilayadnathu enkitte ille yaman kitte  chiyan vikram,1,tanglish
Jithu Vs Kali ...Petta paarakk...Jithu fans hit like..,0,tanglish
Ithu yenna  you tube video vada  Posukkunu rajini ya kalaichutinga  Tamil movie Lea kalaicha epudi da ....,1,tanglish
Enna Sam cs   joker inspire  panniruppa pola ..,1,tanglish
Hii innik teaser patjavange hit like,0,tanglish
Ippa vangada Bahubali boys.thalaivan Sankar kalathula erangittanda,1,tanglish
Eppo anna movie release pannuvinga..... Super anna,0,tanglish
10 tharavaiku mela pathavanga like uh podunga,0,tanglish
Football padathula eppadi da sammatham illama Pei vanthathu,0,tanglish
31m views  only 1 day suriyaaaaaaaaaaa fans daaaaaaaaaaaaaaaaaaaaaaa..............maranaaaaaaa masssssss,0,tanglish
Ungalukku jio phone tricks eppadi pannurathu ? Thriyanuma appadina ennoda channel lai subecribe pannuga naanum thala fan,1,tanglish
Ithu pei padama illa sports padama,0,tanglish
Teaserey ipdina appo trailer apram movie epdi irukum,0,tanglish
'namma aadchi varumla'' nu soleerkanga  nalla vela imman illa irundhiruntha varu aana varadhu nu song potruparu,1,tanglish
Bgm ye therikka viduthu vaa Thalaivaaà.....🤩🤩,0,tanglish
"Ippadi Nareya ,Nareya , Nareya Nareya....semma",0,tanglish
Dislike pandravan odi poidu kolla gandu la iruka like ah potu savaduchuduvan,1,tanglish
thalavaaaaaaa u superr vera vera level thala,0,tanglish
Trailer kalakki... HYY JITHU JILLAD WE R WAITING FOR TERIIIII...,0,tanglish
Maas maas maas  thalaivar on track . Paakathaneporeee,0,tanglish
This is Thalivar padam .....marana mass u u u u u u u ........,0,tanglish
Theeran Adhigaaram Ondru Fans Hit Like Here,0,tanglish
1:23 & 2:28 marana bangam da yappa,0,tanglish
Gv music hit like tha vera level,0,tanglish
aiyyo marana maaaaasssss Thala waiting for 24th,0,tanglish
Intha mari all irugathdigum nadu sathivanmaiyal alium,1,tanglish
Ithu amma ila da... Ammava asinga paduthainginga,1,tanglish
Engada mothalla sollungada ithu  horror padam illa sports padamanu,1,tanglish
After ayan Suriya back to form,0,tanglish
THALAIVAR POLITICAL ENTRY  -  dei..! ithu 96'.....yaara emaathireenga?'',1,tanglish
#directorvijay ...*mm*la maatne sethha da ne,1,tanglish
Discription padinga da athukula vanthu katharitu irukinga 🤦‍,1,tanglish
STR & VIJAY SETHUPATHI MASS,0,tanglish
View 44k  Like   66k how is it....,1,tanglish
Theri nee thotta innoru maikal thalaiva,0,tanglish
"romba over ah iruku...yena idu..anjaan,mass flopss now s3",1,tanglish
dai neenga eeanda vijay aa kevalama pesurenga vivegam made in foreign,1,tanglish
thalaaaa i love u so much.....,0,tanglish
2004 kids liking Super star. I am also born on 2004,0,tanglish
Yennappaa yeppa paathaalum ore maathiriyaa a padam yeduthu wekiringa,0,tanglish
Mersal and viswasam fans hit like,0,tanglish
Varlam varlam va varlam va Bhairava,0,tanglish
s3 teaser ha pattaya kelappudhu appo movie!!!!!!,0,tanglish
1996 Naan Politics varradha aandavan mudivu pannuvar 2016 Naan arasiyalukku varadhu vurudhi 2020??🤔🤔🤔,0,tanglish
சீறு என்ன கதீ சிவ போறிய இல்லை பென்சில் சீவ போறியா இல்லை சேவல் சீவ போறிய  Jiva look comedy  adei Telugu Padam copy Da  stunt over Iruku Da  Mokka Padam idhu  Jiva flopapa  flop on the way,1,tanglish
thala  moovie  vetri pera  vazhthukkal Best moovie,0,tanglish
Summa Allu vidum Ajith fans Ku,1,tanglish
Ennada  “ellam Avan seyal “ movie remake ka?..,1,tanglish
Yow.. editor trailer yeh mukkavasi story solitiyeya...,1,tanglish
i m waiting  good movies,0,tanglish
Vetrimaran vazhthukkal arumayana film my tamil industry vera level poitu eruku,0,tanglish
yappa neethaya holiwood nidikarukku savalvidra yappa samma chiyan vikram eppavumass than,0,tanglish
"Cell phone vachurukuravan lam thalai therichu oda poranunga... Kumar rocks,,,, shiva kumar vs akshay kumar.... 🤣",1,tanglish
Padaiyatchi nu sonna mattum ungalukku jaathi veri nagi reddi settiyar mudaliar nu sonna adhu jaathi veri illaya,1,tanglish
copycat from keka beka keka beka...............,0,tanglish
Super talaivaa. Semma aalu  talaivaa... waiting  talaiva ponggal .. semma trailer....,0,tanglish
Vijay fans eppovum pola avanga velaya kaaturanga.. Thu porama pudichavanga,1,tanglish
Music starting viswasam theme maari iruku,1,tanglish
Apo namma thalaium kalaikurom thalapathya um kalaikuroma...aadhina gethhuthan ponga,0,tanglish
Amazing Film NGK Fire ... Nadippin Nayagan SURIYA Acting .,0,tanglish
Yaaru da avan editer f Video size kevalama irukku,0,tanglish
Yaarlaam viswasam trailer paathutu Inga varinga,0,tanglish
world wide waiting movie ngk...na suriya anna veriyana ...,0,tanglish
Harris sir nenga innu apadiyetha irukinga pakka bgm sir,0,tanglish
Back to back 3days ah sema njoy,0,tanglish
PK mathir irukum pola ...irunthalum Jayam ravi yogibabu kaga parkalam,0,tanglish
Who  dislike  this ?  Suppa  passange,1,tanglish
Batman_1 =jeeva in முகமூடி Batman_2 = sk in hero...,1,tanglish
Katta Lalettan Suriya fans Hit,0,tanglish
20 k views and 54k likes,0,tanglish
Keka beka keka beka short film pathavanga like potu ponga,0,tanglish
Suyama yosikira ovorthanu super hero than sk Anna on,0,tanglish
10M thumbnail mass ah irukku... But atha paakkum pothellam rajini sir maathiri irukku... Vera yaarukachum intha feel vanthucha,0,tanglish
antha 12k dislike #vijay fans nu ninaikuren #சின்னங்க...,0,tanglish
Thala da ... En uyiraiyum thalakaga koduppen......,0,tanglish
En Thalaivar Vijay sethupathi irukkaru 1 sen la Movie Masss daw,0,tanglish
ippo intha trailer ah parkuravana oru like podunga,0,tanglish
Sivakarthikeyan orae naal la ivulo million views varaee va,0,tanglish
Nerkonda paarvai thanpa Inga pathigala Thala oru thatava kuda Kanna simitala.. Wow.. Thala Vera leval..,0,tanglish
Etho etho onnu manasa ilukuthu inta trailarla.... love feeling vantha maathiri irucku manasukula...,0,tanglish
Good trailer...  Vijay Sethupathi ku yenna role pa...,0,tanglish
Neraya neraya neraya likes vara thalapathy fans sarbaga valthukkal..........,0,tanglish
"Yenda neenga, Mattum unga paranjith movie la vasanan pesuna kondaduringa, adhu pola enga movie dialogue ah nanga getha pesuvoam ungalukku yenda s***u yeriyuthu,,,apo neenga dhan nadaga kathal pandringala?yethukku da wanted ah vanthu vandila Teri seruppadi vanguringa..poi mooditu vera velaiya parunga da sorinji vittu punnakikathinga",1,tanglish
Hello ngk songs link anupuga song download pana mudiyala,0,tanglish
No one in indian cinema can create a cinematic universe,0,tanglish
Yuvan num Thala sema mass thaan,0,tanglish
Today 5pm... Nadippin Naayagan SURIYA 39 Update... Studio Green .,0,tanglish
1:41 Goosebumps vandhvanga mattum like podunga,0,tanglish
K S ravi kumar Sir vera level performance panniruparu pola semmaya irukum padam,0,tanglish
15K likes left for 500K likes,0,tanglish
Summa Theri kuthula.... Super atlee Anna,0,tanglish
thala dye adikkam irukanaalathan naama nimathiya irukkamudiythu.thala takkarudoi.....,0,tanglish
Taramaana sambavam pongalukku irukku le,0,tanglish
U1 thalaiva.... ... Nee king thala... Vera lvl....,0,tanglish
#Thala60 ku yarellam wait pandringa like  pannunga,0,tanglish
90's kids entertainer.. If u agree like here,0,tanglish
vijay sethu ...kerala fans like here,0,tanglish
Thalaaaa inum niraiya niraiya niraiya niraiya unka kida ethir pakurommmmmmmm movie la,0,tanglish
Ayyoo yennala oru like ku mela poda mudiyalaye..,0,tanglish
intha trailer ku dislike varuthu ..konjam avathu cinema va rasanai odu parunga da,0,tanglish
Naanga naangalavey irukkom .nenga yaru da jaathi olikuren nu enga veetu ponna love panna .. trailer ah paathathukey ivalo katharala..,1,tanglish
Sema semma maassss dialogues vera level,0,tanglish
Teruk ah irukku .... mokke movie .. waste of time,1,tanglish
Ajith nadikkum near Konda Paarvai Thala Ajith🤘🤘🤘🤘🤘lathish liek,0,tanglish
2k likes for 700k  Share max,0,tanglish
DIZ TRAILER . TREAT FOR EVERYONE,0,tanglish
Ennada vfx idhu ivlo selavu panniyum cartoon madri irukku,1,tanglish
500 lakhs views in 2 hours,0,tanglish
cvf's  lam like pannu ga,0,tanglish
100 naal velaiku pora naai poora inga jameen range Ku comment podranuva 🤣🤣,1,tanglish
Super dialogue  Oruthar mela visvasam kattrathukkaga innoruthavarai asinga paduthathinga,1,tanglish
thalaivaaaa epe varuvaaai thalaivaaa i am waiting,0,tanglish
Vikram sir ithupola nalla kathaium konda padama nadinga ungala Hero va tha Nanga pakkanum All tha best Anna Vikram,0,tanglish
Edo 2-3 movies oda trailer ra ona pakuramadri Iruku.......,0,tanglish
Last line yaaraiyooo solldra mathiri irukku..... Thala,1,tanglish
0:47 - தல + U1 bgm = Goosebumps,0,tanglish
Thala vera level BGM vera level,0,tanglish
Marana MASS........ Unmaiyave CHINNAPAIYAN MARI THALIVAR STYLE ah than irrukaru...... Vanga THALIVAAAAAAAAAAA vanga we are waiting for you.....,0,tanglish
Yarelam kaithi trailer pathutu thalapathy 64 epdi varumo nu ninachi pathinga ? Hit like,1,tanglish
Who are watching kaithi trailer after diwali?  Like ah! Poduga!,0,tanglish
THALA NA EPPO MAY VERA LEVEL,0,tanglish
2.05 Nan arasiyaluk varuven.... Ayyo edhu 96 palasu... Varu varadhu... ...  Edhu nejma nalla vecchi senjemadri erku.,1,tanglish
0:15 to 0:51 bgm stolen from Han Zimmer,1,tanglish
1cr views coming soon Varla Varla Vaa ...Varlaa Vaa...Bairavaa,0,tanglish
Varalam varalam va varalam va bhairava,0,tanglish
oruthar mela nenga viswasath katarathuga enoruthar Yan asingapaduthiringa.,1,tanglish
Thaa eduthu vainga da adutha national award ah,0,tanglish
i am vijay fan .......i like this song,0,tanglish
"Oho 96la ilayaraja paatu vantha ippo irrukura music director ku music poda therila, ippo Inga etha o***i vachirukaru? Piano tiles ah?",1,tanglish
Fdfs paathathan pongal diwaliya irukka mudiyum,0,tanglish
Viswasathukku irundha verithanan indha padathukku fans kitta illa,1,tanglish
Semma bro neenga semmaya varanum vazhthukkal bro,0,tanglish
Look like malayalam movie Chinthamani kola case🤔  But Tala act,1,tanglish
padam  kandu...... superb climax adipoli......         A kerala COmaLI!,0,tanglish
double crd nu nenkiran i love u vsp,0,tanglish
"Vikram Sir Awesome ur , Ur Always mass",0,tanglish
marninng elunthu undan thala tharishanam thaan,0,tanglish
I like ajith sir but i hate advocate,1,tanglish
Adhu Enna da idhu. Avan avan saadhiya sli wish panureenga. Oanumea puriyala yen ipoa ellam avanga saadhiya sldreenga????,1,tanglish
Oru abaliyaa irrunthaa  anthaa Marii ponugalla maathii kattu daa pappoo ...,1,tanglish
Vera level verithanama irukku Surya Anna nadippu arakkan,0,tanglish
Sir a Kola maaassssuuuuu(padam nalla irukanum kadavule),0,tanglish
Vera level movie jayam ravi nailed it,0,tanglish
"Thalaiva ungaluku vayase ahala thalaiva marana mass thalaiva, waitinglaye veriyahuthe",0,tanglish
Yaru yaru 13/10/2019 annaki entha teaser pathiga  Ennaku YouTube la update aiiruku,0,tanglish
Dei ithuve meethi kaasu thaanda ...🤣🤣,1,tanglish
Suriya and Selva ragavan  Give mass movie....,0,tanglish
Trailer payangarama irukku movie ku waiting,0,tanglish
Othaaaaaaaaaaaaaaaaaaaaaaaaaaaaaa Vera Level back to the form Thala....,0,tanglish
U1 bgm 1:18 kolaaaaaa masssssss trailer terrifying,0,tanglish
200k well soon 10000000000000000000000000000000000000000000000000000000000000000000000000000000000000000000000k get well soon marana mass teaser,0,tanglish
Diwaliku sambavam eruku  Like-kaithi  Cmt-bigil,1,tanglish
"Kaithiye ippadi irukuna,thalapathy 64 eppadi irukuna.VERITHANAMA IRUKUM",1,tanglish
sir siva sir.. movie end  . theatre. ill aluma doluma song play panna nalla irukum,0,tanglish
Indian + LKG + Ayan...,0,tanglish
Each frames unique..... Misskin movie,0,tanglish
Nalla velai vijay padathukum theatre la sirikira scene iruku thala padathukum iruku nalla manage panirkinga pa,0,tanglish
Who is here after kaappaan trailer??,1,tanglish
Surya telugu fans hit like,0,tanglish
Onnumey puriyala innoru time parpom..... Ippavum puriyala enna panradhu,1,tanglish
Teaser na ipdi irkanum da thala panss... poi thukka deepavali kondadunga da..inga ena vela ungalku :p,1,tanglish
Pa Ranjitha indha padatha paaka sollanum,0,tanglish
vera madhiri iruku maass ! Hit ! ! !,0,tanglish
Sundar Ramasamy fans lam thalli poi veladunga. Thevayillama katharama unga actorku support panni jeika vainga,1,tanglish
Y soorya dress like a bar tender,1,tanglish
"Adapaavi siva. Adhan nan paathen yeppudi ivlo intelligent filmm pannamudiyum nu... Climax morse code scene idea interstellar film la copy pannitaaru.... But still, nice twist. Good job",0,tanglish
Oru kuripita samoogathirkku nadakkum aneedhikagalai moodi maraikkum oodagangalukku serupadiyaga Indha padam amaiyum,1,tanglish
"Ah ithu 96 Yara yamathiriga ,,",0,tanglish
Rajini sir semma style ah irukaru... mass ....,0,tanglish
I think it is spy movie like vishwaroopam.......,0,tanglish
Ootha antha oscar ah yeduthuttu vandhu asuran- kaala vaiyungaadaaaa,1,tanglish
Ayyayoo Suri innum sami2 singam3 Mari comedy panraare,1,tanglish
Rajini sir ippaavaathu therunjukkunga...neenga last 20 years tamilnaattu makkala eppadi Ella cheat pannirukkeengnu..,1,tanglish
Am Chitti reloaded version 2.0 samaaaaaaaaa🤳,0,tanglish
Vera level Teaser surya anna fans like here,0,tanglish
Sema mass.  Super star looks so young..,0,tanglish
AIOOOO.... ENNA ORRU DANCE....... SUMMA VAYYA ASSIKARA EVANAE EVALO SEEN PODRAN ....... APPOOOO REAL AH SONG PADRA ENGA THALAPATHY EVALO SCENE DA  PODALAM.... #DALAFANS,0,tanglish
0:46 pubg fans hit likes,0,tanglish
namma malar teacherukkagavum selavaragavan ukkagavume nambi padam paakalam !!!,0,tanglish
no words to say awesome awesome awesome,0,tanglish
"Ovvoru saathikkum oru thani naadu.  Vanniyar naadu, mudhaliyaar naadu, thevar naadu, pillaimar nadu, parayar naadu, yadhavar naadu, nari kuravar naadu,  kounder naadu, naadar naadu, chettiyaar naadu, vellalar naadu. Problem solved. Bramin naadu thevai illai. Otrumai ullavanukku naadu thevai illai. Naadu avanai thedi varum.",0,tanglish
Thala fight vera level Thala veriyan,0,tanglish
Athane Vels produce pandrange na Varun ilameleyaa,0,tanglish
Oruthar Mela vishwasam katta..inorthara en asinga paduthiringa.. Dialogue semma,0,tanglish
"vanda sure ah adikanum.\r Nan padatha sonen, padatha sonen -Rajini Sir",1,tanglish
yen da eppothume orey maari padam nadikiran da ivan,0,tanglish
Visuvasam seruppadi iruku sirappu megavum sirappu ana sambhavam iruku pongal thalai ku doi,1,tanglish
Wtf she never looks like amma,1,tanglish
Vjs Anna & Str Anna fans mattum like panunga,0,tanglish
I want biryani  biryani lover,0,tanglish
Ada BGM Theivame Aniruth nee valga,0,tanglish
str mass  arr bgm,0,tanglish
Engaluku suriya anna mela paithiyamnadipin nayaga🤩,0,tanglish
give a like after seeing vivegam trailer...,0,tanglish
Dei goyyala thalapathi ah patha unakku sirippu varutha...,1,tanglish
kataram kondan movie ku marana weighting thalaiva...,0,tanglish
Who is watching after viswasam 1st single Hit like,0,tanglish
Enna da trailer nu soltu Short film ah utrukinga🤣,1,tanglish
V I V E G A M,0,tanglish
Yuvan shankar raja music is best,0,tanglish
Karthi look like  again one paruthiveeran...🤨,0,tanglish
Superb thala... By thalapathy fan... Naraya naraya naraya... Vera vera vera 2um sink agudhu....,0,tanglish
Yarrrrrrrra emmmmmmathuringa ithu 96 semmmmmaaaaaa LA,1,tanglish
ayo enga oorla 1 week ku ticket aah book panni vachitanungale... 1 ticket kooda kedakalaye...,0,tanglish
Enna da athukulla mudichu pochu chai...  Thala ya pathutey irukanum,1,tanglish
6 manikulla 5 M views varanum,0,tanglish
teaser marana mass but ajith fans ungalukku fire engine anuppattuma,1,tanglish
surya annan semaaaa masssss look.......and very very super masssss teaser........surya annan......I love you........Singathin vettai aarambam daa..........ithu singathin kottai da......,0,tanglish
TRENDING NO 1  NEXT 24 HOURS............ ARE YOU SURE.....,0,tanglish
Ohhhhhhhhh my godddddddddddddhollywood movie in tamil Cinema Sankar Sir,0,tanglish
Sweet sapda porom  Thaaa Vera level yahhh  Sathiyama solren evanalum idha beat panna mudiyathu,1,tanglish
Oruthar mela vishwasatha katrakkaga mathavangala  en asinga paduthuringa? think about all fans,1,tanglish
Surya sema cute Surya fans hit like,0,tanglish
evan evanuko like podrinka enaku oruthan kuda vada like podamatikirinka please like me illa azhuthuduvaen amaa pathuka like please,0,tanglish
Asuran trailer no 1 so nice,0,tanglish
Anna I'm wit movie paka mass,0,tanglish
Laugh riot from 0.24  Dai kelava,1,tanglish
intha trailer eppadi irukkunu thala fans solla mattom enga ethiri vijay fans thanda solluvan.                               therikka vidalama,0,tanglish
Sema concept ya.... Attagaasamaaa iruka pogudhu,0,tanglish
August 2019 . Ippo parungalen Ner konda paarvai postponed nu News varum,1,tanglish
Kathi BGM ah slow va pota maadri feel aagudhu,1,tanglish
"idhu 96, yaara yamathringa? marana bangam",1,tanglish
Rajini ah vachi seirathula enna oru sandhosam,1,tanglish
Come on Thala fans beginning festival  Nerkonda paarvai,0,tanglish
Thalaivar Vera Level  Viswasam moodiththu irukka vendiyathuthan,1,tanglish
Ella herovum toppla irukkanunga perulayum pannthulaiyum kondu vandha namma last varaikkum naduveralai sappekitte irruppom,1,tanglish
Sasikumar diehard fans hit like,0,tanglish
Congratulations to Vijay Anna fan's sarba jaiyam Ravi sar,0,tanglish
Advertisement vandhu tension anavanga like here,1,tanglish
Thala🥰 video parthutu dislike panravununga aprm bad comments podravunugalukulam SURA trailer la kamichu sagadikunum🤕...to all haters,1,tanglish
kailasa nattuku poganumnu nenaikuravaga like pannuga :) :) :),1,tanglish
Arun Vijay entry kuda nalla irruku mukiyeama bgm sema.,0,tanglish
Visual and bgm spl sivaa asome,0,tanglish
"Ennada solla varringa...... Pochu.... Art film eduthu award vanga pakkuranga......... Discovery channel'a irundhu 2,  3 clipping eduthu potta madhiri iruku...",0,tanglish
Apadilam nadakadhu nadakum kudadhu.... Thala takar doi,0,tanglish
andha aayirathi onnu dislikeum yaarunu sollunga..ellam 96 pasanga thaan.. :P,1,tanglish
Hit like for Rajnikanth sir and Akshay Kumar.. ek like to bnta h,0,tanglish
Trailer eh maranamass ah iruku. Intha padam namma manasula nikkum. Naadaga kaadhalai tholurithu kattapogum padam. Sillarai ellam sitharapoguthu intha trailer ah pathutu.. I'm waiting for the movie.,1,tanglish
"Dei, ennada,.. 'CONAIR' padatha kavuthi pota madiri iruku unga 'KAITHI'\r thiruttu payale Lokesuh????????!!!!!!!!!!!!!!!!!!!!!!!!!!!!!!!!!!!!!!!!!!!!!",1,tanglish
Dai potta athu ena thalapathi matum adthikama serikura thalaku lite serikira,1,tanglish
Marana ma eruku sir Surya punch,0,tanglish
Vj haters ku allu konjam athigamave irukuvj mass always ultimate,1,tanglish
"1.35 mins kudumbathoda senthu naanga, intha dialogue modulation yepdi iruku na   Surya in one movie , company kudukira oru athisaya porul soapu dappa",0,tanglish
Apram arasiyalvaathi Avan payyanukku arisi vikkava solli kuduppan politics ah solli kuduppan ketta vaarisu arasiyal nu koovurathu,1,tanglish
tamil movies will rule bolywood soon,0,tanglish
Ayan2  nu ninaikkura marana mass,0,tanglish
Simbu bro pls choose action movie love you annaaaaaa,0,tanglish
Selvaraghavan  Arasiyal   Ready for vera level story,0,tanglish
Nan yen murugan god a va da nu than solluvan Ana unkala sollamudila thala Anna...yen nenga yaru yengaluku,1,tanglish
nta ponno nta style u r great ma dear,0,tanglish
Pondicherry vanniyar sangam Padam vettri pera vazthukal,0,tanglish
Intha songa vidunga jimikki kammal parunga   Intha songa vida athuku than athiga views...,0,tanglish
Marumalarchy thodarnthu vanniyar kulam kaaka kaduvettiyar valiyil throwpathy varugiral...,0,tanglish
Views check panna vantha vanga like pannunga  #NKP   #Thala fans,0,tanglish
Vera level na neega ayyo semmaye iruku,0,tanglish
Enna Trailer Saami  Yuvan Bgm Killed it  And Surya 🤩 Love From Bengaluru  Surya-Ajith Mutual 🤩,1,tanglish
T H A L A I V A PETTA = M A R A N A M A S S,0,tanglish
1.41 kettavudanae oru silirpu marana waiting thalaiva,0,tanglish
Sema jeee sema newer Vera level ponga,0,tanglish
"Superstar nu sollikitu matha actors lam vanturathinga, Thalaivar fans kola kaandu la irukom kollama vida maatom",1,tanglish
MADURAI  THEAVAR SAMUGATHIN SARPAGA VALLTHUKKAL,0,tanglish
Rajini thalaivar illa da MGR mattum thaan thalaivar,1,tanglish
Re mix music poda matanu  sonaru???,1,tanglish
Thalaivaaa va thalaiva. .. Vaa thalaiva........,0,tanglish
Dei kunjithu kuriida vekkra kurridu ithu madhiri vekkanum da kurriida.,1,tanglish
u1 +thala combo.....!!!!!!!!!!@always awesome......200 times mela pathavanga thatunga like,0,tanglish
we don't want different  k... we like thalapathi manarism,0,tanglish
2:04 🤣 Adikaadheenga kathaikku katchidhamaa oru scene eduthuteenga,0,tanglish
Dai Yappa ennada amma moncha bomma Mari Irukkumaa,1,tanglish
Nadodigal madiri nalla padatha naaradichu arasiyal Padam aaki nakkavithadukku Sasikumar Samuthira Kani ellarukum en aazhntha nandrigal 🤣,1,tanglish
mass's INA ethu thanta thalaivaruta othunguta,1,tanglish
I am eagerly waiting Samy sathiyama meha hitungo🤣🤣,0,tanglish
"Mokka padam ,,, utter flop ha ha ha",1,tanglish
keka beka shortfilm panna director  ahh indha movie direct pannuraru yarna therinka slunga,0,tanglish
END DIALOGUE IS FOR HATERS WHO DISLIKE THIS TRAILER,0,tanglish
Nee karuvaraikku yen poganum Pappa anga irukura  undiyalayala sorandunuma pappa.,0,tanglish
Real Time 5million + views.. Petta Paraak,0,tanglish
Trailer climaxla sootha thookiteengada dai.  Padam hituda,1,tanglish
Thala da... Thala veriyan  ...i am waiting for you,0,tanglish
படம்தான் vegama ponum na பாத்தா tailor ivlo vegama poguthu,0,tanglish
Sir very big fan like your video very much,0,tanglish
"kudai yaa seeka rum Ajithi padum update varumaa,illa kalu ooda guruchu,illa kai poochu nu sacku sollu vinga laa...",1,tanglish
Marana sambavam iruku... Asuran kandippa blockbuster tha,0,tanglish
Nalla thaan irukku...but vivasayam puratchi arasiyal...orey nachu nachunnu...Vijay ajith surya...ennangada nadakkuthu...,1,tanglish
"Anaivarum inainthu ippadathai vetri padam aakuvom, theatre la poyi parunga friends",0,tanglish
Thalivar trailer ku ‘PERIYA OH PODUNGA’,0,tanglish
Dislikers please step back  2K19 #Kaithi  Diwali,1,tanglish
Mr.VasoolMannan got 15Millions viewsss!!  #Varlam Vaa Bairavaa!!,0,tanglish
Trailer lam Nalla Than pa iruku..... Unkita Finishing Sari illaye pa,1,tanglish
Ennada trailer loose uh koodhi maari itukku,1,tanglish
Ellam avan seyal part 2 va,0,tanglish
Only 2 days ta pa enjoy panurum panurum,0,tanglish
pls don't come to politics  petta- best entertainer,0,tanglish
Only one star super star rajini star,0,tanglish
Marana waiting chiyaan screen la pakka poren,0,tanglish
Adutha ATM ready pola Barathan senjitan oh !,1,tanglish
Yov pande nee enaya panra inga,1,tanglish
93K left for 600K likes,0,tanglish
Thalaivar + ThalaivARR =,0,tanglish
nee enna wig mannana therla apadi than pesiguranga bharatha vatchu saira ATM part 2,1,tanglish
1.31 la..... Enga ranagalathulayum kilu kilupu kekudu?,1,tanglish
Shivaji la patha slang  sweet sapda porom  Verithanam,0,tanglish
Padam mattum release aaguttum  Naraya Naraya Naraya Naraya thadava naa theatre la poi En thalaiya paapen,0,tanglish
Pakka mass  Petta only paraak,0,tanglish
Anil kunjis fans tha dislike podum,1,tanglish
Naan arasiyal ku varuvathu uruthi... 🤣🤣🤣yara yamathuringa ithu 96.vera level bangam,1,tanglish
caller tune la kola gaandla irukkaen mavana kollaama vidamaattaennu dialogue vechaa phone panravan reaction eppadi irukkum,1,tanglish
Ivaruthaan aduthavan anmayillama yen music copy adikkirannu sonnathu mr.raja  ippo thaangal seithathu yennavo,1,tanglish
thanga tamil mannan enga thala daa,0,tanglish
Rajava vantha rajavukku noor dhosth chimbu kiduuuuuu,0,tanglish
"Oruthanoda sindhanai kaaga avana alikuradhu pudhu vishayam illa, SOCRATES ah sagadichadhuku kaaranamey adhan.",1,tanglish
Night kulla 740 k likes reach aagumnu solravanga comment pannunga thala rathangale,0,tanglish
Itho vanthutanga ..athuku like podu ithuku like podu nu,1,tanglish
Anna sk neenga yerkanave hero thaan,0,tanglish
Ashkey Kumar Fans Hit like here,0,tanglish
"Surya Anna ,U1,Selva Raghavan ....ithu vetri koottani #goosebumps...",0,tanglish
dislike pottavangalukku irrukku mersal thann kandippa  most disliked traileraagum,1,tanglish
Enna Da mission impossible Tamil version Mari iruku,1,tanglish
Vantha raja va tha varuva... STR king of mass entry,0,tanglish
Thalaivaaaaaaaaaa..... Trailer Samma Mass..   We R waiting for  Release,0,tanglish
"Semma  ,🤔Nethu vandha Siva Karthikeyan naayellam bandha kaattum bodhu indha manusan(Jayam Ravi) nalla script thedi thedi nadikkiraaru, aana ivaruku yean market innum perussah uruvaagalai?",1,tanglish
I watch 156 time pangal Ila petta pangal,0,tanglish
Bro unga moviela double meaning ethir pakkala,0,tanglish
Music is damn good sir ...,0,tanglish
Verithanama iruka pogithu athula doubt te ila,0,tanglish
Enada inum 400 k views laye eruku ..2 hrs kum mela ayum..YouTube hang ayruchupola pocha,1,tanglish
on stage looks like a robot,0,tanglish
nalla iruntha kooda dislike panna sila aalunga irukaanga      unmayavae pathutu tha pannureengala illa pakkamalae dislike ha mattum click pannitu poreengala      maanam kettavanunga da neenga,1,tanglish
3 gangsters + 1 gangster (police),0,tanglish
20 times mela paathavanga like pannunga,0,tanglish
Superb  Rajni sir superb,0,tanglish
ANNA seXXY anna SURiya anna great fights HANdsoFF 2 u anna <3  iam BiG faN O f U anna SANTOSH FB: SANTOSH SK  Great angle lo ma annaya ni chupataru sir SURIYA annnah ni SEXXY  ga chupataru ty sir HARI gaRU .... <3  ++++++ CINEMA PAKKA HITT ++++++,0,tanglish
First time oru padathode sneak peak mathiri.. oru trailer pakkurein.... slow aaa ponalum skip penna thonnale.....  ungalkum antha feel vanthiruntha mattum... oru like podunge...,0,tanglish
Eva vera ana vona ponnuga manasunla ninukura/ after watching kapaan movie,1,tanglish
Viswasam kaatturadhukkaaga nu thala fans'a dhan soldraaru avar.,0,tanglish
"Vijay pakka mass,SaNA bgm Mirratal level but Theri alavuku kick  illa",0,tanglish
Keladu punda magan ali punda ajith,1,tanglish
enna pa views a varla appo idhuku munadi ellam recordum fake a,1,tanglish
just waiting for mass.............. kolla massssssssssssssssssss,0,tanglish
Padam vera level  Thala fans hit,0,tanglish
0.18 enada amabala vishal mari sumo parakuthu,1,tanglish
Kaidhi won in DIWALI RACE BIGIL AH ADICHI ODAVITTACHU PA,1,tanglish
Yannapa Foot ball Movieya illa Gost Movieya Onnume purilla🤔,0,tanglish
en poola attum irukkuthu intha baadu moonji,1,tanglish
Padathulayavathu pesuvangala Illa music matu thana,1,tanglish
Manimaarannu enna mathiri peru vachirukkavanga like podunga,0,tanglish
Thala vazhuga thala rasigargal valarga  Thala,0,tanglish
Argument scene vera level Thala vs Ponday,0,tanglish
Semma mass... Thalapathy Vera level.. #Varlam_Varlam_Vaa_Varlam_Vaa_Bhairavaaa...,0,tanglish
Unga poi ellaa indha padathulla solla poringa,1,tanglish
Ellam seri thaan... Aana antha last shot la back dive ah nenacha thaan lesaa nenju valikara maari iruku,1,tanglish
santhanam last solldra dialogue avara comdiyana nadika soldrvangla parthu soldra matri iruku,0,tanglish
Yevlo periya herova irunthalum ivaru padathila kathaikku eatha marithan nadikkanum. Istathukku nadikka mudiyathu. Ovvoru padatthulayum oru matruthiranaliya yaravathu naduchuruppanga. Illati matruthiranaliye naduchuruppanga. Ivaru tamil cinima la oru thani adayalam.,0,tanglish
கைதி BLock Buster HiT yarulm solluringa like podunga,0,tanglish
"Bass mothalla oru Nalla lyrics Kodunga summa vaila vanthathu ellam lyrics a , Apuram movie pannalam",1,tanglish
Mattu Kariyo(peruma)🤣🤣🤣🤣. Maatu sanathula thandae vanga poringa. #kuruma gang. #pa ranjith.,1,tanglish
"Thala thaladhaan, Thala fans like me,  how many Thala fans are there? Thaladaa",0,tanglish
verithanam..luv u thala ne va thala summa therikavidromm..,0,tanglish
petta is just 652 k likes but viswasam is 1.2 m likes,1,tanglish
"o ta ippu vangada  savadi yailorium thala , yain thala sutuda trailer ha pakumbodu",1,tanglish
Kathi padam bgm maathiri last bgm..... illeya???,1,tanglish
Vijay Sethupathya Pidichavan Like ah thatuu,0,tanglish
Thala ajith nerkondaparvai just 7 days,0,tanglish
simpu and vjs   allluthu pooo,0,tanglish
"Oruthara mela nenga viswasam katrathukaga,inoruthara yen asinga paduthuringa....... Sema",0,tanglish
singam 2 mathiry personala pm i mean mogan lal niyamichcha oru officera nadikkiraroo..surya sir ..super,0,tanglish
Vj sethupathi villain role marana mass,0,tanglish
Nan mattum dan Anandi ah pathena..,0,tanglish
Gola massa irrukunu solravanka like poduka,0,tanglish
Ayyayo ennamo panni vachirukanga.... Ethani peru itha pathu psyc avangalo,1,tanglish
dai ranjith... ne oru padam edukarana... engaluku oruthan padam pannamala poiruvan...,1,tanglish
By today 440K+ likes varumne soldrevangge like podengge,0,tanglish
Karthik subburaj Ella Rajini padathayum eduthu parthu thalaivara Oru vazhi panni irukarnu nenaikiren....sirapana tharamana sambavam.super like,0,tanglish
"That allu allu dialogue delivery reminds me of Vettai, vettai vettaikaran LOL",1,tanglish
SURYA  SHOOTING SPOT IN KAPAN,0,tanglish
Y likes la kamiya eruku views kuda any one explian,0,tanglish
indha murai harris koren movie la iru dhu apdiyai theme yadhuthu poturukaru avanuku kasu kudukathinga producer.... yanna oru puthisalithanam,1,tanglish
Pakkum pothula thalivan Tony Stark niyabagam varuthu...   Athukkagave Dislike... Dislike... Dislike..,1,tanglish
Pls paduchavanga thaan ennimel arasiyal ku varanum,0,tanglish
vera level thala ethir paathadha vida nalla irukku,0,tanglish
Aeutha  ealutu. 2  Main rathnam. is. come. back. Aravitswami. caratala. Thala. Acting. panirutha. semmaya. eruthrukum. AR musc,0,tanglish
Favorite director ND fav music director awesome,0,tanglish
Mass thalaivaaaaaa  nee vera level thalaivaaaaaa,0,tanglish
Last dancee semeee... Face lehh oru magizhchi ehh vare vechitingeee thalaivaaa,0,tanglish
Nallavana irundha ponna kodutu sothayum yeludi vaikalam.! Aana inda Maari thayolinga la aruthu podanum,1,tanglish
Vijay Anna fans hit like here,0,tanglish
vijaysethupathi STR masssssss kandipa padam mersal hitttttttt ta,0,tanglish
10 times ku Mela patthavanga yellam hit like here,0,tanglish
"Mohanlal pulimurugan, lucifer next  block buster kaapaan waiting this movie",0,tanglish
Semma thala music king Yuvan semma,0,tanglish
Mysskin dheiva level Saar neenga Udhaynidhi s career best ah iruka podhu Allu vidudhu Ilayaraja BGM->Raja raja dhaan,0,tanglish
Chiyan always mass samma trailor,0,tanglish
nalla illa ya sathyama.....#Mersal varattum ellathayum #Mirattum #தமிழ்,1,tanglish
Trailer kolaveri    Nee Vaa thalaivaaa,0,tanglish
Yarellam padam paarthaachu??? Arputhamaana padam...don't miss it...,0,tanglish
Ennada ice cream tune a pottu vechurukkeenga,1,tanglish
"Thala fans idhu pathadhu, innum neraya neraya neraya venum!!!",0,tanglish
Dislike potavanga ellarum rajini fans dhan vera yarum ila..,1,tanglish
Young Thalaivar is back with a baaang. Marana waiting,0,tanglish
"One more movie - poor makkal, yella vevasayi, bad politician, drohi corporate, nallavanukku nalla hero, yuk movie......",1,tanglish
Views add aga matandhu enna achi,0,tanglish
Intha music plant vs zombies game la vara music mari irukku,1,tanglish
2:25 idhu dhan samme sirrippave irrukku,0,tanglish
Padam pathittu teaser pakkirivinga like podu,0,tanglish
July 23 sigapene songa varutha Athukku ippave update vitrukanuga avolo Bayam views likes vaeathunu,1,tanglish
Cup'u mukkiyan Kathireyy!!  Bigil la vittatha ne Jada la pudichru,0,tanglish
#thala Pola varuma therika vitutapula manishan,0,tanglish
Suriya rasigargal sarbaga padam vetri pera valthukal nanbargaley,0,tanglish
Thalaivar'ku vayasaiduchinu yaru sonnathu trailer paru summa thala suththuthula,0,tanglish
Soorarai potru diwali ku release aguthama sema mass,0,tanglish
Last sama kalai  since 1996,0,tanglish
Thalapathy fans irukingla ..dislike panra kaaga ve vandhavanga ...,0,tanglish
Ithuve mass  na apo THALAPATHY 64 chumma namma THALAPATHY pirichu meiya poraru,1,tanglish
Trailer good. Scenes look likes Saw movie series.,1,tanglish
0.41 look at the name tag vijay kumar,0,tanglish
Yen da 14feb wait panna mudiyalla da daliy ida parthu parthu veri yearuchu sikaram pannuga da,0,tanglish
SEMMA MASS LOVE FROM TAMIL NADU DEMI GOD THALA AJITH KUMAR DEVOTEES.,0,tanglish
flop flop flop flop flop flop flop,1,tanglish
1:11 Nan kuda Simbu pair PV Sindhu ah nu nenchuten bhaa,0,tanglish
Repeat Mode la Trailer pakravan mattum like Podunga,0,tanglish
Thalapathi fansinidayilum thanthayillathavanmaar dislike maatram target cheythu varunnavanmaar,1,tanglish
sam c.s vera level ya un bgm,0,tanglish
"Kanchana 3 100 cr collect panna vachavankalukku, NGK Puriyaathu",0,tanglish
0:17 Nadodigal 2 ennu per wekkaama Aambala 2 endu watchi irukalam!! Ennadaa panni watchirukinga!! Perukum Trailaerukum connectione illa!!! Another sequel flop!,1,tanglish
BGM WAS SUPER  SURYA ROCKING AS NGK,0,tanglish
l like surya but not singam series,1,tanglish
Siripu vantha oru like podunga,0,tanglish
Avengers End game leaked video,1,tanglish
Idhu keka beka'nu oru short film copy,0,tanglish
Hi guys send full film link plzz,0,tanglish
vera leval interval block im sri  Lanka,0,tanglish
44k views.. But 56k likes ah?????? Howwwww,1,tanglish
81k views but 93k likes how it is possible?🤗,1,tanglish
Song than nkp la ketta maari irukku,1,tanglish
"Wtf man,75k dislikes,wats der to hate in diz trailer🤦‍",1,tanglish
Aiooooooooooooo thalaivaaaa eni wt pana mudyathuu konutenga pongaaa azhgu,0,tanglish
Dislike potavan ellam anil fans pola,1,tanglish
Enna bha trailer starting la Marvel lam varuthu,1,tanglish
Sanga thamilan nu title  vachutu  enna_____ just remix song because?,1,tanglish
flop aakura padathuku ithana cineu ...............,1,tanglish
Theatre la pakura alavuku worth illa....suntv laye poduvan appa pathukuren,1,tanglish
Thalapathy padathuku sirukumpothu kovam vanthuchu ana end cardla viswasam potinga paru anga nikuringa,1,tanglish
top super song  I'm like,0,tanglish
Ne vaa thala inga un level ku yarum illa ah,0,tanglish
DRONE SHOTS VERA LEVEL @TEAM_VAAZHL,0,tanglish
Last ah keta kelvi...paaahhh semmaa thala,0,tanglish
Intha naatla onu onu ovoru paithyam.. Avanuku intha naatu melayea paithyam,0,tanglish
Admin Plz Suriya upload Ghajni hindi dubbed movie again plzzzzzzzzzz,0,tanglish
kola pasila irrundha poi Pichai yedu yedhuku yengata solra,0,tanglish
தல i am waiting for nerkoonda paarvai,0,tanglish
She is not looking like jaylalita at all!!!,1,tanglish
Ivan munjikyu 2 heroins kevalo panipaye,1,tanglish
2020 oliymbic india gold varuma silvar varuma parunga.,0,tanglish
Dei vanga da trailer tending Pani koduppom  likes ethuvom  views ethuvom,0,tanglish
Rajni sir looking so handsome and young..,0,tanglish
"Forgot about Rajinikanth, just look at Simran",0,tanglish
50 K views need for 14 M views,0,tanglish
"Asal,vedhalam,part 2Siva VA nambi overa expect panathinga da avan range avlo illa",0,tanglish
Suriya gonna rock in kaappaan,0,tanglish
Last walking moment mass ah iruku,0,tanglish
Theri hit Joseph kuruvila &vijay kumar,0,tanglish
Surya fans kellam entha year kondattam tha surya fans like here,0,tanglish
Mokkaiya iruku. Ellam avan seyal and arasaatchi ah copy adikura maatri iruku,1,tanglish
mokka teaser ithuku en paa ivaloo alapara,1,tanglish
loosu punda mari irukda   ajithu punda     siva,1,tanglish
Indha pongal thaliva oda perladhan idhu pakka,0,tanglish
Vijay sethupathi neenga VIJAY Illa vijay sethupathiyave pannunga.Vijay trend ungalukku set agadhu.,1,tanglish
Enaku vijay a putikathu  anaa  Vijay sethupathi ya thavira evanayum putikathu massss  vs ..,1,tanglish
Manju chechi fan from tamilnadu,0,tanglish
BGM Vera Levelnu solravanga like like,0,tanglish
2:11 ipo enna panaporo  sweet sapda poro,0,tanglish
"Trailer Vera level, especially BGM , ipovachum othukonga Veeram, vivegam ellam kuppa padam nu",1,tanglish
ajith en sunni mayirukku samam avan vide  podathinga,1,tanglish
I'm karnataka KICCHA SUDEEP fan  i love surya sirr OSM teasar,0,tanglish
Omg dnt hv wrd ArunVijayBgm mass,0,tanglish
Telugu actor Sunil (comedian) to hero(Zero)..,1,tanglish
Bat mannavadhu mayiraavadhu ankuttu oram pongada,1,tanglish
Ethana thaana pathalum salikave illa,0,tanglish
"Vanni and Ritika, ethu over da dai!",1,tanglish
Vera Laval #Surya #Anna #NGK,0,tanglish
dai ithu pink remake nu enga elarukum therium......ithu oru comment nu podathengada,1,tanglish
bgm kgf bgm modified mathiri iruku,1,tanglish
Frist day Frist show  Thala dharisanam  Thala + U1 veriyan Nadish,0,tanglish
waste  teaser  ..!   padu  mokai...!,1,tanglish
truly Vera level da thala     neraiya neraiya neraiya neraiya  waiting for NKP & Kaappaan,0,tanglish
Trailer cut superb pakka hit looking  Surya N.T.R Fan from Telangana hyderabad  🤙,0,tanglish
Movie pathutu inga varavangalam like podu,0,tanglish
Election ku muthal release aaki irukanum. Pattaya kilapi irukum,0,tanglish
Bairavaa is a flop movie daaa,1,tanglish
DSP bad music Harris jayaraj super,0,tanglish
dai facea pattha dheepa mathiri irukkuda,1,tanglish
At least 1m likes in 24hrs,0,tanglish
I'm THALA Fan Teaser Romba Nalla Irukku Surya Sir Romba Nalaikki Appram Deferent Lookla Pakkuren All The Best Surya Sir #THALA_Fans,0,tanglish
Anna.....MASS....HIT ADDIKUM....ANNA PADAM.....WAITING LA....ERUKOM.....PADATHA SUMMA THERIKKA VEDROM ANNA....NALLA KARUTHA SONNA DIRECTOR ANNNAKU VAZLTHUKAL,0,tanglish
26k dislikers  better consult doctor,0,tanglish
#STR & RAHMAN  HOSSANA & THALLIPOGATHEY &   NOW ???????,0,tanglish
Politicians naala than namma naadae ipdi iruku... avanga than yarayum olunga vela paaka vidala.. including police..  suppose nalla thought oda yaarachum politics ku vanthaal.. onnu oda solluvanga... suppose odalana.. odukki ukkaara vechiruvanga... avanga apdi irukra varaikum... (nengalae yosichikonga).,1,tanglish
Ultimate trio - Rajni vs Vijay Sethupathi vs Nawazuddin,0,tanglish
School competition la vara speech maadhiri irukkuda,0,tanglish
jan 10 dhaan engalukku new year.,0,tanglish
Ithu Oru Movie Yaa Pakkum Poothu Sirappu ithu Oru Nalla Movie Yaa irukkum  ingaa Pollachiilaa Palaa Pengalaa  Rape And Vedio Eduthaa Naaingalam Enna Caste Nu Theriumaa Anga Pala Pengalidam Kathal Nadakam Aadi rape Panni Vedio Edutha Naigalaa  Entha Caste Karanu Theriumaa ???????????? Ithaa Kelvi Anaithu Saathikarandayum Naan Kekkuran??????,1,tanglish
Thalaivaaaaaaaaaaaa....... unney Marupadiyum ....Adthy stylil ......Kondattaammmmmthannn,0,tanglish
Pakka mass package semma bgm again hit like agni nachathiram.....semma Mani sir,0,tanglish
Yethuku da trailer athuku full movie ah upload pannirukalam illa 🤣,0,tanglish
Super Star.nu kooda Paakaama Vachi Senjirukaanugaley..,1,tanglish
Karthi oru rakshyum ella..... Fight ellam vere level..,1,tanglish
Make it 20 million views and 600 k likes Tmrw ...,0,tanglish
She is looking like laughing budha,1,tanglish
just 1 min 10k views wow,0,tanglish
Yaruya ivaaru  ipdi mass katraru,0,tanglish
FDFS  yarellam Ticket  book panitinga?,0,tanglish
"Sema saw...1.chinna vayasula oru yerila kulipom la anga polam, nama nadanthu porathu than antha yeri. 2.Nan arasiyaluku varuvathu uruthi",0,tanglish
ahhhhhhhh...varalam varalam va bairavaaaa.......alluthu....alluthu....congratulations  vj anna&team,0,tanglish
Kaithi -  like  Kaidhi- comment,0,tanglish
Akshay Kumar role ah sivakumar rukku kuduthurukalam,0,tanglish
End card semma    rajini kanth,0,tanglish
Ena pa.. Sollama kollama... Posukunu release pannittinga...,1,tanglish
3.0 vantha suntv ya produce panna sollunga nala irukum lyca ku promotion pannava therila,1,tanglish
Aaila Samosa 🤤 aur Green Annabella  🤪 in one teaser,0,tanglish
Ethir pathatha vida Pala madangu semmaya iruku periya sambavam iruku dec20 thailaivaaaaaa sk,1,tanglish
My dr thala un pugal ooangi nirkum  un pugalin utchathai ine evanalum adaya mudiyadhu..  owzm thala love u,0,tanglish
Thala thala adhan Nan idha Mari Oru formation yerdhirpakkala  Undoubtedly this will be better than James bond movies innum neriya padam ippadi pannum nu aasa paduren  Muikyama note : Nan thalapathy fan na irudhalum wait panni pathu irukan   I love you thala indha padam kandipa vettri adaiyum unga fans irukanga  Yennoda thala fans nanbargal idhu ungal rendu varsham  waiting ku seriyala thala briyani treat Pola indha padam virudhu miss panndhinga I definitely go first day first show,0,tanglish
Thala trailer A Vera level a iruka,0,tanglish
yenth koora padam aadai. chuma verum koora pattum vech...  shit song,1,tanglish
Super massssss  massssss na Goosebumps,0,tanglish
Enpt  kuda release aidichi Idhu innum release agala,0,tanglish
Our sirappaana taramaana movie book panna poram,0,tanglish
Ticket book panniyachu  petta Pongal Perak,0,tanglish
No varthuda Mass thalayda visvasam Peta out,1,tanglish
varlam vaa varlam vaa ena car ellana bus reverse pakkurana.enna bgm athae worst punch dialogue I'm waiting poi therla appidathan pesikiranga.ethallam eppidithan vijay fans like pandranunka therla,1,tanglish
"Yaru enna sonalum anabavae iruppom,suriya",0,tanglish
Mirchi shiva nu nenachuten da first,0,tanglish
"Hindi la amitabku fight illa, Tamil Ajith ku la fight irruku",0,tanglish
Surya anna bayangarama acting anna vera level tha iruku na teaser,0,tanglish
"Kadaisi varaikkum saathi, saathi nu solliye, naasama ponga da.  Chai..",0,tanglish
Super suriya Anna...............let's   August ...,0,tanglish
2:19 - evanda dhanush udambula rajini face morph pannathu.....,1,tanglish
1. Rajini sir PETTA 2.Ajit kumar VISWAMA 3.Ram charan  VVR (UNNAMED)      Relesing on same day🤔  Big clash,0,tanglish
Anyone thinking surya got dual role,0,tanglish
entha Mari ponnugaluku ella enthamaritha nadakum...    thala: appadi ellam nadakathu nadakavum kuda thu.... seruppadi,1,tanglish
"Prakash Raj - 00:11  Aditi Rao - 00:19 Thiyagarajan - 00:23 Aravind Samy - 00:26 Jo - 00:39,00:57  Arun Vijay - 00:44 Aishwarya Rajesh : 00:48  STR - 01:05  Jayasudha - 01:14 Vj Sethupathi - 01:38",0,tanglish
Kekka Bekka short film ah bro,0,tanglish
Surviva is best song I listen ever,0,tanglish
Semma semma semma semma semma ...my hero Vijay sedhubadhi......,0,tanglish
Kajal a vida samyuktha azhaga irukaanga Anyways jayam Ravi super,0,tanglish
enna buy-rava ku music poda sonna ivan Yennai Arindhaal BGM copy adichi vachirukan??,1,tanglish
Ngk reel la nijathula ntk daaaa,1,tanglish
Sirapaana tharamaana sambavangala inimae dhan paka poringa,0,tanglish
Its going to be Rajni’s Kochadaiyaan 🤣,1,tanglish
Enga enaku trailer ra puriyala. Ethachum miss pandrana?,0,tanglish
Yarellaam  Padam super ra irukkum nu nenaikiringa . Yenna mathiri,0,tanglish
Padam block buster ippovae unga dairy la ezhudhi vechikonga makalae,0,tanglish
seriya vara mathiri theriyalaye.. ore confusion ah irruku,0,tanglish
As Neelambari said In Padayappa Vayasu analo un  Stylum azhagum Une Vittu Pogala,0,tanglish
Oatha the diya payya red background la black text oru pundayum purila arivu Iruka Da unaku konjamavadhu vaithuku soru dhana Da thindra paithikara koodhi,1,tanglish
Makkal selvan fans hit like,0,tanglish
Mass trailer paaa after bigil manasa tottu aollungha,1,tanglish
1:30 PUBG la loot adikravana sudra mathri irukuj,1,tanglish
Why 62k did like bull shits,1,tanglish
Semma mass I love u ajith sir,0,tanglish
so bollywood is 70 years behind hollywood?,0,tanglish
Jai super star Rajinikanth sir Akshay Kumar sir and the genius Shankar sir,0,tanglish
Thalaivaa..... Love uno words hyo paaaah🤩🤘,0,tanglish
Edhuku apromadhu nalla story ah choose panni nadinga market paathi poiruchi,1,tanglish
Jayam after wkup 16 years.. Deii boologam hitt ah.. Cooomali 2,0,tanglish
Bat man  trailer patamari iruku,1,tanglish
"Podo thakida thakida, semma semma, waiting....",0,tanglish
More than 50 times viewrers liked,0,tanglish
Ellam ok vera lvl dhaan....akshay kumar voice dhaan pa....cartoon type villain voice...otherwise....trailer is international.,1,tanglish
Nadaga kathal kumbalai adiyodu alikka vendum,1,tanglish
Thala na maass mattum illa pure class's tooo,0,tanglish
Pakka Hollywood style ...... Mohanlal boys,0,tanglish
Like kaithi cmnt bigil indha maari cmnt paatha skip panidunga pa,1,tanglish
enna manusan ya nee  nee nadikanda award unakkuthan  vetty maran sir super  waiting for fdfs,0,tanglish
Thala pola varuma enga thala pola varuma  Thala pola varuma Thala pola varuma,0,tanglish
Thalaaaaaaa waitting to see u on screeeeeeeennnnnnnnn,0,tanglish
Izu vijay'da trailer'aaha irunda 30 millions aahi irukkum Ajith vayathu jaasthi aichu Adudda padaththilaavazu ilamaya nadichcha nalla irukkum,0,tanglish
Can I get 100 likes I haven't gotten one single one before,0,tanglish
finishing Vera level ..நான் அரசியல் வருவேன்,0,tanglish
"OMG THIS IS RELEASED IN MAY 27, 2017 WHO HAVE WATCHED DHILUKKU DHUDU 2 PLS HIT LIKE",0,tanglish
Senguthar mudhaliyar saarbaga na intha padathirku aadharikiren,0,tanglish
Andhadhun remake maadhiri irukku.. Dei mysskin,1,tanglish
"Padam vetri pere valtukal from dhanus sir,vetrimaran sir n gvp sir FANS in MALAYSIA",0,tanglish
deiiii ithu kabali ah vida massdowww,0,tanglish
I like vijay sethupathi look very nice,0,tanglish
சிறப்பான தரமான sambavatha inimey than namma paarka porom,0,tanglish
Super Shankar Sir Rajanikanth Sir All The Best Movie Team Waiting Movie From Pawankalyan Fans,0,tanglish
Pink movie remake but lets see....🤩   ok,0,tanglish
Movie pathathuku apuram kuda trailer paka thonuthupa,0,tanglish
Love from Telangana die hard fans,0,tanglish
Paravala ya hiphop tamizha vum nalla dha nadikkiraru... Nu nenaikravanga ella Inga like podunga..,0,tanglish
Mokka. Pink film ah kevalapadithotan Ajith,1,tanglish
Tha 4 nimishathula 10 k likes thala,0,tanglish
Pink movie remake but still good.,0,tanglish
Why Santosh narayan didn't make music to karthik subbaraj,0,tanglish
Teaser ah vidama trailer ah vittutaga🤩🤩🤩🤩🤩,0,tanglish
Ithala LIKE panra LEVEL la onnum illayeee.....!,0,tanglish
Kaithi ye ipdi na... Thalabathi 64,1,tanglish
yennai arindhal movie ya apdiye copy adichutu scene punda podringala???,1,tanglish
"ayan, mattran, now kappan.  kv anand Nalla iyakkunar",0,tanglish
kola mass Trailer....   by vj fan,0,tanglish
Enna da panni vachurukinka onnume puriya maataikuthu,0,tanglish
Na Kooda Romba Periya Projectunu nenachan...indha Storykku suryava vida Dhanush Better Ah irundhurparu... Selvaraghavan...aduthu Pudhupettai 2 Than.,1,tanglish
Final ending vere level troll🤣🤣🤣🤣🤣..Naan arasiyalku varuvathu uruthi...,0,tanglish
Atlee be like :- naa eduka vendiya padam ..🤣 thuppakki sathiyan template,0,tanglish
Glitchy  mokka vfx... Idhuka டா 600 கோடி... 🤣🤣🤣🤣🤣🤣,1,tanglish
190k likes in 3days itha break panna oruthan porakanum,0,tanglish
where is going tamil cinema  yennamma ippadi panreengalema,1,tanglish
Funny Teaserrrrr Comedya iruku suriya semma comedy dialogue pesirukapla chancea illa avar herova aprm semma comediyana kuda irukan teaser kevalama iruku,1,tanglish
Ellam kaapaan trailer thiripi paarunga paa,0,tanglish
tamil cinemaoda amithabachchan  ..... jivaaaaa....  verythanama irukku....,0,tanglish
Thala time agiduchi kannu eriyuthu tomorrow vanthu ungalai parkkiren Thala I love you,0,tanglish
virtual reality la uta naangalum veetlayey 3d la papom la !!!!!!!!,0,tanglish
Dae 6pm kula 1m likes kondu varanumm,0,tanglish
BGM pichalll pataaa pataaa Awesome music vere level maaassss marana maaassssssJai #Suriya pakkaa Blockbuster,0,tanglish
ok but.......over speed....vandi mattume odavettu teaser koduthuttanga.....ioooo,1,tanglish
Dai  nee vijay ajith padam paathu tha sirikanunum avasimaye ila  theatre ku vanthu un padatha paathu kevalama sirichitu porom iru 🤬,1,tanglish
Sai sai  TRAILER mokkaya ya irukku....,1,tanglish
panggaaligala 2 million likes varanum innum vegama like ah therika vidunka,0,tanglish
Se...Ya erkku terser. S3 Super teaser,1,tanglish
Pasi naala pala kozhanthainga saaguraanga.... Human trafficking la saaguraanga..... Pinchu pinchu kozhanthainga Pichai edukka Vida pandraanga.... Ithukku theervu thara yethana vazhi miraigala sollunga karuthukkal sollunga muyarchi pannunga....,0,tanglish
Thala masssss da marana massss waiting thala,0,tanglish
0:39 First kuninju nikkirathu yaar? Enaku ennamoo avaraa irukkumooo....  Ennada panni vachurukkinga..,1,tanglish
Dislike podura alavaku intha trailer yathum illa so 🤩,1,tanglish
petta Pongal nu solravanga la hit like,0,tanglish
Vera level dialogues thala Vera level,0,tanglish
villain yaru?? ...not vivek oberoi then??,0,tanglish
Thalaiva pinita...Trailer ee repeated mode da dei....veral level...#JayamRavi #HiphopTamizha...,0,tanglish
Thalapathy padam pakratha illa Thalapathy 64 director padatha pakratha,1,tanglish
@0:54 verithanam.....  engeyoo poitaangaaaa. thaaaru maaaru . verithanaathin ucha kattam .,0,tanglish
Kelatu thevidiya paiya pulla tha poratanu punda mavane,1,tanglish
Iam a surya fan.. trailer semma ya irukku. All tha best,0,tanglish
ow wow super maaaaaass waiting i'am  for     s s m sooooper,0,tanglish
Vera 11  thala.....i lv u,0,tanglish
Rajini sir looking semma fresh.......,0,tanglish
Evalo vaatti paarthalum 11M views mela earamatinga they,1,tanglish
Mirandutan da dei. Vera level bgm,0,tanglish
Ipa vara padamla vivasayam pathi varudhu ellam trend aachi,1,tanglish
saaho veta kammi views poi iruku,1,tanglish
Hero trailer semme ji  Mugammudi jeeva movie mathiri sothepiratingge,1,tanglish
Kurumavalavan and pa.ranjith thooku potu savungada,1,tanglish
Lite ah dark Knight vaada varudhu??,1,tanglish
Super ji... Super ji... Super ji...,0,tanglish
But did not beat sarkar vijay is best,1,tanglish
Enna Da Hindi a paarthu trailer I kooda copy adichi irukaanunga,1,tanglish
(Mugamoodi) x (kanithan) = hero (-) x (+) =(-),1,tanglish
NGK odalanu odaney...kaapan vanthu kapathuraro??? Parpomm... Mersal+viswaroopam Mari irukumo!!! Let's wait and see..,0,tanglish
Pangaligala 1.5m likes target soninga enna aachu,1,tanglish
Thale fans made like button blue,0,tanglish
Appadilam nadakathu .nadaka kudathuThala vera level,0,tanglish
EAGERLY WAITING FOR YUVAN'S MAGICAL MUSIC,0,tanglish
"Ithu 10M varathukkula , azhaporan tamizhan 20M reach agidum... Lalalalaalaa..",0,tanglish
super super super super super super super movie i love you vijay,0,tanglish
Must listen 1.56  purinjavan paruppu..,0,tanglish
Thala thala pesunaa anilu ammaiyan vjmaaa Ku tharama sembavam irrukku daaaa anilu Vick sorry kotte pathy,1,tanglish
2019 soaldra mathri nerya padam varala... Intha movie dispoint panathu ninaikuran,1,tanglish
Different genre la thala.... Thala kaana mass - trailer climax la....YSR ... idhu mela enna venum...,0,tanglish
Thala vera leval Thalaya Vella evanum illa,0,tanglish
Nan arasiyal luku varuvathu uruthi .yai yara yamathura ithu 1996,1,tanglish
Sivakarthikeyan en inum velaikkaran movie la pesna mariye pesringa,1,tanglish
Vj sethupathi Anna mass  .bgm kola massssssss,1,tanglish
How many vijay movie we will see same like this.wastu,0,tanglish
Enagada ipdi padathula marana katu katirukinga,1,tanglish
Ayoo intha padamu flop aaidum polaye. Surya Anna ungaluku suit aara padatha nadinganaa. Manga support panrom.  - from Surya fan,1,tanglish
Kaithi vera level Karthi anna Yepovamaa mass,0,tanglish
Csk csk csk nu kaathura maathiri iruku....,1,tanglish
Hits #100k likes  Im waiting for #1m likes,0,tanglish
film paan sih anying napa trend di indo?,0,tanglish
Dhanush annanuiku national award ready pannuinka,0,tanglish
THALA na summa va THALA da,0,tanglish
Innaikku teaser paakka vanthu appudiye cmts padikka vanthavanga yellam olunga like potutu ponga,0,tanglish
Kappan teaser nalairuku but hit aaguma illaya nu therila,1,tanglish
Thala always great I m marana waiting,0,tanglish
Antha 43 k dislike Vijay fan ha than Da erupan,1,tanglish
Ellam ok last ya yen kaththi theme music  pottanganu terila,1,tanglish
neraya neraya neraya neraya neraya neraya powerful voice.,0,tanglish
Most Awaited Movie ??? 1 2.0 Likeeee  2 Sarkar Comment,0,tanglish
804k likes sikram 1million like kondu vanga  thala fans,0,tanglish
Mokka pundaiyaatum irukku teaser...floppu daa umbigala.,1,tanglish
Idhu '96 uh yaara yemathuringa....,0,tanglish
Ena Cut da Ithu...  Mishkin oda Manasa Purinja Editor 🥰,0,tanglish
suyama sinthikiravan thaan superhero.. seruppadi to atlee,1,tanglish
🤩Naan Tamil Cinema Fan... Semma Trailer  #Thala,0,tanglish
Vishvasam trailer pathutu thirumba Itha pakuravanga like pannunga,0,tanglish
Enga Annan palaya form ku vandhuttaru. Surya fans.,0,tanglish
Vikram Fan's Anna unga Movie ku Waiting,0,tanglish
Enna siva karthikayan bro eppadi pannitingala,1,tanglish
First vaniyarugu you tube channel uruvaguga!!!,0,tanglish
"Vaiyusa achule,adete2 un pullengele nadike veiyinge sir..",1,tanglish
Thala semma cute ah alaka irukaru,0,tanglish
I like karthick subburaj......direction...... karthick subburaj gets rocks,0,tanglish
Siva anna super BEST OF LUCK,0,tanglish
Manju waarier looks like devashena u feel it guys,0,tanglish
Dislike ...for rajini kaga .. trailer Nalla iruku..,1,tanglish
Oruthar meala viswasam katura naala inu oruthara yen asinga paduthuringa thala vera level,0,tanglish
500 thadave ki melle pathavange like bodunge,0,tanglish
*** samugam sarbaga nu sollitu poravan la oru oombu oombitu poonga,1,tanglish
Dei thalaivaru direct huh vae vechi senchitangalae da,1,tanglish
I'm thala fan ...but I luv suriya anna....movie eppa pa release panniviga,0,tanglish
Kandipa hittu jayam ravi mass...... Waiting,0,tanglish
.35 sec enna da marvel copy paste ta..krish movie pola munjula mask..keta hero..,1,tanglish
1hrs la 1.5 M views ku mela poitu,0,tanglish
Intha padam confirm pakkanum 90's kids,0,tanglish
"Looks like Mixing of ANDHADHUN,Ratsasan and joker",0,tanglish
THALA with Yuvan Shankar raja marana masss bgm therikkuthu...... ......,0,tanglish
ENGLISH COMMENT U R LOOKING FOR,0,tanglish
Climax Bangam idhu 96 Na Namba Mata,1,tanglish
1:55 seruppadi to all fans,1,tanglish
Thalaivaruku vayasu ayuiduchunu Sona vanla itha nala pathuko saithiama solran adichi undeeware oda vitu divan ....,0,tanglish
Sema mass #THALA vera level,0,tanglish
STR fans like button aa therika vidunga,0,tanglish
Petta film blockbuster hit plzzzz like here,0,tanglish
Yarru ematringai idhu 96...appa 20 yrs orai dialogue dha poyitirka...appa nangadha comaliya,1,tanglish
Naan vijay fan than but Intha trailer Pakka mass,0,tanglish
Romba naal ku apram tamil cinema la urupidiya oru padam vara poguthu nu ninaikiravunga like podunga,0,tanglish
Varlan varlan va varlan va Bhairava,0,tanglish
Sathiyama soldran.. Adichu underwearoda Oda vituruvan.. Maanam poirum.. Idhu yaruko Soldra madhri iruku..,1,tanglish
1:19 yov TEEJAY nee inga enna yaa panra,0,tanglish
yenpa Hari kathu  kuinunu kekuthuthula,1,tanglish
Good to see navadeep bro in Tamil,0,tanglish
I am the chiyaan fan ta,0,tanglish
Sema mass vanniyar daa thanks na,0,tanglish
Don't breath Remake nu sonavanuga ellam line la va .. !!,1,tanglish
Va Thalaiva va Thalaiva pandithevarin valthukkal,0,tanglish
Climax matum correct taa irukanum mve laa,0,tanglish
Mokka  Hindi movieya apadiye remake pannirukan Avlo worth illa mokka than,1,tanglish
makkal selvan vijay sethupathi fans hit like,0,tanglish
That vijay smile... Rajini sir kudos,1,tanglish
Varam Varam varra padathula hero heroine illama kooda padam varudhu but yogi babu illama padam varudhu illa pa,0,tanglish
Ajith last aha sonna varthai mattum supprrr,0,tanglish
Please kaappaanla naddippin nayagan suriya nu podunga,0,tanglish
Vera vera vera vera vera brooooo,0,tanglish
"Enga Appa military da,Oodi vilayadava soli thervangadaa",1,tanglish
Podunga sir ivana pudichi jail la podunga sir,1,tanglish
"Kamal kandanam therivicharnu intha rajini 96 scene eh movie la irunthu delete panna, sarkar pada prechanai appo karuthu suthanduram pathi pesana yaarukum ini atha pathi pesa thaguthi illanu thaan artham.",1,tanglish
Semma finally meesai ya murukkikittu Madurai getup semma thoranai thalaiva waiting,0,tanglish
Jayam ravi acting super.kajal aggarwal so beautiful,0,tanglish
What did you say....? THALA VERITHANAM,0,tanglish
Konjam othugi iruu illa paathungi iruu varathu Thalaivaruu...Petta Paaraaakkkkk ......,1,tanglish
"Thalaivar matum tha , petta paraaaaaak",0,tanglish
Gommala vaaa thaliva neee vaaa thalaiva,1,tanglish
Mute seidhu paarungal..pongal trailerai kondadungal..tharumaaru thalaivar,0,tanglish
Kola kandula irukan movanaeee kollama Vida matan,1,tanglish
Arun vijay and sethupathy looks stunning,0,tanglish
Oru vela intha movie electionku munnadi release aagi irruntha periya change irrunthu irrukum,0,tanglish
Naanga ujirukkujira viswasam kaadduravanukkaandi jaarajum asinkavum paduththuvam athukku mealajum seivam okya,1,tanglish
Vera leval'' trailer aana oorey oru kora TN ELECTION KU munnadie vanthurukkalam...padameyy,1,tanglish
Ithukku mela avaruku oru avamanam thevaya??? purinchavan pista. Like potu sollu Machi.,1,tanglish
Bigil trailer wait pandravanga like ppdunga,0,tanglish
First show kandipa poiruvean suriya..ungala pakka romba happya irukean,0,tanglish
Maranam massu maranam Toughu tharanum Adhukku avan thaan Porandhu varanum = Rajini   LHS = RHS  Hence proved.,0,tanglish
Yuvan bgm sema thala super look,0,tanglish
Padam cetri pera valthukkal by kamalhasan fans,0,tanglish
Indha padathukku  dislike poduravanga Manisa jenmamay illa,1,tanglish
Ennada mairu madiri iruku trailer. Kadavule,1,tanglish
Idhu Malayalam la mamooty Padam Maari iruke!,1,tanglish
Trailer ok but movie marana mokkkka,0,tanglish
Enga ooru pakkam thaa Shooting Etuthaanga,0,tanglish
Namaku thevai anatha namma thaan adichu vaanganum,1,tanglish
deiiiiiii trailer vanthu 1Y ayiruchchi Ana padam innum varala,1,tanglish
Yaru la Twitter la Dhanush Anna Page la iruthu trailer pakuravanga like here  🤞,0,tanglish
Romba nalaiku apro na edhirpaarthamaadhri padam,0,tanglish
yen 482k likes laye nikkuthu avlothana ellam fastah like pannunga,1,tanglish
Ithu Ena BigBoss promo va da like comment nu vilayaditu irukinga 🤣🤣,1,tanglish
Interesting story line. Final dialogue sema. 20yrs rajni same dialogue,0,tanglish
HIP HOP FANS HIT LIKE,0,tanglish
Nee ipdiye pannitu urupudama poga pora jiiva,0,tanglish
Idu 96 yara yematha pakuringa sema,0,tanglish
Wow surya sir vara level....ithuk mela theriyo surya sir is game is start....ngk kaapan soorarai pottru...sema sema,0,tanglish
Just 280 k likes Need for 1 M Likes...!!! MAKE IT SIMPLE,0,tanglish
Yaarelam Vijay Sethupathikaga trailer paaka vanthinga Hit Like,0,tanglish
"Thalli ninnu yaaraiyo paarkura maadhiri unnai parthen, Romba Azhaga Therinja!...🥰 semma feeling...",0,tanglish
Aiyoo vera leval  thalaaa mass.,0,tanglish
kola gagdla irruken....magane kollama vida matten.....Badsha 2.....,1,tanglish
complete mass trailer Vera level pantanga,0,tanglish
I love you so much thala samaaaa,0,tanglish
Surya fans hit  like here,0,tanglish
ethu  than  surya annna.,0,tanglish
3 min a 300k views omg !!!,0,tanglish
theri  ka vedanum thalaiva i am very happy,0,tanglish
Idhu  padam da ommla enna padam da i saw 2 shows back to back vera level,1,tanglish
Sundra pandiyan la paatha maaariyae illa,1,tanglish
Aruvi - solvethalam unmai  Vaazh - neeya naana,0,tanglish
1:46 WORST PHOTOSHOP EVER :D :D :D,1,tanglish
Yeanaku trailer. Pidichuruku nanu yeanoda frendsoda poi papa,0,tanglish
Superb Shankar and super star rocks,0,tanglish
Vera leval sk going to next stop ...,0,tanglish
What a story osm  from Karnataka Bengakuru,0,tanglish
Thalaa daa...i dono its kollywood or hollywood...  #rage,0,tanglish
Unmaiya sonal sila perku ingae kasakum..kathal endra peyaril arasyial pani. Katapanchayathu pani kasu pudugum thirumavin vsk group ku nalla oru serpu adi punch.,0,tanglish
Teaser veralvl la erukunu solravanga like pannuga,0,tanglish
Naloru movie ya(PINK) re-make panni nasam paneeta...,1,tanglish
waiting for kalyani priyadharsan's kollywood entry  :),1,tanglish
Oruthar meethu visuvasam katurathuku.. inoruthara asinga paduthuringaleeeeee... Thala mass dialogue...,0,tanglish
trailer semmma by super star fanzzz,0,tanglish
VA thala semma mass thala ne,0,tanglish
Ithavathu kappathuma...  Evalavo naalachu oru hit kedachittu....,0,tanglish
My illya super star Dhanush Anna Vara level,0,tanglish
yen yedhir la irukanvanga thaa mudivu pananum semma,0,tanglish
2K idhu 2016  Idhu 1996 yaara yemathuringa ...  Naanga 90s kids .,1,tanglish
all d best from all #suriyaa anna fanss,0,tanglish
3 days..nkp still trending no 1,0,tanglish
Sila Parathesinga Ivan fan like podu Avanga Fan Like Podunga nu solluthunga.... Ethukkune Therilaye.... Arive Illaya Ungalukkellam.... Intha Teaser kum Nenga Podura Cmnt kum Ennada Sambantham....,1,tanglish
Ennada ivlo mokkathanama iruku padam Doubtan so sad en thalaivana asinga padutharamari iruku,1,tanglish
Ineme vanniya ponna pakka kooda yosichi pakkanum,0,tanglish
adangamaru Tik Tik Tik  a thookki saapuduuttu comali trailer marana maas,0,tanglish
02:02 antha rajinikanth speech 31/12/2017 aana jeyam ravi 2016 la irukaaru athu eppadi 🤔🤔,1,tanglish
Shankar - Superstar Star Rajnikanth combo Industry Hit,0,tanglish
Which is ur Fav???  NGK OR KAAPPAAN??,0,tanglish
Marana mass intha ajith vijay eppo ipadi nadipanga?,1,tanglish
yogi B you are superb,0,tanglish
dislike potavanlam..... Setthuru..... summava Bigil team late release ku paechu vaarthai nadathinaanga... Trailer therkidhu.. Sure shot saravedi,1,tanglish
unmaiyana love ah yarum ethirkkamattanga......penkalai nadagamaadi kadhal seithal yaraum vitamatanga,0,tanglish
"Nivetha pethuraj , vijay sethupathi best jodi.",0,tanglish
Iwanallam yaar wantha act panna sonna...  kilattu punda maathri irukan..  ithallam paarkanumda naan uyirodu irukan🤫🤫🤫🤣🤗,1,tanglish
Tuuuuu kevalam kandrAvi kelatu punde dhala ammave okke,1,tanglish
Rajini ithuvarikum Tamil makkaluku enna pannaru...???Tamil makkala inimeyavathu thirunthunga.. rajini pinnadi pogathinga.....,1,tanglish
Trailer kand moonji teaser kaanan vannavar like adikk,0,tanglish
Indha rolea thala attempt pannadhuke oru periya kudos.. - Thalapathy fan,1,tanglish
Jeyam Ravi yogi babu FEAST Ku yaarlam WAITING?,0,tanglish
"Rocking Trailer.... Welcome Thalaaaaaaaaaaaaaaaaaaaaaaaaaaaaaaaaaaaaaaaaaaaaaaaaaaaaaaaa........   Hater: Engaluku ena sollaney therila, Thala Fans: ..........Coffee solunga :)",0,tanglish
Deiiii  ennada panni vachi irukeenga .....,1,tanglish
Antha alavuku elam onum ela nu nenaikuravanga like panunga.,1,tanglish
Vere Level one... Annan,0,tanglish
"Aanmaiyai patri velakkenne maathiri pesiya ilayaraja avargale,,, Ippe engge ponnuce ungge sontha music??? VM kitte sollevaa???  Ippadikku  Un magan yuvanode theevera rasigan",1,tanglish
Arun VijayArun VijayArun VijayArun VijayArun VijayArun VijayArun VijayArun VijayArun VijayArun VijayArun VijayArun VijayArun VijayArun VijayArun VijayArun VijayArun VijayArun VijayArun VijayArun VijayArun VijayArun VijayArun VijayArun VijayArun VijayArun VijayArun VijayArun VijayArun VijayArun VijayArun VijayArun VijayArun VijayArun VijayArun VijayArun VijayArun VijayArun VijayArun VijayArun VijayArun VijayArun VijayArun VijayArun VijayArun VijayArun VijayArun VijayArun Vijay    My Victor is back,0,tanglish
wowwwwwwww soooooooooooo cuteeeeeeee bro semmaaaaa teaser,0,tanglish
Adei.. stop begging for likes... Idiots..,1,tanglish
romba naal Ethir partha padam daaaa parkkum pothe goosebumps aguthu....,0,tanglish
Antha alauku illa.... padam varatum tamil rackers la pathutu soluren....,1,tanglish
Inime Vijay Fansku Zoomaka Zoo Than,1,tanglish
Adei......ithu Enna da .....maarikitte irukinga ....appo....,1,tanglish
I M Vijay Fan But Vivagam surviva is Best Momenent  in Tamil cinemaaa,0,tanglish
Jan 10th release pani asinga pada poringa,0,tanglish
kangana you are so talented,0,tanglish
Padam flap nu solravange like pannunga,1,tanglish
Ungaluku naatu mela paithiyam na ennaku unga mela paithiyam,0,tanglish
"23k dislikes in thatha fan,visay fans,elumban fans vikram fans sombu fans",1,tanglish
Enna pa title ithu. Kaappan kaakka matan nu,1,tanglish
Sha ra - Mama of kollywood,0,tanglish
Intha trailer ku dislike pottavan rattham kakki savan,1,tanglish
Thala Thalapathi rendu perumeva dai dai aathi,1,tanglish
hiii suriya nayakan i am S3 1500 time  watching ready thanks i am tamilnadu suriya fan,0,tanglish
Waiting for ngk by Mammookka andd vijay fans kerala,0,tanglish
Hollywood level trailer handsome hunk vikram,0,tanglish
Intha padathula 2 smile iruku  different type of smile  that is  ajith sonna dialouge ஒருத்தவங்க மேல உள்ள விசுவாசத்தினாலே மத்தவங்கள அசிங்கப்படுத்தாதீங்க,1,tanglish
"Intha kramathula yaaru varanum,yaru kaalvaikkanumngratha naangathaanda mudivu pannanum",1,tanglish
subtitle illama patha korean moviee,1,tanglish
Ena raja sir Nengalum music thiruduringale intha music django unchained padathula vara music,1,tanglish
Sk on fire.... SK fans like bere,0,tanglish
Adimainga ellam onnukoodittangala... paappanoda adimaingalukke ivvalavu thunichalna avanoda ethirikku eppudi irukkum,1,tanglish
ஒரே ஒரு Trailorதா ... கெழவனோட Total அரசியல் image Close..!!,1,tanglish
Really enjoyed ipotha thalaivaroda style nakkal ellathyum romba naaaluku aprm pakarom,0,tanglish
Sema yeppa release date soluga bro,0,tanglish
GV Sir BGM Bayangaram Vera Level Sir,0,tanglish
Ilaya super star fans kitta irundhu valthugal !!!🤓,0,tanglish
paa Enna trailer padam kandipa blockbuster,0,tanglish
Suriya Anna go to next level,0,tanglish
Rajni reference use panni ethanayo per pozhachirukanga. Neengalum pozhachitu ponga.,1,tanglish
Yow YUVAN therikka vittaru ba.. !!!,0,tanglish
Dei Yappa munjha paarthu Sirichu Sirichu vayiru vazhikuthu 🤣,1,tanglish
Intha commend section la vara comments la ketkum bothu .....sirippa irukku.....  2020 la community ya perukku munnadi vachi perumai padura .....jaadhi veri konda naaikal......fuck off da.....,1,tanglish
Next flop Ku ready aidich..petta 70 vayasu aich pooi rest edu...nankalum unmela kola veriyoda irukkom...,1,tanglish
Indha jadhi ponelam kalyanam panakudadhunu soldradhu thappu..aana indha jadhi ponadhan kalyanam pananum soldradha adhavida mega periya thavaru...enai pol sadhiyai verupavan..ipadathaiyum adarikurean..anal jadhiyin adipadai illa..manidhan sila echaigal seiran avanai edhirthu samaniyanin kural iruku..padam vetri pera valthukal,0,tanglish
Looking so young thalaiva  Always masssss,0,tanglish
Vani bhojan fans hit like here,0,tanglish
The last look looked so animated jeez,0,tanglish
Al ameen naa anith fan en id ku txt pannu ambala ya irndha,1,tanglish
Ipo Irumbu Kottai Murattu Singam Oru time paakkanum nu thonuthu,0,tanglish
All I understood from this video was Vikram likes Dosai..,1,tanglish
Court la ippadi la katha koodathu mr vandu murugan,1,tanglish
Bgm inspector gadget maathiri iruku 🤔,1,tanglish
Ngk selva sir and u1 sir Surya sir🤩🤩,0,tanglish
ajithkumar ippathan visuvasam padathappa un rasigargal romba kevalama nadanthukittanga puriyutha control pannunga illana ungamela ulla maryathai poidum pls ajithkumar,1,tanglish
Oru trailer  kulla ithana genre da,0,tanglish
"Ellarum onna irundhanga, awarness create panrengra per la oru padam eduthu ippo comment section fulla jaadhi Peru solli pirinju kedakkaranga. Indha padam Thappana eduthu kaata illama irundha seri.",0,tanglish
Ppa semma evlo pathalum pakka pakka pathgitte irokkonum pole thonidu,0,tanglish
"Mani to fans - Vandha Raja'va dhn varuven, Rajava vandha raja ku nooru dhosthu",0,tanglish
Padam romba amaidiya irukumpola  Paawam ajith,0,tanglish
Just like Ram Charan’s Rangastalam movie .,0,tanglish
"Low budget superhero , Batman nu nanapu 🤣",1,tanglish
Who is favourite  Like :- kangana   Comment :- Priyanka,0,tanglish
Dai manasaatchi illama dislike pandringale da.....Proud Tamil movie da vennaigala,1,tanglish
nan thalapaty fan..ana enaku thalayum pidikum,0,tanglish
Ngk movie releaseku munnadi ngk trailer paakavandhavanga like this,0,tanglish
செம. Srilankan Tamil fans oru 'O' poadu.,0,tanglish
theringe edhuri kenna theriyade edhuri ku dha allu adhigama iruku...,0,tanglish
Idhu 96 yaara emathuringa aiyyayoo rajini ah kalaichitinga,1,tanglish
Important of movie makkal selvan vjaya gurunadhA sedhubathi,0,tanglish
Surya anna fan ku sema treat.. En thalaivan surya..,0,tanglish
Super hero mass mass selvaragavan & surya mass panurinka.......,0,tanglish
462k likes nearing to 500k likes,0,tanglish
"Kekka bekka short film  theri- vijay, vedhalam - ajith  naan sirithaal  Mersal- Vijay, visuvasam- ajith",1,tanglish
top heros ah vambu ilukra alavuku innu nee periyaal aagala better luck next time,1,tanglish
"Shankar sir u r great ,,,,,,",0,tanglish
Semmmmaaaa masssss ss thalaiva..... Dialogue ella mirattal,0,tanglish
From 0:57 Haris Jayaraj music begins,0,tanglish
12k likes more to hit 500k likes🤩🤩 let's go and let's get it suriya anna fans,0,tanglish
Do or die  Be the best,0,tanglish
Thala Mass Speech  Likes Panunga Comments Panunga,0,tanglish
Online la realse pannu da vijay sethupathi un pattadha,0,tanglish
Awards ellam eduthu veinkada thukitu poga Asuran team varuthu,0,tanglish
Oh rendu pakkamum prachana ilama poreengalo  1:18       2:23,0,tanglish
Thala marturenga Thala     Pakka mass thala,0,tanglish
Oruthar mela viswasam kaaturatgukku innoruthara yen asinga paduthuringa...,1,tanglish
Na Surya fan tan but trailer konjam mokaya irke. Let's wait for movie.,1,tanglish
"Goosebumbs elam varalee ,,, bhayam than varuthu.. suriya sir kadichiruvar pol irukk",0,tanglish
Surya die hard fans like here,0,tanglish
Yarellam jayam ravi tee shirt le shakthi man gavanichinge,0,tanglish
Thalapathiy a kaalacha thapu nu thala jajum kaalachu iruku,0,tanglish
Yan na 40 years ah thalaivarukku opposite innu sonna yellarum ippo kanama poitanga....avungaluke intha nillamai na...nenga la listlayea illa paathukanga.,1,tanglish
marana massssss....   thalaaaaaaa...   #Surya fans...,0,tanglish
its look like same by VEDHALAM. trailer....,0,tanglish
Jhonvi kapoora nadikka vachurukkalam.miss you jhonvi,0,tanglish
Vilaba kula naidu sarbaga intha movie vetripera vazhukkal..,0,tanglish
Orutharu mela irukura viswaasathuku iniruthara yen asinga paduthuringa... Likes for this,0,tanglish
"Yella kathalum naadaga kaathal Ila,Love panra yellaru jaathi paakurathu illa. Jathi paakura yevanum love panrathu ilaa. Oru silarukaanga ottu motha jaathiya pathi thavara padam yedukaravan manusanay ila",0,tanglish
Thala Ajith semmeh in vivegam movie,0,tanglish
Sooooooooooooooooooooooooooooooooooooooooo good. I didn't expect this,1,tanglish
i am a hotel mgt student so excted,0,tanglish
Ennangada dai views 39kb like 43kb,1,tanglish
Hip hop thamizhakku sirrippu varudho illeyo ennaku sirrippa varudhu,0,tanglish
"2days LA ;135 k likes ,17k commands SAA trailer vera level",0,tanglish
Ada ada enna song pa semma mass,0,tanglish
Nadaga kadhal kozthi kadral start aiduchi,1,tanglish
Karthi da idu pavadai Vijay anilkunjuhal savunkada bismi pondati pundaiya oka,1,tanglish
அட mokka punda aamaiinnu neega 1M likes vaangalayada.... Poy evandhaya pudichu ***ngada,1,tanglish
. KIDS :-  GOOD NEWZ       MEN :-  DABBANG 3.       LEGENDS : AVANE SRIMANNARAYANA     Hit like      SUBSCRIBE,0,tanglish
Konjam othungiru oodi pathundiruu varathu thalaivaruuu petta parakkkk,1,tanglish
Kanda kanda naayellam kindel pannuranunga guys... Antha teaser 15M views intha trailer 20M views nu... Suriya Anna fans base ivolothana... 2years ku munnadi namma TSK record ah break illa kitta kuda nerunga mudiyalenu nenaikkumthu irukku guys,1,tanglish
Oruthar mela neenga viswasam katurathukaga inoruthara yen asinga padithuringa,1,tanglish
Indha music eggayo ketta madhiriye irikki 🤔🤔 ahhh igga sri lanka la ice cream vikkirawanga Indha music than pottutu waruwanga,1,tanglish
Jayam ravi potta ghevidiya payan avan kamal rasigar,1,tanglish
thala yoda last dialog sema mass Vera level,0,tanglish
Usure mela poitu varuthu Thala ungala paakum pothu.....,0,tanglish
ethula kuda hair dye adikkama nadichi..savadikrarea..,1,tanglish
28k dislikes pannavanlam yarunu nenaicha #Puli Padam mass nu sonnavanunga than,1,tanglish
Semma semma Seeman Annan na paththu Mari iruku,0,tanglish
ventasstic Thalaivaaaaa      therrrrrrriiiiiii,0,tanglish
"Yengappa intha dravida sombu thukkikal karu pazhaniappan, subavee, arunan, periyar pasaraigal ellam....vanthutomnu sollu",1,tanglish
Irunthalum trailer eh skip panne vechiruke kudhathu...,1,tanglish
all rajini fans must give hit like.,0,tanglish
1:50 Semma frame!! VJS + STR!!,0,tanglish
Vikram sir u looks absoulet great,0,tanglish
patti thotti engum pattaya kelaputha ne va thalaiva iam waiting....,0,tanglish
Ready to race viswasan vada padda vada Satta,1,tanglish
0:23 thuu ena Elavu cg da athu🤮🤮,1,tanglish
Like podu ga pa 1M varevendama,0,tanglish
tharumaru thakkali soru trailer  padam yeppa varum,0,tanglish
#siriki hits 1 million views...,0,tanglish
We are waiting thalaiva nee varannum gethaa masa aa,0,tanglish
Rajani fan da.......sethu pathi hart da,1,tanglish
"Myru thayvar, udayar, vanniyar, goundar nu vanthutanga..  Oru road sari illai, padichavanuku vaylai illai, govt sari ellai, petrol rate kudittu poguthu, vegetables rate kuduthu... Etha thatti kaytka oruthanum illai..  Pottachi luv pannurala.. Pannalaianu veeram katta poranga..  Thuuuu..  Police Karan lathi edutha vittukkula poi pondattai pinnadi oliura paiyalvo thana neenga ellarum..  Vada nattu karanuku kuja thukura paiyalvo.. Kasuku vote pottura naiykal.. Paycha paru..  Atharavu thayrivingalam..  First poi unnoda oru la thanni olunga varuthanu parthu unnoda veeratha political person kitta kattu",1,tanglish
Entha padathalaum vivazya pirachana solraga pola oh my God,1,tanglish
Thala fans anaivarum oru like podunga,0,tanglish
kadaram kondan movie marana mass waiting,0,tanglish
"Ot*a Tharamaana sambavam. Ini Oru (beep) group kelambum Intha padathukku support panravangalam saadhi Veri pudichavanga nu. Neenga edutha saadhiya  olikka eduthadhu, adhe naanga edutha saadhiveriya thoonduradhukunu eduthadha..... Intha padam nadunilaya irunthaalum Saadhi ndra saayam poosuvaanga.",0,tanglish
Style King Rajni  Awesome style,0,tanglish
Adey ethu Mani sir film aah...???🤔...SEMA trailer,0,tanglish
Ippa enna panna porom SWEET SAPADA POROM :),0,tanglish
Oct 4 Vara. Wait Panna mudiyuma.. trailer ah vanthu vanthu pakravanga. Like panunga,0,tanglish
20 k comments . 425k likes . 7.3 m views !!! Trending 1 .,0,tanglish
ithu mudivilla da ithu than da aarampam thala mass da,0,tanglish
Otha Kuruma vechu senjutanga baadu Lot of family !,1,tanglish
panday payapulla summa suthi..suthi adipan pollaya...........,1,tanglish
"i like Yogi Babu acting , in every movie he always show his best  கொஞ்சம் டைம் எடுத்து எனுடிய சேனலையும் பாருங்க",0,tanglish
Nalaiku parunga..... trailer evvalvo iruku...ana nallu Peru kelumpuvanga ..coke kudika solluranganu,1,tanglish
After ratsasan trailer i saw best tamil trailer,1,tanglish
Trisha Vara level super star maranaa kattu,0,tanglish
2 min silence for 43k dislikers,1,tanglish
adeiii ennada car ah vechu flight ah nippatraan,1,tanglish
Were is Hindi Trailer ??,0,tanglish
Dai viswasam and nkp bgm mix panna maari iruku,1,tanglish
Meesa illatha kelavanuku Chinna ponnu heroin venuma kandravi jodi,1,tanglish
1 part la naan oru scene la nandthu varuvan frnds,0,tanglish
Enna dhu Tamil cinema la vettu kutthu ilama oru padanum varatho,1,tanglish
I think vadachennai vida ithu best ha irukka pokuthu,0,tanglish
Semmmaaaaaa I am waiting....     .. .,0,tanglish
Yean 720p la patha kuda... Clarity eh ilama iruku... Phone la prblm ah ila...  Pixel eh ipadi thanaa🤔🤔🤔,1,tanglish
Ena pa ithu என் peru varuthu apo ரொம்ப different a irukum nu Ninaaikra 🧐,0,tanglish
Jerin Johnny fans like adich pever kanikk,0,tanglish
Sema funa erukum Pola expecting . End fun sema,0,tanglish
"Che kevalama iruku, just 5% related to neruppu daw theme, Santosh bharathanodha vechu senjithaaa",1,tanglish
Suriya veriyan mattum hit like,0,tanglish
Sweet sappuda porom  Sweet saputtu apdiye ethavthu karama (Viswasam) sappuduvom,0,tanglish
thala  mattum than original mass...bcoz others papaerla vilambaram kotuthutu poraku trailar release panittu sathanai pannittatha pithikuvanga thala mttum than vilambarame seiyamal kalakkuvaar....thalada..  ..,1,tanglish
Diwali Ku Semma Adi Vanga Podhu KaiThiThalapathy Pullingo Lam Verithanama Vanthutu IruKom‼,1,tanglish
Nee va Nanba siriche elaraiyum savadikirom Periya alavula reachaga vaalthukal,0,tanglish
Yannda ngk moviku aprm  intha movie la cm aytra suriya,1,tanglish
Osm trailer..But court bouckgrand perusa kaatti irukalam..Chinna court aha iruku...thala na semma mass irukanum la,0,tanglish
Waiting for movie lam like nanba,0,tanglish
Verithanam kaithi vs bigil kandippa rendum Blockbuster hit,0,tanglish
Ama padichavan vanda mattum vote potruvanungee....eche tamil makkal...vote poduvaan paaru kanimoli...karti chidambaram...tr balu...a raja...dayanadi maran.  Ivange laam MP aam....thuu,1,tanglish
Suriya Fans konjam sad aayirikum its ok Singam 3 teaser varum appo mothama sad aayidum...buhahaha...Thalapathy da....Elarkite illada ketta pazhakam engitayum iruku .....ha ha....,1,tanglish
JEYAM RAVI ya hero va potrundha nalla irukum nu nenaikiravanga....like pannunga...,1,tanglish
Marana mass Onnum Panna mudiyathu style king is back.,0,tanglish
Mokkaya iruku 1 ku 2 kum sampanathame illa puthusa karuthu sonna pakamatainga nu antha movie name ah use panni ethaya eduthurkuinga,1,tanglish
dei otha onaku irukurathu rendy pooluna poi oh gf suthula vidu athum rendu otayum ooola vitu yedu,1,tanglish
I am here for Nawazuddin Siddiqui,0,tanglish
Nalla Gaandu Agungo Andha 10K dislikers..,1,tanglish
Thala vera lvl thala... Luv u thalaaaaaaaaaaa,0,tanglish
First biggest Marana Mazz for VJS..,0,tanglish
dei adchi underwareoda oda uthuruva  manam pona thirumbi varathu parthuko. SEMMA MASS NA PUNCH DIALOGUE,1,tanglish
Dei ungalukellam velayey illayaa comment podra ellarum climate changes pathi yosichu save our planet first if not endha jaaadhiyum iirukkkadhu ella jaaadhiyum  azhinthuvidum  evano sambathi ellarum recharge panni sanda podri ga loosu paya kootam,1,tanglish
Yaralaa verithanama wait panittuerukinge 10m aguruku,0,tanglish
Super  thala gethu Katti irrukaru,0,tanglish
Telugu movie Srihari Sree Maha Lakshmi Remake,0,tanglish
New look surya  veraa level,0,tanglish
Diwali list la indha movie dhaan win pannum,1,tanglish
inda pathi like thala fans um thandrukanga da mooditu poo,1,tanglish
Ithu maathri yaduyaa padatha trailer heeee  vera levela irukku  mass hhaaaa. thaana serntha koottam laaa padamaayaa  yangaa singathaa pootu west aakittanunga.,1,tanglish
telugu padam maari iruke ..hayyooo raamaaaa,1,tanglish
My hero Suriya Anna  I love Suriya Anna my family hero Suriya sir,0,tanglish
36k comments in 5hours paaa THALA Vera level,0,tanglish
"Izukku meella wait panna mudiyala, Thalaaaaaaaaaaaaaaaaaaaaaaaaaaaa",0,tanglish
Podra Vediya... Verithanam Overloaded.. Movie waiters Hit like here...,0,tanglish
Bigil lum kaithium pathen kaithei semma,1,tanglish
Woah!!! Erumasaani Vijay... Nyk Bibian... Nd waiting for more,0,tanglish
petta trailer vara level makal selvan vijay sethupathi fans and thalaivar fans hits like,0,tanglish
NAMMA THALAIVAR FANS 500LIKES QUICK FAST KAVALARS,0,tanglish
padamey vera levalla irukku ini augustla aattam paattam kondaattam  thaan,0,tanglish
Sc dhan ipa overa panranuga oc la saptutu... Ena panrathu ...,1,tanglish
Woow super  Tharamana serupadi kathuiruku I'm waiting,1,tanglish
Veera lvl thalaivaaaaaa awesome Shankar sir,0,tanglish
Pink remake bt Ajith is looking so damn handsome in it,0,tanglish
Itha thaan thalaivaa unga kita irunthu naanga ethir paathom.,0,tanglish
"According to Bhagavatgita lord krishna has said oruthar oda caste avanga kitta iruka theramaiya (abilities)porutha dhan decide pannapadum by birth decide pannapadadhu... aana generation maara maara adhu namaa thapaa purinjukitom...... oru sila naatla por naala, paasi nalla manushanga saguranga... inga innum sila per caste caste nu aduchukiduranga....epo therundhaporangalo...",0,tanglish
STR entry pakka mass.....And Makkal selvan Vera level....,0,tanglish
Trailer pala thadava parthavanga mattum our like,0,tanglish
Ngk mass Suriya Anna sema mass,0,tanglish
Velayutham movie feeling vandhavanga like podunga,1,tanglish
thala vera level in ner konda paarvai,0,tanglish
What a man super Thalaiva,0,tanglish
Vijay fans manasatachi illaima dislike panatinga,1,tanglish
VFX nu sonna wigpathy fans  yenga ponanunga,0,tanglish
Tamil cinema industry intha varusam payangara fire aaaa poguthae,1,tanglish
Apdiye karunanidhi family ya vachu padam eduthamari irukku...,1,tanglish
"Varlaan Varlaan Vaa  Varlaan Vaa Bhairava!! Santhosh Narayanan MASS!!  thalaivar naalun seri illayathalapathy naalun seri, MASS ah music podraru #SaNa!!!",0,tanglish
600 k like marana mass ah,1,tanglish
Movie  kandippa 100% success movie  na ithu movie all kongu vellalar goundergal  sarppaga vazhthugal,0,tanglish
this movie is like hollywood thala daaaa,0,tanglish
Manirathnam  unga trailer visulas la nalla thaa iruku ana padam yepdi iruku,1,tanglish
Kola kaandula iruken mavane kollama vidamaten sema dialogue,1,tanglish
System sari illainu sonna fans lam kaanome,1,tanglish
Surya sir intha padam kandipa mass a irrukum thala ku aparam ungala than romba pudikum,0,tanglish
Rajini: naan arasiyalukku varuvathu uruthi J.ravi: heyyy ithu 96 yaarai yemathureenka..,1,tanglish
kolla kandulaya irukeran sun tv melaya padathai sekiram release pannu.,1,tanglish
Otha theatre la paaka poravana nenacha daan paavama irku...ommala sound la thala vedichi sethuruvaan ila...kadha kekama poirum kandipa,1,tanglish
Enna da rajini ah direct ah kalaikireenga🤣🤣🤣🤣,1,tanglish
Padam Raava irukkum pola  best of luck Thanush,0,tanglish
Dislikes pannavan ellam oru appanuku poranthavan illa,1,tanglish
YouTube problem ma innanu therilaye romba nerama 467 k views la ye iruku,0,tanglish
2.10 yogi baby oru valiya mudiya cut Pannitamba,1,tanglish
cast ku salary kae big amount ahirukum pola apa padam buget??,0,tanglish
Ena 10 la irunthu nagarave ila,1,tanglish
Dislike Panna nainga ellam Surya acting munadi ori mairum illatha echa dogs ...nadipin nayagan Surya loveit,1,tanglish
Unmaiyana thala fans like podunga Inga,0,tanglish
"Non stop views and likes... Next target 15M views, 525k likes",0,tanglish
Mokka Pandey in movie too.. velangidum,1,tanglish
Elaarayum sollitu ipo ivaru edhuku adhuthavanga music eduthu poturukaaru!.... #Beethoven music,1,tanglish
Neraya neraya neraya atha yarkanave nerachi poitha iruku inum yathuku kaekura iva mutta  punda,1,tanglish
Dai aathi thalapathy video paathu sirikura....... Potta,0,tanglish
"Blacksheep : ayazzz ,,kutty moonji fans like. ..",1,tanglish
kilavan aijth look as 80 age old man,1,tanglish
Koora kummudu potutrindha paya pullaingaluku enga irundhule ivlo thairiyamu roshamu vandhadhu.....  vetrimaran does another dalith movie 3,0,tanglish
SURIYA SURIYA SURIYA SURIYA SURIYA SURIYA SURIYA SURIYA SURIYA SURIYA SURIYA SURIYA SURIYA SURIYA SURIYA SURIYA SURIYA SURIYA SURIYA SURIYA SURIYA SURIYA SURIYA SURIYA SURIYA SURIYA SURIYA SURIYA SURIYA SURIYA SURIYA SURIYA SURIYA SURIYA SURIYA SURIYA SURIYA SURIYA SURIYA SURIYA SURIYA SURIYA SURIYA SURIYA SURIYA,0,tanglish
Omgg semmayaa irukuuu ..  fun confirm,0,tanglish
Dai Vijay fans neenga enna venalum pannungada Thala intha padathuku aparam vera level neenga dislike pottukine irunga Vijay rasigargale Thala rasigara mariduvinga,1,tanglish
Ajith superb making superb but pattu than konjam........,0,tanglish
Padam  relese  anaiku  kuruma  sorry  thiruma kundi  kiliyum,1,tanglish
super trailer atanala ellarum movie superhit adikum payathila irukanga,0,tanglish
Avara control panunga plz thalaiya yaralayum control pana mudiyadhu ra vena,0,tanglish
Suriya|Sai pallavi new video trailer LINK,0,tanglish
"2k19 la theatre la paathey aaganum nencha padam Superdelux,asuran,kaithi rendu paathudan waiting for kaithi",1,tanglish
A  YUVAN SHANKAR RAJA MUSICAL,0,tanglish
Thevdiya paiya director nu sonna unakku kovam varaathada. Apdithaanda engalukkum. Illatha onna enda publicity kagha senja. Unakku sunniye molachirukkaathu 96 la. Thevdiya paiya eppada avaru sonnaaru 96 la varennu. Entha padam odathuda. Enime  Ondrakannu Ravi un padam eppothum odathuda. Thevdiya payaa,1,tanglish
Arumai arumai ipadi oru padathuku thandaa waiting...,0,tanglish
"To the guys who trolling surya & this teaser, aen da ungluku vera vela *** illayaa,,teaser nallaala naa ena ***** ku da pakringa..muditu poi thungung da...fuckin idiots",1,tanglish
is it Kanhaiya kumar's biopic #justasking,0,tanglish
அது 90 s கிட்ஸ்க்கே பெரும டா... போட்ரா.. போட்ரா...  Yenda neenga vera 90's kid's always like a kid...,0,tanglish
Viswasam be like KONJAM OTHINGURU ODI PADHINGURU,1,tanglish
Will u marry me arya and sayeesha scene movie la ila,1,tanglish
Evanda nika porathu thalaivar munadi epo vanga da papom thalaivar 🤘🤘,1,tanglish
"Yenda paradesigala idhu oru trailer nu ellorum release pannirukengle,kayila matuna avlodhan,edho discovery channel partha madri irukudhu",1,tanglish
Daii gv olunga music mattum pottu irunthu irukalam.. nkp tuney potu vechi irukan expected a lot,1,tanglish
Bairavaa sema maas  theri beby,0,tanglish
dhurvu natchathiram vituuttu poyum poi ivlo kevlamana padam pannuriye ...you are an idiot,1,tanglish
Padam semma mokka pola irukey...free advise don't waste ur 100rs,1,tanglish
Anyone in sep 2018? thala bloods,0,tanglish
Kaali 10 thythi Gali 🤣🤣🤣 visvasam always rocks 🤙,1,tanglish
OK. Now I am a vijay fan!,0,tanglish
gounder vanniyar devar mudaliyar nadar ini mel  Pa ranjith  Dhanush  Vetrimaran  Padathai parkathinga ivinunga thirudu payaluka,1,tanglish
Dislike pannuvaean ellam kiillpakkam pakkam pongaa,1,tanglish
Movie pakka hit..... super surya annaa,0,tanglish
Bigil fdfs ku aprom next indha movie dhan,0,tanglish
Veyasu annna kalathula edhuku entha vela,1,tanglish
Ooo 10k comment ippothaan paakuren.... yaaravathu ithuku munnadi paathurukingala....?,0,tanglish
Enada idhu. It's looks like animated.,1,tanglish
Padam pathutum trailer pakka thonum..athu tha thalaivar,0,tanglish
Yogibabu Vijay ah Vera level nu soli soli kadaisila thalapathy eh kalaichitaan da..1.21 heyy silence 🤣,0,tanglish
Yaarellam Today View's Check  Panna Vandhinga Like Pannunga  #Asuran,0,tanglish
14 Days go to nkp movie,0,tanglish
Hit lyk if u like simbu,0,tanglish
Song keka nala iruthuchi bt video mokka,1,tanglish
"Yellaam super, but nawazudin voice mattum nalla illa.",1,tanglish
Puthupettaiku kodukka marantha recognition NGK Ku sernthu kediakattum  #Kathirupom# 🤩,0,tanglish
Vera Vera Vera level masssssss SURYAAAAAA.... Love U Machi Love,0,tanglish
Ee movie l hero k kannu kaanula.... ...anghaneya enik feel aavunnath,1,tanglish
THERIIII THERRIII THERIIII wAITING 2 Watch Illayathala ELEMENTS,0,tanglish
"Srynga, yo unna Vida vera yaru illaya I love youya",0,tanglish
Simple ah sollanum naa Superb uh!! watching again and again!!!,0,tanglish
sema ..but dislike potavanlam mental ah irupan,0,tanglish
thalapathy diwali pataiya kelaputhu.....luv u thalaiva,0,tanglish
Nee enna periya vasool  mannana? Therla apdi thaan pesikuranga....semma dialouge,0,tanglish
Thala Thala Thala Thala Thala Thala Thala Thala Thala Thala Thala Thala,0,tanglish
Vintage rajini Sir is Back,0,tanglish
Waste sai Pallavi make this movie utter flop,1,tanglish
"past,present,future of selvaragavan flim making rockzzz....",0,tanglish
U1 + thala mass....Bgm  🤩🤩🤩,0,tanglish
Marana waiting# yogi babu thala enga unga hair style,1,tanglish
Kickin it old school ...apdiye konjam Patti tinkering panni..namba ooru masala va.. mixed... Different attempt dhan new illa,0,tanglish
ayyoooo thalaivaaa pinnitingaaaa super marana mass sema style thalaivaaa i love uuuuuuuu semaaa,0,tanglish
Padam vetri adaya bramhana samuthayamthin vazhthukkal,0,tanglish
vivegam enga thala cinemala vayraullagam enga thala ellsthalayum waygum,0,tanglish
Vera level comedy Superb va irukku,0,tanglish
Vijay chandar Movies Vaalu - Below Average Sketch - Average Sangatamilan?????,1,tanglish
superb just 3more k to touch 200k likes,0,tanglish
Ilaiya raja sir fans like here,0,tanglish
Entha teaser ha 10 thadaivaiku mela pathavanga like pannunga,0,tanglish
0:50 athan kalyanam pannite la da enn chellatha paravalla Nalla irunga da,0,tanglish
iduku billa pandi teaser evlovo nalla iruku,1,tanglish
Kakka bukka short film parunga.. athoda film version than idhu,0,tanglish
Paa pakka 28 maari irukkaru paa thalivar,0,tanglish
Congrats Vikram sir... From SURIYA fans,0,tanglish
Last ta ajith sir sonna dialoge yengala mathiri vijay anna fans ku. Orutharukku viswasama ierkurathukku yen iennoruthara kasta baduthuringa,0,tanglish
"thalaivaaaaaaaaaaaaaaaaaaaaaaaaaaaaaaaaaaaaaaaaaaaaaaaa, ethana per underwearoda oda porangalo.......",1,tanglish
I need hindi dubbing friend ok,0,tanglish
Last la rajni ya bangam panitangala pa....any way nice trailer,1,tanglish
Vikram Telugu fans hit like here,0,tanglish
Worst movie in vikram sir list i ever seen,1,tanglish
Trailer Ra ore varthaiyil sollanuna Gommala trailer appadi Rikki,1,tanglish
"Looks super fun, different concept love from telugu audience...",0,tanglish
Vettaikaran movie part 2 is back.,0,tanglish
#52 Karnataka kuu sariya Pathilll Surya Sir,0,tanglish
T H A L A  M A S S,0,tanglish
Neutral logic.... Pariyerum perumal samooga padam.... Draupathi jaathi padam.... Haha....,1,tanglish
Super shankar Sir vera Level Sir marana waiting sir,0,tanglish
Arvind Swamy Jodi jyotika or aditi rao,0,tanglish
kola gaandla irukka mavane kollama vidamaatten.. Thalaivar swag..,1,tanglish
Yow Hip hop uh unaku mattum epdiya ipdi heroine kedaikudhu,0,tanglish
In climax rajini said Raman andalum ravanan andalum enaku oru kavalai  um that means  rajini arasiyal Ku vara maataru,1,tanglish
Santhanam In moonja paatha kovam varuthu gaandu moonji Santhanam??,1,tanglish
Petta marana mass a irunthuchu thalaivar fans ellam like pannunga,0,tanglish
Eyarkai nathiya sonndham kondaduranga (Karnataka)__ realone...,0,tanglish
Thillalangadi part 2 paatha madhiri irukku,1,tanglish
Thala love you a lot omg yuvan ultimate,0,tanglish
Vena padama release pannathinga pakka mudiyala,1,tanglish
Srlvaragavan movi sollava venu sarithiram pesum poruthirunthu paar @dislikers,0,tanglish
Iva ketta Ketukku Movie Verayaa appdiye andha 60 Crores DA Case um kaata vendiyathu da padathula,1,tanglish
Friend enda enna Facebook like pannra endu nechiya? Life eh kodukanum da...  SUPER,0,tanglish
That 700+ dislikes 2 k kids or Rajini fans,0,tanglish
Yentha padatha copy adichanunggeh nu theriyeleh...yaarukavathu theriyuma?,1,tanglish
Omg Tamil Nadu la evlo jathi erukka .....why ellam jathi pera pottu valthuringa apdiye valthulame..... yen ellam jathi mention pandringa guys... யாதும் ஊரே யாவரும் கேளிர்...jathi .. matham nu Ella pirunjinu erukkinga..,0,tanglish
"Padam Blockbuster Tha kandippa, Maranaaaa waitingggggggg for Kaithiiiiiiiiiiiiiii",0,tanglish
En thalaya Kaevalama pesuna Ella ippa Thirruppi paakkarunga,0,tanglish
I love u  thalaaaaaaaaaaaaaaaaaaaaaaaa  Nega Vanga thala  therikkavidalaaaaa,0,tanglish
Why there is 4. K dislike..,1,tanglish
Pwoli  rakshit shetty kerala fans,0,tanglish
marana mass's thala Ne va thala .,0,tanglish
Itha paaka transporter Tamil remake maari iruku,1,tanglish
Suriya proud of me Beacus na unga fan sollikka perumiya irukku,0,tanglish
Idha padam BLOCKBUSTER aaguradhukku yaaru virummbiringloo avanga ooru like poodunga ALL THE BEST THALA,0,tanglish
Siva anna neenga vera level..... unmaiyaa fans kaaga padam panrathu neenga thaaan annaa love you so much siva anaa,0,tanglish
Thala epolthume jahat ta... Haha from malaysia,0,tanglish
Rajine sira Kindal pana Ne yaruda venna,1,tanglish
After kodi diwali...Waiting for bairavaa pongal...,0,tanglish
Adaiii idule engada mass  Iruku_🤔 Manasacchiya thottu  Sollunga papom_,1,tanglish
Verayoru mugam. Vechi tak tak tak nu poduvaar.,1,tanglish
I'm Thalapathy #Vijay fan Bt i like Thala #Ajith,0,tanglish
Pppaahh...     Enna ithu ithu ivlo power aah irukku..  #Bestu..,0,tanglish
Teaser leak aagi 1 hour aachu,0,tanglish
How is Vijay??? Thalapathy aaa... Masss,0,tanglish
Super trailer  pudhumai vettrimaran Danush vettri kootani,0,tanglish
Thalaivan Eapavume masss thaaa SURYA annan,0,tanglish
ippa vanthavanunga yellaam Yeppadiyellam padam edukkuraanga. ithemaari gundu sattila kuthura ottungadaa. ithula ajithu perusa vijay perusu. mokka pasangalaa.,1,tanglish
Soori pesuratha keela comedy nu subtitles podungada apayavathu srippu varuthanu pappom,1,tanglish
1:05 to 1:30  Vere level masss,0,tanglish
madurakara angaali pangaali ellaam oru like podunga,0,tanglish
Thamil cinema Vere Vere  leval,0,tanglish
Varusaya 7th flopaaaa....keep it up dhanush,1,tanglish
90 kids  trailer  like here,0,tanglish
Nagapattinam  *Vanniyar kulla Singangal*   Sarbil vetrii pera Valthukal,0,tanglish
Still Trailer pakkura Thala fans like,0,tanglish
oruthar mele neenga visvasam kattrathukaga innoruthara en asinga paduthiringa,1,tanglish
Iam big Vijay fan Trailar super mass waiting movie,0,tanglish
One day aachi petta trailer innum trending la varala.? Petta trailer review lam trending la vandhuruche,0,tanglish
Suriya Annan   🤩🤩 🤩,0,tanglish
Thala fans we need more viewer's........,0,tanglish
Thalapathy alavuku illa but like ajith mass illa padathula,0,tanglish
I'am from Karanataka big fan Surya Anna you All ways rock,0,tanglish
Jurassic park music da deeii copycat,1,tanglish
Who came after ner konda paarvai,0,tanglish
Adei  ethukuda intha velai,1,tanglish
Come on guys keep watching 10.5 M views adikkanum today,0,tanglish
Enada producer moonji um yogi babu moonji um orey maari iruku,1,tanglish
Sathyama mokka trailer Looks like vijay movies in 2005 Hair style seems good & lets wait and watch,1,tanglish
Arr vera level mani sir is awesome,0,tanglish
Yanka nayakan yepovum gethu tha ..🤗🤗🤗🤗🤗🤗🤗🤗🤗,0,tanglish
"Trailor nalla iruku, vazhthukal nu sonna podhume, edhukaga ellarum caste indicate panringa???🤔",0,tanglish
Mersal teaserukku dislike panra mudhal aal naanthanda,0,tanglish
Illa apdi la nadakathu ...nadakavum kudathu,0,tanglish
Yenna da idhu... Thalaivar ku views illa... Likes um illa....... Cha,1,tanglish
dai onnu movie release pannu ka illana,1,tanglish
Waiting from Kerala  Hip hop ningal pwoliyanu machaanzz,0,tanglish
Kerala Suriya Fans like Here,0,tanglish
Thala marana look yuvan BGM ultimate,0,tanglish
Thala da never ever forget to like up,0,tanglish
Vera level SK.anna I love you so much,0,tanglish
Ahh je l'attendais tellement ce teaser !!!,0,tanglish
Deii Peasmmma Iruka bigil ku tickets illana pakalam illana tamil rocker thaa,1,tanglish
Final touch rajini ah vachu senjutanga,1,tanglish
Salute  you Ajith sir,0,tanglish
my hero i love u thalaaaaaaaaa,0,tanglish
Feeling like watching hollywood movie trailor,0,tanglish
"Super trailer 1st part kuruma kalutha aruthu podura mathiri semai, inda mathiri naaygala ipadi thaa pananum, adanga maru, athu meeru, vera jaathi karan vayuthula un varisu valaranum, saraku miduku nu theriyura devudiya pasangala ipadi thaa aruthu podanum",1,tanglish
im vijay fan ... naanga epavum mattam thatta matom... hope u ppl will also be like dat,0,tanglish
Super surya anna marana maas responce in ngk trailer,0,tanglish
singham part 1 part 2 dsp do same bgm..now part 3 new bgm so poge poge tan elarekum pudikum...,0,tanglish
Vivegam Part 2 madhiriye oru feeling-u 🤔,1,tanglish
Oru round adikka poguthu worldwide ahhh,0,tanglish
10 mints  60K Views √ 8.5K Likes √,0,tanglish
Ippudi ground la vilaiyanda  than nalla irukum,0,tanglish
2:02 kandipa naa varama cinema theatreruku unna pakka🤞,0,tanglish
Thalaivar mass vijaysethupathi sir Vera level,0,tanglish
Climax dialogue dedicated to thala fans,0,tanglish
Mass dialogues panjame ille Thalaiver vere level energy,0,tanglish
Movie pathutan semma mass a irukku.... music la vera leval,0,tanglish
Pakka mass. Super. I had seen more than 5 times,0,tanglish
"Ippo dhan theriyudhu pullingo Mela ellarum evlo gandula irukanganu,,anyway ellarum sendhadhuku nandri",1,tanglish
Ettan   Surya  Arya,0,tanglish
surya telugu police telugu actor thambi ennedanna enakku telugu audience dhan pidikkum nu solran family motham telugu shift agidunga,1,tanglish
Thala da vera Evan da nee vaa ȚHĄŁÅ,0,tanglish
Superb movie... Rajani is back with a bang,0,tanglish
Irukku innaikku Meme creators kku nalla concept memes irukku,0,tanglish
Vera level next movie Ida vida bayangaram ha irukunum,1,tanglish
I am an AA fan but sk pwoliyaaa,1,tanglish
Yaru ba Puthu director ah??,0,tanglish
1 day to go for kaappaan,0,tanglish
Bgm Ku than enoda like vera level bgm,0,tanglish
Vantha rajava tha varuven rajavukku 100 dosthu.... semma str voice masss....,0,tanglish
Ippotha magamuni paathu oru kalathule irukke athukulo innona.,1,tanglish
Not next ayan. One and only kaappaan,0,tanglish
Enada vivegam la coffee solu  nu solra mathri sweet sapda porom  nu cooola solraru thalaivaru!,1,tanglish
Karthi annan semma da..... love from kerala,0,tanglish
Vijay Sethupathi vs STR vs Aravind Swami vs Arun Vijay,0,tanglish
Thalapathy : Ennada panni vechurikeenga  ... ... Hip-hop adhi :,1,tanglish
ѕєℓνα яαgнαναи αмαzιиg тσ тяανєℓ ρυ∂υρєттαι 2,0,tanglish
Thala na lae Mass than daaa,0,tanglish
No Caste  No religion Solranvanga mattum inga vaanga,0,tanglish
Irumbu kottai morratu singam lite ah alter panna Mathri iruku. If hero plays dual subject na it will be like that only,0,tanglish
Enna ya neenga sports padam maari kuttittu poittu kadasila pei padam maari kaatringa???,1,tanglish
Therinja vanga indha padam eppa releas pannuvanganu sollunga,1,tanglish
Ngk kku tamil nadu la mat tume 1000 crore vasool seyyum,0,tanglish
Ipa enna panna porom... Viral Aaka porommmmmmm,0,tanglish
Dei na intha trailer ah paathutu inga pathiyam maathiri srichitu irukaen... 🤭,1,tanglish
Ivan Bigil ku tough kodupan pola,1,tanglish
Dislike pannave ratham kakkidha da savinga🤣,1,tanglish
Petta telugu la illea ? missing in tollywood,0,tanglish
Atlee inneram adutha padathuku script ready pannirupapale,0,tanglish
"Marana  mass Str,maniratnam ,isai puyal, makal selvan,arvindsamy",0,tanglish
Enna Trailer Da Sammi HOLLY WOOD padathukea pootiya irukkum poola        THALA vera level,0,tanglish
THALA UNNMAIY7ALAYA GREAT BY VIJAY FAN,0,tanglish
Padam kandippa odum valthukal selvaragavan sir,0,tanglish
Ennada yennai Arindhal teaser bgm a potirkanga,1,tanglish
90s kids madilaruthu kuthicha shakthiman kapathu varu,1,tanglish
"inimey vijay deepavali release patti ninaikave kudathu marana sambhavam waiting thalafans and suryafans therikka vidalaama,sure blockbuster for karthi",1,tanglish
Yuvan Arjun sir trademark dialogue : dai thearikke,1,tanglish
Ilayaraja sir... Naanum unga fan dhan.. music ku fan.. arrogance ku illa... Btw.. Beethoven ta copy rights vaanguningala... Avaroda music ah  suttadhuku....,1,tanglish
It's gonna be PettaViswasam Pongal,0,tanglish
"Thiruma kuruma pecha kettu kathal kethal pannamal.....Sc Kum kela irutha nadar mathiri padichi,or tholil sethu munneri unga girlsa marriage panni avangala valavaikada...Bc vendaamnu solramulada ...apprum enda love love solrenga.....Sc girls a asigapaduthathida",1,tanglish
ajith aamai satti vadayans started to dislike the teaser,1,tanglish
Wow   thala love uuuuuu,0,tanglish
Thungarthuku munnadi 1 time parpom,0,tanglish
Podangu thevadiya pundai tamilans will understand,1,tanglish
Idhaanda thala......🤩🤩 Kadaisiya ennai arindhal la parthathu...,0,tanglish
va thalaiva va  padam eppo release waitinglaye veriayudu,0,tanglish
Thala Acting Ku Neraya scope irukkumpola Ellorukum pidikum,0,tanglish
Rowdyngaluku support ilama iruntha nala irukkum,1,tanglish
Soorarai pottru teaser paathuttu vandavanga like pannunga🤗,0,tanglish
Enanga da kasamusa kasamusa nu oru elavum puriyala...,1,tanglish
Movie fulla sirippa ve irukumo,0,tanglish
Suryavukku avlo periya mass kidayathu ithu Hari padam enbathal than teaser ku ivlo views kedachiruku,1,tanglish
Thalapathy fan but mass trailer.. Dipawali Marana waiting,1,tanglish
GV Prakash Vera level verithanam phaaa,0,tanglish
Koiyala enna style Da thalaivar....pinara Thalaiva..,0,tanglish
How many beggers are here asking for likes?,1,tanglish
Mannu ponnu rendum mukyam athula yar kaiya vachalum kaiya vetuvom,1,tanglish
Sensitive subject like citizen after long time.. Wait panren fdfs ku... By தளபதி fan,0,tanglish
"Semma mass, after shivaji Rajini very nice make up and look, great star",0,tanglish
Avara control pannunga plz semma ......... dialogue,0,tanglish
Prabhu deva lost his vintage voice ...like in engal ANNA.... h,0,tanglish
Valavuvalavan nuku good revenge . Pavada ranjith thukum than....,1,tanglish
HIT LIKE   IF U R WATCHING   #SURVIVA SONG,0,tanglish
I am thala fan... bt I like surya sir too....,0,tanglish
Naan chinnappo velayaduna. Video game polave iruku,1,tanglish
We r waiting to see the audio launch in televisions plzzzzzzzzzzzzzzzzzzzzzzzzzzzz,0,tanglish
"Ellam super dhaan, Name card laam Thamizh la podamatingala? @karthicksubburaj",0,tanglish
Enagada YouTube inum trending la add panama irukinga,1,tanglish
"Kommala dai ennaram 5 million vanthrukum , divo",1,tanglish
Hariss sir Song Kaga Marana waiting,0,tanglish
Goundergal sarbaga padam vetri pera valthukal,0,tanglish
Mass mass marana mass lv frm kerala,0,tanglish
Wov wov wov.... What a man yaaa... What a style yaaa... Trailer adhirudhu....,0,tanglish
Intha trailer ah megha akash kaaaga tha paathe...like podreen.....ulaga alazhii,0,tanglish
JOSEPH VIJAY  'JOSEPH' KURUVILA 'VIJAY' KUMAR  CLASSIC MIX UP LOL AWSOME TRAILER :* :*,0,tanglish
"Yooo Mani , movie la mattum Vijay sethupathi sir mattum , yathachu small role iruthuchu... koyaila padamey odathu yaaaa...",1,tanglish
Jayam ravi neenga ippdi pannuveenga nu ethirpaakkala. Unga trailer content ok thaan. But last ah rajini sir ah unga promotion kaaga use panna maathiri irukku. Ungalukke theriyala ithu avara straight ah attack pandra maathiri irukkunnu. Intha oru content vendam remove pannidunga.,1,tanglish
Kola kaandla irukken mavana kollama vida maatten.....sama mass dialogue...,1,tanglish
Chittiya villana taanae patrupo hero wa paatatillayae ini paapa -cuckoo,1,tanglish
BIGIL = like KAITHI comment   Sangathamizhan dislike,1,tanglish
marana masss fr enga thala surya teaser,0,tanglish
Vijay na thalpathi NRA Peru irukku Ajith na thala NRA Peru irukku SURYA ANNA NA EPPOVUMEA INDIAN POLICE THAN,1,tanglish
ramanathapuram maravargal saarpaaga..    padam vetri pera vaazhthukal..,0,tanglish
Dei rajinikanth ye kalaichitinga worst raa,1,tanglish
Kadaisiya sports la irunthu pei padam maarichi,0,tanglish
Trailer Pakka pakka super ah irkku  THALA Yoda acting kku waiting,0,tanglish
Vara vara gibran bgm la kalakkuran,0,tanglish
Yenayea nadakuthu inga ? Trailer  ke potha  yeruthu..............,0,tanglish
Waiting waiting waiting super star rajini kanth sir first days 4 time pakka waiting,0,tanglish
Innume 1 million like varalla  hahh  fans  Power avalave Thana ..mokka vai savdal poda vidda potham,1,tanglish
AJITH ONLY ONE AND ONLY INDIAN MOVIE HERO,0,tanglish
Mass thalaivaa vera level hit akirum,0,tanglish
Evaraku vyasuu eraadu. Awesome in every frame,0,tanglish
Phaa... Ithukey ipdinaaaa... Namba thalapathy ku epdi irukummmmm... Verithano verrithanooo,0,tanglish
Namma ippa enna Panna poro🤔🤔🤔 sweet sapda poro,0,tanglish
"Apdilam nadakkathuthu..,, nadakka koodathu...  ,,,",0,tanglish
Vera level Anil fans dislike pannthu  ana Athku terila idhu semma hit aga pora padam nu,0,tanglish
Atlee vantha film'la irunthu aattaya pottan paathan.. Vara pora film'la irunthu kudu aattaya pottu irukkan... Thalaivan from future  altee na,0,tanglish
50 times mela pathavanga like me,0,tanglish
Surya and  lalettan fans hit like here,0,tanglish
Age aagala thalaivaa theatrela meet panvomAaaah...dishium....Viswasam....,1,tanglish
Rajini Thatha.....  Will die by next comali 2 release.. 🤣 ivan mandaiyil irrukum  kosurru masurum kottuvathu mattumey ooruthi 🤣🤣,1,tanglish
Dae guruma and groups ivalvu theliva kati irukirargalae inimae nadaka kathal pani ponunga vazkaiya keduthu avanga parents kita katapanchayathu pani amount karaka papa..,1,tanglish
thalapaathiyoda rasigan eruthalayum thalaya vittu kodukka maaten....,0,tanglish
dai nalla tha da iruku yan dislike podthinga,1,tanglish
Naicker sarbaga indha padam vetri pera vazhatukala,0,tanglish
1:32  Thambi Thurathi Thurathi Love Pannuran #karthi #rakulpreet ‍  Annan Thukipottu mithikran  #suriya #rakulpreet   #ngk #rakulpreet #yuvan #karthi #suriya,0,tanglish
Mersal Teaser ah Dis Like Pannunga Thala Fand,1,tanglish
SEPTEMBER la indha teasera paarkuravanga like pannunga,0,tanglish
Keka peka keka peka short film super,0,tanglish
Malayalam movie chinthamani kolacase njapakathukku varuth,1,tanglish
who is this dubba editor paithiyakaran pa avan yen ipdi loosu mathiri edit panni irukan trailer ah,1,tanglish
Endha kuruma group olunga eru theva illama coment panatha pana ne apti coment panuna ne oru appanuku poratha thapa coment panatha apti panumna ne oru appanuku poradhu eruthina nunera kotudhu coment pannu,1,tanglish
Sasi Anna ungaloda thevira fan in Ramanadian .... But engalala ungala vittu kudukkavum mudeyala vittu kudukkama irukkavum mudeyala alway congratulations... Vetri pera valththukkal.... But ... Nanga nenaikkira mathiri padam eppo edukka poringanu theriyala....,0,tanglish
Last trailer dance super....I love you Thalaiva...,0,tanglish
"0.23 la sai palavi kanathula rendu pakamum, mangu skin alergy mathiri asingama iruku",1,tanglish
Yennada idhu Arya va pakathulaye vechutu Sayesha va Suriya ku heroin uh potrukinga,1,tanglish
Enkuda yaarum varlana kuda Parava illa... Naa theatre ku Thaniya Poi Paapen da indha padatha..,0,tanglish
Nanba rangaraj pandey unnai velli thiraiyil kanpatharku aavalootu ĶHATHU irukkireen pls nanba    Neer konda paarvai,0,tanglish
Yaarume kedaikala naa iduthukara oonai thaan Soori pola. Yogi bala ku chance kudunga pa.. Soori ellam mokkai counter.,1,tanglish
Movie name nala eruku.. Story nala eruku...romba youth movie maarila panla...so i am waiting for movie.,0,tanglish
Yarellam nerkonda paarvai trailar paathututu engavantheega,1,tanglish
பாண்டோரா ௧ிர௧த்திலிருந்து ௮வதார் குலம் சார்பாக படம் வெற்றியடைய வாழ்த்துகள் .. (Trailer la kamicha mari...Ippdithan  'jake' nu...vera jaadhi kara paya...enga veetu ponna...correct panitu  poitan...),0,tanglish
Prabash kidha kuda nerunga mudila,1,tanglish
# #keyin    1⃣  2⃣  3⃣  4⃣          /  /    ⁉   Line  luvluv0000,0,tanglish
T H A L A P A T H Y,0,tanglish
Surya Surya Surya Surya Surya Surya Surya Surya Surya Surya Surya Surya Surya Surya Surya Surya Surya Surya Surya Surya Surya Surya Surya Surya Surya Surya Surya Surya Surya Surya Surya Surya Surya Surya Surya Surya Surya Surya Surya fan,0,tanglish
A R RAHMAN dum dum dum...,1,tanglish
It looks like telugu movie rangasthalam,1,tanglish
keerthi entha padathula irunthalum kevalama tha iruka,0,tanglish
#LKG oda serious version aah irukkum polaye,0,tanglish
Itz like #ajith 's aarambam movie,0,tanglish
Marana waiting SINGAM SURIYA in kaappaan movie,0,tanglish
SK unggaluke naraiye kadan iruke..1st nadinga apparam neega padam produces pannuga....,0,tanglish
just now crossed 200k likes mudinja ajith fans idha beat pani parugada othukuren ajith peria pudukinu actornu suma apadiye keta vartha potu perusadhukudhan da ajith fans neegalam layaku,1,tanglish
3 thadaveakku meala pathavanga mattum  like  pannunga ji,0,tanglish
2.04 meme creators Ku semma template. Un varthaila nambikayae Vara maatingudhu.. Yen ya??  Semma....BGM theri....,0,tanglish
"Anal parakkum trailer , marana waiting",0,tanglish
Surya anna huge fan from #mangalore #coastal_Karnataka #tulunadu,0,tanglish
Kaatru veliyidai padatha vachi mani Sir otunadhukku idhula speeda varraru,0,tanglish
Suriya + KV + Harris vera level,0,tanglish
enna katha endum puriyalla. mokka padamathaaan irukkummmmmm,1,tanglish
Diwali ku  Bigil and Kaithi Rendume HIT Aagum nu Solravanga Like Pannunga,0,tanglish
Viswasam teaser vara varikum treanding la irunga,0,tanglish
K.V ANAND+ HARRIS +SURYA MOVIE MARAANA HIT ....,0,tanglish
Nerya Nerya Nerya Nerya Nerya THALA Mass.....,0,tanglish
NGK Teaser marana mass.....padam vera levela irrukka pogudhu....,0,tanglish
Poraadradhe thappuna poradra soolnilaya uruvakaradhum thappu dhaana  - Exact Scenario Of TN..,0,tanglish
intha padam first rilis ahuma illanaa dillukkuduttu first rilis ahuma,1,tanglish
Pongal’uku “Sweet Sapda Porom” all Thalaivar Veriyans...,0,tanglish
when i am seeing vikram here its like john wick,0,tanglish
best trailer ever  likes increment..,0,tanglish
Thala super but tapseeye ithukkum irunthu irukkalam,0,tanglish
Veera level super anna srilangkan thala fans,0,tanglish
97k likes ah paths arpmum inum yepadi da thimira pesaringa,1,tanglish
Teaser a pathu kalaichavalaa padatha pathu azha poranuga,1,tanglish
Yevanavadhu pondati pulakutti sentiment iruntha odipoidu mavana semma gandulla irukka,1,tanglish
40s 50s 60s 70s 80s 90s 00s 10s  Police in films:  namba department .ku asigam...  Public: dei police  real life la kevalam dhaan irukeenga,1,tanglish
Ithu 96 🤣🤣🤣yaara ematturinga semma pa🤣🤣,0,tanglish
Pakka jayalalitha mathiri irunthuchu  athan vanthen,0,tanglish
Marana Mass vera leval  thalaiva,0,tanglish
Ella movie layum avaru paiyanukku chance koduthudran pola producer,0,tanglish
Trailer laiyae story purinjikittavanga like pannunga,1,tanglish
B.E. padipa matum mela iruka kadavulae vanthalum edukave mudiyathu...,0,tanglish
Ha ha Vera level trailer,0,tanglish
Marana mass  video song i am weiting,0,tanglish
Ellam avan setal concept maari iruku...,0,tanglish
Thala handsome ma irukaga solravaga  hit like button  screen present vera level,0,tanglish
Phill mokka kaithi super aollravanga like podunga,1,tanglish
Idhu oru padam poda punda pasangala...ithuuuuuu,1,tanglish
Padam vera level la iruku polaye,0,tanglish
Kotha gopala Krishna Naidu thevidiyapaya anda vantha naye,1,tanglish
Sama trailer full fun.Jayam Ravi.  Climax bangan 2026 vandhalum avaru adhaya dhan solvaru,1,tanglish
Jayam Ravi Anna you have any common sense ... Thuuuuuuu,1,tanglish
Thalaiva ooo  munnadi ellarume kolandingodha yavanu unnode padathule kudo nerunge mudiyaadhu Ur so qute,0,tanglish
ajith padam fight kaanave illeeyy...adadadaaaa fight vandhidich kadasiyele...,0,tanglish
Yarula thalaivar Dhanush Anna Twitter Page la iruthu Pakuringa,0,tanglish
Intha mathiri oru teaser ajak nenachu paka mudiyima,0,tanglish
Thala thaan Ennaikkum mass.thala kettap is very terrar.kajal kettap is very beauty.Next film ajith&kajal jodi sernthaa innu semmaya irukkum,0,tanglish
Etho puriuthu aaana puriyatha mathiri iruke 🧐🧐,0,tanglish
"Inga ellarum youngsters/padicahavanga epdi politics varanganu than Narrate panringa(LKG,Sarkar,Ayuthaeluthu) ... Anga youngsters/padichavanga politics ku vantha ennanenna nadakumnu padam edutha nalla irukum la like mudhalvan",0,tanglish
I'm very very very happy,0,tanglish
boman irani in tamil movie wow,0,tanglish
idhula dislike panrudhuku ena irruku dislike panavanga ellam canapupan,1,tanglish
Ilayaraja nu solltu beethoven music oodudhu,1,tanglish
Apo Thalaivan Dan villain uu.... 1 vs 3...Thalaivan. edhire moondru perum...yaar jeypa!!??,0,tanglish
tamil dubbing sema....KGF ku aprom tn la oru kannada move hit aaga poguthuu....,0,tanglish
Beethoven symphony ah use pannirukanga.. Raja enna impotent ah? Avanuku vasikka theriyatha music? Loou koodhi ilayaraja nee periya mayiru mari 96 padathula vara un song ah korai sonna. Ippo ennada idhu? Over ah valanthuttanu thimiru.  Punda mavaney,1,tanglish
Ommala enna voice da thala vera level thaa mass,1,tanglish
Story from the short flim Kekka Bekka Kekka Bekka,0,tanglish
Bgm vera level..... Thala .....pink already paathathu....tamil version kaga waiting.....,0,tanglish
Ennayaa mudalvan 2 maathiri irukku yuvan bgm Vera level thalaiva,0,tanglish
Ellathukum intha barani payathan kaaranam.... Like BB,1,tanglish
N NO OF TIMES WATCHING THIS TRAILOR.,0,tanglish
Lalaettanaum surya annanum oru kalaku kalakum,0,tanglish
Mass but not like pink movie,0,tanglish
Petta Paraaakk...Thalaivareyyy Maranammm....U R Officially Return Now,0,tanglish
Ethu vanthalum final nangatha (viswasam) intha pongal Mass ah iruka pothu,1,tanglish
Intha nattula ovonnum oru vithamana paithiyam avanukku intha nattu melaye paithiyam semma........,0,tanglish
Vera level.  Uvan. Anna Bgm. Verithanam,0,tanglish
Vere level  surya anna mass,0,tanglish
Jeeva Anna ungaluku kandipa intha padam oru come back movie ah irukum,0,tanglish
Nan hero kaga padam pakaraven illa kathai kaga pakaraven.. Athu Puthusa irukanum.,1,tanglish
Massukku porundhura patthu poruthamum unkittadha iruku. ungakitta mattomdha iruku thalaivan DA...,1,tanglish
Trailer mokka da ajith kelatu payale,1,tanglish
Last scene...sema bangam🤣🤣🤣 idhu 96 uh',1,tanglish
2:10  Yogi Babu Jr 🤩,0,tanglish
Ennada  Innuma  unnaku meesa thaadilam varala...,0,tanglish
Da kadisi senu sema dai vera lavel,0,tanglish
🤣🤣Padam climax ah vida Trailer climax Ultimate,0,tanglish
Samay Maas Talwar I am very Surya fan,0,tanglish
It's looks like Ramayya vastavayya telugu movie 🤔🤔🤔🤔🤔🤔🤔🤔🤔,0,tanglish
Ennadaa .. karunanidhi biopic madri irukku,1,tanglish
0:25 Are u virgin  90's kids elartaium ketta madri iruku...,0,tanglish
"Inoru Tirunelveli base movie  , vettai nai la ipamachi cinema la kamikurathy nala iruku",0,tanglish
Ivaroda namela padam super but avar pera keduthurathingadaaa saamigala,0,tanglish
"Rekka 2.0  Oru top class padam kudutha 2 mokka padam kuduve nadichi kudutherarru, namma makkal selvan'nukku ithe velaiya poiruchu..",1,tanglish
director thalapathy 64 gangster padamaa podunga,0,tanglish
Amazing trailer hoping for more likes,0,tanglish
vairu erinchutu Inga vanthu evanum pesa venam polam masssss overloaded poramaila Pala Peru ponguranuga...... thalaaaaaaaa rocks,1,tanglish
Dai indha padamavadhu olunga eduthu irukiya? Illa eppayum madhiri blade a,1,tanglish
Thalaivarea kaalioda aatatha neenga kaatitinga   Ini thooku thurai oda alaparaiya naalaiku 1.30 ku Paapinga,1,tanglish
thala oda verithanamana  fans like panuga na unga kitta pesanum pa,0,tanglish
Semma bigilugu kojam prblm vatrum poola,1,tanglish
Ivanathu ella Padamum pshco maatiri than irukum..  Ithula pshconu vera eduthu irukan kandipa Padam paakuravanuku paithiyam pudichidum,1,tanglish
Padam pathuduvanthu trailer pathavaga like panunaga,0,tanglish
Telugu lo kuda release cheyyandi.....suriya fans waiting,0,tanglish
Yogi Babu : Enna da Jayam Ravi mathiri vanthu nipanu paatha Nizhalgal ravi mathiri vanthu nikkira  .....,1,tanglish
Finally i asking you  What did you Say  ?,0,tanglish
0:33 Namma Tamil Nadu chief minister,0,tanglish
100 thilalangadi seandha maari irukkumnu thonuthu Anna 2 tea oru dham..Change kudunga.. Dai idhuve change thaanda🤣🤣,1,tanglish
Supar suriya sir you are my favourite superstar,0,tanglish
"Adhu Komali Illa Idhu Coma-Li(Coma-Coma Survivor,Li-Bruce Lee)",1,tanglish
Tha varalevel  Selvaragavan sir u deserve,0,tanglish
Otha dei August THALA padam nerkonda paarvai varuthu  August release pannenga soothadichi vituduvom unga padatha  Pongaluku petta ya soothadicha madri,1,tanglish
Enga Anna varurua Ella uthkittu enga ana Vijay setepathei,1,tanglish
Aishwarya's slang was not like Sri Lankan Tamil  it's different.,0,tanglish
Ithu varaikum evlo vadai suturikinga....   Niraiya Niraiya Niraiya Niraiya...,1,tanglish
Kongu thanga meengal kulumam saarbaga padam vetri pera vaalthukkal,0,tanglish
Wow! Back to Baasha mode..thalaivaaaa.petta paraakkkkk,0,tanglish
Kola gaadula iruka... Thalaivaaaaaaaa waiting layea veri aaguthey,0,tanglish
Dhanushhh Annaa Tlgu State la mvi release pannu Annaa ...,0,tanglish
"Bahubali series,  2.0,KGF, Sye raa , Sahoo, ASN.   Way to go South",0,tanglish
neraya neraya neraya neraya neraya neraya.,0,tanglish
Indha Mari ponungluku laan indha Mari dhan nadakum  Apadi laan nadakadhu  nadaka kudadhu,0,tanglish
ajith fans kaaga dhan last dialogue.....,0,tanglish
Release in malayalam  in kerala,0,tanglish
Deyy ithu 96u!!  Yaare emathiringey??,1,tanglish
2018 LA  last LA 5 song ethu,0,tanglish
Unmayavey neenga komalidhan thalaivar rajini sir arasiyalukku varradhu urudhinu sonnadhu 2017.la.. Update aagunga komalies,1,tanglish
Please trailerayaavathu ethula padurathundu sollittu poadunga aj,1,tanglish
Pandey thayoli yaar munnala voice raice pandra sanga aruthuruvom .....thala mattum thaan pesuvaaru,1,tanglish
Comment pakka vandhavanga like podunga friends,0,tanglish
Kola mass i lov u thala,0,tanglish
Entha movie election munati vanthu iruntha natu mara vaipu vanthrukkum ena Anna good person avar sonna ellarum kepanga,0,tanglish
KONGU VELLA GOUNDER SINGAM DAW....ENGA SURYA ANNAN....Mass anna,0,tanglish
Apo BASHA- Ipo PETTA- Thalaivar Marana Mass,0,tanglish
"Anna , Super My ஆதி அண்ணா",0,tanglish
Thalaivar ennaikume vera levell tha... thalaivaaa ......,0,tanglish
bhoobala bhoobala love love it,0,tanglish
"padatha papoom... yaar throwpathi, yaar antha 5 per nu therinjikkalaam..",0,tanglish
Inda Padam sure oru kalakalappu... Happy and waiting for release,0,tanglish
Cellphone ceiling a odachutu poguda?  Ena Dan padama irundalum oru nyayam vendama da,1,tanglish
"Vettaikaran sayal iruku. Ppah keerthy expressions teaser liye mudiyele, padam leh epdi irukumo? Looks like an old repetitive masala. Vijay is good tho.",1,tanglish
dislike potrukkaanga avunga amma sillukku daw,1,tanglish
Thalaivaaaaa Nee Yeppaiyume Engalukku RajaThan Str Yeppaiyume MassThan🤣🤣,0,tanglish
Rajni/Vj sethu/sasi kumar/Nawazuddin Combo rajni in BEARD ...NEXT LEVEL,1,tanglish
Night kulla 1M like varum nu soldravanga like pannunga,0,tanglish
492 views  1hour ra apudiya eruku etho sari ella,1,tanglish
HABIS AU AH GELAP TERBITLAH ETA TERANGKANLAH DAN TERSINGKIRKAN OLEH INDA wkwkkw,0,tanglish
RAJINI ya eanda vampukku elukkiringa name vanga vera vali theriyaliyaaaaa,1,tanglish
Intha teaser la vara kadaisi dialogue remove panna mudiyuma Avar pecha avanga rasigargale kekamatengranga apuram ethuku intha dialogue,1,tanglish
onlin shopin sri lanka super websait,0,tanglish
Bgm & trailer gives 96 movie feel....,0,tanglish
Aiyooo ippave movie pakkanum pola iruku blockbuster,0,tanglish
Katthi 2 Va En Thalapathi Kall Thusikuda Ne Illada,1,tanglish
Dislike potrukavenlaaam chota bheem paarka dhaan laiku... Awesome trailer...,0,tanglish
Daiiii verae levellllll.. Mudiyala mudiyala... Wait Pannae mudiyala.. But wait panni thaan aaganum,0,tanglish
Oh My God Thalaivaaaaaa Sema Masssssss Vera level.....,0,tanglish
Cinema oda niruthiru pa rajini arasiyal pakam vandhu asinga patradha.,1,tanglish
Sethu sir eppadi padam panna aalu ippadi vanthu yulutingala..,1,tanglish
Arruvam maari irundha sathyama kandaai duva,0,tanglish
Apadila nadakathu. . Nadakoodathu. . Lines for woman’s . . Super thala,0,tanglish
Title style puli padathode title style maari irukklle,1,tanglish
Super screenplay karthik acting is like vere level,0,tanglish
Hip hop aathi Anna fans hit like  here,0,tanglish
Yenada comment ah vida Dislike extra va irukku,1,tanglish
Romba naal kalichu theatre la poi paakanum nu thonuna movie..,0,tanglish
I'm biging fan for Santa Anna,0,tanglish
Bgm Semmaya iruku nu sollravanga like podunga ‍,0,tanglish
Theri Released in theatres yesterday... already online thiruttu print available... what a sin... thirudanaai paarthu thirunthaa vittaal thiruttai olikka mudiyaathu nu innum ethanai naalaikku appadiye irukka poreenga your honour ?,1,tanglish
Bigil trailer parthidu yaru illam entha pakkam vanthu irukikka,0,tanglish
Intha game ps2 la edukuma :D,0,tanglish
Repeat mode # ONLY FOR VERSATILE ACTOR  SURYA  Annaaaaaaaaaaaaa,0,tanglish
Still like tamil film even im a malay person,0,tanglish
1m likes kooda oomba mudila   Fan base matter,1,tanglish
no 1 trending in Malaysia Thalanation,0,tanglish
Thala thalapathi rendu perayum kalaichuttan,0,tanglish
Nagai vanniyargal sarbil padam vetri pera vazhthugal,0,tanglish
Thala Ajith Kumar  Tamil Cinema Mass,0,tanglish
18k dislike in 2 hrs lol,1,tanglish
THALA fans faster 1m likes varanum 4 days achi wat happen,0,tanglish
Ànbea peranbea song vidranga Vikram son teaser vedraga ana trending thala than pure mass,0,tanglish
after 12million views.... vijay Anna fans:-  41k dislikes/haters:-,0,tanglish
Thala And u1 ada ada ada Tharam,0,tanglish
pakka massss Annaaaaaaaaa I lved itt awesome,0,tanglish
Soori irukar padam confirm flop dhan,1,tanglish
yanavena dislike pannugada but unga thakuthi 80 k only,1,tanglish
Sasta make up... Older version of jailalitha looks like cartoon,1,tanglish
Ajith pachai Tamilar thalaivar cm anal Kaveri kal adiyel sollamudithu pm anaalum agalaaam,0,tanglish
Pora pokkula en thalaivan super star ah kalaichi vitingalae da,1,tanglish
Vera Vera leval thalaiva surya anna massss,1,tanglish
Semma padam hit aaga ennodaiya valthukal,0,tanglish
Who felt like #ASURAN getup? For KARTHI Like me?,1,tanglish
Entha oru miga periya visyamanalum athoda aniverla irunthu arambikarathutha alagu,0,tanglish
Tamilnatu aangala avlo kevalamanavangala .........?????   Pengala yemathi nadaga Kadhal panranga nu pachaiya solran adhuku jaadhi nu oru saakku vera .....  Ore Oru aambalaikku kudava kovam varala .......????????,1,tanglish
Like....danush Comments ....surya Yaru mass nu parkalam. Iam danush,1,tanglish
Jeyam Ravi Anna This movie semmayyaaaa Hit aagum.... 100% I'm sure... Semmaaa kick Oooo kickuuu....,0,tanglish
1:41 Second Goosebumps Movement....BGm vera Lvl...,0,tanglish
I'm VJS fan but  like Ajith sir 100 days poganum,0,tanglish
hi am m.yokesh am BEST  3D,0,tanglish
Surya normal a peasanavea nalla irukum Pola.. ipdi mukki mukki peasana ganda a aguthu,0,tanglish
Yuvan music super but kelavan ajith acting mokka,1,tanglish
Likes summa alludhu .... Records create pannanu but atha nanga than pannanu ....,0,tanglish
naadaga kaadhal group  trailor pathuttu saavuda,1,tanglish
Enna Da visvasam bgm la varthu,1,tanglish
1:35 engada perumai adaya viduringa  90's kidsa,1,tanglish
sakthimaan scene 90s kids life natantha visayam ya🤣🤣🤣🤣,1,tanglish
"Namma suriya annanum,  selvaraghavan annanum thirumbi vanthitteh...innime samma kondattam thaan.......malayali surya fans undo...im a dhanush fan frm kerala but i love surya too...",0,tanglish
Intha Mari ponungaluku ela ipdi tha nadakum Thala: apdi ela nadakathu  Nadakakudathu,1,tanglish
pangaaligala intha vegam patthathu innum vegama views ah therika vidunka,0,tanglish
Sarkar vanguna teaser like la kal vasikooda varala,1,tanglish
"Sekka sevantha vaam alla ,  .... dhuppakkiya sumantha vaanam",1,tanglish
Enna da padam சாதி பு..ட படம்,1,tanglish
Vera leval ..... Best movie  Music marana mass,0,tanglish
Fully rajinism ... Thalaivaaaaaa mass.. fdfs Kalakata poguthu.... Thalaivaaaaaa,0,tanglish
No kabali trailer effect ...  Hit like,0,tanglish
4 months akiduchu likes 844k bigil 4 hours la 1 million likes,1,tanglish
Inga yaaralla vijaysethupathy kaaga petta poringa,0,tanglish
enada pandey news ah vittutu cinema la nadikuran,1,tanglish
Petta paraak.....kola gandula iruken kollama vidamaten,1,tanglish
"What ** did  you say, thala masss",0,tanglish
"Paa.Ranjith edutha mattum thappu illaya, idhumattum saadhiya thoondumnu solranunga thevudiyappasanga",1,tanglish
Nice Nandha Gopala kumaran  Suriya love from kerala,0,tanglish
Veralevel performer Dhanush sir,0,tanglish
சிம்பு fans Yarum Irukingala ..?? Ohhh simbu ve illayaa  . Funny guy simbu ..,0,tanglish
Vasool Raja yaru Peru kelkamale theriyum...Aamada...Enga Anna Vijay tha....Vasool Mannan...Theri Baby,0,tanglish
Thalapathy vijay fans ...here ..hit like ...nanba nanbigal,0,tanglish
Tharamaana sirappaana sambavam inimeal ta paaka pora....,1,tanglish
ada pongata vijay 100 sari ora kadhanthan pa vera edavathu puthusa yosingapa,1,tanglish
Surya luv you a lot thalaivaaaa 🤗 🤗 🤗,0,tanglish
Ama vadivela en da asingam paduthuringa,1,tanglish
Idhuve ippadi iruke Thalapathy 64 yeppudi irukum,1,tanglish
Innum 51K views irukku.... Oru view pathuttu oru comment... Innaikku ni8 kulla 10M views and 100K Comments... Therikka vidrom,0,tanglish
U1+Selva kaga vantha..... surya also mass...,0,tanglish
Inimae oorukulla mass uh gethu nu sollitu thiriya kudaathu Yean naa athu ellaamae naanga thaan,0,tanglish
Hoo hoooo .... majha agayaaaa dill irnda yarawad koda release pannangda papoon ...,1,tanglish
6 th standard payan edutha Maari irukku Da Padam.,1,tanglish
Kadharal aarambam aachu thalaiva..padam releseku munnadiye..  Idhuve 1st vetri... 🥰🥰..,0,tanglish
Dhanush vera level la poita ya ne,0,tanglish
last scene look like a underwear ad,1,tanglish
Hero mattum Ivan illana innum nala irunthurukum,1,tanglish
Get... Ready..sk. Force.. Part 2. Part 3. Varavaipomaaaaaa...,0,tanglish
Yuvan ! Just Yuvan things!,0,tanglish
Neega Vanga Thala Thambinga Naaga Irukom,0,tanglish
Sila Ajith thevidiya fans vandhu kadharaga potta pasanga,1,tanglish
super trailer kaapan naddipin arakkan  banglore surya fans trailer nallindha like poddungha,0,tanglish
Intha movie ku neraiya positive comments vanthiruku.. But enaku enna story nu suthama puriyala??,0,tanglish
"Ponna Pathavanukku Thaan Thariyum Antha Vali Enna Vandru,Thirutt..... .",0,tanglish
Fans of Surya Hit like on video,0,tanglish
We want this movie in telugu,0,tanglish
Baground music  Vera level Seat end la ukanthu pakura padam marana waiting thala,0,tanglish
Its Ajith Kumar VS Rangaraj Pandey,0,tanglish
Anna royapuram fans support ur film,0,tanglish
dai vijay fans podicha like podu illana modikitu po,1,tanglish
Nanga padura kashsham pala ... Atha anupavishsha ninga ...atharkana kural kodukka matringaleeee...,0,tanglish
Aravind samy- aditya karikalan Simbhu- arulmoli varman Arunvijay- madhyranthagan Vijay sethupathi-vanthiya thevan Jyotika- kunthavau piratti Prakash raj- sundara cholan Aditi rao- nandhini,0,tanglish
"Ayan , Mattrran , Adhavan Moonum Kalantha Mari irukku Wowww",0,tanglish
Ending 1996 Super...... Naan araciyal luku varuvadhu uruthi......,0,tanglish
Ennada 10M views ku 5th day laye ivlo mukkudhu nu solra bot anil p*** pasangala... No bots no Visay,1,tanglish
1:38  to  1:50 vera level,0,tanglish
0:50 athan already kalyanam ayiruche appuram Enna will you marry me,1,tanglish
visvasam trailer parugga semmaya irukku like pannugga,0,tanglish
varalam Va varalam Va 10M views,0,tanglish
20 Days Go Kaappaan Celebration,0,tanglish
Aug 10 varaikum wait panna mudiyathunu ninaikiravanga.. oru like podunga..,0,tanglish
One Hours 464 k views,0,tanglish
Gumbala vandhu dislike pannitu poirukanuga pola.. Kadharunga nalla...,0,tanglish
Ratchasan music madiri iruku.. starting strings,1,tanglish
thalaiva nan un uyire rasigan teaser sema mass love u endrum un vazliil,0,tanglish
Vada chennai - Like     Asuran              -Comment,0,tanglish
"Padayappa, badsha, muthu padangalin varisayil petta paraak Thalaivaa trailer kadaisila kali oda attam super intha pongal thalaivaroda pongal",0,tanglish
Teaser vera 11  suruya Anna massssss,0,tanglish
varalakshmi Sarath Kumar suit for this,0,tanglish
Naladhan eruku...ada nala eruku yah... Let's hope the same in theaters,0,tanglish
so poor vfx. i m disappointed,1,tanglish
Ippadi naraya naraya naraya naraya narayaaaa.... Vera level THALA,0,tanglish
Na vijay rasikan.semma thala u choose story,0,tanglish
"Nawazuddin Siddiqui, pavam oru nalla nadigana kodumai padutha poringa  sad sad",1,tanglish
Niz bgm copy ... From Malayalam,0,tanglish
Enda adhu ena da evana pathalum  90kids 90kids nu adhuku munadi evanum porakalaiya illa adhu ku munadi poradhavanga manushanga illaya Ponga da.,1,tanglish
Thala AJITH KUMAR Sir Nerkondapaarvai... Marana waiting Da..,0,tanglish
Kadaram Kondan vs Saaho.... I'm waiting....,0,tanglish
"theater ku poraven ellathukum readya pongada, kandipa first AID box kondu ponga kathu kilinji retham vandalum varum",1,tanglish
Poda T...v pasangla ena da Thalapathy ya paathu andha scene la sirikra maari Pani irukinga otha Ajith movie la light ah sirikra,1,tanglish
Evanla  2.o nalla illanu soprano available oru manusane illa,1,tanglish
chinna payye maari styla irruka  - biggest joke ever made to a 70 years old man,1,tanglish
Vera level acting thaliva.... Jayam ravi anna va putichavuga like pannuga,0,tanglish
Zee tamil la intha movie pakkura ipo,0,tanglish
thala movie 100cr um varathu YouTube la like views um varathu............pavam aaaama kunjunga,1,tanglish
Hollywood padatha yaar Tamil la dubbing pannathu,1,tanglish
Anbuvin sombuvey..ryt ilavarasan case la maangaiku sammandham illanu solla varreega,0,tanglish
Ji likesa therikka vidunga thalaiver fans semma masssa iruku,0,tanglish
Bgm u1 rocks  Thala always,0,tanglish
Enga Tamil  layum bramanda movies eduka all iruku da,0,tanglish
"Kadhal yepothumeye azhagu..,, kadhaluku vayathu, karanam , azhagu yethumeye thevai illai.., kadhaluku eru manasu matum pothum... thooya manathudan kadaliyungal... vazhkai azhagagum",0,tanglish
Super star  fans like here,0,tanglish
you will see my rage....kola waiting,0,tanglish
Nerkonda Paarvai vs pink who is best?,0,tanglish
"Theme music visvasam konjam pidsuru thattuthu ,,marrijavan ku mattum case pottinglaa ithukkum podunga da",1,tanglish
I love you Chang Broo Surya Annaa,0,tanglish
Netru - super star   Indru - super star   Nalai -super star   Endrum  SUPER STAR,0,tanglish
sbuvum neeyum onnu..rendu peru padamum ithuku mela varathu .rendum therma irunthum keduthukichi,0,tanglish
Style king na  THALAIVAR than,0,tanglish
Vera level trailer. Oru tea oru banu meethi kasu koduga ethu vey meethi kasu thaa daaaaaa,0,tanglish
Aavi mindvoice : Ennada panni vechrukeenga,1,tanglish
Semma da dai 90 kids and 96 rajini entry chance ah ella bangam,1,tanglish
Pudhiya thalaimurai TV pandey maathiri irukku,1,tanglish
Dei aathi.. adikkura adiyile vanthudum.. pethi...,1,tanglish
Thappu seiyanunnu nenaikkara ovvoruththanukkum ethu oru  padama irrukkattum,0,tanglish
Dai mokka vetri Mara unaku yethrathamanna kathaiyee eduka theriyatha!?,1,tanglish
Pasi edukumodhu jaathi theriyala. Kaasu vanthathum saniyan pudicha jaathiyum senthu otikuthu thu enna vaazhkada ithu,1,tanglish
Nalla oru Telugu padam trailer paatha feel,1,tanglish
Epdithan super star matum intha vayasula ipdi irukaro semma,0,tanglish
Hip hop adhi fans hit like,0,tanglish
Yennava irunthalum thalapathy mathiri varathuda yes yenru solluravanga like pannunga,0,tanglish
Atchi varathu irukatum intha padathuku vasool varuma,1,tanglish
0:41  Vere level seen 100%,0,tanglish
Na arasiyluku varradhu urudh.i ea idhu 96 yara ematha pakuringa,1,tanglish
Thalapathy vera level #luv u thalaiva,0,tanglish
Bore adi koo dhu indha Mari pada tha Pathu pathu ya vazh Kai LA edha LA Nada ka la,1,tanglish
Ivan mokka but epdiyo herova agiten,1,tanglish
"Vaani fans like panuga Rithika Singh fan like panuga  Sethu fan like panuga nu solrangalae ,evanachu trailer epti irukunu solrana pathiya...",1,tanglish
Marana mass muchcha anilu ammaiyan vjmaaa ummah sollu hahaha,1,tanglish
Kutta koothi Mokka look like as anjan,1,tanglish
Neriya neriya neriya neriyanadaka koodathuu... tha bgm,0,tanglish
Machine gun climax la ennaku pubg veri vandhuduchu,1,tanglish
"120.896 likes in 54 minutes  I'm Pakistani, but I live in Italy",0,tanglish
Adei clap adichu start pandrathea balumahendra thanda kondu vanthathu tamil cinemaku,1,tanglish
All you dislikes person's last dialog for you mad people's,1,tanglish
Hi i am waiting for kappan movie,0,tanglish
Epavume ajith oda own dialogue padathula pota padam flop tha...paapom director sona mari nadichurukara ila ivarukaga kadhaiya mathirukangala nu...,1,tanglish
That frame Yaana joke Kathir ettipaakurathu........,1,tanglish
"kattai mattum illa nattaium vetti ada varukirar  for Indian police December 16,s3",0,tanglish
Dai yen da short flim ah yellam copy panringa,1,tanglish
Dei vaitherichal la unlike pandravan la inga vanga da kola kaandula iruka kollama vida matta,1,tanglish
Nice trailer & rajini scene semma comedy,0,tanglish
Rajini ah kalaichadha vera level hey ithu 96 uh yaarah emathuringa,1,tanglish
rajiniye oru nathari paya avana ivalo bildop panra neenga adhukku mela,1,tanglish
Eana pa kekabeka shrt film oda movie version a,0,tanglish
"Thala un padathukku verithanama kaathirukkirom ,makkalaagiya nangal,iam waiting this movie thala.",0,tanglish
Paaa ......look and style vera level thalaivaaaa,0,tanglish
Andha 39k vum endha lusuk***** nu elarukum nalla theriyum,1,tanglish
"Ennada Commentla ACTION KING , ACTION KING, ACTION KING ah vararu....!",1,tanglish
Enaga Da keka beka short film ah perusa yeduthu vachirukiga,1,tanglish
Sagikkalai.. Pongada neengalum unga rasanaiyum... Please stop acting mr Rajini...,1,tanglish
Naan ellam lungi katyikit ooditta thalayadich veezhuva aanaaal !!! Evan sadharana manithan illey 🤩🤩,0,tanglish
Thalaivaa  Trending 1st in Singapore!!,0,tanglish
I am from karnataka ajith boss fan,0,tanglish
Daiii nenga oam pasava kudhadhu da,1,tanglish
En da sathish ey potu ellam padathayum kedukuringa🤦‍🤦‍,1,tanglish
looks like tamil version of jumanji,1,tanglish
Nan shalini vachi kai adika poran......ahh shalini ahhhhhhhhhhhhh,1,tanglish
Vijay scene ku sirichadu nalla irundu,0,tanglish
looks like athavan part 2 lol,0,tanglish
Raana bro enna bro pannivechirukenga en thalaivana paavom bro nalla irundha manushan ya.    yo vechi sengitengaleya ammme mmeh,0,tanglish
Only can do this RAJINI........ Pettttttttttttttttaaa...... mrana maaaaaaaaaaaaasssssss,0,tanglish
"Devar ayya unga jaadhi pasanga eppadinnu solla thevai illa ellarume manidhargal dhan thappu ellarum pandranunga neenga panna time pass ,matra jadhikkaran senja adhu naadaga kadhal poittu,police station laum,Court laum paarunga yaar veettu pasanga kettavangannu therium",0,tanglish
Karthiii fansss hit aa like here......,0,tanglish
Goona be best indian movie till date,0,tanglish
Namma Anna daa......!! Suryaa naa Summa Vaa...!!,0,tanglish
Truly an heroine Kangana nailed it !!!,0,tanglish
"Ungaluku Vera velaya ilaya..same story , same script. Advice pandrathukunu ne script ezhuthuvaanga pola",1,tanglish
Semaaa ... rajni ha ha ha kandipa 2020 arasiyal vanthuruvaru mmm,0,tanglish
Surya Anna ninga vara level Mass NGK,0,tanglish
sathiyama sema mokai  poruki poruki pota comedye evalo mokaiya eruke ennum padom fulla evalo mokai erukumo?   :-( kadavule vedai,1,tanglish
Teaser maranamass. Lallettan and surya annan polichu teaser kandaal ariyaam padam Maranamass aanennu. Vijay fans veendum thanthayillaymayumaayi dislike adikkan erangiyittundu shame of all Vijay fans,1,tanglish
Thala teaser pana record evanunga evalo nala achu apo kuda pana mudila,1,tanglish
Make it huge.... Makee it hugee!!!!!,0,tanglish
Bruce ukku oru alfred! Sk annavuke arjun!,0,tanglish
Thalaiva vere leval  Kerala fans,0,tanglish
Thala thala thalaaaaa.....  I'm  waiting,0,tanglish
Vijay fans parthavanga like podunga,0,tanglish
Antha Suya Puththiya pathi peruku illaye..,1,tanglish
WOW !!!! Tamil GTA AWESOME MOVIE,0,tanglish
NGK KERALA FANS SHOW TICKET HEAVY DEAMAND VEERITHANAM OVER LOADING,0,tanglish
Like only for rajini Anna and makkal selvan,0,tanglish
ethanayoo peru intha padam unaku hit tharum nu solluvanga..ana nan ipo soldren..intha padam thuku kolanthainga matum than varum,1,tanglish
Vera level suriya Anna.... We love u all Suriya sir odha Kaachi verti...,0,tanglish
im late to see this but trailer is aaasome like vijay,0,tanglish
"Oruthar mela Viswasam kaartrathunala, innoruthara yen asinga paduthuringa?",1,tanglish
Movie is going to be disaster,1,tanglish
Vijay Sethupathi & Anirudh ivangalukkaka like,0,tanglish
This bgm like kathi bgm (yes) or (no),0,tanglish
Hoy Hoy inke - enkeyo idikkuth....,0,tanglish
Copy Cat Santhanam + Gaundamani = goo.gl/EkRRT2,1,tanglish
Trailer 4.00 mins🤦 padamey upload panirukalam,1,tanglish
thala engal varungala superstar ultimate star ajith kumar after rajini sir,0,tanglish
Super star Rajini fans hit like,0,tanglish
"Entha trailer ku matum ella , matha hero voda trailer kum , dislikes varuthu, tamil cinema stars fans poramai,",1,tanglish
Super song i am working fors Vivegam 2,0,tanglish
thala marana mass ungala pathi soldrathukku varthaiye illa waiting for big screen,0,tanglish
Thairiyama dewali Ku va thalaiva  nanga irukom irupom 🤗,0,tanglish
"Hey, Dislike pannavellaam apdiye odi poidu.. Kola kaandula iruken..",1,tanglish
ultimate thala. edho hollywood moovie pakkuramari irukku,0,tanglish
Enga ore star thalaivar super star rajinikanth massss Vera leaval thalaiva mass pakka massssss,0,tanglish
Padam and Reviews pakamaye solren ottthaaa hittu da...,0,tanglish
"omg, Indian filmmaking is so embarassing xD",0,tanglish
Thala i lv u semma masss,0,tanglish
Fake likes&vivews iruntha trending no1 varaathu saaho teaser innum trending la varathathuku athan kaaranam,1,tanglish
Vera level nadipu die heart fan of Surya,0,tanglish
he is like hug jackman of India,0,tanglish
Then vj fans.....ajith paththi tetta venam.......yeadiriya vaalavitu valanum,0,tanglish
Yo padam release date yaravadhu sollunga da,1,tanglish
Movie superb  SEMA movie ....,0,tanglish
Po da  thevidiyaa paiya,1,tanglish
we r waiting bro.. theriiiiiiiiiiiiiiiiiiiiiiiiiiiiiiiiiiiiiiiiiiiiiiiiiiiiiiiiiiiiiiiiiiiiiiiiiiiiiiiiiiiiiiiiiiiiiiiiiiiiiiiiiiiiiiiiiiiiiiiiiiiiiiiiiiiiiiiiiiiiiiiiiiiiii hit conformed..,0,tanglish
Thalaivaaa a.... Nadippin Naayagan SURIYA ... Melody King HARRIS JAYARAJ ...KV Sir.,0,tanglish
Jayam Ravi fans like podunga,0,tanglish
Over build-up kadasila vivegam puli mathri ayida pogudhu,1,tanglish
Namakku thevai aanantha namma thaan adichu pudunga um,1,tanglish
Adadadadaaaaaaa ennaya idhu aayutha ezhathyu mavnam peasiyathe 2duthuyu sertha mari iruke,1,tanglish
My anna teaser ku like podalum unlike podalum mass mass tan  vjay no2 suriya anna no1,0,tanglish
Anna vaa na vaana unakaga tan waiting anna mohan anna and hero semma get up,0,tanglish
Thalivaaaaaaaaa neeee semma i love u soo muchmake way for the king,0,tanglish
Idhu pudhu love story movie nu solluravaga like pannuga,0,tanglish
GVP tha erangi senji irukan,1,tanglish
Padam hitu! But Selva sir padam mathiriye theriyala  I want to like pudhupettai cult classic,0,tanglish
Adeiii karappan nu padichiten da 🤦‍🤦‍🤦‍,1,tanglish
BGM saavadi... but vjna va paake thaan semme comedy ah irukke..,1,tanglish
ya hoooo 17 man of view,0,tanglish
24 hr la 10 million views  thalaivar thalaivarthaan....,0,tanglish
300+times paathavanga oru like pottu ponga frnd🤗,0,tanglish
I am waiting for valimai movie.,0,tanglish
Daii pink padathula fighta varathu AJITH DOES NOT SUIT AMITA BACHAAN,1,tanglish
Bigil koodaye modhurapdi adhu .....   Idhuthanda verithanam,1,tanglish
Thalapathy adutha director antu trailer paaka vanthavunge like podunga...,0,tanglish
Thalthapattavana ennum ethana varusam da avamana paduthevanga,1,tanglish
Yellam ok except satish mokka comedy,1,tanglish
Dailium trailer pakuren 5 million views ku waiting...,0,tanglish
MARANA mass aa irukid talaivar oda  style PETTA pongal than inda vasa  PETTA parak,0,tanglish
2:02 sema gandilu iruken mavane kollama vidamaten  sweet sapdaporen,1,tanglish
1000 view can't sleep kannnu la eriyuthu,1,tanglish
Sekkiram release pannukappa nallapadam parthu nalachi.,0,tanglish
Sema mass thala neenga eppavum nalla irukanum god bless you thala,0,tanglish
Last dialogue  epo ellam may epd than jalra taturaga,0,tanglish
Nammaku thevayanatha namma than adichi vanganum...,1,tanglish
Vera level thalaivaaa... trailer pathu padatha theatre la pakka anga vittutingaa,1,tanglish
Arr & Mr making something  big big,0,tanglish
Ultimate End..... Idhu 96' yaara emathuringaada... :-),1,tanglish
Kavalamana irru ku eppavumay orray mathiri intro,1,tanglish
Uthavinga ingirathu muthukku pinnadi irukkira macham mari atha paarkka mudiyathu,0,tanglish
Sir ku one more bulp parcellllllllll,1,tanglish
Nalatha iruku... Aana dhool movie koncham varuthu... Parpomm,1,tanglish
Ngk trailer solla vaarthaiye illa semma trailer,0,tanglish
"Kadaisi padam flop aagi, Adutha padathuku director kidaikuma Apram orey Dir kooda padam panni Apram Producer kidaikama Naai maari alanju, Apdi kidacha apram kooda Heroine Nadika matenu serupadi koduthu Oru valiya ellam kidaichu,Foreign ku poi sylvester nu oru vadaiya suttu, Siva lam Collection Beat panni,photoshop panni,Vijay Fans kitayum Public Kitayum Daily Serupadi Vaangi,intha varusam engaluku Deepavali Illada nu kathari azhuvura pangu fans ku Intha #BairavaTeaser Dedicate panrom.....",1,tanglish
"Tharula Naingala  urla engayavathu iruntha odi olinchukungada..,    April 14'la  irunthu  Vanthu  Therika Poranda..,,  Athula Sikapora Nainga Ellam  Sinnapinamavaothu Da Parr..,     Nambikaey Illana  Aprli 14 Vanthu Parr  >>   AAnna  Uroda Thirumbi Pogamatengada..,",1,tanglish
Views katuga da Hang aanalum paravala,0,tanglish
Kaithi Ticket book pannavanga like pannuga,1,tanglish
namma thalapathy pakka massssssss da teaser,0,tanglish
Nan padippa vachi vaparam panravan illa Padikaravana vachi vaparam panravan,0,tanglish
Asuran verithanamkaadu eruntha eduthukuvanga ..kasu eruntha pudikiruvanga ...ana padipa maittum namba kitta eduthukavae mudiyathu ....,1,tanglish
0.11 how many u notice Samthurakani wow,0,tanglish
Congrats vikaram sir behalf thala fans,0,tanglish
last bgm un azhaigil en idhayam than nilayail kathi song ah copy adichtan,1,tanglish
Jiii a Ku oru hittu parcel,0,tanglish
Go see tik tok funny video,0,tanglish
"Padam trailer mooka, padamum waste Insulting amitab  Poi sethu thola da ajith sunni",1,tanglish
#THALA Marana Maasss... #YUVAN Bgm Therikkuthu...  #VINOTH Vera level....,0,tanglish
Srivai kundam maravargall saarbaga vazlthukalll,0,tanglish
Thalaivar Mass ah Irukaru palaya rajini ah paatha maari iruku,0,tanglish
MASS MASS MASS VERA LVL SURYA LOVERS LIKE HERE,0,tanglish
Ellam ok than padam mokkaya illa ma iruntha ok than... Pa...,1,tanglish
Vera Vera Vera level maranam,0,tanglish
Superraa eirrikku thalaiva          ##  Petta paraak ##,0,tanglish
Yuvan shankar raja bgm Vera level,0,tanglish
Comment Panna yalaru thirupum comment pannuge,0,tanglish
Idhula Hindi enga irunthuda varudhu???  Producer BJP Polaye... Apo panchayathu than..,1,tanglish
Jayaram Ravi diehard fan from kerala,0,tanglish
Dislike pottavanuga amma ella silluku da,1,tanglish
Waiting For Marana Mass Movie Kaappaan....Surya anna Laletta superrrr,0,tanglish
lookz like a promising surya specialzzzz,0,tanglish
Enpt ticket book pannavanga like panunga,0,tanglish
Suyama sinthika therinja vantha unmaiyana super hero,0,tanglish
Hei evanukkaaccum pondatti pulla kutty sentiment gintiment irunda apdiye odi poidu kola gaandu le irukken kollame vide maatten..massssssss,1,tanglish
Vetrimaran and gv prakash verithanam,0,tanglish
Namaku theva thavayanatha nama than adichu vanganum .... Nama edathuku nama than sanda seyanum....,1,tanglish
Trailer paathutu padam flop nu kandu pidichavanga mattum like podunga..,1,tanglish
Yenna da silent ah release pantingga,1,tanglish
Aiyoo innum ethana varshm aagum padam varaduku,1,tanglish
Surya in movie is very nice movie & I like movie,0,tanglish
NGK NGK NGK NGK NGK NGK NGK NGK NGK NGK,0,tanglish
Ada paavingla dhool padatha apdiye copy pantingla..... yar sammy antha director.,1,tanglish
Thalaivar  tharumaru peta parrak ena energy trailer  pothum  engaluku podra vediyyaaaa,0,tanglish
5k of unlike from 2k kids,1,tanglish
Thala entry ye athu oru thani marana gethu da!!!!,0,tanglish
Trailer Mari padam fullah iruntha meratala irukum..,0,tanglish
Ha ha ha potta thanama padam edukathinga da,1,tanglish
Inga iruka uthamanunga evanum love pannitu dalit ponnu nu therinja udanae avala emathitu vittutu pogadhavanungala.... Enga pasanga dhan nadaga kadhal pandradhuku avasiyame ila... Nangalam padipula velaila nu munneri vandhutu irukom... Chilra thanama oru padatha eduthutu peruma pesitu irukanunga...,1,tanglish
Kekka bekka short film copy adichutu perumai ya poduranunga paru movie ya,1,tanglish
jayalalitha nu sollitu sasikala va kami kuringa,1,tanglish
In between siva nalla padam pannalyo ennam irunthuchi. Ippa oru nalla padam varapoguthu!!,0,tanglish
Romba super Rajini style full trailer excellent hits super duper hit movie,0,tanglish
Andha loosu atlee movie ku kaidhi evlo nalla iruku Andha vijay ku acting ae varadhu,1,tanglish
idhy 96 yaaru yemathiringa  senjitandaaaa ... vachi senjitandaaa ....,1,tanglish
Agamudaiyar vampasm sarpaga intha padathirku vazhthukkal....Ithu pondra samuga padam thevayana ondru...Guruma Grupsku nalla pathiladi kodukkum,1,tanglish
Hatters illaatha ore valarnthu varum hero hip hop tamilan .....,0,tanglish
Semma surya sir I'm waiting,0,tanglish
2056 laiyum Rajini arasiyalukku varuvathu uruthi endru Rajini voice varum 🤣🤣🤣🤣🤣🤣,1,tanglish
That end rajini punch semma 🤣🤣,0,tanglish
yellathukum antha bharani paiyan than kaaranam,1,tanglish
Yov enna BGM da. Ipdi verithanama iruku,0,tanglish
Sathima ipdi oru padam varanum apdinu thaan kathutu irundhan,0,tanglish
"Ajith fans,,,,,,,yenga records yella yenga pochu thalapathy fans aaaaaaaaaa nakkittu poituchu",1,tanglish
Thala a thoppai yendu sonna thevadijal pajaluvalukku intha trailer avankaluku seruppadi sema,1,tanglish
Its just beginning VJMAAAAAAAAA n anilu kothi fans,1,tanglish
Hello..... 90's kids..... Why  feeling.....90s la porandhavangaluku maximum 26-28 vayasu than agum... Athukulla over ah kalaikureenga... Think or ask your father which age he is married average 30... Ethuku  avasara paduthuringa marriage marriage nu.. ..poi vela vetti irundha parunga.... 90's kids    ...,1,tanglish
2.0 trailer semma semma semma semma Mass Mass,0,tanglish
Bigil : like  Kaithi : comment,0,tanglish
Trailerey paaka sagikalaiye. Padathai epdi paakaradhu. 🤕,1,tanglish
therikkudhu therikkudhu mass parakka dhu masss,0,tanglish
Don't bother about 43k dislike Always terror in 523k+ rocking THALA Likes....! Oruthar mela neenga vishvasam katruthukaga innoruthra yen ashinga paduthiringa....?,1,tanglish
Akshara should be vikram's daughter. Ivangala edho prechanaila irundhu kaapatha dhan sir vararu pola,1,tanglish
KV ananth Surya combonale hit than pa padam,0,tanglish
Dmk naye gomma thaliya meda potu aruda gomma nethila ena rathama manam ketavane hindu thuroki naikale kirku matha matri adimai naikale thu,1,tanglish
Hai Anna semma trailer Anna ippom dhan phone trailer patkiraen Anna 1year ah vtv illa Anna idhai parthu padam parpaen,0,tanglish
Palli Poolu thevudiyaa payaluga padama??? Appo theatre  panni naatham adikum 🤣🤣🤣 Chaii... Thooo,1,tanglish
South india la intha paata keekatha alae illai,0,tanglish
Arun Vijay + Simbu = mass,0,tanglish
Rajini ya pangam pannathu mass.. Dairiyam venum.. Director jayam ravi  producer...hats off.....,1,tanglish
Ayoo.. I luv rithika Singh..,0,tanglish
nalla film aya mathiyayrunnu triler super,0,tanglish
Ivana epdi pathalum comedyathan irukku.. Enamo ponga da,1,tanglish
Korraikum nai kadikathu nu solluvanga ... Ithulea yea therithu ivalo bayam nu ...... Iraivi 2,1,tanglish
inimey dhan sirapana sambavangala pakka pora.. vera level thalaiva.,1,tanglish
Andhra Pradesh hip hop tamizha fans like,0,tanglish
300c confirm nu nenaikkuravan like podu,0,tanglish
Over scene illa mokka trailer,1,tanglish
Ippa dhaan thalaivar sonnaaru ..seruppu pinjidum director...Mr 9 jeyam Ravi and innoaru 9 isary Ganesh ku....  naalu padam hit aanavae periya poolu maadiri vanduruvaanga....,1,tanglish
Marana waiting for thalaivar dharisanam,0,tanglish
"Aruvam la pei padatha kalandhu spoil panna maari, football la pei concept ah vachu spoil panniradhingada.... First half teaser nalla iruku....",0,tanglish
Ajith Kumar Pera Theatre Pakkka Marana  Waiting Thala Bloods,0,tanglish
Padam flop nu solaravnga attendance podunga..,1,tanglish
GYANAVEL RAJA sirta kondu poningana padam periya levala release panuvaare......,0,tanglish
Intha varusam surya fans ku 3 diwali,0,tanglish
One solliten vijay sethupathi dummy agunigha avaultha,1,tanglish
"thambi mela irukkanavum,keela oru naal varuvaan.....",1,tanglish
More than 50 times pathuten .....Thala pakka pakka veri erudhu ..love u Thala,0,tanglish
After 5 days still trending no 1,0,tanglish
Surya semma mass.Marana waiting for S3 ...!!,0,tanglish
"Semaya iruku pazhya Rajni style ellam partha Madhuri, wow sema",0,tanglish
Wowwwwwww   7.3M views  405K likes,0,tanglish
Achi h.. jb b Sony Max p aayegi tb dkhuga jarur..,1,tanglish
Dai intha mokka padathukada ivlo promotion panreenga.. motha manusan aprm thaanda intha jaathi laam..loosu pundainga maari padam edukathingada,1,tanglish
Rangaraj pandey vera irukkarae vera level,0,tanglish
Paeru DHANUSH'u! National award winner DHANUSH'u! Kaelvi patrukeengala! Verithanamaa waiting for ASURAN,0,tanglish
Innum neraiya neraiya neraiya neraiya neraiya neraiya neraiya cmt and views,0,tanglish
Indha diwali tharamaana sambavam iruku,0,tanglish
Aravind swami sirrr fans hit like,0,tanglish
Iduku yean Da natodigal title vaichinga. Andha template story Dane nanga expect pannom,1,tanglish
santhose narayanan again he mad great bgm.... but vijay back with bang ..same shit punch dailog... thaanga mudiyala entha kosu tholla,1,tanglish
How you can do it guys ?,0,tanglish
super power anna full mass Bairavaa superrrrr,0,tanglish
str na mass next super star str,0,tanglish
Adiiiii pisiruuuuuu......masss daaa marana massss.....no one touch this peak level dialogue delivery .........star marana mass super star. Forever......,0,tanglish
Ajith never fails to inspire thala   Some of them talking about dislikes.. Neenga avanga teaser trailer varumbothu summa iruntha avanungalum dislike podaama summa iruppanunga..,0,tanglish
superb trailer   pls dub telugu,0,tanglish
Dai intha mathirila padam edukathingada bayama iruku daa,1,tanglish
Enna da Music kuda VA da..... திருடிவிங்க...இந்த இசை Plant of Zombies  Game Music da .....chaiiiii................🤦‍🤦‍🤦‍,1,tanglish
thala fans nanga ni8 kan mulichu like potutu irukom....intha vijay fans thoongama  ni8 12 maniku dislike panitu irukanunga the power of thala,1,tanglish
Indha padam periya vetri adaya   #THALA FANS SARBAGA VAZHUTHUKAL,0,tanglish
Vetri kootani nu marupadiyum nirupichirukku....padam asurathanam,0,tanglish
Semma thalaivaaaaaaaaaaaaaaaaaaaaaaaaaaaaaaaaaaaaaaaaa my thalabathi always rocksss,0,tanglish
Hindi padam trailer patha maari iruku,1,tanglish
Mohan j good job .keep it up,0,tanglish
Music antha alavuku eadukal kaithi la BGM na athu asuran BGM than best BGM 2019,1,tanglish
Jaadhi veri pidicha thayoli ellam inga thaan irukanga pola🤣,1,tanglish
Jayamravi : chinna vayasula Nama oru yeri la kulipom la anga polam.. yogi babu: adhu Mela thanda evlo neram nadandhunu erukom..sema da dai..,0,tanglish
Today NKP trailer yarellam paaka vanthenga,0,tanglish
SK Fans Saapra Valthukkal Pa,0,tanglish
Thuppakki padathaium theri padaththaium peranmai padaththaium copy adichi irukkanuga puthusa yedukkave maattingala,1,tanglish
Semmma song thala u r great rock star anirudh mass song,0,tanglish
Only #28 #day's left  terikka vittarum,0,tanglish
Vijay sethupathi Anna bayangara mass said irukaru,0,tanglish
16 ON TRENDING! OMG WOWW  love rajinikanth,0,tanglish
Awesome trailer! I like S.K.. but trailer climax la sirippa adakka mudila 🤣,1,tanglish
Idhuku dislike pota naainga ratham kakki saavuvanunga....,1,tanglish
Yow pandey nee enaya inga anga poi kuda kelvi thana ya ketkura,1,tanglish
sathiyama kadha purila ana paaka nala iruku,0,tanglish
Andha kadaisi 20 secs ! Buhahahaha #Thalaivarrrrrrr,0,tanglish
Dislikers  Selfie maarke Gaand marvale,0,tanglish
Enaku apdiye padaiyappa second half Rajini ya patha mariye iruku  can't wait for fdfs,0,tanglish
Pongalu'ku Thalaivar marana mass kaata poraru... Young look la vera level la irukinga Thalaiva,0,tanglish
Ethu pakum pothu adanga maru mathiriya iruku,1,tanglish
Semma Vera level... Surya masss... #NGK...,0,tanglish
National award miss aagathuu indha time,0,tanglish
Finishing punch semma..But title peru komali nu vachadhaala kadaisiya oru komaliya kamichu mudichirukinga...Anga nikkuraaru director 🤣🤣,0,tanglish
Thampi mayilvahanam njan  thala aleda thala edukunavan,1,tanglish
Engae annakoo nammae melae paitheyam Ila Na epipadi oru Padam panuvara,1,tanglish
"Iron lady , Tamilnadu in amma va ipd pani vachu iruukinga paithiya karangala.... vera nalla heroine eh kidaikalaya da unkaluku",1,tanglish
Vera level bro paka paka paka paka mass suriya ngk movie marrana wait ma,0,tanglish
"dai padam  nalla iruntha odumdaa,,,aver 1996la varenu sollava illa….kadaisila neeyum negative publicityku echa puthiya kattitiyadaa….",1,tanglish
Yoov ennaya dhanusu bayama irukuya unna paatha...Enna nadippuda eppaaaaa...sillukkuthuya...,1,tanglish
Aravind Swamy and makkal Selvan,0,tanglish
Edhu thelnalangadi movie mari eruku soldravanga like panuka,0,tanglish
Ipdi oru Maas record Panna intha trailer yen innum trending la varala...kaduppa irukku...,1,tanglish
hip hop tamizha fans like me I am also Adhi anna fan,0,tanglish
0.35 & 0.55 sec   wowwwww,0,tanglish
Who is thalaivar veriyan likea pottu ponga,0,tanglish
Thala Yoda last dialogue sema mass vera leval,0,tanglish
Remake   Off Pink Amitabh Jiii... #Tapsee,0,tanglish
Idhela sonna jadhi veri padonu solluvanunga theru theruva kodi pidipanunga ....,0,tanglish
innkkum intha trailer pakkaravanga like pannunga,0,tanglish
Declining Thala  #From Pa Ranjith fans #Karnataka,0,tanglish
Illaya super star dhanush...  Apdinuuu name varalaaaa,0,tanglish
Intha trailer la vara music chengalpattu la ulla #Wabco companyla break vidum pothu vara music,1,tanglish
Neenga vantha matum podhum thalaiva #varlavarlavabairavaaaaaaaaaaaaaaaaaaaaaaaaaaaaaaaaaaaaaaaaa en uyir nee than thalaiva love u anna,0,tanglish
Does not look like mani film,0,tanglish
After wake up in morning like,0,tanglish
views 19k ...likes 50k va daww -_-,0,tanglish
Thalaivar oda style ah thanni dan..  Sweet sapida poran,0,tanglish
Muthalil director ku nandri.... kalam kalamaga dalith kalai adimai kalaga kaatiya cinema vai muthal muraiyaga villain avatharam koduthu avarkalai uyarthiyatharku...,0,tanglish
Dhanush + Vetrimaaran + GV,0,tanglish
Harris Jayaraj sir BGM calssiya summa tharikuthu,0,tanglish
Kathazhaimedu vanniyar sarbaga vaalthukal .sarakku midukkugalin ambalam veliyanathu.ithu trailer thaandi,0,tanglish
ANY YUVAN SHANKAR RAJA FANS HERE ?,0,tanglish
decent vijay chander style - pakka commercial,0,tanglish
Naanu nijima rombo santhoshama eruke palaye pudhupettai & sullan dhanusa paathe.super movie I give 5star(padathe paathangho unghalade viruphathe sollula)yenuku,0,tanglish
1:18 bgm feels like Nkp Va mothi Paru,1,tanglish
Sahanadan lalettan fans like here form kerela,0,tanglish
Look doesn't matter act should be like her let see don't underestimate kangana,1,tanglish
Vijay ah pathu sirikaraiyaaaaaaa...Avoid that bro plzzzzzz...,1,tanglish
Adchi Oda vidu ellarayum orama nadandhu varareda enga thala veerama  all thala bloods hit like her,0,tanglish
T Seris All Viewers Hit Like,0,tanglish
"wov, Vikram ah pathu kathuko... pasathuku padam verioty kodukuraru neeyum erikiyae thupaki, Kathi, theri action padam mattum than nadika theriyuma unaku",1,tanglish
1 CODI VIEWS MELA 12 MANIKKULLA VARANUM GIVEUP,0,tanglish
yarula Nalliku sambavathukku wait  panringa,0,tanglish
Ennada ithu 1 month ku apram trending aaavuthu🤣🤣,1,tanglish
Antha amma mattum uiroda erunthurukanum 🤣🤣🤣,0,tanglish
Padam partha pinnadiyum trailer semmaiya iruku,0,tanglish
kaluthula kaththi vachu kettalum getha solluvomla nanga vijay anna fansnu teaser semma mass chance eh illa i am waiting to 500 k like varalam varalam va,0,tanglish
Ellam nalla irunthuchu athuenna mersalpadatha paathu unaku sirippu punda,1,tanglish
Vekam ketta vj fans gala...intha trailer ku kuda vada dislikes tharuvinga...yenga na poi saavunga da,1,tanglish
1:11 Ila Iron Man Pola Prakkiraru  Nalla Vela VJS Dubbing Iku Varala,0,tanglish
Yen pa idu trending la elha??,0,tanglish
low caste pasangala pathina padama  Avlova hit agathu,1,tanglish
Rajini oru pottai vazhaga Tamil jayam Ravi good,1,tanglish
Bgm semma ya irruku nu solravunga like podunga,0,tanglish
Sankar ... Sankar ... Than ... Evanum adichukka mudiyathu,1,tanglish
Trailer nala cut paniruka ana padam yapadi varuthunu papom... Yathavathu padathuku cupe eruthichu apuram... Kovitha kovitha tha,1,tanglish
U1 bgm vera level ..thala vera level acting,0,tanglish
Vera level thalaiva I am vaiting,0,tanglish
Namaku thevaiyanathu  awards🤘 namba tha adichi  vanganum,1,tanglish
Trailer end semma semma semma  yara yamatha pakkura ithu 1996,0,tanglish
"Movie script super, athuvum HIP HOP Tamizha music vera",0,tanglish
Kangna raut big fan like hete,1,tanglish
Superstar movie Mass koanjam kooda illa,1,tanglish
Idhu Enna God father Mari iruku,0,tanglish
Thalayum Thalapathiyum vachi senja maari irukke,1,tanglish
Vj anna fans full support  suriya sir ku thaan vj anna fans like here,0,tanglish
Enaku matum dha elaravda Arun Vijay oru step mela thriraro,0,tanglish
"Mannuku dha manushan mela eppayume urimai undu ellam poradhu anga dha poganum,adhu vara evlo aada mudiyumo aadunga da,nilam engal urimainu loosu maari pesinu ida othikidu vaanguringa,reserved seats la poringa naanga daily adipattu midhi pattu suthikitu irrukanum,unga ista pundaiku padam edukradhu kaala,kabali,mairunu meedhi irrukura general category veral soopuradha,padathula enna solla varanunganu theriyama loosu comment box la olaradhinga",1,tanglish
confirm padam flop aaga pothu......waste....tamil makkalukku edukka sonna...ivanunga english padatha tamilla dup pannirukkanga..... karumam da,1,tanglish
Thalaya yaralaum control panna mudiyadhu daaaa,1,tanglish
Thalaivar engada 96 la varraen sonnaru.. Komali Ravi..,1,tanglish
Ajith scene nariya katirukanga but moviesla kamiyathan varum,1,tanglish
Mass illa marana mass.... Thalapathi da..,0,tanglish
Some polapu illa pundaiga  ####Fans Comments  *** Fans Likes,1,tanglish
3 rd view  Hit d like botton,0,tanglish
io io....... Trailer ye ipdi irukeyyy........ Padathukku kola waitingggg,0,tanglish
SEMA concept Padam ippave pakkanum Pola iruku,0,tanglish
un like pandravan cinmava pakka kutathu..yenna avan oru rasanai Ellathavan theri semma mass,1,tanglish
Thala irukum pothu ethuvum nadakathu. Thala kaakum pothu erumbum thudikathu. Thala Tucker doi,0,tanglish
Va thala vaaa orthar Mela visuvasam katturathukaga innoruthara Yan acigam paduthuriga ogga nikiraru yanga thala,1,tanglish
"Thaa..Vera Level Trailer Batman, Super man, spider man lam Enga CHITTI Munnadi Sappa Pasanga..🤓🤖",1,tanglish
"Naama kulicha yeri engada, adhu mela tha nadandhu poitu irukom",1,tanglish
Ningalum unna client in than poi soltringa,1,tanglish
amaiku sangu confirmed adai Siva ha ha ha apidiye Feb odi poidu .. Illa 10 paisa paaka maata,1,tanglish
Omg .. use head phones Enna bgm da saami ..,0,tanglish
super hit aganam rajini sir back,0,tanglish
1.20 dei tejai 🤣🤣 neeena da panra inga 🤣🤣🤣🤣,1,tanglish
Make it 12 Milion views soon,0,tanglish
Thalaivaa.. ... nee epavume superstar thaan....,0,tanglish
"Joaquin Phoenix : vanga thambi,enna indha pakkam  Adhi : I have a condition.  Joaquin : thambi orrukulla ketu parunga,nanga sirikadha area ve kedayadhu",0,tanglish
Ajith pundai waste    Surya anna mass,1,tanglish
KAAPPAAN  Trailer 2 Vera Level .,0,tanglish
Aduchu underwear oda oda vitruva..sema dilog thalaivaaa,1,tanglish
Hip Hop Tamizha fans like here,0,tanglish
100k likes in 31 mins..Thala DA..,0,tanglish
"enna style, enna speed masss thalaiva....",0,tanglish
semma.. irudha waiting ippo innum konjum veri yeydhitanga just 7 days to go #ReadyToRage,0,tanglish
Blacksheep... Namma pasanga valaradha paaka evlo sandhoshama irukku... #blacksheep #kuttymoonji #ayaz,1,tanglish
Vara yaruna act panna nalla irukkum,0,tanglish
"Repeated Mode to Watching Theri Trailer & Theri songs in my lap,mobile...Sema Mass...PAKKA ENTERTAINMENT MOVIE...Sooooo cuteeeeeeeeeeeee thalaivaaaaaaaaaaaaaaaaa........G.V.Prakash sir yo are rocking all songs....Deva Sir after long time Sema Hit super song for thalapthy thanq sir....My Best Wishes to Entire THERI TEAM....  Vijay anna u r  one only super star for me & all youngsters.....   Theriiiiiiiiiiiiiiiiiiiiiiiiiiiiiiiiiiiiiiiiiiiiiiiiiiiiiiiiiiiiiiiiiiiiiiiiiiiiiii....................................Babyyyyyyyyyyyyyyyyyyyyyyyyyyyyyyyyyyyyyyyyyyyyyyyyyyy",0,tanglish
Mersal padam pathu sirikka nee yaruda... !   poda mokkapayya  !,1,tanglish
Inaiku kandipa yedhavadhu oru record vaikanum,0,tanglish
Akshara vikram oda ponna irukum padathula ...,0,tanglish
1:31  Neenga indha scene la oru dialogue sonninga.  Adhu yen kadhula mattum wrong ah ketta mari irundhudhunga...,0,tanglish
Where is Jayalalitha? Vijayku ellam innum yaaru da padam kudkurathu?,1,tanglish
#Thala# only can do it#Hollywood style Tamil#move...  #who am i? #  #Naa Yarunu Enakku munnukku Erukkavan than mudivu pannanum. @#,1,tanglish
Padam fulla ore night tha irukkum pola!!!,1,tanglish
Poda mokka moonjI unna pathale siriputhan varuthu super herovaam adutha mugamoodiii,1,tanglish
Chiyan vikram nu name yai triler la varala,1,tanglish
Semma gethu semma mass vera level inimae solla varthai illa,0,tanglish
"comparinG,..Chitti rajini nallaa illai thane friends",1,tanglish
Nalla sambhathikka jathi veriya use pandranga,1,tanglish
ithu pola oru vettri padam aaka vaalthukkal,0,tanglish
Padankal katrathal Vila Vila nan eluven,0,tanglish
Nadipin Nayagan Suriya die-hard fans hit like button,0,tanglish
thannam pikkayin sikaram eppothum enga thala thaan,0,tanglish
2016: 16varusham coma la iruntha aalukku 1996 la nadanthathu epidi pa theriyum....,1,tanglish
Semma mass ya irruka thala look Vara level,0,tanglish
Youtube pakkam vantha intha trailer oru time paathuttu poirathu,0,tanglish
thala sema getha eruku mass unga rasigaiya eruka yenaku romba happy ah eruku i like very much thala,0,tanglish
Sivakarthikayen fans hit like button,0,tanglish
Mass trailer makkal selvan VJS Rocking,1,tanglish
Yarellam trailer 25M views varumne soldringge like podengge,0,tanglish
Ithula vara visual mattumey full aa film pannirunthaaley movie hit aayirukum,1,tanglish
Inniki target reach panniduvom Nalaiku nammaloda target 11 million views,0,tanglish
"Guys,Thala Fans na Yaaarunu kattuvom !!! likes ah podovom ,Mersal ahayae Mersal panrom",0,tanglish
Vera level I am waiting for kaapan,0,tanglish
Ethir paathatha Vida mass irukkunu soltravanga like podunga,0,tanglish
Yampa vijay enna kariyam pa pandraa..,1,tanglish
20K views la 13K dislikes  ithula 104K likes cmdy pasangla itha polapuku **,1,tanglish
Never ......EVER....GIVE..up indha yaaru bike LA irrukkoo oru like poodunga,0,tanglish
Ennada ithu viwesa Vida likes athigama irukuu,1,tanglish
Dai neenga la loose mari caste language nu sanda pottu irukurapo Namma ellarum Indians nu oru jawan border la ninutu irukanga da sethuturuka da dai innum ah da neenga thirunthula grow up da we all are Indians,1,tanglish
734 k likes reached aairuku,0,tanglish
Dai director.. Super star ah pangam pannotiyeda,1,tanglish
Like poddu trailer pathaa vaingaa like,0,tanglish
Vijay Sethupathi Ku Motta rajendran voice kudunga paaa....,1,tanglish
Rasiganai rasikum Thalaivaaaaa.....unakkaka tha Thala waiting.......,0,tanglish
THIS  IS  SUPER  STAR.....  MAAAS,0,tanglish
rajini vera level vjs neenga ella nalla vazhanum,0,tanglish
Trending lla vanthachu eppa parunga da  Petta paraakkkkkk,0,tanglish
Semaaa semaaa semaaa semaaa semaaa semaaa semaaa super,0,tanglish
Semma entertainment irukka poguthu🤣 Ravi sir 🤩,0,tanglish
Kola gaandu la iruka movane kollama vida matan January 10 pakka thana pora intha kaali oda aatatha🤘,1,tanglish
Raww vana padama iruku  all the best,0,tanglish
"Ithu oru samooga vilupunarchi padam, kandippaka ellarum pakiravum paarkkavum vetripera seyyavum, thevarin vizhuthu, Dubayil irunthu(Thirunelveli, Sankarankoilkkaranle)",0,tanglish
thala t-shirts open pandara da  edhuka aparam sleeper cells unga yalarukam iruka de oru Kacheri,1,tanglish
"Simple ah sollanumna, marriage chinna visayam kedaiyaathu so marriage panra munnuku ayiram vaathi illa latcham vaathi yosinga. Unge valkaiyode serthu innoruthar valkaiyaiyum naasam panaatinge.",1,tanglish
Dai loosukkuthingala en da engala ilukkuringa unga movie ku naduvlua entha sc pasangala veruppethurathukkune varuvangaloo illatha koothilam solli veruppethurathu,1,tanglish
Come on dude come in dude,0,tanglish
Inu neraiya peru paakala keep sharing,0,tanglish
Talaivaaaaaaaaaaaa I love you Marana mass 100%  trailer,0,tanglish
therinja ethiriya vida theriyaadha edhirikku thaan allu! adhigama irukkanam!! ----kick ass!!,0,tanglish
Nagappatinam paraiyar sarbaga padam vetri adaiya vazhyhukal,0,tanglish
You...will...see...my...RAGE....!!!! Thalaaaaaaaaaa..... Can't wait for FDFS :),0,tanglish
Thaliva coma irukaravan kuda namba matingara sikaram vaa thaliva,1,tanglish
Surya pakka mass vere vakkukal illa parayan,0,tanglish
Ennoda 1 GB datavayum 2.02 nera videola thirumba thirumba paaka vachu mudiya vachutanga Ellathukum reason antha #Rajini and #Shankar,1,tanglish
Rajini Rajini tha style style tha......,0,tanglish
yeevanikuachu  pula kutti erudhal oodi poyidu.  mavane kola gantile erukken kollame vida matten.......,1,tanglish
Trailer super.... Intha padathukku Santhosh narayanan music pottruntha epdi irukkum nu nenachu paarungalaen..,0,tanglish
32k dislike kum anil kunjunga velai,1,tanglish
keerthi looking so cute...luv u keerthi,0,tanglish
Enna music vilambaram music maari irukku.but trailer nalla erukku,0,tanglish
"Keka peka short film uh padam uh yeduthu vachirukanungaaaa,,, scenes uh kuda copy adichi vachirukanungaaaa,,, avaru pavam ethu avaroda script",0,tanglish
Bigil Trailer Ku Aprm Vanthavanga Mattum Like Pannunga,0,tanglish
"to be frank, trailere ivvalavu bore adikkidhu.. but padam...",0,tanglish
Ada paavigala like ha kettu kadharraangale...makkale paaathu pottuvidunga,1,tanglish
Tharama sambavam Vick vjmaaaa padam bigilu kottiye collection beat pannuvomdaaaaaaaa,1,tanglish
I am 90's kids. I love it,0,tanglish
indha bgm ah mattum ena pundaikku copy adichan indha ilayaraja 🤣.. oru vela aanama poirucho,1,tanglish
Adutha moooonjiya padam 100 pere orumichu thalllaaaanaaaayi varunnnu avan,1,tanglish
Intha film la work pannathukku peruma padurennn,0,tanglish
meme creaters nu kune alavu yeduthu senju vaccha maari teaser....bharatha semma da yeppo varum nu sollanunaa,0,tanglish
Marana waiting in malasiya. Thala fans,0,tanglish
10+ times pathavangalam like podu,0,tanglish
Bgm like nkp theme va modhiparu🤔🤔,1,tanglish
Tha  waiting #Thalapathy 64 #LK,0,tanglish
Vera lvl Vera lvl Vera lvl,0,tanglish
Theatre ellaam insure panni vachukkangappaa.. 2.00 la theatre ellaam kandam!,1,tanglish
Bayama irukku vishvaasam enna aaga pogutho??,1,tanglish
K v Anand sir vijay annaku koduththu erukkalam sir super ra erukku Vijay annakum entha style la story ready pannunga sir Surya Anna semaiya panni erukkaru all the best,0,tanglish
Batman maathri irukku ana maranama irukku,1,tanglish
eean thaan intha ulakathula UNLIKE pannurathukea oru kootam irukoo theriyala,1,tanglish
Style king super star thalaiva love you rajini,0,tanglish
அடபாவிகளா ennada pannivachurikiga... பட் semma trailer,1,tanglish
En da kekka bekka short film script ah copy panni movie ya edukuringale own scripte illaya,1,tanglish
Surya ku no jodi  Single the masssss,0,tanglish
pppaaaa  enna dialogue delivery ...68 vayasada idhu. ....,0,tanglish
Style ah iruken ah ...NATURALLY   KARTHIK BRO  SETHUKAL ..........,0,tanglish
"Ananthi ooda dialogue delivery aapaaa , kudumbothoda saenthu naduroadla ninnom nu vaichukaiae , etho laegiyam vikiramaathri irukku",1,tanglish
Sarkar Teaser likes ah beat pana mudilayeda... Ama payale🤣🤣🤣🤣  Iththu ponavane,1,tanglish
Dindigul  agamudaiyar sarbaga  movie vettri pera vaalthukkal,0,tanglish
Valimai views and like will be ....,0,tanglish
Yaru Yaru September la parka varinga oru like podunga,0,tanglish
Innu neraya neraya neraya flop kuduuuuu,1,tanglish
Kujay Kunjikal...already 3 Days Still Trending in Malaysia,1,tanglish
kajal sutha  virichi  un  sunniya  vidu,1,tanglish
2.5k dislike ah.... Mentally challenged konjam per iruppanka pola,1,tanglish
Thala yaavathu thalapathy yaavathu Vijay sethupathi thaan mass!!!,1,tanglish
Ennada ithu silldra punda thanama irukku appo flop than ama kunjus,1,tanglish
"Padam Flop thaaaaa.... Venum na bestu Flim nu Vijay Awards Vaangikkoo...., Padam Flop because BÏGÏL",1,tanglish
wow 6.9 million viewers no 1 trending,0,tanglish
After Asuran it will Hit And suriya kitta ipdi scripr mattuna gethu kattuvaru nu ninaikuravanga like podunga,1,tanglish
Aasuran based on novel named vekkai by poomani.,0,tanglish
1:19 la paarunga muttu muttu teejay irupaaru,0,tanglish
Padam Vera level  nu solravanga,0,tanglish
#Lyca unna nenacha pavama iruku ya,1,tanglish
ENNA HARRIS JAYARAJ-U............... DARK KNIGHT BGM LAM KEKKUDHU........PERIYA HANS ZIMMER IVURU.... ?!?!?!?!?!?!?!?,1,tanglish
Oruthan pudingi mathiri pesra nanga enga caste ponna thanda marriage pannuvom....Onna mathiri eena paya than ellaraiyum pathu naakka thonga viduvanunga,1,tanglish
Neenga vena...area la class ah..posh ah suthalam...aana enn masss ennanu theriyadhu laa,1,tanglish
Vera level trailer athuvum rajini style Vera vera level🤘🤘,0,tanglish
"Semma  , vera leval thala",0,tanglish
BGM engayeo ketta mathiri irruku 🤔🤔🤔🤔,1,tanglish
Naan adichu slra padam mokkaya tha irkum,1,tanglish
Ethu.. double meaning productions ah but no dialogues,1,tanglish
Mugen rao fans hit like here,0,tanglish
Verithanamaana sambavam waiting    na thala fan thaan but thalapathy64kaaga marana waiting,1,tanglish
Video Pakrathuku munnadiye Like pannavanga mattum Kai ah thookunga,0,tanglish
I will set ur screens on,0,tanglish
Trailer full ah what's app status dialogue thaan... சொந்தமா ஒன்னும் இல்ல... வருத்தம் pa,1,tanglish
VERA LEVEL SIR THALAAAA ANS BEST WISHES FROM THALAPATHY FANS,0,tanglish
koma patient + poltics = komali = tamil people....,1,tanglish
STR and makkal selvan mass entry,0,tanglish
Rajni Sir Rajni Sir Thalaiva,0,tanglish
it's looks like god father movie,0,tanglish
indha no 1 no 2la Pappas villaiattu super star is a no one and super one,0,tanglish
"Dei Nala padam da, ithula epadi da fight varum?",1,tanglish
Sir trailer realesa epa padam release october 6 ah illa 4 ah,0,tanglish
Dislike potavan la ratham kakki savan,1,tanglish
Selvaraghavan is backNalla tharamana Sambavam irukku poolawaiting this U1BGM,0,tanglish
Sam cs bgm bangam na like button adi,0,tanglish
Aathi Annan Ironman eh saaptruvaaru polayaeee,1,tanglish
International standard padam nu sonnangale. Thamaasu thamaasu....,1,tanglish
Wow semme semmme semmme semmme ji,0,tanglish
All the best kumarasan Anna by Nanganallur guys,0,tanglish
Thalaivaaaaa...dheivameeee...indha maari ungala paaka ethana varusham dhavam irundhom,0,tanglish
Indha padam kandippa mokkaya irukum nu nenaikaravanga like podunga....,1,tanglish
Mirattal !!! Waiting for asuran darisanam,0,tanglish
Like komali 2k20 has one fully entertainment movie,0,tanglish
"Jathi vishayathula bhramin kooda serum.. MUSLIM & Christian  nu illama kuruma pondra koolikku maaradikkum gumball ellarukkum idhu ouru yecharikkai..  Hindus thaan da mudhal jathi..mass da naanga..enga Birth certificate la naadar, mudhaliyar, chettiyar, vanniyar, gounder, bhramin etc nu irundhalum RELIGION/NATIONALITY la naanga HINDUS da..Naanga saamiya namburavanga..Avan sombu thookigala chumma vida mattan da kuruma & Pichakara panjith",1,tanglish
Dai ni la oru aaalu Ajith vijay troll panra adhum masss scene ah,1,tanglish
semma 2.0.....kanna suma trailer tha main picture innu pakilla. . suma adrudhuilla,0,tanglish
Thittam pottu kurupitta samuthaya pennai thurathi avarkalai kathal yenra varyhaiyai solli yemathuvathuthan nadaka kathal.... It's  'PROJECT' (not ) 'LOVE'......,1,tanglish
intha padam release achuna... vijay ajith ah thuki sapturuvan pola,0,tanglish
Dislikes Panna Vijay echa fans la kandippa indha cmnt ah paapinga,1,tanglish
Pesama title night show nu vachirukalam...,1,tanglish
Sema.... Director Ranjeet ku seriyana serupadi.....  Super work by team...... Public support guaranteed....,0,tanglish
Semma...padam...padam paathom hard workna ennanu kathukittom,0,tanglish
1nal record kuda intha intha ajith padam beat pana mudiyathu polaiye  like erikitea iruku......,1,tanglish
Bigil super aah kaithi super vrummbinavanga like pannungo,1,tanglish
பாதி   seythikal strike   பாதி,0,tanglish
Eppa Saami Epdiyachu velinatuku Poi settle aaganum indha Mutta koo irukara naadu pakame vara kudadhu de Saami.,1,tanglish
hahahaha. padam vera lvl la vara pothu thalaiva,0,tanglish
Movie be like aracha mava araipoma,1,tanglish
Super star  Marana mass,0,tanglish
Thevidiya paya padam ommala pottu okkaaa na parayantha na katta pora ponnu thever tha  ..... Pongada pundayala saaathiya sunniiiyaaaa....... Ellarume thamilan............. Po po po avan avan pondatti pundaya mattu paru padatha paka vantha entha thevidiya payala iruthalum vettuvom,1,tanglish
Oru sensitive vana matter pathi pesi irukinga super trailer good. Movie hit aga vazhthukkal,0,tanglish
Massssssssss... THANKS FOR BRINGING OUR THALAIVAR BACK..,0,tanglish
Intha padamavuthu s.k ku nalla come back ah irukanum...,0,tanglish
Biggest block buster movies in 2019,0,tanglish
Mass thala  marana  mass,0,tanglish
8K dislikes from animal pans,1,tanglish
1 m like Kuda illa Ivana poi Thalapathy Ku compete panriengala,1,tanglish
Blue satta padatha pathutu thapa sonna sathiyama soldra aadchi underwear oda odavitruva,1,tanglish
I'm Surya Fan vivegam trilar pakka mass,0,tanglish
Plant vs zombie music apdaey potrunkanga🤔🧐,1,tanglish
"Thala look  Vera level, marana mass",0,tanglish
thalaivaaaaa 8 million views and 218k likes ... intha pongal nammaku super collection ma,0,tanglish
Eni jayam ravi ella komali punda ravi,1,tanglish
Rayappan in Bigil: Cup mukhyam Bigileyy Rayappan in Jadda: Cup mukhyam Kathirrr,0,tanglish
Pppaaahhha theriya iruku... Hope mani sir won't disappoint us,0,tanglish
ennnangada bharath aane nenu pada stunt ellam potrukeenga,1,tanglish
Petta Teaser Evlo Vaatti Paathurikinga Guys,0,tanglish
Viswasam trailer needs 20k likes to reach 1.4m likes,0,tanglish
ajith fans vazhakam pola poi vada sudunga.teaser mokkanu,1,tanglish
Kandi pa entha padam block blaster hit,0,tanglish
Mel jathi kel jathi rendu peraiyum indha padam kilikum. Valthukal,0,tanglish
"Fuck Yeahhhhhhhhhhhhhhhhhhhh ,,, Rocking  Teaser, LOveeeeeeeeeeeeeeeeeeeee it .....",0,tanglish
OMG OMG OMG  CANT WAIT,0,tanglish
#NO MEANS NO  THALA  DIALOUGE DELIVERY SUPER,0,tanglish
palli thevidiya telugu vantheri vadu payaluvalaa..,1,tanglish
We're. Gonna see vera level. Thala,0,tanglish
Surya in trending NGK thandalkaran song &kaappaan teaser,0,tanglish
16 yrs after oruthan ulam parha epdi than fav scene... aiuu jeans illam killinji pochu mudunga,1,tanglish
Mysskin padathuku kandipa poganumnu iruku aanal ivan nadicha padathuku poganuma nu doubt ah iruku???,1,tanglish
kaappaan is going  to be epic!!!,0,tanglish
Record pannirle appadi pannirlane sonna mattu pattathe adhe senje kattuvom for our Thalaivar Suriya pls guys ippadiye poona namakke pinnadi vanthave yella 1M likes eh asult ah adhichitte poirevanungge,1,tanglish
Nalla scencelam trailer la vachu yemathirathinga da... Bcoz trailer semaiya iruku,1,tanglish
Fist ever fan made song for 2.0,0,tanglish
Jeyam Ravi thanaku Thane aapai sorugikittar.thalaivara kalaikra alawuku periya aala aagitar pola.pudungi ravi,1,tanglish
Neenga than superana getuplam poduringa anna.,0,tanglish
I love u Surya Anna super sema masssss,0,tanglish
Veraaaaa level.....     thala....,0,tanglish
Anava kolaiku athaeava Oru padam ithu laa Oru kathai yaa daa,1,tanglish
Dei over built up ah irukkey..thambi  Intha padamachu oduma?,1,tanglish
padam patuthu trailer pakuruvunga like podunga,0,tanglish
"Rahman sir, Shankar sir and 2.0 Team marvelous",0,tanglish
10 million views kappan marana waiting,0,tanglish
Padam fulla night la eduthurkanga....🤔🤔🤔 oru  vela night movie ya,1,tanglish
Thalaiya intha mathiri paathu romba nall achi movie thala fans ku sema treat ah irukum,0,tanglish
Karthi Anna fans like I am fan of karthi anna I like him,0,tanglish
Ena da intha 2 mins eh full ah paaka mudila,1,tanglish
Jathi venanuthanda padam yadukuranga ingaa vanthu..yanudiya jathi sarpa padam vetri adaya vazthukalnu comment pandringa ungala yellam thiruthave mudiyathuuuuu,0,tanglish
Who see at 1.20  ..an album singer (ennak oru aasa) Teejay?,0,tanglish
As str av vs all semma masss vera level  iam waiting,0,tanglish
Ennada padatha eduthu vechirkeenga mayiru mari,1,tanglish
vivegam movie teaser for 435k likes beat baahubali trailer,0,tanglish
Ena etho paithiyakara padam pol irukku ..ithula naraiya peru siriciten vera solraanuga...ithula sirikkirakku ena da irukku avana paatha paavam ah tha irukku ithenna  YouTube comment section ah illa mental hospital ah nu therila  Santhanam dialogue version:*ethuku vantirukenu theriyama neja paithiyakarankalava maaritanagalo*,1,tanglish
Thalaivaaa vera level pannitinga ponga,0,tanglish
Rajini ya troll panninadhu laiyum oru logic mistake irukku. Avar apdi pesunathu 2017 December la. But trailer la 2016 nu sollirukanga. Adhuve oru logic mistake.Troll panradha yavadhu correct pannunga da dei,1,tanglish
Semma...!!  last la 1996 yaara yemaadhureenga punch.!!!! Semmma...!!,0,tanglish
Intha maari kudu sir atha vutu putu yaanai nu arambikatha Sir,1,tanglish
"naatukku thevaina padam..nadicha nadikarkal,iyakunar,director ku vaalthukkal..kandipaa vetri adaiyum",0,tanglish
VERA LEVEL SK ANNA MARANA WAITING ANNA MOVIE KU,0,tanglish
Enada innaiku trending la vanthichu . After 4days🤔🤔,1,tanglish
Habbadi tamil cinema la ipovadhu oru super hero movie vandhrukeeeee,1,tanglish
Masssssssssssssss. Thalaiver. Fansukku. Happy. Tharrumaru. Thalaiver. Pongal,0,tanglish
Animation movie 3d  or 2d,0,tanglish
Bgm Vera mathri irkku Danush acting Vera level ah irkkum pola...🤗🤗,0,tanglish
lot of scene's similar to tamil film  irumpu kottai murattu singam,0,tanglish
Dai Remake Ravi .... Thalaiver pathi thappa pesatha da,1,tanglish
Fucking donkeys always make violent movies,1,tanglish
Aprom en Dhoom 2 copy adikareenga saaar!?!,1,tanglish
Best movie for Rajni sir....,0,tanglish
Yaruda avanunga vanthu Cinna pulla thanama dislike pannittu irukkaranunga,1,tanglish
Teejay fan oru like pottu pongae,0,tanglish
Padam super duper hit nu soldravanga yaaraavathu irrukingalaa paah...??? 🤗🤗🤗,0,tanglish
Ada pavingala intha teaser aa Kabali teaser break panna poguthu ha ha...,1,tanglish
801k  Naraya naraya naraya naraya naraya naraya!!!!,0,tanglish
Superb movie!!! Vikram looks Mass!!! Well made movie ..no lag...,0,tanglish
Trailer parkumbothu padam odidumnu feel aguthey🤔,0,tanglish
0.22 konjam over tha but padam nallrukkumnu nambikai iruku bcoz this is samuthirakani film,0,tanglish
Intha trailer ah siva Kumar sir ku pottu kaminga,1,tanglish
ORUTHAR MELA IRUKURA VISVASATHUKAGA INORUTHARA EN ASINGA PDUTHURENGA......THALA THALAPATHI  FANS GAVANATHIRKU.......,0,tanglish
Vandhutan vandhutan vandhutan just 31 days  Waiting ae veriyagudhe thalaivaK,0,tanglish
Rajini fans comment. Neutral fans like.,0,tanglish
12m views 256k likes Thalapathy king da,0,tanglish
My manager : yenyavsirikura Me to my manager : Sir enaku yarachu serious ah pesuna titina tension ah irunda siripu varum sir Manager: first doctor paaru Enaku mattum dan inda prechana iruka terla mathavum mudila,1,tanglish
Sema trailer bro romba nal kalichu nala trailer pakura,0,tanglish
thala vs pandey argument scene lam vera level la irukum nu ninaikiren 🤘🤘🤘,0,tanglish
All tamilans fans from keralaKerala loves you all... Tamilan da,0,tanglish
Kaithi hit aaka Karthi annnavukku best wishes . Hit aakum . Hit aakanum,0,tanglish
Thala etha padam  on,0,tanglish
Telugu remake in NBK movie name lawyer saab,0,tanglish
Maniratnam & ARR sir comboSTRVJS🤩ARUN VIJAY sema Vera level MY GOD ARR SIR,0,tanglish
Topper thaan alanum arrear guys  naanga eduku alanum 🤗,0,tanglish
Nalla tha irukku . Climax varaikum sothappama kondu pona sariii.,0,tanglish
Saami intha padam releasku munnadi enna Anga koopdathe appram santhosama sethu poren,1,tanglish
Award ready pannugada vararu dhanush anna,0,tanglish
"Ivan jali kattu kaga paduna ory song, vera ena iruku Ivan la oru aalu dhu",1,tanglish
Ariyalur boys.     vanniyar da.  (MBC). Sampavam nadakka poguthu.    Da .........    (Kalavaram),0,tanglish
ivuru ippathaan oru nalla padathula nadikararrunnu nenaikareen...,0,tanglish
Pon manikavel siroda guts pathi therinjavanga like panunga,0,tanglish
worst movie of vijay. Mersal more better in 2017 than birahvaa,0,tanglish
Vara level oodi poidu oorama poidu oothigi poitu vara thu yenga thalaivaru,1,tanglish
Vere level kaappaan teaser vide ngk trailer semma,1,tanglish
"Veraa level,uummmmaaaa my darling vijay u look awesome",0,tanglish
Like me  if u think arvind swamy looks like hollywood baddie,1,tanglish
Dai athukuda entha mari movie adukuringa girls safety mukkiyam tha ana athukunu jathiya kaaty epdi pannathinga,0,tanglish
therinja edhiriya vida theriyadha edhirikku thaa ALLU adhigama irrukanuum,0,tanglish
Surya and arya,0,tanglish
neraya neraya neraya neraya neraya neraya what a voice semma.,0,tanglish
Valimai aana aamai inathin thailvan ajith kuthi punda mavan valga,1,tanglish
Asuran movie ha 2nd time pathavanga like podunga,0,tanglish
Vijay Sethupathi Kakavathu Intha padatha Parunga paaa....,0,tanglish
Tha..... Marana mass.... Again a AYAN,0,tanglish
yuvan vera level ya .... valuable script. SK in action,0,tanglish
petta petta petta petta petta petta,0,tanglish
Ayan padam maari eduthurukalam.. Politics vendaam,1,tanglish
Konjam nerathula you ta hang agikidichu #THALA# you are awesome,0,tanglish
7+3=11 thala fans la veeran level,0,tanglish
Mooka padam big disaster in ajiths careeer,1,tanglish
Keka beka Keke beka short flim eay copy adichuthu vekka ma illa chai,1,tanglish
1.06.. looks like action king Arjun..,0,tanglish
Enga veedla 5 perukku ticket book panniyachi.... Marupadiyum viswasam moments,0,tanglish
Thala fan supported  yeppaium surya ku irukum thalaivar u1 Vera 11 bgm,0,tanglish
Iyarkayagave Urpathi yagura Nathiya Thanaku mattum Thannu Sontham Kondradra Urimara Yarunga Koduthaa vera level Surya Anna,0,tanglish
Villupuram vaniyar sangam Don da nanga,0,tanglish
"Thaliva semma ,,,dialogue vera leavel",0,tanglish
Friend na Facebook like kudugarava illa..life kudugarava...mass 2020 la best..,0,tanglish
Remake of Malayalam Mohanlal movie Devadoodhan,0,tanglish
Namaku thava na nama thAn adichi vaga num Vera level sama,1,tanglish
Eppadiyum Padam Oothikka Thaan Poguthu,1,tanglish
Ithala vara music ennoda collage lift la vara music Nalla thukkam varum itha ketta  Pudhusa podunga da,1,tanglish
Padaum vera Laval ' irukka pokuthunu nenikkaran,0,tanglish
Lalettan & Surya.. Best Of Luck!!!!,0,tanglish
Thalapathy sonna mari kathir bro periya periya aruvada panna porraru,0,tanglish
concrete suvara odachittu pora alavu entha companyda mobile vachirukanga? enaku oru mobile venum...,1,tanglish
trailer patthu vaaya polandhu like poda marakkadhinga,1,tanglish
Sema hit daa..pakka than porum enta kaliyode stylee,1,tanglish
Not at all looking like Jaylalitha.,1,tanglish
Trailer semma vera level Aprm vadachennai part 2 update vitikana nalla irukkum Director vettrimarran sir plz....,0,tanglish
Intha movie ku ethira thiravidam samuga porali apdinu nu ethana aatinu vanthuduvangale. Thiravida pullingoo,0,tanglish
1:19    teejay,0,tanglish
0:45 Vivek unaku ennapa sivakarthikeyan padathula yellam nadikura,1,tanglish
Mr. Bharathan en kaila matin sikuna mavana avalavudhan nee,1,tanglish
TSK 630+k likes NGK 550k likes Kaappaan 456k likes  NGK 37k cmts Kaappaan 23k cmts Yyyy..poga poga kudama  koranjikitte poguthu,1,tanglish
Jayam ravi ku intha padam mass blockbuster movie ya irukum comali Kalakal,0,tanglish
Vera Level #SK Bro... Keep Going Huge..,0,tanglish
varlam varlam vaa varlam vaa 10 million views,0,tanglish
Good morning everyone ... adichi parakkavidungga likes ah friends,0,tanglish
"Kolla gandla irukken,  mavanne kollama vidamatten",1,tanglish
All people one  about Asuran  Movie Keezh Jaadhi Ku oru Padam na Idhu keezh Jaadhi panta Thappa Sutti kaatra movie nalla theriudhu Kandipa Blockbster dhan,0,tanglish
Interesting... #SK'ku kandippa oru come back'ah irukalam,0,tanglish
Ennada batman scene ah ivana vachu reshoot pannirukanunga,1,tanglish
Semma trailer annna semmma love u aadhi annan,0,tanglish
Thx ajith fans...negative comments podanumnu nammala vida aarvama vanthu teaser parthsthuku...views ethivudurathula unga pangu perusu nanbargale,1,tanglish
Kathi movie song tune pole ond,1,tanglish
Padam flop aana namaku arasiyal arivu illanu artham,1,tanglish
enna selva sir unga stylela padam edukratha vitutu politics poitinga? oh adhan trendinga... adhuseri neengalum sambadhikanume!,1,tanglish
Unga nalla manasuku epayum vettri than THALA ungaluku. phinix  bird thala nenga vizhamattinga,0,tanglish
Where level STR mass super hit Simbu Simbu Simbu Simbu,0,tanglish
Dei anils satham ilama unlike potutu irukingla da,1,tanglish
Yogi babu ku main roll koduthuruntha nalla irukum...avarukku fight scene kodutha vera level ah irukum,0,tanglish
Ajith Sir congrats...  varusathuku oru padam vanthalum   athum Vera Leval la eruku Sir.  love u Thala .....,0,tanglish
My favorite hero after surya.....  Jayam ravi   Comali   Different aah irukku... Kandippa pakkanam,0,tanglish
Evlo vagunniye itha padathukku  Short film keka beka tha nan sirithal movie,0,tanglish
Semma trailer Hollywood movie trailer pakara mari ruku,0,tanglish
Dai appa neeyum rajini poola oombi periyala aga ninaikura....ethukuda intha manangetta pozhappu......,1,tanglish
Neenga ithuvarai yen  sarithra  padam panala why?,0,tanglish
dislike pannavangalai cut draweroda adichi anupunum...,1,tanglish
Valimai trailer varathukula 20M views varanum,0,tanglish
Vera leavel treser suriya Anna msss,0,tanglish
trailer finishing semma bangam ... hahahahaha,0,tanglish
super vijay aana I love you,0,tanglish
"Asuran padam nalla padam but timing thappu, indha kaala kattathukku thevail illa padam asuran.  inimey ellorum revenge eduppanga ,",0,tanglish
21 k diss like is a Vijay fans🤣🤣,0,tanglish
trailer ra patha kamal padam patha mathiriyea iruku...i mean onumea purila,0,tanglish
sema pakka mass theri..  anna i am waiting theri.... :-),0,tanglish
Thalaivar rajini ah kindal pannum katchi neekka padanum illa.na mavana dricter padam Odathu,1,tanglish
Thilavaaaaaaaaaa.......,0,tanglish
"Engha appa miltary da,goli vilaiyadava solli taruvan",1,tanglish
Nalla thanda irutha eduku da intha sambavam,1,tanglish
"Ada pavingala all asking Vani , rithika but hero yarum kekala",1,tanglish
hm    story   guess  panna   mudiyala   pa,0,tanglish
0.50 Arya Proposes to Sayyeshaa 🥰🤩,0,tanglish
"Nee komali than da ,potta en Thalivar mass da",1,tanglish
"Super star, thalabathi maari siva ku <super hero> apdinu pattam kodukalaam, correct ah irukum",0,tanglish
Super n iam big fan Sai Pallavi 🤗,0,tanglish
Kovilpatti pasanga lam like podunga la..,0,tanglish
Oruthar mela visvasam kattrathukaga einnoruthara en asinga paduthiringa,1,tanglish
#Ngk trailer fire and  BGM Vera level,0,tanglish
Thalivaaaa pakka pakka Veri earuthu..........,0,tanglish
Looks like Rama  Narayanan  mv,1,tanglish
naalaiku thala darisanam wait panna mudiyala innaiku full ah nkp trailer paakravanga oru like a podunga,0,tanglish
Thala  osm pa  i love you thala....,0,tanglish
Amazing trailer jayam and kajal gonna rock now!!!!,0,tanglish
Intha trailer la neega like rajini kaga pada venna oru tamilan padaippu kaga podunga ...,0,tanglish
Ilayaraja music + Myskin screen play ommala....,1,tanglish
Guyzz night kulla 11m views 800k likes podanum...speed upp dudes,0,tanglish
Director Korean series Rombo parparnu nenaikraen,1,tanglish
Ennoda phone ah yaaralum control panna mudiyadhu... Akshay Kumar ah tension aayiduvan idhu hang aguradha paathu...,0,tanglish
Inglorious basterds padathoda opening bgm mathiri irukuthunu thonurathu enaku mattum thana.....,1,tanglish
Diwali Ku vandha nalla irukum asuran bigil kelmbi irukum,1,tanglish
dialog sollu na pattu write vachii irrukiga pooga ya ....,0,tanglish
Can this video get 1M likes,0,tanglish
Dislike panavangalaukula nalla vairu earithu polaaa......aduthava vanzhtha ungaluku porukathe...ne va thalaivaaaa,1,tanglish
Ayyyayooooooooooo THALAIVAAAAAAAAA Otha SEMMMMAAAA SLANG THALAIVAAAAAA,0,tanglish
Indha madhiri role Sivakarthikeyan ku set agadhu.village subject only suits for him.vera actor pani irundha mass aa irukum,1,tanglish
ethavathu oru edathula kathuna paravala....ella edathulaiyum kathuna epadi,1,tanglish
Elaam songs ku dhan addict aavaaanga... Naa enna yaa trailer ku laam addict aaitan.. Can't wait...,1,tanglish
Namaku thevaianatha nammathan adichu vanganumadichu vangunga,1,tanglish
Nadaga kadhal oorula apadi yevlo nadakudhu sollunga paapom . Thappu na yellamae thappu than othukuren. Ana nigalam ooruku veliya oru theru irukume adha konjam thirumbi kuda paakadhavanga nigalam needhi neram nu pesum bodhu than comedya iruku.,1,tanglish
Next kappan waiting Surya & lalettan fance like,0,tanglish
Senma semma semma semma semmaa mass,0,tanglish
Itha patha actors elarkum vairu kalakirukum thala pakka marana masssss,1,tanglish
Enna da animation mathiri iruku,1,tanglish
Ultimate star Ajith Kumar THALA THALA THALA,0,tanglish
Watha vijay fan dislike pannuriya wait da mersal teaser nangalum pannuvom,1,tanglish
im watching it again & again & again & again.....& again & again & again & again..............................,0,tanglish
Trailer Elam Nallathan Iruku ana MuGamoodi  Padam Mari Agama irundha Serithan!!,1,tanglish
Theme song same like thala nerkonda paarvai 🤔,0,tanglish
Veera vanniyar Kula sathriyan Saarbaga Padam vetripera vazlthukkal,0,tanglish
Yogi babu old kolamaavu kokila hairstyle vendum,0,tanglish
hahahaaaa... 13k dislikes.... FUCK U 13K ASSHOLES....,1,tanglish
dear Sam Anderson nanga ethu Mari movie ah pathukum neega only Oscar nominee movie mattum paruga enga vathu time waste pannathuga sir  poda ka beep ah,0,tanglish
Intha teasar ku unlike pottavanga ellaam Roamba legend Pola,0,tanglish
Padam paathutu trailer paakuravaga like poduga,1,tanglish
Aduchu Underwearoda odaa vitruvan.......... to viswasam,1,tanglish
Ada comment panra all jathi karanugala first dowry ketkuratha niruthunga. Ungalal dhan da eppadi ponnunga vilunthuduranga,1,tanglish
Epo dha trailer sudu pudikira madhary thonudhu,0,tanglish
Rajini in cinema= maasu maranam Rajini in politics= thamasu tharanum,0,tanglish
Triller mattum tha varuthu movie eappa varumo xperi date modiyarthu kulla vaintha Parva ella,1,tanglish
Suriya anna fanes like poduga I am waiting Anna,0,tanglish
10 times ku mela paathavanga mattum,0,tanglish
Looks like an interesting movie !!,0,tanglish
Innum Parthute Irukuravanga Oru like podunge,0,tanglish
Surya Na Summa Vaaa?¿? I'm Waiting for May 31 Marana mass Kattanum,0,tanglish
Semma pa..Thala Indha society’ku nalla message erukuThirundhattum,0,tanglish
We want iron man old dubbing voice,0,tanglish
Last la dance aadumbodhu paridhabangal gopi madhiri ye irukku,1,tanglish
Selvaraghavan sir nega tamil chime kadchi varum sir...,0,tanglish
Endrum engala oraee Superstar ne than thalaivaaaaa,0,tanglish
This  is some awesome bgmmmmFeela like world is in real danger,0,tanglish
@reddy ajithku antha kilattu paiyala vida 25 vayusu kammithan,1,tanglish
Podu bgm therikuthu..BGM King na chummavaa,0,tanglish
Poda mudiyum ah mudiyatha 90' ku perumai da na 90' than nenga 90'kids iruntha mathum like podunga podunga nanba,0,tanglish
Suriya Anna is great  Now Bron children will say suriya Anna name he is vere level Anna,0,tanglish
Suda suda 4 National award eduthu vainga pa... Asuran varaaannnn,0,tanglish
Thalaivar Rajini kanth fans hit a like here,0,tanglish
Vera Level.....  Sema Comady...  Hip hop tamizha Song....  Vera enna Venum,0,tanglish
"Illayaraja illayaraja thaan ya, Ina bgm",0,tanglish
Yana sola mara massu kudu paru na nanikavala bgm vara level I love dhanush Anna,0,tanglish
Christopher nolannu oru aalu yillenna inge pala peru padame edukke maattange pole.,1,tanglish
Inda padam yattana varsam aanalum varadu,1,tanglish
"Suriya, yuvan and sai pallavi",0,tanglish
"Yaaba trailer release agum pothu ellarumae semma , super nu than comment panareenga ana movie release Apo Kanama poidureenga, aporam HD print la vanthathum parka vendiyathu :/ ungala purinjikavae mudiyala da sammi",1,tanglish
90s kids semaya enjoy pani paarka poora  padam.. happy,0,tanglish
1:23 That Vijay ah vachu senjing moment🤣,1,tanglish
Vendum vendum asuran pola padam vendum ... Enpt vendam,0,tanglish
Rempa nalaiku aprm thalaya differentah movie panirukaru sema sema,0,tanglish
Ethana thadava paathaalum..salikaaaathuda...vera level...seekaram release data sollunga...bro...waiting 4 FDFS...,0,tanglish
indha trailer pudichavanga enna commentkku like podu,0,tanglish
jack mathiri pasanga manasula nanja vethajitanga atha thatukka naama puratchi seyyanusemma comedy da,1,tanglish
epdiyum like podamatta... pinna ethukku intha commenta vaasikira?,1,tanglish
Starting la varathy enga ooru than,0,tanglish
Rajini Kum coma pola 🤣 1996 la solla vendiya dialogue adhu,0,tanglish
selva sir intha padam eapdium unga master piece ah irrukumnu naa namburen sir all the best sir,0,tanglish
Neruppuu banggg  Sk mass,1,tanglish
Last dialogue ok but naadagamaari irukku trailer,1,tanglish
STR fans la like button ah thatugada,0,tanglish
plzzz upload singam 3 video songs,0,tanglish
"Dislike potavan la Apdiye odi poidu, pola gand la iruka",1,tanglish
Trailer ae suuper  ahhhh iruku.. hiphop tamila music....  like 90's kids ..,0,tanglish
jayam Ravi next black buster movie,0,tanglish
Vera level jayam ravi sir block buster hit,0,tanglish
KAZHISADAI SAAKKADAI PANNINGALAANA PARAI ADIKKURA PARAIYAN PARADHESINGALA ODA ODA THORATTHI ADIKKANUM APPADI ILLAINNAA VETTI KOLLANUM ANDHA PARAI PANNINGALAI,1,tanglish
Udhavindrathu Moodhuguku pinadi irukura majjamm Mathiri..(Jeeva smile) Atha pakka mudiyathu.. Vera level,0,tanglish
Thamizhana thavara ella state aalungalukum Suriya oda arumai theriyudhu,1,tanglish
PRABHU DEVA கு ஒரு BLOCKBUSTER COME BACK MOVIE தான்,0,tanglish
Look like remake of pink movie,0,tanglish
Palavedu sarbaga padam vettri pera  vathukal by Vks boys,0,tanglish
Epo ngk padam vantha piravu seeman ntk,0,tanglish
Hip hop aadhi movie naa le kandippaa paakkallaam enjoyment guaranteed,0,tanglish
tamil la nala film lam vara arambikuthu pola,0,tanglish
Nanga late ahh vandhalum latest ah varuvom,0,tanglish
ivlo mokayana trailera pathiruntha padatha pakama irunthirupen,1,tanglish
"Awesome but Prakash Raj is not perfect, jaga pathi Babu is best",0,tanglish
Avanukku nadippu suthama varave illa....kevalama irukku.... selvaragavan carrier idoda gali.. Yenda mogathula yedukku avlavu artificial expression,1,tanglish
1m likes thalaivar ku reach agumaaa,0,tanglish
nee enna da parayaraum perymal edupa...naanga edukrom paaru da..perya serupadii fr Ranjith Annna.🤣🤣,0,tanglish
semma mass pokka super  super star vijay anna da,0,tanglish
"Cuddalore vanniyargal sarbaga,,, ippadam vetripera vazhthukal",0,tanglish
Pazhaya Rajinikanth ah paatha feeling pa....,0,tanglish
Bgm etho birthday song mathiri iruku...!,1,tanglish
Eppavume Thalayaiyum Thanmanathaiyum yarukagavum vittu kudukakudathu Thala fans.,0,tanglish
Love you simbu and Arun Vijay,0,tanglish
Vera level pakka mass vijay sethupathi neenga vera level  Opening voice makkal selvan than,0,tanglish
Naaangalaum pakkaathan poorommmm...... Engee thalaivar odee aattaatheee,0,tanglish
Pinga vida Nkp trilar mass tala i love  you,1,tanglish
Arumai Mohan anna.. ipdi dha edukanum...,0,tanglish
Vera level YouTube gang  aitu..,0,tanglish
Oru nalla padathukku Namma majority katitoom,0,tanglish
0:50 ... ethana vati da marriage panuva naangala paavam da,0,tanglish
Dhanush paiyanukkaga poradra padama irukkum nu nenaikran,1,tanglish
Thala sema look... R u virgin,1,tanglish
Vani Bhojan  Vani | வா நீ 🤩,0,tanglish
794k likes first remake trailer getting this likes,0,tanglish
Super Thala Kalakirunga..  I'm Thalapathi Fan.. Best Wishes For Vivegam,0,tanglish
One Like for rajni kanth fans,0,tanglish
Adei tamilnatla innum ithana sathi Veri pudichavanga irukkingala da dei ...,0,tanglish
Kerala Sivakarthi Fans hit like here,0,tanglish
Dislike Ku pandrathukku oru kootam suthu polaa,1,tanglish
"I'm Thalapathy Vijay anna fan .  But I like surya, I'm waiting for ngk ....",0,tanglish
Enna trailer da .....mass da .terrified .... extraordinary,0,tanglish
semma mokka onnume phriyala thalabathi trailor varuthu Peru bhigilu therikka poguthu thalabathi fan da,1,tanglish
singar Arun raja and music Santhosh Narayanan semma,0,tanglish
756 k likes reached aairuku pangalingala adichi thookalamaa ‍‍‍‍‍‍‍‍,0,tanglish
bairavaa sikrama vaaa ( thalapathy I'm waiting ),0,tanglish
Naidu kal saarbaga vazhthukal movie going to be Hit.,0,tanglish
Eppa erukarah samugathuku edhu romba mukkiyamana padam dha beral level,0,tanglish
41k dislike.... appa 41k muttapayaluga irukkankilla....,1,tanglish
anyone seeing after visvasam motion poster,0,tanglish
Let's wait #NGK May 31 #Suriya,0,tanglish
thala mass da otha thalaya pathi yaravathu thappa pesininga savandipan,1,tanglish
bramin samuthayathin sarbaga padam vetripera vazhthukal,0,tanglish
1.38 - 1.50 BGM U1 🤙🤙🤙🤙,0,tanglish
"Massssss..,,,I told  vivegam movie   vere vera  level....",0,tanglish
Oruthar Mela Neenga Viswasam kaatrathukaga Innoruthar enn Asinga paduthu ringa,1,tanglish
Vfx pathi ippo pesungada Hollywood sambranigala,1,tanglish
Dai ithuku mela ungaluku enada venum... Edhuku da dislike podrenga,1,tanglish
LOVE you Dhanush anna semma masssss,0,tanglish
Ipavum repeat laiyae dan irukku,1,tanglish
intha naai Ku vera vela Ila thooooo oodi po naaya,1,tanglish
Surya bro epavum fanzzzz nanga support panuvom.Surya maZzzzzzzzzzzzzzzzzzzz,0,tanglish
"yennada ithu , Jayalalitha as  'Alita battle angelaa'",1,tanglish
lollollollooooolll fire engine here hatersa thani vechu adikalama...illa acid mutta adichi velayadalama,1,tanglish
Anna varithanam maanaa oru look mass dhanush anna...........,0,tanglish
Ennaku Ennamo Intha Padatha Parka Yaarumey Varamaatanga Polaairukku,1,tanglish
kaalaila enichadhum trailer pakka vandhavanga like podunga...,0,tanglish
this time thalaivar trailer ah 10ku Mela parthavanga like pannunga,0,tanglish
Ithulam thalaivar  real ah sonna visyam....thalaivare enjoy pannuvanga.......,0,tanglish
Thalaivar rajni eh vachu senjutaan,1,tanglish
today 7 million views pakka sure,0,tanglish
Suriya mad fan from andhra #andhrasuriyafans,1,tanglish
God I want pongal ASAP!!... Rajini sir !!! ... 🤤🤤🤤🤤🤩🤩🤩🤩🤩🤗🤩🤩,0,tanglish
Dhanush anna kku.. oru NATIONAL AWARD parcel....🤪,0,tanglish
Neenga Thaane Main   Nandha Gopala Kumaran  Enga Appa Military Daa Odi vilayadava sollitharuvaa,1,tanglish
Pongal ku vara matha padangala...Thalaivar sathiyama Adichu under wear oda odavidaporaaru maanam pona thiruppi varadhu paathukonga....,0,tanglish
10 times mela pathavanga mattum like it,0,tanglish
"Trailer awesome.,str anna veriyan from kerala.,,",0,tanglish
1:05 antha device peru enna ?,1,tanglish
Simple : Amazing cinematography .,0,tanglish
Morning enthericha odane trailer pakravaga like poduga,0,tanglish
Comedians (especially Udhayanidhi & Singampuli) Serious ah nadikka vechurukaru Mysskin. Mysskin- Ilayaraja combo ovvoru padathukum veri yethitae poranga. Pakkalam indha padhathulayachum Udhayanidhi nadichurakaara nu..,1,tanglish
Dislikes Poda Epdi Da Ungalukku Kai Varuthu  Dislike Poatta Yellaroda Amma Silukku Da Silukku Da Silukku Da............,1,tanglish
JJ mam we miss u,0,tanglish
Annan fans like adi makkale nadipin nayakan vanthitenu solluu,0,tanglish
comments la neraiya Kerala fans irukkanga,0,tanglish
Awesome.. Vikram gonna  rock again..,0,tanglish
Padam varumla thambi  May 31 padam varum paru,0,tanglish
Lalettan and Surya fans like here,0,tanglish
9M views...9m apparam paakuravanga like pannunga,0,tanglish
Super star rajni sir love you,0,tanglish
"Ennoda pala nal kumural ithu. Namma panrathu thappu, nama kodumaikaranunga apdinu pala padathula sollitanga. Aana namma karutha sollavum, namma pakkam irukura niyayatha sollavum oru padam varalayenu nenachen. Nanu ellarayum thappu sollala pariyerum Perumal padathula vara charecter mathiriyum silar irukanga, aana pala peru indha padathula solra mathirithan suthuranga. Pala peru PCR ah thappa use panranga, avanga panra thappa maraika.",0,tanglish
Rajanikanth sir fans like here...,0,tanglish
"BJP, ADMK Ku oru Aappu Eruku.",1,tanglish
Maassss. ipdi oru padathuku dha waiting ..  class. ....,0,tanglish
69 vayasunu sonna yaarum namba maatanga adhan thalaivar,0,tanglish
Kandippa Vera maari iruka poguthu thala oda carrer la best mve ah iruka poguthu,0,tanglish
Nice movie entha movie pakka arvama eruka  I am waiting for movie,0,tanglish
I am thalapathy veriyan but irunthalum rajini siraraiyum pudikum,0,tanglish
Last scene sema...... nan arasiyaluku varuvathuuuuu uruthiiii.,0,tanglish
Petta enna sumava  talaivan effect,0,tanglish
haha semma 1996 punchhh Yaara Yemathureenga🤣🤣🤣🤣,0,tanglish
Padayappa padam varumpothu enaku 4 vayasu irukum athula irunthu thalaivaroda veriyan na,0,tanglish
Nagai mavadam vellala pillai Mar samuthayam sarpaka padam vetria adaiya  valthukka,0,tanglish
Thala da...... Thala dhan massss.... Thala dhan gethu........... Thala dhan ellamey,0,tanglish
Ayo ippavey movie paakanu pola irukey,0,tanglish
"Thanks karthik sir...annamalai part 2 parthamathiri iruku..rajini sir spped, cute ness, mass...chance ah illa...thanks karthik subburaj...",0,tanglish
Unlike pannava ava amma ellam item tha Thevadiyanga pasangala Ungamma koothingala kilichiduvan,1,tanglish
paa semma thala fan enpathil perumaya ullathu I'm waiting ne vaa thala,0,tanglish
Hip hop adhi music kaaga ve padatha paapen,0,tanglish
Adichi Under wearoda Oda Viturven Maanam Pochuna Thirumba Varathu Pathuko  Paaah Ellam Sceneum Apdiyeh Sethukirukan Karthick Suburaj *Get Rajinified*,1,tanglish
Iam Vijay fan.... Trailer Vera levelsemaa Thala,0,tanglish
THALA na MASS Superb Rocking,0,tanglish
"Oruthar mele neengge viswasam kaatradhukaaga, innoruthare yen asingga padutharingge? Mass thala nee!!",0,tanglish
EN APPA MILITARY GOLI VILAYADAVA SOLITHARUVA,0,tanglish
1:08 Padippa Mattum Namma kitta irunthu Eduthukka Mudiyathu,0,tanglish
Yaaradh madangowri maadhiri oruthar vandh poraar,0,tanglish
Oru ponnuku anji purushan...indha madiri jaadi la yepdi da ponnu yedukureenga.. chaii,1,tanglish
Rajini waste but Sankar mass director,1,tanglish
Mokka ya erukku trailer feel happy,0,tanglish
Ottu mothama sethuruchi intha trailer nu solravan ungalukulle ponnu kuduthu ponnu yeduka matingada...ungalukulle pirivinai iruku ithula peruma Vera Pongada nan thalith Pennai thirumanam seitha agamudayar da unga jathi veriya thukki kuppaila podu ithala oru use m kedaiyathu.. Chi Pongada,1,tanglish
Ipdi neraya neraya nerayaa nerayaaa padam Kodunga Thala.. I,0,tanglish
PETTA pongal Jan 10 Ku semma waiting thalaiva,0,tanglish
0:18 Thirutham:Unmailiye naama suthanthiram britishkarankitta irunthu vaangi upper caste people ku kuduthurukom,0,tanglish
Shangar Sir ungalukku Thalapathi Fans Support Eppavm Erukkum,0,tanglish
Sariyathan solirukkanga nan yanna mo veyrannu ninaichan,0,tanglish
500K left for 16M views,1,tanglish
All thala fans vethalam teaser ku like podunga,0,tanglish
Antha Bike ah Bhavesh Joshi kitta thiruppi kuduthurunga.. apdiye antha Mask ah namma Krish kittayum kuduthurunga... suyama sinthingappa..,1,tanglish
Vera level da dei...🤩🤩🤩🤩Marana waiting 🤪🤪,0,tanglish
suttu pottalum soori ku comedy varaadhu pola,1,tanglish
Mass surya Anna ngk on fire,0,tanglish
Appadi la nadakathu  Nadakkaum Kodathu   Ommala thala Vera legal  Thala,1,tanglish
K V Anand after ayan 10years as kaapppaan,0,tanglish
Mirattal ah irukku boss... Siva anne sema..,0,tanglish
Ena pa ethu..evvolo heros and heroines varga...woooow,0,tanglish
Ithaiyum mass nu solra oru kootam irukku 🤦‍🤦‍,1,tanglish
Hey last vara music kathi music la avan pathutla avana copy adichitanpa,1,tanglish
vada vada vada vada vada vada vada,0,tanglish
Ennayya..namma makkal selvan padam trailerkke oru full thalapathy movie paatha alavukk appadiye silirpp kottuth..,0,tanglish
Will u marry me? Enga vachrukangya paru ya connect'a?,0,tanglish
1.31 to 1.35   Poda mudiyuma mudiyatha  Athu 90 kid's key perumada podra podraaa,0,tanglish
Who wan anniyaan 2 like here,0,tanglish
Awesome Shankar sir...its standard like  Hollywood movie...superb.,0,tanglish
1 million views and 100k likes  🤸🤸🤸,0,tanglish
Sema thalaiva endrum ungalukku visvasamana fans thaan,0,tanglish
India vula Thala kku mattum thanda mass opening his... Thala veriyanda....,0,tanglish
Ennada trailer fullah mass ah irukku ithula naa yethada 30 sec status ku edit pannuven,1,tanglish
"EYYYYYYYYYYYYYYYYYYYYYYYYY BHAIRAVAAAAAAAAAAAAA DAAAAAAAAAAAAAAAAAAAAAAAAAAAAAAAAAAAAAAAAAA!!!!!!!!!!!!!!!!! SUPER MASS TEASER, BLOCKBUSTER COMING ON PONGAL, WATCH OUT!!!!!!!!!!!!!!!!!!!!!! HATERS SCREW OFF, LOVERS LOVE THIS COMMENT!",0,tanglish
Samma stylaruku thalaiva. Padam kandipa hit daa.   Jai thalaiva from ntr fans. Andra,0,tanglish
kole gandule irruken mavane kolleme vidde maten!!!    Semma dialogue,1,tanglish
Thala vera level n yuvan bgm semmeee...,0,tanglish
Innum 1 day la 450k likes vandhurum,0,tanglish
Thalaya jeika innoruthan poranthu varanum da ... verithanathin utchakattam da...,1,tanglish
Next year  varikum  wait panamudiyathu for 90s kids,0,tanglish
Vijay anna Vera level super star Vijay valha luv u Vijay anna,0,tanglish
Enna NKP theme song maari irruku,0,tanglish
Same like kashmora going to be flop,1,tanglish
Hey idhu 96 Yara yematha pakuringa Vera level,1,tanglish
All dislikes from Pullingo Kunju Vijay fans.... Ungommaa molai la kunju vijay Kanju theriko...... #KaithiDiwali,1,tanglish
Bigil nelama enna aaga podhu,1,tanglish
MARANA MASS THALA  VERE LEVEL KATTA WAITING FOR THALA DARSHANAM,0,tanglish
Tamil la vera actress a kadaikilaya??,0,tanglish
60k likes left for 600k  And 4.7M left for 20M  Lets do it before movie release ( sep 20),1,tanglish
songs sema        Anbae Peranbae,0,tanglish
Kevalama erukku thu aanna entha jayam ravi oru heroine um veda matta,1,tanglish
Mokka make up 🤐 Waste CG,1,tanglish
01:43 enaya tamil idhu..mass iruku but kekrapo siripu vandhurudhu,1,tanglish
Pandey thalaya vey ethirthu pesuriya goyala theatre pakkam varuva la va.......,1,tanglish
"school boys innum tution pogala pola,dislike button ah pudichu nonditu irukkanuga",1,tanglish
Kaalaila thoongi enthruchthum teaser paaka vandhavanga like podungo.....,0,tanglish
plz we want in hindi too,0,tanglish
Teaser & trailer paathu veri yethikiravanga oru like podunga,0,tanglish
nadar samuthaya makkal sarpaka padam vejji pera valthukirom,0,tanglish
thala thaa super epoovum super yagaan sir,0,tanglish
Un azhagil yen idhayam dhan yenaiye marandhu marandhu konjidavum menjidavum...  Yenku Indha song cross aagudhu...,0,tanglish
Ippam enna panna porom???  Sweet sappida porom...,0,tanglish
Bgm tralier unmaiaga super like pannunga,0,tanglish
வெறித்தனம் #OVERLOAD சூர்யா செல்வா யுவன் #MaranaMassCombo #Marana #Waiting  #ByThalaFan,0,tanglish
tha...vilayadalama alle adhigama irukanum  be scared aamaiyans,1,tanglish
Hey ithu 96 yara yemathuringa  sema Ultimate,1,tanglish
Dho vandhuduchula aduttha mugamoodi..   lol,1,tanglish
Semma trailer..  Vera level,0,tanglish
"Ena mayiru padam ithu negative comments laan delete pannitu punda mavanungala adei pa.ranjith,maariselvaraj,vetrimaaran avangalaan saathi vena sollithaan da padam eduthrukkanga but neenga vanmuraiya thoondra maathiri edukkureenga ena sunny pad da ithu sathiyama odave odathu",1,tanglish
Siva karthikeyan still vachiruka baadu la yen da utube la pesunum nu pesi comedy panringa,1,tanglish
Inta padatha inum nalla budget la edutirkanum,0,tanglish
yo yo twinkle twinkle littile star aaaayoooo ummmmmaaaaa vijay,0,tanglish
producer maama  cousin enda   iShtathuku padam pannalaam poalaye,1,tanglish
Yenda katuringe  thirutuve matingada mokka padatukula part 2 veraiya,1,tanglish
Thaadi ella ma jayam ravi younga erukaru,0,tanglish
NGK filmnu .... ThalapathY Dr VijaY annan fansinte.... Vijay Aasamsakal ....,0,tanglish
mohanlal veedum kilavan role. ha ha   surya mass  ..aa peril mohanlal fans monmark santhoshikam 100cr.  but surya moovi..like,0,tanglish
"Movie kunjam fast irukum nu expect panra , super combo, except Vera level,great feature for simbu na,different from director..n",0,tanglish
10 times Mela Patha vanga like pannunga,0,tanglish
Harris jayraj after a long tym...!!,0,tanglish
I'm waiting for sanga tamilan movie,0,tanglish
Namala asinga paduthanumnu ninaikuravanga kitta revenge yedukurada Vida avanga munnadi nalla vazlndhu kaaturadhu dha biggest revenge Nice movie nice concept,0,tanglish
varla varla ma bairavaaa !! BGM massss thalapathy classs !!!,0,tanglish
All time favorite dhanush   Love  from kerala,0,tanglish
Thalaivar 2050 LA than katchi arampipar.......,1,tanglish
Vera level movie aakum I'm Katta waiting,0,tanglish
komali kadhadhan aga pogudhu padam otthikkum,1,tanglish
Oru tharava pakalamnuu neaikiren.. Pakalamm Blue Sattai ennathaan solla porarnuuu,1,tanglish
National award varanum naa like pannuka,0,tanglish
Marumalarchikku piraku veali vantha vanniya thiraippadam  By dineshkanna07dk@gmail.com,0,tanglish
Thaanu reel vidurathula per ponavan... ivanellam nambi cinimavukku poga koodathu...kabali adiye innum mudiyala...,1,tanglish
Go*** Sk Va Thapa Pesa Evanumkum Thaguthi Illa,1,tanglish
Average solra alavuku trailer illa naan romba ethir paarten old dialogues repeated.,1,tanglish
Surya       gethu,0,tanglish
Pongada Dai music oru mairum nalla illa ithukku vedhalam music paravala,1,tanglish
Tamilargala Hindu ille appadi solli Cristhuva mathaku maathra gubal Sadi veriyan appadi title kudukura gubal yellame 1nnu dha that's DMK DK NAAM TAMILAR VCK GUMBALS,1,tanglish
naan thala yoda thivira rasigan daa naan thirunelveli karandaa,0,tanglish
I think indha padathula mr rangaraj  pandey nadichirukalam Main roll la,1,tanglish
"Muditu comedian ah va da... Nadicha ivaru hero va dhan nadiparu... Naatla nariya hero irukanunga, quality ah ne comedian dhan Illa.... Do what you are good at.",1,tanglish
"Tharamana padam from thalaivar, kartik suburaj & anirudh..ponggal'ku mathe padam lam konjom othingiru..odi pathingiru vararthu thalaivaru..",1,tanglish
Kaithi verithanamlast dialogue ...saavuratha erunthalum sanda poittu saganum  sir..bayanthu  kala vilunthu saga kudathu,1,tanglish
Blue sattai maaran be like: kola gaandu la irruken,1,tanglish
Kangana look like an animated panda,1,tanglish
Athey vintage nakkal la varanum,1,tanglish
Kola gaandla iruka kollama Vida maata rajinism,1,tanglish
Superbbb Rajini 20 years Boy  telugu lo kuda Kavalli,0,tanglish
Movie Nalla irukkum nnu Nenaikkura Papom am waiting.......,0,tanglish
da 700k like  mukuthu very bad,0,tanglish
Rompa expectiona iruku... Thala sekiram vaa...Thala..  August10... Waiting. . Thala speech sema mass... Last dialog super...,0,tanglish
"1 week ku mela odadhu... Nadodigal part 1 le.. Love, friendship, comedy irundhudhu... Idhu Ena da na.. Porattam manavargal nu . Shabba mudiyala.. Sure flop",1,tanglish
Vera level acting chiyaan Vikram Anna,0,tanglish
Hats Off Thalaiva... rajith nai mattutha padam yaduppana? Nanum Viluppuram Da. #kshatriyan,1,tanglish
Anna Vera level na neenga....movie hit aaguma,0,tanglish
0:41 and 1:04 mass bgm.. arr rocks,0,tanglish
En sun tv innum trending la teaser vara mattikinthu yyyy????,1,tanglish
96 la arasiyal Ku varrenu avar epo sonanaru proof kaatunga paapom evanalum mudiyathu ean na avar sonnathe Ila .. summa vaai than .,0,tanglish
4 min la 120 k  views,0,tanglish
Gv is back .... Morayana theme ... Pesama. Ni again musicku vandhu gv,1,tanglish
Teaser super but storya konjam koda guess panna mudiyala,0,tanglish
thailava seekiram va thailava  marana waiting .,0,tanglish
Un anna ennada pundiya sonna para pundaikala,1,tanglish
2.25 aishwarya rajesh dubai police  Id no : 6787739,0,tanglish
thalaivaaa...enna ethu epdi chinna payyan mathiri...petta paraak,0,tanglish
Arun Vijay entry pakka mass... Vijay nu Peru irundhale mass thaan,0,tanglish
Surya annan uyirr & karthi annan chank,1,tanglish
44 k views 51k like 658dislike,1,tanglish
Adeii unnaku ethu thevaiya? Mugamidi part 2,1,tanglish
Suyam varam paatha maari irukey bha.oru gumbal eh irukanga,1,tanglish
Rekka part 2 ..  Vjs mass la set aavala ..  Soothu kavum mathiri movie pannunga,1,tanglish
Yarelam padathukaga wait pandrathu like here,0,tanglish
Wow bangam  sema mass  Indian cinima pride,0,tanglish
Milestone 500k soon . . . just 30k needed,0,tanglish
"Thangachiya ,ponna,akkava,ya oru oru veetu kulavilaka elantha yellarukum yentha padam ... Yentha padam vetri adya valthikal....",0,tanglish
SEMA COMEDY movie awaiting nu nenaikuravunga oru like podunga,0,tanglish
Kk chiyan vikram in kadaram kondan best wishes,0,tanglish
Let's make it 1 million likes today!! Jai magizhmathi,0,tanglish
karthi fans hit like  blockbuster  kaithi...  bigil big flop,1,tanglish
last dialogue is indirectly told ellaruku sollra nalla ketukonga inime ne comedian comedy pannau sirika vai apdinu sonninga otha ...........,1,tanglish
Appo 1996 la Irunthae Ivan Olu Vittutu Than Irukkana,1,tanglish
Enna thatha vala 1 million likes thoda mudiyallaya,1,tanglish
Sattatha thappa use pandranga kurippa vankodama sattatha atha pathi oru padam yedunga director sir,1,tanglish
ennna pa anga nai kathu thu,1,tanglish
amazing trailer vijay anna rockss next super star vijay,0,tanglish
Vera level  Thalaiva and master Shankar,0,tanglish
Our t64 director  vera level,0,tanglish
Yethuku Gv Nerkonda parvai Theme potu irukuraru🤔🤔??,1,tanglish
56k dislike . neegalam irukkavaraikkum thala eppovum @ending  pro,1,tanglish
Vijay is human waist vijay is cinema senja mahatappu and kaduvul nala kooda mannikka mudiyadha oru thappu is vijay,1,tanglish
Namma character ku romba poruthama irukkum polaye,0,tanglish
Thala ne mass luv u danush,0,tanglish
Kaththi music edukku varudu. Mokka trailer. Dialogue not good veeram far better,1,tanglish
Tharamaama sambavam irukku 6 clock ku   Kaathiruppom,0,tanglish
Apa kandipa thalapathy 64 miratta podhu,0,tanglish
ayyo epaappaa varum jan 10. trailare ippadiyaa... naangalum kolai kaandula irukkom. naalaikke jan 10 varakkodaathaa.....,0,tanglish
WTF  views kum likes samanthame ilaye ya..,1,tanglish
Thala fans ukku indaikku ithan thiruvila? Am i right?,0,tanglish
"wow 200k likes., love u thalaiva",0,tanglish
Enna  Padam..Ya ..Enna Padam  ..saththiyama solren  ..Sema padam,0,tanglish
Ajith Sir.....neenka viswasama vanth NERKONDA PARVEY Asathiteenka sama mass class,0,tanglish
1.48 Enna Da pantriga pinnadi,1,tanglish
Cartoon movie madhiri iruku pa! UNMA DHA,0,tanglish
Hip hop adhi fans hit like here,0,tanglish
Ennada edho robo Mari orey tone le pesura trailer fulla,1,tanglish
Idhu thalapathi ...nayagan ...ayutha yeluthu mix pannina maari irruku ....papom,0,tanglish
Paakaruthukku style aarukka???? Antha ponnukku kannu yengey..kundiyiley vechirikkeyaa,1,tanglish
Chiyaan  semma   Love from kerala,0,tanglish
Thalapathy thanda mudiuma neruppulam enga kitta paruppuda,0,tanglish
Pettaiku viswasama pogalam aana viswasathiku peetaia poga mudiyaadhu,1,tanglish
Dai edhu kakabhuka kakabhuka short flim concept am right,1,tanglish
E movie vera level..    Surya form ..,0,tanglish
Looks like remake of pink movie,0,tanglish
Kartik film very super.. From telangana,0,tanglish
Satthur p kanmaipatti yathavar sarpaka padam vetri pera valthukal,0,tanglish
Ellarum surya vaa troll panuranga enna 34 moviela periya level poitaru,0,tanglish
"Thevar,vanniyar,kownder,Nadar Pillamar, bramins,nayakar, viswakarma,FDO,.....Yela community um support panuraga.....Naaga yaarum jaathi paakamatha movie Ku support pannurom yen naaga entha mathiri nadaha Kadhal panathu illa panaa ore echa group.......Kurumaa gangs",1,tanglish
Dislike pottava kaila ketacha seththa...,1,tanglish
OMG 5-6 different lookk .......suryaaaaaaa vere level,0,tanglish
Surya Anna I am Arun ur big fan... really marana waiting na,0,tanglish
Idha idha idha thaan na edhirparthein.. Petta paraak!!,0,tanglish
Semma semma semma semma semma semma no words vera level,0,tanglish
Mokka  na mokka vera level mokka  intha padam thala rank ka kuraikkum,1,tanglish
"Super Star ava mudile nu, Super Hero va aavaringalo?, THU!!!!",1,tanglish
Vare vaa  hip hop Tamizha music,0,tanglish
Thala rasigargal sarbaage thalapathy ku engal vazthukal  #MalaysianThalaFan,0,tanglish
Fuck off disliker salaaaa power ajith Kumar,1,tanglish
trailer ah rmba enjoy panni pathavaga oru like pannuga,0,tanglish
Kaasu Kodhuthu Vikku Mudiya Vangalam . Ana Kaasu Kodhuthu Tholapathy enra Title Vangalaama ?????!!!!!!,1,tanglish
"Chennailaye poranthu 30 varushama irukrathala, enaku village na pudikum but jaathi paathu palaguvanga nu, villagela irunthu vanthavanga sonnathuku apram... Otha village go fuck urself itha thavara vera enna solrathu...",1,tanglish
Arjun irukaru adhunala indha movie koncham pakalam sk muncha pathale siripu than varudhu,1,tanglish
vera  levela iruku by thalapathy veriyan,0,tanglish
Rajni sirkaha 100 times parkalam.. Worth watching,0,tanglish
Sivakarthikeyan endha movie la umaii pola oru scene kuda vai therandhu peasala,1,tanglish
Neenga matum dha super star.. Vera endha nayum illa thalaiva...,1,tanglish
Thala fan but karthi sema actor last kavalan siruthai nabagam varuthu brother nariya par maranthu erupanga,1,tanglish
Jayam ravi anna...You are great....Kandipa comali padam blockbuster aagum....ALL THE BEST....,0,tanglish
"Indha trailerkagave 150 kudukalaamya, 20 vaatiku mela paathuten, Thalaiva Karthik Subburaju enga Super Stara getha kaatirukaya",1,tanglish
Sema mass Pongal kku wait pannunravanga like panunga,0,tanglish
Endhira logathu sundariye video song kettu vanthu trailer partha vanga like podunga,1,tanglish
Surya anna is fair  podu thakida thakida,0,tanglish
Savage....Oruthar mela neega vishwasam katradhuku inoruthara yen asinga paduthuringa,1,tanglish
Tharamana padam . Namakkaga oru padam varadha  endru yengi kondu irundhom . Mohan Anna very Thankful to u . Keep it up,0,tanglish
Dai dai ellam nalla than da psysiringa.. Ippa trend ithan athan atha base panni padam edukiringa. Makka evlo nal than da emathuvinga. All reel heros.. I am searching heros in real life. Real  ah evanum twitter la kuda karuthu solarathu ku thairiyam illah.. Ellamay panam appadi thanay.,0,tanglish
vijay Ella surya Anna munnuku sappa surya mass,1,tanglish
Tamil cinemala ithu varaikkum illatha Vara level mass trailer,0,tanglish
Rajini ah kalaikaratha film la irunthu thookama irukanum semaiya iruku rajini ah otanathu anbumani ramadoss said enaku kalyanam agara apo irunthu sonaru arasiyaluku varuvenu ipa en ponnuku kalyanam airuchu inum athaiye solitu irukarunu,1,tanglish
Dislikes podravan anils and omakuchi fans,1,tanglish
dai vj anna face pathu serekeraaa,1,tanglish
thala # masssssssss no.1 vera level,0,tanglish
Kaliiiii....tahlaivaa vangaaaaaa ithutha ethirpartheennnnn......lateaa vanthalum.latesta varuvendaaaa,0,tanglish
Suriya face lightah muthuna madhiri agirucho??!!! I lla padathukaga edhuvum getup changeah??,0,tanglish
Massssssssssss looooookkkk thalaaaaaa vera level,0,tanglish
10 times mela paathavanga like podunga paaaa,0,tanglish
"Vaaram vaaram oru trailer varudhu,   Onni yogi Babu iruparu 🤣 Illa na Sam CS irupaaru",0,tanglish
"பவர்கட் இனி இல்லை!\r Sijlee energy solutions pvt ltd\r sijlee.com\r 044-48684268,9789082241\r Emi available\r Chennai",0,tanglish
super thalaivaaaaaaaaaaaaaaaaaaaaaaa durai singam seerum engum ippa vanga da super thalaiva congrats entire team,0,tanglish
Inga rajini vena but soldravan poora ttv support panni avana admk sekra mama vela paakuravan thaan,1,tanglish
Intha teasera pathu mokkanu sonnavellam mokkapasangada,1,tanglish
Aruvi movie fans hit like here 🤩,0,tanglish
Anils nethu kodutha adiya marakkave mattanga,1,tanglish
GLOBAL ACTOR CHIYAAN VIKRAM FANS WISHES SURYA.,0,tanglish
Dai trailer ah ennada idu??bomb vedichamadri aduruthu THALAIVAAAAAAAAAA,0,tanglish
Rajnikanth looks young like telugu hero nani,0,tanglish
TIRUNELVELI NADAR ina sarbaga Vetri pera Vazhthukal..,0,tanglish
Udaiyar Sangam sarapaga Draupathi Padam vettri adaiya valthukkal.,0,tanglish
karthi a vache inda mass na annan a vachu eppadi pannuvaanga nu yosichu paarunga,0,tanglish
"Trailor eallam nalladhan irukku. Padam nalla irukkanumae. Ravanan, Katru Velliyidai eallam kooda trailor mass ah dhan irundhuchu. Anaa padam",1,tanglish
11 maniku thaanda release panrea nu sonneinga,1,tanglish
Dai ithu kekke beke bitu da dai,0,tanglish
Pakkalaaammm antha kaali yude aattathea  # bstwishes 4 style mannan  # sethupathiiii sir,0,tanglish
Vera level na nenga puthucha erukku,0,tanglish
Trailer ah nerya nerya nerya nerya nerya thadava paathavanga like podunga,0,tanglish
"Lal yettan, Surya, KV Anand Sir, Harris Jayaraj BGM...... I am waiting.....",0,tanglish
90s kids vs 2k kids war begins..,1,tanglish
SURYA AND SAI PALLAVI GONNA ROCK. .. #NGK #Surya #saipallavi,0,tanglish
Tamil Nadu naasama povathu uruthi.... Thuuu,1,tanglish
Kangana you look like laughing buddha,1,tanglish
Shankar sir enna da panni vachi irrukaru nee movie da idhu,1,tanglish
GV style la sonna Vera Levela varom!!,0,tanglish
Tired of doing dislikes and out of vadais. Dala Vedalamdaaaaaaw,1,tanglish
....... Neraya neraya neraya neraya neraya........ Semmmmmmma,0,tanglish
Suriya 37#Kaappan Orupaad pratheeksha nalkna Teaser ....suriya annan uyir....,0,tanglish
Oru nalla padoo varapodhu rombo nal kalichi!,1,tanglish
Pariyerum Perumal Ku award varala but next time indha movie Ku kedaikanum.,1,tanglish
Intha trailar ah pathu yaarellam sirichinga  like PODUNGOW 🤭,0,tanglish
Ippadi padam mattum thaan edukka mudiyum vera onnum pudunga mudiyathu,1,tanglish
No lip sync for Kalyani! AGREE?,1,tanglish
I am Bangladeshi but i love suriya,0,tanglish
Trailer mokka ya iruku Krish trailer pakkura Mari iruku,1,tanglish
Rajini climax bangam !! Gupper sirupu 🤣,1,tanglish
film is very bad ......i dont like it,1,tanglish
Bgm mass Suriya naale gethu dhan,0,tanglish
Dai ena pudu cmdy. 4 nallu apparam trending,1,tanglish
6th placela irukkira sivakartikeyana eppadiyavadu  10th placela irukkira suryaVA exchange pannunga kullan fans unga kailadan irukku,1,tanglish
Anils solli vachi un like pannirukkanuooo pola... Anil kunjikala,0,tanglish
Kaidhi movie pray for success andra suryaaaa fanzzzzzz,0,tanglish
Dislike pannunavanellam porama pudicha sori naaikal....,1,tanglish
the king chiyaan only,0,tanglish
More 301k likes needed for 1M views,0,tanglish
Yaarellam Trailer Paakama Like Panninga .??? Inga Like Podunga,1,tanglish
Marana mass uh  Thalaivar on fire..... Kola masss,0,tanglish
Sema sema sema sema sema  super THALA.,0,tanglish
adhukulla potta pasanga vijay fan anils dislike panranga potta pasanga,1,tanglish
Deadpool ku voice kuduthavunga thaan intha padathoda hero ku kuduthrukanga,0,tanglish
Dey innum 10mil kudam varalaya 🤣🤣,1,tanglish
gommala makku kuuthi 1996 la enga da puthiya thalaimurai irunthuchu lusu kuthigala ithukku support vera,1,tanglish
mokke daw nu solleravanukku ellam oru sura dvd home delivery panne vendiyathu than,0,tanglish
anikunju(vijay) movie oru naal rendu naala theatre la iruthu eduthuruvanuga conform intha movie release aana,1,tanglish
Oruthar mela viswasam katradhukku mathavangala yen asinga paduthurenga... Hats off dialogue thala....,0,tanglish
Mohon oru aramba puli ine neraiya director varuvanga unmaiya sola,0,tanglish
ANTHA GUN LA THOOTA IRUKKA... VJ SETHUPATHY .. VERA LEVEL dialogue delivery,0,tanglish
Selva sir Vera level ah trailer vitrukkinga mass kola mass,0,tanglish
Yen da na comment pana mattum evanum reply panamatringa?,1,tanglish
Ipdi neenga sandai pottukittu irunga vadanattu karan unga eallattaium orunall thookapporan paru,1,tanglish
I set your screens on fire.... Thalaivaaaaaaaaa....,0,tanglish
"yappa dai Vfx super but logic a illa,",1,tanglish
Best Wishes From MAMMOOTTY FANS KERALA,0,tanglish
@Bigil trailer vantha  Entha padamum diwaliki varlanu solliduvaanga paakringala.... Only for Thalapathy......,1,tanglish
Last varaikum nadichite iruga arasiyal vendam athan enga ASA,0,tanglish
Ada de Namma muttu muttu teejey Maari therithu,0,tanglish
"2:01 ada gappa, tanni kudichittu irundhe gubeerunnu sirippu vandhiruch, thoo nnu tupitte🤣🤣🤣🤣🤣🤣",1,tanglish
Bgm mass irrukunu solluvanga like podungabangam ....,0,tanglish
twinkle twinkle little star...vj super star !!,0,tanglish
new concept new trak new dimension..  Vera level..  2020 la Oru nalla entertainment irukku,0,tanglish
Siva sir your SPL Thala love you,0,tanglish
Enna da sonninga kavundana vettu  kavundachiya katt ah ithu than da enga bathil,1,tanglish
vijay annnaaa ningal vere level    love u sir.......................................,0,tanglish
Am thalapathy veriyan  Anna asuranuku marana waiting,0,tanglish
Otha Thevidiya Pasangala Neenga Nalla Padam Edukkanumnu Yenda Matha Actres Kalaikkureenga  I'm Talk About For Thala & Thalabathi,1,tanglish
"Mannum ponnum onnunanunga, adhan ponna vachu soodhaditen- darmar....",1,tanglish
Thalaivar 1996 la varen nu sollave illa Oru katchiku Support thaan pannar.,0,tanglish
Gv Prakash aniruth youvan ar.rahman ithunapear iruikumpodhu yella patathukkum adicha musica adippan Harris jeyaraj veast,1,tanglish
Sahoo pada titile slogan ah suturukange,1,tanglish
enna elavu da ithu  ......,1,tanglish
Vaarevaa...pakkah concept....waiting for this kalakkal package,0,tanglish
maranam masssu maranam adhuku avandhan porandhu varanam  nadippu arakkan,0,tanglish
"Kola Maas ,Marana Maas ,Maasuke Maasee......",0,tanglish
epdiii thalaiva ungalala mattum  kandipa theater la 1st show poi paapan thalaiva,0,tanglish
India largest 215 feet cutout NGK,0,tanglish
Hahaha....2016 nan arasiyal ku varaen ... Idhu 1996  Sema bulb for rajini,1,tanglish
Sema bangam... Rajni entering to politics....,0,tanglish
Entha oru publicityum illama oru trailer ku Ivlo likes vanga thalaiyala mattum than mudiyum,0,tanglish
Rajini ah vida akshay mass ah irukane,1,tanglish
Nadaga kaadal nu jaadi per ah koovureengaley da dei  yen pollachi case Apo uppu pottu oombitu erundeengala 🧂,1,tanglish
Intha mathiri oru padam kodatha director pradeepku congurajlations            Super movie   marana mass,0,tanglish
Na vamda Bangalore movie trailer patte super movie kaga Na whait pandra,0,tanglish
1:33 Arjun dialogue is for video memes,1,tanglish
Romba year aparo surya ku mass film,0,tanglish
Semma trailer  Climax super  Thalaivare kalaichittanagale,0,tanglish
"Trailer oru pakkam  comments oru pakkam. Society Yen innum ipdi iruku keela irukravan virumbuna,  nadaga Kaadhal adhu ithunu. Ponnunglum avlo muttal nu ninaikadhinga, thappu panravsn ella society um irukan.  Unglku keela irukravan dha asingam, adha onnu koodringa. Varutham",0,tanglish
Intha age la ipudi act panna mudiuma omg,0,tanglish
Thala endurathala... avar thalayum perusa irukooo🤔,0,tanglish
All the best from karnataka king D BOSS Fans,0,tanglish
Pongal vanda paka thane pora..... 100% petta paraak,0,tanglish
just 3k views more to reach the milestone...!!! varla varla va varla va Thalaiva :),0,tanglish
Kajal agarval kutty gaga Padam povan da,0,tanglish
Sunny mari eruku thu da movie,1,tanglish
0:18 - 0:42 dunkrik bgm 0:43 - 1:00 viswasam ajith intro bgm #GV rocks,1,tanglish
0:18 enna da aniyayam pandringa,1,tanglish
Earphone la U1 Bgm kekum pothu Vera level,0,tanglish
thalaivan Vj sethupathy irkaru doi..atha naan pathuputon doi...,0,tanglish
DEFINITELY FDFS SHOW IN THEATRES,0,tanglish
Shankar sir enna manushan ya nee,0,tanglish
Yellarum avaroda stylea pattimattum sonenga  But 69 vayasulum avaru evalavu slim-a. Erukaru athapatthi sollalaue,0,tanglish
11M Night Indha Time Kulla Vandhurum Paa,0,tanglish
"Class mass,,, thala padam pattaya kilapummm",0,tanglish
TITAN company karan copyright ketu case poda poran . ilayaraja  kavanam,1,tanglish
289K left for 1M likes,0,tanglish
37k  dislikes frm amai fans and kullan fans porama la thirijuranga,1,tanglish
Thalaaaaaa always masssss ..  sekaram release pannunga,0,tanglish
Yevlo naal tha sandaila herove jeipaaru nu therila,0,tanglish
Intha padampothu thalaya asaikka kooda mudiyathu,1,tanglish
I am Vijay fan but trailer semma Mass ah iruku  apdi nu ajith fans'ae poduvaanunga nambidadhinga  Believe in Siva  Sai sai,0,tanglish
Kangana as thalaivi? What a stupidity,1,tanglish
str luks damn funny.. luks too fat..yakkk,1,tanglish
1:54 reply to Haters.... Slipper hit....Dislike potta pundangalukku,1,tanglish
Mass na idhutaa. Ippo trending la no. 2 aairuchu..,1,tanglish
NGK trailer paathavanga yellarum like podungaya,0,tanglish
Jappan la gundu vilundha maari  India mela oru gundu vilugattum India map laye illama pogattum  Keel jaathila thimiru puduchavanu sari Mel jaathila thimiru puduchavanu sari Appovavathu thiruntharanugalanu papom....     Ama ethuku ella thirunthitu gundu vilunthu ellaru setha pothu....,1,tanglish
China vasula Areala kulochom la VA da Polam angathanda nadandhu poitrukomcurrently situations,0,tanglish
Ngk trailer mass and vera level,0,tanglish
Hello enna surya Anna name ma mention pannama teaser release pannirukenga .... !,1,tanglish
Rajni is looking younger among everyone...,0,tanglish
Surya heart pathala parka kannum pathala konnuteenga......,0,tanglish
Apdye andha vadachennai 2 pathi edhaavadhu sonnaa nallaa irukum,0,tanglish
talivaa ranji sir always super star.,0,tanglish
universal cop gonna rule universe from  jan 26,0,tanglish
Sabba oru vazhiya trailer mudinchu...  padam yepdi irukumo..,1,tanglish
U1 rocks vera level la bgm,0,tanglish
Padam Vetri Pera Vazhthukkal Nanba Kandippa Intha Padam Samugathukku Oru Vishayatha Puriya Vaikkum,0,tanglish
My fav mv i love vijay,0,tanglish
Dei enna da godfather mathiriye iruku,1,tanglish
"1:20 Oru chinna ponna poyi yenna matter nu double meaning pesa vaikurathu thappu illa? Director ah vidunga, Ravi yepadi accept pannaru, avuru padathula ipadi oru scene ah.",1,tanglish
"THE NAME YOU KNOW ,      THE FACE YOU DON'T",0,tanglish
Na Vera vaniya Kula sathiriya vamsam daa,0,tanglish
Aaana Viswasam Trailer Views Earave Illa 31 laye nikkuthu Atleast Daily one time aavathu paarungayaa,1,tanglish
Padam bagammm...  Semma thala ajith,0,tanglish
Trailer ye nalla iruku..Waiting ...Sankar sir romba kasta paturukaru...Ithalaiyum vanthu en story solli manna alli podrathinga da..,1,tanglish
Muduku yelumbu sidaithum  my game is beyond the pain,0,tanglish
Yey itu 196 yaaru yemathiringa,1,tanglish
90 s kidS  madhiri Semma..,0,tanglish
Mass Raja... Intha Bairavaa... :) I am Waiting...,0,tanglish
engalukku arasiyal rajini dhan pidikkadhu...acting la semmaa...Thalaivaa,1,tanglish
Ena da kfg musiq lam kekuthu,1,tanglish
Smriti irani could hv done better,0,tanglish
Thala blood mattum like ah podu,0,tanglish
Bgm semma nu solravanha hit like.......,0,tanglish
Thenavattu movie ku appuram ippodhan jiiva anna  mass acting panni irrukkangga movie blockbuster dhaan,0,tanglish
10 million views in a day thalaivaaaa,0,tanglish
Gothhaaa padam epa daaa varummmmWaiting 4 STR by #Verıyan,0,tanglish
waaathaaa  indha mari trailer edhuku  aparom yaralayum nanachi kooda paka mudiyudhu  theri nu title vechi irukanga correct dhan,0,tanglish
Vijay Annaa  Ur Maassssss Therrrrriiiiii,0,tanglish
Waiting for 1 million likes,0,tanglish
Ethana Peru pathutrikkinga inga like pannunga,0,tanglish
Unaku vayase agala ya .....ne vera level,0,tanglish
Wow.... Thalaivar semma smart.... Palaya Rajinikanth... Semma,0,tanglish
vera yaaru irunthalum intha paattukku nadichjuruntha athu hit eh aagaathu but thala /////////////////,1,tanglish
ivlo violence kandippa intha padathukku A certificate kodukkanum...intha padatha yaaru thalaila katta poraano thaanu..vaangura distributors ungalukku sangu thaandaa...soothanmaa irunthukunga..,1,tanglish
Thala mass No I King maker,0,tanglish
Theri bgmkita bigila bgm  kaal thoosi,1,tanglish
I want 300 k like,0,tanglish
Roshan mask potutu vantu hero nu sonna nambirvomaa,1,tanglish
Music tha maaaaasssss .....rahman trailer not up to mark🤷‍🤷‍🤷‍,0,tanglish
Oruthar mele neenga viswasam kaaturthukaga innoruthare en asingam paduthuringe,1,tanglish
Enada panni vachu irukeenga antha amma va. Makeup romba mosam. Antha amma maathiri selai kaata sonna pacha colour la oru porvai ya pothi vitu irukeenga.,1,tanglish
"Nalla kadhai erukra padathuku lam trailer ku ivlo alaparai ila, edo cartoon kadhai eduthu vechutu ayyayoo",1,tanglish
Thalaiva dhavame enna nadippin nayagan annan surya...,0,tanglish
Saathi sandaiya uruvakkuravanalaam oru appanukku poranthurukkamaattanunga........,1,tanglish
Semma masss thalaiva Surya Annachi,0,tanglish
Caste lam maraka vida matinga pola.... Ipd movie ya eduthu,0,tanglish
Vaa thalaiva ipdi ungala paakanumnu dhan na ivalo naal aasa patten !!! SURYA to ROAR TAMIL CINEMA,0,tanglish
dai thala pera sonnalay summa tamil naday athirum daa,0,tanglish
Arada e trailer edit chytha Mara ooola,1,tanglish
Diwali ku Tharamana rivalry irukku ...naa thalapathy fan but trailer semma worth...kola mass...,0,tanglish
Review pathutu varavan lan inka like ah podu,1,tanglish
Sivagangai seemai maruthu vamsam sarbaga movie vetri pera valthugal,0,tanglish
na thala fan but this deepavali kaithi yoda kondada pora,0,tanglish
90's Thalaivara thirupi thandaduku BIG thanks to Karthik Subburaj,0,tanglish
Waiting 4 uvan music love uvan sir,0,tanglish
Aiyoooooooooo Mani sir film ah idhu  solra wrk ku leave ah release date anaiku  str  Maas uh,0,tanglish
Ulitamte trailer  Semmaaa  Thalalalalalalalalla From A pure. Vijay veriyan  Got goosebumps for this,0,tanglish
Yaru viswasam teaser ku marana waiting like  pannunga,0,tanglish
Ena ravi seeman koda kotani vaipa pola,0,tanglish
1:31 nivetha pethuraj aah vatchi sejirukan Pola,1,tanglish
super vijay Anna mass vera level,0,tanglish
Thalaivar manirathinam semma semma semma vera level marana Mass sir,0,tanglish
Takku nu trailer mudinjicha madhiri iruku.. Couldn't take my eyes.. Goosebumps..,0,tanglish
Oruthar mela Viswasam katrudhukaga innoruthara en asinga paduthringa... Mass Thala.. Purinjavanga purinjikonga,0,tanglish
Watha Podu.. Idhu maadhiri padathuku daan da waiting.. Masss.. Pakkaaa masss... 🤙🤙,1,tanglish
Love u ravi sir from hariyana,0,tanglish
Horse riding just like power star  pawan kalyan i love you surya,0,tanglish
It looks like funny video game,0,tanglish
wt mn...surya paya comedy pannikittu irukkaru...summa onai illa sori nai illanu,1,tanglish
Iruku.... Indha padathula verithanama suspense iruku...,0,tanglish
indha teaser vandhathula irudhu Surya heaters munjila marana Bayam theriyuthu semnmmnaaaaaaa animals ellam orama pogeda,1,tanglish
Trailer hey pakka verithanama iruku padam epudi iruka pothey intha deepavali kaithi deepavali than,1,tanglish
varalam va varalam va varalam va varalam va bairavaaaaaa,0,tanglish
Wow tharau Maru waiting Surya sir  Thala& Surya fan,0,tanglish
Munaadi nadantha story ellaa padathuleyum ore story,0,tanglish
4M viewers gu  I'm waiting,0,tanglish
Vaalum theivam ajith Kumar Manitha kadavul ajith Kumar Sokka thangam ajith Kumar En uyirai kaakum ajith Kumar Ulaga uthaman ajith Kumar...,0,tanglish
Views and likes check panna vantha D fans like pannunga,0,tanglish
Mega mass  heroda SINGAM Suriya,0,tanglish
Superstar yaarunu Karthik subburaj ta kaetu therinjukonga ba.unga jaathi veriku en thalaivara Bali aakathinga.,1,tanglish
"Intha nadaga kathal , saathi Veri, ithu ellathaum vida nenga Yara virumpuringalo avangaloda originality a therinjuka try panunga.. avanga familya therinjuka try panunga Ava Enna jaathinu kandupidika Ila  . Avanga nadavadikai therinjuka.. thappu ellar melaum tha iruku.. kunathal uyarnthavan  Mel saathi kunathal thaalnthavan keel saathi.. avlotha..jaathi ennaika irunthalum ratham kudikura atta poochi tha..",1,tanglish
3 hours agidu 1 million varala,0,tanglish
0:38 Rajini ku Ena da spelling,1,tanglish
Yen da.. short film ah Padam edukurathuku ivlo buildup..!!,1,tanglish
777k like super thank u fans,0,tanglish
Please kaappaanla niddippin nayagan suriya nu podunga ithu intha bros dream,0,tanglish
Dhu ethu our padamada jathi veripudicha pannigala ippadi Ore mannula poranthu sainda poittukarathala tha enga eruntho vanthavala tamillana Arie ooo .eippa da ninga therunthuvinga. 90s kids ku jathina ennanu theriyama erunthonda Ennga manasulaium jathi veriya thundrigale da. Naan oru tamillana than eruka assi paduran.,1,tanglish
Theriiii  starting level directors ellarum vera level la seyuranka,0,tanglish
Seri seri Bollywood seekram vandhu south kitta 3 trip vaangi kudinga🤣,0,tanglish
1:08   Rangrag pandeyva athu???,0,tanglish
Ada namma kandasamy version 2.0,1,tanglish
Seekirama 10M views Vara vainga.... Good night solanum,0,tanglish
Adeiii lodukku paandi .... Adengudaa ... Un paiyan kitta nalu madangu vaangi kudideiiii,1,tanglish
Ithu kekka pakka kekka short film story,0,tanglish
August la padam varatum Nama than gethunu kamikkurom,0,tanglish
"Shankar , thappu pannitinga Akshay Kumar Ku bathila Sivakumar a villain a choose pannirntha innum Nalla irundhurukkum",1,tanglish
Like u kathir. Waiting for u 🤤,0,tanglish
Surya annava big screen la pakka waiting,0,tanglish
Viswasam bgm mathri iruku konjam enaku matum dha andha feel irukooo,1,tanglish
1:29 Jackie Chan  90s kids memories,0,tanglish
Jothika Yudham solra scene padathula enga dawwww?,0,tanglish
Vaippilla raja.. Vaippilla.. Idhuvum look thaan,1,tanglish
Bigil 1 day laye 19 million,0,tanglish
First part trademark bgm ila ...idhu sequel ye ila,0,tanglish
"publicity kumaru fans kadharals starts now , Thamizan VIjay da vera eveandaaaaaaaaaaaaaaaaaaaaaaaaaa",1,tanglish
Yaen da ungalukkallam Tamil pesura heroine aa kedaikkala. Indha naaya potrukkinga. Che. Romba kevalamaa irukkaa. Ivalukkku tamil ae theriyadhu.,1,tanglish
Sirapana tharanama sambavanga inumey dha pakka pora,1,tanglish
Ithuku mella vfx betteraa panna chance aa illa mass vfx,1,tanglish
Suma theriii baby va va suma va bhairva....,0,tanglish
Love you surya sir  By THALE FAN,0,tanglish
Ithum Vivasayam sampatha patta film ah????,1,tanglish
Sun picture best or Vijay TV best sp best na dislike pannuga Vijay TV best na like pannuga,1,tanglish
Villupuram Ajith fans club saarbaga vaalthukkal,0,tanglish
"Asuran and pariyerum Perumal pondra padangalluikku seruppadi polla irruikku trailer, padam block buster agga valthuikkal.....",1,tanglish
Apppidi onnum perusa mass ah illaye ppaa,1,tanglish
Only one ask for you all Tala pola varuma Talada,0,tanglish
Ayya... Enna panni vechirikkaru.. Looks like viswaasam is going to have a tough time,1,tanglish
Yogi babu illatha padamey illa vera level acting,0,tanglish
Viswasam record ah Nerkonda paarvai break pannum,0,tanglish
"Sahoo - 12M NKP - 9M only So ,sad",1,tanglish
Oruvela Surya arasiyalukku vara plan pandrano?,1,tanglish
VIJAY ANNA BACK WITH A ANOTHER BANG!!!!THERI KE VIDLAMA,0,tanglish
Tittle card Marvel style la iruku ?,0,tanglish
Vera level thalaivar tha eppavum mass,0,tanglish
"Adeigala, neenga vechi kalaaichadhu Vijay ah.. sari sanda vanthudakoodadhu nu Ajith scene kum light ah siricha.. correct ah ?",0,tanglish
Karuthu Soldrethuna Puthusa Ethachum Yedungeda..Sequel Edukurenu 1 kum Ithukum Samanthame Illame Panni Vechirukinge.Nadodigal Paakure Feel'eh Illeda Sutthama.0:42-0:51 Ithellam Enna Karumam'nu Sollunge,1,tanglish
Surya surya surya surya surya surya annanaaa,0,tanglish
ஜாதிகள் இல்லையடி பாப்பா-பாரதியார்...purichavan like Pannu..puriyathavan commentla katharu..திருந்தாது Tamil Nadu (India),0,tanglish
Ada kilada 35 vayasuku kondu vanthutaanga,1,tanglish
I love you Dhanush anna veriyan,0,tanglish
Wow.... V r waiting..... Thala pola varummaaaa,0,tanglish
yellarum like pottu straight ah download pandranga nenaikirean . yena YouTubela likes athigama irrukku & views kammiya irrukku,0,tanglish
Remake padamna music um remake panra vanga madhiyila Thannoda own music pottathu sema ya iruku....Ellam #U1 mayam,0,tanglish
Sangar.... Sangar ra etha movie direct pannala,0,tanglish
Nadiyoke shakthi illa ivnella hero ankond tirgtira nimge taste illa illandre kannu illa,1,tanglish
Most viewed teaser of suriya anna.. #kaappaan,0,tanglish
Tears thalaivaaaa. Un kavalan en adhil enaku enrume perumai. Petaaa thalaivar paraak,1,tanglish
Thalaivaa Thalaivaa Thalaivaa Thalaivaa Thalaivaa Thalaivaa Thalaivaa Thalaivaa Thalaivaa Thalaivaa,0,tanglish
Anna veera maassu maranooo love you Thalaiva,0,tanglish
Trailer ye pyscho maari than irukku.. oru yelavum purile..,1,tanglish
Rajini is great. But the film looks like Kaala Part 2. Mokkai!,1,tanglish
Vaa thalaiva via diwali mass ur movie bikil  out,1,tanglish
Thalaiva marana waiting padathuku NGK NGK NGK NGK NGK,0,tanglish
"Ethana thadava itha pathalum salikave illa , ithoda 50 times ku mela pathuten ., v love u ajith sir",0,tanglish
Can i get 2k like for vikram sir,0,tanglish
Mozhi padam ms baskar mari Samuthirakani 2005 - 2010 la Freeze Aitaru pola Innum This Type movie...Cringe cringe,1,tanglish
Dislike potavan yaaru nu ellarukum teriyum da dei,1,tanglish
Valthukkal solunga.. Ethuku caste include panringa🤦‍,0,tanglish
Kevalama ilaya... Jaathi pera soli comment podrathu... Thirunthunga da,1,tanglish
Sk : nan super hero agaporen  Vivasayi : am I joke to you,1,tanglish
Bagatelle in a minor piano bgm  avar pottadula....,0,tanglish
No link between nadodigal 1 and 2,0,tanglish
Thala marie la vijay anna ku nedikka varadu thala is always mass and kollywood of king,0,tanglish
6 k like to touch 300k,0,tanglish
Summa sollakudathu number 1namma rajini sir mathuyhen vanduruisu Marana mass AT&T than tanks young ka na thalaivar,0,tanglish
Trending la #39 palce la irunthaalum .na daily NKP trailer pathutu tha irukkan.,0,tanglish
T H A L A,0,tanglish
After viswasam watching viewers like there,0,tanglish
Thala Solla Vaarthaiye Illa Vera Level....,0,tanglish
"I am.vijay fan but asuren marana waiting,",0,tanglish
Sama mass s3 I am impressed,0,tanglish
Ayayo pochu... Jan la oru sirapana sambavam Iruku....... ... Kaali coming to rock..,0,tanglish
Bigil ku tuff kudukum nu nenaiken....,1,tanglish
Dae indha BGM gift shop la vangura gifts vara tune da🤣🤣🤣,1,tanglish
Trailer la irukra arasiyal movie la ilaama poiruthu,0,tanglish
S3 teaser Summa therikka viduvom Guys...,0,tanglish
Indha padam release aaguma aagadha adhukuana ariguri edhachum iruka,1,tanglish
"Last dialogue sema,,,,,actually niraya peru atha than pantrangaa",0,tanglish
Kodaram Kondan Vera leVal Chiyaan annan sema masss cvf VNR AICVRM 20760,0,tanglish
Pmk sarpaka move Vetri pera valttukkal,0,tanglish
Pangam ithupola advocate character nadika oruthanuku 10000 yugam aagum ......  Avaru seriousaah pesunale siriputhan varum,1,tanglish
Indha Kalatholo Siva Karthikeyan Nadike Mudiyadhu,1,tanglish
August realse...I think kaapan v/s Nerkonda parvai...,1,tanglish
THALA Fan FROM   Belgium,0,tanglish
"@0:35 Adanguna adanga kudadu nu enga annan solliruku 🤣🤣🤣🤣 Director mass kamikarraru ... Thirumama, Thirudan gandhi, soman setrudellam  🤣🤣🤣🤣",1,tanglish
Dislike pannavangalam enda cinema pakka vareenga,1,tanglish
SEMA.. Trailer Ipovae padam parkanum pola Irruku,0,tanglish
dislike potta thevudiya pasangaluku kolandha porakaadhu,1,tanglish
Tamilaka muthalvar Rajni sir allways king,0,tanglish
Trailer nalla irukke  super thalaiva Rajini young ah irukkar,0,tanglish
Padam awesome dhool nu solli post potta paathi per theater la poi parkka mattanga Amazon prime la eppo varum nu wait pannuvanga,0,tanglish
1M like ku waiting panravaga like pannuga,0,tanglish
1st day la 3 shows kku ticket eduthuttu padam release aagaama kola gaandla irukkaen..  ..,1,tanglish
"Idhu thala , adha vittu shivakuda mokka movies la nadichutu",1,tanglish
"1.1k dislike,, ithuku mela epdida irukanum,, u don't know tamil,, 5 actors pidikala OK,, but bgm,,, bgm ke 100 like podalamada,,,",1,tanglish
Ada pavingala kadaisila vachinga parunga oru comedy.sirchi sirichi vayiru valikkuthu da,0,tanglish
10 THALA veariyan mattum ennoda channel lai subecribe (tamil jio phone tech indian) pannuga,0,tanglish
August la intha padam vantha ena varalana ena...Election results elam therinjathuku apram,1,tanglish
1 Lakh views in just 24 minutes,0,tanglish
Simbu super Vijay sathupathi  nice,0,tanglish
Sama ya iruku I am thalaphathi veriyan but I like suriya,0,tanglish
Thala & Yuvan sendhaale massdaaaa...,0,tanglish
Today night kulla 10 Million views varum AGREE?,0,tanglish
Vijay anna nenga vanthaa pothume,0,tanglish
theri trailer. pakka mass. I AM WAITING!,0,tanglish
Semma trailer surya class mass semma super acting surya nadipin nayagan and selva mass yuvan bgm semma super,0,tanglish
Dai ennangada inum trending laiye varala,0,tanglish
Bigil super aa eruku na paathe kaithi ennu pakuno. Bigil Nama imagine Panna Vida different aaa eruku,1,tanglish
Idhu rajini padama lla subburaj padama,1,tanglish
Ada pongapa padam varadhu pola New director Ennachi?,1,tanglish
Vera Level Str Vjs Aravindh Sami Arunvijay Jothika,0,tanglish
Mass  Dhanush  manju  vetri,0,tanglish
Expect panna alavuku illai...irundhalaum selva sir kaga pakkalam...,0,tanglish
Dei Vera level fun iruku jolly,0,tanglish
intha diwali namma....panam ellam  padathukaa(Bigil & kaithi ) kaali aedum pola...,1,tanglish
THALA always masss.. Ippo sollava venum Y1 music vera level ah irukkum...,0,tanglish
Super trailer namma movie Namma annaVIJAY avargalutayathu,0,tanglish
"Thala fans , views ean slow ah irukudhu ? Orivelai counting agama irukka ? Enna kaaranam ?",1,tanglish
Mass mass masss  Vera level masss,0,tanglish
Y not setupati all new movies telghu dubbed,1,tanglish
Almost king maker AK in NKP,0,tanglish
damnnnn ... I just can't wait.......,1,tanglish
VFX mokka Daww sollitu oru group suthittu irukkanunga,1,tanglish
Oatha antha scene ahla padathukku aaappu ippa remove pannratha producer solli irukkar potta payalugala,1,tanglish
Surya anna . Vera level ......,0,tanglish
Yoov Trumpuh nee intha maari padam.edukkuravangalayum realaavey pesuravangealayum nee kollu yaa ...nee thaan thairiyamana aalacheyy,1,tanglish
Dai ennada ithu........ marana mokka trailer in the world......adei amai asith Ella Hollywood padathayum copy adichitaaan pola......... serupadi vaanga poraaanasith.......,1,tanglish
Rajni sir marupadiyum porandhu Vandha maadhiri irukku,0,tanglish
wathaa therii!! wait panathuku palan!!!!! Theriiii <3 ayooo thalaivaaaa masssssssssss <3,0,tanglish
Aduthavanga Valarchiyum Vetriyum Ungalanala Thangaa Mudilana Kathariye Saavungadaa,1,tanglish
00:50 nejamave saayeesha athe expression kaati iruntha nalla irukkum,0,tanglish
Thalapathy 64 vera levela varum pola...,0,tanglish
Semma waiting for kadaram kondan movie chiyaan vikram Maassssssssss,0,tanglish
We want this movie in telugu,0,tanglish
Enga Thala Vera level la Varar,0,tanglish
Ithu  thala kedayathu thala edukaravan  Ajith sir,1,tanglish
August 10 Vera level treat erukku thala fans,0,tanglish
"Karthik amazing , thalaiver Rajini so young look semma Pongal Marana mass than🤗",0,tanglish
Pakka!... international level commercial film! Well done... Siva and team...,0,tanglish
Samantha senjuirundhal supera irundhirukkum  naan neraivatti imagine panne Samantha Thaan correct aa irukku indha rolekku,0,tanglish
En Da Mayiru Mari comment panringa..andha samudhayam indha samudhayam nu....poi manusana vaala paarunga ellam..chaii,1,tanglish
Share all social media views support tamilnadu makkal,0,tanglish
Mugamoodi part 2 .....parkara madhri iruku....,0,tanglish
my hero ....Vijay ....I love you so much,0,tanglish
Nan tamilan entha movi vetri adaiya valthugal...,0,tanglish
43 varudam ivar naarkalii ku aaasaipaadatha aatkal ilaai indru varikum,0,tanglish
Othaaaaa poooluu mari iruku Graphics,1,tanglish
#prayfornaesamani.....,0,tanglish
Yaru Ella morning varai trailer LA  Thala ya pathukite irupinga   Me papan,0,tanglish
Highest Liked TRAILER in Kollywood\r \r 1) Viswasam - 1.4M\r \r 2) NerkondaPaarvai - 725 K (real time likes )\r \r 3) Petta - 713K,0,tanglish
Neenga innum ithu maariye padam eduthutu irunga! Anga (Malayalam Industry) ipolam vera level ah padam edukuranga!,1,tanglish
Oruthar mela nenga visawasam katrarukaha innoruthara yen asinga paduthuringa... Paaa real life dialogue.. Super.,0,tanglish
Anna final touch ok na  I am a Vijay fan,0,tanglish
Neenga aadunga throwpathi naanga irukkom kooda,0,tanglish
Yarellam andha coca-cola kudukura scene ah pause pani pathinga?,0,tanglish
Nerkonda parvai nu solitu ellam avan seyal padatha eduthu vechirukanga ya,1,tanglish
Semma renmba naal kalechu oru karaichal raviya paakuran,1,tanglish
Aiyooo vere level kalai 96  semme,0,tanglish
Selva ragavana movie Naa Suma vaa,0,tanglish
Enaya trailer liyae kadhai a solitinga...,1,tanglish
Enda padam muluka ipdiye kathuviya.. ada saami namma naale keka mudiyadupa aala vidu,1,tanglish
Tirunel veli thoothukudi tenkasi thevar kal saarbil movie amoga vetri pera vaalthukkal,0,tanglish
Kumar in vintage role.. payangaram ..,1,tanglish
Teaser super ana BGM sari ella,1,tanglish
Ipo la Movie story la Hero vararo ilayo pei varuthu,1,tanglish
Thalaivaa  tharama iruku vera level 🤗,0,tanglish
Thala always thala than da vera 11 THALA keta paaru 1 kelvi are you verging,0,tanglish
Sotta pathiyin Anil kunjugal romba paaaaaaaaaaaavam,1,tanglish
1:06 Happada idhula aachum engala setheengale... I'm a 2k kid ya... #2kkids 2003 <3,0,tanglish
Trailer super atkasam ma irukku... waiting for the movie....,0,tanglish
enda pachaiya enga Mahesh babu vode bharat enu naanu paathu copy adichitangale da...,1,tanglish
Adhh epdithaano 3 hoursla 2 million views aah irunchu ipo paarunga inum 3.5 million dha aayiruchu...i cant understand that...Nama anna ku fans avlodhaana ila youTube kaaran velayaa,1,tanglish
Intha padam pudichavanga like pannunga seruppadi to haters...,1,tanglish
Thalaivar      Veraaaaaaa level,0,tanglish
Ithuku mela Rajini body thangathu da. pothum,1,tanglish
Vera level tharu maru s3 surya u always pakka massss,0,tanglish
Vera level Thalaiva Padam super hit,0,tanglish
Enagada 4 maasathula adathu padam release panringa,0,tanglish
Semma ... that Rajani part ultimate,0,tanglish
Na kooda ennamonu nenachuten parava ila hollywood level ku iruku,0,tanglish
one year agituchu thalaiva onna screen la pathu vema vaa thalaiva,0,tanglish
Super movie sure hit hip-hop tamizh fans like,0,tanglish
Bgm is similar to Vikram Veda,0,tanglish
Last dailoge is vera leval but yaru tha purinjukuranga....,0,tanglish
Vera level jayam ravi anna semma trailer 90's kids,0,tanglish
Thala neenga Trending no 1 laye thangiteengala...,0,tanglish
"1:39 indiavision, reporter, manorama.. Ellarum undallo",0,tanglish
Fur Elise en da podreenga....royalty enga daaaaa,1,tanglish
Last 10 sec tharu Maru.. messaa murukkal weight...sema music. Mass dialogue...,0,tanglish
"Ithu 96 u, Yaara Yemathringa!!!!!!!!!1 Ultiiiiiiii",1,tanglish
Ippo commentla padam waste... Trailer nallave illanu soldravanlaam yaaru.... Yellam trailerla ambedkar Pera kettu kaandaana payaluga dhaan....  Trailer Tharamaana padaippu,0,tanglish
ஜீவா கொட்டாவி weaknes வச்சி ஒரு movie nadicharu அத போல iruke🤣🤣🤩,1,tanglish
I'm waiting I'm surya fan,0,tanglish
yuvan nengala manusana ennaaaaa adi therinkka vittinga ponga 🥰🤩,1,tanglish
Kallar samuthayam Chandrasekarapuram sarbaga valthukkal..... Unmai sambavam,0,tanglish
bairava teaser ku ithu paravailla super ah iruku,0,tanglish
Hindi remake but it resembles ellam avan seyal movie also,1,tanglish
Last theme music looks like Nerkonda parvai vaa mothi paaru,1,tanglish
Unlike dash laa poitu political dash ku mutti podungaa,1,tanglish
Suriya  sir die heart fans from karnataka,0,tanglish
satyama idoda kevalamana teaser na pathade illa,1,tanglish
Sivakumar naala surya market aey poochu... disliked for Shiva Kumar,1,tanglish
Udhaya va epadi pathalum hero feel varula!!,1,tanglish
Seema like  jayam ravi & his movies,0,tanglish
Bigil pogama yarlam kaithi ku poringa? Hit like?*,1,tanglish
Anda. Kelavan. Romba. Neram. Pakamudiyadu. Avanga. Nama. Thalapathy. Troll. Panavaranga funny. Guys. Kujiths,1,tanglish
Naan verithanamana vijay fan...but   thala vera level,0,tanglish
heyy... idhu 96'uh...yaare yemathurenge.. 🤣.. like,0,tanglish
Like comment pirika vandam athu nala illa. Kaithi na like um bigil na comment. Entha mari poduvatha niruthunga.,1,tanglish
Last 30 secs Yuvan signature touch,0,tanglish
maasss trailer. rajini is always super star,0,tanglish
Ore kalavara boomi ya irukkum pola,0,tanglish
Bairavaa padam Mari irukku but getup mattum change,1,tanglish
Why this many dislikes guys ?!?! Thalaivar ku likes mattum thaan pichukittu poganum,1,tanglish
edho s3 sound mix mari iruku,1,tanglish
Makkal selvan Vijay sedhupathy fans hit like,0,tanglish
Intha music earkanave ketruken but niyabagam illa,1,tanglish
Sk anna & arjun sir mass ... nice trailer super vetri pera namma team ku vazthukkal,0,tanglish
Adichi odra atha odra atha odra atha odra atha.....ha ha ha ha...... Superb,0,tanglish
Bigil ah vathu pool ahvathu....this Diwali kaidhi diwali..,1,tanglish
I think so adaikalam is karthi,0,tanglish
Kadisyla cell phone ah vachu Shankar oru kathaya eluthi mudichitaru....,0,tanglish
Kolla gand la eruke no competition on me,1,tanglish
Action king dialogue semma..... avanoda sindhanayum sidhanthayum yaralayum azhika mudiyathu,0,tanglish
thalaivaa oda bgm vera vera vera vera level,0,tanglish
NKP trailer Sema...  Thala voice vera level....,0,tanglish
l like surya but not singam series,1,tanglish
NAAM THAMiZHAR nu ooora emathuvom PAAPA..\r Aaana MALAYALI SIMON ah thalaivan enru kooruvom PAAPA.\r \r \r Indru THAMIZHARGAL hindukaal illai enru KADHARUVOM PAAPA.\r Aanal 10 varushatuku munnadi HINDU deivangalai NAARAVAAI SIMON thitunaaan PAAPA..,1,tanglish
En appan militry kaaran da goli vilayadava solli tharuvaan,0,tanglish
Nawazuddin 🤩 and Rajni Sir,0,tanglish
Veraaa maari acting ah paakka poringa guys,0,tanglish
Last line vera lvl  bangam.......love u thaala,0,tanglish
Vera level surya anna mass,0,tanglish
Tamil movieya illa English movieya tamila illa,1,tanglish
8 million views +     2 days keeeeeep rockin.......,0,tanglish
"Bat man kita concept ,krish kita irundhu mask , mugamoodi kita irundhu screenplay = hero 🤣🤣🤣",1,tanglish
I AM WAITING FOR VIJAY SETHUPATHI....,0,tanglish
Looks like vattaram movie story baseline,0,tanglish
I like ajith sir but story looks like yennai arindhal,0,tanglish
poda pundai..@ sakthi naren.. oru mokka teaser,1,tanglish
Love u thala by chiyan fan.. u always masssasaaaa... love uuuuuuu,0,tanglish
"Thalapathy Singapore tharaila unna  paakka rompa aavala irukkom,all Singapore vj Anna fan's waiting,",0,tanglish
Rajini..nan arasiyal ku varuvathu uruthi.....jayam ravi..ithu 96 yara emathuringa 🤣🤣🤣🤣,1,tanglish
Wtf did I just watch..Gajendra/virudhagiri part II.,1,tanglish
Not a suitable movie for vjs,1,tanglish
vijay ku six pack varuma{pulli rajaku aids varuma}????,1,tanglish
gottha kolaa massss thala vera leval  Aug 24 tamilnade terika poguthu,0,tanglish
Vera level teaser will be blockbuster movie like ayan,0,tanglish
Next Target 15M views Before Movie realise... Enna guys 15M views varuma,0,tanglish
Yama....yenda kathura..... dialogue pesitu poyenda....mass nu solitu ipdi kathura...,1,tanglish
#Kaapan Returns  🤘 Records Breaks  Suriya Looks are Marvelous  Suriya Die Hard Fans Like Here,0,tanglish
hahaha....  durai singam is back...  x sabar nk tgk...,0,tanglish
Super pa... Thalapadhy rasigar saarba vaalthukal,0,tanglish
last dailog sema mass Vera level  Thala pola varuma,0,tanglish
Surya anna marana. ..maas. ..and  ...lalettan. ..,0,tanglish
"munadi la 10 car sarrru burrrnu nu odum ipo la flight oduthu ivan paranthu paranthu kaiya thuki thuki adikuran...oru frame kuda kannukae therila va ma minnal apdingra maari sarrr sarrrnu pothu typically hari film..assual ear drums la kiliyuthu..amman,pottamman varisayil miga periya olivattam GRAPHICS....Marana Kevalamana oru teaser...Bairava is Farrrrr Better",1,tanglish
Ajith mass - vj Anna fan,0,tanglish
Bro intha mari enakum iruntha nala irukum bro....jolly ah sirichita irukalam,0,tanglish
en oor pengal anaivarukum indha padathai paarka kooptu poga  pogiren en selavil,0,tanglish
Niraya kurangu innum thirunthama comment..la jaathi mayiru..nu suththitu iruku...🤣🤣  Padikirathula oru mayirum irukathu ponnu...nu vandhuta podhum paasam irukura maathiri scene podurathula...andha koranguga no 1...,1,tanglish
Rajini siripa vida sethupathy siripu vera level thalaivan sethupathy,1,tanglish
Dei.....Vj sethupathy ku ena da promotion ae ila...Vedha alavuku  kooda mass ilayae da,1,tanglish
"19,567 views  45,108 likes and  5,052 dislikes  ??",1,tanglish
Vikram's voice is like a roaring lion,0,tanglish
Yuvaaan fans.    z,0,tanglish
Thalaivar vara laval super trailer 2.o,0,tanglish
Ennaya Beethoven music uh apudiye aataya pottu vachi irukaanga!  Aanmai prachanayo,1,tanglish
Thalaaivaa 🤟 Thalapathy Fans Like Hey 🤙,0,tanglish
Mass pa STR VERA LEVAL LA IRUKKAR,0,tanglish
supper varann varann Bairavaa vijay fan,0,tanglish
Marana waiting ne va thalaiva,0,tanglish
Looks like remake of PINK movie,0,tanglish
Iron man fans dis like podunga intha vidio kku,1,tanglish
Enapa Vera level la iruku.padam blockbuster polayeee,0,tanglish
Watching again and again ..suriya anna,0,tanglish
Thala endru sollada thalai nimirndhu nillada .. vanthudaruda en Thala ippa vangada kena.................,1,tanglish
Indha time Harris Sir um Surya sir um serdhu enna magic pannaporangalo edhuva irundhalum dha,0,tanglish
woow nice teaser Rajini fans like u Surya,0,tanglish
Super semma vera level thala maaassss,0,tanglish
LA LA LA LA LA SURVIVA,0,tanglish
Semma mass  I am waiting,0,tanglish
Mental Ravi Thalaivar scene delete pandra,1,tanglish
Asuran Movie theater la Pakkum pothu Udampu silirthavanga Ellam like podunga,0,tanglish
edhala pathu YouTube uyirode iraka¥ ? ? ?adada achariyam ...'!!!!!,1,tanglish
#sarker fans are here  Weighting for diwali,0,tanglish
Trailer pudichirukko illayo siva kitta irunthu thala thappichathe pothum nu ninaikuravanga hit like here,0,tanglish
Friend.na   FB la like poduravana irukka kudathu ....life kudukkuravana irukkanum 🤭🤫🤝,0,tanglish
Podu sakka mass na sivakarthikeyan  Yaarlam Heri hit nu nenaikinga and Hero na like  Thambi na comment,0,tanglish
Trailer parthu romba expect panna mudiyadhu manirathnam movies mokka ya tan irukkum pakalam,0,tanglish
Ipo evanathu vanthu...  Teejay fans hit like nu soluvanunga paru🤣,0,tanglish
Fight seen marana masssss thala killi killii killikiii,0,tanglish
Semma.. Kozhantha moonji character lllena.. innum mass ahh erunthurukum..,1,tanglish
guys make it as 10 million soon,0,tanglish
#blockbuster hit #kappan #surya fanz like here,0,tanglish
Ippo purithu Thalapathy yan lokesh ta chance kudutharunu,1,tanglish
Baasha fans likes ah podunga kanna🤘,0,tanglish
"Director  Kamal  fan pola , 96 la rajini varenu  sollave ilada.",1,tanglish
dude thala ku role suit aagala not like amitab bachan,1,tanglish
I love u surya annaa Marana mass,0,tanglish
Diwali race winner..... Oppent aale illa sollo aahiten.......,1,tanglish
Trailer mokka da ajith kelatu payale,1,tanglish
Gethu kaatraru pa Vikram ji.... Mersalayitan.....,0,tanglish
romba nalla irukku .....waitn for d movie,0,tanglish
Trailer pidikalana poga vendiyadhu dhane yedhukandi dislike ahhhhhh ..... Yarrupa andha karuppu aadunga,1,tanglish
Dai.. Mohan.. Ithellam.. Oru. Polapa.. Da.. 2 jathium.. Adichukitu.. Saganum.. Athula.. Nee.. Kaasu.. Paarkanum.... Intha.. Polapuku.. Nalla.. Vanthu.. Oompu.. Da.. Manangetta.. Punda...,1,tanglish
Will u merry me ! Arambam movie arya dialogue !,0,tanglish
Thalapathy fans yaaru nkp trailer pakka vantheenga,0,tanglish
Marano massu marano tough tharanu adhukku thalaivandhanda varanu,1,tanglish
Some 1 : Intha mathri ponungaluku ellam ipudi thaan nadakum   Thala : nadaka kudathu ...!!!,1,tanglish
90's kid da  Always Trend u mahh,0,tanglish
POTTA ALI FANS KU INGA ENNA VELA ?,1,tanglish
Thala only in Indian cinema looks like Hollywood hero   Semma stylish thalaaaaaaaaaaaaaa,0,tanglish
Nallathane iruku mugamoodi mari vanthurumomu than payam,1,tanglish
Talaivar sim super..bt intha movie trailer etir parta alavu I'lle. Anirud music simple oni..follow Michael Jackson music..talaivar taniya vandale super,0,tanglish
Ayyoooooooooo Thalaivaaaa.. Love you Soooooooo much..,0,tanglish
thala rasigana vida thapathy rasigandhan adhigama pakranga.. eppa varum notta sollalamnu.. pudichirundhalaum... comment podanumnu podranga... edukkkkkkku...,1,tanglish
Dai thevdiya mavane enga thalaivar eh troll panriya....ungommale okko,1,tanglish
SAM CS. ENOUGH OF YOUR DARAA DARR DARA MUSIC BGMS. ROMBA PALASU AAGIRICHI,1,tanglish
Mani Ratnam sir padathula ivalo sathama,0,tanglish
Samuthirakani ore mari kadha ya dha edukuraru pa   SAADHI....,1,tanglish
thalaiva sammaaaaaaaaaaa chance illa ungala Madhiri film panna ini oruthavanga porandha dha mudiyum ur great thalaiva,0,tanglish
Rajini Scene ...Athakalm ... Mariana Kalaai,0,tanglish
Thala Mass kaatiteenga...  Yuvan bgm ultimate for ultimate star,0,tanglish
Pink title dan pa vatchu irupanga... PINK mean Parka Irukirom  Nerkonda Parvai yai.... Mr BVA,0,tanglish
Oru tharu mela viswasam katurathukaga innorutharai edhuku asinga paduthuringa,1,tanglish
Ithua Namma Annanukku Therija Varutha Paduvaru Namma Annavukku Eppavume Nalla Per Vaangi Tharanum So Please Stop Negative Tag,0,tanglish
sama gandula iruken mudinja Tomorrow movie release pannunga please,1,tanglish
"sema but aniruth music sumara irukku ,,,yuvan best ah oottruparu ,,,",1,tanglish
Haters tommorow evening Sambavam irukku Kaathirunga,1,tanglish
Marana waiting .... Raana anna and aadhi Anna gonna rock,0,tanglish
namma aatichi varum # nadipin nayagan surya # waiting for fdfs,0,tanglish
Kappanu adhavan trailer upload pante sir,0,tanglish
mast look super hit jaega movie,0,tanglish
Idhu enna da Batman Ku vanda sodhana,1,tanglish
mass vijay   vijay is best,0,tanglish
ana director rajini eh mass ah katta vjs ah down paniduvan ah Bayama irukubt vjs is lit,1,tanglish
Thalaaaaaa Alludhu ( STR )  Maaaaaassssss Na,0,tanglish
Ana padipa mattu eduthukave mudiyathu chidhambaram,0,tanglish
Heroin sema disappointing. Namma ooru ponnu yedhuvum kedaikkalaiya?  Innum yethanaalthan vella tholaiye choose pannuveenga....,0,tanglish
0:19 back side..  Ramasami group girl Oolar kowasi    :-) :-),0,tanglish
tvaivaal aaaa aaaaaa masssa vera level tvaivaal,0,tanglish
2k doubt. mini love series,0,tanglish
True va Rajini fans tha coma la irukkanuka 🤓,1,tanglish
Innu neraya neraya neraya neraya....dhadava paakanum Pola  irukku .,0,tanglish
600k likes varum nu sollura vanga reply pannuga thala .....,0,tanglish
Beethoven music copy panna ilayaraja avar sonna mathiri aanmai ilathavoro.,1,tanglish
Adaeiii tamil telugu hindi nu podra athu inna Hindi uh first potruka hindi tamil Telugu nu potruka raschal,1,tanglish
Love u Thala & Yuvan,0,tanglish
Thala fans likes laa slightaah slow aaguthu....speed up guyzz,0,tanglish
Seeman mass CM,0,tanglish
"Saavuratha irundhaalum sanda pottu saavanum, bayamdhu kaala vilundhu saava kudaathu... mass",1,tanglish
scenes resemble django unchained - Tarantino 's movie,1,tanglish
I am waiting waiting waiting nerkondaparavai thala movie ultimate trailor,0,tanglish
Yeennaa daa trailer la laam twistuu vekuringa ??,0,tanglish
Dei idhayavadhu floph aakama irungada.. Floph aakitu 10 varusham kalichi selvargavagan genius part 2 edunganu thookitu varadhinga...,1,tanglish
kamal hassan would have been better,0,tanglish
Release dateku wait panndravanga Oru like podunga,0,tanglish
1.8 million view but comment 15k  அல்லுது ponka,0,tanglish
Udhayanidhi #Manithan Padatha Beat pannu ma ithu  #Nkp,1,tanglish
Ithu parkum pothu advertisement mariye irukupa...,1,tanglish
Bhairava Teaser Mass Naaa  Thalaiva Athe Vida Mass Daaa,0,tanglish
"Movie pathutu vanthu teaser pakuravanga, like pannuga",0,tanglish
Sema bangam trailer  Mersal movie                            viswasam movie  total damage so sad me thala fan,1,tanglish
Lite ah potc smell varuthu ethula music,1,tanglish
Dai peibyellam. Ulla kondatheeganu vai avloothaaan sonnakelugaa daw......  Nalla sports movie ah theriyudhuu keduthukaatheegaaaa bosssssuu,1,tanglish
Enda dei... Rajiniya nondaama ungalaaala irukka mudiyaathaada,1,tanglish
Jayam Ravi thalaivar kitta bagiranga mannippu kekkalanna indha padatha purakkanippom Twitter hashtag pathingala thalaivar fans power Ra Boycot comali,1,tanglish
vijay  vijay vijay vijay anna,0,tanglish
Rempa naaluku aparam Oru nalla padam pannirukan jiiva,0,tanglish
Dai ithuvea meethi kaasu thanda. Yaru da dialogue writtet? Adi thool,0,tanglish
Selvaraghavan and U1 combo ku wait pannavanga mattum like here...,0,tanglish
Thala ivaru rashmika mandanna husband thaaney 🤣,0,tanglish
Super super super super super super  RAJINI BOSS ONLY REAL HERO IN WORD,0,tanglish
Vera Vera level da version 2.0,0,tanglish
Outstanding bgm. Fast & Furious in Tamil.,0,tanglish
Bigil on diwali  .ho ho hooooooooooooo..Sungu de,1,tanglish
Thala naa Mass  Thala naa Class  Thala naa trend settar,0,tanglish
Trailer pakka mass vijay anna entry mass entry,0,tanglish
Yellam seri.. First look la kaamicha kajal yenga da,0,tanglish
Ennda trailor slow irruku...appo Padam innum slow va irrkum pola,1,tanglish
1:26 sir neegal evallo cutee aarikee,0,tanglish
Am thala fan. But iniki vara na rasichu paakura thalabathy trailer ithaan... Ellame super mass ya Intha padathula :)...,0,tanglish
Adai thalaivara ena Da panni vachurukinga,1,tanglish
Vera levels yaaa naan sirichal...,0,tanglish
Ena da Amma Oda bio Pana sonna Deepa Oda bio Pani vachi erukinga,1,tanglish
Yenda Hollywood tharathukku padam idunga yen avangala mathiri Trailer liye full padatha kamikaringa..,1,tanglish
thalaivaaaa kalakkal trailer   .....theri attam arambam  dawwww,0,tanglish
Allu vidutha.. Nadipin naayaganda... Ithutha masssss..,0,tanglish
Ultimate selva an YSR an surya,0,tanglish
"Mass means 2.0 Waited for this movement ,also waiting for movie  Semmmmmmmmmmmmmmmmmmmmmmmmmmmmmmmmmmmmmamaaaaaaaaaaaaaaaaaaaaaa",0,tanglish
Climax dialog vera level ellam fans kum porunthum,0,tanglish
Ippo Bigboss vetukulla vikrama anupe asega paduthuvan kamal,1,tanglish
sema super...Thalapathi anna i am waiting,0,tanglish
Sk fans like  Maximum 1k like therikka vidunka,0,tanglish
Kadhal virus  Rishi back,0,tanglish
Vera level Surya Anna Marana Masss,0,tanglish
31/12/2017 Rajini announced arasiyalukku varuvadhu Urudhi.But yr 2016 in movie,0,tanglish
"Haters pavam ,,, anga Manda 57 iruka Illa poiducha",0,tanglish
Yammadiya ithuvum kola massa ya irruka,1,tanglish
Surya sir vera level marana waiting behalf thalapthy veriyan,0,tanglish
ithan Singam 3 teaser ah   ila ithan Singam 3 teaser ah nu keten,0,tanglish
tralier la Ulla dialogue vera lvl,0,tanglish
Indha CGI-ku thaan 300 cr selavu panneengala?,1,tanglish
pakkkkaaa mass vijay annna vera level,0,tanglish
Vijay sethupathi thalaivaaa🤗🤗 thalaivana actingla adichika mudiyathu,0,tanglish
Nan uyiroda than da eruken GraceSharmilaAlphonse,1,tanglish
boss aptiye antha pollachi sambavathu  la edu pattavangalaum Konnudun ga,0,tanglish
Seems like ajith in double role,0,tanglish
Lite ah irumugan mathiri irukkara mathiri feeling...but superb trailer,1,tanglish
trailer is awesome ithelayum night menakettu ukkanthu dislike podreenga parunga paaru yenda ungalukala vera velaye illaya,1,tanglish
Like ah potu video paatha like podu,0,tanglish
2 second la like pottavangalaam yaaru?!,0,tanglish
"This yr 2 vikram sir movie(dn,av)",0,tanglish
"sri lankan website , ..plz subscribe",0,tanglish
(1) maas suriya (2) irukaradhu laiyea harris jeyaraj avan thaan athigama surya padathukku music potrukkaan.,0,tanglish
"Superb Suriya sir,,  Anuska mam, waiting for singam  4,best of Hari sir,",0,tanglish
VANNIYAR kottai dharmapuri padaiyachi Vanniyar sarbaga padam vetri pera vazthukkal,0,tanglish
Like - Bigil Comments  - Kaithi  Deepavali2019,1,tanglish
plz release telugu trailer sun pictures...,0,tanglish
Thala acting vera level nu solravanga like panunga,0,tanglish
Marvel mathiri copy adichurkingale da 0.33,1,tanglish
Thanks to anils for 20k dislikes,1,tanglish
Avan ovuru paduthukum 40 crore nu vaangran,0,tanglish
"neenga mokka padam release panna, yen da mersal matheri nalla movie kevalapadutherenga , 1st anatha matheri story unga vaal nal la one time ah panrathukavathu ungalukellam arugathai irukkaaa",1,tanglish
"ajith veeram, vedhalam hitnuna... ithuvum atha Vida periya hit aagum.",1,tanglish
keka bekka short flim imitate,1,tanglish
Mohanlal pesurathu onnum puriyala.. Tamil than pesuraraa,1,tanglish
Dai Idhan Da Micha Kasu,1,tanglish
"Muttal makkal,makkaluku Evan enne seithan.sanbathithu avane vachukuvan. Gaja puyaluku ena seithan. Makkal than mural.",1,tanglish
440K LIKES IN 2 1/2 HOURS,0,tanglish
0:13 Pakistan mattum illaina ivanugaluku yeppadi thaan polappu oodumo.... china va vachuthaan politics pannipaarungale da,1,tanglish
Ponnunga Mela Kai vekarthu prachana illa yaar Kai vekaranu than prachana enga poi irunthinga #pollachi #issue #appo #aanda #parambara's,1,tanglish
Surya Anna vera level teaser ... mission impossible Mari irukum polayeh... thala fans sarbaga vazhthukal Surya Anna,0,tanglish
Paaah Enaa Intnse ah irukuu....A Vetrimaran Flm....Enga Vijay anna unga kuda oru padam pananum,0,tanglish
01.Namba kita kaadu iruntha eduthukuvango 02.ruuva iruntha pudingikunvango 03.padipu mattum namba kita irunthu eduthukuvae mudiyathu   chidambaram...,0,tanglish
1.14 sec athula illa kadhal 🤣🤣🤣,0,tanglish
Pothunapla apdi Oru peratu...apdi Oru peratu...thala thalapathy,0,tanglish
Black sheep kutty moonji vivek fans hite like,1,tanglish
EPS again vanthuruvara thambi..  Makkal.. Varum.. aana varathu,1,tanglish
Epdi irundaalu unmai kadhaiya poda maatinga Kadaisi kaalathula ennna aachu nu sa*ka**  ku daan theriyum...,0,tanglish
Unak yaravathu payaya friend erukkagala nabbathey,0,tanglish
Nice trailer from vj fan Rangaraj pandey kaagave  padam paakalam,0,tanglish
"Tamil Naidu'kal sarbaaga padam vetri pera vaazhthukal. Edhavadhu senji padam veliya vara vidama thaduthinga, Aprm naanga ellaarum onnu koodi padatha veliya vara veppom",0,tanglish
Ungaluku hero character set avala sir!!!!,1,tanglish
230K+ views and 50k+ likes within 10 minutes!!! :D :D,0,tanglish
intha varudam surya anna aattam thann,0,tanglish
Thalaivar  the massss...pakathana poringa  inda kaliyoda attatha...,0,tanglish
iam waiting darling i love my surya darling,0,tanglish
Semma mass ravi anna good act,0,tanglish
Ne vaa #thala ...marana waiting,0,tanglish
Inum Niraya Niraya Niraya ethirpakra....  Love you Thala,0,tanglish
"Entha oru alaparaiyum ilama vanthar pathiya!!!   ThalaKanam illatha manithar.,",0,tanglish
"Rajini intha trailer la vara kadasi dialogue paatha, .... yenda unnuma ena nambureenga nu nenaipaaru 🤣... #varanu thaan sonnen yeppanu sollala kanna.... hahahhahaha",1,tanglish
Comedy a irukkan Ivan mass a?? 🤣🤣,1,tanglish
varoom. waiting la vote for Nandha Gopala Kumaran.,0,tanglish
Ranjith edutha samuga padam mathavanga edutha saadhi padama indha padam vetri pera vendum,0,tanglish
Pls padatha release pana vidunga da.. Nala eduthirukanga...,0,tanglish
Vayasana kalathula yan ippidi... Anirudh sng only nice...,1,tanglish
ka ba ka short film concept maathiri irukku kandippa hit thaan,0,tanglish
Best producer suriya na,0,tanglish
Namma Jaathi pombalaingala oor meiyama irukka sollungada approm pesalam avangalai pathi ..,0,tanglish
6 days after coming fans 6:01    PM,0,tanglish
Bro neenga Pakistan ah azikaradha yosikaradha Vida namba country agriculture ah epidi develop panlam nu yosicha Nadu nalla irukum....,0,tanglish
Last la Rajini ya kalaaichiteengaley da,1,tanglish
Pollachi la nadanthathukku en sir ponga maatreenga? En kaasu vecha pasangalukku neengale kooti kodupeengala?,1,tanglish
Trailer paakkumbothe sirippu thaanga mudila..semma padam aa vara poguthu..specially last scene,0,tanglish
Watha thala laiya adichuka mudiyadu !!!,0,tanglish
nejathulae surya oda appa oviyar than da,0,tanglish
"Climax laaa potta paruu daa oru bitta ,Aadaiiii",0,tanglish
Yarayellam FDFS ppga ippove ready agitinga,0,tanglish
Luking lyk tun tun aunty in chota bheem 🤣🤣🤣🤣,1,tanglish
Vera level my sethubathi and simbu love you simbu acting padam pakkum pothu simbu acting seema clarityaa irukum ninikuren so waiting movie,0,tanglish
Suriya Anna acting vera level nu solravanga like panuga....,0,tanglish
"mugavri, kandu konten kandu konten Ajith ah meendum npkla pakalam. sema performance thala",0,tanglish
Normal ah than iruku over ah laam illa expect panra aalavuku onum illa,0,tanglish
Seems a bit like Phantom  namma avana adikradhu indha ulagathuku yen avanuke theriya koodadhu,1,tanglish
Yar yarla 1 millions likes wait panriga...,0,tanglish
thirtu padam edukura nayeee ...suyama padam eduka vakuu illa thalaivara kalaikeraiya nee ...,1,tanglish
Ponna pethavanga ellarum intha padathuku mulu aaatharavu,0,tanglish
Thalaya  pidichavanga like podunga ....,0,tanglish
0:57 Anni ithu chair ila sofa,0,tanglish
"Rompa nal doubt bro, I'm 1998, na 90s kid a illa 2k kid a🤔🤔🤔",1,tanglish
Serving soon....🤭 unga soon idhu thana..,1,tanglish
Ayyo yepdida ipdilam yappa marana mass da sama veriya iruken nalla thramana sirappana padam paka,1,tanglish
Polichu uuuuuuu monee eeeeeee suryaaaaaaaaa,0,tanglish
Ilaiyaraja bgm varum nu paatha.... Beethoven music varudhu..seri paravala...nalla than irukku,0,tanglish
"Adei , paathi comment box LA intha jaathi saarba vara verkiren , andha jaathi saarba varaverkirenu podringa , nallava iruku ?  Trailer is good but inga kuripitta jaathi ah mention pani ethum kamikula , nalla padathuku atharavu tharalam athuku nalla manusana iruntha pothum ,",0,tanglish
dae.    anil kutti ellam  uravituu   ootungada,1,tanglish
Last dialogue Thala & thalapathy Rendu perukkum Tha thala pesirukkaru,0,tanglish
Thala ne enakku nanban dha ethiri illa,0,tanglish
Intha musica engayo ketta Maari irukkey,1,tanglish
Otha... evalo jathi comments da? Ela sect um nalla irukanum.. revenge ku la,1,tanglish
Marana waiting thalaivaa  action Vera level thalaivaa  August nama tha marana mass kattroo.. thalaivaa,0,tanglish
Comments section la irrukura angali pangali ellam like pottutu ponga,0,tanglish
Andha mix after 2.02.. nalla iruku..,0,tanglish
"Plays Singam 3 Teaser . Call from Neighbouring Universe Thambi volume konjam kammiya vainga pa , pakkathula Family irukomla",1,tanglish
Im from karnataka im kannadiga. Im big fan of kannada super star DARSHAN and also big fan of thala AJITH. super trailer,0,tanglish
Ohhhhhhhhhh...... Godddddddddd    THALA,0,tanglish
Ithu 96. Yaara yematha paakureenga?  Semma...,0,tanglish
Olunga mariyathiya oodiipoidu  therinje nadakura thappaa puthusaa solluraru,1,tanglish
andaaa national flags pedickira scene sammaaa sir,0,tanglish
Vera level.. nee va THALA... Thala eappavum Thala....,0,tanglish
pakka flop thaaa mokka daww mokaaaa,1,tanglish
Marupadium god father ah eduthu vachurukan pola... thirutu paya...,1,tanglish
trailer ah semaiya irukku padam vandha,0,tanglish
1 year punadi intha trailer veliyanuchi inu intha padam veliyavale eppa pa intha padam realese avom,1,tanglish
Ee name kettappol KGF ortavar like adii,0,tanglish
Who and all did not like petta ending hit like,1,tanglish
dai . .enna . .da ellam intha video pathu views athikam pathiringala . . .siripu . . . .siraapu . . .,1,tanglish
Kadavulaa dhanushu nu sollravanglam like podunga,0,tanglish
Are you a Communist ...? #ngk,0,tanglish
Now Kaappaan teaser marching towards 5m views & 400k likes,0,tanglish
Tamil naattil ethanai jaathigal ulladhu endru kanakku eduthu tamilaga arasukku udhavi saidha director Mohan avargalukku vaalthukkal.comments la oorla ulla Ella jaathiyum irukku.ippo puriyudha draupathi yen jaathi padam and pariyerum perumal yen samooga padam yendru.,0,tanglish
Ama nee than unga daddy kathchiku poitiyae....,0,tanglish
Yennada kattbi bgm and kokkikumara bgm mix panni vachirukken,0,tanglish
"She is not like human , she looks like wax #EnnadaPanniVechuerrukinga   #DirectorVijay eddutha last 3 flims maa bayangara mana #FLOP Ethu solla vaa venum🤔",1,tanglish
Waiting for selva's movie  Selvaraghavan fans hit like here,0,tanglish
Pesama gv prakash music director  agave irukkulam...theva illama flop   padam edukkarathuku music liye high level varlam...,1,tanglish
othaaaa ithu trailerrrr  paakkum pothe veriii aaguthuuuu,1,tanglish
Dei..innum ah da indha maadhiri padam laan eduthutu irukeenga,1,tanglish
Vetrimaran sir Madurai (DT) Chennai (DT) ippa nellai (DT) ka,0,tanglish
yaru da adhu dislike potadhu poi unga bairava ku podunga da unmaya sollunga bairava va illa vivegam ah sollunga guys,1,tanglish
Sappypathy Vijayamma bigilu ummpi get more dislikes .. targeted 500k dislikes,1,tanglish
Nazawuddin Siddiqui in pettai  tharamana mudivu,0,tanglish
Trailer pakurathu munadi comment and like panavanga laa yaaru,0,tanglish
wow!! pataya kelapudu machchan. i am waiting.,0,tanglish
Sivakarthikeyan nee actora Mattum illa   Producera  atha vida bayangarama Kalakarada...Really proud of u...Well done...,0,tanglish
Dei kowshik mavana savugai onnoda suttha potthikkittu poda,1,tanglish
Viswasam enna aaka pokutho...  Pongal avalavum thaanah,1,tanglish
PINK Bollywood  But Like Ajit kumar,0,tanglish
Kaithi Logesh Sangatamilan Vjs Bigil vijay  all are in vijay 64,1,tanglish
1:09 ennada DEV movie BGM mari irukku,0,tanglish
Indha video ku wait pannuvaga mattum like podunga......,0,tanglish
Kris’s movie pola irukkunu yaarukkavadu feel aahircha,1,tanglish
Ayyo  ayyo  ayyo  ennada  ippadi  thalaivara  ready  pannirukinga,1,tanglish
Itha moveku apparam yaarum jathiya pathai pesamatanga,1,tanglish
Thalaaaaaaaaaaaaa   no words #Stunning,0,tanglish
wow wow wow thala thala dan,0,tanglish
I am talapathi fan super ngk,0,tanglish
After Muthu padaiyappa.. Aprm Rajini sir thuruthuru acting paakura  maathiri iruku osm trailer waitingggggggggg,0,tanglish
Pogeda.. nigalum unge padaum.. trailer pathitu movieku ponen paru.. enne sollanum..,1,tanglish
Therke Devendrar vadake vanniyan iru samugathukum mannum ponnum onnu..yevan kai vachalum vettuthaan..,1,tanglish
Diwaliku Marana marana marana marana Adi iruku....kaithi marana waiting pa .......,1,tanglish
Padam  kandipa thokuradhukana 10 thagudhiyum pakkava iruku,1,tanglish
Thuuku dhurai on Next level,1,tanglish
Yogi babu puppy moviek apuram tshirt maathaleya,0,tanglish
vijayna summawa vijayna nerupputha aana namma superstar rajini na erimala inga sri lankaala vijay fans ajith fans pala fansnga irukaanga aana ellaarum rajinina uyire kudupaanga,1,tanglish
Annakku cinema melle paaithiyam  Ellarkkum anna mele paaithiyam  Suriyaaaaaaaaa,0,tanglish
Kadasi punch bigil padathuku oda clash kaga sonna pola irunthuchu,1,tanglish
Absolutely stunning Selva sir  Yuvan's therii BGM,0,tanglish
Mokka trailer nkp  Paru daa bigilayaàaaaa,1,tanglish
Thalapathi + Nayagan + Agni Natchathiram,0,tanglish
Intha trailer ahh pathutu Kekaa bekka short film ahhh theda ponavangha yaaru,0,tanglish
Ulitemate star Thala Ajith Kumar valga,0,tanglish
ENAKU ENNA SOLLANAE THERILA.. COFFEE SOLLUNGA..  ENAKU SIRIPPAE VARALA.,1,tanglish
U1 BGM pudichavanga like pannunga,0,tanglish
Thalaiva........i love u dhanushdarling ........maasu thala nee,0,tanglish
ennageda 19k views 57k like epdida,1,tanglish
Thala I  am waiting ji,0,tanglish
Ks ravikumar paakka simbu mari irukaru,1,tanglish
15k dislike blue sattai kuruma grp thana kathari savanga,1,tanglish
"Beethoven fur Elise my favbut,Illayaraja bgm kekalamnu edthirpathe ,Ana Oru bit kuda trailer la  podaleye",1,tanglish
Are u virgin ngrathu mass dialogue ahm...ennada unga akkaporukku alave illa...,1,tanglish
Evlo get ups thank you Surya Anna entertaining us,0,tanglish
I feel like a horror film,1,tanglish
0:24 Thyagarajan fans hit like here >>>>>,0,tanglish
Dhanush thalaivarrrr veraaaa level asuran waiting for theee scrennn thalaivaaaaaaa    Dhanush veriyan daaaa naaaa,0,tanglish
Last 10 seconds dance mass,0,tanglish
Antha lodukku Pandiya kakkoosla appeal aava sollunga Da dei,0,tanglish
Hiphop: Thalapathy ya kalaaicha thalapathy fans kondruvaainga......  Director: Appo thala ya sethu kalaaicha podhu...... rendu perum silent aayiduvaainga.......,1,tanglish
Machane kidu padam  love from KERALA,0,tanglish
Yeppa ye semma ya irukku....🥰🥰jayam ravi sir unga acting vera level...🤩,0,tanglish
Ayyo Mani 🤪.. Vera level after long time .. simbu vj,0,tanglish
Muga moodi part 2 va irukka koodathu kadavulee!!!!!,1,tanglish
Str aala tha padam hit aaga poguthu,0,tanglish
Thala pakka mass padam vera vera vera levelaa irukka pokuthu adichu thookku,0,tanglish
Thiruda mudiyaaa selvam - arivu chelvam,0,tanglish
Waiting for 10M views... Wait pantravanga like podunga,0,tanglish
AJITH  mele ninge Vishvasam katradukage VIJAY eh en asinga padutharinge,1,tanglish
Ne yenna Periya Vasool Mannan-na?  Theriyala. Apdi thaan pesikraange  #Semma,0,tanglish
Wowsema different look and stylesmovie vera level la erukum pola salute army man,0,tanglish
Samboo Siva Samboo Siva Siva Samboo,0,tanglish
# Court la ippudillam kaththa kudathu Mr. vandu #Kaduppethurar my load,1,tanglish
Not matching  jayalalitha amma,1,tanglish
Vera level .semma speed.intha speed padathoda starting lah irunthu end varaikum naa ethir paakkure.pls . trailerleye padathukuda inaijitte.kandippa poi paathe theeruve...🤗,0,tanglish
0.37  replicates 1975 apoorva ragangal...,0,tanglish
Ena getup da aphaaa... Apdiyae parthutae irkalam pola irku...,0,tanglish
Poda deei viswasam marana waiting pongala papom,1,tanglish
Ajith Thalathala nu irukaru nalla gummunu,0,tanglish
"s1 s2 :ok seri. yedho. sequels dhan trend illa s3: Daivamai! kaphathunga, endha punch dialogues innaku mudiyala. s4:DAI.avala dhan, kathi enga da?",1,tanglish
Actually indha maari oru padam dhaan thala kitta irundhu expect panninom..,0,tanglish
Ponga tambi innum 1miillon viewers kutta tandala,0,tanglish
Enga anna ku dislikes potavanga ellam kena pundainga,1,tanglish
oh my fav surya k.v aananth,0,tanglish
Viswasam BGM ah mix panni potrukar pola...,1,tanglish
finally we made it 10m viewes,0,tanglish
Once a king always a king #ilayaraja BGM verithanam,0,tanglish
69 now 29 thaliva nee matteum than eppavam king..petta parak,0,tanglish
Bro enna view apdiye irukku hang ahiducha,1,tanglish
AWESOME SONGS .... ROCKING TRAILER ......................... 2016 BIGGEST ENTERTAINMENT HIT,0,tanglish
BGM Vera level ..iruku ...u1 ..love u,0,tanglish
Inda madri trailer cut pannadhu super thala look semma,0,tanglish
"Prakash Raj sethuruvaru Avaga pasaga arrivind Samy, Arun Vijay, str elarum Yaru andha savuku karanamnu kandupudipaga Vijay sedhupathi um Idhula travel panuvaga kadasi Oru trust varum arrivind swamy tha kolapaniruparu",1,tanglish
August  kaapaan pakka action block,0,tanglish
pppppaaaaaa Semmaaa....but vedelam dubbing voice using is Mokka of villan,0,tanglish
Dei mudiyala da  Innuma da indha maari padam eduthutu varinga 🤦‍ Naanga paavam da,1,tanglish
Vere level la iruke.. Mani sir film maathiri illa.,0,tanglish
Trailer ye sweet sapta feel ahtan irukku,0,tanglish
wowowowowow super anna thanks atlee sir,0,tanglish
Siva mela viswasam kaaati yen yengala asinga paduthureenge. Thala climax vera level .,1,tanglish
0:17 to 0:42 madmax furry road bgm,0,tanglish
"Shivaji ku aprom, ippo thaan Superstar kitta ivalovu mass pakkiran...  Petta paraak",0,tanglish
Suriya Anna Mass..... But BGM Mokka....,1,tanglish
Waiting  king of BGM  U1 Yuvan Shankar Raja,0,tanglish
"90's kids peruma Da, podra podra podra podra",0,tanglish
"semma trailer, Pudhu muyarchina parattanum Kora kandu pidikka kudathu",1,tanglish
Suriya polich Padam will be super hit,0,tanglish
Now : Siriki Lyrics Video Trending No 1 ...1 Million Views...100k Likes... Nadippin Nayagan SURIYA ... Melody King HARRIS JAYARAJ .,0,tanglish
Getha solluwen thala fan nu...,0,tanglish
A big like from Mumbai,0,tanglish
Dislyks podrathu ellam nadaga kumbalkaara naaigal,1,tanglish
Vj Sethupathi getup like Vinayk Mahadev,0,tanglish
Sirippu pu a da kena poo u  intha scene a mathula appram payangaramana vibarithangala santhikka vendi irukkum,1,tanglish
Ena da viswasam bgm mariyae iruku,1,tanglish
thala enaikkumae oru pheonix parva da yaralaiyum epavum alikka mudiyathu,0,tanglish
itha paarkum pothu mobile la vilaiyadum game pola irukku,1,tanglish
Teaser 300+times paathutten... Innum paapen only for NADIPPIN NAYAGAN suriya Anna....any Suriya Anna veriyans,0,tanglish
Vera level... Thalaivar AR rahman,0,tanglish
Ah..  BGM Veri Yaethuthu,1,tanglish
Thalabathy 63 poster on 22nd athoda Views Itha Vida adhitgama irkum Paarunga 🤘,0,tanglish
Athu ennavo enaku  Vikram vetha Maina Yen nabagam varuthunu terila,0,tanglish
entha mokka vijay fans ku enga enna valai,1,tanglish
Twitterla wait panna inga release pannitengala,0,tanglish
Nalla velai sruthi haasana potaainga. Padam flop ayudum... S4 nu eduthu saavadika maatainga... very good,1,tanglish
4 heros munnadi ARR dan BGM mass,0,tanglish
Deai trailer ah repeat mode poitu iruku waiting for aug 15,0,tanglish
Sai pallavi fans hit like her,0,tanglish
Vetrimaran padatha patha saathi adakumurai innum iruka mari katuvan. Dont support him,1,tanglish
Gommala vera level ethir pakkave illa U1 THALA combo na summava bgm ithu unma na like podunga,0,tanglish
No no no dont do it,0,tanglish
Final scene semma.... ithu 96 ha ha ha ..... arasiyaluku varuvean,0,tanglish
Innaiku niraya peeukita illlatha ketta palakam enkita irunthu sema mass dailouge,0,tanglish
Enna da idhu Viswasam bgm uh potrukinga!!!!,1,tanglish
Theater scene paathudhume ennaku siripu vanduruchu,1,tanglish
Its 14.7 guys just 300 k,0,tanglish
Pongada Sathi veri pidicha thevidiya pasangala,1,tanglish
Woww Chiyaan vikram  Irumugan style a iruku,0,tanglish
Alampitinga thala.ponga..thala veriyan.paramakudi.vaigai nagar thala boys,0,tanglish
yen intha video trending aagala??? Doubtuu???,1,tanglish
No 2 trending after 3 days,0,tanglish
Enna da ivlo ragasiyama v2rukinga trailer vandhathey theriyala,0,tanglish
Surya Anna Fans Hit Like,0,tanglish
Salem Mecheri vanniyarkal sarpaka padam vetri ataiya vaalthukkal,0,tanglish
Manusanuku thala mukkium athupola filmindustryku AK very very important,0,tanglish
am thalapathy fan....trailer pakka nalla iruku,0,tanglish
"Average picture bro., in telugu side",0,tanglish
KvA-suriya-HJ cmbo is back with bang..,0,tanglish
"Ellarum pakka vendiya padam,.. vera level mass flim for our people ...",0,tanglish
Padam oodumma ? Illa mugamodi Mari aagirumma?,1,tanglish
Both VCK & PMK Fraudu pasanga than da  En da itha padathula kaati engala makkala Jaathi kalavaram thoonduringa,0,tanglish
ultimate star thala fans like panunga,0,tanglish
Jayam Ravi Anna osm na trailer sema fun.....,0,tanglish
"Kurudu, karupu kannadi, nisaptham, thoppi, idhavittu epoppa miskyn veliya varuva🤓",1,tanglish
Sema ......national star surya kaga waiting,0,tanglish
Vijay -vera vera vera vetakaran taan da venumm Ajith- nerya nerya nerya nerya ....nerya,0,tanglish
Pls frnds like this vdo namba Thala Fan's la yaru nu kaatta vendiya neram vandhrichu....,0,tanglish
Diwali kaidhi dha.. Sema ya erukum padam thavari kooda bigil ku poga koodadhi,1,tanglish
Vera level bgm@arrahuman love you sir,0,tanglish
sema ya iruku thala thala than...I love you thala,0,tanglish
Thala   Thala  Thala  தல  தல  தல,0,tanglish
Pakka blockbuster 2 movies NGK and kappaan Karthirapoop,0,tanglish
After a long time different aana ajith movie. After mangatha idhu dha nala irukum nu nenaikuren.,0,tanglish
Sooriya sir..unga padangalla..ungala oru actora mattum paakka mudiyardhilla...ungala oru guidea paakkara vibes dhaan kidaikkudhu..U r sooper sir.,0,tanglish
Karthi Anna trailer paingarama iruku  Diwali Ku mummaiyilaiya sangam theatre povan I like the trailer,0,tanglish
Naa paathadhu avandhana.. illa en kannuku apdi thirinjatha,1,tanglish
Mass Marana Waiting SK Hero தரிசனம்,0,tanglish
#ThaLaiva Varlam Varlam Vaaa Bairavaa vera level!!,0,tanglish
Below average movie pola..gentral audience ku pudikala,1,tanglish
Savaadi Movie!!!! Iruku la kozhikari.....I'm a die hard fan of Mani sir movies........eagerly  waiting,0,tanglish
"Vera level paaaa str, Vijay sethupadhi, Aravind swamy, Arun Vijay",0,tanglish
Ennamo Avengers endgame ku aparam vijay sethupathi ah vae pudikala...,1,tanglish
"Haha, Ella samugathinarum vaazhthukkal solringa okay, but andha movie ippo post production ku kaasu illama nikkidhu, aadharavu kodutha nonnainga ellam panam pottu vidunga Da,.",1,tanglish
Pannam evala venunalum selvalinga ticket edutthu Padam pakka muttagal nanga irrukom puplic,1,tanglish
Yenda ponugala petthu kastapattu padika vachu nalla yedathula kattikudukanum nu yevlo kanavuu kandrupanga neega unga jaathi thimira kaata ponugala yemathi thookitu poi kattikittu antha ponnaiyum nalla pathukama koduma paduthi seeralichu... Ipdi panravanugala Nadu road la Oda vittu vettanum daww...,1,tanglish
11 naal aana pirakum 'semma mass'a pokuthu nkp trailer bigil ootharathu romba difficult,1,tanglish
Enada mugamoodi 2 va🤔🤔Ange naren inga Arjun....,1,tanglish
G. V. Prakash Kumar Musical     🥁,0,tanglish
Enna da innum trending aagala thuuu,1,tanglish
Tharu maru. Thalaiva. Love u. Idhu thanda rajini padam,0,tanglish
enga viswasathukku munna ithu email ellam onnume kidayathu,1,tanglish
Director vijay be like       ;  varsha varsham oru kirukken namaku produce panna kidachruranae🤣,1,tanglish
Naan Arasiyalukku Varuvazu Uruzi'   adi ezu 96....sema kalaai,0,tanglish
It's same like the short film - kekka bekka,0,tanglish
Yana pana porom  Sweet sapuda porom,0,tanglish
115 views left  for 15 million,1,tanglish
Neengale naksal Maari pesitu irukinga dialogue makes u think more,1,tanglish
Viswasam trailor 2 hrs la vandha like kooda indha trailor ku ithana naal la varala,1,tanglish
Thirumba thirumba pakkuravanga mattum like podunga,0,tanglish
"mokka trailer, movie aachum nalla irukuma ,",1,tanglish
vikram anna mass theyrikuthu trailar vera level,0,tanglish
Na vijay fan dha ...but erundhalum....indha padam therika vidaporaru suriya,0,tanglish
Yaruku kgf climax bgm mari irukku,1,tanglish
My fav stAr role model suriya annan and lalettan daa,0,tanglish
wait and see .. mokka maximum.,1,tanglish
I love u anna Ajith kumar,0,tanglish
I think movie  is vera level.... 90 kid daaaa,0,tanglish
Semma trailer oru periya treat engaluku wait panitu iruku Only for HIP HOP TAMIZHA and RAVI anna🥰🥰🥰,0,tanglish
kabali record ah break pannum bairava record. Eppa break pannumnu sollanuma....,1,tanglish
Does it come in Hindi Dubbbed????,0,tanglish
Marana maasss!!  10 Jan . VISWASAM ennaaga pogudho.,1,tanglish
Herion Kajal Agarwal padu kevalam ma eruku ana thala mass tha,1,tanglish
Sethu anna Voice  Thalaivar Entry   Kolla Gaandu la irukan Epo varum oh nu,1,tanglish
"Waiting to see this on screen fdfs but thalaivar padatha enaiku fdfs olunga paakurathuku, but enna aanalum naan paapen",0,tanglish
Yamma comment la jathi veri pudicha vangala irukkanuga da pa ninga sethupagalay da sekkiram sethurunga,1,tanglish
Director ah elllam comment panniruparu pola Edukuuu,0,tanglish
*Marana Mass Trailer Thalaivaaaa*  Love You NGK*,0,tanglish
Jaathi veriyankalukku boost ethivudunga nalla  velangirum,0,tanglish
Padam Eaidugka Ana Makakllie tiruta Parugka Alika Parkatigka Atu Uagkallukum Abatu Nanba,1,tanglish
Who are all here after darbar,0,tanglish
"Maranam massu maranam, adhukku Avan dha porandhu varanum",0,tanglish
Superb veri thanam Suriya anna,0,tanglish
Namba Captain padam madiri iruku.. Valarasu 2?,0,tanglish
Sila vishayam ellam pannama irukurathu than nallathu .. Ellarum biopic ku edukuren nu kelambita enna aagurathu ...,1,tanglish
Enaku konjam nerathuku oru Padathaye paathe maari iruku.. Semma..super duper hit..  Fan from Malaysia,0,tanglish
Best idea....romba naala intha maari padam varanum nu kaathutu irrundan...antha aripu edutha para naayigaluku tharama serupadi...,1,tanglish
1:30 la irundu Vara dialogue ambethkar kum prabhakaran kum vacha madiri iruku,1,tanglish
*Kajal  Fans Subscribe *,0,tanglish
For My MUSICAL Thala Santosh Narayanan....King Of BGM n Music!,0,tanglish
Plz all r listen headset... Uvan bgm Vera level,0,tanglish
Last few seconds music & video vera levelllll GV da,0,tanglish
kadeisile Mani Ratnam kuda mass padam yedakka vechitengleda,0,tanglish
*Tha Vera Level Thalaivaa ! Varlam Varlam Vaaa Bairavaa !,0,tanglish
cute nanika & vijay anna sema masssssssssssssssssssssss,0,tanglish
"Ada ponga da,, sutta dosai yayey thirumba thirumba suttukittu..",1,tanglish
6 million view.. othalokka massive... Thalaaaaaaaaaa,0,tanglish
Be fast guyzzzz make to 16 million,0,tanglish
Pink ka vida marana mass suhh trailer,0,tanglish
Kadisi varaikum epadi yenda white hair la katuringa avaruku avalo onum vayasu hagalaye...,0,tanglish
Mind blowing  Ipo paarunga therikka vitudalam,1,tanglish
Hero ah fraud ah crct ah solunga,1,tanglish
thalabathi fan da ana thala da,0,tanglish
Karumam YouTube vanthaale indha add than varuthu . Skipum panna mudiyala,1,tanglish
pppaahhhhhhhh..... theri theri therriiiiiiiiiii massssssss daaaaaaaaaa.... thalaaaaaaaaaa va thala vaaaaa,0,tanglish
Anna neinga vara lavel kids yalariyum atrack pandrainga.enum neinga nariya movie la yangala atrack pananum,1,tanglish
Again again trailer pathute commands padikuravanga oru like podunga,0,tanglish
Ipo trailer pakkuravunga like pannunga 2.04 am,0,tanglish
"marana masss ponge....enne ,indhe shrutihasan soori paata daan konjam oduridhu...",0,tanglish
"Wow sema dialogue ,Mass bgm suriya Anna mass",0,tanglish
Indha padam odathuda.. .diwalikku enna family audience kku pudikramathri padam edungada....,1,tanglish
Marana mass ravi anna and yogi babu anna semma mass,0,tanglish
Dai update pannu ga da pls,0,tanglish
I want 10 million views,0,tanglish
"sema but aniruth music sumara irukku ,,,yuvan best ah oottruparu ,,,",1,tanglish
Adchi Oda vidu ellarayum orama nadandhu varareda enga thala veerama  all thala bloods hit like her,0,tanglish
Thalayum nalla Padam kudukkurar thalapathiyum nalla Padam kudukkurar. Sanda podama rendu perayum rasikkalame nanba,0,tanglish
Last dialogue it's true for real life.  #Talamass,0,tanglish
Epo varaikum parthen parthu kite irukanum pola eruku vera level thala nenga,0,tanglish
Back to old age caste dramas?? podhumpaa podhum...,0,tanglish
Comments pakka ethana per. Vandhurkinga hit like button Always thala da,0,tanglish
Yaara Yaara Yaara ivan Teaser paatha Puriyum .... <3 <3 <3,0,tanglish
"Evanda dislike pottan paithiya karan ,stupid",1,tanglish
Yo enna ya likes ennum pathala,1,tanglish
Yeppa.. Trailer ra marana comedy ya irruke🤣🤣..Padam yeppadi irrukomoo,0,tanglish
"Oru manushana azhichudalam, ana Avan sinthanai, sithantham azhikka mudiyathu , Dr.Ambethkar  than intha dialogue porunthum, jai Bhim",0,tanglish
Indha time miss aahudhu,0,tanglish
Edhuku tan ethanala wait pannom.... What a dialogue  Petta parak,0,tanglish
2 part  irukku oru  valiya suspense venum illa,0,tanglish
Trailer summa vera levela irrukku padatukaga i am waiting,0,tanglish
Vijay sethupathi ku nalla role illa pola.... Apo padam nallaa irukaathunu thaan ninaiken,0,tanglish
"Let’s make it 30M , kabali, Kaala and now Petta",0,tanglish
Ada Pavingala Thalaiver Yum Vittu vaikalaya,1,tanglish
Thamizh naatla evlo jaathi veri irukkunnu intha comments paatha theriyum.....thu.....,0,tanglish
next superstar vijay Anna next comedy superstar aamai punda,1,tanglish
Adaadadadaaa Ennaamaaa iruku daa trailer Ayyo thalaivaaa thalaivaaa..... mudiyala pongadaa dai pongadaa..... I love you thalaivaaa ummaaaa,0,tanglish
super vijay sumaa sollakudathu therika vedenkal,0,tanglish
Antha padatha vida... intha padam nalla irukum poliye,1,tanglish
Thala endral mass gethu vera level simplicity.,0,tanglish
Romba naal kalithu oru nalla trailer congrats Mani sir,0,tanglish
Dei mudhavigala.. it’s Selva film da,1,tanglish
Sumarana trailer nu solravanga hit like,0,tanglish
Views ah vida likes athikamairukku,0,tanglish
Villupuram tindivanam makkal  sarbaka  vazthukkal,0,tanglish
Padam Peru 6 mudal 60 varai nu vechurukalaam !,1,tanglish
Chinna payyan mathiri stylaa irukke With love from Kerala,0,tanglish
Thalainn rasikana erupatharku perumai kolkeren thannampikainn sikaram engal thala avarinn vazhiill nadanthu vetri Kodi kettuvom,0,tanglish
Epo yaralaa trailer pathuttu erukinge like podunge,0,tanglish
"Saavuradha irundhalum sanda potu saavanum, Bayandhu saaga Koodadhu  Apt for Diwali Release scenario",1,tanglish
Oru pakkam bigil. Bigil anil kunjugalin alaparaikal,1,tanglish
Thala fans Ku oru kuthu thalapathy fans Ku oru kuthu,1,tanglish
Vera level cinematography  Vera level Editing  Vera level BGM Vera level VFX Vera level Dubbing  Vera level Movie Tone I Love This Trailer,0,tanglish
Marana maasssss thalaiva summa allu vitruchu,0,tanglish
semmaaaaaa          trailer,0,tanglish
"Yenadaa pudhu trailer potache, Yogi babu kannom neneche Vandhutaru",0,tanglish
no words to say ...except a name to shout .........tttttthhhhhhaaaaaaaallaaaaa,0,tanglish
Koduma ennana ellarum avanga jathi pera pottu valthukkal soldringa ...Namba Nadu develop aga chance ee illa polaye,0,tanglish
"All area la yum ayya gilli da,  either rural entertainment",0,tanglish
sema wow pakka allu alludhu la    bairavaa da  Ajith fans la bayandhu thirumbi poda,1,tanglish
Valimai trailer likes target 3 million,0,tanglish
Enna ya idhu trailar la  ye beedhi ya kelapureenga...,1,tanglish
"ji ok dha yellame,but bigil kuda venama irundhuchi, Na unga padam yellame pathrukke,but thalapathyn varappa,yevena irundhalu vittu kuduka maato Vazhtukal nanba",0,tanglish
ORU MANUSHUNA ALICHIDALAM AVANUKAGA VECHA SILAIYA ODACHIDALAM AANA AVAN SINDHANAYUM SIDHARNTHAYUM YAARALUM ALIKA MUDIYADHU,1,tanglish
Yena da pubg game ha... Teaser la pearusu onnum illa suriya ji,1,tanglish
Senguntha muthaliyar sarpaga movie hit aaga vaalthukal.....sema trailer,0,tanglish
Sweet Sapda porom. Yes engaluku Jan 10 annaike pongal than.,0,tanglish
Enakku therinji padam odathu I will proud,0,tanglish
2:01 ( sound missing ) ennada ivlo kodi potu padam eduthurukeenga..itha kooda gavanika maatingala...!,1,tanglish
Sathiyama trailer marana mass Da...kaapan ah vida ethu semmma,0,tanglish
Vijay sethupathi fans hit like,0,tanglish
hey waste ingla poi visvasam trailer parungada....1m likes.waste da neengalm...,1,tanglish
#ARR #SANTHOSHSIVAN #SREEKARPRASATH #MANIRATHNAM #VAIRAMUTHU Idhupodhum enaku.. Idhu podhume verenna venum..,0,tanglish
Super I love akhasya hero and rnjk ji,0,tanglish
Ajith fans poghi tukku mattu savungalda,1,tanglish
ENPT paka mudiyadhavanga idha pathu manasa thethikonga,0,tanglish
Next level movie fan from Sri lanka,0,tanglish
49K left for 600K likes,0,tanglish
Sethupathikku aduthu sema action block irukku,0,tanglish
Dislike ah da poduringa badungala.padam release agatumda April irukku,1,tanglish
Andha gun sozhatra style Vera level....,0,tanglish
semmmaaaa mass thalaiva very cute Ilayathapathy Vijay,0,tanglish
Pottu thakku pottu thakku pottu thakku pottu thakku pottu thakku thala veriyarkal,0,tanglish
Adchu thooku maira thookunu oru song vandhuchu12million views dhaan...nammalu vandhu orae nal la 10million views,1,tanglish
La la land music copy. ......... Why ?,0,tanglish
Engaga frd fb la like kodukurara ha ha ha than podraa🤣mothevii🤔,1,tanglish
Oruththar Mela katra viswasaththukku maththavangala yen asinga paduththuruinge ungala thanda soldraru amai pundaingala,1,tanglish
Innum avar vanthu naata nera nippatuvaar namburaainga inga sila peru... 2026 layavathu nadakku,0,tanglish
Oruthar Mela Neenga Viswasam Kaattradhukkaga Innoruthara Yen Asinga Paduthuringa,1,tanglish
Bgmkagave 1000 dhadava indha trailera pakkalaam,0,tanglish
Oru nalla kalaingan dhanush! Semma acting..,0,tanglish
Enimal nagathaa surya mass i am maranaaa waiting thalaivaa surya anna,0,tanglish
Police na suriya suriya na police singam da,0,tanglish
Intha Background ah pathaa..! JilJungJuck padam mathiri irukku..!,1,tanglish
Ada dai na nummm yesterday la erudhu wait panuren song aa varala,0,tanglish
Oh my goodness teaser la மக்கள் செல்வன்,0,tanglish
"Otha Vera leval sampavoo,Thalaivaa, DHANUSH BLOODS solla karvama iruku mass pannitaru thalaivaru,,, love you Thalaivaa",1,tanglish
"Teaserea verithanama irukku   ,appo padam .. .....",0,tanglish
hai vijay Anna am big fan str....but neenga str Ku Anna so yengalukkum neenga annatha prsnl umm ungala pudikkam tamilan vaalanum na by rtr,0,tanglish
"Setthanda rajini haters ella, vada unga tailarukkum enga tailarukkum choli choli pappoma",1,tanglish
NenGa EnnA SonnAlum ENna paNnalum Ungalala OnNum .......... mudiyadhu yeNNa THA NEENGALAM AVLO DHAN DA !  HATERS MAKE HIM FAMOUS ! SO KEEP ON HATE MY DR  @ THALAPATHY @,0,tanglish
Its amazing... Thalapadhi rock performance. Diwali thalpadhiwali...,1,tanglish
Panniyum mannium thotta vettanum Sema triler,0,tanglish
Thalaivar Mass Speech Mavana Kola Kandu la Eruka Kolama Vitamata .......,1,tanglish
50 SEC PARUNGA XMEN MATHIRIYE CHIYAAN IRUKKARU,0,tanglish
okkkaaa makkkaaaa mass...... pppppaaaaaaaa.... this is why he is ultimate star.... more than all stars.......,0,tanglish
Silent ahh vandhalum violent ahh irukum,0,tanglish
Savuratha irundha sanda potu savanum ... uyiruku bayandhu kaala vilundhu kenji sava kudathu... 🤘,1,tanglish
Pengal methu kaiya vacha vetta vendiyathu kaiyagali ellai thaliyai,1,tanglish
1:04 I'm chitti! Reloaded... Version 2.0,0,tanglish
intha dmk famliya vachu oru kathai ready panna mathiri irukku,1,tanglish
Valimai trailer views 50 million cross pannanum soldravanga irukkingala,0,tanglish
Oru chinthamani kola case manakkunne underr,1,tanglish
Vera level vinoth kalakurayah thala u1 rocks bgm terikudu and oru adi pah marana mass,0,tanglish
Pakka political movies and the yuvan sankar raja BGM therikka vidra BGM    KAATHRUPPOM,0,tanglish
Olluga tax kattu da  Appuram nee nattai Pathe pessulam  Suriya avargale  yathana textile company  Yethana windmill unga family ku solluga,1,tanglish
Kongu natil nichaiyam  vetri padamaga odum  nanba valthukkal,0,tanglish
"Teaser semaya eruku. aana Oru chinna visayam ilayaraja sir Beethoven music aa use pannuvaaraam,aana matha music director avar music use panna kudadhaam adhu dhaan Enna gnayam nu therla.",0,tanglish
Trailor super padavum nalla varattum vayuthukkal jeva,0,tanglish
joseph kuruvila malayali ? anna vetta thudangikko njanga ready thalapathy vaazhga thalaivan vaazhga.,0,tanglish
Super i love my super comic star rajini,0,tanglish
Surya Kerala fans hit like,0,tanglish
"Does Vetrimaran not know anything apart from arivaal, kaththi, velkambu, raththam, pagai, kolai etc..",1,tanglish
"pppppppaaaaa semmma maaas teaser, flim sema hittu block buster dhan",0,tanglish
Will it cross sarkar teaser likes?,0,tanglish
Ajith long time Oru different movie pannirkaru kandippa hit,0,tanglish
Any one see 2 time like here,0,tanglish
Marana waiting la eruthen jayalalitha Amma biopic pakathuku  Nallavey illa,1,tanglish
Rangaraj pandey fans hit like 🤣🤣🤣🤣,0,tanglish
Selva ragavan rockzzzz ....ipdi sonnavathu padaththa udanae paapaanga makkal,0,tanglish
Pokkri raja movie concept mathri iruke🤔,0,tanglish
Rajini kalichathukaga vee like podavunga like podunga...,0,tanglish
More Than 25 Times Pathavunga like potunga,0,tanglish
Danush + vetrimaaran = super hit movie,0,tanglish
"Yaarukellam krish, Mugamudi, Dhoom 2 movies neyabagam varuthu",1,tanglish
Thala fan morning kulla 100 k varanum,0,tanglish
Ennnada onnume priyala padama illa pei padama,0,tanglish
780k likes on d way,0,tanglish
ponniyin selvan story maadhiri dhaan irukku,0,tanglish
Namba mudilaye nethu varaikku paakama inniku 1 millionaa viswasam paathu ellam bayanthutaanga pola,1,tanglish
Trailer partaale terithu next year #Thalapathy64 epdi irukum’nu    veritthannnaam!!!,1,tanglish
Vikram Vedha 2 Rajini vs Sethupathi,1,tanglish
Nadodikal 1 fans like pannunga,0,tanglish
Rajni sir hit like,0,tanglish
ommmmmaaaallaaa thevvvii.....ya pull...a Ajith oombigal vaango vandhu mutti podungo!,1,tanglish
Mokka Dirctor verayarukkavudhu chanse kudunga thala,1,tanglish
Best trailer sk fans like here,0,tanglish
"Kazhiva thingra panni maari irunthutu singama singam, itharku wipathiye mel, chapal se maarunga saale sooar",1,tanglish
Ayan 2 in   kaappaan style,0,tanglish
Thailvar eppavum style thanu slluravanga alla like potuga,0,tanglish
Anil thevuduiya pullainga evana irundha comment la en poola oomba vangada,1,tanglish
Mokka yevan ipdi kena punda mari yosichathu 🤦‍,1,tanglish
i think villain is arun vj super mass,0,tanglish
Unga mass epavume vera level ji...,0,tanglish
Suriya is always big acting man,0,tanglish
Thaaaaa verithanam  Mohan bro,0,tanglish
Studio green is super banner good ever yaar,0,tanglish
Mega sod power renger vfx looks like cartoons,1,tanglish
Ready beating mokka shivakartikeyan in kaappan  Becarful OK,1,tanglish
#Bgm ketta #nerkonda #paarvai #bgm maari iruku🤔🤔🤔🤫🤫🤫🤫🤫🤫🤫🤫🤫,1,tanglish
Sapash sariyana potti 90s to 2k,0,tanglish
romba nalaki apram real super star raniji padam paka porom....,0,tanglish
Iam waiting Chinna Thala Vijay Sethupathi movie,0,tanglish
Amma Anna panavanga ungla Ean avungla asinga padu thu ringa,1,tanglish
"2.06 ithu 96 sema,,Rajini pans thukkula thongiralam",1,tanglish
A selvaraghavan film idhu irudha vera enna venum,0,tanglish
Naan endha jaadhi per solla vara la ..... minimum 30 years ella government facilities kedachi irundhale avanga ipo nalla nelaimai la thana irupanga.... but general BC nu namku enna ya facility iruku .... innum ethana years ku yaaaaa ipdi ..... oru BC adutha velai sothuku vazli illama iruka nu nenaikringa la... illa SC mattum tha kasta padra nu nenaikarainga la enaku purila ....,0,tanglish
Selvaraghavan fans all like their,0,tanglish
Sirappana Tharamaana Padam   Director Karthiksubraj padam  Kola waiting'la irukavanga mattum,0,tanglish
"I'm Big Fan of Sethupathi in Karnataka , Love u makkal Selvan",0,tanglish
adengapa innum nooru varsam alnalum thalaivar gethu than poga,0,tanglish
NGK trailer paakumbothu ntk nyabagam thà varuthu,1,tanglish
Dai intha mari padam already neraya paathachu,1,tanglish
My All Thamiz Nanbargale.  Yaarellam Nenaikkiringa Ithu Ilaingnarkal Arasiyalil Thalaiyidum Neramnu...!???  Ippa Vara Padamellam Arasiyala Base Pannithan Varuthu Athu nammayellam Pakkanum Kaithatti Rasikkanum Enpatharkka Alla Ini KAIYATHOOKKI NAMMALUM KALATHULA ERANGANUMNU... Yaarellam Na Sonnathu Correct Tu nu Nenaikkiringa Enakku Like   Venam Sinthiyunga Pothum...!!! Yenna Thamizan Adimaiyalla daaaaaaa,0,tanglish
vedhalam teaser ah compare panrapa idhu elam pakame vara mudiyadhu...worst bhairava teaser,1,tanglish
Orraa atha orraa atha orraa atha orraa atha..  !!,0,tanglish
Ithe pathu katharubavan kuruma groupa thaan irupaan,0,tanglish
100 times paathavanga mattum like podunga Thala ranthangalae,0,tanglish
Apa surya ku moviela paire illaiya ada pongaya,0,tanglish
Mokka ah irukkum nu confirn pannittenga,1,tanglish
Wow thalaoruthar mela neenga viswasam katrathukaaga innoruthara yen asinga paduthuringa  yuvanshankarraja,0,tanglish
gethu  naale  thala  dhan,0,tanglish
Ena pa views eh update aga matengudhu?,1,tanglish
Velraj sir thalaivana masss a kamchirukaru vera level u,0,tanglish
Enna da full story trailer la solita,1,tanglish
Omg  Sankar ji muv ku marana waiting,0,tanglish
"Its again Vetrimaaran, dhanush& gv",0,tanglish
Chiyaan Anna  vera level,0,tanglish
ithulam romba over daaaa universal cop illada neee universal trash dawwwww,1,tanglish
Allandu sillandu fans lam odiru....this is rajinism...,1,tanglish
Family ooda vandhu kongu Nadu support pannuvom,0,tanglish
Aug 8 ku wait panravanga mattum like pannunga,0,tanglish
Dei ithu keka beka keka beka short film copy,1,tanglish
Dilli Karthi Anna fans hit like  here,0,tanglish
Dai ammaikkala pothiddu irungada thalapathy mass poi antha old man da paddatha parungada naakkiya,1,tanglish
It looks like a animated movie,1,tanglish
Ar Rahman illaati indha movie ee illa..,0,tanglish
"...neengathanda keel saathikaarangala adakki aalanumnu...nenaikkuringa.....,keel Saathi kaaranga ungala adakki aalanumnu nenacha viduvingalada..., Ellarum samam....ithathanda naanga kekurom....,",1,tanglish
Mersal sad scene varum bhodu sirichan paru  Athey visvasam la sentiment scene la lite sirichi Vera level panitia ya aadhi,0,tanglish
Mani sir padamma ithu... apidi therileh,0,tanglish
Malaysia trending No 1 da. Thala Masss,0,tanglish
Ennada trailer full ha verum music matum tha iruku....,1,tanglish
Indha movie ku support pandra Madhipirkuriya periya jaathi nu sollikravangale.....unga veetu ponnungalukku 1st advice pannanum apdinra concept la paatha indha movie ok...but pandra advice la arasiyala kondu vandhu point ah vaachi solrangae  paathingala...ithu unga veettu pillaigal manasula innum jaathi veri increase aagume thavira...arivaa soothanama irukkanum nu kandippa sollikudukkathu..so annan thirumaavalavan pandra thappa thaan neengalum panringa... Pls cmnt respectful,0,tanglish
Sotta pathiyin 63 Vadhu Padam Thiruttu Kadhai yaame !!!!,1,tanglish
yeaaaaaaaaaahhhhhhhh surya back muaaaaaaahhhhhh love u da anna,0,tanglish
Bharaivaa Ku evlovo paravala surya rocks <3,1,tanglish
Indha padam KGF vida semaiya irrukunu ninaykiravanga like podunga,1,tanglish
"Dei ,trailernaa trailer mattum podunga aanda padathoda kathayum Sethu solringa ,aprm eppudra varumaanam varum",1,tanglish
"Romba overa tha poramo povom, enna pannituvanga   But, trailer nalla irukku pa",1,tanglish
Thala luv u so much hard work never fails..never ever giv up...anil pans Ku vai vayuru Ella eriya pogudhu.,1,tanglish
To haters in Lollu sabha style : Arivu ketta eruma maadu,1,tanglish
Likes kodutha kaasu yedavdu Varuma ?   Yellarum likes kekuringala adaan keten...,1,tanglish
Vijay sethupathi thalaiva i am waiting,0,tanglish
1million like varum solluravaga like pannuga,0,tanglish
Intha trailer pathapo yarkellam kaththi trailer njyavagathuk vanthidch,1,tanglish
Valthukkal vikram sir nadippin nayagan muyarchi in mugam vetri in ragasiyam amaithiyin marupakkam ipdi neraya neraya neraya sollite polam,0,tanglish
Last secene la police station la paridhabangal channel RJ anandhi  !!!,1,tanglish
Vera level illa athukum mela,0,tanglish
Nadipin nayagan fans kill this hit like button,0,tanglish
Harris dev movie bgm ah podrukar,0,tanglish
Indha music ka yengayo Keta mathiri iruke aahh idhu  @for Alice music,1,tanglish
pangaaligala intha vegam paththaathu innum vegama comments ah adichu vidunga,0,tanglish
Haha vijay fans ithuku mela ipadi kalaika moodiyathu,1,tanglish
Ajith Sir Last Dialogue Super.... Orutharu Mela Nega Vishvasam Kaatturathukku Unnoruthare Ean Asinga Paduthuringa ...Sema Thala....,0,tanglish
Cell phone towernala seththu pora sittu kuruvi manitharkalai Pali vankum Kathai,1,tanglish
Trailer sathiyama vera level i like it,0,tanglish
Deii surya movie language matum change pani hindi la release panunga da. Same time la  .surya Anna  india full ah famous  agiruvaru. ..already surya Anna neraya movie neraya hindi dubbed movie utube la iruku athuku viewers and likes neraya iruku.hindi mokka hero na india full ah easy ah famous aguranunga...try panunga kv ananth ji,0,tanglish
kullan fans comments pottu manasa Thethikkunga Vera vazhiye illa?,1,tanglish
Dai ena Padam Da eduthu vaichurukenga??? Tha Sama Da ...,0,tanglish
what the fk gng on here !!! video got 15k dislikes and 128k likes but views only 24k...!!? r u kidding me..?????,1,tanglish
"Why this movie given 12k dislike...?, Brooo",1,tanglish
vaseegaran dhaan villain ah... yennadaa twist,1,tanglish
Pakkaa SATHRIYAN Copy thuuuu ECHA BADU VISAY MAMA,1,tanglish
Jayam ravi is funnier than yogi babu,0,tanglish
"As a thalapathy fana solran. Trailer nalla irukku, en îvlavu dislikes? Whyyyyyyyyyyyyyyyy?",1,tanglish
2.O kandippa 2750 crores kku mela collect pannum,0,tanglish
Teaser.levela irukuu.bt august 15 matum padatha release pannirathenga.... kathukita motha vithayayum kaatna naal..,1,tanglish
Unlike pannava ava amma Ellam item tha,1,tanglish
Like here cmnd here nu cmnd pandravan aalu ellam siluku daw...,1,tanglish
Ada deii namma Annan Pandey irukkara Appa SEMA,0,tanglish
Dhanush Indha padathula ethana pera vetunarunu yarachum therinja solunga....,1,tanglish
SUPER MASS TEASER   SURYA ROCKING    BGM IS SUPER,0,tanglish
Our Lady Super Star  Manju Warrier,0,tanglish
Trailor dialog Goosebumps  வேற லெவல்,0,tanglish
epdi like pottavan Eallarum seathupogada,0,tanglish
Viswasam trailer  7k like 1.4 m like  waiting thala fans,0,tanglish
Dai ippolam short flimla irundu kathaye attaya poda arambichitingala,1,tanglish
Kekka bekka short film to feature film,0,tanglish
IF U SURYA MARANA MASS FANS   PLES CLiK LiKE BUTTON,0,tanglish
Kadaisile aresiyelukku vantha yaara irunthaalum enna nadekkumnethe kaatitinge,0,tanglish
Pakathana pora intha kaalioda atatha... Petta parak....,1,tanglish
Yov militry ..ne enna ya inga (pandey),0,tanglish
Onumea puriyala... Ena concept nu therla,0,tanglish
maaaaaaaas  superb Anna. i am waiting,0,tanglish
Udhayanidhi stalin pundamavanuku nadippum varla oru mayirum varla,1,tanglish
Please cast vechu business padam panthiga neega screen la onu soluveega Anna unga veetu pulaigala schedule cast ku kativika    mateega indhutha unga cinema politics (Sasi Kumar and samuthrakani),1,tanglish
THIS TRAILER..... TINTIN MOVIEYA NYBAGA PADUTHUDHU....,0,tanglish
Captain America coma poanaa Kadha dhaana,1,tanglish
Dei yaruda nenga amma va yarukudaiyum compare panadhinga da kevalama iruku paka mudila da.. avunga kuda yarum match aaga matanga nalla kevalam pada poringa da parunga,1,tanglish
pada trailer parthavan sathiyam pesuvaaan.... parathai  parthavan pen pathugappai pesuvan.,0,tanglish
Light taa saw padam maadhiri iruku,1,tanglish
naraiya paru kitta illatha oru ketta palakam. ....onnu enkitta irukuthu ......Super Anna .....theriii .......,0,tanglish
karthi semma mass ah verithanama irkaru,0,tanglish
OMG.... Thalaivar vera level..... Love you thalaiva...,0,tanglish
Viswasam trailer pathutu varangalemma like potu po,0,tanglish
One sun one super star Rajinikanth,0,tanglish
Suriya anna ethanaa get up uuuuu,0,tanglish
Thayavusenchi movie ya release pannathinga da...look kevalama irukku,1,tanglish
Ulaga sarithira nayagan DHANUSH rasikan da,0,tanglish
teaser sema Na....varala varalam vaa varalam vaa bairavaa..,0,tanglish
Vetrimaran Sir padam.  Nambi polam... Padam hit.... By thala fans,0,tanglish
Draupathi movie vetri adaiya True kitche youtube channel saarbaga valthukal,0,tanglish
VIKRAM IS VERA LEVEL MAN HIT LIKE,0,tanglish
Shankar sir  ur a legend,0,tanglish
Dislike pottavan ratham khaki dha savan,0,tanglish
Movie otadu ajith nadikka teriyala vayadu aedu,1,tanglish
#NerKondaParvai Thala fans like panna vanam... தல வெறியன்கள்  like பண்ணுங்க,0,tanglish
Thala maranam mass waiting from Karnataka  thala fans,0,tanglish
