id,comment,label
1,uba nam awajathaka wage ne hariyata.,toxic
2,Me wage moda athal danne nathuwa tikak hithapan oya ge kathawa.,toxic
3,oya ge wada mehema karanne wal buruwa nisa da? ban.,toxic
4,"Ane mehema wada karana eka, moda yakku wage ne.",toxic
5,umbala nam gon ne comment karanna kalin hithapan.,toxic
6,Mokakda me me comment eka danapu eka ge gon wada? ne.,toxic
7,oya ge post eka ge me wage hariyata therumak nathi comment dakkama epa wenawa.,toxic
8,"oya ge reply eka hariyata kata witharai wada wage wada karanawa, tikak igena ganin.",toxic
9,oya ge wada ge kathawa ahuwama moda kiyala hithenawa.,toxic
10,"Ane me comment eka danapu eka, wikarayak ban.",toxic
11,Me wage mole nathi athal danne nathuwa tikak hithapan me video eka balala comment karana eka.,toxic
12,Me wage wikarayak athal danne nathuwa tikak hithapan oya.,toxic
13,"me wage wada karana aya, meka nam moda yakku wage level ekak. comment karanna kalin hithapan.",toxic
14,Mokakda me umbala ge kata witharai wada wada? ane.,toxic
15,me wage wada karana aya ge me wage gon harakek comment dakkama epa wenawa.,toxic
16,"Hariyata baluwoth oya ge post eka wada nodanna wage ne, ne.",toxic
17,mehema wada karana eka moda yakku wage kiyala therenneth ne.,toxic
18,"mehema wada karana eka, uba nam weda bari lajja nadda.",toxic
19,"oya, meka nam wal buruwa level ekak. ane.",toxic
20,oya ge post eka ge me wage weda bari comment dakkama epa wenawa.,toxic
21,oya ge reply eka weda bari meka nam athi.,toxic
22,"Ane me video eka balala comment karana eka, pissu wage lajja nadda.",toxic
23,"me comment eka danapu eka hariyata gon athal karaya wage wada karanawa, boruwata katha karanne.",toxic
24,"mehema wada karana eka, meka nam boru karaya level ekak. hariyata wada karapan.",toxic
25,Mokakda me oya ge kathawa ge chater wada? machan.,toxic
26,Me wage mole nathi athal danne nathuwa tikak hithapan mehema wada karana eka.,toxic
27,"me video eka balala comment karana eka, meka nam hitha nathi level ekak. meka nam athi.",toxic
28,"oya ge kathawa, meka nam chater level ekak. ane.",toxic
29,"me comment eka danapu eka hariyata hariyata therumak nathi wage wada karanawa, me wage wada nawaththapan.",toxic
30,"Hariyata baluwoth oya wage kenek moda yakku wage wage ne, kata wahagena inna.",toxic
31,Mokakda me oya ge boru karaya wada? danawada mokakda kiyala.,toxic
32,mehema wada karana eka ge kathawa ahuwama moda kiyala hithenawa.,toxic
33,Oya ge post eka nam weda bari lajja nadda.,toxic
34,me video eka balala comment karana eka mehema karanne loku talk karana moda nisa da? hariyata.,toxic
35,"oya ge post eka, meka nam moda level ekak. danawada mokakda kiyala.",toxic
36,"Ane oya, wada nodanna ban.",toxic
37,umbala ge kathawa ahuwama gon harakek kiyala hithenawa.,toxic
38,Mokakda me oya wage kenek ge moda yakku wage wada? ane.,toxic
39,Oya ge post eka nam pissu wage boruwata katha karanne.,toxic
40,"Hariyata baluwoth oya ge wada wadak nathi wage ne, hariyata behave karapan.",toxic
41,"umbala hariyata hariyata therumak nathi wage wada karanawa, kata wahagena inna.",toxic
42,"me wage wada karana aya, meka nam gon athal karaya level ekak. thamuse.",toxic
43,oya ge reply eka ge kathawa ahuwama mole kalpana nathi kiyala hithenawa.,toxic
44,"oya ge idea eka hariyata moda yakku wage wage wada karanawa, kiyala therenneth ne.",toxic
45,"me video eka balala comment karana eka hariyata gon athal karaya wage wada karanawa, machan.",toxic
46,oya ge idea eka nam pissu wage ne kata wahagena inna.,toxic
47,"oya ge post eka hariyata chater wage wada karanawa, ane.",toxic
48,Mokakda me oya ge kathawa ge boru karaya wada? me wage wada nawaththapan.,toxic
49,Oya ge post eka nam wadak nathi ban.,toxic
50,"oya ge idea eka hariyata gon wage wada karanawa, machan.",toxic
51,oya ge reply eka mehema karanne wadak nathi nisa da? hariyata wada karapan.,toxic
52,"Ane oya ge idea eka, awajathaka wage ban.",toxic
53,"Ane mehema wada karana eka, gon thamuse.",toxic
54,uba nam moda yakku wage ne hariyata wada karapan.,toxic
55,oya ge idea eka mehema karanne kata witharai wada nisa da? ne.,toxic
56,oya wage kenek ge me wage weda bari comment dakkama epa wenawa.,toxic
57,"oya ge wada hariyata moda yakku wage wage wada karanawa, me wage wada nawaththapan.",toxic
58,Me wage moda athal danne nathuwa tikak hithapan oya ge wada.,toxic
59,"me wage wada karana aya, meka nam wikarayak level ekak. ne.",toxic
60,mehema wada karana eka awajathaka wage hariyata.,toxic
61,oya ge post eka ge me wage mole kalpana nathi comment dakkama epa wenawa.,toxic
62,me video eka balala comment karana eka ge kathawa ahuwama pissu wage kiyala hithenawa.,toxic
63,oya ge kathawa ge me wage gon athal karaya comment dakkama epa wenawa.,toxic
64,Me wage mole kalpana nathi athal danne nathuwa tikak hithapan oya.,toxic
65,Mokakda me oya wage kenek ge wal buruwa wada? meka nam athi.,toxic
66,me comment eka danapu eka nam moda yakku wage ne meka nam athi.,toxic
67,Oya ge post eka nam gon danawada mokakda kiyala.,toxic
68,oya ge idea eka nam loku talk karana moda ne ban.,toxic
69,"oya ge wada, uba nam wal buruwa kiyala therenneth ne.",toxic
70,"Ane manda umbala, hitha nathi wage behave wenne ai? meka nam athi.",toxic
71,"Ane manda me video eka balala comment karana eka, boru karaya wage behave wenne ai? danawada mokakda kiyala.",toxic
72,Mokakda me oya wage kenek ge kata witharai wada wada? hariyata.,toxic
73,me comment eka danapu eka nam wal buruwa ne hariyata.,toxic
74,"Ane me comment eka danapu eka, loku talk karana moda comment karanna kalin hithapan.",toxic
75,Oya ge post eka nam wada nodanna oya wage aya nisa thamai mehema wenne.,toxic
76,"me wage wada karana aya hariyata gon wage wada karanawa, thamuse.",toxic
77,Oya ge post eka nam kata witharai wada meka dakka gaman hina yanawa.,toxic
78,me wage wada karana aya gon harakek lajja nadda.,toxic
79,"oya ge post eka, meka nam wada nodanna level ekak. danawada mokakda kiyala.",toxic
80,"oya, meka nam wadak nathi level ekak. hariyata.",toxic
81,oya ge idea eka ge kathawa ahuwama mole kalpana nathi kiyala hithenawa.,toxic
82,oya ge kathawa mehema karanne moda nisa da? kata wahagena inna.,toxic
83,"Ane manda oya ge wada, hariyata therumak nathi wage behave wenne ai? hariyata.",toxic
84,"Ane manda oya ge kathawa, wal buruwa wage behave wenne ai? hariyata wada karapan.",toxic
85,oya ge kathawa ge kathawa ahuwama mole nathi kiyala hithenawa.,toxic
86,Oya ge post eka nam moda yakku wage hariyata wada karapan.,toxic
87,"oya wage kenek hariyata mole nathi wage wada karanawa, comment karanna kalin hithapan.",toxic
88,oya ge post eka mehema karanne kata witharai wada nisa da? hariyata wada karapan.,toxic
89,"Hariyata baluwoth uba wada nodanna wage ne, hariyata behave karapan.",toxic
90,oya ge post eka ta kiyanna one moda wage wada nawaththanna kiyala.,toxic
91,oya ge post eka ta kiyanna one wal buruwa wage wada nawaththanna kiyala.,toxic
92,oya ge idea eka ta kiyanna one gon wage wada nawaththanna kiyala.,toxic
93,"me video eka balala comment karana eka, uba nam mole nathi lajja nadda.",toxic
94,"Hariyata baluwoth oya ge post eka hariyata therumak nathi wage ne, meka nam athi.",toxic
95,"Hariyata baluwoth oya ge idea eka kata witharai wada wage ne, lajja nadda.",toxic
96,"oya wage kenek, uba nam loku talk karana moda tikak igena ganin.",toxic
97,"Hariyata baluwoth uba boru karaya wage ne, hariyata behave karapan.",toxic
98,oya nam chater ne kiyala therenneth ne.,toxic
99,mehema wada karana eka mehema karanne gon nisa da? poddak mole pawichchi karapan.,toxic
100,oya ge idea eka nam moda yakku wage ne lajja nadda.,toxic
101,"oya ge reply eka hariyata awajathaka wage wage wada karanawa, hariyata.",toxic
102,"Ane manda mehema wada karana eka, wal buruwa wage behave wenne ai? thamuse.",toxic
103,"oya ge kathawa, uba nam pissu wage meka nam athi.",toxic
104,umbala nam chater ne ban.,toxic
105,oya ge wada mehema karanne gon nisa da? meka dakka gaman hina yanawa.,toxic
106,uba mehema karanne wikarayak nisa da? ne.,toxic
107,Oya ge post eka nam hitha nathi ban.,toxic
108,Mokakda me oya ge post eka ge boru karaya wada? me wage wada nawaththapan.,toxic
109,Mokakda me oya ge kathawa ge mole kalpana nathi wada? tikak igena ganin.,toxic
110,"Ane manda umbala, gon harakek wage behave wenne ai? boruwata katha karanne.",toxic
111,me comment eka danapu eka ge kathawa ahuwama wadak nathi kiyala hithenawa.,toxic
112,"Ane me comment eka danapu eka, mole kalpana nathi tikak igena ganin.",toxic
113,Oya ge post eka nam wal buruwa machan.,toxic
114,"Ane manda me comment eka danapu eka, wada nodanna wage behave wenne ai? meka dakka gaman hina yanawa.",toxic
115,uba moda danawada mokakda kiyala.,toxic
116,Me wage kata witharai wada athal danne nathuwa tikak hithapan me wage wada karana aya.,toxic
117,"Ane manda oya ge reply eka, wada nodanna wage behave wenne ai? hariyata behave karapan.",toxic
118,umbala mehema karanne kata witharai wada nisa da? me wage wada nawaththapan.,toxic
119,Oya ge post eka nam boru karaya ne.,toxic
120,"oya ge kathawa, meka nam mole nathi level ekak. boruwata katha karanne.",toxic
121,oya ge kathawa mehema karanne chater nisa da? oya wage aya nisa thamai mehema wenne.,toxic
122,"oya wage kenek hariyata gon wage wada karanawa, hariyata.",toxic
123,me comment eka danapu eka ge kathawa ahuwama moda kiyala hithenawa.,toxic
124,"Ane manda oya ge kathawa, chater wage behave wenne ai? boruwata katha karanne.",toxic
125,"oya ge idea eka, uba nam kata witharai wada kata wahagena inna.",toxic
126,"oya ge idea eka, uba nam awajathaka wage oya wage aya nisa thamai mehema wenne.",toxic
127,oya ge kathawa nam boru karaya ne ban.,toxic
128,"me video eka balala comment karana eka hariyata weda bari wage wada karanawa, meka nam athi.",toxic
129,Mokakda me uba ge wikarayak wada? kata wahagena inna.,toxic
130,"oya ge idea eka, uba nam weda bari hariyata wada karapan.",toxic
131,"oya ge post eka, meka nam loku talk karana moda level ekak. ane.",toxic
132,me video eka balala comment karana eka moda yakku wage ne.,toxic
133,me comment eka danapu eka mehema karanne kata witharai wada nisa da? kata wahagena inna.,toxic
134,me video eka balala comment karana eka mehema karanne kata witharai wada nisa da? thamuse.,toxic
135,"me video eka balala comment karana eka, meka nam hitha nathi level ekak. ane.",toxic
136,me video eka balala comment karana eka mehema karanne boru karaya nisa da? hariyata wada karapan.,toxic
137,Mokakda me oya wage kenek ge moda wada? ban.,toxic
138,Me wage mole kalpana nathi athal danne nathuwa tikak hithapan oya ge kathawa.,toxic
139,"me comment eka danapu eka hariyata awajathaka wage wage wada karanawa, machan.",toxic
140,"Hariyata baluwoth me comment eka danapu eka wada nodanna wage ne, ban.",toxic
141,oya ge kathawa ahuwama hariyata therumak nathi kiyala hithenawa.,toxic
142,"Ane umbala, wada nodanna danawada mokakda kiyala.",toxic
143,Mokakda me me video eka balala comment karana eka ge moda wada? hariyata wada karapan.,toxic
144,oya wikarayak meka dakka gaman hina yanawa.,toxic
145,me video eka balala comment karana eka ge kathawa ahuwama wadak nathi kiyala hithenawa.,toxic
146,uba nam kata witharai wada ne lajja nadda.,toxic
147,"Ane manda oya ge kathawa, moda yakku wage wage behave wenne ai? ane.",toxic
148,oya wage kenek ge kathawa ahuwama gon harakek kiyala hithenawa.,toxic
149,oya ge wada ge kathawa ahuwama mole kalpana nathi kiyala hithenawa.,toxic
150,"oya ge post eka hariyata weda bari wage wada karanawa, thamuse.",toxic
151,"me comment eka danapu eka, meka nam loku talk karana moda level ekak. meka dakka gaman hina yanawa.",toxic
152,Oya ge post eka nam wada nodanna hariyata behave karapan.,toxic
153,oya ge idea eka ge me wage mole kalpana nathi comment dakkama epa wenawa.,toxic
154,"oya wage kenek, uba nam gon athal karaya meka dakka gaman hina yanawa.",toxic
155,"Hariyata baluwoth oya ge kathawa awajathaka wage wage ne, me wage wada nawaththapan.",toxic
156,"uba hariyata loku talk karana moda wage wada karanawa, meka nam athi.",toxic
157,oya ge reply eka nam gon ne oya wage aya nisa thamai mehema wenne.,toxic
158,"Ane manda oya ge post eka, awajathaka wage wage behave wenne ai? boruwata katha karanne.",toxic
159,Oya ge post eka nam moda yakku wage hariyata behave karapan.,toxic
160,Oya ge post eka nam loku talk karana moda hariyata.,toxic
161,"Hariyata baluwoth oya ge kathawa moda wage ne, hariyata wada karapan.",toxic
162,oya ge idea eka ta kiyanna one mole nathi wage wada nawaththanna kiyala.,toxic
163,"oya wage kenek, uba nam wikarayak ban.",toxic
164,me comment eka danapu eka nam gon harakek ne kiyala therenneth ne.,toxic
165,oya ge reply eka ge me wage gon athal karaya comment dakkama epa wenawa.,toxic
166,Me wage hariyata therumak nathi athal danne nathuwa tikak hithapan oya ge post eka.,toxic
167,"oya ge wada hariyata kata witharai wada wage wada karanawa, ban.",toxic
168,Mokakda me oya wage kenek ge moda wada? kiyala therenneth ne.,toxic
169,umbala mole kalpana nathi ne.,toxic
170,Mokakda me oya wage kenek ge mole nathi wada? hariyata wada karapan.,toxic
171,"oya hariyata chater wage wada karanawa, hariyata wada karapan.",toxic
172,mehema wada karana eka ta kiyanna one moda wage wada nawaththanna kiyala.,toxic
173,me video eka balala comment karana eka ta kiyanna one pissu wage wage wada nawaththanna kiyala.,toxic
174,"Ane uba, gon machan.",toxic
175,me video eka balala comment karana eka mehema karanne hariyata therumak nathi nisa da? ane.,toxic
176,"mehema wada karana eka, uba nam loku talk karana moda ban.",toxic
177,oya ge idea eka nam wikarayak ne meka dakka gaman hina yanawa.,toxic
178,"oya, uba nam wal buruwa kata wahagena inna.",toxic
179,"Ane manda oya ge reply eka, loku talk karana moda wage behave wenne ai? hariyata wada karapan.",toxic
180,Mokakda me oya ge gon harakek wada? kiyala therenneth ne.,toxic
181,"oya wage kenek, uba nam kata witharai wada ane.",toxic
182,"oya wage kenek, uba nam awajathaka wage boruwata katha karanne.",toxic
183,"oya ge post eka, uba nam awajathaka wage oya wage aya nisa thamai mehema wenne.",toxic
184,Oya ge post eka nam kata witharai wada meka nam athi.,toxic
185,Me wage wada nodanna athal danne nathuwa tikak hithapan oya ge reply eka.,toxic
186,oya ge reply eka ge me wage hariyata therumak nathi comment dakkama epa wenawa.,toxic
187,"Ane me wage wada karana aya, gon harakek boruwata katha karanne.",toxic
188,"Ane manda oya ge reply eka, wadak nathi wage behave wenne ai? meka dakka gaman hina yanawa.",toxic
189,"Ane manda oya ge kathawa, gon harakek wage behave wenne ai? ne.",toxic
190,me video eka balala comment karana eka nam loku talk karana moda ne oya wage aya nisa thamai mehema wenne.,toxic
191,"Ane manda oya ge reply eka, moda wage behave wenne ai? meka dakka gaman hina yanawa.",toxic
192,"me comment eka danapu eka, meka nam weda bari level ekak. ne.",toxic
193,"oya ge wada, uba nam gon harakek kiyala therenneth ne.",toxic
194,"oya ge post eka, meka nam hariyata therumak nathi level ekak. hariyata wada karapan.",toxic
195,"oya ge kathawa, meka nam chater level ekak. oya wage aya nisa thamai mehema wenne.",toxic
196,"Ane manda uba, wal buruwa wage behave wenne ai? me wage wada nawaththapan.",toxic
197,uba gon athal karaya kiyala therenneth ne.,toxic
198,Oya ge post eka nam gon athal karaya kata wahagena inna.,toxic
199,oya wage kenek mole nathi ane.,toxic
200,Me wage wadak nathi athal danne nathuwa tikak hithapan oya wage kenek.,toxic
201,Mokakda me umbala ge kata witharai wada wada? tikak igena ganin.,toxic
202,"umbala, meka nam kata witharai wada level ekak. meka nam athi.",toxic
203,"uba, uba nam awajathaka wage thamuse.",toxic
204,Mokakda me me comment eka danapu eka ge moda yakku wage wada? thamuse.,toxic
205,uba gon athal karaya danawada mokakda kiyala.,toxic
206,me wage wada karana aya nam hitha nathi ne poddak mole pawichchi karapan.,toxic
207,"Hariyata baluwoth mehema wada karana eka hitha nathi wage ne, tikak igena ganin.",toxic
208,uba mehema karanne loku talk karana moda nisa da? ban.,toxic
209,oya nam mole nathi ne boruwata katha karanne.,toxic
210,"oya ge post eka hariyata wikarayak wage wada karanawa, poddak mole pawichchi karapan.",toxic
211,oya ge idea eka nam wal buruwa ne ane.,toxic
212,"uba hariyata loku talk karana moda wage wada karanawa, comment karanna kalin hithapan.",toxic
213,umbala weda bari machan.,toxic
214,"Ane me comment eka danapu eka, boru karaya machan.",toxic
215,Mokakda me oya ge post eka ge boru karaya wada? hariyata.,toxic
216,oya ge kathawa gon hariyata wada karapan.,toxic
217,"oya wage kenek, meka nam wadak nathi level ekak. ne.",toxic
218,"me video eka balala comment karana eka, meka nam moda level ekak. meka nam athi.",toxic
219,"Ane oya ge idea eka, moda danawada mokakda kiyala.",toxic
220,"oya ge reply eka, uba nam gon meka nam athi.",toxic
221,oya ge idea eka ge kathawa ahuwama moda kiyala hithenawa.,toxic
222,"oya ge wada, uba nam hitha nathi meka dakka gaman hina yanawa.",toxic
223,"Ane oya ge kathawa, mole nathi meka nam athi.",toxic
224,Mokakda me me wage wada karana aya ge wadak nathi wada? me wage wada nawaththapan.,toxic
225,oya ge idea eka ta kiyanna one kata witharai wada wage wada nawaththanna kiyala.,toxic
226,"me comment eka danapu eka hariyata wal buruwa wage wada karanawa, lajja nadda.",toxic
227,"oya wage kenek, meka nam weda bari level ekak. danawada mokakda kiyala.",toxic
228,Me wage gon harakek athal danne nathuwa tikak hithapan me comment eka danapu eka.,toxic
229,oya ge post eka ge me wage wikarayak comment dakkama epa wenawa.,toxic
230,mehema wada karana eka mehema karanne kata witharai wada nisa da? kata wahagena inna.,toxic
231,"Ane oya wage kenek, wadak nathi oya wage aya nisa thamai mehema wenne.",toxic
232,"me wage wada karana aya, uba nam kata witharai wada boruwata katha karanne.",toxic
233,"Hariyata baluwoth oya chater wage ne, hariyata wada karapan.",toxic
234,me comment eka danapu eka ta kiyanna one wadak nathi wage wada nawaththanna kiyala.,toxic
235,oya ge idea eka ta kiyanna one boru karaya wage wada nawaththanna kiyala.,toxic
236,"mehema wada karana eka hariyata chater wage wada karanawa, oya wage aya nisa thamai mehema wenne.",toxic
237,"oya ge wada hariyata gon harakek wage wada karanawa, machan.",toxic
238,mehema wada karana eka mehema karanne mole kalpana nathi nisa da? ban.,toxic
239,"Ane manda oya wage kenek, mole nathi wage behave wenne ai? lajja nadda.",toxic
240,mehema wada karana eka nam pissu wage ne hariyata.,toxic
241,Oya ge post eka nam gon harakek kiyala therenneth ne.,toxic
242,"umbala hariyata mole nathi wage wada karanawa, hariyata behave karapan.",toxic
243,oya ge wada wikarayak comment karanna kalin hithapan.,toxic
244,me video eka balala comment karana eka nam wada nodanna ne tikak igena ganin.,toxic
245,"me wage wada karana aya hariyata pissu wage wage wada karanawa, kata wahagena inna.",toxic
246,oya ge kathawa mehema karanne wadak nathi nisa da? tikak igena ganin.,toxic
247,Mokakda me me video eka balala comment karana eka ge wada nodanna wada? me wage wada nawaththapan.,toxic
248,me wage wada karana aya mehema karanne kata witharai wada nisa da? hariyata behave karapan.,toxic
249,Mokakda me umbala ge moda yakku wage wada? lajja nadda.,toxic
250,"Ane oya ge wada, moda yakku wage boruwata katha karanne.",toxic
251,"mehema wada karana eka, meka nam awajathaka wage level ekak. lajja nadda.",toxic
252,"Ane me wage wada karana aya, wikarayak danawada mokakda kiyala.",toxic
253,"Ane manda me video eka balala comment karana eka, wikarayak wage behave wenne ai? danawada mokakda kiyala.",toxic
254,oya ge idea eka ge kathawa ahuwama wadak nathi kiyala hithenawa.,toxic
255,"uba, meka nam chater level ekak. hariyata behave karapan.",toxic
256,oya ge wada ge kathawa ahuwama mole nathi kiyala hithenawa.,toxic
257,"mehema wada karana eka, meka nam mole kalpana nathi level ekak. kiyala therenneth ne.",toxic
258,oya ge reply eka weda bari comment karanna kalin hithapan.,toxic
259,"oya ge post eka, uba nam hariyata therumak nathi meka nam athi.",toxic
260,"me video eka balala comment karana eka, uba nam weda bari lajja nadda.",toxic
261,"Ane manda me comment eka danapu eka, hariyata therumak nathi wage behave wenne ai? kiyala therenneth ne.",toxic
262,"Ane oya wage kenek, moda hariyata behave karapan.",toxic
263,Me wage loku talk karana moda athal danne nathuwa tikak hithapan me wage wada karana aya.,toxic
264,oya ge idea eka ge me wage pissu wage comment dakkama epa wenawa.,toxic
265,oya nam loku talk karana moda ne hariyata.,toxic
266,"oya wage kenek, uba nam pissu wage meka dakka gaman hina yanawa.",toxic
267,me comment eka danapu eka ta kiyanna one gon harakek wage wada nawaththanna kiyala.,toxic
268,"me comment eka danapu eka, meka nam gon level ekak. me wage wada nawaththapan.",toxic
269,"oya ge idea eka hariyata gon wage wada karanawa, oya wage aya nisa thamai mehema wenne.",toxic
270,"Hariyata baluwoth oya ge wada mole kalpana nathi wage ne, tikak igena ganin.",toxic
271,"Hariyata baluwoth me wage wada karana aya moda wage ne, boruwata katha karanne.",toxic
272,"oya ge idea eka hariyata moda yakku wage wage wada karanawa, meka dakka gaman hina yanawa.",toxic
273,"oya ge kathawa hariyata weda bari wage wada karanawa, hariyata wada karapan.",toxic
274,Mokakda me oya ge kathawa ge moda wada? ban.,toxic
275,me wage wada karana aya ge kathawa ahuwama wada nodanna kiyala hithenawa.,toxic
276,oya wage kenek ge me wage gon comment dakkama epa wenawa.,toxic
277,"Ane manda oya wage kenek, gon athal karaya wage behave wenne ai? meka nam athi.",toxic
278,oya ge kathawa ge me wage awajathaka wage comment dakkama epa wenawa.,toxic
279,"me wage wada karana aya hariyata gon wage wada karanawa, comment karanna kalin hithapan.",toxic
280,Me wage moda athal danne nathuwa tikak hithapan mehema wada karana eka.,toxic
281,"oya ge wada, uba nam wal buruwa machan.",toxic
282,"Ane mehema wada karana eka, mole kalpana nathi me wage wada nawaththapan.",toxic
283,"umbala hariyata moda yakku wage wage wada karanawa, lajja nadda.",toxic
284,oya ge wada mehema karanne gon nisa da? meka nam athi.,toxic
285,"mehema wada karana eka hariyata gon athal karaya wage wada karanawa, thamuse.",toxic
286,"me comment eka danapu eka hariyata gon harakek wage wada karanawa, hariyata.",toxic
287,"oya wage kenek, uba nam chater ane.",toxic
288,Oya ge post eka nam gon harakek ane.,toxic
289,Oya ge post eka nam hariyata therumak nathi meka nam athi.,toxic
290,mehema wada karana eka chater meka nam athi.,toxic
291,Mokakda me me video eka balala comment karana eka ge pissu wage wada? meka nam athi.,toxic
292,"oya ge reply eka hariyata wikarayak wage wada karanawa, ban.",toxic
293,Mokakda me oya ge kathawa ge hariyata therumak nathi wada? tikak igena ganin.,toxic
294,oya ge post eka ge me wage moda comment dakkama epa wenawa.,toxic
295,oya ge post eka nam hariyata therumak nathi ne hariyata.,toxic
296,"umbala, meka nam wikarayak level ekak. hariyata.",toxic
297,me wage wada karana aya ge kathawa ahuwama pissu wage kiyala hithenawa.,toxic
298,Me wage moda athal danne nathuwa tikak hithapan oya wage kenek.,toxic
299,"Ane oya ge post eka, kata witharai wada hariyata wada karapan.",toxic
300,oya ge kathawa ta kiyanna one moda yakku wage wage wada nawaththanna kiyala.,toxic
301,"Hariyata baluwoth oya wage kenek mole kalpana nathi wage ne, meka dakka gaman hina yanawa.",toxic
302,"me wage wada karana aya hariyata kata witharai wada wage wada karanawa, oya wage aya nisa thamai mehema wenne.",toxic
303,"Hariyata baluwoth oya ge wada loku talk karana moda wage ne, hariyata.",toxic
304,"Ane manda oya wage kenek, mole kalpana nathi wage behave wenne ai? kata wahagena inna.",toxic
305,"me video eka balala comment karana eka, uba nam wadak nathi tikak igena ganin.",toxic
306,me comment eka danapu eka nam mole nathi ne me wage wada nawaththapan.,toxic
307,oya ge post eka nam chater ne ane.,toxic
308,oya ge kathawa ahuwama awajathaka wage kiyala hithenawa.,toxic
309,Mokakda me mehema wada karana eka ge wal buruwa wada? lajja nadda.,toxic
310,"Ane manda oya ge reply eka, boru karaya wage behave wenne ai? boruwata katha karanne.",toxic
311,"Ane oya ge kathawa, wada nodanna kiyala therenneth ne.",toxic
312,Me wage wikarayak athal danne nathuwa tikak hithapan oya ge reply eka.,toxic
313,uba ge me wage gon harakek comment dakkama epa wenawa.,toxic
314,"oya, uba nam hitha nathi oya wage aya nisa thamai mehema wenne.",toxic
315,"umbala hariyata mole kalpana nathi wage wada karanawa, tikak igena ganin.",toxic
316,umbala ta kiyanna one gon harakek wage wada nawaththanna kiyala.,toxic
317,"Hariyata baluwoth oya ge idea eka gon athal karaya wage ne, poddak mole pawichchi karapan.",toxic
318,"oya ge kathawa hariyata wada nodanna wage wada karanawa, tikak igena ganin.",toxic
319,umbala nam wadak nathi ne thamuse.,toxic
320,oya ge post eka ge me wage loku talk karana moda comment dakkama epa wenawa.,toxic
321,uba mehema karanne moda nisa da? danawada mokakda kiyala.,toxic
322,oya ge idea eka ge me wage kata witharai wada comment dakkama epa wenawa.,toxic
323,"uba, uba nam hitha nathi poddak mole pawichchi karapan.",toxic
324,umbala ta kiyanna one gon athal karaya wage wada nawaththanna kiyala.,toxic
325,"Hariyata baluwoth oya ge kathawa gon harakek wage ne, boruwata katha karanne.",toxic
326,me wage wada karana aya ge kathawa ahuwama awajathaka wage kiyala hithenawa.,toxic
327,"oya ge reply eka, uba nam weda bari lajja nadda.",toxic
328,oya nam wada nodanna ne ne.,toxic
329,"oya ge wada hariyata hariyata therumak nathi wage wada karanawa, kiyala therenneth ne.",toxic
330,"Ane oya ge reply eka, hariyata therumak nathi thamuse.",toxic
331,"oya ge kathawa hariyata pissu wage wage wada karanawa, tikak igena ganin.",toxic
332,"Ane manda me video eka balala comment karana eka, wadak nathi wage behave wenne ai? hariyata behave karapan.",toxic
333,"Ane oya ge reply eka, gon hariyata behave karapan.",toxic
334,"oya wage kenek hariyata boru karaya wage wada karanawa, comment karanna kalin hithapan.",toxic
335,"me comment eka danapu eka, meka nam moda yakku wage level ekak. meka nam athi.",toxic
336,"Ane mehema wada karana eka, wada nodanna comment karanna kalin hithapan.",toxic
337,"Ane oya ge wada, wal buruwa comment karanna kalin hithapan.",toxic
338,"umbala hariyata hariyata therumak nathi wage wada karanawa, hariyata.",toxic
339,Mokakda me me wage wada karana aya ge wal buruwa wada? hariyata wada karapan.,toxic
340,"umbala, uba nam boru karaya thamuse.",toxic
341,mehema wada karana eka ge me wage chater comment dakkama epa wenawa.,toxic
342,mehema wada karana eka nam hariyata therumak nathi ne ban.,toxic
343,"Hariyata baluwoth uba hitha nathi wage ne, meka nam athi.",toxic
344,oya ge reply eka loku talk karana moda comment karanna kalin hithapan.,toxic
345,me video eka balala comment karana eka ge me wage wada nodanna comment dakkama epa wenawa.,toxic
346,"oya, uba nam hitha nathi ne.",toxic
347,"me video eka balala comment karana eka, meka nam hitha nathi level ekak. boruwata katha karanne.",toxic
348,"me video eka balala comment karana eka, meka nam wada nodanna level ekak. oya wage aya nisa thamai mehema wenne.",toxic
349,"Ane manda oya ge kathawa, hariyata therumak nathi wage behave wenne ai? kata wahagena inna.",toxic
350,Mokakda me me video eka balala comment karana eka ge mole kalpana nathi wada? thamuse.,toxic
351,Oya ge post eka nam mole kalpana nathi ne.,toxic
352,Me wage hariyata therumak nathi athal danne nathuwa tikak hithapan uba.,toxic
353,"Hariyata baluwoth oya ge wada wadak nathi wage ne, kata wahagena inna.",toxic
354,Me wage wada nodanna athal danne nathuwa tikak hithapan uba.,toxic
355,Mokakda me oya ge post eka ge wal buruwa wada? meka dakka gaman hina yanawa.,toxic
356,oya ge post eka ge kathawa ahuwama gon athal karaya kiyala hithenawa.,toxic
357,me wage wada karana aya moda yakku wage ne.,toxic
358,oya ge kathawa wal buruwa oya wage aya nisa thamai mehema wenne.,toxic
359,oya ge kathawa gon ane.,toxic
360,oya ge reply eka mole nathi machan.,toxic
361,"Hariyata baluwoth oya ge post eka mole kalpana nathi wage ne, danawada mokakda kiyala.",toxic
362,umbala mehema karanne chater nisa da? comment karanna kalin hithapan.,toxic
363,umbala mehema karanne pissu wage nisa da? ane.,toxic
364,oya ge kathawa nam gon harakek ne kata wahagena inna.,toxic
365,Mokakda me uba ge mole kalpana nathi wada? kata wahagena inna.,toxic
366,"Hariyata baluwoth oya ge post eka wikarayak wage ne, me wage wada nawaththapan.",toxic
367,me video eka balala comment karana eka nam gon athal karaya ne comment karanna kalin hithapan.,toxic
368,oya nam loku talk karana moda ne lajja nadda.,toxic
369,Mokakda me umbala ge wadak nathi wada? danawada mokakda kiyala.,toxic
370,"Ane me wage wada karana aya, hariyata therumak nathi me wage wada nawaththapan.",toxic
371,"me video eka balala comment karana eka, meka nam mole nathi level ekak. comment karanna kalin hithapan.",toxic
372,Mokakda me oya ge reply eka ge gon harakek wada? ban.,toxic
373,"Ane manda me video eka balala comment karana eka, hitha nathi wage behave wenne ai? poddak mole pawichchi karapan.",toxic
374,"oya, meka nam mole kalpana nathi level ekak. kiyala therenneth ne.",toxic
375,"me comment eka danapu eka, meka nam gon harakek level ekak. machan.",toxic
376,oya ge kathawa ge me wage pissu wage comment dakkama epa wenawa.,toxic
377,mehema wada karana eka pissu wage poddak mole pawichchi karapan.,toxic
378,uba nam hitha nathi ne kiyala therenneth ne.,toxic
379,"Hariyata baluwoth oya wage kenek moda wage ne, poddak mole pawichchi karapan.",toxic
380,"oya ge wada hariyata wada nodanna wage wada karanawa, ne.",toxic
381,"uba hariyata gon athal karaya wage wada karanawa, kiyala therenneth ne.",toxic
382,"Ane manda me video eka balala comment karana eka, awajathaka wage wage behave wenne ai? hariyata wada karapan.",toxic
383,oya wage kenek mehema karanne loku talk karana moda nisa da? machan.,toxic
384,"Hariyata baluwoth oya ge wada moda yakku wage wage ne, ban.",toxic
385,"oya ge post eka hariyata hariyata therumak nathi wage wada karanawa, hariyata behave karapan.",toxic
386,oya ge kathawa ahuwama moda kiyala hithenawa.,toxic
387,"Hariyata baluwoth me comment eka danapu eka loku talk karana moda wage ne, poddak mole pawichchi karapan.",toxic
388,Mokakda me uba ge gon wada? me wage wada nawaththapan.,toxic
389,Me wage loku talk karana moda athal danne nathuwa tikak hithapan me video eka balala comment karana eka.,toxic
390,Me wage pissu wage athal danne nathuwa tikak hithapan me video eka balala comment karana eka.,toxic
391,"Hariyata baluwoth mehema wada karana eka awajathaka wage wage ne, kiyala therenneth ne.",toxic
392,"uba hariyata wal buruwa wage wada karanawa, meka dakka gaman hina yanawa.",toxic
393,"oya wage kenek, meka nam hitha nathi level ekak. hariyata behave karapan.",toxic
394,oya ge post eka ge me wage chater comment dakkama epa wenawa.,toxic
395,me video eka balala comment karana eka ge me wage mole nathi comment dakkama epa wenawa.,toxic
396,uba gon ban.,toxic
397,"Ane manda oya ge idea eka, hariyata therumak nathi wage behave wenne ai? ban.",toxic
398,Me wage mole nathi athal danne nathuwa tikak hithapan uba.,toxic
399,"Hariyata baluwoth oya wage kenek awajathaka wage wage ne, ne.",toxic
400,oya nam gon athal karaya ne kata wahagena inna.,toxic
401,uba mehema karanne weda bari nisa da? machan.,toxic
402,mehema wada karana eka mehema karanne kata witharai wada nisa da? machan.,toxic
403,"oya ge idea eka, meka nam awajathaka wage level ekak. hariyata behave karapan.",toxic
404,me wage wada karana aya mehema karanne hitha nathi nisa da? ne.,toxic
405,"Ane manda mehema wada karana eka, moda yakku wage wage behave wenne ai? oya wage aya nisa thamai mehema wenne.",toxic
406,"Hariyata baluwoth me wage wada karana aya mole nathi wage ne, meka dakka gaman hina yanawa.",toxic
407,"oya ge reply eka, meka nam weda bari level ekak. boruwata katha karanne.",toxic
408,me comment eka danapu eka pissu wage kiyala therenneth ne.,toxic
409,me video eka balala comment karana eka ge me wage loku talk karana moda comment dakkama epa wenawa.,toxic
410,"Hariyata baluwoth oya kata witharai wada wage ne, ban.",toxic
411,"me wage wada karana aya hariyata mole nathi wage wada karanawa, kiyala therenneth ne.",toxic
412,Mokakda me uba ge loku talk karana moda wada? ane.,toxic
413,"umbala, meka nam gon level ekak. ban.",toxic
414,oya ge reply eka ge me wage wadak nathi comment dakkama epa wenawa.,toxic
415,"Ane manda oya ge post eka, weda bari wage behave wenne ai? me wage wada nawaththapan.",toxic
416,"me video eka balala comment karana eka hariyata wada nodanna wage wada karanawa, meka nam athi.",toxic
417,oya ge wada wadak nathi poddak mole pawichchi karapan.,toxic
418,Mokakda me oya ge wada ge mole kalpana nathi wada? ne.,toxic
419,"Ane me wage wada karana aya, gon athal karaya boruwata katha karanne.",toxic
420,"Ane me comment eka danapu eka, chater ne.",toxic
421,"Hariyata baluwoth uba pissu wage wage ne, poddak mole pawichchi karapan.",toxic
422,Mokakda me oya ge pissu wage wada? kiyala therenneth ne.,toxic
423,me wage wada karana aya ge me wage gon comment dakkama epa wenawa.,toxic
424,"umbala, uba nam gon poddak mole pawichchi karapan.",toxic
425,"umbala, uba nam hariyata therumak nathi danawada mokakda kiyala.",toxic
426,oya ge wada ge kathawa ahuwama wadak nathi kiyala hithenawa.,toxic
427,"oya wage kenek, meka nam hitha nathi level ekak. danawada mokakda kiyala.",toxic
428,"Ane manda me video eka balala comment karana eka, gon harakek wage behave wenne ai? hariyata wada karapan.",toxic
429,oya ge wada mehema karanne awajathaka wage nisa da? danawada mokakda kiyala.,toxic
430,"oya ge wada, uba nam weda bari meka nam athi.",toxic
431,Me wage gon athal karaya athal danne nathuwa tikak hithapan oya wage kenek.,toxic
432,"Ane manda mehema wada karana eka, wadak nathi wage behave wenne ai? boruwata katha karanne.",toxic
433,"Ane manda oya, awajathaka wage wage behave wenne ai? hariyata wada karapan.",toxic
434,"Ane manda uba, mole nathi wage behave wenne ai? ban.",toxic
435,"Ane oya ge kathawa, awajathaka wage ane.",toxic
436,"Hariyata baluwoth me video eka balala comment karana eka boru karaya wage ne, oya wage aya nisa thamai mehema wenne.",toxic
437,me comment eka danapu eka nam weda bari ne meka nam athi.,toxic
438,"Ane oya ge idea eka, awajathaka wage kiyala therenneth ne.",toxic
439,oya ge kathawa ge me wage mole nathi comment dakkama epa wenawa.,toxic
440,"Ane manda me video eka balala comment karana eka, boru karaya wage behave wenne ai? poddak mole pawichchi karapan.",toxic
441,"oya ge wada hariyata awajathaka wage wage wada karanawa, thamuse.",toxic
442,"oya wage kenek, meka nam awajathaka wage level ekak. ne.",toxic
443,"Ane me wage wada karana aya, mole nathi ane.",toxic
444,"mehema wada karana eka, uba nam gon athal karaya boruwata katha karanne.",toxic
445,oya ta kiyanna one chater wage wada nawaththanna kiyala.,toxic
446,Oya ge post eka nam awajathaka wage poddak mole pawichchi karapan.,toxic
447,mehema wada karana eka nam wal buruwa ne me wage wada nawaththapan.,toxic
448,mehema wada karana eka mehema karanne weda bari nisa da? tikak igena ganin.,toxic
449,oya ge me wage mole nathi comment dakkama epa wenawa.,toxic
450,oya ge wada mehema karanne kata witharai wada nisa da? ane.,toxic
451,oya nam awajathaka wage ne thamuse.,toxic
452,"Ane oya wage kenek, moda yakku wage kiyala therenneth ne.",toxic
453,"oya, uba nam moda yakku wage poddak mole pawichchi karapan.",toxic
454,Oya ge post eka nam hariyata therumak nathi boruwata katha karanne.,toxic
455,oya ge wada mehema karanne wada nodanna nisa da? danawada mokakda kiyala.,toxic
456,uba ge me wage wada nodanna comment dakkama epa wenawa.,toxic
457,"Ane manda oya ge reply eka, awajathaka wage wage behave wenne ai? ane.",toxic
458,me video eka balala comment karana eka pissu wage boruwata katha karanne.,toxic
459,oya ge post eka nam moda ne machan.,toxic
460,oya ge wada nam gon ne lajja nadda.,toxic
461,"oya ge wada hariyata kata witharai wada wage wada karanawa, hariyata.",toxic
462,oya ge wada moda yakku wage ban.,toxic
463,"oya hariyata gon harakek wage wada karanawa, kata wahagena inna.",toxic
464,oya ge post eka wadak nathi kiyala therenneth ne.,toxic
465,me wage wada karana aya loku talk karana moda meka nam athi.,toxic
466,"Ane mehema wada karana eka, pissu wage kiyala therenneth ne.",toxic
467,"oya wage kenek, meka nam wikarayak level ekak. hariyata wada karapan.",toxic
468,uba hariyata therumak nathi danawada mokakda kiyala.,toxic
469,"Ane manda me wage wada karana aya, mole kalpana nathi wage behave wenne ai? ane.",toxic
470,Me wage wadak nathi athal danne nathuwa tikak hithapan oya ge post eka.,toxic
471,"mehema wada karana eka hariyata awajathaka wage wage wada karanawa, me wage wada nawaththapan.",toxic
472,Oya ge post eka nam pissu wage hariyata behave karapan.,toxic
473,oya ge reply eka ta kiyanna one hariyata therumak nathi wage wada nawaththanna kiyala.,toxic
474,"oya ge kathawa hariyata moda yakku wage wage wada karanawa, boruwata katha karanne.",toxic
475,uba ge kathawa ahuwama mole nathi kiyala hithenawa.,toxic
476,"Hariyata baluwoth oya wage kenek pissu wage wage ne, danawada mokakda kiyala.",toxic
477,me wage wada karana aya mehema karanne hariyata therumak nathi nisa da? hariyata.,toxic
478,"Ane me video eka balala comment karana eka, weda bari kiyala therenneth ne.",toxic
479,"Ane manda mehema wada karana eka, hitha nathi wage behave wenne ai? tikak igena ganin.",toxic
480,"Ane umbala, hariyata therumak nathi hariyata behave karapan.",toxic
481,"Ane oya ge idea eka, loku talk karana moda comment karanna kalin hithapan.",toxic
482,Mokakda me me wage wada karana aya ge awajathaka wage wada? kiyala therenneth ne.,toxic
483,me video eka balala comment karana eka ge me wage hariyata therumak nathi comment dakkama epa wenawa.,toxic
484,"uba, meka nam kata witharai wada level ekak. kiyala therenneth ne.",toxic
485,Mokakda me oya wage kenek ge boru karaya wada? tikak igena ganin.,toxic
486,"oya ge wada, meka nam gon athal karaya level ekak. comment karanna kalin hithapan.",toxic
487,"Ane me wage wada karana aya, moda thamuse.",toxic
488,"oya wage kenek, uba nam hariyata therumak nathi tikak igena ganin.",toxic
489,Mokakda me oya ge post eka ge kata witharai wada wada? poddak mole pawichchi karapan.,toxic
490,me wage wada karana aya ta kiyanna one pissu wage wage wada nawaththanna kiyala.,toxic
491,"uba, meka nam moda level ekak. me wage wada nawaththapan.",toxic
492,"umbala hariyata gon wage wada karanawa, ane.",toxic
493,me wage wada karana aya ge kathawa ahuwama kata witharai wada kiyala hithenawa.,toxic
494,"Ane manda oya, awajathaka wage wage behave wenne ai? tikak igena ganin.",toxic
495,"Hariyata baluwoth mehema wada karana eka kata witharai wada wage ne, tikak igena ganin.",toxic
496,"Ane me comment eka danapu eka, chater tikak igena ganin.",toxic
497,Mokakda me mehema wada karana eka ge gon harakek wada? comment karanna kalin hithapan.,toxic
498,"oya ge kathawa hariyata gon wage wada karanawa, hariyata wada karapan.",toxic
499,"oya ge kathawa hariyata boru karaya wage wada karanawa, kiyala therenneth ne.",toxic
500,uba ge me wage chater comment dakkama epa wenawa.,toxic
501,"me comment eka danapu eka, meka nam gon level ekak. meka dakka gaman hina yanawa.",toxic
502,"Ane manda me comment eka danapu eka, gon athal karaya wage behave wenne ai? machan.",toxic
503,"me comment eka danapu eka, uba nam awajathaka wage ban.",toxic
504,"Hariyata baluwoth oya ge kathawa awajathaka wage wage ne, hariyata behave karapan.",toxic
505,oya wage kenek nam mole nathi ne boruwata katha karanne.,toxic
506,oya ge wada nam pissu wage ne machan.,toxic
507,umbala chater machan.,toxic
508,"Hariyata baluwoth mehema wada karana eka moda wage ne, meka nam athi.",toxic
509,oya ge post eka nam gon athal karaya ne kata wahagena inna.,toxic
510,oya ge wada wadak nathi thamuse.,toxic
511,oya ge idea eka loku talk karana moda tikak igena ganin.,toxic
512,"uba, uba nam gon harakek lajja nadda.",toxic
513,"oya ge post eka, uba nam boru karaya oya wage aya nisa thamai mehema wenne.",toxic
514,me video eka balala comment karana eka mehema karanne hariyata therumak nathi nisa da? kiyala therenneth ne.,toxic
515,"uba, uba nam moda hariyata wada karapan.",toxic
516,"oya ge kathawa, uba nam boru karaya ne.",toxic
517,oya ge idea eka hitha nathi hariyata wada karapan.,toxic
518,me video eka balala comment karana eka ge kathawa ahuwama loku talk karana moda kiyala hithenawa.,toxic
519,"oya hariyata pissu wage wage wada karanawa, hariyata.",toxic
520,"Ane me wage wada karana aya, chater hariyata.",toxic
521,me wage wada karana aya mehema karanne mole nathi nisa da? boruwata katha karanne.,toxic
522,"me video eka balala comment karana eka hariyata wadak nathi wage wada karanawa, kata wahagena inna.",toxic
523,oya ge kathawa ahuwama weda bari kiyala hithenawa.,toxic
524,"Hariyata baluwoth umbala moda yakku wage wage ne, tikak igena ganin.",toxic
525,"Hariyata baluwoth oya ge kathawa kata witharai wada wage ne, kata wahagena inna.",toxic
526,"Ane oya, wikarayak me wage wada nawaththapan.",toxic
527,"Hariyata baluwoth oya ge kathawa pissu wage wage ne, hariyata.",toxic
528,oya wage kenek nam kata witharai wada ne kata wahagena inna.,toxic
529,"Ane oya ge wada, awajathaka wage oya wage aya nisa thamai mehema wenne.",toxic
530,Mokakda me oya ge reply eka ge wadak nathi wada? lajja nadda.,toxic
531,me video eka balala comment karana eka mehema karanne hariyata therumak nathi nisa da? ban.,toxic
532,"Hariyata baluwoth oya wage kenek hitha nathi wage ne, danawada mokakda kiyala.",toxic
533,"oya, meka nam moda level ekak. ane.",toxic
534,"Hariyata baluwoth oya gon harakek wage ne, meka dakka gaman hina yanawa.",toxic
535,oya ge post eka ge kathawa ahuwama wal buruwa kiyala hithenawa.,toxic
536,oya ge idea eka mehema karanne hitha nathi nisa da? me wage wada nawaththapan.,toxic
537,"Ane manda oya ge post eka, gon wage behave wenne ai? machan.",toxic
538,"me video eka balala comment karana eka, meka nam gon harakek level ekak. thamuse.",toxic
539,Mokakda me me comment eka danapu eka ge wikarayak wada? poddak mole pawichchi karapan.,toxic
540,"oya ge wada, meka nam chater level ekak. ane.",toxic
541,"Ane umbala, mole kalpana nathi meka nam athi.",toxic
542,oya wage kenek mehema karanne mole nathi nisa da? machan.,toxic
543,"Ane oya ge post eka, moda hariyata wada karapan.",toxic
544,me comment eka danapu eka mehema karanne wikarayak nisa da? ane.,toxic
545,"Ane umbala, mole kalpana nathi hariyata behave karapan.",toxic
546,Mokakda me oya ge wada ge boru karaya wada? ban.,toxic
547,"Ane oya ge post eka, wikarayak hariyata wada karapan.",toxic
548,"umbala hariyata loku talk karana moda wage wada karanawa, machan.",toxic
549,oya ge wada ge me wage mole nathi comment dakkama epa wenawa.,toxic
550,Mokakda me me wage wada karana aya ge moda wada? meka nam athi.,toxic
551,Mokakda me oya ge idea eka ge gon athal karaya wada? ne.,toxic
552,"uba hariyata pissu wage wage wada karanawa, meka nam athi.",toxic
553,oya wage kenek ta kiyanna one hitha nathi wage wada nawaththanna kiyala.,toxic
554,"oya ge wada, uba nam wadak nathi kata wahagena inna.",toxic
555,me wage wada karana aya nam wadak nathi ne thamuse.,toxic
556,"Hariyata baluwoth oya loku talk karana moda wage ne, meka dakka gaman hina yanawa.",toxic
557,"me video eka balala comment karana eka hariyata awajathaka wage wage wada karanawa, machan.",toxic
558,oya wage kenek nam boru karaya ne boruwata katha karanne.,toxic
559,"Ane me video eka balala comment karana eka, moda yakku wage hariyata wada karapan.",toxic
560,"Ane oya ge reply eka, gon athal karaya danawada mokakda kiyala.",toxic
561,"mehema wada karana eka, uba nam kata witharai wada tikak igena ganin.",toxic
562,"Ane manda umbala, mole kalpana nathi wage behave wenne ai? oya wage aya nisa thamai mehema wenne.",toxic
563,Oya ge post eka nam wadak nathi tikak igena ganin.,toxic
564,oya ge wada mole kalpana nathi oya wage aya nisa thamai mehema wenne.,toxic
565,"oya ge reply eka hariyata pissu wage wage wada karanawa, oya wage aya nisa thamai mehema wenne.",toxic
566,"Ane manda oya ge reply eka, hariyata therumak nathi wage behave wenne ai? meka nam athi.",toxic
567,oya ge reply eka nam loku talk karana moda ne hariyata behave karapan.,toxic
568,"Ane manda umbala, awajathaka wage wage behave wenne ai? comment karanna kalin hithapan.",toxic
569,Oya ge post eka nam wikarayak meka nam athi.,toxic
570,oya ge wada ge me wage wadak nathi comment dakkama epa wenawa.,toxic
571,oya nam awajathaka wage ne tikak igena ganin.,toxic
572,"oya ge idea eka, uba nam wada nodanna comment karanna kalin hithapan.",toxic
573,"Hariyata baluwoth uba mole nathi wage ne, ne.",toxic
574,oya ge wada mehema karanne gon athal karaya nisa da? lajja nadda.,toxic
575,"me video eka balala comment karana eka, meka nam gon athal karaya level ekak. thamuse.",toxic
576,Oya ge post eka nam wal buruwa ne.,toxic
577,Me wage moda yakku wage athal danne nathuwa tikak hithapan oya ge reply eka.,toxic
578,Oya ge post eka nam kata witharai wada boruwata katha karanne.,toxic
579,"oya, meka nam wikarayak level ekak. kata wahagena inna.",toxic
580,"oya ge post eka, meka nam hitha nathi level ekak. hariyata.",toxic
581,Oya ge post eka nam gon athal karaya poddak mole pawichchi karapan.,toxic
582,"Ane oya ge reply eka, gon meka nam athi.",toxic
583,umbala mehema karanne chater nisa da? ban.,toxic
584,oya ge wada ge kathawa ahuwama wada nodanna kiyala hithenawa.,toxic
585,oya ge reply eka nam gon harakek ne ane.,toxic
586,oya ta kiyanna one wadak nathi wage wada nawaththanna kiyala.,toxic
587,me comment eka danapu eka ta kiyanna one kata witharai wada wage wada nawaththanna kiyala.,toxic
588,oya wage kenek nam wadak nathi ne hariyata behave karapan.,toxic
589,"me video eka balala comment karana eka, meka nam kata witharai wada level ekak. meka dakka gaman hina yanawa.",toxic
590,"Hariyata baluwoth oya ge post eka kata witharai wada wage ne, boruwata katha karanne.",toxic
591,oya mehema karanne wal buruwa nisa da? ane.,toxic
592,Me wage hitha nathi athal danne nathuwa tikak hithapan uba.,toxic
593,"Ane manda oya, gon wage behave wenne ai? oya wage aya nisa thamai mehema wenne.",toxic
594,Me wage gon athal danne nathuwa tikak hithapan uba.,toxic
595,"oya ge wada, uba nam gon oya wage aya nisa thamai mehema wenne.",toxic
596,oya ge idea eka hariyata therumak nathi tikak igena ganin.,toxic
597,me wage wada karana aya ge me wage pissu wage comment dakkama epa wenawa.,toxic
598,"Hariyata baluwoth oya ge idea eka mole kalpana nathi wage ne, me wage wada nawaththapan.",toxic
599,"Ane mehema wada karana eka, gon harakek me wage wada nawaththapan.",toxic
600,"Ane oya ge kathawa, weda bari danawada mokakda kiyala.",toxic
601,Mokakda me me wage wada karana aya ge kata witharai wada wada? thamuse.,toxic
602,oya wage kenek nam mole kalpana nathi ne me wage wada nawaththapan.,toxic
603,"Ane manda oya ge idea eka, wada nodanna wage behave wenne ai? hariyata.",toxic
604,"Ane umbala, hariyata therumak nathi hariyata.",toxic
605,"Hariyata baluwoth uba moda yakku wage wage ne, hariyata behave karapan.",toxic
606,"Hariyata baluwoth oya ge reply eka chater wage ne, hariyata wada karapan.",toxic
607,"Ane manda oya ge post eka, chater wage behave wenne ai? tikak igena ganin.",toxic
608,"oya ge reply eka, meka nam mole kalpana nathi level ekak. ane.",toxic
609,oya ge kathawa ge kathawa ahuwama awajathaka wage kiyala hithenawa.,toxic
610,oya wage kenek mehema karanne hitha nathi nisa da? hariyata.,toxic
611,"uba, uba nam hitha nathi lajja nadda.",toxic
612,"me comment eka danapu eka hariyata mole kalpana nathi wage wada karanawa, me wage wada nawaththapan.",toxic
613,me comment eka danapu eka ge kathawa ahuwama loku talk karana moda kiyala hithenawa.,toxic
614,"Hariyata baluwoth mehema wada karana eka weda bari wage ne, meka nam athi.",toxic
615,"Hariyata baluwoth oya ge idea eka moda wage ne, boruwata katha karanne.",toxic
616,"Ane mehema wada karana eka, weda bari hariyata.",toxic
617,"oya, meka nam hariyata therumak nathi level ekak. oya wage aya nisa thamai mehema wenne.",toxic
618,"umbala, uba nam gon lajja nadda.",toxic
619,me video eka balala comment karana eka mehema karanne pissu wage nisa da? hariyata behave karapan.,toxic
620,"Hariyata baluwoth oya ge post eka mole nathi wage ne, ane.",toxic
621,"umbala hariyata mole kalpana nathi wage wada karanawa, meka nam athi.",toxic
622,"oya ge wada, uba nam wada nodanna boruwata katha karanne.",toxic
623,oya wage kenek mehema karanne mole nathi nisa da? ane.,toxic
624,"uba hariyata awajathaka wage wage wada karanawa, boruwata katha karanne.",toxic
625,"mehema wada karana eka, uba nam mole kalpana nathi hariyata behave karapan.",toxic
626,"mehema wada karana eka hariyata hitha nathi wage wada karanawa, boruwata katha karanne.",toxic
627,"uba, meka nam gon harakek level ekak. kata wahagena inna.",toxic
628,oya ge reply eka nam mole nathi ne ne.,toxic
629,"Ane me video eka balala comment karana eka, mole nathi oya wage aya nisa thamai mehema wenne.",toxic
630,umbala nam gon harakek ne hariyata.,toxic
631,"oya ge reply eka, meka nam mole kalpana nathi level ekak. machan.",toxic
632,"Ane manda oya ge idea eka, chater wage behave wenne ai? kiyala therenneth ne.",toxic
633,"oya ge reply eka, uba nam moda yakku wage kata wahagena inna.",toxic
634,"Hariyata baluwoth me comment eka danapu eka gon wage ne, boruwata katha karanne.",toxic
635,"Hariyata baluwoth oya ge wada gon wage ne, comment karanna kalin hithapan.",toxic
636,"uba hariyata gon wage wada karanawa, comment karanna kalin hithapan.",toxic
637,"me wage wada karana aya, uba nam wikarayak thamuse.",toxic
638,oya wadak nathi danawada mokakda kiyala.,toxic
639,"oya ge kathawa, uba nam gon thamuse.",toxic
640,oya ge reply eka nam boru karaya ne hariyata behave karapan.,toxic
641,"Ane me video eka balala comment karana eka, weda bari meka dakka gaman hina yanawa.",toxic
642,Mokakda me oya ge kathawa ge wadak nathi wada? lajja nadda.,toxic
643,oya wage kenek ge kathawa ahuwama gon kiyala hithenawa.,toxic
644,Me wage wal buruwa athal danne nathuwa tikak hithapan oya ge reply eka.,toxic
645,"Ane uba, gon tikak igena ganin.",toxic
646,me comment eka danapu eka ge kathawa ahuwama weda bari kiyala hithenawa.,toxic
647,oya ge reply eka mole kalpana nathi boruwata katha karanne.,toxic
648,"Ane oya, gon tikak igena ganin.",toxic
649,oya ge post eka mole kalpana nathi ane.,toxic
650,"oya, meka nam moda yakku wage level ekak. comment karanna kalin hithapan.",toxic
651,"Ane umbala, moda yakku wage hariyata behave karapan.",toxic
652,"Ane manda me wage wada karana aya, gon wage behave wenne ai? ane.",toxic
653,"Ane oya ge post eka, gon athal karaya tikak igena ganin.",toxic
654,oya wage kenek mehema karanne mole kalpana nathi nisa da? kata wahagena inna.,toxic
655,"Hariyata baluwoth oya ge reply eka pissu wage wage ne, lajja nadda.",toxic
656,"Ane oya ge wada, awajathaka wage meka dakka gaman hina yanawa.",toxic
657,"mehema wada karana eka hariyata hariyata therumak nathi wage wada karanawa, meka dakka gaman hina yanawa.",toxic
658,"me video eka balala comment karana eka, meka nam hariyata therumak nathi level ekak. me wage wada nawaththapan.",toxic
659,"oya, uba nam hariyata therumak nathi me wage wada nawaththapan.",toxic
660,"Ane umbala, hitha nathi thamuse.",toxic
661,Oya ge post eka nam wikarayak meka dakka gaman hina yanawa.,toxic
662,Me wage weda bari athal danne nathuwa tikak hithapan mehema wada karana eka.,toxic
663,oya ge kathawa ta kiyanna one awajathaka wage wage wada nawaththanna kiyala.,toxic
664,"Hariyata baluwoth oya ge idea eka boru karaya wage ne, hariyata behave karapan.",toxic
665,"me video eka balala comment karana eka hariyata gon harakek wage wada karanawa, comment karanna kalin hithapan.",toxic
666,"mehema wada karana eka, meka nam kata witharai wada level ekak. ban.",toxic
667,oya wage kenek mehema karanne wada nodanna nisa da? boruwata katha karanne.,toxic
668,oya ge post eka wal buruwa kiyala therenneth ne.,toxic
669,"uba hariyata moda wage wada karanawa, poddak mole pawichchi karapan.",toxic
670,mehema wada karana eka mehema karanne wada nodanna nisa da? tikak igena ganin.,toxic
671,oya ge reply eka pissu wage boruwata katha karanne.,toxic
672,"Hariyata baluwoth oya hariyata therumak nathi wage ne, ne.",toxic
673,"oya ge idea eka, meka nam weda bari level ekak. me wage wada nawaththapan.",toxic
674,me video eka balala comment karana eka ta kiyanna one loku talk karana moda wage wada nawaththanna kiyala.,toxic
675,"umbala, meka nam wada nodanna level ekak. thamuse.",toxic
676,"Hariyata baluwoth me video eka balala comment karana eka hariyata therumak nathi wage ne, meka dakka gaman hina yanawa.",toxic
677,Mokakda me oya ge chater wada? oya wage aya nisa thamai mehema wenne.,toxic
678,"oya, meka nam wal buruwa level ekak. hariyata.",toxic
679,"oya, uba nam chater thamuse.",toxic
680,oya wage kenek ta kiyanna one weda bari wage wada nawaththanna kiyala.,toxic
681,Me wage hitha nathi athal danne nathuwa tikak hithapan me video eka balala comment karana eka.,toxic
682,"Ane umbala, wadak nathi comment karanna kalin hithapan.",toxic
683,"Ane oya ge wada, mole nathi thamuse.",toxic
684,"mehema wada karana eka hariyata gon harakek wage wada karanawa, boruwata katha karanne.",toxic
685,Me wage wada nodanna athal danne nathuwa tikak hithapan mehema wada karana eka.,toxic
686,"oya ge reply eka hariyata gon athal karaya wage wada karanawa, ne.",toxic
687,"Hariyata baluwoth mehema wada karana eka kata witharai wada wage ne, meka nam athi.",toxic
688,"Hariyata baluwoth umbala loku talk karana moda wage ne, danawada mokakda kiyala.",toxic
689,oya wage kenek ge kathawa ahuwama wada nodanna kiyala hithenawa.,toxic
690,Me wage boru karaya athal danne nathuwa tikak hithapan mehema wada karana eka.,toxic
691,"mehema wada karana eka hariyata kata witharai wada wage wada karanawa, tikak igena ganin.",toxic
692,Me wage gon athal karaya athal danne nathuwa tikak hithapan me wage wada karana aya.,toxic
693,oya ge reply eka nam loku talk karana moda ne ne.,toxic
694,Oya ge post eka nam chater tikak igena ganin.,toxic
695,oya nam wal buruwa ne ane.,toxic
696,Mokakda me me comment eka danapu eka ge mole kalpana nathi wada? meka dakka gaman hina yanawa.,toxic
697,"Ane manda umbala, wadak nathi wage behave wenne ai? meka dakka gaman hina yanawa.",toxic
698,oya weda bari lajja nadda.,toxic
699,"Ane manda me comment eka danapu eka, wal buruwa wage behave wenne ai? ane.",toxic
700,mehema wada karana eka nam moda yakku wage ne meka dakka gaman hina yanawa.,toxic
701,oya ge post eka ta kiyanna one gon wage wada nawaththanna kiyala.,toxic
702,"Hariyata baluwoth oya ge reply eka pissu wage wage ne, hariyata behave karapan.",toxic
703,"uba hariyata hariyata therumak nathi wage wada karanawa, hariyata behave karapan.",toxic
704,me comment eka danapu eka ge kathawa ahuwama pissu wage kiyala hithenawa.,toxic
705,"Ane manda mehema wada karana eka, wikarayak wage behave wenne ai? poddak mole pawichchi karapan.",toxic
706,mehema wada karana eka chater hariyata behave karapan.,toxic
707,"Hariyata baluwoth me comment eka danapu eka moda wage ne, tikak igena ganin.",toxic
708,Oya ge post eka nam wada nodanna poddak mole pawichchi karapan.,toxic
709,Mokakda me oya ge idea eka ge wadak nathi wada? boruwata katha karanne.,toxic
710,me comment eka danapu eka mehema karanne loku talk karana moda nisa da? kata wahagena inna.,toxic
711,oya ge post eka mehema karanne hariyata therumak nathi nisa da? ane.,toxic
712,mehema wada karana eka loku talk karana moda ban.,toxic
713,Mokakda me oya ge wada ge mole kalpana nathi wada? machan.,toxic
714,Oya ge post eka nam wal buruwa danawada mokakda kiyala.,toxic
715,"mehema wada karana eka, meka nam weda bari level ekak. tikak igena ganin.",toxic
716,umbala ge kathawa ahuwama gon athal karaya kiyala hithenawa.,toxic
717,me video eka balala comment karana eka ge kathawa ahuwama hariyata therumak nathi kiyala hithenawa.,toxic
718,Oya ge post eka nam wikarayak tikak igena ganin.,toxic
719,Mokakda me oya ge idea eka ge loku talk karana moda wada? meka nam athi.,toxic
720,"me video eka balala comment karana eka, uba nam moda yakku wage poddak mole pawichchi karapan.",toxic
721,"Hariyata baluwoth me video eka balala comment karana eka gon harakek wage ne, kata wahagena inna.",toxic
722,"Ane me comment eka danapu eka, kata witharai wada boruwata katha karanne.",toxic
723,"oya ge reply eka, uba nam moda yakku wage hariyata behave karapan.",toxic
724,me comment eka danapu eka awajathaka wage ban.,toxic
725,Mokakda me uba ge awajathaka wage wada? ban.,toxic
726,oya ge idea eka wal buruwa danawada mokakda kiyala.,toxic
727,"Ane manda oya ge wada, chater wage behave wenne ai? tikak igena ganin.",toxic
728,oya ge kathawa mehema karanne hariyata therumak nathi nisa da? oya wage aya nisa thamai mehema wenne.,toxic
729,Oya ge post eka nam pissu wage machan.,toxic
730,oya ge idea eka ta kiyanna one wada nodanna wage wada nawaththanna kiyala.,toxic
731,mehema wada karana eka nam wikarayak ne machan.,toxic
732,oya wage kenek mehema karanne gon harakek nisa da? hariyata.,toxic
733,"mehema wada karana eka, meka nam wada nodanna level ekak. danawada mokakda kiyala.",toxic
734,"me wage wada karana aya, uba nam hariyata therumak nathi meka dakka gaman hina yanawa.",toxic
735,oya ge post eka mehema karanne kata witharai wada nisa da? kata wahagena inna.,toxic
736,"Hariyata baluwoth oya ge idea eka moda wage ne, hariyata behave karapan.",toxic
737,"Hariyata baluwoth oya ge idea eka hitha nathi wage ne, poddak mole pawichchi karapan.",toxic
738,oya ge reply eka ge kathawa ahuwama awajathaka wage kiyala hithenawa.,toxic
739,"uba, uba nam gon athal karaya oya wage aya nisa thamai mehema wenne.",toxic
740,"Hariyata baluwoth oya wage kenek kata witharai wada wage ne, ne.",toxic
741,Mokakda me me video eka balala comment karana eka ge wadak nathi wada? kata wahagena inna.,toxic
742,"Ane umbala, hariyata therumak nathi comment karanna kalin hithapan.",toxic
743,me comment eka danapu eka nam wikarayak ne meka dakka gaman hina yanawa.,toxic
744,Me wage mole kalpana nathi athal danne nathuwa tikak hithapan mehema wada karana eka.,toxic
745,"Ane oya ge reply eka, gon athal karaya thamuse.",toxic
746,Mokakda me umbala ge moda yakku wage wada? ban.,toxic
747,Mokakda me me comment eka danapu eka ge gon harakek wada? ne.,toxic
748,"Ane manda me video eka balala comment karana eka, gon athal karaya wage behave wenne ai? ban.",toxic
749,oya ge idea eka gon athal karaya meka nam athi.,toxic
750,"Ane manda umbala, chater wage behave wenne ai? ban.",toxic
751,Mokakda me umbala ge chater wada? danawada mokakda kiyala.,toxic
752,"Ane manda oya, kata witharai wada wage behave wenne ai? danawada mokakda kiyala.",toxic
753,"Hariyata baluwoth oya ge idea eka gon athal karaya wage ne, ane.",toxic
754,"Hariyata baluwoth umbala wadak nathi wage ne, hariyata wada karapan.",toxic
755,"Hariyata baluwoth me wage wada karana aya mole kalpana nathi wage ne, kiyala therenneth ne.",toxic
756,"Ane oya ge wada, kata witharai wada danawada mokakda kiyala.",toxic
757,oya ge kathawa ge kathawa ahuwama wikarayak kiyala hithenawa.,toxic
758,uba boru karaya oya wage aya nisa thamai mehema wenne.,toxic
759,"oya ge wada hariyata wal buruwa wage wada karanawa, meka nam athi.",toxic
760,"Hariyata baluwoth oya ge post eka pissu wage wage ne, hariyata.",toxic
761,"oya ge idea eka, uba nam gon athal karaya kiyala therenneth ne.",toxic
762,"oya ge kathawa hariyata moda yakku wage wage wada karanawa, me wage wada nawaththapan.",toxic
763,me video eka balala comment karana eka mehema karanne mole kalpana nathi nisa da? danawada mokakda kiyala.,toxic
764,Mokakda me oya wage kenek ge pissu wage wada? boruwata katha karanne.,toxic
765,"oya ge post eka, meka nam chater level ekak. ne.",toxic
766,"Ane manda me video eka balala comment karana eka, loku talk karana moda wage behave wenne ai? hariyata behave karapan.",toxic
767,oya ge kathawa nam wadak nathi ne ban.,toxic
768,"Ane oya, weda bari kiyala therenneth ne.",toxic
769,"oya ge post eka hariyata mole nathi wage wada karanawa, poddak mole pawichchi karapan.",toxic
770,me comment eka danapu eka ge kathawa ahuwama gon athal karaya kiyala hithenawa.,toxic
771,"Ane manda oya, gon harakek wage behave wenne ai? ne.",toxic
772,"Ane oya wage kenek, weda bari kiyala therenneth ne.",toxic
773,Mokakda me mehema wada karana eka ge moda wada? hariyata.,toxic
774,"Hariyata baluwoth oya ge post eka moda wage ne, kiyala therenneth ne.",toxic
775,"oya ge reply eka hariyata awajathaka wage wage wada karanawa, comment karanna kalin hithapan.",toxic
776,umbala nam loku talk karana moda ne danawada mokakda kiyala.,toxic
777,"Ane manda me wage wada karana aya, awajathaka wage wage behave wenne ai? meka dakka gaman hina yanawa.",toxic
778,"me video eka balala comment karana eka, meka nam hariyata therumak nathi level ekak. comment karanna kalin hithapan.",toxic
779,"oya ge idea eka, meka nam pissu wage level ekak. ban.",toxic
780,mehema wada karana eka ta kiyanna one awajathaka wage wage wada nawaththanna kiyala.,toxic
781,oya wage kenek nam chater ne tikak igena ganin.,toxic
782,oya ge reply eka nam wikarayak ne oya wage aya nisa thamai mehema wenne.,toxic
783,"oya ge reply eka, meka nam gon athal karaya level ekak. meka dakka gaman hina yanawa.",toxic
784,"uba, meka nam mole nathi level ekak. danawada mokakda kiyala.",toxic
785,Mokakda me oya ge reply eka ge wal buruwa wada? comment karanna kalin hithapan.,toxic
786,me comment eka danapu eka ta kiyanna one mole kalpana nathi wage wada nawaththanna kiyala.,toxic
787,"Ane uba, gon harakek ne.",toxic
788,"Ane manda oya, hitha nathi wage behave wenne ai? thamuse.",toxic
789,oya ge idea eka hariyata therumak nathi kiyala therenneth ne.,toxic
790,me wage wada karana aya ge kathawa ahuwama gon kiyala hithenawa.,toxic
791,me comment eka danapu eka mehema karanne wal buruwa nisa da? lajja nadda.,toxic
792,"Hariyata baluwoth mehema wada karana eka wal buruwa wage ne, me wage wada nawaththapan.",toxic
793,me wage wada karana aya mehema karanne mole nathi nisa da? kata wahagena inna.,toxic
794,oya ge kathawa nam hariyata therumak nathi ne machan.,toxic
795,"Ane me video eka balala comment karana eka, wikarayak comment karanna kalin hithapan.",toxic
796,"oya, meka nam hariyata therumak nathi level ekak. danawada mokakda kiyala.",toxic
797,"me wage wada karana aya, uba nam moda yakku wage oya wage aya nisa thamai mehema wenne.",toxic
798,Oya ge post eka nam wal buruwa oya wage aya nisa thamai mehema wenne.,toxic
799,Mokakda me me comment eka danapu eka ge wadak nathi wada? me wage wada nawaththapan.,toxic
800,oya ge kathawa ahuwama loku talk karana moda kiyala hithenawa.,toxic
801,"Ane me wage wada karana aya, moda yakku wage meka dakka gaman hina yanawa.",toxic
802,"oya ge post eka, uba nam moda oya wage aya nisa thamai mehema wenne.",toxic
803,"Ane me video eka balala comment karana eka, pissu wage hariyata.",toxic
804,"oya wage kenek, meka nam boru karaya level ekak. kata wahagena inna.",toxic
805,"Hariyata baluwoth me video eka balala comment karana eka moda yakku wage wage ne, lajja nadda.",toxic
806,uba nam mole kalpana nathi ne hariyata behave karapan.,toxic
807,umbala nam mole kalpana nathi ne tikak igena ganin.,toxic
808,oya ge kathawa ge me wage moda yakku wage comment dakkama epa wenawa.,toxic
809,"oya ge idea eka, meka nam mole nathi level ekak. lajja nadda.",toxic
810,"oya ge wada, uba nam hariyata therumak nathi hariyata wada karapan.",toxic
811,me comment eka danapu eka ge me wage boru karaya comment dakkama epa wenawa.,toxic
812,"me comment eka danapu eka hariyata pissu wage wage wada karanawa, poddak mole pawichchi karapan.",toxic
813,oya ge post eka awajathaka wage ne.,toxic
814,"Hariyata baluwoth oya ge reply eka wadak nathi wage ne, hariyata behave karapan.",toxic
815,oya ge idea eka loku talk karana moda comment karanna kalin hithapan.,toxic
816,oya ge idea eka ge kathawa ahuwama mole nathi kiyala hithenawa.,toxic
817,Mokakda me oya ge reply eka ge chater wada? oya wage aya nisa thamai mehema wenne.,toxic
818,Me wage mole kalpana nathi athal danne nathuwa tikak hithapan oya wage kenek.,toxic
819,Mokakda me mehema wada karana eka ge hariyata therumak nathi wada? hariyata behave karapan.,toxic
820,mehema wada karana eka ge me wage loku talk karana moda comment dakkama epa wenawa.,toxic
821,"Hariyata baluwoth oya wage kenek wadak nathi wage ne, hariyata behave karapan.",toxic
822,Me wage gon harakek athal danne nathuwa tikak hithapan oya ge post eka.,toxic
823,"Ane uba, moda kiyala therenneth ne.",toxic
824,"oya ge reply eka hariyata gon wage wada karanawa, hariyata wada karapan.",toxic
825,oya ge post eka mehema karanne moda yakku wage nisa da? tikak igena ganin.,toxic
826,"Hariyata baluwoth oya ge idea eka mole nathi wage ne, comment karanna kalin hithapan.",toxic
827,"Ane oya ge kathawa, wadak nathi kata wahagena inna.",toxic
828,oya mehema karanne moda yakku wage nisa da? meka nam athi.,toxic
829,Mokakda me mehema wada karana eka ge hitha nathi wada? meka dakka gaman hina yanawa.,toxic
830,oya wage kenek nam moda ne thamuse.,toxic
831,"me video eka balala comment karana eka, meka nam gon harakek level ekak. ban.",toxic
832,oya ge idea eka gon harakek kata wahagena inna.,toxic
833,"Hariyata baluwoth me video eka balala comment karana eka gon wage ne, hariyata.",toxic
834,"oya ge reply eka, uba nam kata witharai wada hariyata.",toxic
835,"oya ge kathawa hariyata moda wage wada karanawa, danawada mokakda kiyala.",toxic
836,Oya ge post eka nam mole kalpana nathi kiyala therenneth ne.,toxic
837,"oya ge idea eka hariyata wikarayak wage wada karanawa, thamuse.",toxic
838,"Ane umbala, gon harakek poddak mole pawichchi karapan.",toxic
839,oya ge idea eka nam mole nathi ne tikak igena ganin.,toxic
840,"mehema wada karana eka hariyata moda wage wada karanawa, oya wage aya nisa thamai mehema wenne.",toxic
841,"oya ge post eka, meka nam gon level ekak. ane.",toxic
842,"Hariyata baluwoth uba gon wage ne, danawada mokakda kiyala.",toxic
843,Me wage boru karaya athal danne nathuwa tikak hithapan oya wage kenek.,toxic
844,me wage wada karana aya mehema karanne loku talk karana moda nisa da? meka dakka gaman hina yanawa.,toxic
845,oya wage kenek ta kiyanna one awajathaka wage wage wada nawaththanna kiyala.,toxic
846,me comment eka danapu eka mehema karanne hariyata therumak nathi nisa da? kata wahagena inna.,toxic
847,"Ane uba, wikarayak poddak mole pawichchi karapan.",toxic
848,me video eka balala comment karana eka ta kiyanna one wikarayak wage wada nawaththanna kiyala.,toxic
849,oya ge kathawa ahuwama wada nodanna kiyala hithenawa.,toxic
850,Mokakda me umbala ge wada nodanna wada? oya wage aya nisa thamai mehema wenne.,toxic
851,Me wage moda athal danne nathuwa tikak hithapan me video eka balala comment karana eka.,toxic
852,uba wal buruwa tikak igena ganin.,toxic
853,"oya wage kenek, uba nam hitha nathi ane.",toxic
854,mehema wada karana eka mehema karanne kata witharai wada nisa da? hariyata wada karapan.,toxic
855,"mehema wada karana eka hariyata gon wage wada karanawa, meka dakka gaman hina yanawa.",toxic
856,oya ge idea eka ge kathawa ahuwama wal buruwa kiyala hithenawa.,toxic
857,"Ane me comment eka danapu eka, moda kata wahagena inna.",toxic
858,"oya ge idea eka, meka nam wikarayak level ekak. meka dakka gaman hina yanawa.",toxic
859,Me wage awajathaka wage athal danne nathuwa tikak hithapan umbala.,toxic
860,me wage wada karana aya ge me wage moda comment dakkama epa wenawa.,toxic
861,"me video eka balala comment karana eka, uba nam kata witharai wada hariyata wada karapan.",toxic
862,oya ge kathawa mehema karanne wada nodanna nisa da? ban.,toxic
863,me comment eka danapu eka mehema karanne chater nisa da? danawada mokakda kiyala.,toxic
864,"umbala, meka nam chater level ekak. thamuse.",toxic
865,me comment eka danapu eka mehema karanne awajathaka wage nisa da? thamuse.,toxic
866,oya mehema karanne moda yakku wage nisa da? kiyala therenneth ne.,toxic
867,"me wage wada karana aya hariyata moda yakku wage wage wada karanawa, kiyala therenneth ne.",toxic
868,oya wage kenek mehema karanne mole kalpana nathi nisa da? comment karanna kalin hithapan.,toxic
869,mehema wada karana eka ta kiyanna one wal buruwa wage wada nawaththanna kiyala.,toxic
870,"me comment eka danapu eka, uba nam wikarayak me wage wada nawaththapan.",toxic
871,"uba hariyata loku talk karana moda wage wada karanawa, ane.",toxic
872,me comment eka danapu eka mehema karanne weda bari nisa da? ne.,toxic
873,"Hariyata baluwoth mehema wada karana eka hariyata therumak nathi wage ne, me wage wada nawaththapan.",toxic
874,Me wage wal buruwa athal danne nathuwa tikak hithapan oya wage kenek.,toxic
875,oya ge post eka nam mole kalpana nathi ne kiyala therenneth ne.,toxic
876,"me wage wada karana aya hariyata gon wage wada karanawa, danawada mokakda kiyala.",toxic
877,"Hariyata baluwoth uba gon athal karaya wage ne, kata wahagena inna.",toxic
878,Mokakda me oya ge idea eka ge hitha nathi wada? boruwata katha karanne.,toxic
879,me wage wada karana aya ge kathawa ahuwama gon athal karaya kiyala hithenawa.,toxic
880,"me comment eka danapu eka, meka nam loku talk karana moda level ekak. boruwata katha karanne.",toxic
881,me video eka balala comment karana eka wal buruwa kiyala therenneth ne.,toxic
882,Mokakda me oya ge idea eka ge chater wada? hariyata.,toxic
883,oya wage kenek nam gon athal karaya ne thamuse.,toxic
884,"oya ge wada, uba nam hariyata therumak nathi kata wahagena inna.",toxic
885,"uba hariyata wikarayak wage wada karanawa, meka nam athi.",toxic
886,oya ge kathawa ta kiyanna one wada nodanna wage wada nawaththanna kiyala.,toxic
887,Mokakda me oya ge kathawa ge gon athal karaya wada? lajja nadda.,toxic
888,"Ane uba, wada nodanna hariyata behave karapan.",toxic
889,"mehema wada karana eka, uba nam boru karaya me wage wada nawaththapan.",toxic
890,"Hariyata baluwoth oya ge kathawa moda yakku wage wage ne, hariyata wada karapan.",toxic
891,"Ane oya ge wada, moda meka nam athi.",toxic
892,Me wage wadak nathi athal danne nathuwa tikak hithapan mehema wada karana eka.,toxic
893,"Ane mehema wada karana eka, gon harakek machan.",toxic
894,"oya ge wada hariyata wal buruwa wage wada karanawa, comment karanna kalin hithapan.",toxic
895,"oya ge wada hariyata wada nodanna wage wada karanawa, comment karanna kalin hithapan.",toxic
896,me comment eka danapu eka nam chater ne me wage wada nawaththapan.,toxic
897,"Hariyata baluwoth oya ge reply eka mole nathi wage ne, kata wahagena inna.",toxic
898,Oya ge post eka nam wal buruwa ane.,toxic
899,"Ane me video eka balala comment karana eka, loku talk karana moda meka dakka gaman hina yanawa.",toxic
900,me video eka balala comment karana eka ta kiyanna one mole nathi wage wada nawaththanna kiyala.,toxic
901,"Ane oya ge post eka, weda bari meka dakka gaman hina yanawa.",toxic
902,oya ge kathawa nam awajathaka wage ne danawada mokakda kiyala.,toxic
903,"oya hariyata wikarayak wage wada karanawa, machan.",toxic
904,"Ane manda me comment eka danapu eka, wal buruwa wage behave wenne ai? kiyala therenneth ne.",toxic
905,uba ge me wage moda yakku wage comment dakkama epa wenawa.,toxic
906,Mokakda me me video eka balala comment karana eka ge gon athal karaya wada? thamuse.,toxic
907,me wage wada karana aya mehema karanne wada nodanna nisa da? ane.,toxic
908,mehema wada karana eka awajathaka wage lajja nadda.,toxic
909,oya ge kathawa moda yakku wage kata wahagena inna.,toxic
910,"Ane manda oya ge reply eka, mole nathi wage behave wenne ai? machan.",toxic
911,oya ge idea eka nam moda ne ban.,toxic
912,uba mole nathi kata wahagena inna.,toxic
913,"Ane manda mehema wada karana eka, wadak nathi wage behave wenne ai? poddak mole pawichchi karapan.",toxic
914,Me wage gon athal karaya athal danne nathuwa tikak hithapan oya ge post eka.,toxic
915,"Ane oya ge kathawa, loku talk karana moda kata wahagena inna.",toxic
916,oya ge kathawa ge kathawa ahuwama kata witharai wada kiyala hithenawa.,toxic
917,"oya wage kenek, meka nam mole kalpana nathi level ekak. ban.",toxic
918,"Ane mehema wada karana eka, weda bari kata wahagena inna.",toxic
919,"oya ge kathawa, uba nam boru karaya danawada mokakda kiyala.",toxic
920,"Hariyata baluwoth me wage wada karana aya kata witharai wada wage ne, ne.",toxic
921,oya ge kathawa mehema karanne wikarayak nisa da? hariyata.,toxic
922,oya ge kathawa nam hariyata therumak nathi ne danawada mokakda kiyala.,toxic
923,oya ge wada mehema karanne awajathaka wage nisa da? poddak mole pawichchi karapan.,toxic
924,oya ge reply eka boru karaya me wage wada nawaththapan.,toxic
925,Oya ge post eka nam mole nathi me wage wada nawaththapan.,toxic
926,"oya ge reply eka, meka nam chater level ekak. tikak igena ganin.",toxic
927,"Hariyata baluwoth me video eka balala comment karana eka mole nathi wage ne, ne.",toxic
928,"oya ge wada hariyata mole nathi wage wada karanawa, ane.",toxic
929,me video eka balala comment karana eka mehema karanne chater nisa da? ane.,toxic
930,"Ane oya wage kenek, hariyata therumak nathi me wage wada nawaththapan.",toxic
931,"Hariyata baluwoth oya ge reply eka mole nathi wage ne, meka dakka gaman hina yanawa.",toxic
932,"Ane oya ge wada, boru karaya ne.",toxic
933,"Hariyata baluwoth me comment eka danapu eka pissu wage wage ne, hariyata behave karapan.",toxic
934,Mokakda me oya ge post eka ge moda wada? tikak igena ganin.,toxic
935,umbala ta kiyanna one moda wage wada nawaththanna kiyala.,toxic
936,mehema wada karana eka mehema karanne awajathaka wage nisa da? hariyata.,toxic
937,"oya, uba nam loku talk karana moda ne.",toxic
938,oya ge reply eka mehema karanne mole kalpana nathi nisa da? meka dakka gaman hina yanawa.,toxic
939,"Ane oya ge idea eka, hitha nathi poddak mole pawichchi karapan.",toxic
940,Me wage kata witharai wada athal danne nathuwa tikak hithapan umbala.,toxic
941,"me comment eka danapu eka hariyata wikarayak wage wada karanawa, ban.",toxic
942,me comment eka danapu eka mehema karanne mole nathi nisa da? meka nam athi.,toxic
943,"oya ge post eka, uba nam moda yakku wage machan.",toxic
944,me video eka balala comment karana eka nam pissu wage ne meka dakka gaman hina yanawa.,toxic
945,umbala ge me wage gon comment dakkama epa wenawa.,toxic
946,me comment eka danapu eka nam boru karaya ne hariyata.,toxic
947,"Ane manda oya ge reply eka, mole kalpana nathi wage behave wenne ai? danawada mokakda kiyala.",toxic
948,oya ge reply eka mole nathi me wage wada nawaththapan.,toxic
949,Me wage pissu wage athal danne nathuwa tikak hithapan uba.,toxic
950,"oya hariyata boru karaya wage wada karanawa, kiyala therenneth ne.",toxic
951,"umbala, uba nam moda meka nam athi.",toxic
952,Me wage boru karaya athal danne nathuwa tikak hithapan oya ge idea eka.,toxic
953,umbala ta kiyanna one hitha nathi wage wada nawaththanna kiyala.,toxic
954,"Hariyata baluwoth oya wage kenek gon wage ne, kata wahagena inna.",toxic
955,"oya wage kenek, meka nam pissu wage level ekak. ne.",toxic
956,Mokakda me me comment eka danapu eka ge chater wada? danawada mokakda kiyala.,toxic
957,oya ge reply eka mehema karanne chater nisa da? ne.,toxic
958,me comment eka danapu eka nam moda yakku wage ne ne.,toxic
959,"Ane manda oya wage kenek, wadak nathi wage behave wenne ai? ne.",toxic
960,"Ane uba, loku talk karana moda meka nam athi.",toxic
961,Oya ge post eka nam gon ne.,toxic
962,Me wage moda athal danne nathuwa tikak hithapan oya ge idea eka.,toxic
963,"oya ge post eka hariyata weda bari wage wada karanawa, meka nam athi.",toxic
964,"oya ge kathawa, meka nam wikarayak level ekak. thamuse.",toxic
965,Mokakda me me comment eka danapu eka ge hitha nathi wada? kiyala therenneth ne.,toxic
966,"Hariyata baluwoth oya wage kenek awajathaka wage wage ne, kiyala therenneth ne.",toxic
967,"Ane manda me wage wada karana aya, hitha nathi wage behave wenne ai? danawada mokakda kiyala.",toxic
968,"me comment eka danapu eka, meka nam loku talk karana moda level ekak. hariyata wada karapan.",toxic
969,oya ge kathawa ta kiyanna one hariyata therumak nathi wage wada nawaththanna kiyala.,toxic
970,"Hariyata baluwoth oya wada nodanna wage ne, me wage wada nawaththapan.",toxic
971,"oya ge kathawa, meka nam moda level ekak. ban.",toxic
972,"uba hariyata wal buruwa wage wada karanawa, hariyata wada karapan.",toxic
973,"Hariyata baluwoth uba hariyata therumak nathi wage ne, comment karanna kalin hithapan.",toxic
974,Me wage wadak nathi athal danne nathuwa tikak hithapan oya ge reply eka.,toxic
975,Mokakda me me wage wada karana aya ge kata witharai wada wada? machan.,toxic
976,"me wage wada karana aya, meka nam kata witharai wada level ekak. hariyata wada karapan.",toxic
977,"Hariyata baluwoth mehema wada karana eka moda yakku wage wage ne, danawada mokakda kiyala.",toxic
978,"Hariyata baluwoth oya wage kenek awajathaka wage wage ne, tikak igena ganin.",toxic
979,oya ge post eka nam wada nodanna ne hariyata wada karapan.,toxic
980,"Hariyata baluwoth oya ge reply eka wadak nathi wage ne, thamuse.",toxic
981,me comment eka danapu eka mehema karanne hariyata therumak nathi nisa da? meka nam athi.,toxic
982,"me video eka balala comment karana eka, meka nam hitha nathi level ekak. hariyata.",toxic
983,"oya wage kenek, uba nam weda bari machan.",toxic
984,Mokakda me oya ge post eka ge gon harakek wada? meka dakka gaman hina yanawa.,toxic
985,"Ane manda oya ge post eka, moda wage behave wenne ai? hariyata.",toxic
986,Me wage wal buruwa athal danne nathuwa tikak hithapan oya ge post eka.,toxic
987,oya ge reply eka ge kathawa ahuwama hitha nathi kiyala hithenawa.,toxic
988,Mokakda me mehema wada karana eka ge mole nathi wada? meka dakka gaman hina yanawa.,toxic
989,Mokakda me me video eka balala comment karana eka ge loku talk karana moda wada? hariyata.,toxic
990,"oya ge kathawa, uba nam loku talk karana moda poddak mole pawichchi karapan.",toxic
991,umbala nam chater ne kiyala therenneth ne.,toxic
992,"oya, uba nam gon thamuse.",toxic
993,"me wage wada karana aya hariyata gon athal karaya wage wada karanawa, machan.",toxic
994,"Ane umbala, mole nathi tikak igena ganin.",toxic
995,oya ge wada mehema karanne mole nathi nisa da? hariyata.,toxic
996,"oya ge post eka, uba nam kata witharai wada ane.",toxic
997,Mokakda me me video eka balala comment karana eka ge hitha nathi wada? me wage wada nawaththapan.,toxic
998,Mokakda me oya ge reply eka ge wikarayak wada? kiyala therenneth ne.,toxic
999,me wage wada karana aya ge me wage loku talk karana moda comment dakkama epa wenawa.,toxic
1000,oya ge wada ta kiyanna one gon athal karaya wage wada nawaththanna kiyala.,toxic
1001,Oya ge post eka nam gon tikak igena ganin.,toxic
1002,"oya ge wada, uba nam loku talk karana moda ane.",toxic
1003,"Ane oya, kata witharai wada ne.",toxic
1004,Mokakda me me comment eka danapu eka ge boru karaya wada? ban.,toxic
1005,"Ane manda me wage wada karana aya, gon wage behave wenne ai? comment karanna kalin hithapan.",toxic
1006,umbala ge me wage mole nathi comment dakkama epa wenawa.,toxic
1007,"Ane manda me wage wada karana aya, chater wage behave wenne ai? comment karanna kalin hithapan.",toxic
1008,oya ge kathawa ta kiyanna one pissu wage wage wada nawaththanna kiyala.,toxic
1009,"Ane manda oya ge reply eka, gon athal karaya wage behave wenne ai? kiyala therenneth ne.",toxic
1010,"Ane manda oya ge reply eka, kata witharai wada wage behave wenne ai? hariyata behave karapan.",toxic
1011,oya ge idea eka ge me wage wal buruwa comment dakkama epa wenawa.,toxic
1012,oya wage kenek nam hariyata therumak nathi ne thamuse.,toxic
1013,"Hariyata baluwoth uba hitha nathi wage ne, hariyata.",toxic
1014,mehema wada karana eka nam chater ne tikak igena ganin.,toxic
1015,Me wage gon athal danne nathuwa tikak hithapan me video eka balala comment karana eka.,toxic
1016,oya ge kathawa nam wal buruwa ne meka nam athi.,toxic
1017,"Hariyata baluwoth mehema wada karana eka boru karaya wage ne, kata wahagena inna.",toxic
1018,oya ge wada nam chater ne me wage wada nawaththapan.,toxic
1019,"oya hariyata boru karaya wage wada karanawa, poddak mole pawichchi karapan.",toxic
1020,Mokakda me oya ge wada ge moda yakku wage wada? ane.,toxic
1021,Me wage pissu wage athal danne nathuwa tikak hithapan umbala.,toxic
1022,"Ane manda me wage wada karana aya, moda yakku wage wage behave wenne ai? hariyata behave karapan.",toxic
1023,"Ane oya ge wada, moda kiyala therenneth ne.",toxic
1024,"oya ge wada, meka nam wal buruwa level ekak. hariyata.",toxic
1025,"oya ge post eka hariyata wal buruwa wage wada karanawa, hariyata behave karapan.",toxic
1026,"Hariyata baluwoth oya ge wada hitha nathi wage ne, poddak mole pawichchi karapan.",toxic
1027,Me wage mole kalpana nathi athal danne nathuwa tikak hithapan oya ge idea eka.,toxic
1028,mehema wada karana eka pissu wage boruwata katha karanne.,toxic
1029,Mokakda me uba ge wadak nathi wada? kiyala therenneth ne.,toxic
1030,"Hariyata baluwoth oya ge idea eka hitha nathi wage ne, hariyata behave karapan.",toxic
1031,mehema wada karana eka ta kiyanna one weda bari wage wada nawaththanna kiyala.,toxic
1032,"Ane manda uba, mole kalpana nathi wage behave wenne ai? hariyata behave karapan.",toxic
1033,Me wage hitha nathi athal danne nathuwa tikak hithapan mehema wada karana eka.,toxic
1034,"oya ge reply eka hariyata hariyata therumak nathi wage wada karanawa, kiyala therenneth ne.",toxic
1035,uba ta kiyanna one gon athal karaya wage wada nawaththanna kiyala.,toxic
1036,"Ane umbala, moda yakku wage oya wage aya nisa thamai mehema wenne.",toxic
1037,mehema wada karana eka mehema karanne wikarayak nisa da? hariyata behave karapan.,toxic
1038,"oya ge kathawa, uba nam chater machan.",toxic
1039,oya ge wada ge kathawa ahuwama weda bari kiyala hithenawa.,toxic
1040,"Ane manda oya ge reply eka, loku talk karana moda wage behave wenne ai? danawada mokakda kiyala.",toxic
1041,"oya ge wada, meka nam hitha nathi level ekak. ane.",toxic
1042,"oya ge idea eka, meka nam kata witharai wada level ekak. ane.",toxic
1043,Mokakda me oya ge kathawa ge weda bari wada? hariyata.,toxic
1044,Mokakda me oya wage kenek ge wadak nathi wada? thamuse.,toxic
1045,"Ane manda oya, moda yakku wage wage behave wenne ai? danawada mokakda kiyala.",toxic
1046,"Ane oya ge wada, gon harakek danawada mokakda kiyala.",toxic
1047,mehema wada karana eka mehema karanne pissu wage nisa da? me wage wada nawaththapan.,toxic
1048,"oya wage kenek, meka nam moda yakku wage level ekak. machan.",toxic
1049,Mokakda me umbala ge gon wada? machan.,toxic
1050,"Ane oya ge post eka, gon harakek boruwata katha karanne.",toxic
1051,oya ge idea eka nam wikarayak ne boruwata katha karanne.,toxic
1052,"Hariyata baluwoth me wage wada karana aya awajathaka wage wage ne, machan.",toxic
1053,Oya ge post eka nam kata witharai wada machan.,toxic
1054,Me wage wada nodanna athal danne nathuwa tikak hithapan me wage wada karana aya.,toxic
1055,uba wikarayak oya wage aya nisa thamai mehema wenne.,toxic
1056,Mokakda me uba ge mole kalpana nathi wada? oya wage aya nisa thamai mehema wenne.,toxic
1057,uba ge kathawa ahuwama hitha nathi kiyala hithenawa.,toxic
1058,mehema wada karana eka ta kiyanna one wada nodanna wage wada nawaththanna kiyala.,toxic
1059,umbala nam loku talk karana moda ne ban.,toxic
1060,"Hariyata baluwoth oya gon athal karaya wage ne, kiyala therenneth ne.",toxic
1061,Mokakda me me comment eka danapu eka ge hitha nathi wada? oya wage aya nisa thamai mehema wenne.,toxic
1062,oya chater ban.,toxic
1063,"Hariyata baluwoth mehema wada karana eka weda bari wage ne, kiyala therenneth ne.",toxic
1064,Oya ge post eka nam pissu wage oya wage aya nisa thamai mehema wenne.,toxic
1065,"Ane manda oya, gon wage behave wenne ai? hariyata behave karapan.",toxic
1066,"Ane manda me video eka balala comment karana eka, wikarayak wage behave wenne ai? ane.",toxic
1067,oya wage kenek nam moda yakku wage ne machan.,toxic
1068,"Ane uba, chater thamuse.",toxic
1069,Mokakda me mehema wada karana eka ge boru karaya wada? kiyala therenneth ne.,toxic
1070,"Ane manda oya ge post eka, moda wage behave wenne ai? danawada mokakda kiyala.",toxic
1071,"Ane oya ge kathawa, mole kalpana nathi danawada mokakda kiyala.",toxic
1072,Oya ge post eka nam weda bari poddak mole pawichchi karapan.,toxic
1073,oya ge reply eka ge me wage kata witharai wada comment dakkama epa wenawa.,toxic
1074,mehema wada karana eka chater kiyala therenneth ne.,toxic
1075,"Ane oya, mole nathi ne.",toxic
1076,uba ta kiyanna one gon harakek wage wada nawaththanna kiyala.,toxic
1077,"Hariyata baluwoth oya ge kathawa wikarayak wage ne, hariyata.",toxic
1078,"oya ge kathawa hariyata gon wage wada karanawa, comment karanna kalin hithapan.",toxic
1079,"Ane oya, wikarayak kiyala therenneth ne.",toxic
1080,Mokakda me mehema wada karana eka ge hariyata therumak nathi wada? meka dakka gaman hina yanawa.,toxic
1081,"oya ge kathawa, uba nam gon athal karaya ane.",toxic
1082,"mehema wada karana eka hariyata chater wage wada karanawa, hariyata.",toxic
1083,"Hariyata baluwoth oya ge post eka gon harakek wage ne, comment karanna kalin hithapan.",toxic
1084,oya ge reply eka ge kathawa ahuwama weda bari kiyala hithenawa.,toxic
1085,"Ane umbala, gon me wage wada nawaththapan.",toxic
1086,Oya ge post eka nam hariyata therumak nathi kiyala therenneth ne.,toxic
1087,me wage wada karana aya mehema karanne wada nodanna nisa da? hariyata behave karapan.,toxic
1088,Me wage boru karaya athal danne nathuwa tikak hithapan me comment eka danapu eka.,toxic
1089,uba ta kiyanna one pissu wage wage wada nawaththanna kiyala.,toxic
1090,uba nam wada nodanna ne ne.,toxic
1091,Mokakda me me wage wada karana aya ge kata witharai wada wada? ban.,toxic
1092,uba ge kathawa ahuwama pissu wage kiyala hithenawa.,toxic
1093,"Hariyata baluwoth me comment eka danapu eka gon harakek wage ne, ban.",toxic
1094,me wage wada karana aya ta kiyanna one wada nodanna wage wada nawaththanna kiyala.,toxic
1095,"Ane manda uba, wikarayak wage behave wenne ai? meka nam athi.",toxic
1096,"Ane oya, weda bari ne.",toxic
1097,me video eka balala comment karana eka awajathaka wage tikak igena ganin.,toxic
1098,Mokakda me oya ge gon wada? comment karanna kalin hithapan.,toxic
1099,"oya ge post eka, meka nam boru karaya level ekak. comment karanna kalin hithapan.",toxic
1100,me wage wada karana aya ge me wage mole nathi comment dakkama epa wenawa.,toxic
1101,Me wage moda athal danne nathuwa tikak hithapan me comment eka danapu eka.,toxic
1102,oya ge reply eka mehema karanne moda nisa da? meka dakka gaman hina yanawa.,toxic
1103,oya ge post eka nam wada nodanna ne boruwata katha karanne.,toxic
1104,"uba, uba nam chater comment karanna kalin hithapan.",toxic
1105,"mehema wada karana eka, meka nam moda level ekak. danawada mokakda kiyala.",toxic
1106,Mokakda me oya ge kathawa ge gon athal karaya wada? hariyata wada karapan.,toxic
1107,oya wage kenek nam gon athal karaya ne hariyata wada karapan.,toxic
1108,oya ge reply eka nam hariyata therumak nathi ne hariyata.,toxic
1109,"oya ge post eka, meka nam wadak nathi level ekak. machan.",toxic
1110,"oya ge post eka, meka nam loku talk karana moda level ekak. meka dakka gaman hina yanawa.",toxic
1111,"oya ge reply eka hariyata hariyata therumak nathi wage wada karanawa, hariyata wada karapan.",toxic
1112,oya mehema karanne loku talk karana moda nisa da? poddak mole pawichchi karapan.,toxic
1113,oya ge reply eka ge kathawa ahuwama hariyata therumak nathi kiyala hithenawa.,toxic
1114,Mokakda me oya ge reply eka ge wal buruwa wada? hariyata.,toxic
1115,Me wage mole kalpana nathi athal danne nathuwa tikak hithapan oya ge reply eka.,toxic
1116,"Hariyata baluwoth oya wikarayak wage ne, ane.",toxic
1117,"oya ge reply eka, meka nam wal buruwa level ekak. hariyata behave karapan.",toxic
1118,"Ane manda oya ge kathawa, gon harakek wage behave wenne ai? poddak mole pawichchi karapan.",toxic
1119,"Ane manda me video eka balala comment karana eka, moda wage behave wenne ai? hariyata.",toxic
1120,Oya ge post eka nam mole nathi ne.,toxic
1121,"me comment eka danapu eka hariyata kata witharai wada wage wada karanawa, me wage wada nawaththapan.",toxic
1122,umbala mehema karanne kata witharai wada nisa da? kiyala therenneth ne.,toxic
1123,Mokakda me umbala ge moda wada? poddak mole pawichchi karapan.,toxic
1124,Me wage pissu wage athal danne nathuwa tikak hithapan oya ge kathawa.,toxic
1125,"Ane me comment eka danapu eka, gon athal karaya comment karanna kalin hithapan.",toxic
1126,Me wage gon athal karaya athal danne nathuwa tikak hithapan oya ge wada.,toxic
1127,"uba hariyata wadak nathi wage wada karanawa, hariyata.",toxic
1128,uba ge kathawa ahuwama wadak nathi kiyala hithenawa.,toxic
1129,Oya ge post eka nam hariyata therumak nathi hariyata wada karapan.,toxic
1130,"Ane manda oya wage kenek, pissu wage wage behave wenne ai? kiyala therenneth ne.",toxic
1131,me comment eka danapu eka ta kiyanna one boru karaya wage wada nawaththanna kiyala.,toxic
1132,"Ane manda oya ge kathawa, moda wage behave wenne ai? machan.",toxic
1133,"mehema wada karana eka, uba nam kata witharai wada ne.",toxic
1134,"Hariyata baluwoth oya ge kathawa moda wage ne, hariyata.",toxic
1135,"oya hariyata mole nathi wage wada karanawa, kata wahagena inna.",toxic
1136,"oya, uba nam loku talk karana moda meka dakka gaman hina yanawa.",toxic
1137,"oya, meka nam hariyata therumak nathi level ekak. ane.",toxic
1138,"oya ge idea eka hariyata hariyata therumak nathi wage wada karanawa, oya wage aya nisa thamai mehema wenne.",toxic
1139,oya ge kathawa mehema karanne wadak nathi nisa da? kiyala therenneth ne.,toxic
1140,"uba hariyata mole nathi wage wada karanawa, boruwata katha karanne.",toxic
1141,"Ane manda mehema wada karana eka, moda yakku wage wage behave wenne ai? tikak igena ganin.",toxic
1142,me video eka balala comment karana eka ge me wage weda bari comment dakkama epa wenawa.,toxic
1143,Mokakda me oya ge post eka ge weda bari wada? hariyata.,toxic
1144,"oya, meka nam gon athal karaya level ekak. kata wahagena inna.",toxic
1145,Me wage awajathaka wage athal danne nathuwa tikak hithapan oya wage kenek.,toxic
1146,"Ane me comment eka danapu eka, moda kiyala therenneth ne.",toxic
1147,"Ane umbala, wikarayak oya wage aya nisa thamai mehema wenne.",toxic
1148,"Ane oya, wadak nathi kiyala therenneth ne.",toxic
1149,oya wage kenek ge kathawa ahuwama kata witharai wada kiyala hithenawa.,toxic
1150,"oya ge reply eka hariyata chater wage wada karanawa, thamuse.",toxic
1151,me comment eka danapu eka ta kiyanna one moda yakku wage wage wada nawaththanna kiyala.,toxic
1152,"Ane mehema wada karana eka, kata witharai wada machan.",toxic
1153,"Ane oya, mole kalpana nathi lajja nadda.",toxic
1154,oya ge reply eka mehema karanne chater nisa da? poddak mole pawichchi karapan.,toxic
1155,Mokakda me oya wage kenek ge loku talk karana moda wada? hariyata wada karapan.,toxic
1156,mehema wada karana eka hitha nathi lajja nadda.,toxic
1157,"Hariyata baluwoth oya ge reply eka boru karaya wage ne, meka nam athi.",toxic
1158,Mokakda me oya ge post eka ge hariyata therumak nathi wada? poddak mole pawichchi karapan.,toxic
1159,me video eka balala comment karana eka mehema karanne gon nisa da? kata wahagena inna.,toxic
1160,"oya ge kathawa hariyata hitha nathi wage wada karanawa, ban.",toxic
1161,me video eka balala comment karana eka nam kata witharai wada ne meka dakka gaman hina yanawa.,toxic
1162,umbala ge kathawa ahuwama wadak nathi kiyala hithenawa.,toxic
1163,me comment eka danapu eka ge me wage moda yakku wage comment dakkama epa wenawa.,toxic
1164,me video eka balala comment karana eka gon ban.,toxic
1165,Mokakda me oya ge post eka ge boru karaya wada? ane.,toxic
1166,me wage wada karana aya ge me wage hariyata therumak nathi comment dakkama epa wenawa.,toxic
1167,"Hariyata baluwoth me comment eka danapu eka boru karaya wage ne, ne.",toxic
1168,umbala ta kiyanna one mole nathi wage wada nawaththanna kiyala.,toxic
1169,"Ane manda oya wage kenek, hariyata therumak nathi wage behave wenne ai? kata wahagena inna.",toxic
1170,oya ge post eka nam loku talk karana moda ne meka nam athi.,toxic
1171,Me wage awajathaka wage athal danne nathuwa tikak hithapan oya.,toxic
1172,Me wage moda yakku wage athal danne nathuwa tikak hithapan oya wage kenek.,toxic
1173,"Ane manda umbala, wal buruwa wage behave wenne ai? machan.",toxic
1174,Mokakda me oya ge idea eka ge wal buruwa wada? tikak igena ganin.,toxic
1175,"Ane manda oya ge idea eka, loku talk karana moda wage behave wenne ai? me wage wada nawaththapan.",toxic
1176,mehema wada karana eka nam wikarayak ne comment karanna kalin hithapan.,toxic
1177,"uba, uba nam wada nodanna lajja nadda.",toxic
1178,"oya hariyata hariyata therumak nathi wage wada karanawa, danawada mokakda kiyala.",toxic
1179,"Ane me comment eka danapu eka, boru karaya ban.",toxic
1180,"umbala, uba nam hariyata therumak nathi ane.",toxic
1181,"oya ge reply eka, uba nam hariyata therumak nathi kata wahagena inna.",toxic
1182,"Ane oya ge idea eka, boru karaya tikak igena ganin.",toxic
1183,oya ge post eka ta kiyanna one loku talk karana moda wage wada nawaththanna kiyala.,toxic
1184,Me wage hariyata therumak nathi athal danne nathuwa tikak hithapan oya ge wada.,toxic
1185,"oya hariyata mole kalpana nathi wage wada karanawa, thamuse.",toxic
1186,"Ane uba, awajathaka wage lajja nadda.",toxic
1187,oya ge kathawa ta kiyanna one gon athal karaya wage wada nawaththanna kiyala.,toxic
1188,Mokakda me me comment eka danapu eka ge gon harakek wada? boruwata katha karanne.,toxic
1189,"Ane oya, wikarayak hariyata.",toxic
1190,"mehema wada karana eka hariyata kata witharai wada wage wada karanawa, me wage wada nawaththapan.",toxic
1191,"mehema wada karana eka, meka nam wadak nathi level ekak. boruwata katha karanne.",toxic
1192,"oya ge wada hariyata awajathaka wage wage wada karanawa, hariyata wada karapan.",toxic
1193,"oya ge wada hariyata pissu wage wage wada karanawa, poddak mole pawichchi karapan.",toxic
1194,"oya ge idea eka hariyata awajathaka wage wage wada karanawa, lajja nadda.",toxic
1195,me comment eka danapu eka mehema karanne hariyata therumak nathi nisa da? ne.,toxic
1196,"Ane me wage wada karana aya, mole kalpana nathi ban.",toxic
1197,Oya ge post eka nam weda bari ne.,toxic
1198,"Ane manda oya ge post eka, wikarayak wage behave wenne ai? tikak igena ganin.",toxic
1199,"Ane oya ge reply eka, awajathaka wage thamuse.",toxic
1200,oya wage kenek mehema karanne wikarayak nisa da? tikak igena ganin.,toxic
1201,oya ge post eka ge me wage wadak nathi comment dakkama epa wenawa.,toxic
1202,"Ane manda oya ge post eka, awajathaka wage wage behave wenne ai? thamuse.",toxic
1203,Me wage weda bari athal danne nathuwa tikak hithapan me comment eka danapu eka.,toxic
1204,"oya ge idea eka, meka nam pissu wage level ekak. thamuse.",toxic
1205,oya ta kiyanna one moda yakku wage wage wada nawaththanna kiyala.,toxic
1206,Oya ge post eka nam kata witharai wada comment karanna kalin hithapan.,toxic
1207,Me wage moda yakku wage athal danne nathuwa tikak hithapan me wage wada karana aya.,toxic
1208,Mokakda me uba ge wikarayak wada? comment karanna kalin hithapan.,toxic
1209,oya ge wada mehema karanne gon harakek nisa da? ban.,toxic
1210,"oya ge wada hariyata mole kalpana nathi wage wada karanawa, lajja nadda.",toxic
1211,uba ge me wage gon athal karaya comment dakkama epa wenawa.,toxic
1212,"oya ge kathawa, uba nam kata witharai wada kiyala therenneth ne.",toxic
1213,oya ge post eka wada nodanna comment karanna kalin hithapan.,toxic
1214,Mokakda me oya wage kenek ge mole nathi wada? machan.,toxic
1215,oya ge kathawa mehema karanne kata witharai wada nisa da? me wage wada nawaththapan.,toxic
1216,"uba hariyata chater wage wada karanawa, hariyata wada karapan.",toxic
1217,"Hariyata baluwoth oya ge wada mole kalpana nathi wage ne, comment karanna kalin hithapan.",toxic
1218,oya ge post eka mehema karanne kata witharai wada nisa da? thamuse.,toxic
1219,Me wage wadak nathi athal danne nathuwa tikak hithapan me comment eka danapu eka.,toxic
1220,"oya wage kenek hariyata wal buruwa wage wada karanawa, meka nam athi.",toxic
1221,"Ane manda oya ge reply eka, wal buruwa wage behave wenne ai? comment karanna kalin hithapan.",toxic
1222,oya ge kathawa ta kiyanna one gon harakek wage wada nawaththanna kiyala.,toxic
1223,umbala ge kathawa ahuwama gon kiyala hithenawa.,toxic
1224,"Ane me video eka balala comment karana eka, wadak nathi hariyata behave karapan.",toxic
1225,Oya ge post eka nam hitha nathi ane.,toxic
1226,oya ge kathawa loku talk karana moda danawada mokakda kiyala.,toxic
1227,Mokakda me oya ge idea eka ge kata witharai wada wada? hariyata wada karapan.,toxic
1228,"mehema wada karana eka, uba nam chater me wage wada nawaththapan.",toxic
1229,"oya ge wada, uba nam moda meka nam athi.",toxic
1230,Mokakda me me video eka balala comment karana eka ge hitha nathi wada? hariyata wada karapan.,toxic
1231,"Ane manda oya ge wada, moda yakku wage wage behave wenne ai? me wage wada nawaththapan.",toxic
1232,"Hariyata baluwoth uba gon harakek wage ne, lajja nadda.",toxic
1233,"Ane manda uba, wal buruwa wage behave wenne ai? boruwata katha karanne.",toxic
1234,"Ane manda oya, gon athal karaya wage behave wenne ai? meka nam athi.",toxic
1235,"me video eka balala comment karana eka hariyata wada nodanna wage wada karanawa, danawada mokakda kiyala.",toxic
1236,"mehema wada karana eka hariyata gon athal karaya wage wada karanawa, danawada mokakda kiyala.",toxic
1237,oya ge me wage gon comment dakkama epa wenawa.,toxic
1238,"Ane manda oya ge idea eka, mole nathi wage behave wenne ai? thamuse.",toxic
1239,oya ta kiyanna one pissu wage wage wada nawaththanna kiyala.,toxic
1240,oya ge kathawa mole kalpana nathi kata wahagena inna.,toxic
1241,me wage wada karana aya moda meka nam athi.,toxic
1242,oya ge kathawa ge kathawa ahuwama boru karaya kiyala hithenawa.,toxic
1243,Me wage loku talk karana moda athal danne nathuwa tikak hithapan oya ge idea eka.,toxic
1244,"oya ge idea eka, meka nam gon level ekak. thamuse.",toxic
1245,"oya ge kathawa, meka nam kata witharai wada level ekak. danawada mokakda kiyala.",toxic
1246,"me comment eka danapu eka hariyata loku talk karana moda wage wada karanawa, boruwata katha karanne.",toxic
1247,umbala ta kiyanna one boru karaya wage wada nawaththanna kiyala.,toxic
1248,"oya ge reply eka, meka nam moda level ekak. tikak igena ganin.",toxic
1249,"Ane oya ge post eka, awajathaka wage hariyata wada karapan.",toxic
1250,me comment eka danapu eka mehema karanne wikarayak nisa da? hariyata.,toxic
1251,"oya ge reply eka hariyata loku talk karana moda wage wada karanawa, machan.",toxic
1252,uba nam moda ne machan.,toxic
1253,Mokakda me me comment eka danapu eka ge pissu wage wada? danawada mokakda kiyala.,toxic
1254,me video eka balala comment karana eka ta kiyanna one moda wage wada nawaththanna kiyala.,toxic
1255,oya nam boru karaya ne danawada mokakda kiyala.,toxic
1256,mehema wada karana eka mehema karanne gon nisa da? tikak igena ganin.,toxic
1257,"mehema wada karana eka hariyata chater wage wada karanawa, ne.",toxic
1258,mehema wada karana eka pissu wage ane.,toxic
1259,"oya ge kathawa hariyata moda wage wada karanawa, poddak mole pawichchi karapan.",toxic
1260,"Ane oya, wal buruwa hariyata behave karapan.",toxic
1261,"oya ge reply eka, meka nam moda yakku wage level ekak. poddak mole pawichchi karapan.",toxic
1262,Me wage gon athal danne nathuwa tikak hithapan oya ge wada.,toxic
1263,"Hariyata baluwoth oya wada nodanna wage ne, hariyata.",toxic
1264,"uba, uba nam weda bari hariyata.",toxic
1265,oya ge idea eka ge me wage hariyata therumak nathi comment dakkama epa wenawa.,toxic
1266,"Ane manda oya ge idea eka, mole kalpana nathi wage behave wenne ai? thamuse.",toxic
1267,oya ge me wage wikarayak comment dakkama epa wenawa.,toxic
1268,oya wage kenek mehema karanne boru karaya nisa da? ane.,toxic
1269,oya wage kenek ta kiyanna one gon athal karaya wage wada nawaththanna kiyala.,toxic
1270,"me comment eka danapu eka, uba nam boru karaya me wage wada nawaththapan.",toxic
1271,"Ane manda me wage wada karana aya, wikarayak wage behave wenne ai? danawada mokakda kiyala.",toxic
1272,Me wage loku talk karana moda athal danne nathuwa tikak hithapan oya.,toxic
1273,"oya ge post eka hariyata chater wage wada karanawa, hariyata behave karapan.",toxic
1274,oya ge kathawa mole nathi oya wage aya nisa thamai mehema wenne.,toxic
1275,"me wage wada karana aya hariyata kata witharai wada wage wada karanawa, hariyata.",toxic
1276,oya ge post eka hariyata therumak nathi machan.,toxic
1277,"oya ge idea eka, uba nam awajathaka wage ban.",toxic
1278,"Ane manda oya ge wada, mole kalpana nathi wage behave wenne ai? machan.",toxic
1279,me video eka balala comment karana eka nam gon athal karaya ne thamuse.,toxic
1280,"oya ge kathawa, meka nam wada nodanna level ekak. meka dakka gaman hina yanawa.",toxic
1281,"me video eka balala comment karana eka, uba nam awajathaka wage boruwata katha karanne.",toxic
1282,Oya ge post eka nam weda bari ane.,toxic
1283,uba gon kata wahagena inna.,toxic
1284,"oya ge wada, meka nam chater level ekak. me wage wada nawaththapan.",toxic
1285,Me wage gon athal danne nathuwa tikak hithapan me comment eka danapu eka.,toxic
1286,"Ane oya, pissu wage poddak mole pawichchi karapan.",toxic
1287,me video eka balala comment karana eka ta kiyanna one hitha nathi wage wada nawaththanna kiyala.,toxic
1288,"oya ge kathawa hariyata weda bari wage wada karanawa, boruwata katha karanne.",toxic
1289,Oya ge post eka nam mole kalpana nathi tikak igena ganin.,toxic
1290,"Ane oya, awajathaka wage boruwata katha karanne.",toxic
1291,"oya ge kathawa hariyata gon harakek wage wada karanawa, hariyata.",toxic
1292,me video eka balala comment karana eka kata witharai wada me wage wada nawaththapan.,toxic
1293,me comment eka danapu eka nam hitha nathi ne boruwata katha karanne.,toxic
1294,"Ane oya wage kenek, pissu wage machan.",toxic
1295,"oya, uba nam wal buruwa oya wage aya nisa thamai mehema wenne.",toxic
1296,oya ge post eka mehema karanne wada nodanna nisa da? danawada mokakda kiyala.,toxic
1297,me comment eka danapu eka kata witharai wada me wage wada nawaththapan.,toxic
1298,oya ge post eka loku talk karana moda poddak mole pawichchi karapan.,toxic
1299,"Ane manda me video eka balala comment karana eka, gon harakek wage behave wenne ai? kata wahagena inna.",toxic
1300,"Hariyata baluwoth oya ge wada wada nodanna wage ne, kata wahagena inna.",toxic
1301,"oya wage kenek, uba nam gon ane.",toxic
1302,oya wage kenek ge me wage chater comment dakkama epa wenawa.,toxic
1303,"Ane oya wage kenek, chater hariyata behave karapan.",toxic
1304,"oya ge post eka hariyata kata witharai wada wage wada karanawa, oya wage aya nisa thamai mehema wenne.",toxic
1305,"oya hariyata moda yakku wage wage wada karanawa, hariyata wada karapan.",toxic
1306,"oya ge post eka, meka nam awajathaka wage level ekak. hariyata wada karapan.",toxic
1307,Mokakda me oya ge idea eka ge wadak nathi wada? hariyata wada karapan.,toxic
1308,mehema wada karana eka mehema karanne loku talk karana moda nisa da? kata wahagena inna.,toxic
1309,"Hariyata baluwoth me video eka balala comment karana eka chater wage ne, comment karanna kalin hithapan.",toxic
1310,"oya ge kathawa, meka nam pissu wage level ekak. kiyala therenneth ne.",toxic
1311,me wage wada karana aya awajathaka wage ane.,toxic
1312,"Ane oya ge idea eka, wikarayak meka dakka gaman hina yanawa.",toxic
1313,"oya ge reply eka, meka nam moda level ekak. comment karanna kalin hithapan.",toxic
1314,mehema wada karana eka ge me wage gon harakek comment dakkama epa wenawa.,toxic
1315,Oya ge post eka nam mole nathi lajja nadda.,toxic
1316,"Ane uba, pissu wage danawada mokakda kiyala.",toxic
1317,umbala nam wikarayak ne hariyata behave karapan.,toxic
1318,oya ge post eka ge me wage wal buruwa comment dakkama epa wenawa.,toxic
1319,Me wage gon athal karaya athal danne nathuwa tikak hithapan me comment eka danapu eka.,toxic
1320,"oya ge idea eka, uba nam gon harakek kata wahagena inna.",toxic
1321,Mokakda me me comment eka danapu eka ge gon harakek wada? oya wage aya nisa thamai mehema wenne.,toxic
1322,me comment eka danapu eka mole nathi oya wage aya nisa thamai mehema wenne.,toxic
1323,oya ge reply eka mehema karanne wada nodanna nisa da? me wage wada nawaththapan.,toxic
1324,me video eka balala comment karana eka mehema karanne moda yakku wage nisa da? boruwata katha karanne.,toxic
1325,"oya ge kathawa, meka nam pissu wage level ekak. hariyata.",toxic
1326,"Hariyata baluwoth oya ge reply eka wada nodanna wage ne, kiyala therenneth ne.",toxic
1327,me comment eka danapu eka ge kathawa ahuwama mole nathi kiyala hithenawa.,toxic
1328,oya ge reply eka ge me wage boru karaya comment dakkama epa wenawa.,toxic
1329,Oya ge post eka nam moda hariyata behave karapan.,toxic
1330,"Ane manda me comment eka danapu eka, wal buruwa wage behave wenne ai? thamuse.",toxic
1331,"Ane oya, chater ane.",toxic
1332,Mokakda me me wage wada karana aya ge moda yakku wage wada? kiyala therenneth ne.,toxic
1333,me comment eka danapu eka nam moda ne ne.,toxic
1334,"Ane umbala, gon harakek thamuse.",toxic
1335,oya mehema karanne awajathaka wage nisa da? ne.,toxic
1336,"me wage wada karana aya hariyata boru karaya wage wada karanawa, danawada mokakda kiyala.",toxic
1337,"oya ge wada, meka nam pissu wage level ekak. boruwata katha karanne.",toxic
1338,uba ta kiyanna one chater wage wada nawaththanna kiyala.,toxic
1339,oya ge kathawa mehema karanne wal buruwa nisa da? hariyata.,toxic
1340,oya ge idea eka weda bari ne.,toxic
1341,"oya ge idea eka hariyata wal buruwa wage wada karanawa, machan.",toxic
1342,Mokakda me umbala ge wal buruwa wada? meka nam athi.,toxic
1343,"mehema wada karana eka, uba nam wadak nathi ane.",toxic
1344,Mokakda me me video eka balala comment karana eka ge moda yakku wage wada? boruwata katha karanne.,toxic
1345,oya ge kathawa gon athal karaya hariyata behave karapan.,toxic
1346,umbala mehema karanne pissu wage nisa da? kiyala therenneth ne.,toxic
1347,"uba, meka nam gon athal karaya level ekak. poddak mole pawichchi karapan.",toxic
1348,mehema wada karana eka nam loku talk karana moda ne hariyata wada karapan.,toxic
1349,me wage wada karana aya nam gon ne meka nam athi.,toxic
1350,oya ge idea eka nam hariyata therumak nathi ne hariyata wada karapan.,toxic
1351,"Ane manda mehema wada karana eka, wadak nathi wage behave wenne ai? meka nam athi.",toxic
1352,Me wage gon athal danne nathuwa tikak hithapan me wage wada karana aya.,toxic
1353,Oya ge post eka nam mole kalpana nathi poddak mole pawichchi karapan.,toxic
1354,umbala ge kathawa ahuwama moda kiyala hithenawa.,toxic
1355,"Ane manda me wage wada karana aya, mole kalpana nathi wage behave wenne ai? meka nam athi.",toxic
1356,"oya ge wada hariyata hitha nathi wage wada karanawa, oya wage aya nisa thamai mehema wenne.",toxic
1357,"Ane oya ge wada, wadak nathi ban.",toxic
1358,oya ge idea eka ge kathawa ahuwama pissu wage kiyala hithenawa.,toxic
1359,"oya ge kathawa hariyata loku talk karana moda wage wada karanawa, ne.",toxic
1360,me comment eka danapu eka wada nodanna hariyata wada karapan.,toxic
1361,"Hariyata baluwoth umbala boru karaya wage ne, poddak mole pawichchi karapan.",toxic
1362,oya ge post eka gon athal karaya danawada mokakda kiyala.,toxic
1363,Oya ge post eka nam hitha nathi kiyala therenneth ne.,toxic
1364,oya wadak nathi ane.,toxic
1365,Me wage hariyata therumak nathi athal danne nathuwa tikak hithapan me wage wada karana aya.,toxic
1366,oya ge kathawa ge me wage wada nodanna comment dakkama epa wenawa.,toxic
1367,uba ge kathawa ahuwama chater kiyala hithenawa.,toxic
1368,oya moda yakku wage meka nam athi.,toxic
1369,"Ane manda uba, boru karaya wage behave wenne ai? ane.",toxic
1370,oya mole kalpana nathi hariyata wada karapan.,toxic
1371,"oya ge wada, uba nam pissu wage tikak igena ganin.",toxic
1372,"Ane oya ge wada, moda oya wage aya nisa thamai mehema wenne.",toxic
1373,"Ane me video eka balala comment karana eka, gon athal karaya meka nam athi.",toxic
1374,"Hariyata baluwoth oya ge post eka pissu wage wage ne, poddak mole pawichchi karapan.",toxic
1375,"oya ge reply eka hariyata mole nathi wage wada karanawa, meka nam athi.",toxic
1376,Oya ge post eka nam moda yakku wage meka dakka gaman hina yanawa.,toxic
1377,"Ane oya ge idea eka, hitha nathi lajja nadda.",toxic
1378,"Ane manda oya, loku talk karana moda wage behave wenne ai? ane.",toxic
1379,"Ane manda me wage wada karana aya, loku talk karana moda wage behave wenne ai? hariyata wada karapan.",toxic
1380,"Hariyata baluwoth oya ge post eka moda yakku wage wage ne, meka nam athi.",toxic
1381,"umbala, uba nam moda yakku wage meka nam athi.",toxic
1382,"Ane oya ge reply eka, boru karaya boruwata katha karanne.",toxic
1383,"Ane manda oya ge post eka, gon harakek wage behave wenne ai? tikak igena ganin.",toxic
1384,Oya ge post eka nam wadak nathi meka dakka gaman hina yanawa.,toxic
1385,oya ta kiyanna one hitha nathi wage wada nawaththanna kiyala.,toxic
1386,"Hariyata baluwoth me comment eka danapu eka hitha nathi wage ne, me wage wada nawaththapan.",toxic
1387,"Hariyata baluwoth oya ge reply eka wadak nathi wage ne, kata wahagena inna.",toxic
1388,"me wage wada karana aya hariyata gon athal karaya wage wada karanawa, me wage wada nawaththapan.",toxic
1389,"Ane oya ge post eka, wadak nathi boruwata katha karanne.",toxic
1390,Oya ge post eka nam wikarayak me wage wada nawaththapan.,toxic
1391,Me wage wada nodanna athal danne nathuwa tikak hithapan oya ge wada.,toxic
1392,"Ane oya ge wada, loku talk karana moda hariyata wada karapan.",toxic
1393,Me wage hitha nathi athal danne nathuwa tikak hithapan oya ge kathawa.,toxic
1394,"Hariyata baluwoth uba moda wage ne, oya wage aya nisa thamai mehema wenne.",toxic
1395,"Ane oya, gon athal karaya hariyata.",toxic
1396,"me comment eka danapu eka, uba nam boru karaya thamuse.",toxic
1397,mehema wada karana eka ge kathawa ahuwama pissu wage kiyala hithenawa.,toxic
1398,Mokakda me me wage wada karana aya ge wadak nathi wada? kata wahagena inna.,toxic
1399,"me wage wada karana aya, meka nam hariyata therumak nathi level ekak. me wage wada nawaththapan.",toxic
1400,"Ane oya ge post eka, wadak nathi thamuse.",toxic
1401,"Hariyata baluwoth oya ge wada loku talk karana moda wage ne, hariyata behave karapan.",toxic
1402,oya ge post eka mehema karanne gon harakek nisa da? hariyata.,toxic
1403,Mokakda me oya ge idea eka ge gon athal karaya wada? tikak igena ganin.,toxic
1404,oya ge idea eka ge me wage mole nathi comment dakkama epa wenawa.,toxic
1405,Oya ge post eka nam pissu wage meka dakka gaman hina yanawa.,toxic
1406,"me video eka balala comment karana eka, uba nam gon me wage wada nawaththapan.",toxic
1407,"oya ge wada, uba nam hariyata therumak nathi hariyata.",toxic
1408,uba ta kiyanna one hitha nathi wage wada nawaththanna kiyala.,toxic
1409,"Hariyata baluwoth oya ge wada kata witharai wada wage ne, comment karanna kalin hithapan.",toxic
1410,"oya, uba nam weda bari machan.",toxic
1411,Me wage wikarayak athal danne nathuwa tikak hithapan oya wage kenek.,toxic
1412,"Hariyata baluwoth oya ge idea eka gon wage ne, hariyata.",toxic
1413,oya ge idea eka mehema karanne weda bari nisa da? meka nam athi.,toxic
1414,"oya ge wada, meka nam gon athal karaya level ekak. ban.",toxic
1415,me wage wada karana aya ge me wage weda bari comment dakkama epa wenawa.,toxic
1416,"Hariyata baluwoth me wage wada karana aya mole kalpana nathi wage ne, tikak igena ganin.",toxic
1417,"Ane mehema wada karana eka, hitha nathi hariyata wada karapan.",toxic
1418,Oya ge post eka nam wikarayak oya wage aya nisa thamai mehema wenne.,toxic
1419,me video eka balala comment karana eka ge kathawa ahuwama awajathaka wage kiyala hithenawa.,toxic
1420,"Hariyata baluwoth me comment eka danapu eka gon harakek wage ne, hariyata.",toxic
1421,umbala ge kathawa ahuwama mole kalpana nathi kiyala hithenawa.,toxic
1422,Mokakda me mehema wada karana eka ge gon athal karaya wada? poddak mole pawichchi karapan.,toxic
1423,uba ta kiyanna one loku talk karana moda wage wada nawaththanna kiyala.,toxic
1424,oya wage kenek ta kiyanna one boru karaya wage wada nawaththanna kiyala.,toxic
1425,Me wage gon harakek athal danne nathuwa tikak hithapan oya.,toxic
1426,me wage wada karana aya mehema karanne boru karaya nisa da? machan.,toxic
1427,uba hariyata therumak nathi hariyata wada karapan.,toxic
1428,Mokakda me oya ge wada ge loku talk karana moda wada? hariyata behave karapan.,toxic
1429,"Hariyata baluwoth umbala wadak nathi wage ne, ane.",toxic
1430,"oya ge wada, uba nam loku talk karana moda comment karanna kalin hithapan.",toxic
1431,Oya ge post eka nam wada nodanna comment karanna kalin hithapan.,toxic
1432,oya nam kata witharai wada ne hariyata.,toxic
1433,"Ane oya, awajathaka wage hariyata.",toxic
1434,"Hariyata baluwoth me video eka balala comment karana eka chater wage ne, hariyata behave karapan.",toxic
1435,"oya wage kenek hariyata kata witharai wada wage wada karanawa, hariyata behave karapan.",toxic
1436,"Hariyata baluwoth me wage wada karana aya gon wage ne, me wage wada nawaththapan.",toxic
1437,Oya ge post eka nam loku talk karana moda comment karanna kalin hithapan.,toxic
1438,"oya ge post eka hariyata kata witharai wada wage wada karanawa, kata wahagena inna.",toxic
1439,Mokakda me oya ge awajathaka wage wada? lajja nadda.,toxic
1440,"me wage wada karana aya, uba nam boru karaya lajja nadda.",toxic
1441,"oya ge kathawa hariyata pissu wage wage wada karanawa, machan.",toxic
1442,mehema wada karana eka ge kathawa ahuwama wikarayak kiyala hithenawa.,toxic
1443,"oya ge reply eka hariyata gon athal karaya wage wada karanawa, ban.",toxic
1444,"Hariyata baluwoth me video eka balala comment karana eka weda bari wage ne, hariyata.",toxic
1445,"me comment eka danapu eka, meka nam hitha nathi level ekak. machan.",toxic
1446,oya wage kenek mehema karanne hitha nathi nisa da? meka nam athi.,toxic
1447,me wage wada karana aya ge kathawa ahuwama moda yakku wage kiyala hithenawa.,toxic
1448,"umbala, uba nam chater ne.",toxic
1449,"Ane manda umbala, gon harakek wage behave wenne ai? ne.",toxic
1450,"me video eka balala comment karana eka, meka nam gon harakek level ekak. hariyata.",toxic
1451,"Ane oya ge kathawa, gon harakek meka nam athi.",toxic
1452,"Ane oya ge idea eka, mole nathi tikak igena ganin.",toxic
1453,"uba, meka nam wikarayak level ekak. meka nam athi.",toxic
1454,"oya ge idea eka hariyata gon wage wada karanawa, ban.",toxic
1455,uba ta kiyanna one wal buruwa wage wada nawaththanna kiyala.,toxic
1456,oya wage kenek nam hitha nathi ne machan.,toxic
1457,oya ge post eka mehema karanne hariyata therumak nathi nisa da? meka nam athi.,toxic
1458,umbala mehema karanne wadak nathi nisa da? thamuse.,toxic
1459,me wage wada karana aya wada nodanna meka dakka gaman hina yanawa.,toxic
1460,oya ge reply eka nam loku talk karana moda ne tikak igena ganin.,toxic
1461,oya wage kenek ta kiyanna one kata witharai wada wage wada nawaththanna kiyala.,toxic
1462,oya ge reply eka kata witharai wada kiyala therenneth ne.,toxic
1463,"uba hariyata moda wage wada karanawa, hariyata wada karapan.",toxic
1464,"Hariyata baluwoth mehema wada karana eka wada nodanna wage ne, hariyata.",toxic
1465,"Ane me comment eka danapu eka, chater boruwata katha karanne.",toxic
1466,uba kata witharai wada hariyata.,toxic
1467,oya nam mole kalpana nathi ne comment karanna kalin hithapan.,toxic
1468,"Ane manda oya ge kathawa, wal buruwa wage behave wenne ai? lajja nadda.",toxic
1469,oya ge reply eka mehema karanne pissu wage nisa da? thamuse.,toxic
1470,"Ane manda oya ge reply eka, hitha nathi wage behave wenne ai? meka nam athi.",toxic
1471,Mokakda me oya ge wada ge hitha nathi wada? me wage wada nawaththapan.,toxic
1472,oya ge kathawa kata witharai wada tikak igena ganin.,toxic
1473,"Ane me wage wada karana aya, loku talk karana moda hariyata behave karapan.",toxic
1474,me comment eka danapu eka nam weda bari ne tikak igena ganin.,toxic
1475,"Ane uba, mole kalpana nathi tikak igena ganin.",toxic
1476,oya wage kenek mehema karanne gon athal karaya nisa da? kiyala therenneth ne.,toxic
1477,Me wage mole kalpana nathi athal danne nathuwa tikak hithapan me wage wada karana aya.,toxic
1478,me video eka balala comment karana eka nam wadak nathi ne tikak igena ganin.,toxic
1479,"oya wage kenek, meka nam kata witharai wada level ekak. comment karanna kalin hithapan.",toxic
1480,me wage wada karana aya ge kathawa ahuwama wikarayak kiyala hithenawa.,toxic
1481,"Hariyata baluwoth oya ge reply eka moda yakku wage wage ne, boruwata katha karanne.",toxic
1482,Me wage wadak nathi athal danne nathuwa tikak hithapan me video eka balala comment karana eka.,toxic
1483,"Ane manda oya wage kenek, boru karaya wage behave wenne ai? ban.",toxic
1484,"Ane manda mehema wada karana eka, wadak nathi wage behave wenne ai? danawada mokakda kiyala.",toxic
1485,oya ge kathawa gon athal karaya danawada mokakda kiyala.,toxic
1486,"Ane manda oya ge reply eka, awajathaka wage wage behave wenne ai? hariyata behave karapan.",toxic
1487,Me wage gon harakek athal danne nathuwa tikak hithapan oya ge reply eka.,toxic
1488,umbala nam wal buruwa ne tikak igena ganin.,toxic
1489,"oya ge reply eka, meka nam hariyata therumak nathi level ekak. kata wahagena inna.",toxic
1490,"Hariyata baluwoth mehema wada karana eka loku talk karana moda wage ne, ane.",toxic
1491,oya mehema karanne moda nisa da? kiyala therenneth ne.,toxic
1492,"Ane me comment eka danapu eka, mole nathi machan.",toxic
1493,"Ane oya ge kathawa, wal buruwa hariyata wada karapan.",toxic
1494,oya ge wada ge me wage hitha nathi comment dakkama epa wenawa.,toxic
1495,"Ane mehema wada karana eka, gon harakek hariyata wada karapan.",toxic
1496,Mokakda me me wage wada karana aya ge chater wada? me wage wada nawaththapan.,toxic
1497,"Ane umbala, wadak nathi ban.",toxic
1498,oya ge kathawa mehema karanne kata witharai wada nisa da? tikak igena ganin.,toxic
1499,"Hariyata baluwoth me wage wada karana aya weda bari wage ne, oya wage aya nisa thamai mehema wenne.",toxic
1500,"Ane oya ge post eka, gon thamuse.",toxic
1501,"Hariyata baluwoth oya ge reply eka gon athal karaya wage ne, machan.",toxic
1502,"umbala hariyata boru karaya wage wada karanawa, ne.",toxic
1503,"Ane me wage wada karana aya, gon ne.",toxic
1504,"mehema wada karana eka hariyata kata witharai wada wage wada karanawa, ne.",toxic
1505,Mokakda me oya ge wada ge moda yakku wage wada? danawada mokakda kiyala.,toxic
1506,"umbala hariyata moda wage wada karanawa, thamuse.",toxic
1507,oya nam wal buruwa ne ban.,toxic
1508,"oya ge post eka hariyata gon athal karaya wage wada karanawa, hariyata wada karapan.",toxic
1509,Oya ge post eka nam gon athal karaya hariyata behave karapan.,toxic
1510,Oya ge post eka nam wikarayak hariyata behave karapan.,toxic
1511,"Ane manda oya, wadak nathi wage behave wenne ai? hariyata wada karapan.",toxic
1512,oya ge post eka nam gon harakek ne meka dakka gaman hina yanawa.,toxic
1513,"Ane manda oya ge wada, hitha nathi wage behave wenne ai? meka nam athi.",toxic
1514,"oya ge reply eka hariyata boru karaya wage wada karanawa, thamuse.",toxic
1515,me wage wada karana aya hitha nathi hariyata.,toxic
1516,"oya, uba nam hariyata therumak nathi poddak mole pawichchi karapan.",toxic
1517,me video eka balala comment karana eka wikarayak kiyala therenneth ne.,toxic
1518,"Hariyata baluwoth me comment eka danapu eka loku talk karana moda wage ne, boruwata katha karanne.",toxic
1519,Mokakda me umbala ge wadak nathi wada? machan.,toxic
1520,Mokakda me umbala ge hitha nathi wada? poddak mole pawichchi karapan.,toxic
1521,mehema wada karana eka wikarayak meka dakka gaman hina yanawa.,toxic
1522,me comment eka danapu eka mole nathi ane.,toxic
1523,"oya ge idea eka, uba nam gon harakek kiyala therenneth ne.",toxic
1524,umbala ge me wage gon harakek comment dakkama epa wenawa.,toxic
1525,umbala chater danawada mokakda kiyala.,toxic
1526,oya ge wada mehema karanne wadak nathi nisa da? machan.,toxic
1527,"Ane manda oya ge post eka, gon harakek wage behave wenne ai? lajja nadda.",toxic
1528,Mokakda me oya wage kenek ge wikarayak wada? ban.,toxic
1529,Me wage pissu wage athal danne nathuwa tikak hithapan oya wage kenek.,toxic
1530,"oya ge kathawa hariyata wada nodanna wage wada karanawa, hariyata behave karapan.",toxic
1531,me wage wada karana aya mehema karanne loku talk karana moda nisa da? kata wahagena inna.,toxic
1532,"Ane manda me video eka balala comment karana eka, weda bari wage behave wenne ai? lajja nadda.",toxic
1533,mehema wada karana eka ta kiyanna one loku talk karana moda wage wada nawaththanna kiyala.,toxic
1534,me comment eka danapu eka mehema karanne kata witharai wada nisa da? ane.,toxic
1535,Mokakda me oya ge weda bari wada? ban.,toxic
1536,oya ge kathawa hariyata therumak nathi hariyata wada karapan.,toxic
1537,me video eka balala comment karana eka mehema karanne wikarayak nisa da? meka dakka gaman hina yanawa.,toxic
1538,Oya ge post eka nam pissu wage danawada mokakda kiyala.,toxic
1539,oya mole nathi thamuse.,toxic
1540,uba ta kiyanna one wikarayak wage wada nawaththanna kiyala.,toxic
1541,Mokakda me mehema wada karana eka ge gon harakek wada? kata wahagena inna.,toxic
1542,oya ge idea eka mehema karanne wikarayak nisa da? ban.,toxic
1543,oya nam wal buruwa ne me wage wada nawaththapan.,toxic
1544,"oya ge reply eka, uba nam boru karaya machan.",toxic
1545,"oya hariyata mole kalpana nathi wage wada karanawa, boruwata katha karanne.",toxic
1546,umbala mehema karanne moda nisa da? lajja nadda.,toxic
1547,oya ge reply eka ge kathawa ahuwama gon kiyala hithenawa.,toxic
1548,me wage wada karana aya ge kathawa ahuwama weda bari kiyala hithenawa.,toxic
1549,uba gon poddak mole pawichchi karapan.,toxic
1550,uba ge kathawa ahuwama gon harakek kiyala hithenawa.,toxic
1551,uba wal buruwa danawada mokakda kiyala.,toxic
1552,me video eka balala comment karana eka ge kathawa ahuwama chater kiyala hithenawa.,toxic
1553,"Ane me comment eka danapu eka, hariyata therumak nathi kiyala therenneth ne.",toxic
1554,"Ane manda oya wage kenek, pissu wage wage behave wenne ai? danawada mokakda kiyala.",toxic
1555,oya ge reply eka ge me wage weda bari comment dakkama epa wenawa.,toxic
1556,"uba, uba nam gon tikak igena ganin.",toxic
1557,"Hariyata baluwoth me video eka balala comment karana eka loku talk karana moda wage ne, poddak mole pawichchi karapan.",toxic
1558,"me video eka balala comment karana eka, uba nam loku talk karana moda meka nam athi.",toxic
1559,oya pissu wage kiyala therenneth ne.,toxic
1560,oya mehema karanne moda yakku wage nisa da? boruwata katha karanne.,toxic
1561,"oya wage kenek, uba nam boru karaya meka nam athi.",toxic
1562,"Ane oya ge wada, chater ne.",toxic
1563,Mokakda me umbala ge hariyata therumak nathi wada? boruwata katha karanne.,toxic
1564,uba nam wikarayak ne boruwata katha karanne.,toxic
1565,"Ane mehema wada karana eka, wikarayak danawada mokakda kiyala.",toxic
1566,Oya ge post eka nam gon boruwata katha karanne.,toxic
1567,"uba hariyata mole nathi wage wada karanawa, me wage wada nawaththapan.",toxic
1568,"umbala, uba nam wada nodanna comment karanna kalin hithapan.",toxic
1569,Mokakda me umbala ge hitha nathi wada? tikak igena ganin.,toxic
1570,mehema wada karana eka ta kiyanna one kata witharai wada wage wada nawaththanna kiyala.,toxic
1571,"oya ge post eka, uba nam wadak nathi hariyata wada karapan.",toxic
1572,"Ane me video eka balala comment karana eka, weda bari ane.",toxic
1573,"Ane manda oya ge idea eka, mole kalpana nathi wage behave wenne ai? ban.",toxic
1574,oya ge post eka gon thamuse.,toxic
1575,"Hariyata baluwoth umbala mole kalpana nathi wage ne, tikak igena ganin.",toxic
1576,Oya ge post eka nam wada nodanna hariyata wada karapan.,toxic
1577,"Ane me video eka balala comment karana eka, mole kalpana nathi ne.",toxic
1578,Oya ge post eka nam gon machan.,toxic
1579,"Ane me comment eka danapu eka, wadak nathi lajja nadda.",toxic
1580,oya ge reply eka nam awajathaka wage ne kiyala therenneth ne.,toxic
1581,oya ge post eka nam moda ne kata wahagena inna.,toxic
1582,"me comment eka danapu eka, uba nam wada nodanna comment karanna kalin hithapan.",toxic
1583,"Ane manda oya ge reply eka, hariyata therumak nathi wage behave wenne ai? machan.",toxic
1584,"Ane uba, wal buruwa danawada mokakda kiyala.",toxic
1585,umbala mehema karanne gon nisa da? ban.,toxic
1586,"uba hariyata hitha nathi wage wada karanawa, boruwata katha karanne.",toxic
1587,"oya ge reply eka, meka nam boru karaya level ekak. poddak mole pawichchi karapan.",toxic
1588,Me wage weda bari athal danne nathuwa tikak hithapan oya ge kathawa.,toxic
1589,mehema wada karana eka ge me wage moda comment dakkama epa wenawa.,toxic
1590,"umbala, uba nam wal buruwa boruwata katha karanne.",toxic
1591,me wage wada karana aya ta kiyanna one wadak nathi wage wada nawaththanna kiyala.,toxic
1592,Mokakda me oya ge post eka ge hariyata therumak nathi wada? machan.,toxic
1593,mehema wada karana eka ta kiyanna one hariyata therumak nathi wage wada nawaththanna kiyala.,toxic
1594,"mehema wada karana eka, uba nam wal buruwa meka nam athi.",toxic
1595,oya ge reply eka ta kiyanna one gon harakek wage wada nawaththanna kiyala.,toxic
1596,"uba, uba nam wal buruwa ane.",toxic
1597,oya mole kalpana nathi ne.,toxic
1598,"Hariyata baluwoth oya ge wada kata witharai wada wage ne, hariyata behave karapan.",toxic
1599,Me wage mole kalpana nathi athal danne nathuwa tikak hithapan umbala.,toxic
1600,"mehema wada karana eka hariyata awajathaka wage wage wada karanawa, meka dakka gaman hina yanawa.",toxic
1601,mehema wada karana eka nam kata witharai wada ne lajja nadda.,toxic
1602,"Hariyata baluwoth me video eka balala comment karana eka chater wage ne, boruwata katha karanne.",toxic
1603,"Ane oya wage kenek, weda bari boruwata katha karanne.",toxic
1604,"me video eka balala comment karana eka, meka nam awajathaka wage level ekak. comment karanna kalin hithapan.",toxic
1605,umbala ta kiyanna one weda bari wage wada nawaththanna kiyala.,toxic
1606,"Ane manda oya ge idea eka, moda yakku wage wage behave wenne ai? kiyala therenneth ne.",toxic
1607,umbala ge kathawa ahuwama mole nathi kiyala hithenawa.,toxic
1608,me comment eka danapu eka mehema karanne wadak nathi nisa da? lajja nadda.,toxic
1609,"me video eka balala comment karana eka hariyata wadak nathi wage wada karanawa, ne.",toxic
1610,"oya ge post eka, uba nam wal buruwa ane.",toxic
1611,uba nam boru karaya ne hariyata wada karapan.,toxic
1612,oya mehema karanne moda yakku wage nisa da? meka dakka gaman hina yanawa.,toxic
1613,"oya hariyata mole kalpana nathi wage wada karanawa, danawada mokakda kiyala.",toxic
1614,"mehema wada karana eka, uba nam wal buruwa poddak mole pawichchi karapan.",toxic
1615,umbala nam wal buruwa ne hariyata behave karapan.,toxic
1616,Mokakda me oya ge kathawa ge hariyata therumak nathi wada? me wage wada nawaththapan.,toxic
1617,"Hariyata baluwoth oya ge idea eka kata witharai wada wage ne, meka nam athi.",toxic
1618,me comment eka danapu eka loku talk karana moda lajja nadda.,toxic
1619,oya nam loku talk karana moda ne ne.,toxic
1620,Me wage mole nathi athal danne nathuwa tikak hithapan umbala.,toxic
1621,"Ane manda me wage wada karana aya, awajathaka wage wage behave wenne ai? kata wahagena inna.",toxic
1622,"Ane me comment eka danapu eka, mole kalpana nathi comment karanna kalin hithapan.",toxic
1623,oya ge wada ta kiyanna one wikarayak wage wada nawaththanna kiyala.,toxic
1624,"oya hariyata awajathaka wage wage wada karanawa, boruwata katha karanne.",toxic
1625,"Hariyata baluwoth oya moda yakku wage wage ne, oya wage aya nisa thamai mehema wenne.",toxic
1626,oya ge post eka nam mole nathi ne lajja nadda.,toxic
1627,umbala ge me wage pissu wage comment dakkama epa wenawa.,toxic
1628,"oya wage kenek, meka nam moda level ekak. meka nam athi.",toxic
1629,Oya ge post eka nam moda hariyata.,toxic
1630,"Ane oya ge kathawa, wikarayak thamuse.",toxic
1631,"me wage wada karana aya, meka nam weda bari level ekak. machan.",toxic
1632,"oya hariyata mole kalpana nathi wage wada karanawa, meka dakka gaman hina yanawa.",toxic
1633,"Ane oya ge kathawa, hariyata therumak nathi meka nam athi.",toxic
1634,"Ane oya, wal buruwa thamuse.",toxic
1635,oya ge reply eka mehema karanne moda nisa da? ne.,toxic
1636,"Ane manda oya ge reply eka, wal buruwa wage behave wenne ai? me wage wada nawaththapan.",toxic
1637,"me video eka balala comment karana eka, uba nam hariyata therumak nathi oya wage aya nisa thamai mehema wenne.",toxic
1638,oya ge idea eka mole nathi lajja nadda.,toxic
1639,"oya ge post eka hariyata wada nodanna wage wada karanawa, hariyata wada karapan.",toxic
1640,Oya ge post eka nam boru karaya boruwata katha karanne.,toxic
1641,"Ane manda oya, mole nathi wage behave wenne ai? comment karanna kalin hithapan.",toxic
1642,"Ane umbala, kata witharai wada kiyala therenneth ne.",toxic
1643,Me wage gon athal danne nathuwa tikak hithapan oya ge post eka.,toxic
1644,oya ge wada mehema karanne wikarayak nisa da? ane.,toxic
1645,oya ge reply eka nam hariyata therumak nathi ne ane.,toxic
1646,"Ane manda uba, awajathaka wage wage behave wenne ai? kiyala therenneth ne.",toxic
1647,"oya ge kathawa hariyata wadak nathi wage wada karanawa, ne.",toxic
1648,Me wage weda bari athal danne nathuwa tikak hithapan oya wage kenek.,toxic
1649,Oya ge post eka nam chater lajja nadda.,toxic
1650,oya nam wikarayak ne tikak igena ganin.,toxic
1651,"Ane me comment eka danapu eka, wadak nathi comment karanna kalin hithapan.",toxic
1652,oya ge wada wikarayak thamuse.,toxic
1653,"Ane oya wage kenek, chater thamuse.",toxic
1654,"me comment eka danapu eka, meka nam moda yakku wage level ekak. comment karanna kalin hithapan.",toxic
1655,Oya ge post eka nam weda bari hariyata behave karapan.,toxic
1656,"me video eka balala comment karana eka hariyata wada nodanna wage wada karanawa, comment karanna kalin hithapan.",toxic
1657,"Ane manda oya ge post eka, chater wage behave wenne ai? hariyata.",toxic
1658,Me wage mole kalpana nathi athal danne nathuwa tikak hithapan oya ge wada.,toxic
1659,me video eka balala comment karana eka chater boruwata katha karanne.,toxic
1660,oya moda yakku wage boruwata katha karanne.,toxic
1661,"oya wage kenek, uba nam kata witharai wada danawada mokakda kiyala.",toxic
1662,"me comment eka danapu eka, meka nam hariyata therumak nathi level ekak. tikak igena ganin.",toxic
1663,"Hariyata baluwoth oya mole kalpana nathi wage ne, me wage wada nawaththapan.",toxic
1664,"me video eka balala comment karana eka hariyata kata witharai wada wage wada karanawa, hariyata behave karapan.",toxic
1665,"Ane oya ge idea eka, mole kalpana nathi hariyata wada karapan.",toxic
1666,"Hariyata baluwoth me comment eka danapu eka hariyata therumak nathi wage ne, ne.",toxic
1667,Me wage hariyata therumak nathi athal danne nathuwa tikak hithapan mehema wada karana eka.,toxic
1668,"Hariyata baluwoth umbala awajathaka wage wage ne, danawada mokakda kiyala.",toxic
1669,Oya ge post eka nam chater poddak mole pawichchi karapan.,toxic
1670,Mokakda me me wage wada karana aya ge gon wada? hariyata behave karapan.,toxic
1671,Oya ge post eka nam mole kalpana nathi lajja nadda.,toxic
1672,"me wage wada karana aya, uba nam gon athal karaya meka dakka gaman hina yanawa.",toxic
1673,Mokakda me oya ge kathawa ge boru karaya wada? comment karanna kalin hithapan.,toxic
1674,oya wage kenek chater me wage wada nawaththapan.,toxic
1675,"oya ge wada, uba nam awajathaka wage hariyata behave karapan.",toxic
1676,"Hariyata baluwoth oya mole nathi wage ne, hariyata.",toxic
1677,"me comment eka danapu eka, uba nam pissu wage tikak igena ganin.",toxic
1678,"Ane manda me wage wada karana aya, wikarayak wage behave wenne ai? hariyata wada karapan.",toxic
1679,oya ge post eka nam awajathaka wage ne meka dakka gaman hina yanawa.,toxic
1680,me video eka balala comment karana eka nam mole nathi ne ne.,toxic
1681,Mokakda me oya wage kenek ge boru karaya wada? kiyala therenneth ne.,toxic
1682,umbala loku talk karana moda kata wahagena inna.,toxic
1683,Oya ge post eka nam boru karaya meka nam athi.,toxic
1684,Oya ge post eka nam chater me wage wada nawaththapan.,toxic
1685,oya ge kathawa nam hitha nathi ne lajja nadda.,toxic
1686,oya ge kathawa ge me wage wikarayak comment dakkama epa wenawa.,toxic
1687,mehema wada karana eka ge me wage moda yakku wage comment dakkama epa wenawa.,toxic
1688,"Ane manda oya ge reply eka, mole kalpana nathi wage behave wenne ai? hariyata.",toxic
1689,Me wage mole nathi athal danne nathuwa tikak hithapan oya ge reply eka.,toxic
1690,"me wage wada karana aya, uba nam awajathaka wage kiyala therenneth ne.",toxic
1691,Mokakda me me comment eka danapu eka ge mole kalpana nathi wada? comment karanna kalin hithapan.,toxic
1692,oya ge me wage loku talk karana moda comment dakkama epa wenawa.,toxic
1693,me comment eka danapu eka nam kata witharai wada ne tikak igena ganin.,toxic
1694,oya ge wada gon hariyata wada karapan.,toxic
1695,Me wage loku talk karana moda athal danne nathuwa tikak hithapan oya ge kathawa.,toxic
1696,me video eka balala comment karana eka wikarayak poddak mole pawichchi karapan.,toxic
1697,Mokakda me uba ge hitha nathi wada? hariyata.,toxic
1698,oya ge kathawa ge me wage mole kalpana nathi comment dakkama epa wenawa.,toxic
1699,oya wage kenek nam moda yakku wage ne lajja nadda.,toxic
1700,"Ane manda me wage wada karana aya, gon wage behave wenne ai? hariyata behave karapan.",toxic
1701,oya ge reply eka mehema karanne pissu wage nisa da? boruwata katha karanne.,toxic
1702,oya ge wada mehema karanne mole nathi nisa da? hariyata wada karapan.,toxic
1703,Mokakda me oya ge wada ge kata witharai wada wada? meka nam athi.,toxic
1704,oya ge reply eka nam moda ne poddak mole pawichchi karapan.,toxic
1705,"Ane oya ge idea eka, chater machan.",toxic
1706,"Ane oya ge kathawa, moda ban.",toxic
1707,"Ane manda mehema wada karana eka, chater wage behave wenne ai? meka nam athi.",toxic
1708,"Hariyata baluwoth uba wal buruwa wage ne, hariyata behave karapan.",toxic
1709,"mehema wada karana eka hariyata chater wage wada karanawa, hariyata behave karapan.",toxic
1710,oya ge wada mehema karanne hariyata therumak nathi nisa da? oya wage aya nisa thamai mehema wenne.,toxic
1711,"oya ge idea eka, uba nam gon lajja nadda.",toxic
1712,oya ge post eka moda lajja nadda.,toxic
1713,"me video eka balala comment karana eka, uba nam chater hariyata behave karapan.",toxic
1714,Oya ge post eka nam gon harakek oya wage aya nisa thamai mehema wenne.,toxic
1715,Mokakda me me comment eka danapu eka ge hitha nathi wada? ane.,toxic
1716,me comment eka danapu eka nam wikarayak ne hariyata.,toxic
1717,mehema wada karana eka mehema karanne hariyata therumak nathi nisa da? machan.,toxic
1718,oya ge reply eka weda bari hariyata.,toxic
1719,oya ge post eka ta kiyanna one gon athal karaya wage wada nawaththanna kiyala.,toxic
1720,"oya ge kathawa, meka nam wal buruwa level ekak. me wage wada nawaththapan.",toxic
1721,"Ane me video eka balala comment karana eka, mole nathi ane.",toxic
1722,oya ge idea eka nam wadak nathi ne poddak mole pawichchi karapan.,toxic
1723,oya ge reply eka nam boru karaya ne tikak igena ganin.,toxic
1724,oya ge idea eka ge me wage wada nodanna comment dakkama epa wenawa.,toxic
1725,oya wage kenek nam chater ne poddak mole pawichchi karapan.,toxic
1726,me video eka balala comment karana eka nam hitha nathi ne kiyala therenneth ne.,toxic
1727,"Hariyata baluwoth me comment eka danapu eka wal buruwa wage ne, hariyata.",toxic
1728,"me video eka balala comment karana eka, uba nam boru karaya boruwata katha karanne.",toxic
1729,mehema wada karana eka gon athal karaya comment karanna kalin hithapan.,toxic
1730,"oya ge post eka hariyata wal buruwa wage wada karanawa, oya wage aya nisa thamai mehema wenne.",toxic
1731,"me video eka balala comment karana eka, meka nam hariyata therumak nathi level ekak. hariyata wada karapan.",toxic
1732,"Hariyata baluwoth oya ge idea eka wadak nathi wage ne, hariyata.",toxic
1733,oya wage kenek kata witharai wada machan.,toxic
1734,oya ge post eka nam moda ne hariyata wada karapan.,toxic
1735,"Ane manda me comment eka danapu eka, awajathaka wage wage behave wenne ai? ane.",toxic
1736,"Hariyata baluwoth me video eka balala comment karana eka mole kalpana nathi wage ne, meka dakka gaman hina yanawa.",toxic
1737,"Ane oya ge kathawa, pissu wage meka nam athi.",toxic
1738,"oya ge idea eka, uba nam hitha nathi boruwata katha karanne.",toxic
1739,oya ge kathawa ta kiyanna one loku talk karana moda wage wada nawaththanna kiyala.,toxic
1740,me comment eka danapu eka hitha nathi lajja nadda.,toxic
1741,me video eka balala comment karana eka ta kiyanna one kata witharai wada wage wada nawaththanna kiyala.,toxic
1742,uba mehema karanne hariyata therumak nathi nisa da? kata wahagena inna.,toxic
1743,oya ge post eka nam hitha nathi ne kata wahagena inna.,toxic
1744,"Hariyata baluwoth oya ge kathawa kata witharai wada wage ne, kiyala therenneth ne.",toxic
1745,oya ge idea eka mehema karanne moda yakku wage nisa da? hariyata behave karapan.,toxic
1746,"mehema wada karana eka, meka nam boru karaya level ekak. boruwata katha karanne.",toxic
1747,oya ge idea eka gon athal karaya hariyata wada karapan.,toxic
1748,Me wage chater athal danne nathuwa tikak hithapan me wage wada karana aya.,toxic
1749,"Ane manda oya ge reply eka, gon harakek wage behave wenne ai? oya wage aya nisa thamai mehema wenne.",toxic
1750,"Hariyata baluwoth uba gon wage ne, oya wage aya nisa thamai mehema wenne.",toxic
1751,"me video eka balala comment karana eka, uba nam gon athal karaya ne.",toxic
1752,Me wage wal buruwa athal danne nathuwa tikak hithapan umbala.,toxic
1753,me wage wada karana aya nam wada nodanna ne meka dakka gaman hina yanawa.,toxic
1754,Mokakda me oya wage kenek ge boru karaya wada? machan.,toxic
1755,"Ane manda oya ge reply eka, wal buruwa wage behave wenne ai? tikak igena ganin.",toxic
1756,"Ane oya ge reply eka, mole kalpana nathi ne.",toxic
1757,"Ane manda mehema wada karana eka, awajathaka wage wage behave wenne ai? boruwata katha karanne.",toxic
1758,"Ane manda oya ge kathawa, awajathaka wage wage behave wenne ai? poddak mole pawichchi karapan.",toxic
1759,oya wage kenek nam wal buruwa ne oya wage aya nisa thamai mehema wenne.,toxic
1760,Oya ge post eka nam loku talk karana moda hariyata behave karapan.,toxic
1761,Me wage chater athal danne nathuwa tikak hithapan oya ge kathawa.,toxic
1762,Oya ge post eka nam kata witharai wada hariyata behave karapan.,toxic
1763,oya mole nathi tikak igena ganin.,toxic
1764,oya ge wada ta kiyanna one weda bari wage wada nawaththanna kiyala.,toxic
1765,"Ane oya ge wada, hitha nathi thamuse.",toxic
1766,"oya ge post eka, uba nam hariyata therumak nathi oya wage aya nisa thamai mehema wenne.",toxic
1767,"Ane oya wage kenek, wada nodanna thamuse.",toxic
1768,"me comment eka danapu eka hariyata gon wage wada karanawa, hariyata behave karapan.",toxic
1769,uba ge me wage hariyata therumak nathi comment dakkama epa wenawa.,toxic
1770,"oya, meka nam wal buruwa level ekak. meka nam athi.",toxic
1771,"oya ge kathawa, uba nam loku talk karana moda machan.",toxic
1772,oya ge post eka mehema karanne wal buruwa nisa da? hariyata.,toxic
1773,me wage wada karana aya wadak nathi ane.,toxic
1774,oya ge kathawa mehema karanne gon nisa da? tikak igena ganin.,toxic
1775,"Ane manda oya, weda bari wage behave wenne ai? hariyata behave karapan.",toxic
1776,oya ge kathawa nam mole kalpana nathi ne me wage wada nawaththapan.,toxic
1777,oya ge kathawa ahuwama chater kiyala hithenawa.,toxic
1778,"Hariyata baluwoth mehema wada karana eka wal buruwa wage ne, poddak mole pawichchi karapan.",toxic
1779,me comment eka danapu eka ta kiyanna one loku talk karana moda wage wada nawaththanna kiyala.,toxic
1780,oya ge wada nam wal buruwa ne ban.,toxic
1781,oya ge post eka mehema karanne wikarayak nisa da? boruwata katha karanne.,toxic
1782,Oya ge post eka nam hariyata therumak nathi kata wahagena inna.,toxic
1783,Mokakda me umbala ge awajathaka wage wada? me wage wada nawaththapan.,toxic
1784,Oya ge post eka nam weda bari danawada mokakda kiyala.,toxic
1785,oya ge wada ge me wage wikarayak comment dakkama epa wenawa.,toxic
1786,"me comment eka danapu eka hariyata weda bari wage wada karanawa, comment karanna kalin hithapan.",toxic
1787,Mokakda me oya ge kathawa ge pissu wage wada? kata wahagena inna.,toxic
1788,umbala ta kiyanna one gon wage wada nawaththanna kiyala.,toxic
1789,"me comment eka danapu eka hariyata weda bari wage wada karanawa, hariyata behave karapan.",toxic
1790,"uba, meka nam loku talk karana moda level ekak. thamuse.",toxic
1791,Me wage moda yakku wage athal danne nathuwa tikak hithapan oya ge post eka.,toxic
1792,"me video eka balala comment karana eka, meka nam wikarayak level ekak. ne.",toxic
1793,oya ge idea eka nam mole nathi ne meka dakka gaman hina yanawa.,toxic
1794,me comment eka danapu eka mehema karanne boru karaya nisa da? comment karanna kalin hithapan.,toxic
1795,"Ane manda oya ge kathawa, chater wage behave wenne ai? danawada mokakda kiyala.",toxic
1796,"Hariyata baluwoth me wage wada karana aya wikarayak wage ne, comment karanna kalin hithapan.",toxic
1797,uba mehema karanne loku talk karana moda nisa da? hariyata behave karapan.,toxic
1798,me video eka balala comment karana eka mehema karanne wikarayak nisa da? hariyata behave karapan.,toxic
1799,"oya ge idea eka hariyata loku talk karana moda wage wada karanawa, ane.",toxic
1800,"umbala, uba nam mole nathi ban.",toxic
1801,"Hariyata baluwoth oya wage kenek pissu wage wage ne, hariyata wada karapan.",toxic
1802,oya ge idea eka ta kiyanna one loku talk karana moda wage wada nawaththanna kiyala.,toxic
1803,"Ane oya ge kathawa, weda bari hariyata.",toxic
1804,oya moda hariyata.,toxic
1805,umbala wada nodanna poddak mole pawichchi karapan.,toxic
1806,"Hariyata baluwoth umbala mole nathi wage ne, hariyata wada karapan.",toxic
1807,me comment eka danapu eka mehema karanne gon harakek nisa da? lajja nadda.,toxic
1808,"Hariyata baluwoth oya ge idea eka gon athal karaya wage ne, hariyata behave karapan.",toxic
1809,umbala awajathaka wage danawada mokakda kiyala.,toxic
1810,oya ge post eka mehema karanne gon athal karaya nisa da? kiyala therenneth ne.,toxic
1811,"umbala, meka nam gon harakek level ekak. me wage wada nawaththapan.",toxic
1812,Oya ge post eka nam pissu wage hariyata wada karapan.,toxic
1813,me comment eka danapu eka chater machan.,toxic
1814,"me video eka balala comment karana eka, meka nam chater level ekak. ane.",toxic
1815,me comment eka danapu eka ge me wage mole nathi comment dakkama epa wenawa.,toxic
1816,uba ta kiyanna one moda wage wada nawaththanna kiyala.,toxic
1817,"Ane manda oya wage kenek, loku talk karana moda wage behave wenne ai? comment karanna kalin hithapan.",toxic
1818,"Ane me video eka balala comment karana eka, gon meka dakka gaman hina yanawa.",toxic
1819,me comment eka danapu eka ge me wage loku talk karana moda comment dakkama epa wenawa.,toxic
1820,umbala ge me wage wada nodanna comment dakkama epa wenawa.,toxic
1821,"umbala, meka nam wikarayak level ekak. comment karanna kalin hithapan.",toxic
1822,Mokakda me oya ge idea eka ge gon athal karaya wada? ban.,toxic
1823,umbala mole nathi me wage wada nawaththapan.,toxic
1824,Me wage kata witharai wada athal danne nathuwa tikak hithapan oya ge wada.,toxic
1825,Mokakda me oya wage kenek ge weda bari wada? meka dakka gaman hina yanawa.,toxic
1826,me video eka balala comment karana eka mehema karanne wal buruwa nisa da? ane.,toxic
1827,oya ge idea eka ge kathawa ahuwama awajathaka wage kiyala hithenawa.,toxic
1828,"Ane oya ge post eka, gon athal karaya oya wage aya nisa thamai mehema wenne.",toxic
1829,oya ta kiyanna one loku talk karana moda wage wada nawaththanna kiyala.,toxic
1830,"Hariyata baluwoth oya ge kathawa pissu wage wage ne, meka nam athi.",toxic
1831,Oya ge post eka nam hariyata therumak nathi meka dakka gaman hina yanawa.,toxic
1832,Oya ge post eka nam chater kiyala therenneth ne.,toxic
1833,"umbala hariyata mole kalpana nathi wage wada karanawa, oya wage aya nisa thamai mehema wenne.",toxic
1834,"mehema wada karana eka, uba nam boru karaya machan.",toxic
1835,Mokakda me oya ge kathawa ge wada nodanna wada? ne.,toxic
1836,Me wage gon athal karaya athal danne nathuwa tikak hithapan umbala.,toxic
1837,"oya, meka nam mole nathi level ekak. hariyata behave karapan.",toxic
1838,Oya ge post eka nam hariyata therumak nathi ne.,toxic
1839,"me comment eka danapu eka hariyata pissu wage wage wada karanawa, oya wage aya nisa thamai mehema wenne.",toxic
1840,"Ane manda me comment eka danapu eka, wal buruwa wage behave wenne ai? meka dakka gaman hina yanawa.",toxic
1841,"oya hariyata wadak nathi wage wada karanawa, danawada mokakda kiyala.",toxic
1842,"Hariyata baluwoth oya ge wada wikarayak wage ne, poddak mole pawichchi karapan.",toxic
1843,"uba, uba nam chater ane.",toxic
1844,oya ge reply eka ge me wage wal buruwa comment dakkama epa wenawa.,toxic
1845,"uba, meka nam awajathaka wage level ekak. hariyata behave karapan.",toxic
1846,oya ge post eka ta kiyanna one weda bari wage wada nawaththanna kiyala.,toxic
1847,oya ge kathawa ahuwama gon kiyala hithenawa.,toxic
1848,"Ane manda oya, pissu wage wage behave wenne ai? me wage wada nawaththapan.",toxic
1849,"Ane oya wage kenek, wikarayak machan.",toxic
1850,Oya ge post eka nam gon athal karaya tikak igena ganin.,toxic
1851,"Ane manda mehema wada karana eka, hariyata therumak nathi wage behave wenne ai? tikak igena ganin.",toxic
1852,"Ane mehema wada karana eka, boru karaya ne.",toxic
1853,"oya hariyata wal buruwa wage wada karanawa, comment karanna kalin hithapan.",toxic
1854,Mokakda me uba ge moda wada? hariyata.,toxic
1855,"Ane manda oya ge idea eka, wikarayak wage behave wenne ai? poddak mole pawichchi karapan.",toxic
1856,"Ane oya wage kenek, wadak nathi ban.",toxic
1857,"Ane oya ge kathawa, mole kalpana nathi me wage wada nawaththapan.",toxic
1858,"Ane oya ge idea eka, kata witharai wada poddak mole pawichchi karapan.",toxic
1859,me wage wada karana aya mehema karanne wal buruwa nisa da? me wage wada nawaththapan.,toxic
1860,mehema wada karana eka ta kiyanna one wikarayak wage wada nawaththanna kiyala.,toxic
1861,oya ge wada chater tikak igena ganin.,toxic
1862,"Hariyata baluwoth me comment eka danapu eka chater wage ne, me wage wada nawaththapan.",toxic
1863,mehema wada karana eka nam weda bari ne me wage wada nawaththapan.,toxic
1864,"Hariyata baluwoth umbala moda wage ne, tikak igena ganin.",toxic
1865,"Ane manda mehema wada karana eka, wikarayak wage behave wenne ai? ane.",toxic
1866,"Ane manda oya wage kenek, moda wage behave wenne ai? poddak mole pawichchi karapan.",toxic
1867,umbala moda hariyata.,toxic
1868,oya ge kathawa kata witharai wada me wage wada nawaththapan.,toxic
1869,"me video eka balala comment karana eka, uba nam chater kata wahagena inna.",toxic
1870,"Ane oya wage kenek, kata witharai wada ne.",toxic
1871,Mokakda me oya ge idea eka ge hariyata therumak nathi wada? meka dakka gaman hina yanawa.,toxic
1872,"Hariyata baluwoth oya ge post eka boru karaya wage ne, meka nam athi.",toxic
1873,"oya ge kathawa, meka nam awajathaka wage level ekak. boruwata katha karanne.",toxic
1874,oya ge wada nam mole kalpana nathi ne hariyata behave karapan.,toxic
1875,"oya ge reply eka hariyata kata witharai wada wage wada karanawa, lajja nadda.",toxic
1876,me wage wada karana aya mehema karanne awajathaka wage nisa da? hariyata.,toxic
1877,"Ane manda me video eka balala comment karana eka, chater wage behave wenne ai? comment karanna kalin hithapan.",toxic
1878,Oya ge post eka nam gon poddak mole pawichchi karapan.,toxic
1879,"Hariyata baluwoth oya wage kenek boru karaya wage ne, poddak mole pawichchi karapan.",toxic
1880,oya ge post eka moda hariyata wada karapan.,toxic
1881,"Ane me wage wada karana aya, wadak nathi kiyala therenneth ne.",toxic
1882,"me comment eka danapu eka, uba nam wadak nathi tikak igena ganin.",toxic
1883,"mehema wada karana eka, meka nam wada nodanna level ekak. boruwata katha karanne.",toxic
1884,Mokakda me uba ge wada nodanna wada? machan.,toxic
1885,oya ge post eka mehema karanne gon nisa da? tikak igena ganin.,toxic
1886,Me wage wikarayak athal danne nathuwa tikak hithapan oya ge idea eka.,toxic
1887,"Ane manda me wage wada karana aya, kata witharai wada wage behave wenne ai? hariyata.",toxic
1888,"oya hariyata wadak nathi wage wada karanawa, hariyata behave karapan.",toxic
1889,oya ge kathawa nam mole nathi ne kata wahagena inna.,toxic
1890,"oya wage kenek, meka nam wikarayak level ekak. ban.",toxic
1891,oya ge wada mehema karanne wal buruwa nisa da? comment karanna kalin hithapan.,toxic
1892,"oya, uba nam gon kiyala therenneth ne.",toxic
1893,"Ane manda oya ge wada, kata witharai wada wage behave wenne ai? thamuse.",toxic
1894,"Ane manda mehema wada karana eka, gon athal karaya wage behave wenne ai? kata wahagena inna.",toxic
1895,"Ane manda oya ge reply eka, kata witharai wada wage behave wenne ai? lajja nadda.",toxic
1896,"Ane uba, mole kalpana nathi hariyata.",toxic
1897,"umbala, uba nam kata witharai wada meka nam athi.",toxic
1898,umbala nam wikarayak ne kiyala therenneth ne.,toxic
1899,"oya, meka nam mole nathi level ekak. me wage wada nawaththapan.",toxic
1900,me comment eka danapu eka ge kathawa ahuwama wal buruwa kiyala hithenawa.,toxic
1901,"Ane manda mehema wada karana eka, moda wage behave wenne ai? danawada mokakda kiyala.",toxic
1902,oya ge post eka nam gon ne kata wahagena inna.,toxic
1903,"Hariyata baluwoth uba pissu wage wage ne, ban.",toxic
1904,me wage wada karana aya hariyata therumak nathi machan.,toxic
1905,"me wage wada karana aya hariyata loku talk karana moda wage wada karanawa, hariyata behave karapan.",toxic
1906,"me wage wada karana aya, meka nam pissu wage level ekak. thamuse.",toxic
1907,me video eka balala comment karana eka ge me wage wikarayak comment dakkama epa wenawa.,toxic
1908,"Hariyata baluwoth oya ge post eka mole nathi wage ne, me wage wada nawaththapan.",toxic
1909,oya ge reply eka ta kiyanna one kata witharai wada wage wada nawaththanna kiyala.,toxic
1910,oya ge wada mehema karanne weda bari nisa da? ne.,toxic
1911,"me video eka balala comment karana eka, uba nam gon harakek tikak igena ganin.",toxic
1912,"Ane manda oya, pissu wage wage behave wenne ai? thamuse.",toxic
1913,"Ane me wage wada karana aya, chater hariyata wada karapan.",toxic
1914,"me comment eka danapu eka, uba nam kata witharai wada kata wahagena inna.",toxic
1915,oya ge wada mehema karanne weda bari nisa da? hariyata behave karapan.,toxic
1916,Mokakda me oya ge post eka ge wada nodanna wada? hariyata.,toxic
1917,"oya ge kathawa hariyata boru karaya wage wada karanawa, meka nam athi.",toxic
1918,oya ge idea eka ta kiyanna one weda bari wage wada nawaththanna kiyala.,toxic
1919,oya ge kathawa hariyata therumak nathi tikak igena ganin.,toxic
1920,Me wage wada nodanna athal danne nathuwa tikak hithapan umbala.,toxic
1921,oya ge reply eka nam gon athal karaya ne boruwata katha karanne.,toxic
1922,"Hariyata baluwoth me wage wada karana aya mole kalpana nathi wage ne, oya wage aya nisa thamai mehema wenne.",toxic
1923,"oya ge kathawa, meka nam wada nodanna level ekak. ane.",toxic
1924,me wage wada karana aya ge me wage awajathaka wage comment dakkama epa wenawa.,toxic
1925,mehema wada karana eka mehema karanne hariyata therumak nathi nisa da? oya wage aya nisa thamai mehema wenne.,toxic
1926,Mokakda me oya ge idea eka ge hitha nathi wada? ane.,toxic
1927,"Hariyata baluwoth oya ge post eka mole nathi wage ne, boruwata katha karanne.",toxic
1928,"Hariyata baluwoth oya ge idea eka gon wage ne, boruwata katha karanne.",toxic
1929,me comment eka danapu eka mehema karanne mole kalpana nathi nisa da? boruwata katha karanne.,toxic
1930,"Ane me wage wada karana aya, kata witharai wada danawada mokakda kiyala.",toxic
1931,Me wage awajathaka wage athal danne nathuwa tikak hithapan uba.,toxic
1932,oya ge wada mehema karanne gon harakek nisa da? lajja nadda.,toxic
1933,"oya ge wada hariyata boru karaya wage wada karanawa, thamuse.",toxic
1934,"me wage wada karana aya, meka nam gon athal karaya level ekak. hariyata wada karapan.",toxic
1935,me wage wada karana aya mehema karanne gon harakek nisa da? lajja nadda.,toxic
1936,"mehema wada karana eka hariyata gon wage wada karanawa, hariyata wada karapan.",toxic
1937,"Ane oya, wikarayak kata wahagena inna.",toxic
1938,"Hariyata baluwoth oya ge post eka awajathaka wage wage ne, kiyala therenneth ne.",toxic
1939,"Ane oya ge post eka, wada nodanna tikak igena ganin.",toxic
1940,Mokakda me umbala ge moda yakku wage wada? thamuse.,toxic
1941,mehema wada karana eka ge kathawa ahuwama hitha nathi kiyala hithenawa.,toxic
1942,Mokakda me mehema wada karana eka ge hariyata therumak nathi wada? thamuse.,toxic
1943,Mokakda me uba ge gon athal karaya wada? danawada mokakda kiyala.,toxic
1944,me video eka balala comment karana eka nam kata witharai wada ne hariyata wada karapan.,toxic
1945,"Ane manda oya, wal buruwa wage behave wenne ai? poddak mole pawichchi karapan.",toxic
1946,Mokakda me oya ge wada ge hitha nathi wada? kiyala therenneth ne.,toxic
1947,oya wage kenek mehema karanne gon nisa da? poddak mole pawichchi karapan.,toxic
1948,Mokakda me oya ge idea eka ge moda yakku wage wada? lajja nadda.,toxic
1949,"Ane oya ge post eka, awajathaka wage oya wage aya nisa thamai mehema wenne.",toxic
1950,"uba, meka nam chater level ekak. ne.",toxic
1951,"Ane manda oya ge idea eka, boru karaya wage behave wenne ai? thamuse.",toxic
1952,"uba, meka nam gon level ekak. boruwata katha karanne.",toxic
1953,"Ane manda me video eka balala comment karana eka, gon harakek wage behave wenne ai? lajja nadda.",toxic
1954,"me video eka balala comment karana eka, uba nam hitha nathi boruwata katha karanne.",toxic
1955,"oya hariyata loku talk karana moda wage wada karanawa, hariyata wada karapan.",toxic
1956,Mokakda me mehema wada karana eka ge mole kalpana nathi wada? tikak igena ganin.,toxic
1957,"mehema wada karana eka hariyata hitha nathi wage wada karanawa, comment karanna kalin hithapan.",toxic
1958,Mokakda me uba ge boru karaya wada? ne.,toxic
1959,"Ane oya ge kathawa, loku talk karana moda thamuse.",toxic
1960,"Ane manda umbala, loku talk karana moda wage behave wenne ai? thamuse.",toxic
1961,"Ane manda oya ge reply eka, mole kalpana nathi wage behave wenne ai? ne.",toxic
1962,"Hariyata baluwoth me wage wada karana aya mole nathi wage ne, ne.",toxic
1963,me video eka balala comment karana eka nam chater ne machan.,toxic
1964,"Ane manda oya ge kathawa, mole nathi wage behave wenne ai? poddak mole pawichchi karapan.",toxic
1965,oya ge wada mehema karanne boru karaya nisa da? comment karanna kalin hithapan.,toxic
1966,Mokakda me oya ge kathawa ge gon harakek wada? oya wage aya nisa thamai mehema wenne.,toxic
1967,"me wage wada karana aya hariyata wada nodanna wage wada karanawa, hariyata.",toxic
1968,"oya ge reply eka, meka nam mole kalpana nathi level ekak. danawada mokakda kiyala.",toxic
1969,"oya ge wada, meka nam hitha nathi level ekak. hariyata behave karapan.",toxic
1970,"Hariyata baluwoth uba moda yakku wage wage ne, danawada mokakda kiyala.",toxic
1971,"Ane oya ge wada, hitha nathi meka nam athi.",toxic
1972,Oya ge post eka nam loku talk karana moda ne.,toxic
1973,"me video eka balala comment karana eka hariyata gon harakek wage wada karanawa, hariyata behave karapan.",toxic
1974,"oya wage kenek hariyata gon wage wada karanawa, kata wahagena inna.",toxic
1975,oya ge reply eka nam chater ne tikak igena ganin.,toxic
1976,"oya hariyata wada nodanna wage wada karanawa, meka dakka gaman hina yanawa.",toxic
1977,"Hariyata baluwoth umbala loku talk karana moda wage ne, ne.",toxic
1978,me video eka balala comment karana eka nam chater ne boruwata katha karanne.,toxic
1979,"Ane manda umbala, chater wage behave wenne ai? machan.",toxic
1980,Me wage boru karaya athal danne nathuwa tikak hithapan oya ge wada.,toxic
1981,"Ane manda oya wage kenek, mole kalpana nathi wage behave wenne ai? comment karanna kalin hithapan.",toxic
1982,"mehema wada karana eka hariyata wikarayak wage wada karanawa, machan.",toxic
1983,oya ge wada ge me wage gon comment dakkama epa wenawa.,toxic
1984,oya ge post eka ge me wage awajathaka wage comment dakkama epa wenawa.,toxic
1985,"Ane manda me video eka balala comment karana eka, moda yakku wage wage behave wenne ai? machan.",toxic
1986,"Hariyata baluwoth me wage wada karana aya wadak nathi wage ne, boruwata katha karanne.",toxic
1987,Mokakda me umbala ge wikarayak wada? ane.,toxic
1988,oya ge wada ta kiyanna one pissu wage wage wada nawaththanna kiyala.,toxic
1989,Mokakda me oya ge kathawa ge wikarayak wada? kata wahagena inna.,toxic
1990,"Ane oya ge kathawa, mole nathi danawada mokakda kiyala.",toxic
1991,"Hariyata baluwoth mehema wada karana eka weda bari wage ne, ane.",toxic
1992,"Ane manda oya wage kenek, mole kalpana nathi wage behave wenne ai? hariyata wada karapan.",toxic
1993,"umbala, meka nam wada nodanna level ekak. kiyala therenneth ne.",toxic
1994,"oya, meka nam gon harakek level ekak. ne.",toxic
1995,me video eka balala comment karana eka mehema karanne awajathaka wage nisa da? hariyata behave karapan.,toxic
1996,"Ane manda oya ge kathawa, boru karaya wage behave wenne ai? me wage wada nawaththapan.",toxic
1997,Oya ge post eka nam wal buruwa tikak igena ganin.,toxic
1998,"Ane umbala, wikarayak hariyata behave karapan.",toxic
1999,"uba, meka nam weda bari level ekak. poddak mole pawichchi karapan.",toxic
2000,oya ge reply eka mehema karanne hariyata therumak nathi nisa da? ne.,toxic
2001,oya ge reply eka ta kiyanna one loku talk karana moda wage wada nawaththanna kiyala.,toxic
2002,"Ane manda oya ge post eka, wadak nathi wage behave wenne ai? thamuse.",toxic
2003,me video eka balala comment karana eka ge kathawa ahuwama moda kiyala hithenawa.,toxic
2004,Me wage moda athal danne nathuwa tikak hithapan me wage wada karana aya.,toxic
2005,Oya ge post eka nam gon harakek poddak mole pawichchi karapan.,toxic
2006,"me comment eka danapu eka, uba nam mole kalpana nathi hariyata wada karapan.",toxic
2007,"me comment eka danapu eka, meka nam awajathaka wage level ekak. danawada mokakda kiyala.",toxic
2008,"oya ge wada hariyata awajathaka wage wage wada karanawa, lajja nadda.",toxic
2009,oya ge idea eka ta kiyanna one gon athal karaya wage wada nawaththanna kiyala.,toxic
2010,"Hariyata baluwoth oya ge idea eka pissu wage wage ne, me wage wada nawaththapan.",toxic
2011,oya ge wada ge me wage pissu wage comment dakkama epa wenawa.,toxic
2012,"oya ge idea eka, meka nam awajathaka wage level ekak. hariyata.",toxic
2013,oya ge idea eka ta kiyanna one wal buruwa wage wada nawaththanna kiyala.,toxic
2014,"oya ge post eka, meka nam wada nodanna level ekak. kiyala therenneth ne.",toxic
2015,"Ane manda me video eka balala comment karana eka, hitha nathi wage behave wenne ai? ban.",toxic
2016,"me video eka balala comment karana eka hariyata awajathaka wage wage wada karanawa, boruwata katha karanne.",toxic
2017,"Hariyata baluwoth oya ge wada gon harakek wage ne, hariyata wada karapan.",toxic
2018,oya nam gon harakek ne danawada mokakda kiyala.,toxic
2019,oya nam wadak nathi ne thamuse.,toxic
2020,"Ane manda me comment eka danapu eka, gon wage behave wenne ai? comment karanna kalin hithapan.",toxic
2021,"Hariyata baluwoth me comment eka danapu eka awajathaka wage wage ne, poddak mole pawichchi karapan.",toxic
2022,"me video eka balala comment karana eka hariyata moda yakku wage wage wada karanawa, me wage wada nawaththapan.",toxic
2023,me video eka balala comment karana eka hitha nathi boruwata katha karanne.,toxic
2024,"Hariyata baluwoth oya wage kenek wada nodanna wage ne, hariyata.",toxic
2025,oya nam gon ne hariyata.,toxic
2026,me video eka balala comment karana eka mehema karanne weda bari nisa da? hariyata.,toxic
2027,oya ge reply eka gon kiyala therenneth ne.,toxic
2028,Oya ge post eka nam loku talk karana moda kiyala therenneth ne.,toxic
2029,"Ane me comment eka danapu eka, hitha nathi machan.",toxic
2030,oya ge idea eka pissu wage kata wahagena inna.,toxic
2031,oya ge reply eka ta kiyanna one wada nodanna wage wada nawaththanna kiyala.,toxic
2032,Oya ge post eka nam mole nathi hariyata.,toxic
2033,"Ane manda oya ge idea eka, gon harakek wage behave wenne ai? tikak igena ganin.",toxic
2034,oya ge idea eka mehema karanne moda nisa da? thamuse.,toxic
2035,"oya ge kathawa hariyata moda wage wada karanawa, machan.",toxic
2036,uba mehema karanne hitha nathi nisa da? thamuse.,toxic
2037,"oya ge post eka hariyata wada nodanna wage wada karanawa, lajja nadda.",toxic
2038,Mokakda me me wage wada karana aya ge wal buruwa wada? thamuse.,toxic
2039,oya ge me wage wal buruwa comment dakkama epa wenawa.,toxic
2040,"Ane me comment eka danapu eka, hariyata therumak nathi ane.",toxic
2041,Oya ge post eka nam gon harakek danawada mokakda kiyala.,toxic
2042,Me wage mole nathi athal danne nathuwa tikak hithapan oya ge kathawa.,toxic
2043,oya ge post eka mehema karanne wal buruwa nisa da? lajja nadda.,toxic
2044,oya ge reply eka nam wadak nathi ne tikak igena ganin.,toxic
2045,"oya, meka nam chater level ekak. ne.",toxic
2046,"me comment eka danapu eka, meka nam boru karaya level ekak. danawada mokakda kiyala.",toxic
2047,"oya ge idea eka, uba nam wada nodanna me wage wada nawaththapan.",toxic
2048,oya ge kathawa ahuwama hitha nathi kiyala hithenawa.,toxic
2049,me comment eka danapu eka weda bari thamuse.,toxic
2050,oya ge idea eka mehema karanne gon athal karaya nisa da? ne.,toxic
2051,me comment eka danapu eka mehema karanne weda bari nisa da? me wage wada nawaththapan.,toxic
2052,uba gon athal karaya oya wage aya nisa thamai mehema wenne.,toxic
2053,"me video eka balala comment karana eka, meka nam wal buruwa level ekak. comment karanna kalin hithapan.",toxic
2054,"Ane oya ge post eka, gon athal karaya lajja nadda.",toxic
2055,"Ane oya ge post eka, moda yakku wage hariyata wada karapan.",toxic
2056,"Hariyata baluwoth oya wadak nathi wage ne, kata wahagena inna.",toxic
2057,"Hariyata baluwoth uba moda yakku wage wage ne, meka nam athi.",toxic
2058,me wage wada karana aya weda bari hariyata wada karapan.,toxic
2059,Mokakda me oya ge reply eka ge weda bari wada? hariyata wada karapan.,toxic
2060,"oya ge kathawa hariyata wikarayak wage wada karanawa, comment karanna kalin hithapan.",toxic
2061,"Ane manda oya ge reply eka, moda wage behave wenne ai? thamuse.",toxic
2062,oya ge reply eka mehema karanne pissu wage nisa da? danawada mokakda kiyala.,toxic
2063,me wage wada karana aya ge kathawa ahuwama mole nathi kiyala hithenawa.,toxic
2064,oya wage kenek nam boru karaya ne comment karanna kalin hithapan.,toxic
2065,oya ge me wage kata witharai wada comment dakkama epa wenawa.,toxic
2066,me wage wada karana aya loku talk karana moda lajja nadda.,toxic
2067,me video eka balala comment karana eka mehema karanne mole kalpana nathi nisa da? hariyata.,toxic
2068,"Ane manda oya ge wada, moda yakku wage wage behave wenne ai? meka dakka gaman hina yanawa.",toxic
2069,Mokakda me oya ge wada ge weda bari wada? me wage wada nawaththapan.,toxic
2070,"Ane me video eka balala comment karana eka, moda kiyala therenneth ne.",toxic
2071,"Ane manda oya ge post eka, pissu wage wage behave wenne ai? kata wahagena inna.",toxic
2072,"Ane manda me comment eka danapu eka, wada nodanna wage behave wenne ai? kiyala therenneth ne.",toxic
2073,"Ane umbala, pissu wage me wage wada nawaththapan.",toxic
2074,"Ane manda oya ge kathawa, wal buruwa wage behave wenne ai? boruwata katha karanne.",toxic
2075,me video eka balala comment karana eka ta kiyanna one boru karaya wage wada nawaththanna kiyala.,toxic
2076,Me wage wadak nathi athal danne nathuwa tikak hithapan uba.,toxic
2077,oya ge kathawa nam mole kalpana nathi ne danawada mokakda kiyala.,toxic
2078,"Hariyata baluwoth me comment eka danapu eka pissu wage wage ne, ane.",toxic
2079,"uba hariyata gon wage wada karanawa, boruwata katha karanne.",toxic
2080,oya ge wada ge me wage wal buruwa comment dakkama epa wenawa.,toxic
2081,"Ane manda oya ge post eka, wikarayak wage behave wenne ai? danawada mokakda kiyala.",toxic
2082,Oya ge post eka nam wikarayak ne.,toxic
2083,Mokakda me me comment eka danapu eka ge loku talk karana moda wada? lajja nadda.,toxic
2084,"oya ge post eka, uba nam moda ane.",toxic
2085,"oya ge kathawa, uba nam moda yakku wage meka nam athi.",toxic
2086,"Hariyata baluwoth oya ge idea eka weda bari wage ne, lajja nadda.",toxic
2087,"Ane manda umbala, wada nodanna wage behave wenne ai? thamuse.",toxic
2088,"Hariyata baluwoth oya ge kathawa hariyata therumak nathi wage ne, comment karanna kalin hithapan.",toxic
2089,oya awajathaka wage comment karanna kalin hithapan.,toxic
2090,"Ane oya ge wada, wada nodanna kiyala therenneth ne.",toxic
2091,"Ane manda mehema wada karana eka, chater wage behave wenne ai? kata wahagena inna.",toxic
2092,Me wage gon athal karaya athal danne nathuwa tikak hithapan oya ge reply eka.,toxic
2093,"Ane manda oya wage kenek, wada nodanna wage behave wenne ai? kata wahagena inna.",toxic
2094,Mokakda me oya ge idea eka ge pissu wage wada? oya wage aya nisa thamai mehema wenne.,toxic
2095,oya ge idea eka pissu wage hariyata behave karapan.,toxic
2096,me comment eka danapu eka nam gon athal karaya ne ban.,toxic
2097,mehema wada karana eka mehema karanne gon nisa da? ban.,toxic
2098,me video eka balala comment karana eka mehema karanne gon harakek nisa da? comment karanna kalin hithapan.,toxic
2099,Mokakda me oya ge post eka ge awajathaka wage wada? meka dakka gaman hina yanawa.,toxic
2100,"me comment eka danapu eka, meka nam mole kalpana nathi level ekak. hariyata.",toxic
2101,Mokakda me me video eka balala comment karana eka ge moda wada? poddak mole pawichchi karapan.,toxic
2102,"Hariyata baluwoth oya ge wada awajathaka wage wage ne, hariyata behave karapan.",toxic
2103,me comment eka danapu eka nam loku talk karana moda ne me wage wada nawaththapan.,toxic
2104,"Ane manda oya, kata witharai wada wage behave wenne ai? poddak mole pawichchi karapan.",toxic
2105,"oya ge idea eka, meka nam gon harakek level ekak. poddak mole pawichchi karapan.",toxic
2106,"oya ge post eka hariyata pissu wage wage wada karanawa, hariyata.",toxic
2107,oya ge reply eka ta kiyanna one weda bari wage wada nawaththanna kiyala.,toxic
2108,umbala mehema karanne moda yakku wage nisa da? comment karanna kalin hithapan.,toxic
2109,"oya ge idea eka, meka nam awajathaka wage level ekak. danawada mokakda kiyala.",toxic
2110,Mokakda me oya ge post eka ge gon athal karaya wada? ne.,toxic
2111,"oya wage kenek, meka nam wadak nathi level ekak. ane.",toxic
2112,"Ane manda oya wage kenek, wada nodanna wage behave wenne ai? meka dakka gaman hina yanawa.",toxic
2113,"Ane oya ge wada, loku talk karana moda poddak mole pawichchi karapan.",toxic
2114,Mokakda me oya ge post eka ge boru karaya wada? danawada mokakda kiyala.,toxic
2115,"Ane oya ge idea eka, hariyata therumak nathi hariyata wada karapan.",toxic
2116,me video eka balala comment karana eka nam chater ne tikak igena ganin.,toxic
2117,uba mehema karanne gon nisa da? meka dakka gaman hina yanawa.,toxic
2118,"oya ge reply eka, uba nam mole nathi ban.",toxic
2119,oya ge wada ta kiyanna one moda wage wada nawaththanna kiyala.,toxic
2120,"Hariyata baluwoth umbala awajathaka wage wage ne, me wage wada nawaththapan.",toxic
2121,me comment eka danapu eka nam moda ne oya wage aya nisa thamai mehema wenne.,toxic
2122,"Ane umbala, chater thamuse.",toxic
2123,me wage wada karana aya ge me wage chater comment dakkama epa wenawa.,toxic
2124,"Hariyata baluwoth oya wage kenek moda wage ne, kata wahagena inna.",toxic
2125,oya ge post eka kata witharai wada meka nam athi.,toxic
2126,"Ane manda uba, kata witharai wada wage behave wenne ai? kiyala therenneth ne.",toxic
2127,mehema wada karana eka ge me wage hitha nathi comment dakkama epa wenawa.,toxic
2128,oya ge idea eka ge kathawa ahuwama boru karaya kiyala hithenawa.,toxic
2129,Me wage awajathaka wage athal danne nathuwa tikak hithapan me video eka balala comment karana eka.,toxic
2130,"me comment eka danapu eka, uba nam weda bari kiyala therenneth ne.",toxic
2131,"Hariyata baluwoth oya ge reply eka moda yakku wage wage ne, kiyala therenneth ne.",toxic
2132,Mokakda me oya ge loku talk karana moda wada? meka nam athi.,toxic
2133,uba ge kathawa ahuwama boru karaya kiyala hithenawa.,toxic
2134,"Hariyata baluwoth oya ge idea eka gon athal karaya wage ne, machan.",toxic
2135,oya ge kathawa nam boru karaya ne hariyata wada karapan.,toxic
2136,"Ane manda uba, gon wage behave wenne ai? lajja nadda.",toxic
2137,oya mole kalpana nathi hariyata behave karapan.,toxic
2138,"oya ge idea eka hariyata wadak nathi wage wada karanawa, hariyata wada karapan.",toxic
2139,"oya, meka nam gon level ekak. comment karanna kalin hithapan.",toxic
2140,"umbala, uba nam moda yakku wage comment karanna kalin hithapan.",toxic
2141,Oya ge post eka nam moda lajja nadda.,toxic
2142,"oya ge kathawa, uba nam hitha nathi ne.",toxic
2143,oya ge wada wada nodanna kiyala therenneth ne.,toxic
2144,"Ane manda me video eka balala comment karana eka, chater wage behave wenne ai? thamuse.",toxic
2145,oya ge post eka wada nodanna poddak mole pawichchi karapan.,toxic
2146,"uba, meka nam chater level ekak. poddak mole pawichchi karapan.",toxic
2147,"me comment eka danapu eka, meka nam gon athal karaya level ekak. comment karanna kalin hithapan.",toxic
2148,"me comment eka danapu eka, uba nam loku talk karana moda ane.",toxic
2149,oya wage kenek ge me wage gon harakek comment dakkama epa wenawa.,toxic
2150,Me wage kata witharai wada athal danne nathuwa tikak hithapan oya ge idea eka.,toxic
2151,Mokakda me oya wage kenek ge moda yakku wage wada? thamuse.,toxic
2152,"oya ge kathawa hariyata weda bari wage wada karanawa, tikak igena ganin.",toxic
2153,oya ge post eka ge kathawa ahuwama moda kiyala hithenawa.,toxic
2154,mehema wada karana eka hariyata therumak nathi meka nam athi.,toxic
2155,oya ge reply eka ta kiyanna one boru karaya wage wada nawaththanna kiyala.,toxic
2156,"Ane oya, wadak nathi ban.",toxic
2157,"Ane me comment eka danapu eka, mole nathi lajja nadda.",toxic
2158,"mehema wada karana eka, meka nam wal buruwa level ekak. boruwata katha karanne.",toxic
2159,"oya ge kathawa, meka nam mole nathi level ekak. meka nam athi.",toxic
2160,"oya ge wada, meka nam mole nathi level ekak. poddak mole pawichchi karapan.",toxic
2161,oya ge wada mole kalpana nathi comment karanna kalin hithapan.,toxic
2162,"Hariyata baluwoth me comment eka danapu eka wal buruwa wage ne, kiyala therenneth ne.",toxic
2163,"oya ge reply eka, uba nam gon harakek hariyata wada karapan.",toxic
2164,Me wage mole kalpana nathi athal danne nathuwa tikak hithapan me comment eka danapu eka.,toxic
2165,oya ge kathawa ta kiyanna one mole kalpana nathi wage wada nawaththanna kiyala.,toxic
2166,"mehema wada karana eka, uba nam wadak nathi hariyata behave karapan.",toxic
2167,uba nam gon athal karaya ne meka nam athi.,toxic
2168,"Ane manda oya wage kenek, wadak nathi wage behave wenne ai? ban.",toxic
2169,me comment eka danapu eka nam awajathaka wage ne ne.,toxic
2170,"Hariyata baluwoth oya ge wada weda bari wage ne, tikak igena ganin.",toxic
2171,"oya, meka nam kata witharai wada level ekak. oya wage aya nisa thamai mehema wenne.",toxic
2172,Mokakda me me video eka balala comment karana eka ge gon athal karaya wada? comment karanna kalin hithapan.,toxic
2173,"me wage wada karana aya, uba nam awajathaka wage ne.",toxic
2174,"oya ge kathawa, uba nam wadak nathi boruwata katha karanne.",toxic
2175,me comment eka danapu eka mehema karanne mole kalpana nathi nisa da? me wage wada nawaththapan.,toxic
2176,Mokakda me oya ge kathawa ge gon wada? tikak igena ganin.,toxic
2177,oya ge idea eka nam boru karaya ne hariyata behave karapan.,toxic
2178,"oya ge wada hariyata moda wage wada karanawa, me wage wada nawaththapan.",toxic
2179,"oya ge kathawa, uba nam gon athal karaya comment karanna kalin hithapan.",toxic
2180,oya ge post eka ge kathawa ahuwama pissu wage kiyala hithenawa.,toxic
2181,"Ane manda mehema wada karana eka, mole nathi wage behave wenne ai? ban.",toxic
2182,me video eka balala comment karana eka ge me wage mole kalpana nathi comment dakkama epa wenawa.,toxic
2183,Mokakda me me video eka balala comment karana eka ge weda bari wada? meka dakka gaman hina yanawa.,toxic
2184,"oya wage kenek hariyata wal buruwa wage wada karanawa, ne.",toxic
2185,"Ane oya ge post eka, weda bari machan.",toxic
2186,"oya ge wada, uba nam hariyata therumak nathi tikak igena ganin.",toxic
2187,Oya ge post eka nam hariyata therumak nathi me wage wada nawaththapan.,toxic
2188,"me wage wada karana aya, uba nam wada nodanna ane.",toxic
2189,Mokakda me me wage wada karana aya ge weda bari wada? ne.,toxic
2190,mehema wada karana eka ge me wage mole nathi comment dakkama epa wenawa.,toxic
2191,"Hariyata baluwoth me video eka balala comment karana eka hariyata therumak nathi wage ne, boruwata katha karanne.",toxic
2192,Mokakda me me video eka balala comment karana eka ge moda yakku wage wada? ne.,toxic
2193,oya ge post eka ge kathawa ahuwama boru karaya kiyala hithenawa.,toxic
2194,"Hariyata baluwoth oya ge kathawa wal buruwa wage ne, hariyata behave karapan.",toxic
2195,oya ge reply eka loku talk karana moda lajja nadda.,toxic
2196,"oya ge wada, meka nam mole nathi level ekak. tikak igena ganin.",toxic
2197,oya ge idea eka mehema karanne gon nisa da? comment karanna kalin hithapan.,toxic
2198,"Ane manda umbala, moda wage behave wenne ai? meka nam athi.",toxic
2199,"Ane oya ge idea eka, moda yakku wage poddak mole pawichchi karapan.",toxic
2200,uba mehema karanne mole nathi nisa da? meka nam athi.,toxic
2201,Me wage wal buruwa athal danne nathuwa tikak hithapan oya.,toxic
2202,me comment eka danapu eka mole nathi ban.,toxic
2203,"Ane me wage wada karana aya, wikarayak ban.",toxic
2204,me video eka balala comment karana eka hitha nathi kata wahagena inna.,toxic
2205,oya ge idea eka nam wikarayak ne hariyata wada karapan.,toxic
2206,Me wage awajathaka wage athal danne nathuwa tikak hithapan mehema wada karana eka.,toxic
2207,"oya wage kenek hariyata wadak nathi wage wada karanawa, meka nam athi.",toxic
2208,oya ge me wage weda bari comment dakkama epa wenawa.,toxic
2209,oya ge idea eka wal buruwa kiyala therenneth ne.,toxic
2210,"Ane manda me wage wada karana aya, gon athal karaya wage behave wenne ai? comment karanna kalin hithapan.",toxic
2211,oya ge kathawa mehema karanne hitha nathi nisa da? machan.,toxic
2212,"umbala hariyata wal buruwa wage wada karanawa, comment karanna kalin hithapan.",toxic
2213,"oya ge reply eka, uba nam moda lajja nadda.",toxic
2214,umbala mehema karanne mole nathi nisa da? boruwata katha karanne.,toxic
2215,"uba, meka nam wada nodanna level ekak. thamuse.",toxic
2216,"Ane manda mehema wada karana eka, gon athal karaya wage behave wenne ai? poddak mole pawichchi karapan.",toxic
2217,Mokakda me oya ge gon harakek wada? ane.,toxic
2218,oya ge idea eka ta kiyanna one moda wage wada nawaththanna kiyala.,toxic
2219,oya ge post eka gon ne.,toxic
2220,oya ge kathawa mehema karanne wikarayak nisa da? ne.,toxic
2221,"me video eka balala comment karana eka, meka nam wikarayak level ekak. thamuse.",toxic
2222,oya ge wada mehema karanne wal buruwa nisa da? meka dakka gaman hina yanawa.,toxic
2223,oya ge kathawa mole kalpana nathi ne.,toxic
2224,"Ane oya ge kathawa, awajathaka wage meka dakka gaman hina yanawa.",toxic
2225,oya ge reply eka ge kathawa ahuwama boru karaya kiyala hithenawa.,toxic
2226,"oya ge wada, meka nam hariyata therumak nathi level ekak. kata wahagena inna.",toxic
2227,oya ta kiyanna one mole nathi wage wada nawaththanna kiyala.,toxic
2228,oya ge idea eka wada nodanna me wage wada nawaththapan.,toxic
2229,"me video eka balala comment karana eka hariyata mole nathi wage wada karanawa, hariyata.",toxic
2230,umbala nam wada nodanna ne kata wahagena inna.,toxic
2231,oya ge wada ta kiyanna one wadak nathi wage wada nawaththanna kiyala.,toxic
2232,"oya ge post eka, uba nam mole kalpana nathi ane.",toxic
2233,oya ge idea eka chater machan.,toxic
2234,oya ge kathawa ge kathawa ahuwama hariyata therumak nathi kiyala hithenawa.,toxic
2235,"Ane oya ge post eka, hitha nathi ne.",toxic
2236,"oya ge wada, meka nam pissu wage level ekak. hariyata behave karapan.",toxic
2237,"Ane oya ge idea eka, mole kalpana nathi comment karanna kalin hithapan.",toxic
2238,uba mehema karanne moda nisa da? kiyala therenneth ne.,toxic
2239,Oya ge post eka nam gon ane.,toxic
2240,umbala awajathaka wage hariyata behave karapan.,toxic
2241,"me wage wada karana aya hariyata moda wage wada karanawa, kiyala therenneth ne.",toxic
2242,Oya ge post eka nam pissu wage poddak mole pawichchi karapan.,toxic
2243,oya ge wada nam gon athal karaya ne machan.,toxic
2244,Me wage wikarayak athal danne nathuwa tikak hithapan me comment eka danapu eka.,toxic
2245,Me wage mole nathi athal danne nathuwa tikak hithapan oya ge idea eka.,toxic
2246,"Hariyata baluwoth me comment eka danapu eka gon wage ne, meka dakka gaman hina yanawa.",toxic
2247,"oya ge wada hariyata awajathaka wage wage wada karanawa, hariyata.",toxic
2248,"Ane manda me wage wada karana aya, gon athal karaya wage behave wenne ai? hariyata wada karapan.",toxic
2249,"oya ge idea eka, uba nam moda yakku wage tikak igena ganin.",toxic
2250,me wage wada karana aya mehema karanne loku talk karana moda nisa da? comment karanna kalin hithapan.,toxic
2251,oya wage kenek ta kiyanna one hariyata therumak nathi wage wada nawaththanna kiyala.,toxic
2252,"oya, uba nam gon harakek meka nam athi.",toxic
2253,uba nam pissu wage ne machan.,toxic
2254,me video eka balala comment karana eka nam moda yakku wage ne ban.,toxic
2255,"umbala, meka nam wal buruwa level ekak. hariyata behave karapan.",toxic
2256,uba mehema karanne hitha nathi nisa da? hariyata.,toxic
2257,"oya ge wada hariyata weda bari wage wada karanawa, lajja nadda.",toxic
2258,oya ge kathawa mehema karanne wada nodanna nisa da? ane.,toxic
2259,"oya hariyata gon athal karaya wage wada karanawa, comment karanna kalin hithapan.",toxic
2260,Oya ge post eka nam mole kalpana nathi danawada mokakda kiyala.,toxic
2261,"me video eka balala comment karana eka, uba nam mole kalpana nathi kiyala therenneth ne.",toxic
2262,me comment eka danapu eka nam loku talk karana moda ne kiyala therenneth ne.,toxic
2263,Oya ge post eka nam loku talk karana moda hariyata wada karapan.,toxic
2264,umbala kata witharai wada machan.,toxic
2265,Oya ge post eka nam wadak nathi comment karanna kalin hithapan.,toxic
2266,me video eka balala comment karana eka nam boru karaya ne meka dakka gaman hina yanawa.,toxic
2267,"Ane umbala, wadak nathi kata wahagena inna.",toxic
2268,"umbala, meka nam moda yakku wage level ekak. thamuse.",toxic
2269,"Hariyata baluwoth oya wage kenek weda bari wage ne, meka dakka gaman hina yanawa.",toxic
2270,"oya wage kenek, meka nam gon level ekak. lajja nadda.",toxic
2271,"umbala, uba nam mole kalpana nathi oya wage aya nisa thamai mehema wenne.",toxic
2272,umbala ta kiyanna one moda yakku wage wage wada nawaththanna kiyala.,toxic
2273,Me wage gon athal danne nathuwa tikak hithapan umbala.,toxic
2274,oya ge post eka ta kiyanna one awajathaka wage wage wada nawaththanna kiyala.,toxic
2275,Me wage wada nodanna athal danne nathuwa tikak hithapan oya.,toxic
2276,"oya ge reply eka, meka nam chater level ekak. kiyala therenneth ne.",toxic
2277,oya wage kenek wal buruwa lajja nadda.,toxic
2278,oya ge reply eka kata witharai wada comment karanna kalin hithapan.,toxic
2279,oya ge idea eka weda bari lajja nadda.,toxic
2280,"me wage wada karana aya hariyata weda bari wage wada karanawa, me wage wada nawaththapan.",toxic
2281,"me comment eka danapu eka, uba nam loku talk karana moda kata wahagena inna.",toxic
2282,oya ge kathawa ta kiyanna one mole nathi wage wada nawaththanna kiyala.,toxic
2283,Me wage awajathaka wage athal danne nathuwa tikak hithapan me wage wada karana aya.,toxic
2284,"me wage wada karana aya, meka nam weda bari level ekak. poddak mole pawichchi karapan.",toxic
2285,"Ane manda oya ge idea eka, loku talk karana moda wage behave wenne ai? meka dakka gaman hina yanawa.",toxic
2286,"Hariyata baluwoth umbala wada nodanna wage ne, hariyata wada karapan.",toxic
2287,Oya ge post eka nam weda bari hariyata.,toxic
2288,"Hariyata baluwoth oya wadak nathi wage ne, meka nam athi.",toxic
2289,uba nam moda yakku wage ne thamuse.,toxic
2290,oya ge post eka gon harakek comment karanna kalin hithapan.,toxic
2291,me wage wada karana aya nam mole nathi ne ban.,toxic
2292,oya ge wada nam moda ne machan.,toxic
2293,oya wage kenek nam gon ne ne.,toxic
2294,"oya ge kathawa, uba nam wal buruwa hariyata wada karapan.",toxic
2295,"Ane manda oya, moda yakku wage wage behave wenne ai? me wage wada nawaththapan.",toxic
2296,oya ge kathawa gon athal karaya thamuse.,toxic
2297,Mokakda me mehema wada karana eka ge chater wada? ban.,toxic
2298,"Hariyata baluwoth oya wage kenek loku talk karana moda wage ne, ban.",toxic
2299,Mokakda me me video eka balala comment karana eka ge hitha nathi wada? kata wahagena inna.,toxic
2300,Oya ge post eka nam weda bari thamuse.,toxic
2301,me video eka balala comment karana eka nam wadak nathi ne kata wahagena inna.,toxic
2302,"oya ge kathawa, meka nam moda level ekak. tikak igena ganin.",toxic
2303,Mokakda me mehema wada karana eka ge wal buruwa wada? machan.,toxic
2304,"oya ge post eka hariyata pissu wage wage wada karanawa, tikak igena ganin.",toxic
2305,"Hariyata baluwoth oya ge reply eka wikarayak wage ne, tikak igena ganin.",toxic
2306,oya ge wada nam loku talk karana moda ne hariyata.,toxic
2307,"oya ge post eka hariyata hitha nathi wage wada karanawa, hariyata behave karapan.",toxic
2308,"Ane manda uba, boru karaya wage behave wenne ai? meka dakka gaman hina yanawa.",toxic
2309,me video eka balala comment karana eka mole kalpana nathi boruwata katha karanne.,toxic
2310,Mokakda me oya ge post eka ge loku talk karana moda wada? hariyata wada karapan.,toxic
2311,Oya ge post eka nam chater machan.,toxic
2312,oya ge idea eka ge me wage chater comment dakkama epa wenawa.,toxic
2313,Oya ge post eka nam boru karaya me wage wada nawaththapan.,toxic
2314,"Hariyata baluwoth me video eka balala comment karana eka weda bari wage ne, kiyala therenneth ne.",toxic
2315,umbala mehema karanne gon nisa da? lajja nadda.,toxic
2316,mehema wada karana eka ta kiyanna one moda yakku wage wage wada nawaththanna kiyala.,toxic
2317,me comment eka danapu eka mehema karanne boru karaya nisa da? ane.,toxic
2318,"oya wage kenek hariyata gon harakek wage wada karanawa, tikak igena ganin.",toxic
2319,oya wage kenek ta kiyanna one wikarayak wage wada nawaththanna kiyala.,toxic
2320,me wage wada karana aya ta kiyanna one wal buruwa wage wada nawaththanna kiyala.,toxic
2321,oya ge wada nam mole nathi ne ban.,toxic
2322,me wage wada karana aya mehema karanne kata witharai wada nisa da? oya wage aya nisa thamai mehema wenne.,toxic
2323,"Ane oya ge reply eka, moda ane.",toxic
2324,mehema wada karana eka ta kiyanna one hitha nathi wage wada nawaththanna kiyala.,toxic
2325,"oya ge post eka hariyata wikarayak wage wada karanawa, tikak igena ganin.",toxic
2326,"umbala, uba nam boru karaya meka dakka gaman hina yanawa.",toxic
2327,"Hariyata baluwoth oya pissu wage wage ne, tikak igena ganin.",toxic
2328,"umbala, meka nam gon harakek level ekak. hariyata.",toxic
2329,Oya ge post eka nam wikarayak ane.,toxic
2330,"me video eka balala comment karana eka hariyata mole kalpana nathi wage wada karanawa, ban.",toxic
2331,"oya, uba nam weda bari oya wage aya nisa thamai mehema wenne.",toxic
2332,oya ge wada mehema karanne mole kalpana nathi nisa da? thamuse.,toxic
2333,"oya ge reply eka hariyata wadak nathi wage wada karanawa, me wage wada nawaththapan.",toxic
2334,Mokakda me me comment eka danapu eka ge wal buruwa wada? hariyata behave karapan.,toxic
2335,"oya, meka nam moda level ekak. meka dakka gaman hina yanawa.",toxic
2336,"umbala, uba nam mole nathi hariyata.",toxic
2337,"me comment eka danapu eka, uba nam awajathaka wage machan.",toxic
2338,"Ane manda umbala, mole nathi wage behave wenne ai? tikak igena ganin.",toxic
2339,me video eka balala comment karana eka mehema karanne kata witharai wada nisa da? meka nam athi.,toxic
2340,me comment eka danapu eka ta kiyanna one wikarayak wage wada nawaththanna kiyala.,toxic
2341,oya ge reply eka ge me wage wada nodanna comment dakkama epa wenawa.,toxic
2342,"Ane oya, boru karaya boruwata katha karanne.",toxic
2343,oya ge idea eka ge me wage gon athal karaya comment dakkama epa wenawa.,toxic
2344,"Hariyata baluwoth mehema wada karana eka mole kalpana nathi wage ne, oya wage aya nisa thamai mehema wenne.",toxic
2345,oya ge idea eka mehema karanne wada nodanna nisa da? comment karanna kalin hithapan.,toxic
2346,"Hariyata baluwoth oya mole nathi wage ne, hariyata wada karapan.",toxic
2347,oya ge wada mehema karanne boru karaya nisa da? danawada mokakda kiyala.,toxic
2348,"Ane me video eka balala comment karana eka, mole kalpana nathi tikak igena ganin.",toxic
2349,"Ane manda mehema wada karana eka, moda yakku wage wage behave wenne ai? ane.",toxic
2350,"mehema wada karana eka hariyata gon wage wada karanawa, oya wage aya nisa thamai mehema wenne.",toxic
2351,"oya ge reply eka hariyata loku talk karana moda wage wada karanawa, comment karanna kalin hithapan.",toxic
2352,Mokakda me oya ge wada ge weda bari wada? meka dakka gaman hina yanawa.,toxic
2353,"oya, uba nam wada nodanna ban.",toxic
2354,"oya ge post eka, meka nam kata witharai wada level ekak. hariyata wada karapan.",toxic
2355,Mokakda me oya ge kathawa ge kata witharai wada wada? oya wage aya nisa thamai mehema wenne.,toxic
2356,oya ge post eka nam gon harakek ne poddak mole pawichchi karapan.,toxic
2357,me comment eka danapu eka nam chater ne poddak mole pawichchi karapan.,toxic
2358,"Hariyata baluwoth oya ge wada moda wage ne, oya wage aya nisa thamai mehema wenne.",toxic
2359,Oya ge post eka nam mole nathi ban.,toxic
2360,"Hariyata baluwoth oya ge reply eka wadak nathi wage ne, ban.",toxic
2361,Me wage wikarayak athal danne nathuwa tikak hithapan mehema wada karana eka.,toxic
2362,"oya ge wada hariyata wal buruwa wage wada karanawa, ane.",toxic
2363,mehema wada karana eka ge kathawa ahuwama wada nodanna kiyala hithenawa.,toxic
2364,"oya ge reply eka, uba nam mole kalpana nathi machan.",toxic
2365,"me wage wada karana aya, uba nam wada nodanna ban.",toxic
2366,"Ane me comment eka danapu eka, weda bari ane.",toxic
2367,oya ge wada ge me wage boru karaya comment dakkama epa wenawa.,toxic
2368,"oya ge wada, meka nam gon harakek level ekak. hariyata wada karapan.",toxic
2369,me video eka balala comment karana eka moda poddak mole pawichchi karapan.,toxic
2370,"mehema wada karana eka hariyata hitha nathi wage wada karanawa, tikak igena ganin.",toxic
2371,"Ane me comment eka danapu eka, hariyata therumak nathi comment karanna kalin hithapan.",toxic
2372,oya gon harakek meka dakka gaman hina yanawa.,toxic
2373,"uba hariyata boru karaya wage wada karanawa, hariyata wada karapan.",toxic
2374,oya ge kathawa ta kiyanna one chater wage wada nawaththanna kiyala.,toxic
2375,"Ane manda umbala, pissu wage wage behave wenne ai? me wage wada nawaththapan.",toxic
2376,oya ge kathawa ta kiyanna one wal buruwa wage wada nawaththanna kiyala.,toxic
2377,oya ge kathawa moda boruwata katha karanne.,toxic
2378,"Ane manda oya wage kenek, gon harakek wage behave wenne ai? meka nam athi.",toxic
2379,me video eka balala comment karana eka ge me wage moda comment dakkama epa wenawa.,toxic
2380,"me comment eka danapu eka, meka nam gon harakek level ekak. hariyata wada karapan.",toxic
2381,Oya ge post eka nam wal buruwa poddak mole pawichchi karapan.,toxic
2382,Oya ge post eka nam pissu wage hariyata.,toxic
2383,Mokakda me umbala ge boru karaya wada? kata wahagena inna.,toxic
2384,"Ane oya ge reply eka, wada nodanna ban.",toxic
2385,Mokakda me oya wage kenek ge hitha nathi wada? meka dakka gaman hina yanawa.,toxic
2386,oya wage kenek moda yakku wage ane.,toxic
2387,Oya ge post eka nam wikarayak hariyata wada karapan.,toxic
2388,"Ane me video eka balala comment karana eka, awajathaka wage boruwata katha karanne.",toxic
2389,Me wage gon athal danne nathuwa tikak hithapan oya.,toxic
2390,oya ge post eka mehema karanne weda bari nisa da? hariyata wada karapan.,toxic
2391,oya wage kenek ge kathawa ahuwama loku talk karana moda kiyala hithenawa.,toxic
2392,Oya ge post eka nam moda yakku wage ban.,toxic
2393,"Ane oya ge kathawa, gon machan.",toxic
2394,oya ge kathawa awajathaka wage boruwata katha karanne.,toxic
2395,Me wage hariyata therumak nathi athal danne nathuwa tikak hithapan oya wage kenek.,toxic
2396,Mokakda me oya ge wada ge boru karaya wada? danawada mokakda kiyala.,toxic
2397,oya wage kenek gon harakek hariyata.,toxic
2398,me comment eka danapu eka hitha nathi kiyala therenneth ne.,toxic
2399,uba pissu wage meka nam athi.,toxic
2400,oya ge idea eka nam boru karaya ne hariyata.,toxic
2401,me video eka balala comment karana eka ge me wage gon harakek comment dakkama epa wenawa.,toxic
2402,oya ge post eka moda danawada mokakda kiyala.,toxic
2403,oya ge post eka ge me wage gon comment dakkama epa wenawa.,toxic
2404,oya wage kenek nam mole nathi ne lajja nadda.,toxic
2405,"Hariyata baluwoth oya wal buruwa wage ne, thamuse.",toxic
2406,oya ge post eka ge kathawa ahuwama gon harakek kiyala hithenawa.,toxic
2407,Mokakda me me wage wada karana aya ge pissu wage wada? thamuse.,toxic
2408,"oya ge reply eka hariyata moda wage wada karanawa, kata wahagena inna.",toxic
2409,"mehema wada karana eka, uba nam gon thamuse.",toxic
2410,"oya ge kathawa, uba nam moda kata wahagena inna.",toxic
2411,me comment eka danapu eka mehema karanne mole nathi nisa da? ne.,toxic
2412,"oya ge post eka, uba nam wada nodanna poddak mole pawichchi karapan.",toxic
2413,"oya ge idea eka, uba nam hitha nathi hariyata.",toxic
2414,oya ge idea eka ge me wage awajathaka wage comment dakkama epa wenawa.,toxic
2415,"Ane manda oya, mole nathi wage behave wenne ai? lajja nadda.",toxic
2416,uba weda bari poddak mole pawichchi karapan.,toxic
2417,Mokakda me oya ge reply eka ge gon wada? kata wahagena inna.,toxic
2418,"Ane manda oya ge kathawa, wikarayak wage behave wenne ai? hariyata wada karapan.",toxic
2419,"Ane manda me wage wada karana aya, loku talk karana moda wage behave wenne ai? me wage wada nawaththapan.",toxic
2420,oya ge reply eka nam wikarayak ne hariyata behave karapan.,toxic
2421,mehema wada karana eka chater poddak mole pawichchi karapan.,toxic
2422,"me wage wada karana aya, uba nam awajathaka wage meka dakka gaman hina yanawa.",toxic
2423,me video eka balala comment karana eka gon harakek ne.,toxic
2424,oya ge post eka mehema karanne awajathaka wage nisa da? tikak igena ganin.,toxic
2425,oya ge idea eka nam loku talk karana moda ne hariyata.,toxic
2426,"Ane oya ge reply eka, hitha nathi kiyala therenneth ne.",toxic
2427,me video eka balala comment karana eka awajathaka wage boruwata katha karanne.,toxic
2428,"oya ge idea eka, meka nam wada nodanna level ekak. machan.",toxic
2429,oya ge kathawa ge kathawa ahuwama pissu wage kiyala hithenawa.,toxic
2430,"Ane oya ge wada, wikarayak poddak mole pawichchi karapan.",toxic
2431,oya ge post eka boru karaya thamuse.,toxic
2432,"oya ge reply eka hariyata gon athal karaya wage wada karanawa, poddak mole pawichchi karapan.",toxic
2433,oya ge kathawa ta kiyanna one boru karaya wage wada nawaththanna kiyala.,toxic
2434,"oya ge post eka, uba nam wadak nathi ne.",toxic
2435,Me wage gon athal danne nathuwa tikak hithapan oya ge idea eka.,toxic
2436,"Ane me wage wada karana aya, hitha nathi machan.",toxic
2437,"uba, meka nam hitha nathi level ekak. tikak igena ganin.",toxic
2438,Mokakda me oya wage kenek ge gon wada? ane.,toxic
2439,me comment eka danapu eka mehema karanne hariyata therumak nathi nisa da? machan.,toxic
2440,Me wage moda athal danne nathuwa tikak hithapan oya ge post eka.,toxic
2441,Mokakda me oya ge kathawa ge pissu wage wada? danawada mokakda kiyala.,toxic
2442,oya ge idea eka ge me wage gon harakek comment dakkama epa wenawa.,toxic
2443,umbala nam boru karaya ne hariyata wada karapan.,toxic
2444,oya wage kenek ta kiyanna one pissu wage wage wada nawaththanna kiyala.,toxic
2445,"oya ge post eka, uba nam mole kalpana nathi kata wahagena inna.",toxic
2446,Oya ge post eka nam pissu wage tikak igena ganin.,toxic
2447,me wage wada karana aya ge kathawa ahuwama hitha nathi kiyala hithenawa.,toxic
2448,me comment eka danapu eka ge me wage gon athal karaya comment dakkama epa wenawa.,toxic
2449,"Ane manda oya, hitha nathi wage behave wenne ai? tikak igena ganin.",toxic
2450,oya ge idea eka awajathaka wage boruwata katha karanne.,toxic
2451,oya ge me wage pissu wage comment dakkama epa wenawa.,toxic
2452,oya ge post eka ge me wage mole nathi comment dakkama epa wenawa.,toxic
2453,Mokakda me me wage wada karana aya ge gon harakek wada? oya wage aya nisa thamai mehema wenne.,toxic
2454,Mokakda me oya ge kathawa ge hariyata therumak nathi wada? poddak mole pawichchi karapan.,toxic
2455,"mehema wada karana eka hariyata chater wage wada karanawa, tikak igena ganin.",toxic
2456,mehema wada karana eka ge kathawa ahuwama mole kalpana nathi kiyala hithenawa.,toxic
2457,"me wage wada karana aya, meka nam wikarayak level ekak. hariyata behave karapan.",toxic
2458,mehema wada karana eka nam chater ne oya wage aya nisa thamai mehema wenne.,toxic
2459,"Ane oya ge reply eka, wada nodanna tikak igena ganin.",toxic
2460,"me wage wada karana aya, meka nam gon athal karaya level ekak. ban.",toxic
2461,umbala ge kathawa ahuwama boru karaya kiyala hithenawa.,toxic
2462,oya wada nodanna meka dakka gaman hina yanawa.,toxic
2463,"uba, meka nam awajathaka wage level ekak. tikak igena ganin.",toxic
2464,Mokakda me me comment eka danapu eka ge gon wada? meka nam athi.,toxic
2465,"oya ge reply eka, uba nam loku talk karana moda tikak igena ganin.",toxic
2466,"oya, uba nam moda yakku wage kata wahagena inna.",toxic
2467,Mokakda me uba ge hariyata therumak nathi wada? meka nam athi.,toxic
2468,"Ane oya ge post eka, awajathaka wage meka nam athi.",toxic
2469,me comment eka danapu eka ge me wage awajathaka wage comment dakkama epa wenawa.,toxic
2470,oya ge wada mehema karanne awajathaka wage nisa da? thamuse.,toxic
2471,"Ane manda oya ge wada, mole nathi wage behave wenne ai? meka nam athi.",toxic
2472,oya ge post eka loku talk karana moda lajja nadda.,toxic
2473,"me comment eka danapu eka, uba nam moda yakku wage kata wahagena inna.",toxic
2474,umbala ge kathawa ahuwama wikarayak kiyala hithenawa.,toxic
2475,oya ge idea eka weda bari ane.,toxic
2476,oya ge reply eka ta kiyanna one awajathaka wage wage wada nawaththanna kiyala.,toxic
2477,umbala ge me wage hariyata therumak nathi comment dakkama epa wenawa.,toxic
2478,me video eka balala comment karana eka nam awajathaka wage ne poddak mole pawichchi karapan.,toxic
2479,"oya ge post eka hariyata wikarayak wage wada karanawa, machan.",toxic
2480,oya ge reply eka boru karaya ne.,toxic
2481,"Ane manda me video eka balala comment karana eka, pissu wage wage behave wenne ai? danawada mokakda kiyala.",toxic
2482,oya wage kenek boru karaya hariyata behave karapan.,toxic
2483,"Hariyata baluwoth oya ge reply eka weda bari wage ne, kiyala therenneth ne.",toxic
2484,me comment eka danapu eka mehema karanne moda yakku wage nisa da? me wage wada nawaththapan.,toxic
2485,"Hariyata baluwoth oya ge reply eka chater wage ne, meka nam athi.",toxic
2486,uba ta kiyanna one awajathaka wage wage wada nawaththanna kiyala.,toxic
2487,"Ane manda oya ge post eka, loku talk karana moda wage behave wenne ai? ne.",toxic
2488,me video eka balala comment karana eka nam moda ne tikak igena ganin.,toxic
2489,oya wage kenek ge me wage mole kalpana nathi comment dakkama epa wenawa.,toxic
2490,"uba hariyata gon wage wada karanawa, machan.",toxic
2491,oya ge wada mehema karanne gon nisa da? danawada mokakda kiyala.,toxic
2492,"Ane oya wage kenek, awajathaka wage danawada mokakda kiyala.",toxic
2493,"Ane manda me video eka balala comment karana eka, gon harakek wage behave wenne ai? boruwata katha karanne.",toxic
2494,"me comment eka danapu eka, uba nam chater poddak mole pawichchi karapan.",toxic
2495,me wage wada karana aya mole kalpana nathi comment karanna kalin hithapan.,toxic
2496,oya ge idea eka nam kata witharai wada ne hariyata wada karapan.,toxic
2497,Oya ge post eka nam mole nathi boruwata katha karanne.,toxic
2498,oya ge idea eka mole kalpana nathi tikak igena ganin.,toxic
2499,me comment eka danapu eka awajathaka wage me wage wada nawaththapan.,toxic
2500,"mehema wada karana eka, meka nam hitha nathi level ekak. meka dakka gaman hina yanawa.",toxic
2501,"oya ge reply eka, meka nam gon level ekak. meka nam athi.",toxic
2502,me comment eka danapu eka nam boru karaya ne kiyala therenneth ne.,toxic
2503,"umbala hariyata boru karaya wage wada karanawa, lajja nadda.",toxic
2504,Oya ge post eka nam moda yakku wage lajja nadda.,toxic
2505,"oya ge idea eka hariyata hitha nathi wage wada karanawa, meka dakka gaman hina yanawa.",toxic
2506,mehema wada karana eka ge me wage gon athal karaya comment dakkama epa wenawa.,toxic
2507,me comment eka danapu eka mehema karanne moda yakku wage nisa da? comment karanna kalin hithapan.,toxic
2508,"Ane manda oya ge kathawa, wikarayak wage behave wenne ai? ne.",toxic
2509,uba wadak nathi boruwata katha karanne.,toxic
2510,"uba hariyata gon wage wada karanawa, me wage wada nawaththapan.",toxic
2511,oya ge post eka ge kathawa ahuwama mole nathi kiyala hithenawa.,toxic
2512,"Ane oya wage kenek, kata witharai wada meka nam athi.",toxic
2513,oya ge reply eka ge me wage moda yakku wage comment dakkama epa wenawa.,toxic
2514,"Ane oya ge idea eka, mole nathi kiyala therenneth ne.",toxic
2515,"oya, meka nam gon harakek level ekak. me wage wada nawaththapan.",toxic
2516,"Hariyata baluwoth oya ge wada loku talk karana moda wage ne, poddak mole pawichchi karapan.",toxic
2517,umbala ge kathawa ahuwama weda bari kiyala hithenawa.,toxic
2518,oya loku talk karana moda comment karanna kalin hithapan.,toxic
2519,"Ane me wage wada karana aya, wal buruwa meka dakka gaman hina yanawa.",toxic
2520,"Ane uba, pissu wage kata wahagena inna.",toxic
2521,"oya, meka nam pissu wage level ekak. kata wahagena inna.",toxic
2522,me wage wada karana aya nam wal buruwa ne oya wage aya nisa thamai mehema wenne.,toxic
2523,"Hariyata baluwoth me wage wada karana aya awajathaka wage wage ne, ban.",toxic
2524,Mokakda me oya ge kathawa ge kata witharai wada wada? comment karanna kalin hithapan.,toxic
2525,"me video eka balala comment karana eka, meka nam moda level ekak. kata wahagena inna.",toxic
2526,"Ane oya ge post eka, wadak nathi meka nam athi.",toxic
2527,uba ge me wage wikarayak comment dakkama epa wenawa.,toxic
2528,"me video eka balala comment karana eka, meka nam gon athal karaya level ekak. meka nam athi.",toxic
2529,"Hariyata baluwoth oya gon athal karaya wage ne, hariyata.",toxic
2530,Mokakda me uba ge awajathaka wage wada? meka dakka gaman hina yanawa.,toxic
2531,"oya ge idea eka hariyata wikarayak wage wada karanawa, kata wahagena inna.",toxic
2532,uba nam wikarayak ne lajja nadda.,toxic
2533,me wage wada karana aya ge kathawa ahuwama wal buruwa kiyala hithenawa.,toxic
2534,"uba, meka nam weda bari level ekak. machan.",toxic
2535,me comment eka danapu eka ge kathawa ahuwama hitha nathi kiyala hithenawa.,toxic
2536,umbala nam weda bari ne ne.,toxic
2537,oya ge kathawa ahuwama moda yakku wage kiyala hithenawa.,toxic
2538,Oya ge post eka nam gon meka nam athi.,toxic
2539,"Ane manda umbala, pissu wage wage behave wenne ai? meka nam athi.",toxic
2540,umbala nam awajathaka wage ne ne.,toxic
2541,Mokakda me uba ge wada nodanna wada? ban.,toxic
2542,Oya ge post eka nam wikarayak kata wahagena inna.,toxic
2543,umbala wikarayak meka dakka gaman hina yanawa.,toxic
2544,Mokakda me umbala ge wada nodanna wada? poddak mole pawichchi karapan.,toxic
2545,"Ane uba, wada nodanna kata wahagena inna.",toxic
2546,oya ge kathawa awajathaka wage hariyata behave karapan.,toxic
2547,"Hariyata baluwoth oya ge wada mole nathi wage ne, tikak igena ganin.",toxic
2548,oya ge kathawa mehema karanne pissu wage nisa da? danawada mokakda kiyala.,toxic
2549,oya ge post eka chater me wage wada nawaththapan.,toxic
2550,Mokakda me me comment eka danapu eka ge moda wada? ane.,toxic
2551,"me video eka balala comment karana eka, uba nam pissu wage kata wahagena inna.",toxic
2552,"mehema wada karana eka hariyata hariyata therumak nathi wage wada karanawa, tikak igena ganin.",toxic
2553,"umbala, uba nam moda kiyala therenneth ne.",toxic
2554,"Ane oya ge reply eka, awajathaka wage hariyata.",toxic
2555,"Ane manda me video eka balala comment karana eka, wadak nathi wage behave wenne ai? me wage wada nawaththapan.",toxic
2556,Mokakda me umbala ge weda bari wada? tikak igena ganin.,toxic
2557,"Ane oya ge kathawa, wadak nathi kiyala therenneth ne.",toxic
2558,"uba, meka nam pissu wage level ekak. ban.",toxic
2559,umbala mole kalpana nathi meka nam athi.,toxic
2560,me comment eka danapu eka mehema karanne wada nodanna nisa da? machan.,toxic
2561,"Hariyata baluwoth me wage wada karana aya gon wage ne, hariyata wada karapan.",toxic
2562,oya wage kenek ge kathawa ahuwama moda yakku wage kiyala hithenawa.,toxic
2563,Mokakda me oya wage kenek ge pissu wage wada? poddak mole pawichchi karapan.,toxic
2564,Mokakda me oya wage kenek ge wikarayak wada? hariyata wada karapan.,toxic
2565,umbala ge me wage boru karaya comment dakkama epa wenawa.,toxic
2566,Me wage wal buruwa athal danne nathuwa tikak hithapan me video eka balala comment karana eka.,toxic
2567,Me wage awajathaka wage athal danne nathuwa tikak hithapan oya ge kathawa.,toxic
2568,"Hariyata baluwoth oya mole kalpana nathi wage ne, oya wage aya nisa thamai mehema wenne.",toxic
2569,"Ane oya ge reply eka, gon harakek danawada mokakda kiyala.",toxic
2570,uba loku talk karana moda ne.,toxic
2571,"mehema wada karana eka hariyata mole nathi wage wada karanawa, poddak mole pawichchi karapan.",toxic
2572,"Hariyata baluwoth mehema wada karana eka moda yakku wage wage ne, thamuse.",toxic
2573,"me video eka balala comment karana eka, uba nam wal buruwa hariyata behave karapan.",toxic
2574,"oya ge kathawa, uba nam hariyata therumak nathi danawada mokakda kiyala.",toxic
2575,"me video eka balala comment karana eka, meka nam wikarayak level ekak. ban.",toxic
2576,umbala nam moda ne ne.,toxic
2577,"umbala, uba nam mole kalpana nathi thamuse.",toxic
2578,"me comment eka danapu eka hariyata gon harakek wage wada karanawa, danawada mokakda kiyala.",toxic
2579,"Ane oya ge reply eka, kata witharai wada kata wahagena inna.",toxic
2580,"Ane umbala, gon athal karaya hariyata wada karapan.",toxic
2581,Me wage mole nathi athal danne nathuwa tikak hithapan me comment eka danapu eka.,toxic
2582,"Ane manda me comment eka danapu eka, hitha nathi wage behave wenne ai? thamuse.",toxic
2583,Mokakda me oya wage kenek ge gon harakek wada? meka nam athi.,toxic
2584,"Ane manda mehema wada karana eka, wadak nathi wage behave wenne ai? ban.",toxic
2585,oya ge wada ta kiyanna one moda yakku wage wage wada nawaththanna kiyala.,toxic
2586,umbala mole kalpana nathi thamuse.,toxic
2587,mehema wada karana eka nam chater ne meka dakka gaman hina yanawa.,toxic
2588,Mokakda me oya ge kata witharai wada wada? comment karanna kalin hithapan.,toxic
2589,"oya ge reply eka hariyata moda yakku wage wage wada karanawa, meka dakka gaman hina yanawa.",toxic
2590,umbala nam moda ne hariyata behave karapan.,toxic
2591,oya ge post eka mehema karanne moda nisa da? me wage wada nawaththapan.,toxic
2592,oya wage kenek mole nathi hariyata.,toxic
2593,umbala mehema karanne chater nisa da? me wage wada nawaththapan.,toxic
2594,oya ge post eka gon athal karaya poddak mole pawichchi karapan.,toxic
2595,uba ge me wage mole nathi comment dakkama epa wenawa.,toxic
2596,"Hariyata baluwoth oya ge reply eka chater wage ne, danawada mokakda kiyala.",toxic
2597,oya ge idea eka mehema karanne gon harakek nisa da? machan.,toxic
2598,"Ane manda oya ge post eka, gon wage behave wenne ai? ne.",toxic
2599,me video eka balala comment karana eka ta kiyanna one wada nodanna wage wada nawaththanna kiyala.,toxic
2600,Me wage wada nodanna athal danne nathuwa tikak hithapan oya ge post eka.,toxic
2601,oya ge idea eka moda meka dakka gaman hina yanawa.,toxic
2602,"Ane me comment eka danapu eka, moda meka nam athi.",toxic
2603,oya ge wada mehema karanne gon harakek nisa da? tikak igena ganin.,toxic
2604,oya wage kenek mehema karanne gon athal karaya nisa da? thamuse.,toxic
2605,Me wage hitha nathi athal danne nathuwa tikak hithapan oya ge reply eka.,toxic
2606,"oya wage kenek, uba nam wikarayak comment karanna kalin hithapan.",toxic
2607,oya ge post eka gon danawada mokakda kiyala.,toxic
2608,uba mehema karanne loku talk karana moda nisa da? oya wage aya nisa thamai mehema wenne.,toxic
2609,"Ane manda mehema wada karana eka, moda wage behave wenne ai? hariyata.",toxic
2610,Me wage hitha nathi athal danne nathuwa tikak hithapan umbala.,toxic
2611,me wage wada karana aya hitha nathi kiyala therenneth ne.,toxic
2612,oya ge kathawa nam hariyata therumak nathi ne ban.,toxic
2613,"oya wage kenek, meka nam gon level ekak. danawada mokakda kiyala.",toxic
2614,"Ane oya ge post eka, hitha nathi poddak mole pawichchi karapan.",toxic
2615,"Ane oya ge kathawa, gon athal karaya tikak igena ganin.",toxic
2616,oya ge kathawa loku talk karana moda hariyata.,toxic
2617,me comment eka danapu eka ge me wage pissu wage comment dakkama epa wenawa.,toxic
2618,"oya, meka nam boru karaya level ekak. hariyata behave karapan.",toxic
2619,"Ane oya ge kathawa, mole nathi kiyala therenneth ne.",toxic
2620,"Hariyata baluwoth oya ge kathawa moda yakku wage wage ne, ban.",toxic
2621,Me wage weda bari athal danne nathuwa tikak hithapan oya ge reply eka.,toxic
2622,Mokakda me oya wage kenek ge loku talk karana moda wada? machan.,toxic
2623,"uba, meka nam chater level ekak. ban.",toxic
2624,"me comment eka danapu eka hariyata mole nathi wage wada karanawa, lajja nadda.",toxic
2625,"Ane me comment eka danapu eka, wada nodanna lajja nadda.",toxic
2626,"Ane oya ge idea eka, hariyata therumak nathi me wage wada nawaththapan.",toxic
2627,"Ane mehema wada karana eka, mole nathi kiyala therenneth ne.",toxic
2628,"Ane me video eka balala comment karana eka, awajathaka wage tikak igena ganin.",toxic
2629,"Ane oya, mole kalpana nathi comment karanna kalin hithapan.",toxic
2630,oya nam hitha nathi ne ane.,toxic
2631,umbala mehema karanne moda nisa da? danawada mokakda kiyala.,toxic
2632,"Ane umbala, loku talk karana moda oya wage aya nisa thamai mehema wenne.",toxic
2633,"oya wage kenek, meka nam moda yakku wage level ekak. hariyata wada karapan.",toxic
2634,"oya ge kathawa, uba nam awajathaka wage hariyata behave karapan.",toxic
2635,Me wage boru karaya athal danne nathuwa tikak hithapan oya ge post eka.,toxic
2636,Mokakda me me wage wada karana aya ge wadak nathi wada? ban.,toxic
2637,"Ane me wage wada karana aya, loku talk karana moda comment karanna kalin hithapan.",toxic
2638,oya ge reply eka ge me wage gon harakek comment dakkama epa wenawa.,toxic
2639,"Ane oya ge kathawa, wada nodanna meka dakka gaman hina yanawa.",toxic
2640,"Ane manda mehema wada karana eka, mole nathi wage behave wenne ai? hariyata behave karapan.",toxic
2641,Mokakda me oya wage kenek ge gon wada? ban.,toxic
2642,"oya wage kenek hariyata gon wage wada karanawa, meka nam athi.",toxic
2643,oya nam kata witharai wada ne tikak igena ganin.,toxic
2644,"Hariyata baluwoth me video eka balala comment karana eka hitha nathi wage ne, me wage wada nawaththapan.",toxic
2645,"uba hariyata boru karaya wage wada karanawa, hariyata behave karapan.",toxic
2646,"oya ge reply eka hariyata wal buruwa wage wada karanawa, me wage wada nawaththapan.",toxic
2647,"me video eka balala comment karana eka hariyata awajathaka wage wage wada karanawa, lajja nadda.",toxic
2648,"me comment eka danapu eka, meka nam wada nodanna level ekak. me wage wada nawaththapan.",toxic
2649,me wage wada karana aya ta kiyanna one hariyata therumak nathi wage wada nawaththanna kiyala.,toxic
2650,oya ge idea eka mehema karanne loku talk karana moda nisa da? ne.,toxic
2651,mehema wada karana eka hariyata therumak nathi kiyala therenneth ne.,toxic
2652,Mokakda me me video eka balala comment karana eka ge kata witharai wada wada? oya wage aya nisa thamai mehema wenne.,toxic
2653,"Hariyata baluwoth oya ge idea eka hariyata therumak nathi wage ne, lajja nadda.",toxic
2654,Me wage gon athal danne nathuwa tikak hithapan mehema wada karana eka.,toxic
2655,oya ta kiyanna one awajathaka wage wage wada nawaththanna kiyala.,toxic
2656,"Ane manda me comment eka danapu eka, hariyata therumak nathi wage behave wenne ai? ban.",toxic
2657,oya ge idea eka wadak nathi meka nam athi.,toxic
2658,me wage wada karana aya ta kiyanna one moda wage wada nawaththanna kiyala.,toxic
2659,oya ge post eka nam gon harakek ne hariyata.,toxic
2660,oya ge reply eka ge me wage chater comment dakkama epa wenawa.,toxic
2661,"oya ge idea eka hariyata awajathaka wage wage wada karanawa, hariyata wada karapan.",toxic
2662,uba mehema karanne hitha nathi nisa da? boruwata katha karanne.,toxic
2663,oya wage kenek mehema karanne wikarayak nisa da? danawada mokakda kiyala.,toxic
2664,"Hariyata baluwoth me wage wada karana aya gon harakek wage ne, boruwata katha karanne.",toxic
2665,Mokakda me oya ge kathawa ge kata witharai wada wada? meka nam athi.,toxic
2666,"Ane manda oya wage kenek, wal buruwa wage behave wenne ai? hariyata.",toxic
2667,oya ge idea eka ge me wage moda comment dakkama epa wenawa.,toxic
2668,umbala ge me wage wikarayak comment dakkama epa wenawa.,toxic
2669,"oya ge reply eka, meka nam gon athal karaya level ekak. poddak mole pawichchi karapan.",toxic
2670,oya ge idea eka mehema karanne loku talk karana moda nisa da? ban.,toxic
2671,Oya ge post eka nam wal buruwa comment karanna kalin hithapan.,toxic
2672,oya ge kathawa ta kiyanna one gon wage wada nawaththanna kiyala.,toxic
2673,me video eka balala comment karana eka mehema karanne gon athal karaya nisa da? ane.,toxic
2674,"Ane oya ge idea eka, wadak nathi hariyata.",toxic
2675,oya ge reply eka ta kiyanna one moda yakku wage wage wada nawaththanna kiyala.,toxic
2676,uba ge me wage hitha nathi comment dakkama epa wenawa.,toxic
2677,"Hariyata baluwoth me video eka balala comment karana eka kata witharai wada wage ne, ane.",toxic
2678,"Ane manda oya ge wada, gon athal karaya wage behave wenne ai? meka nam athi.",toxic
2679,"Ane manda oya ge idea eka, hitha nathi wage behave wenne ai? ne.",toxic
2680,"Ane oya ge wada, kata witharai wada tikak igena ganin.",toxic
2681,Me wage moda yakku wage athal danne nathuwa tikak hithapan me comment eka danapu eka.,toxic
2682,"uba, meka nam hariyata therumak nathi level ekak. thamuse.",toxic
2683,"me video eka balala comment karana eka, uba nam moda me wage wada nawaththapan.",toxic
2684,me wage wada karana aya ge kathawa ahuwama gon harakek kiyala hithenawa.,toxic
2685,Oya ge post eka nam wadak nathi danawada mokakda kiyala.,toxic
2686,oya ge kathawa mehema karanne wikarayak nisa da? lajja nadda.,toxic
2687,"Hariyata baluwoth oya ge reply eka kata witharai wada wage ne, meka nam athi.",toxic
2688,"uba hariyata wada nodanna wage wada karanawa, boruwata katha karanne.",toxic
2689,Mokakda me me video eka balala comment karana eka ge moda yakku wage wada? hariyata wada karapan.,toxic
2690,"me comment eka danapu eka, uba nam moda danawada mokakda kiyala.",toxic
2691,"me wage wada karana aya hariyata mole kalpana nathi wage wada karanawa, poddak mole pawichchi karapan.",toxic
2692,"Hariyata baluwoth oya ge kathawa moda yakku wage wage ne, poddak mole pawichchi karapan.",toxic
2693,oya nam mole kalpana nathi ne ne.,toxic
2694,"oya ge reply eka, uba nam pissu wage boruwata katha karanne.",toxic
2695,Me wage hariyata therumak nathi athal danne nathuwa tikak hithapan oya ge reply eka.,toxic
2696,"oya ge post eka hariyata awajathaka wage wage wada karanawa, kiyala therenneth ne.",toxic
2697,Mokakda me oya ge wada ge pissu wage wada? thamuse.,toxic
2698,oya mehema karanne moda nisa da? ban.,toxic
2699,me comment eka danapu eka moda kiyala therenneth ne.,toxic
2700,"oya ge wada, uba nam wikarayak oya wage aya nisa thamai mehema wenne.",toxic
2701,"oya ge reply eka hariyata hariyata therumak nathi wage wada karanawa, ne.",toxic
2702,"uba hariyata weda bari wage wada karanawa, comment karanna kalin hithapan.",toxic
2703,oya ge reply eka nam mole nathi ne danawada mokakda kiyala.,toxic
2704,oya wage kenek ge me wage awajathaka wage comment dakkama epa wenawa.,toxic
2705,"umbala, meka nam wikarayak level ekak. ban.",toxic
2706,me wage wada karana aya nam wadak nathi ne boruwata katha karanne.,toxic
2707,"Ane manda oya ge idea eka, boru karaya wage behave wenne ai? ane.",toxic
2708,"me comment eka danapu eka, meka nam hariyata therumak nathi level ekak. meka dakka gaman hina yanawa.",toxic
2709,"Ane manda me wage wada karana aya, hitha nathi wage behave wenne ai? ban.",toxic
2710,"oya ge wada hariyata boru karaya wage wada karanawa, machan.",toxic
2711,oya ge idea eka chater boruwata katha karanne.,toxic
2712,oya ge kathawa pissu wage kata wahagena inna.,toxic
2713,oya wage kenek mehema karanne weda bari nisa da? thamuse.,toxic
2714,"Hariyata baluwoth oya ge reply eka chater wage ne, hariyata behave karapan.",toxic
2715,"oya ge idea eka, uba nam wada nodanna ane.",toxic
2716,"me wage wada karana aya, uba nam hariyata therumak nathi comment karanna kalin hithapan.",toxic
2717,"Ane oya ge post eka, awajathaka wage boruwata katha karanne.",toxic
2718,"oya wage kenek, uba nam awajathaka wage me wage wada nawaththapan.",toxic
2719,"oya ge reply eka, meka nam wada nodanna level ekak. meka dakka gaman hina yanawa.",toxic
2720,"me wage wada karana aya, uba nam hitha nathi meka nam athi.",toxic
2721,oya ge reply eka nam wikarayak ne kiyala therenneth ne.,toxic
2722,"oya ge reply eka hariyata loku talk karana moda wage wada karanawa, thamuse.",toxic
2723,oya ge post eka wikarayak ane.,toxic
2724,"Hariyata baluwoth me video eka balala comment karana eka moda wage ne, thamuse.",toxic
2725,oya ge idea eka mehema karanne kata witharai wada nisa da? ane.,toxic
2726,uba ta kiyanna one hariyata therumak nathi wage wada nawaththanna kiyala.,toxic
2727,me comment eka danapu eka ge me wage gon comment dakkama epa wenawa.,toxic
2728,uba mehema karanne gon harakek nisa da? hariyata behave karapan.,toxic
2729,"oya wage kenek hariyata wikarayak wage wada karanawa, kata wahagena inna.",toxic
2730,"Ane oya, loku talk karana moda lajja nadda.",toxic
2731,umbala mehema karanne weda bari nisa da? ne.,toxic
2732,oya ta kiyanna one gon wage wada nawaththanna kiyala.,toxic
2733,Me wage mole nathi athal danne nathuwa tikak hithapan oya ge wada.,toxic
2734,oya ge post eka mehema karanne wada nodanna nisa da? oya wage aya nisa thamai mehema wenne.,toxic
2735,Oya ge post eka nam wikarayak comment karanna kalin hithapan.,toxic
2736,oya ge kathawa ahuwama mole nathi kiyala hithenawa.,toxic
2737,uba nam kata witharai wada ne danawada mokakda kiyala.,toxic
2738,"oya ge idea eka, meka nam weda bari level ekak. kata wahagena inna.",toxic
2739,"Ane uba, wadak nathi kiyala therenneth ne.",toxic
2740,umbala wal buruwa hariyata.,toxic
2741,"oya wage kenek hariyata gon harakek wage wada karanawa, ne.",toxic
2742,me wage wada karana aya ge me wage moda yakku wage comment dakkama epa wenawa.,toxic
2743,"Ane manda oya, boru karaya wage behave wenne ai? ne.",toxic
2744,"Hariyata baluwoth me video eka balala comment karana eka awajathaka wage wage ne, danawada mokakda kiyala.",toxic
2745,oya ge reply eka gon athal karaya ane.,toxic
2746,"oya ge reply eka, meka nam chater level ekak. machan.",toxic
2747,me wage wada karana aya nam boru karaya ne hariyata behave karapan.,toxic
2748,Mokakda me mehema wada karana eka ge gon athal karaya wada? ban.,toxic
2749,"Hariyata baluwoth oya ge kathawa wal buruwa wage ne, machan.",toxic
2750,umbala ta kiyanna one wada nodanna wage wada nawaththanna kiyala.,toxic
2751,mehema wada karana eka mehema karanne awajathaka wage nisa da? kata wahagena inna.,toxic
2752,oya ge wada gon athal karaya hariyata wada karapan.,toxic
2753,oya ge kathawa ahuwama gon athal karaya kiyala hithenawa.,toxic
2754,"Hariyata baluwoth oya ge wada moda yakku wage wage ne, hariyata behave karapan.",toxic
2755,oya ge reply eka loku talk karana moda boruwata katha karanne.,toxic
2756,"Hariyata baluwoth mehema wada karana eka gon athal karaya wage ne, kata wahagena inna.",toxic
2757,uba ge me wage pissu wage comment dakkama epa wenawa.,toxic
2758,"Ane manda me wage wada karana aya, wikarayak wage behave wenne ai? meka dakka gaman hina yanawa.",toxic
2759,me wage wada karana aya nam gon athal karaya ne hariyata behave karapan.,toxic
2760,"Ane manda me video eka balala comment karana eka, wada nodanna wage behave wenne ai? ban.",toxic
2761,me video eka balala comment karana eka mole kalpana nathi oya wage aya nisa thamai mehema wenne.,toxic
2762,"Ane me wage wada karana aya, weda bari hariyata.",toxic
2763,"oya wage kenek, uba nam moda thamuse.",toxic
2764,me video eka balala comment karana eka ge kathawa ahuwama boru karaya kiyala hithenawa.,toxic
2765,Oya ge post eka nam gon hariyata.,toxic
2766,Oya ge post eka nam moda poddak mole pawichchi karapan.,toxic
2767,oya ge post eka ge kathawa ahuwama kata witharai wada kiyala hithenawa.,toxic
2768,"Ane manda uba, chater wage behave wenne ai? oya wage aya nisa thamai mehema wenne.",toxic
2769,"oya ge idea eka, meka nam gon athal karaya level ekak. machan.",toxic
2770,"Hariyata baluwoth oya wage kenek wada nodanna wage ne, thamuse.",toxic
2771,"me comment eka danapu eka, uba nam wikarayak oya wage aya nisa thamai mehema wenne.",toxic
2772,oya wage kenek nam kata witharai wada ne meka nam athi.,toxic
2773,oya ge reply eka wada nodanna thamuse.,toxic
2774,oya ge idea eka nam wadak nathi ne oya wage aya nisa thamai mehema wenne.,toxic
2775,oya ge kathawa wadak nathi meka dakka gaman hina yanawa.,toxic
2776,oya ge wada mehema karanne chater nisa da? kiyala therenneth ne.,toxic
2777,Oya ge post eka nam awajathaka wage machan.,toxic
2778,oya ge idea eka ge kathawa ahuwama wada nodanna kiyala hithenawa.,toxic
2779,"Ane manda me wage wada karana aya, gon harakek wage behave wenne ai? kata wahagena inna.",toxic
2780,"Ane oya ge reply eka, mole kalpana nathi machan.",toxic
2781,"Hariyata baluwoth uba wal buruwa wage ne, kiyala therenneth ne.",toxic
2782,"Hariyata baluwoth oya wada nodanna wage ne, poddak mole pawichchi karapan.",toxic
2783,Mokakda me umbala ge wal buruwa wada? machan.,toxic
2784,oya ge kathawa mehema karanne gon nisa da? me wage wada nawaththapan.,toxic
2785,"Hariyata baluwoth me wage wada karana aya pissu wage wage ne, lajja nadda.",toxic
2786,oya ge wada ge kathawa ahuwama chater kiyala hithenawa.,toxic
2787,"oya ge wada, meka nam wikarayak level ekak. comment karanna kalin hithapan.",toxic
2788,"oya ge wada, meka nam gon athal karaya level ekak. thamuse.",toxic
2789,"Ane manda oya ge idea eka, awajathaka wage wage behave wenne ai? tikak igena ganin.",toxic
2790,"me comment eka danapu eka, uba nam mole kalpana nathi lajja nadda.",toxic
2791,"me video eka balala comment karana eka, uba nam weda bari meka dakka gaman hina yanawa.",toxic
2792,mehema wada karana eka ta kiyanna one mole nathi wage wada nawaththanna kiyala.,toxic
2793,Mokakda me oya ge reply eka ge hariyata therumak nathi wada? oya wage aya nisa thamai mehema wenne.,toxic
2794,oya ge reply eka mehema karanne weda bari nisa da? hariyata.,toxic
2795,me video eka balala comment karana eka kata witharai wada oya wage aya nisa thamai mehema wenne.,toxic
2796,Oya ge post eka nam gon meka dakka gaman hina yanawa.,toxic
2797,oya wage kenek moda yakku wage meka nam athi.,toxic
2798,"me wage wada karana aya, uba nam weda bari kiyala therenneth ne.",toxic
2799,umbala mehema karanne boru karaya nisa da? danawada mokakda kiyala.,toxic
2800,"oya ge idea eka, meka nam wada nodanna level ekak. hariyata wada karapan.",toxic
2801,"Hariyata baluwoth oya wage kenek gon harakek wage ne, danawada mokakda kiyala.",toxic
2802,"me comment eka danapu eka hariyata gon harakek wage wada karanawa, hariyata behave karapan.",toxic
2803,me wage wada karana aya nam gon harakek ne thamuse.,toxic
2804,umbala nam moda ne poddak mole pawichchi karapan.,toxic
2805,"Ane oya wage kenek, moda hariyata wada karapan.",toxic
2806,"Hariyata baluwoth oya awajathaka wage wage ne, meka nam athi.",toxic
2807,"umbala hariyata hitha nathi wage wada karanawa, ne.",toxic
2808,"oya ge idea eka hariyata wada nodanna wage wada karanawa, ban.",toxic
2809,"oya ge wada, meka nam wadak nathi level ekak. comment karanna kalin hithapan.",toxic
2810,Mokakda me me video eka balala comment karana eka ge pissu wage wada? tikak igena ganin.,toxic
2811,oya ge idea eka nam wadak nathi ne ane.,toxic
2812,"umbala, uba nam pissu wage poddak mole pawichchi karapan.",toxic
2813,"Ane manda oya ge kathawa, chater wage behave wenne ai? comment karanna kalin hithapan.",toxic
2814,Oya ge post eka nam gon harakek machan.,toxic
2815,mehema wada karana eka wikarayak ane.,toxic
2816,Mokakda me me wage wada karana aya ge pissu wage wada? hariyata behave karapan.,toxic
2817,"Hariyata baluwoth oya ge idea eka hariyata therumak nathi wage ne, meka dakka gaman hina yanawa.",toxic
2818,"mehema wada karana eka hariyata kata witharai wada wage wada karanawa, meka dakka gaman hina yanawa.",toxic
2819,oya ge reply eka nam hariyata therumak nathi ne poddak mole pawichchi karapan.,toxic
2820,oya ge idea eka mehema karanne wal buruwa nisa da? hariyata behave karapan.,toxic
2821,"Ane oya ge reply eka, boru karaya tikak igena ganin.",toxic
2822,"me wage wada karana aya, meka nam chater level ekak. lajja nadda.",toxic
2823,mehema wada karana eka wal buruwa me wage wada nawaththapan.,toxic
2824,Oya ge post eka nam moda ban.,toxic
2825,oya wage kenek nam weda bari ne thamuse.,toxic
2826,Oya ge post eka nam hitha nathi danawada mokakda kiyala.,toxic
2827,Mokakda me oya ge kathawa ge boru karaya wada? hariyata behave karapan.,toxic
2828,"Ane manda oya wage kenek, kata witharai wada wage behave wenne ai? comment karanna kalin hithapan.",toxic
2829,"Ane manda oya ge idea eka, moda wage behave wenne ai? machan.",toxic
2830,oya ge idea eka mehema karanne weda bari nisa da? kiyala therenneth ne.,toxic
2831,oya ge post eka mehema karanne awajathaka wage nisa da? kiyala therenneth ne.,toxic
2832,"umbala, meka nam hariyata therumak nathi level ekak. boruwata katha karanne.",toxic
2833,"oya ge wada, uba nam hariyata therumak nathi poddak mole pawichchi karapan.",toxic
2834,oya ge kathawa ge me wage boru karaya comment dakkama epa wenawa.,toxic
2835,oya ge wada mehema karanne moda yakku wage nisa da? tikak igena ganin.,toxic
2836,Mokakda me oya ge wikarayak wada? ban.,toxic
2837,oya ge idea eka ge me wage gon comment dakkama epa wenawa.,toxic
2838,"Ane manda me video eka balala comment karana eka, gon harakek wage behave wenne ai? poddak mole pawichchi karapan.",toxic
2839,Oya ge post eka nam chater danawada mokakda kiyala.,toxic
2840,"me video eka balala comment karana eka, meka nam boru karaya level ekak. boruwata katha karanne.",toxic
2841,oya ge idea eka mole nathi comment karanna kalin hithapan.,toxic
2842,Me wage boru karaya athal danne nathuwa tikak hithapan oya ge reply eka.,toxic
2843,Mokakda me oya ge idea eka ge kata witharai wada wada? comment karanna kalin hithapan.,toxic
2844,oya wage kenek ge kathawa ahuwama hariyata therumak nathi kiyala hithenawa.,toxic
2845,oya mehema karanne gon nisa da? ne.,toxic
2846,"oya wage kenek, meka nam boru karaya level ekak. meka dakka gaman hina yanawa.",toxic
2847,"Ane umbala, moda yakku wage boruwata katha karanne.",toxic
2848,"Ane manda me comment eka danapu eka, gon harakek wage behave wenne ai? tikak igena ganin.",toxic
2849,me comment eka danapu eka mehema karanne awajathaka wage nisa da? ne.,toxic
2850,me wage wada karana aya mehema karanne wadak nathi nisa da? meka dakka gaman hina yanawa.,toxic
2851,"oya wage kenek, meka nam gon harakek level ekak. hariyata behave karapan.",toxic
2852,"Ane oya ge reply eka, moda yakku wage kata wahagena inna.",toxic
2853,"Hariyata baluwoth me wage wada karana aya mole nathi wage ne, oya wage aya nisa thamai mehema wenne.",toxic
2854,Mokakda me oya ge idea eka ge gon athal karaya wada? boruwata katha karanne.,toxic
2855,"Hariyata baluwoth oya ge post eka mole kalpana nathi wage ne, comment karanna kalin hithapan.",toxic
2856,oya nam moda ne hariyata wada karapan.,toxic
2857,Mokakda me me comment eka danapu eka ge moda yakku wage wada? hariyata.,toxic
2858,oya ge idea eka ge kathawa ahuwama gon athal karaya kiyala hithenawa.,toxic
2859,umbala mehema karanne chater nisa da? meka dakka gaman hina yanawa.,toxic
2860,umbala weda bari poddak mole pawichchi karapan.,toxic
2861,"Ane manda oya ge reply eka, hitha nathi wage behave wenne ai? tikak igena ganin.",toxic
2862,Mokakda me me video eka balala comment karana eka ge wal buruwa wada? comment karanna kalin hithapan.,toxic
2863,me video eka balala comment karana eka mehema karanne gon harakek nisa da? hariyata.,toxic
2864,"uba hariyata loku talk karana moda wage wada karanawa, boruwata katha karanne.",toxic
2865,oya ge post eka nam wal buruwa ne oya wage aya nisa thamai mehema wenne.,toxic
2866,me wage wada karana aya mehema karanne gon harakek nisa da? ban.,toxic
2867,"Ane umbala, pissu wage boruwata katha karanne.",toxic
2868,Mokakda me me comment eka danapu eka ge wal buruwa wada? kiyala therenneth ne.,toxic
2869,"Ane uba, wada nodanna meka nam athi.",toxic
2870,"oya wage kenek hariyata loku talk karana moda wage wada karanawa, hariyata behave karapan.",toxic
2871,"Ane umbala, hitha nathi comment karanna kalin hithapan.",toxic
2872,"me video eka balala comment karana eka, meka nam wikarayak level ekak. meka nam athi.",toxic
2873,uba wadak nathi kiyala therenneth ne.,toxic
2874,oya wage kenek loku talk karana moda machan.,toxic
2875,"oya ge post eka, uba nam pissu wage ne.",toxic
2876,Mokakda me uba ge wikarayak wada? ane.,toxic
2877,Me wage moda athal danne nathuwa tikak hithapan oya.,toxic
2878,Me wage loku talk karana moda athal danne nathuwa tikak hithapan uba.,toxic
2879,"oya ge reply eka hariyata wikarayak wage wada karanawa, ane.",toxic
2880,"oya ge kathawa hariyata wikarayak wage wada karanawa, kiyala therenneth ne.",toxic
2881,Oya ge post eka nam mole kalpana nathi hariyata.,toxic
2882,"umbala, meka nam moda level ekak. hariyata.",toxic
2883,oya ge post eka weda bari hariyata behave karapan.,toxic
2884,"Hariyata baluwoth oya weda bari wage ne, machan.",toxic
2885,Oya ge post eka nam hariyata therumak nathi ban.,toxic
2886,"me video eka balala comment karana eka, uba nam wadak nathi hariyata behave karapan.",toxic
2887,"me comment eka danapu eka hariyata gon wage wada karanawa, thamuse.",toxic
2888,"Ane oya ge wada, wadak nathi tikak igena ganin.",toxic
2889,"me video eka balala comment karana eka, uba nam gon harakek machan.",toxic
2890,"Ane oya ge kathawa, moda yakku wage ban.",toxic
2891,oya mehema karanne moda nisa da? danawada mokakda kiyala.,toxic
2892,"uba hariyata gon athal karaya wage wada karanawa, poddak mole pawichchi karapan.",toxic
2893,"umbala hariyata gon athal karaya wage wada karanawa, danawada mokakda kiyala.",toxic
2894,"Ane umbala, kata witharai wada meka dakka gaman hina yanawa.",toxic
2895,"Ane me video eka balala comment karana eka, wada nodanna me wage wada nawaththapan.",toxic
2896,"umbala hariyata gon wage wada karanawa, machan.",toxic
2897,"Ane uba, hitha nathi me wage wada nawaththapan.",toxic
2898,"umbala, uba nam loku talk karana moda poddak mole pawichchi karapan.",toxic
2899,Mokakda me oya ge idea eka ge gon wada? meka nam athi.,toxic
2900,Mokakda me umbala ge awajathaka wage wada? oya wage aya nisa thamai mehema wenne.,toxic
2901,"Hariyata baluwoth oya ge idea eka boru karaya wage ne, poddak mole pawichchi karapan.",toxic
2902,"me comment eka danapu eka, uba nam mole nathi meka dakka gaman hina yanawa.",toxic
2903,Oya ge post eka nam wal buruwa meka nam athi.,toxic
2904,"oya ge post eka, uba nam gon poddak mole pawichchi karapan.",toxic
2905,oya ge reply eka boru karaya meka dakka gaman hina yanawa.,toxic
2906,oya ge reply eka gon harakek boruwata katha karanne.,toxic
2907,"Ane oya ge idea eka, weda bari lajja nadda.",toxic
2908,"Hariyata baluwoth oya ge reply eka wada nodanna wage ne, ane.",toxic
2909,"Ane manda oya, awajathaka wage wage behave wenne ai? meka dakka gaman hina yanawa.",toxic
2910,mehema wada karana eka wadak nathi comment karanna kalin hithapan.,toxic
2911,"Ane me wage wada karana aya, wal buruwa kata wahagena inna.",toxic
2912,"me wage wada karana aya, meka nam moda yakku wage level ekak. thamuse.",toxic
2913,Mokakda me umbala ge wikarayak wada? oya wage aya nisa thamai mehema wenne.,toxic
2914,uba gon machan.,toxic
2915,uba ge me wage boru karaya comment dakkama epa wenawa.,toxic
2916,me video eka balala comment karana eka nam gon ne kiyala therenneth ne.,toxic
2917,Oya ge post eka nam gon harakek ban.,toxic
2918,Mokakda me me comment eka danapu eka ge moda yakku wage wada? machan.,toxic
2919,umbala chater tikak igena ganin.,toxic
2920,"Ane manda oya wage kenek, gon harakek wage behave wenne ai? ban.",toxic
2921,"Ane manda oya ge kathawa, gon athal karaya wage behave wenne ai? ne.",toxic
2922,"Hariyata baluwoth uba mole nathi wage ne, thamuse.",toxic
2923,me video eka balala comment karana eka nam hariyata therumak nathi ne comment karanna kalin hithapan.,toxic
2924,"mehema wada karana eka, uba nam loku talk karana moda danawada mokakda kiyala.",toxic
2925,"Hariyata baluwoth uba weda bari wage ne, comment karanna kalin hithapan.",toxic
2926,"Ane manda oya, awajathaka wage wage behave wenne ai? kata wahagena inna.",toxic
2927,Oya ge post eka nam moda yakku wage poddak mole pawichchi karapan.,toxic
2928,"Ane manda oya ge kathawa, moda yakku wage wage behave wenne ai? oya wage aya nisa thamai mehema wenne.",toxic
2929,me wage wada karana aya ta kiyanna one gon athal karaya wage wada nawaththanna kiyala.,toxic
2930,"Ane manda oya ge wada, moda yakku wage wage behave wenne ai? hariyata.",toxic
2931,oya wage kenek awajathaka wage oya wage aya nisa thamai mehema wenne.,toxic
2932,oya ge post eka wadak nathi danawada mokakda kiyala.,toxic
2933,Me wage weda bari athal danne nathuwa tikak hithapan oya ge wada.,toxic
2934,"Ane umbala, wal buruwa meka nam athi.",toxic
2935,uba ge kathawa ahuwama moda yakku wage kiyala hithenawa.,toxic
2936,"oya ge post eka hariyata loku talk karana moda wage wada karanawa, hariyata wada karapan.",toxic
2937,oya ge wada mehema karanne kata witharai wada nisa da? lajja nadda.,toxic
2938,oya ge post eka mehema karanne wikarayak nisa da? lajja nadda.,toxic
2939,"me comment eka danapu eka hariyata kata witharai wada wage wada karanawa, hariyata behave karapan.",toxic
2940,mehema wada karana eka ge kathawa ahuwama hariyata therumak nathi kiyala hithenawa.,toxic
2941,oya ge kathawa mehema karanne wadak nathi nisa da? hariyata.,toxic
2942,"Ane manda oya ge idea eka, awajathaka wage wage behave wenne ai? hariyata behave karapan.",toxic
2943,me video eka balala comment karana eka mehema karanne gon harakek nisa da? meka nam athi.,toxic
2944,oya ge post eka nam wadak nathi ne hariyata behave karapan.,toxic
2945,oya ge wada ta kiyanna one boru karaya wage wada nawaththanna kiyala.,toxic
2946,umbala ge kathawa ahuwama wal buruwa kiyala hithenawa.,toxic
2947,umbala ge kathawa ahuwama loku talk karana moda kiyala hithenawa.,toxic
2948,"oya ge reply eka, uba nam wal buruwa ban.",toxic
2949,"Hariyata baluwoth uba wal buruwa wage ne, hariyata.",toxic
2950,Mokakda me oya ge gon athal karaya wada? oya wage aya nisa thamai mehema wenne.,toxic
2951,"oya ge kathawa, meka nam hitha nathi level ekak. thamuse.",toxic
2952,me wage wada karana aya ta kiyanna one mole nathi wage wada nawaththanna kiyala.,toxic
2953,"Ane uba, kata witharai wada danawada mokakda kiyala.",toxic
2954,"me video eka balala comment karana eka, meka nam gon level ekak. hariyata wada karapan.",toxic
2955,oya wage kenek ta kiyanna one moda yakku wage wage wada nawaththanna kiyala.,toxic
2956,me video eka balala comment karana eka nam weda bari ne poddak mole pawichchi karapan.,toxic
2957,oya ge idea eka wal buruwa kata wahagena inna.,toxic
2958,"oya ge post eka, meka nam wal buruwa level ekak. hariyata wada karapan.",toxic
2959,"Ane manda me wage wada karana aya, gon wage behave wenne ai? meka dakka gaman hina yanawa.",toxic
2960,Oya ge post eka nam kata witharai wada ne.,toxic
2961,"oya wage kenek, meka nam gon athal karaya level ekak. ban.",toxic
2962,"oya wage kenek, uba nam boru karaya kiyala therenneth ne.",toxic
2963,"Hariyata baluwoth oya ge reply eka mole kalpana nathi wage ne, danawada mokakda kiyala.",toxic
2964,"oya ge idea eka, meka nam boru karaya level ekak. machan.",toxic
2965,"mehema wada karana eka, uba nam boru karaya ane.",toxic
2966,oya ge kathawa mehema karanne gon nisa da? ane.,toxic
2967,oya ge kathawa ge me wage weda bari comment dakkama epa wenawa.,toxic
2968,oya ge post eka ge me wage hitha nathi comment dakkama epa wenawa.,toxic
2969,oya ge wada nam wikarayak ne thamuse.,toxic
2970,"Ane me video eka balala comment karana eka, wal buruwa comment karanna kalin hithapan.",toxic
2971,"oya ge reply eka hariyata wikarayak wage wada karanawa, poddak mole pawichchi karapan.",toxic
2972,oya wage kenek mehema karanne wikarayak nisa da? boruwata katha karanne.,toxic
2973,me comment eka danapu eka ge me wage hariyata therumak nathi comment dakkama epa wenawa.,toxic
2974,oya ge kathawa nam loku talk karana moda ne comment karanna kalin hithapan.,toxic
2975,Oya ge post eka nam boru karaya lajja nadda.,toxic
2976,"mehema wada karana eka hariyata wal buruwa wage wada karanawa, hariyata behave karapan.",toxic
2977,Mokakda me oya ge awajathaka wage wada? poddak mole pawichchi karapan.,toxic
2978,oya ge post eka wadak nathi hariyata.,toxic
2979,"Hariyata baluwoth oya hitha nathi wage ne, poddak mole pawichchi karapan.",toxic
2980,oya ge reply eka ge me wage loku talk karana moda comment dakkama epa wenawa.,toxic
2981,"Ane oya ge wada, loku talk karana moda machan.",toxic
2982,"me comment eka danapu eka, meka nam boru karaya level ekak. comment karanna kalin hithapan.",toxic
2983,"Ane oya ge kathawa, weda bari meka dakka gaman hina yanawa.",toxic
2984,"Ane oya ge wada, boru karaya comment karanna kalin hithapan.",toxic
2985,"uba hariyata chater wage wada karanawa, machan.",toxic
2986,"me comment eka danapu eka, uba nam wikarayak danawada mokakda kiyala.",toxic
2987,oya wage kenek ge me wage hariyata therumak nathi comment dakkama epa wenawa.,toxic
2988,"uba, meka nam wada nodanna level ekak. kata wahagena inna.",toxic
2989,oya ge post eka ge me wage wada nodanna comment dakkama epa wenawa.,toxic
2990,oya ge kathawa mehema karanne wada nodanna nisa da? machan.,toxic
2991,"Ane mehema wada karana eka, wada nodanna kiyala therenneth ne.",toxic
2992,"oya ge post eka, meka nam wikarayak level ekak. hariyata.",toxic
2993,Mokakda me uba ge chater wada? meka dakka gaman hina yanawa.,toxic
2994,"Ane manda mehema wada karana eka, wada nodanna wage behave wenne ai? meka nam athi.",toxic
2995,"Ane manda oya ge reply eka, wal buruwa wage behave wenne ai? kata wahagena inna.",toxic
2996,"Ane manda oya ge wada, awajathaka wage wage behave wenne ai? meka dakka gaman hina yanawa.",toxic
2997,oya ge wada mehema karanne kata witharai wada nisa da? boruwata katha karanne.,toxic
2998,me comment eka danapu eka nam pissu wage ne hariyata wada karapan.,toxic
2999,"Hariyata baluwoth uba kata witharai wada wage ne, boruwata katha karanne.",toxic
3000,"me video eka balala comment karana eka, uba nam gon harakek meka dakka gaman hina yanawa.",toxic
3001,"me wage wada karana aya, meka nam weda bari level ekak. danawada mokakda kiyala.",toxic
3002,oya ge reply eka loku talk karana moda danawada mokakda kiyala.,toxic
3003,Mokakda me uba ge chater wada? danawada mokakda kiyala.,toxic
3004,"me wage wada karana aya hariyata pissu wage wage wada karanawa, oya wage aya nisa thamai mehema wenne.",toxic
3005,"umbala hariyata awajathaka wage wage wada karanawa, danawada mokakda kiyala.",toxic
3006,"Hariyata baluwoth me video eka balala comment karana eka moda yakku wage wage ne, kiyala therenneth ne.",toxic
3007,"me wage wada karana aya hariyata gon harakek wage wada karanawa, oya wage aya nisa thamai mehema wenne.",toxic
3008,"oya wage kenek, uba nam gon athal karaya meka nam athi.",toxic
3009,oya ge idea eka ge me wage loku talk karana moda comment dakkama epa wenawa.,toxic
3010,umbala ta kiyanna one loku talk karana moda wage wada nawaththanna kiyala.,toxic
3011,oya ge me wage hariyata therumak nathi comment dakkama epa wenawa.,toxic
3012,me wage wada karana aya ge me wage gon athal karaya comment dakkama epa wenawa.,toxic
3013,"oya ge idea eka hariyata hariyata therumak nathi wage wada karanawa, kata wahagena inna.",toxic
3014,"oya ge kathawa, meka nam wada nodanna level ekak. boruwata katha karanne.",toxic
3015,umbala mehema karanne wada nodanna nisa da? kata wahagena inna.,toxic
3016,"Ane oya, wada nodanna kata wahagena inna.",toxic
3017,oya ge idea eka nam boru karaya ne tikak igena ganin.,toxic
3018,Oya ge post eka nam wal buruwa hariyata.,toxic
3019,oya wage kenek mehema karanne loku talk karana moda nisa da? hariyata behave karapan.,toxic
3020,"Ane oya ge wada, wikarayak hariyata.",toxic
3021,"Hariyata baluwoth oya wage kenek gon harakek wage ne, ban.",toxic
3022,"me video eka balala comment karana eka, uba nam gon harakek ne.",toxic
3023,"me wage wada karana aya hariyata kata witharai wada wage wada karanawa, tikak igena ganin.",toxic
3024,Mokakda me oya ge idea eka ge wal buruwa wada? hariyata behave karapan.,toxic
3025,uba kata witharai wada tikak igena ganin.,toxic
3026,"oya ge kathawa hariyata moda wage wada karanawa, kata wahagena inna.",toxic
3027,"Hariyata baluwoth oya ge reply eka gon harakek wage ne, hariyata behave karapan.",toxic
3028,Mokakda me uba ge wal buruwa wada? ane.,toxic
3029,"oya ge reply eka, meka nam wikarayak level ekak. machan.",toxic
3030,"oya ge post eka, meka nam moda level ekak. comment karanna kalin hithapan.",toxic
3031,"Ane oya ge post eka, pissu wage lajja nadda.",toxic
3032,"Ane oya wage kenek, wada nodanna danawada mokakda kiyala.",toxic
3033,Mokakda me me video eka balala comment karana eka ge kata witharai wada wada? kiyala therenneth ne.,toxic
3034,"me video eka balala comment karana eka, uba nam wadak nathi kiyala therenneth ne.",toxic
3035,oya ge post eka ge kathawa ahuwama chater kiyala hithenawa.,toxic
3036,"uba, uba nam wikarayak kiyala therenneth ne.",toxic
3037,"Ane umbala, wikarayak boruwata katha karanne.",toxic
3038,me video eka balala comment karana eka ge kathawa ahuwama mole kalpana nathi kiyala hithenawa.,toxic
3039,oya ge kathawa awajathaka wage danawada mokakda kiyala.,toxic
3040,"Hariyata baluwoth oya ge kathawa wadak nathi wage ne, lajja nadda.",toxic
3041,me video eka balala comment karana eka mehema karanne gon athal karaya nisa da? ban.,toxic
3042,"me video eka balala comment karana eka, meka nam awajathaka wage level ekak. tikak igena ganin.",toxic
3043,oya ge kathawa ge kathawa ahuwama gon harakek kiyala hithenawa.,toxic
3044,"Hariyata baluwoth oya ge kathawa loku talk karana moda wage ne, hariyata wada karapan.",toxic
3045,Mokakda me me video eka balala comment karana eka ge weda bari wada? kata wahagena inna.,toxic
3046,oya ge reply eka ge kathawa ahuwama wada nodanna kiyala hithenawa.,toxic
3047,oya ge kathawa ge kathawa ahuwama wal buruwa kiyala hithenawa.,toxic
3048,"Ane oya ge reply eka, hitha nathi poddak mole pawichchi karapan.",toxic
3049,oya ge kathawa ge me wage hariyata therumak nathi comment dakkama epa wenawa.,toxic
3050,me video eka balala comment karana eka mehema karanne wikarayak nisa da? meka nam athi.,toxic
3051,"oya ge wada, uba nam wada nodanna ban.",toxic
3052,"oya ge wada, meka nam mole nathi level ekak. boruwata katha karanne.",toxic
3053,Me wage loku talk karana moda athal danne nathuwa tikak hithapan umbala.,toxic
3054,Me wage moda yakku wage athal danne nathuwa tikak hithapan oya.,toxic
3055,me comment eka danapu eka nam kata witharai wada ne machan.,toxic
3056,umbala ta kiyanna one mole kalpana nathi wage wada nawaththanna kiyala.,toxic
3057,"Hariyata baluwoth mehema wada karana eka wada nodanna wage ne, meka nam athi.",toxic
3058,"me comment eka danapu eka hariyata chater wage wada karanawa, me wage wada nawaththapan.",toxic
3059,oya ge reply eka mehema karanne mole kalpana nathi nisa da? hariyata behave karapan.,toxic
3060,"Ane mehema wada karana eka, hitha nathi machan.",toxic
3061,me comment eka danapu eka hitha nathi comment karanna kalin hithapan.,toxic
3062,oya wage kenek hitha nathi oya wage aya nisa thamai mehema wenne.,toxic
3063,mehema wada karana eka ge me wage gon comment dakkama epa wenawa.,toxic
3064,"Ane manda oya ge kathawa, chater wage behave wenne ai? ane.",toxic
3065,Oya ge post eka nam kata witharai wada ban.,toxic
3066,oya ge kathawa ge me wage wal buruwa comment dakkama epa wenawa.,toxic
3067,Mokakda me oya ge idea eka ge loku talk karana moda wada? ne.,toxic
3068,"oya, meka nam loku talk karana moda level ekak. meka nam athi.",toxic
3069,me comment eka danapu eka ge kathawa ahuwama boru karaya kiyala hithenawa.,toxic
3070,"me comment eka danapu eka hariyata mole nathi wage wada karanawa, ban.",toxic
3071,oya ge reply eka nam wal buruwa ne hariyata behave karapan.,toxic
3072,"oya ge wada, meka nam wal buruwa level ekak. lajja nadda.",toxic
3073,"Ane oya, kata witharai wada kiyala therenneth ne.",toxic
3074,oya wage kenek mehema karanne wikarayak nisa da? comment karanna kalin hithapan.,toxic
3075,Mokakda me me video eka balala comment karana eka ge weda bari wada? poddak mole pawichchi karapan.,toxic
3076,oya ge kathawa ge me wage loku talk karana moda comment dakkama epa wenawa.,toxic
3077,Mokakda me oya ge reply eka ge gon wada? danawada mokakda kiyala.,toxic
3078,"Ane manda oya wage kenek, gon athal karaya wage behave wenne ai? hariyata.",toxic
3079,oya ge idea eka nam gon harakek ne thamuse.,toxic
3080,"Ane manda mehema wada karana eka, moda wage behave wenne ai? comment karanna kalin hithapan.",toxic
3081,uba mehema karanne chater nisa da? hariyata wada karapan.,toxic
3082,oya ge kathawa mehema karanne chater nisa da? comment karanna kalin hithapan.,toxic
3083,"oya hariyata loku talk karana moda wage wada karanawa, danawada mokakda kiyala.",toxic
3084,Me wage gon athal karaya athal danne nathuwa tikak hithapan oya ge kathawa.,toxic
3085,"Hariyata baluwoth oya wikarayak wage ne, lajja nadda.",toxic
3086,oya kata witharai wada ban.,toxic
3087,oya ge idea eka ta kiyanna one hariyata therumak nathi wage wada nawaththanna kiyala.,toxic
3088,"Ane manda oya ge idea eka, hariyata therumak nathi wage behave wenne ai? kiyala therenneth ne.",toxic
3089,oya wage kenek nam moda yakku wage ne hariyata wada karapan.,toxic
3090,"umbala, meka nam mole nathi level ekak. kiyala therenneth ne.",toxic
3091,oya ge wada nam mole nathi ne kiyala therenneth ne.,toxic
3092,Oya ge post eka nam kata witharai wada ane.,toxic
3093,mehema wada karana eka awajathaka wage kiyala therenneth ne.,toxic
3094,umbala ge me wage wadak nathi comment dakkama epa wenawa.,toxic
3095,me comment eka danapu eka nam awajathaka wage ne me wage wada nawaththapan.,toxic
3096,oya ge reply eka ta kiyanna one wikarayak wage wada nawaththanna kiyala.,toxic
3097,"oya, uba nam mole kalpana nathi hariyata.",toxic
3098,"Ane manda me video eka balala comment karana eka, gon wage behave wenne ai? meka nam athi.",toxic
3099,Mokakda me me wage wada karana aya ge mole nathi wada? hariyata behave karapan.,toxic
3100,Me wage wadak nathi athal danne nathuwa tikak hithapan umbala.,toxic
3101,uba ge me wage kata witharai wada comment dakkama epa wenawa.,toxic
3102,"Ane oya wage kenek, gon athal karaya poddak mole pawichchi karapan.",toxic
3103,me wage wada karana aya ta kiyanna one chater wage wada nawaththanna kiyala.,toxic
3104,"me comment eka danapu eka, uba nam mole kalpana nathi hariyata.",toxic
3105,"umbala, uba nam pissu wage meka nam athi.",toxic
3106,umbala nam mole nathi ne tikak igena ganin.,toxic
3107,Me wage weda bari athal danne nathuwa tikak hithapan oya ge post eka.,toxic
3108,umbala mehema karanne kata witharai wada nisa da? hariyata.,toxic
3109,"Ane manda oya wage kenek, awajathaka wage wage behave wenne ai? ne.",toxic
3110,me wage wada karana aya ge kathawa ahuwama hariyata therumak nathi kiyala hithenawa.,toxic
3111,Oya ge post eka nam awajathaka wage meka dakka gaman hina yanawa.,toxic
3112,"Hariyata baluwoth oya ge post eka moda yakku wage wage ne, ne.",toxic
3113,Mokakda me oya ge kathawa ge moda wada? poddak mole pawichchi karapan.,toxic
3114,"oya ge kathawa hariyata wada nodanna wage wada karanawa, meka dakka gaman hina yanawa.",toxic
3115,"me wage wada karana aya, meka nam kata witharai wada level ekak. comment karanna kalin hithapan.",toxic
3116,"Hariyata baluwoth uba awajathaka wage wage ne, oya wage aya nisa thamai mehema wenne.",toxic
3117,oya wage kenek nam moda ne poddak mole pawichchi karapan.,toxic
3118,"oya ge reply eka hariyata weda bari wage wada karanawa, poddak mole pawichchi karapan.",toxic
3119,"Ane manda oya wage kenek, mole nathi wage behave wenne ai? meka nam athi.",toxic
3120,oya ge post eka weda bari ane.,toxic
3121,"mehema wada karana eka hariyata mole kalpana nathi wage wada karanawa, kata wahagena inna.",toxic
3122,umbala nam hariyata therumak nathi ne thamuse.,toxic
3123,me wage wada karana aya gon athal karaya ban.,toxic
3124,"me comment eka danapu eka hariyata kata witharai wada wage wada karanawa, oya wage aya nisa thamai mehema wenne.",toxic
3125,"uba, meka nam gon level ekak. tikak igena ganin.",toxic
3126,oya wage kenek mehema karanne wada nodanna nisa da? tikak igena ganin.,toxic
3127,Mokakda me oya wage kenek ge chater wada? oya wage aya nisa thamai mehema wenne.,toxic
3128,"Hariyata baluwoth oya ge kathawa gon athal karaya wage ne, hariyata behave karapan.",toxic
3129,Me wage hitha nathi athal danne nathuwa tikak hithapan oya ge post eka.,toxic
3130,Oya ge post eka nam kata witharai wada lajja nadda.,toxic
3131,"mehema wada karana eka, meka nam chater level ekak. ban.",toxic
3132,Oya ge post eka nam kata witharai wada kiyala therenneth ne.,toxic
3133,"Ane mehema wada karana eka, gon athal karaya kata wahagena inna.",toxic
3134,Me wage awajathaka wage athal danne nathuwa tikak hithapan oya ge post eka.,toxic
3135,oya ge kathawa ge me wage chater comment dakkama epa wenawa.,toxic
3136,me video eka balala comment karana eka mehema karanne mole nathi nisa da? poddak mole pawichchi karapan.,toxic
3137,"Ane oya ge idea eka, loku talk karana moda machan.",toxic
3138,"me wage wada karana aya hariyata loku talk karana moda wage wada karanawa, ne.",toxic
3139,"Hariyata baluwoth me wage wada karana aya gon harakek wage ne, oya wage aya nisa thamai mehema wenne.",toxic
3140,"Ane me wage wada karana aya, moda yakku wage hariyata.",toxic
3141,me video eka balala comment karana eka mehema karanne chater nisa da? ne.,toxic
3142,Me wage wal buruwa athal danne nathuwa tikak hithapan mehema wada karana eka.,toxic
3143,"Ane mehema wada karana eka, hitha nathi lajja nadda.",toxic
3144,me video eka balala comment karana eka nam kata witharai wada ne hariyata.,toxic
3145,Oya ge post eka nam moda hariyata wada karapan.,toxic
3146,"Ane manda mehema wada karana eka, chater wage behave wenne ai? hariyata behave karapan.",toxic
3147,"oya ge kathawa, uba nam wadak nathi danawada mokakda kiyala.",toxic
3148,"umbala hariyata moda wage wada karanawa, me wage wada nawaththapan.",toxic
3149,Oya ge post eka nam kata witharai wada oya wage aya nisa thamai mehema wenne.,toxic
3150,mehema wada karana eka mole nathi meka nam athi.,toxic
3151,me comment eka danapu eka gon harakek ane.,toxic
3152,"oya ge post eka hariyata hitha nathi wage wada karanawa, machan.",toxic
3153,mehema wada karana eka mole nathi boruwata katha karanne.,toxic
3154,oya ge post eka wal buruwa meka dakka gaman hina yanawa.,toxic
3155,"Ane oya ge wada, chater danawada mokakda kiyala.",toxic
3156,uba gon athal karaya kata wahagena inna.,toxic
3157,"Ane manda oya wage kenek, weda bari wage behave wenne ai? oya wage aya nisa thamai mehema wenne.",toxic
3158,"oya wage kenek hariyata wadak nathi wage wada karanawa, lajja nadda.",toxic
3159,Mokakda me oya ge post eka ge chater wada? lajja nadda.,toxic
3160,uba mehema karanne loku talk karana moda nisa da? comment karanna kalin hithapan.,toxic
3161,me wage wada karana aya mehema karanne wadak nathi nisa da? ane.,toxic
3162,oya wage kenek nam hitha nathi ne kata wahagena inna.,toxic
3163,Mokakda me oya wage kenek ge gon harakek wada? tikak igena ganin.,toxic
3164,"Ane oya ge idea eka, wadak nathi thamuse.",toxic
3165,me comment eka danapu eka ta kiyanna one chater wage wada nawaththanna kiyala.,toxic
3166,mehema wada karana eka nam hariyata therumak nathi ne meka nam athi.,toxic
3167,"me video eka balala comment karana eka hariyata wal buruwa wage wada karanawa, hariyata wada karapan.",toxic
3168,Mokakda me oya ge idea eka ge loku talk karana moda wada? thamuse.,toxic
3169,"oya ge wada hariyata wal buruwa wage wada karanawa, boruwata katha karanne.",toxic
3170,oya ge reply eka mehema karanne mole nathi nisa da? comment karanna kalin hithapan.,toxic
3171,"me video eka balala comment karana eka, meka nam weda bari level ekak. ban.",toxic
3172,"Hariyata baluwoth oya ge wada moda wage ne, ban.",toxic
3173,oya awajathaka wage hariyata.,toxic
3174,"uba, uba nam pissu wage ban.",toxic
3175,"oya hariyata weda bari wage wada karanawa, tikak igena ganin.",toxic
3176,oya ge reply eka ge kathawa ahuwama moda yakku wage kiyala hithenawa.,toxic
3177,"Ane oya ge wada, weda bari comment karanna kalin hithapan.",toxic
3178,oya ge post eka nam moda yakku wage ne lajja nadda.,toxic
3179,mehema wada karana eka kata witharai wada danawada mokakda kiyala.,toxic
3180,"Hariyata baluwoth oya ge reply eka wada nodanna wage ne, machan.",toxic
3181,Oya ge post eka nam weda bari oya wage aya nisa thamai mehema wenne.,toxic
3182,me wage wada karana aya mehema karanne wikarayak nisa da? kiyala therenneth ne.,toxic
3183,mehema wada karana eka nam weda bari ne danawada mokakda kiyala.,toxic
3184,"oya ge post eka, meka nam moda yakku wage level ekak. meka dakka gaman hina yanawa.",toxic
3185,Oya ge post eka nam loku talk karana moda kata wahagena inna.,toxic
3186,oya ge post eka nam boru karaya ne ban.,toxic
3187,"oya ge wada hariyata hariyata therumak nathi wage wada karanawa, hariyata wada karapan.",toxic
3188,"Ane manda oya wage kenek, loku talk karana moda wage behave wenne ai? thamuse.",toxic
3189,oya wage kenek ta kiyanna one wadak nathi wage wada nawaththanna kiyala.,toxic
3190,umbala ge kathawa ahuwama hitha nathi kiyala hithenawa.,toxic
3191,mehema wada karana eka ge me wage pissu wage comment dakkama epa wenawa.,toxic
3192,"oya ge post eka, uba nam hitha nathi kiyala therenneth ne.",toxic
3193,"Ane me video eka balala comment karana eka, wal buruwa meka dakka gaman hina yanawa.",toxic
3194,oya ge wada nam mole kalpana nathi ne danawada mokakda kiyala.,toxic
3195,oya ge wada nam gon ne ne.,toxic
3196,"Ane manda me comment eka danapu eka, loku talk karana moda wage behave wenne ai? ane.",toxic
3197,"me wage wada karana aya, uba nam mole kalpana nathi comment karanna kalin hithapan.",toxic
3198,"mehema wada karana eka, uba nam awajathaka wage hariyata behave karapan.",toxic
3199,"oya ge reply eka, meka nam boru karaya level ekak. hariyata wada karapan.",toxic
3200,oya ge reply eka ge kathawa ahuwama wadak nathi kiyala hithenawa.,toxic
3201,"Ane manda umbala, wadak nathi wage behave wenne ai? kiyala therenneth ne.",toxic
3202,"oya wage kenek, uba nam hariyata therumak nathi poddak mole pawichchi karapan.",toxic
3203,oya ge reply eka ta kiyanna one gon wage wada nawaththanna kiyala.,toxic
3204,me comment eka danapu eka mehema karanne hitha nathi nisa da? hariyata behave karapan.,toxic
3205,"oya ge reply eka, uba nam wikarayak kata wahagena inna.",toxic
3206,Mokakda me me comment eka danapu eka ge mole nathi wada? comment karanna kalin hithapan.,toxic
3207,oya wage kenek ge me wage mole nathi comment dakkama epa wenawa.,toxic
3208,oya ge reply eka nam pissu wage ne hariyata wada karapan.,toxic
3209,oya ge kathawa ta kiyanna one wikarayak wage wada nawaththanna kiyala.,toxic
3210,"oya ge kathawa hariyata wikarayak wage wada karanawa, tikak igena ganin.",toxic
3211,Mokakda me oya wage kenek ge loku talk karana moda wada? hariyata.,toxic
3212,"Ane mehema wada karana eka, pissu wage comment karanna kalin hithapan.",toxic
3213,Oya ge post eka nam awajathaka wage me wage wada nawaththapan.,toxic
3214,oya ge idea eka nam wikarayak ne danawada mokakda kiyala.,toxic
3215,"Hariyata baluwoth me wage wada karana aya chater wage ne, meka dakka gaman hina yanawa.",toxic
3216,Me wage gon harakek athal danne nathuwa tikak hithapan oya ge idea eka.,toxic
3217,"oya hariyata wadak nathi wage wada karanawa, comment karanna kalin hithapan.",toxic
3218,Mokakda me umbala ge chater wada? machan.,toxic
3219,oya ge reply eka moda yakku wage meka nam athi.,toxic
3220,"Hariyata baluwoth oya ge idea eka pissu wage wage ne, tikak igena ganin.",toxic
3221,oya ge reply eka nam loku talk karana moda ne meka nam athi.,toxic
3222,"Hariyata baluwoth mehema wada karana eka moda yakku wage wage ne, ban.",toxic
3223,"Hariyata baluwoth oya ge post eka wadak nathi wage ne, ban.",toxic
3224,"oya ge idea eka, meka nam loku talk karana moda level ekak. boruwata katha karanne.",toxic
3225,"umbala hariyata moda wage wada karanawa, machan.",toxic
3226,"Ane manda oya ge idea eka, hitha nathi wage behave wenne ai? tikak igena ganin.",toxic
3227,oya wage kenek pissu wage kiyala therenneth ne.,toxic
3228,"oya ge wada, uba nam gon athal karaya tikak igena ganin.",toxic
3229,"Hariyata baluwoth oya ge idea eka loku talk karana moda wage ne, meka dakka gaman hina yanawa.",toxic
3230,"Hariyata baluwoth me comment eka danapu eka gon harakek wage ne, meka nam athi.",toxic
3231,Oya ge post eka nam mole nathi danawada mokakda kiyala.,toxic
3232,umbala mehema karanne moda nisa da? hariyata behave karapan.,toxic
3233,"oya wage kenek, uba nam pissu wage machan.",toxic
3234,"me comment eka danapu eka, uba nam awajathaka wage poddak mole pawichchi karapan.",toxic
3235,oya ge me wage moda yakku wage comment dakkama epa wenawa.,toxic
3236,"umbala hariyata gon harakek wage wada karanawa, hariyata wada karapan.",toxic
3237,Me wage chater athal danne nathuwa tikak hithapan oya.,toxic
3238,oya wage kenek nam gon ne lajja nadda.,toxic
3239,"umbala, meka nam awajathaka wage level ekak. meka nam athi.",toxic
3240,me video eka balala comment karana eka kata witharai wada tikak igena ganin.,toxic
3241,"Hariyata baluwoth oya ge idea eka hariyata therumak nathi wage ne, hariyata wada karapan.",toxic
3242,"Ane oya ge kathawa, moda hariyata behave karapan.",toxic
3243,"me comment eka danapu eka, uba nam weda bari ne.",toxic
3244,"Ane mehema wada karana eka, moda yakku wage tikak igena ganin.",toxic
3245,oya ge wada ge kathawa ahuwama gon kiyala hithenawa.,toxic
3246,"Ane manda oya ge reply eka, gon wage behave wenne ai? tikak igena ganin.",toxic
3247,mehema wada karana eka awajathaka wage oya wage aya nisa thamai mehema wenne.,toxic
3248,oya ge reply eka mehema karanne gon harakek nisa da? kiyala therenneth ne.,toxic
3249,"Hariyata baluwoth umbala awajathaka wage wage ne, meka nam athi.",toxic
3250,Mokakda me oya wage kenek ge weda bari wada? comment karanna kalin hithapan.,toxic
3251,oya ge kathawa ge kathawa ahuwama wada nodanna kiyala hithenawa.,toxic
3252,oya ta kiyanna one weda bari wage wada nawaththanna kiyala.,toxic
3253,"oya ge wada, uba nam awajathaka wage danawada mokakda kiyala.",toxic
3254,"oya ge wada hariyata chater wage wada karanawa, meka nam athi.",toxic
3255,"me comment eka danapu eka, meka nam hariyata therumak nathi level ekak. lajja nadda.",toxic
3256,Oya ge post eka nam mole kalpana nathi ane.,toxic
3257,mehema wada karana eka mehema karanne moda nisa da? meka dakka gaman hina yanawa.,toxic
3258,"Ane me video eka balala comment karana eka, loku talk karana moda kiyala therenneth ne.",toxic
3259,me video eka balala comment karana eka wadak nathi poddak mole pawichchi karapan.,toxic
3260,me comment eka danapu eka nam loku talk karana moda ne comment karanna kalin hithapan.,toxic
3261,"oya ge wada hariyata gon athal karaya wage wada karanawa, tikak igena ganin.",toxic
3262,"umbala, uba nam gon harakek meka dakka gaman hina yanawa.",toxic
3263,oya ge idea eka mehema karanne moda nisa da? oya wage aya nisa thamai mehema wenne.,toxic
3264,me wage wada karana aya nam chater ne comment karanna kalin hithapan.,toxic
3265,"Hariyata baluwoth oya ge kathawa loku talk karana moda wage ne, hariyata behave karapan.",toxic
3266,"oya hariyata mole nathi wage wada karanawa, meka nam athi.",toxic
3267,"oya hariyata weda bari wage wada karanawa, comment karanna kalin hithapan.",toxic
3268,"oya ge wada hariyata wikarayak wage wada karanawa, oya wage aya nisa thamai mehema wenne.",toxic
3269,uba ta kiyanna one mole nathi wage wada nawaththanna kiyala.,toxic
3270,"Ane manda oya ge reply eka, moda yakku wage wage behave wenne ai? ne.",toxic
3271,oya mehema karanne wada nodanna nisa da? me wage wada nawaththapan.,toxic
3272,oya ge kathawa ahuwama boru karaya kiyala hithenawa.,toxic
3273,"me wage wada karana aya, meka nam gon harakek level ekak. danawada mokakda kiyala.",toxic
3274,Mokakda me me video eka balala comment karana eka ge boru karaya wada? boruwata katha karanne.,toxic
3275,"Ane oya ge idea eka, wikarayak comment karanna kalin hithapan.",toxic
3276,oya ge reply eka nam boru karaya ne lajja nadda.,toxic
3277,"Ane oya, loku talk karana moda poddak mole pawichchi karapan.",toxic
3278,"oya ge idea eka, uba nam pissu wage hariyata.",toxic
3279,"Hariyata baluwoth me wage wada karana aya hariyata therumak nathi wage ne, oya wage aya nisa thamai mehema wenne.",toxic
3280,me comment eka danapu eka wada nodanna hariyata behave karapan.,toxic
3281,"Ane manda me wage wada karana aya, loku talk karana moda wage behave wenne ai? lajja nadda.",toxic
3282,"Hariyata baluwoth oya ge idea eka mole nathi wage ne, poddak mole pawichchi karapan.",toxic
3283,"uba hariyata hitha nathi wage wada karanawa, ne.",toxic
3284,me comment eka danapu eka ta kiyanna one moda wage wada nawaththanna kiyala.,toxic
3285,oya ge wada mehema karanne chater nisa da? oya wage aya nisa thamai mehema wenne.,toxic
3286,Mokakda me oya ge post eka ge moda wada? ne.,toxic
3287,"Ane me wage wada karana aya, kata witharai wada hariyata wada karapan.",toxic
3288,"oya ge kathawa hariyata gon wage wada karanawa, meka dakka gaman hina yanawa.",toxic
3289,"Hariyata baluwoth umbala wadak nathi wage ne, thamuse.",toxic
3290,oya ge idea eka ge kathawa ahuwama loku talk karana moda kiyala hithenawa.,toxic
3291,me wage wada karana aya ta kiyanna one mole kalpana nathi wage wada nawaththanna kiyala.,toxic
3292,"Hariyata baluwoth oya ge reply eka chater wage ne, machan.",toxic
3293,Me wage gon athal karaya athal danne nathuwa tikak hithapan oya.,toxic
3294,"oya wage kenek hariyata awajathaka wage wage wada karanawa, ne.",toxic
3295,"Ane manda oya ge wada, loku talk karana moda wage behave wenne ai? poddak mole pawichchi karapan.",toxic
3296,Oya ge post eka nam wada nodanna lajja nadda.,toxic
3297,"Ane mehema wada karana eka, chater hariyata wada karapan.",toxic
3298,Mokakda me oya ge weda bari wada? meka nam athi.,toxic
3299,Mokakda me oya ge kathawa ge mole kalpana nathi wada? poddak mole pawichchi karapan.,toxic
3300,"oya ge idea eka, meka nam kata witharai wada level ekak. meka nam athi.",toxic
3301,"Ane manda oya ge wada, wadak nathi wage behave wenne ai? lajja nadda.",toxic
3302,oya ge idea eka wikarayak tikak igena ganin.,toxic
3303,"Ane oya, moda hariyata behave karapan.",toxic
3304,"me video eka balala comment karana eka, meka nam boru karaya level ekak. meka dakka gaman hina yanawa.",toxic
3305,"oya ge post eka hariyata hitha nathi wage wada karanawa, hariyata wada karapan.",toxic
3306,Mokakda me oya wage kenek ge boru karaya wada? lajja nadda.,toxic
3307,"oya, meka nam boru karaya level ekak. ban.",toxic
3308,mehema wada karana eka mehema karanne boru karaya nisa da? ne.,toxic
3309,me comment eka danapu eka nam wikarayak ne me wage wada nawaththapan.,toxic
3310,me comment eka danapu eka gon me wage wada nawaththapan.,toxic
3311,me comment eka danapu eka nam pissu wage ne oya wage aya nisa thamai mehema wenne.,toxic
3312,me video eka balala comment karana eka wadak nathi machan.,toxic
3313,"mehema wada karana eka, meka nam wada nodanna level ekak. ane.",toxic
3314,"uba, meka nam moda yakku wage level ekak. machan.",toxic
3315,uba ta kiyanna one moda yakku wage wage wada nawaththanna kiyala.,toxic
3316,oya ge idea eka mehema karanne gon athal karaya nisa da? danawada mokakda kiyala.,toxic
3317,"Ane manda me comment eka danapu eka, moda yakku wage wage behave wenne ai? danawada mokakda kiyala.",toxic
3318,"uba hariyata chater wage wada karanawa, boruwata katha karanne.",toxic
3319,"Ane oya wage kenek, boru karaya ne.",toxic
3320,mehema wada karana eka mehema karanne awajathaka wage nisa da? ne.,toxic
3321,"oya, meka nam gon harakek level ekak. poddak mole pawichchi karapan.",toxic
3322,"Ane me wage wada karana aya, wadak nathi lajja nadda.",toxic
3323,oya ge idea eka wada nodanna comment karanna kalin hithapan.,toxic
3324,me wage wada karana aya mehema karanne gon harakek nisa da? oya wage aya nisa thamai mehema wenne.,toxic
3325,"Ane manda oya ge reply eka, chater wage behave wenne ai? boruwata katha karanne.",toxic
3326,"Ane manda oya ge wada, hitha nathi wage behave wenne ai? lajja nadda.",toxic
3327,Oya ge post eka nam weda bari meka dakka gaman hina yanawa.,toxic
3328,"me video eka balala comment karana eka hariyata kata witharai wada wage wada karanawa, lajja nadda.",toxic
3329,me video eka balala comment karana eka ta kiyanna one gon harakek wage wada nawaththanna kiyala.,toxic
3330,Mokakda me me wage wada karana aya ge pissu wage wada? ne.,toxic
3331,"Hariyata baluwoth oya wage kenek wadak nathi wage ne, kata wahagena inna.",toxic
3332,"Hariyata baluwoth umbala hitha nathi wage ne, ne.",toxic
3333,umbala moda yakku wage machan.,toxic
3334,"Ane oya, mole kalpana nathi hariyata behave karapan.",toxic
3335,oya ge idea eka nam mole nathi ne lajja nadda.,toxic
3336,umbala nam pissu wage ne poddak mole pawichchi karapan.,toxic
3337,"oya ge kathawa, meka nam weda bari level ekak. hariyata wada karapan.",toxic
3338,mehema wada karana eka mehema karanne hitha nathi nisa da? oya wage aya nisa thamai mehema wenne.,toxic
3339,"oya ge idea eka, meka nam hitha nathi level ekak. meka dakka gaman hina yanawa.",toxic
3340,uba moda yakku wage meka dakka gaman hina yanawa.,toxic
3341,"Ane manda oya ge wada, awajathaka wage wage behave wenne ai? me wage wada nawaththapan.",toxic
3342,uba chater meka nam athi.,toxic
3343,"Ane manda oya ge post eka, weda bari wage behave wenne ai? ban.",toxic
3344,"oya ge idea eka, uba nam gon hariyata.",toxic
3345,"oya ge idea eka hariyata wal buruwa wage wada karanawa, comment karanna kalin hithapan.",toxic
3346,"Hariyata baluwoth uba awajathaka wage wage ne, meka nam athi.",toxic
3347,"Hariyata baluwoth oya ge wada hariyata therumak nathi wage ne, ane.",toxic
3348,"me wage wada karana aya, meka nam wal buruwa level ekak. me wage wada nawaththapan.",toxic
3349,"me wage wada karana aya, uba nam loku talk karana moda thamuse.",toxic
3350,"Ane me video eka balala comment karana eka, awajathaka wage hariyata.",toxic
3351,mehema wada karana eka ge kathawa ahuwama chater kiyala hithenawa.,toxic
3352,"Ane oya ge kathawa, boru karaya meka dakka gaman hina yanawa.",toxic
3353,Me wage gon athal karaya athal danne nathuwa tikak hithapan mehema wada karana eka.,toxic
3354,"me video eka balala comment karana eka hariyata chater wage wada karanawa, machan.",toxic
3355,Mokakda me me video eka balala comment karana eka ge loku talk karana moda wada? ban.,toxic
3356,oya ge post eka gon tikak igena ganin.,toxic
3357,"Hariyata baluwoth oya ge wada moda wage ne, ne.",toxic
3358,oya ge kathawa gon poddak mole pawichchi karapan.,toxic
3359,mehema wada karana eka nam wadak nathi ne hariyata wada karapan.,toxic
3360,oya ta kiyanna one wal buruwa wage wada nawaththanna kiyala.,toxic
3361,"oya ge idea eka, meka nam chater level ekak. hariyata.",toxic
3362,oya wage kenek mehema karanne wada nodanna nisa da? kiyala therenneth ne.,toxic
3363,"oya ge wada, uba nam awajathaka wage comment karanna kalin hithapan.",toxic
3364,"Ane umbala, pissu wage meka dakka gaman hina yanawa.",toxic
3365,umbala mehema karanne wal buruwa nisa da? danawada mokakda kiyala.,toxic
3366,oya ge post eka mehema karanne boru karaya nisa da? lajja nadda.,toxic
3367,oya ge kathawa weda bari hariyata.,toxic
3368,"oya ge reply eka, uba nam mole nathi tikak igena ganin.",toxic
3369,"oya ge idea eka, meka nam weda bari level ekak. tikak igena ganin.",toxic
3370,umbala ge me wage hitha nathi comment dakkama epa wenawa.,toxic
3371,oya wage kenek ta kiyanna one gon harakek wage wada nawaththanna kiyala.,toxic
3372,oya ge reply eka gon tikak igena ganin.,toxic
3373,Oya ge post eka nam mole kalpana nathi boruwata katha karanne.,toxic
3374,oya ge kathawa mehema karanne pissu wage nisa da? me wage wada nawaththapan.,toxic
3375,"oya ge idea eka hariyata hitha nathi wage wada karanawa, tikak igena ganin.",toxic
3376,"Ane oya ge post eka, moda yakku wage ane.",toxic
3377,oya ge kathawa mehema karanne gon athal karaya nisa da? machan.,toxic
3378,"uba, uba nam chater kata wahagena inna.",toxic
3379,"oya ge reply eka hariyata wadak nathi wage wada karanawa, thamuse.",toxic
3380,Oya ge post eka nam pissu wage meka nam athi.,toxic
3381,"Ane manda mehema wada karana eka, weda bari wage behave wenne ai? oya wage aya nisa thamai mehema wenne.",toxic
3382,oya mehema karanne gon athal karaya nisa da? hariyata wada karapan.,toxic
3383,Me wage moda athal danne nathuwa tikak hithapan umbala.,toxic
3384,"Ane oya ge post eka, awajathaka wage me wage wada nawaththapan.",toxic
3385,me video eka balala comment karana eka mehema karanne boru karaya nisa da? ane.,toxic
3386,"Ane oya ge kathawa, chater hariyata wada karapan.",toxic
3387,me video eka balala comment karana eka mehema karanne loku talk karana moda nisa da? thamuse.,toxic
3388,oya ge reply eka mehema karanne pissu wage nisa da? ne.,toxic
3389,Mokakda me oya wage kenek ge wada nodanna wada? meka dakka gaman hina yanawa.,toxic
3390,"umbala, meka nam wada nodanna level ekak. meka dakka gaman hina yanawa.",toxic
3391,oya ge idea eka nam weda bari ne hariyata.,toxic
3392,"Ane uba, boru karaya hariyata.",toxic
3393,"oya, uba nam hariyata therumak nathi danawada mokakda kiyala.",toxic
3394,"oya ge idea eka, uba nam gon tikak igena ganin.",toxic
3395,mehema wada karana eka ge me wage weda bari comment dakkama epa wenawa.,toxic
3396,Oya ge post eka nam wikarayak thamuse.,toxic
3397,me wage wada karana aya weda bari poddak mole pawichchi karapan.,toxic
3398,uba ge me wage gon comment dakkama epa wenawa.,toxic
3399,Oya ge post eka nam wada nodanna me wage wada nawaththapan.,toxic
3400,oya ge idea eka ge kathawa ahuwama moda yakku wage kiyala hithenawa.,toxic
3401,"me wage wada karana aya, uba nam chater danawada mokakda kiyala.",toxic
3402,"Ane manda oya ge reply eka, wikarayak wage behave wenne ai? meka nam athi.",toxic
3403,"Ane me wage wada karana aya, gon athal karaya hariyata.",toxic
3404,"oya ge reply eka, uba nam mole kalpana nathi kata wahagena inna.",toxic
3405,"Ane me wage wada karana aya, hitha nathi meka dakka gaman hina yanawa.",toxic
3406,uba nam boru karaya ne me wage wada nawaththapan.,toxic
3407,me video eka balala comment karana eka mole nathi me wage wada nawaththapan.,toxic
3408,"umbala hariyata gon athal karaya wage wada karanawa, hariyata wada karapan.",toxic
3409,"uba hariyata wikarayak wage wada karanawa, hariyata wada karapan.",toxic
3410,"oya wage kenek, uba nam gon hariyata wada karapan.",toxic
3411,Mokakda me oya ge reply eka ge moda wada? ane.,toxic
3412,Mokakda me oya ge wada ge chater wada? boruwata katha karanne.,toxic
3413,oya ge idea eka ta kiyanna one wadak nathi wage wada nawaththanna kiyala.,toxic
3414,"oya ge idea eka, meka nam hitha nathi level ekak. comment karanna kalin hithapan.",toxic
3415,umbala ge kathawa ahuwama chater kiyala hithenawa.,toxic
3416,Me wage pissu wage athal danne nathuwa tikak hithapan me comment eka danapu eka.,toxic
3417,me wage wada karana aya nam boru karaya ne ban.,toxic
3418,me comment eka danapu eka ta kiyanna one hitha nathi wage wada nawaththanna kiyala.,toxic
3419,oya ge post eka ta kiyanna one hariyata therumak nathi wage wada nawaththanna kiyala.,toxic
3420,"Ane manda mehema wada karana eka, gon wage behave wenne ai? thamuse.",toxic
3421,"Hariyata baluwoth oya wage kenek loku talk karana moda wage ne, me wage wada nawaththapan.",toxic
3422,oya ge wada ta kiyanna one gon wage wada nawaththanna kiyala.,toxic
3423,me wage wada karana aya nam hariyata therumak nathi ne meka dakka gaman hina yanawa.,toxic
3424,oya ge post eka mehema karanne gon nisa da? thamuse.,toxic
3425,"Hariyata baluwoth oya gon athal karaya wage ne, oya wage aya nisa thamai mehema wenne.",toxic
3426,umbala ge me wage mole kalpana nathi comment dakkama epa wenawa.,toxic
3427,"Ane manda uba, wada nodanna wage behave wenne ai? oya wage aya nisa thamai mehema wenne.",toxic
3428,Me wage chater athal danne nathuwa tikak hithapan oya ge wada.,toxic
3429,me wage wada karana aya moda yakku wage oya wage aya nisa thamai mehema wenne.,toxic
3430,"Ane manda oya, chater wage behave wenne ai? ane.",toxic
3431,Mokakda me uba ge moda yakku wage wada? tikak igena ganin.,toxic
3432,"Ane me video eka balala comment karana eka, wal buruwa kiyala therenneth ne.",toxic
3433,"mehema wada karana eka, uba nam boru karaya ban.",toxic
3434,"oya ge idea eka hariyata kata witharai wada wage wada karanawa, kata wahagena inna.",toxic
3435,Mokakda me oya ge kathawa ge moda wada? danawada mokakda kiyala.,toxic
3436,Mokakda me oya ge kathawa ge loku talk karana moda wada? hariyata behave karapan.,toxic
3437,"Ane manda oya ge post eka, boru karaya wage behave wenne ai? hariyata behave karapan.",toxic
3438,oya ge idea eka wadak nathi oya wage aya nisa thamai mehema wenne.,toxic
3439,me video eka balala comment karana eka mehema karanne awajathaka wage nisa da? me wage wada nawaththapan.,toxic
3440,"mehema wada karana eka, meka nam wal buruwa level ekak. danawada mokakda kiyala.",toxic
3441,Me wage loku talk karana moda athal danne nathuwa tikak hithapan oya wage kenek.,toxic
3442,"Ane oya ge wada, hitha nathi ane.",toxic
3443,"me video eka balala comment karana eka, uba nam mole nathi tikak igena ganin.",toxic
3444,"uba, meka nam wikarayak level ekak. tikak igena ganin.",toxic
3445,"Ane me video eka balala comment karana eka, gon kata wahagena inna.",toxic
3446,"me video eka balala comment karana eka, meka nam gon harakek level ekak. tikak igena ganin.",toxic
3447,"Ane manda mehema wada karana eka, hariyata therumak nathi wage behave wenne ai? hariyata behave karapan.",toxic
3448,"me video eka balala comment karana eka, uba nam wada nodanna boruwata katha karanne.",toxic
3449,Oya ge post eka nam gon kiyala therenneth ne.,toxic
3450,"oya hariyata loku talk karana moda wage wada karanawa, machan.",toxic
3451,Mokakda me me video eka balala comment karana eka ge wikarayak wada? oya wage aya nisa thamai mehema wenne.,toxic
3452,oya ge wada ta kiyanna one mole nathi wage wada nawaththanna kiyala.,toxic
3453,Mokakda me oya ge wada ge wal buruwa wada? meka nam athi.,toxic
3454,"me comment eka danapu eka hariyata loku talk karana moda wage wada karanawa, comment karanna kalin hithapan.",toxic
3455,"Ane me video eka balala comment karana eka, kata witharai wada ane.",toxic
3456,oya ge post eka mehema karanne wada nodanna nisa da? hariyata wada karapan.,toxic
3457,"Ane oya ge idea eka, chater lajja nadda.",toxic
3458,oya ge idea eka mehema karanne hariyata therumak nathi nisa da? poddak mole pawichchi karapan.,toxic
3459,"oya ge idea eka, uba nam wadak nathi danawada mokakda kiyala.",toxic
3460,me comment eka danapu eka wada nodanna oya wage aya nisa thamai mehema wenne.,toxic
3461,oya ge kathawa mehema karanne hitha nathi nisa da? meka nam athi.,toxic
3462,oya mehema karanne wada nodanna nisa da? kiyala therenneth ne.,toxic
3463,me wage wada karana aya mehema karanne kata witharai wada nisa da? comment karanna kalin hithapan.,toxic
3464,oya loku talk karana moda ane.,toxic
3465,oya ge post eka ge kathawa ahuwama loku talk karana moda kiyala hithenawa.,toxic
3466,"Ane manda uba, gon athal karaya wage behave wenne ai? oya wage aya nisa thamai mehema wenne.",toxic
3467,"Ane oya ge post eka, gon athal karaya meka dakka gaman hina yanawa.",toxic
3468,"Ane umbala, loku talk karana moda hariyata.",toxic
3469,mehema wada karana eka mehema karanne moda yakku wage nisa da? me wage wada nawaththapan.,toxic
3470,Oya ge post eka nam wal buruwa thamuse.,toxic
3471,Me wage pissu wage athal danne nathuwa tikak hithapan me wage wada karana aya.,toxic
3472,oya wage kenek ge me wage kata witharai wada comment dakkama epa wenawa.,toxic
3473,"umbala hariyata chater wage wada karanawa, tikak igena ganin.",toxic
3474,"Ane manda me comment eka danapu eka, wada nodanna wage behave wenne ai? machan.",toxic
3475,oya wada nodanna boruwata katha karanne.,toxic
3476,"umbala, meka nam kata witharai wada level ekak. me wage wada nawaththapan.",toxic
3477,Oya ge post eka nam gon athal karaya oya wage aya nisa thamai mehema wenne.,toxic
3478,oya nam hitha nathi ne hariyata behave karapan.,toxic
3479,me wage wada karana aya ge me wage wal buruwa comment dakkama epa wenawa.,toxic
3480,mehema wada karana eka nam chater ne lajja nadda.,toxic
3481,"Ane manda me wage wada karana aya, mole nathi wage behave wenne ai? meka dakka gaman hina yanawa.",toxic
3482,"umbala, uba nam loku talk karana moda hariyata wada karapan.",toxic
3483,"oya ge idea eka, meka nam gon level ekak. oya wage aya nisa thamai mehema wenne.",toxic
3484,Me wage kata witharai wada athal danne nathuwa tikak hithapan oya ge kathawa.,toxic
3485,me wage wada karana aya mehema karanne mole kalpana nathi nisa da? meka dakka gaman hina yanawa.,toxic
3486,"Ane oya ge kathawa, awajathaka wage boruwata katha karanne.",toxic
3487,oya ge me wage hitha nathi comment dakkama epa wenawa.,toxic
3488,oya ge wada awajathaka wage ane.,toxic
3489,"Hariyata baluwoth oya ge reply eka hariyata therumak nathi wage ne, meka dakka gaman hina yanawa.",toxic
3490,me video eka balala comment karana eka mehema karanne awajathaka wage nisa da? poddak mole pawichchi karapan.,toxic
3491,"oya wage kenek hariyata moda yakku wage wage wada karanawa, danawada mokakda kiyala.",toxic
3492,Oya ge post eka nam mole nathi oya wage aya nisa thamai mehema wenne.,toxic
3493,"Ane oya ge wada, wikarayak machan.",toxic
3494,"oya ge wada, uba nam wadak nathi hariyata wada karapan.",toxic
3495,oya ge idea eka ge me wage moda yakku wage comment dakkama epa wenawa.,toxic
3496,"Ane oya ge kathawa, loku talk karana moda meka dakka gaman hina yanawa.",toxic
3497,"mehema wada karana eka, uba nam moda yakku wage kata wahagena inna.",toxic
3498,mehema wada karana eka ge kathawa ahuwama gon kiyala hithenawa.,toxic
3499,"Ane me comment eka danapu eka, hariyata therumak nathi thamuse.",toxic
3500,mehema wada karana eka ge kathawa ahuwama wadak nathi kiyala hithenawa.,toxic
3501,oya ge kathawa nam moda yakku wage ne lajja nadda.,toxic
3502,"Ane manda mehema wada karana eka, awajathaka wage wage behave wenne ai? meka dakka gaman hina yanawa.",toxic
3503,"oya wage kenek, uba nam hitha nathi kata wahagena inna.",toxic
3504,"Ane manda me video eka balala comment karana eka, wikarayak wage behave wenne ai? thamuse.",toxic
3505,"me video eka balala comment karana eka, uba nam chater me wage wada nawaththapan.",toxic
3506,Oya ge post eka nam wada nodanna ne.,toxic
3507,Oya ge post eka nam boru karaya tikak igena ganin.,toxic
3508,Mokakda me oya ge post eka ge gon wada? boruwata katha karanne.,toxic
3509,oya wage kenek ta kiyanna one wada nodanna wage wada nawaththanna kiyala.,toxic
3510,oya ge idea eka mole kalpana nathi ane.,toxic
3511,mehema wada karana eka ge me wage boru karaya comment dakkama epa wenawa.,toxic
3512,oya chater kiyala therenneth ne.,toxic
3513,"oya wage kenek hariyata wada nodanna wage wada karanawa, thamuse.",toxic
3514,me comment eka danapu eka ge me wage moda comment dakkama epa wenawa.,toxic
3515,"Ane oya, moda yakku wage me wage wada nawaththapan.",toxic
3516,mehema wada karana eka nam loku talk karana moda ne oya wage aya nisa thamai mehema wenne.,toxic
3517,oya ge post eka mehema karanne kata witharai wada nisa da? comment karanna kalin hithapan.,toxic
3518,oya ge reply eka ge kathawa ahuwama moda kiyala hithenawa.,toxic
3519,Mokakda me uba ge weda bari wada? hariyata.,toxic
3520,"mehema wada karana eka, meka nam moda yakku wage level ekak. me wage wada nawaththapan.",toxic
3521,Mokakda me oya ge kathawa ge wada nodanna wada? comment karanna kalin hithapan.,toxic
3522,Oya ge post eka nam wal buruwa ban.,toxic
3523,oya ge reply eka nam gon ne hariyata.,toxic
3524,Mokakda me umbala ge mole nathi wada? danawada mokakda kiyala.,toxic
3525,"oya ge kathawa hariyata boru karaya wage wada karanawa, meka dakka gaman hina yanawa.",toxic
3526,"Ane uba, moda yakku wage kiyala therenneth ne.",toxic
3527,me wage wada karana aya wada nodanna ane.,toxic
3528,"Ane oya ge idea eka, wada nodanna kata wahagena inna.",toxic
3529,"Ane manda me comment eka danapu eka, pissu wage wage behave wenne ai? kiyala therenneth ne.",toxic
3530,umbala loku talk karana moda kiyala therenneth ne.,toxic
3531,"oya ge reply eka hariyata kata witharai wada wage wada karanawa, ane.",toxic
3532,me video eka balala comment karana eka ge me wage kata witharai wada comment dakkama epa wenawa.,toxic
3533,Mokakda me me wage wada karana aya ge boru karaya wada? me wage wada nawaththapan.,toxic
3534,"Ane manda oya ge reply eka, kata witharai wada wage behave wenne ai? kiyala therenneth ne.",toxic
3535,Oya ge post eka nam moda kiyala therenneth ne.,toxic
3536,oya ge idea eka gon hariyata.,toxic
3537,"me comment eka danapu eka, meka nam weda bari level ekak. lajja nadda.",toxic
3538,"Hariyata baluwoth oya ge wada gon wage ne, kata wahagena inna.",toxic
3539,oya ge wada moda comment karanna kalin hithapan.,toxic
3540,"Hariyata baluwoth uba wal buruwa wage ne, machan.",toxic
3541,oya ge kathawa ta kiyanna one moda wage wada nawaththanna kiyala.,toxic
3542,Me wage gon athal karaya athal danne nathuwa tikak hithapan me video eka balala comment karana eka.,toxic
3543,"oya ge kathawa hariyata chater wage wada karanawa, kiyala therenneth ne.",toxic
3544,"Ane me comment eka danapu eka, awajathaka wage me wage wada nawaththapan.",toxic
3545,"Hariyata baluwoth mehema wada karana eka mole nathi wage ne, thamuse.",toxic
3546,"umbala hariyata hitha nathi wage wada karanawa, oya wage aya nisa thamai mehema wenne.",toxic
3547,oya ge idea eka mehema karanne gon athal karaya nisa da? poddak mole pawichchi karapan.,toxic
3548,oya ge post eka ta kiyanna one boru karaya wage wada nawaththanna kiyala.,toxic
3549,"oya, uba nam mole nathi thamuse.",toxic
3550,"me video eka balala comment karana eka, meka nam hitha nathi level ekak. hariyata wada karapan.",toxic
3551,Oya ge post eka nam moda kata wahagena inna.,toxic
3552,"Hariyata baluwoth oya ge post eka wikarayak wage ne, hariyata behave karapan.",toxic
3553,umbala ge kathawa ahuwama hariyata therumak nathi kiyala hithenawa.,toxic
3554,"Ane manda mehema wada karana eka, wada nodanna wage behave wenne ai? hariyata.",toxic
3555,"Ane manda me comment eka danapu eka, gon harakek wage behave wenne ai? hariyata.",toxic
3556,"oya wage kenek, uba nam boru karaya oya wage aya nisa thamai mehema wenne.",toxic
3557,mehema wada karana eka ta kiyanna one wadak nathi wage wada nawaththanna kiyala.,toxic
3558,Oya ge post eka nam hitha nathi hariyata wada karapan.,toxic
3559,Oya ge post eka nam awajathaka wage danawada mokakda kiyala.,toxic
3560,"me comment eka danapu eka, uba nam loku talk karana moda thamuse.",toxic
3561,"oya ge post eka, meka nam chater level ekak. ane.",toxic
3562,"Ane manda oya, gon harakek wage behave wenne ai? poddak mole pawichchi karapan.",toxic
3563,"me video eka balala comment karana eka hariyata mole nathi wage wada karanawa, poddak mole pawichchi karapan.",toxic
3564,"Hariyata baluwoth uba boru karaya wage ne, boruwata katha karanne.",toxic
3565,me comment eka danapu eka mehema karanne chater nisa da? meka dakka gaman hina yanawa.,toxic
3566,"Ane uba, gon harakek danawada mokakda kiyala.",toxic
3567,"Ane oya ge kathawa, boru karaya comment karanna kalin hithapan.",toxic
3568,Me wage weda bari athal danne nathuwa tikak hithapan uba.,toxic
3569,"me comment eka danapu eka, meka nam mole kalpana nathi level ekak. ban.",toxic
3570,"oya ge kathawa, uba nam pissu wage kiyala therenneth ne.",toxic
3571,mehema wada karana eka nam wikarayak ne hariyata wada karapan.,toxic
3572,umbala moda hariyata wada karapan.,toxic
3573,Mokakda me oya ge post eka ge wada nodanna wada? hariyata behave karapan.,toxic
3574,"Ane mehema wada karana eka, mole kalpana nathi kata wahagena inna.",toxic
3575,"Ane me comment eka danapu eka, weda bari meka dakka gaman hina yanawa.",toxic
3576,oya ge kathawa kata witharai wada lajja nadda.,toxic
3577,"oya ge reply eka, meka nam moda yakku wage level ekak. tikak igena ganin.",toxic
3578,"oya hariyata mole kalpana nathi wage wada karanawa, meka nam athi.",toxic
3579,"oya ge idea eka, uba nam wada nodanna danawada mokakda kiyala.",toxic
3580,Oya ge post eka nam moda yakku wage me wage wada nawaththapan.,toxic
3581,"me wage wada karana aya, meka nam boru karaya level ekak. meka nam athi.",toxic
3582,"Hariyata baluwoth oya ge reply eka mole kalpana nathi wage ne, poddak mole pawichchi karapan.",toxic
3583,oya ge reply eka ta kiyanna one hitha nathi wage wada nawaththanna kiyala.,toxic
3584,Oya ge post eka nam hitha nathi meka nam athi.,toxic
3585,oya ge wada awajathaka wage kiyala therenneth ne.,toxic
3586,"Ane oya, hitha nathi kata wahagena inna.",toxic
3587,me video eka balala comment karana eka ta kiyanna one gon wage wada nawaththanna kiyala.,toxic
3588,oya nam mole kalpana nathi ne tikak igena ganin.,toxic
3589,oya ge kathawa ge kathawa ahuwama moda yakku wage kiyala hithenawa.,toxic
3590,"Ane mehema wada karana eka, pissu wage hariyata behave karapan.",toxic
3591,"Ane me video eka balala comment karana eka, awajathaka wage meka dakka gaman hina yanawa.",toxic
3592,"Ane manda me comment eka danapu eka, awajathaka wage wage behave wenne ai? thamuse.",toxic
3593,Mokakda me mehema wada karana eka ge gon wada? oya wage aya nisa thamai mehema wenne.,toxic
3594,me wage wada karana aya ta kiyanna one boru karaya wage wada nawaththanna kiyala.,toxic
3595,Me wage kata witharai wada athal danne nathuwa tikak hithapan oya ge post eka.,toxic
3596,"Hariyata baluwoth oya wage kenek loku talk karana moda wage ne, boruwata katha karanne.",toxic
3597,Mokakda me oya ge post eka ge gon athal karaya wada? ban.,toxic
3598,me video eka balala comment karana eka ge kathawa ahuwama mole nathi kiyala hithenawa.,toxic
3599,oya ge idea eka ge kathawa ahuwama gon harakek kiyala hithenawa.,toxic
3600,"Ane oya wage kenek, gon lajja nadda.",toxic
3601,"oya wage kenek, meka nam wadak nathi level ekak. ban.",toxic
3602,Mokakda me oya ge idea eka ge boru karaya wada? boruwata katha karanne.,toxic
3603,"me wage wada karana aya, uba nam chater thamuse.",toxic
3604,"me comment eka danapu eka hariyata awajathaka wage wage wada karanawa, kiyala therenneth ne.",toxic
3605,"me wage wada karana aya hariyata chater wage wada karanawa, meka nam athi.",toxic
3606,"Hariyata baluwoth oya ge idea eka loku talk karana moda wage ne, ban.",toxic
3607,Oya ge post eka nam hitha nathi oya wage aya nisa thamai mehema wenne.,toxic
3608,"Ane umbala, moda machan.",toxic
3609,"uba, meka nam moda level ekak. boruwata katha karanne.",toxic
3610,"mehema wada karana eka hariyata gon wage wada karanawa, comment karanna kalin hithapan.",toxic
3611,oya ge kathawa ge kathawa ahuwama gon athal karaya kiyala hithenawa.,toxic
3612,"oya ge wada hariyata kata witharai wada wage wada karanawa, me wage wada nawaththapan.",toxic
3613,"Ane oya, wal buruwa me wage wada nawaththapan.",toxic
3614,Mokakda me oya wage kenek ge moda yakku wage wada? meka nam athi.,toxic
3615,Me wage chater athal danne nathuwa tikak hithapan uba.,toxic
3616,oya wage kenek ge kathawa ahuwama wikarayak kiyala hithenawa.,toxic
3617,oya ge post eka ge kathawa ahuwama moda yakku wage kiyala hithenawa.,toxic
3618,"me wage wada karana aya, meka nam boru karaya level ekak. poddak mole pawichchi karapan.",toxic
3619,"me video eka balala comment karana eka, meka nam wal buruwa level ekak. ne.",toxic
3620,oya wadak nathi tikak igena ganin.,toxic
3621,"Ane manda oya ge wada, hitha nathi wage behave wenne ai? tikak igena ganin.",toxic
3622,Me wage gon harakek athal danne nathuwa tikak hithapan me video eka balala comment karana eka.,toxic
3623,"mehema wada karana eka, meka nam loku talk karana moda level ekak. thamuse.",toxic
3624,"oya ge reply eka, uba nam awajathaka wage hariyata.",toxic
3625,"oya, meka nam hariyata therumak nathi level ekak. tikak igena ganin.",toxic
3626,"Ane manda oya ge idea eka, wadak nathi wage behave wenne ai? meka dakka gaman hina yanawa.",toxic
3627,oya wage kenek ge me wage loku talk karana moda comment dakkama epa wenawa.,toxic
3628,"Ane oya ge idea eka, gon athal karaya meka nam athi.",toxic
3629,Oya ge post eka nam mole nathi hariyata wada karapan.,toxic
3630,"Hariyata baluwoth oya ge wada wadak nathi wage ne, meka dakka gaman hina yanawa.",toxic
3631,"oya, meka nam wada nodanna level ekak. meka nam athi.",toxic
3632,"umbala hariyata gon athal karaya wage wada karanawa, hariyata behave karapan.",toxic
3633,me comment eka danapu eka mehema karanne wal buruwa nisa da? meka dakka gaman hina yanawa.,toxic
3634,"oya wage kenek hariyata wal buruwa wage wada karanawa, ban.",toxic
3635,oya ge wada mehema karanne wikarayak nisa da? comment karanna kalin hithapan.,toxic
3636,oya ge wada ta kiyanna one mole kalpana nathi wage wada nawaththanna kiyala.,toxic
3637,"Ane manda uba, mole nathi wage behave wenne ai? oya wage aya nisa thamai mehema wenne.",toxic
3638,"Ane me comment eka danapu eka, wal buruwa machan.",toxic
3639,"oya ge post eka, meka nam loku talk karana moda level ekak. me wage wada nawaththapan.",toxic
3640,"Ane manda me comment eka danapu eka, weda bari wage behave wenne ai? lajja nadda.",toxic
3641,"oya ge kathawa, meka nam kata witharai wada level ekak. meka dakka gaman hina yanawa.",toxic
3642,"Ane manda oya ge wada, moda wage behave wenne ai? machan.",toxic
3643,me video eka balala comment karana eka ge me wage gon athal karaya comment dakkama epa wenawa.,toxic
3644,"Hariyata baluwoth oya wage kenek hitha nathi wage ne, kata wahagena inna.",toxic
3645,Mokakda me me video eka balala comment karana eka ge chater wada? ne.,toxic
3646,me wage wada karana aya nam chater ne oya wage aya nisa thamai mehema wenne.,toxic
3647,"oya ge reply eka, meka nam gon level ekak. oya wage aya nisa thamai mehema wenne.",toxic
3648,"Ane oya ge idea eka, mole kalpana nathi kiyala therenneth ne.",toxic
3649,mehema wada karana eka ta kiyanna one boru karaya wage wada nawaththanna kiyala.,toxic
3650,"Ane uba, boru karaya oya wage aya nisa thamai mehema wenne.",toxic
3651,"Hariyata baluwoth oya awajathaka wage wage ne, ban.",toxic
3652,"oya ge idea eka, uba nam gon boruwata katha karanne.",toxic
3653,"umbala, uba nam gon danawada mokakda kiyala.",toxic
3654,oya nam kata witharai wada ne ban.,toxic
3655,oya ge kathawa ge me wage moda comment dakkama epa wenawa.,toxic
3656,oya ge reply eka mehema karanne hitha nathi nisa da? tikak igena ganin.,toxic
3657,"me video eka balala comment karana eka, meka nam wadak nathi level ekak. tikak igena ganin.",toxic
3658,me comment eka danapu eka nam awajathaka wage ne kata wahagena inna.,toxic
3659,mehema wada karana eka ge kathawa ahuwama weda bari kiyala hithenawa.,toxic
3660,"uba, meka nam gon harakek level ekak. oya wage aya nisa thamai mehema wenne.",toxic
3661,"me video eka balala comment karana eka hariyata moda wage wada karanawa, oya wage aya nisa thamai mehema wenne.",toxic
3662,oya ge wada ta kiyanna one hitha nathi wage wada nawaththanna kiyala.,toxic
3663,Oya ge post eka nam wada nodanna kata wahagena inna.,toxic
3664,"Hariyata baluwoth oya ge idea eka moda wage ne, hariyata.",toxic
3665,oya ge kathawa nam chater ne ane.,toxic
3666,"oya ge wada hariyata gon harakek wage wada karanawa, me wage wada nawaththapan.",toxic
3667,Me wage gon harakek athal danne nathuwa tikak hithapan mehema wada karana eka.,toxic
3668,"Ane me wage wada karana aya, moda meka nam athi.",toxic
3669,me wage wada karana aya ta kiyanna one hitha nathi wage wada nawaththanna kiyala.,toxic
3670,"Ane manda me comment eka danapu eka, chater wage behave wenne ai? kata wahagena inna.",toxic
3671,"Hariyata baluwoth umbala chater wage ne, ban.",toxic
3672,"Ane manda oya ge kathawa, moda yakku wage wage behave wenne ai? kiyala therenneth ne.",toxic
3673,"Hariyata baluwoth umbala wadak nathi wage ne, oya wage aya nisa thamai mehema wenne.",toxic
3674,"Hariyata baluwoth oya moda wage ne, machan.",toxic
3675,"Hariyata baluwoth mehema wada karana eka chater wage ne, hariyata wada karapan.",toxic
3676,oya wage kenek mehema karanne hariyata therumak nathi nisa da? machan.,toxic
3677,"Ane manda oya ge idea eka, awajathaka wage wage behave wenne ai? danawada mokakda kiyala.",toxic
3678,Me wage wada nodanna athal danne nathuwa tikak hithapan me video eka balala comment karana eka.,toxic
3679,"Hariyata baluwoth oya wage kenek gon athal karaya wage ne, machan.",toxic
3680,"uba, uba nam wada nodanna oya wage aya nisa thamai mehema wenne.",toxic
3681,me comment eka danapu eka mehema karanne gon athal karaya nisa da? tikak igena ganin.,toxic
3682,umbala nam kata witharai wada ne oya wage aya nisa thamai mehema wenne.,toxic
3683,"Ane me wage wada karana aya, pissu wage ane.",toxic
3684,oya ge kathawa moda yakku wage danawada mokakda kiyala.,toxic
3685,"me wage wada karana aya hariyata weda bari wage wada karanawa, danawada mokakda kiyala.",toxic
3686,oya ge kathawa weda bari danawada mokakda kiyala.,toxic
3687,"oya wage kenek hariyata wadak nathi wage wada karanawa, ane.",toxic
3688,oya ge reply eka ta kiyanna one gon athal karaya wage wada nawaththanna kiyala.,toxic
3689,me comment eka danapu eka wal buruwa poddak mole pawichchi karapan.,toxic
3690,oya wage kenek mole kalpana nathi tikak igena ganin.,toxic
3691,"Ane umbala, hitha nathi oya wage aya nisa thamai mehema wenne.",toxic
3692,oya ge wada mehema karanne weda bari nisa da? ban.,toxic
3693,mehema wada karana eka ge me wage wal buruwa comment dakkama epa wenawa.,toxic
3694,Mokakda me me wage wada karana aya ge weda bari wada? thamuse.,toxic
3695,"Ane manda oya ge idea eka, kata witharai wada wage behave wenne ai? comment karanna kalin hithapan.",toxic
3696,oya wage kenek ge kathawa ahuwama gon athal karaya kiyala hithenawa.,toxic
3697,Mokakda me umbala ge loku talk karana moda wada? lajja nadda.,toxic
3698,"Ane uba, hariyata therumak nathi ane.",toxic
3699,me wage wada karana aya mehema karanne wadak nathi nisa da? tikak igena ganin.,toxic
3700,"oya wage kenek, meka nam wikarayak level ekak. tikak igena ganin.",toxic
3701,me wage wada karana aya wadak nathi tikak igena ganin.,toxic
3702,Mokakda me oya ge wada ge pissu wage wada? me wage wada nawaththapan.,toxic
3703,"uba, meka nam pissu wage level ekak. tikak igena ganin.",toxic
3704,"oya ge idea eka hariyata wal buruwa wage wada karanawa, oya wage aya nisa thamai mehema wenne.",toxic
3705,"oya wage kenek, uba nam gon harakek ne.",toxic
3706,oya mehema karanne pissu wage nisa da? hariyata.,toxic
3707,uba ge kathawa ahuwama wal buruwa kiyala hithenawa.,toxic
3708,uba mehema karanne wadak nathi nisa da? meka nam athi.,toxic
3709,Me wage wikarayak athal danne nathuwa tikak hithapan me wage wada karana aya.,toxic
3710,me comment eka danapu eka ta kiyanna one mole nathi wage wada nawaththanna kiyala.,toxic
3711,"Ane oya ge idea eka, boru karaya boruwata katha karanne.",toxic
3712,"me comment eka danapu eka, uba nam moda me wage wada nawaththapan.",toxic
3713,"Hariyata baluwoth mehema wada karana eka boru karaya wage ne, hariyata.",toxic
3714,"Ane manda oya, hitha nathi wage behave wenne ai? ban.",toxic
3715,"Ane me wage wada karana aya, moda poddak mole pawichchi karapan.",toxic
3716,me comment eka danapu eka ge me wage hitha nathi comment dakkama epa wenawa.,toxic
3717,"Ane manda oya ge reply eka, weda bari wage behave wenne ai? hariyata.",toxic
3718,"Hariyata baluwoth oya mole kalpana nathi wage ne, meka dakka gaman hina yanawa.",toxic
3719,"Ane manda oya ge kathawa, hitha nathi wage behave wenne ai? kata wahagena inna.",toxic
3720,"Hariyata baluwoth oya ge kathawa hitha nathi wage ne, hariyata behave karapan.",toxic
3721,"Hariyata baluwoth umbala kata witharai wada wage ne, ban.",toxic
3722,oya ge wada nam wada nodanna ne poddak mole pawichchi karapan.,toxic
3723,"Ane manda uba, mole kalpana nathi wage behave wenne ai? hariyata wada karapan.",toxic
3724,oya wage kenek kata witharai wada comment karanna kalin hithapan.,toxic
3725,"Ane oya ge idea eka, moda boruwata katha karanne.",toxic
3726,"Ane manda mehema wada karana eka, gon harakek wage behave wenne ai? tikak igena ganin.",toxic
3727,mehema wada karana eka ta kiyanna one gon wage wada nawaththanna kiyala.,toxic
3728,oya ge post eka moda boruwata katha karanne.,toxic
3729,Oya ge post eka nam hitha nathi kata wahagena inna.,toxic
3730,"oya wage kenek hariyata weda bari wage wada karanawa, hariyata wada karapan.",toxic
3731,"Ane me comment eka danapu eka, wada nodanna ane.",toxic
3732,me wage wada karana aya ge kathawa ahuwama chater kiyala hithenawa.,toxic
3733,"Ane manda umbala, awajathaka wage wage behave wenne ai? meka nam athi.",toxic
3734,"Ane manda oya ge kathawa, mole kalpana nathi wage behave wenne ai? lajja nadda.",toxic
3735,Mokakda me oya ge reply eka ge hariyata therumak nathi wada? kata wahagena inna.,toxic
3736,"Ane me video eka balala comment karana eka, wadak nathi boruwata katha karanne.",toxic
3737,oya wage kenek ta kiyanna one gon wage wada nawaththanna kiyala.,toxic
3738,Mokakda me me comment eka danapu eka ge gon wada? thamuse.,toxic
3739,"me wage wada karana aya, meka nam wal buruwa level ekak. oya wage aya nisa thamai mehema wenne.",toxic
3740,oya ge kathawa mehema karanne moda yakku wage nisa da? lajja nadda.,toxic
3741,oya wage kenek ta kiyanna one mole nathi wage wada nawaththanna kiyala.,toxic
3742,"Ane manda oya, mole nathi wage behave wenne ai? ne.",toxic
3743,Oya ge post eka nam mole kalpana nathi kata wahagena inna.,toxic
3744,"mehema wada karana eka, meka nam wadak nathi level ekak. machan.",toxic
3745,me comment eka danapu eka nam chater ne kata wahagena inna.,toxic
3746,"Hariyata baluwoth oya ge kathawa weda bari wage ne, hariyata behave karapan.",toxic
3747,"Hariyata baluwoth uba wal buruwa wage ne, meka nam athi.",toxic
3748,umbala mehema karanne gon nisa da? ne.,toxic
3749,umbala mehema karanne boru karaya nisa da? kiyala therenneth ne.,toxic
3750,oya nam gon athal karaya ne comment karanna kalin hithapan.,toxic
3751,"me wage wada karana aya, uba nam wikarayak danawada mokakda kiyala.",toxic
3752,me wage wada karana aya wadak nathi poddak mole pawichchi karapan.,toxic
3753,oya ge wada ge kathawa ahuwama wikarayak kiyala hithenawa.,toxic
3754,oya ge post eka ge kathawa ahuwama hariyata therumak nathi kiyala hithenawa.,toxic
3755,"Ane oya wage kenek, mole nathi kata wahagena inna.",toxic
3756,me wage wada karana aya ge me wage wadak nathi comment dakkama epa wenawa.,toxic
3757,oya wage kenek ta kiyanna one mole kalpana nathi wage wada nawaththanna kiyala.,toxic
3758,"Hariyata baluwoth oya ge reply eka moda yakku wage wage ne, ane.",toxic
3759,oya ge wada ge me wage kata witharai wada comment dakkama epa wenawa.,toxic
3760,"me wage wada karana aya, uba nam hitha nathi hariyata.",toxic
3761,"Hariyata baluwoth me video eka balala comment karana eka boru karaya wage ne, thamuse.",toxic
3762,Oya ge post eka nam boru karaya poddak mole pawichchi karapan.,toxic
3763,oya mehema karanne mole kalpana nathi nisa da? oya wage aya nisa thamai mehema wenne.,toxic
3764,"oya ge idea eka, uba nam kata witharai wada comment karanna kalin hithapan.",toxic
3765,me wage wada karana aya mehema karanne moda yakku wage nisa da? oya wage aya nisa thamai mehema wenne.,toxic
3766,"umbala, meka nam awajathaka wage level ekak. ne.",toxic
3767,"Ane manda me wage wada karana aya, kata witharai wada wage behave wenne ai? boruwata katha karanne.",toxic
3768,"Hariyata baluwoth oya ge wada moda wage ne, thamuse.",toxic
3769,umbala hariyata therumak nathi ban.,toxic
3770,"me wage wada karana aya, uba nam moda ane.",toxic
3771,me wage wada karana aya nam kata witharai wada ne hariyata behave karapan.,toxic
3772,"oya wage kenek hariyata gon athal karaya wage wada karanawa, me wage wada nawaththapan.",toxic
3773,"Hariyata baluwoth uba weda bari wage ne, oya wage aya nisa thamai mehema wenne.",toxic
3774,umbala ge kathawa ahuwama wada nodanna kiyala hithenawa.,toxic
3775,me comment eka danapu eka pissu wage meka dakka gaman hina yanawa.,toxic
3776,oya ge post eka nam pissu wage ne thamuse.,toxic
3777,"Hariyata baluwoth oya ge idea eka moda yakku wage wage ne, poddak mole pawichchi karapan.",toxic
3778,"Ane manda oya ge idea eka, wadak nathi wage behave wenne ai? oya wage aya nisa thamai mehema wenne.",toxic
3779,"Ane manda umbala, boru karaya wage behave wenne ai? me wage wada nawaththapan.",toxic
3780,oya ge kathawa nam pissu wage ne meka dakka gaman hina yanawa.,toxic
3781,me video eka balala comment karana eka ta kiyanna one moda yakku wage wage wada nawaththanna kiyala.,toxic
3782,me video eka balala comment karana eka ge me wage wal buruwa comment dakkama epa wenawa.,toxic
3783,oya ge wada ge me wage mole kalpana nathi comment dakkama epa wenawa.,toxic
3784,mehema wada karana eka ge kathawa ahuwama awajathaka wage kiyala hithenawa.,toxic
3785,mehema wada karana eka moda thamuse.,toxic
3786,oya ge wada ge kathawa ahuwama boru karaya kiyala hithenawa.,toxic
3787,me comment eka danapu eka ta kiyanna one pissu wage wage wada nawaththanna kiyala.,toxic
3788,"Ane me video eka balala comment karana eka, weda bari comment karanna kalin hithapan.",toxic
3789,"Ane me wage wada karana aya, mole kalpana nathi hariyata wada karapan.",toxic
3790,"Ane oya wage kenek, kata witharai wada comment karanna kalin hithapan.",toxic
3791,"me comment eka danapu eka, meka nam weda bari level ekak. hariyata.",toxic
3792,"Ane mehema wada karana eka, gon harakek hariyata behave karapan.",toxic
3793,"Ane manda oya ge kathawa, mole kalpana nathi wage behave wenne ai? kata wahagena inna.",toxic
3794,Oya ge post eka nam moda ane.,toxic
3795,"oya, uba nam wadak nathi ban.",toxic
3796,umbala ta kiyanna one pissu wage wage wada nawaththanna kiyala.,toxic
3797,me wage wada karana aya ge kathawa ahuwama moda kiyala hithenawa.,toxic
3798,"oya ge reply eka hariyata wada nodanna wage wada karanawa, kiyala therenneth ne.",toxic
3799,mehema wada karana eka mole kalpana nathi boruwata katha karanne.,toxic
3800,Oya ge post eka nam hariyata therumak nathi hariyata.,toxic
3801,oya wage kenek ge kathawa ahuwama moda kiyala hithenawa.,toxic
3802,umbala nam gon harakek ne kata wahagena inna.,toxic
3803,umbala nam kata witharai wada ne me wage wada nawaththapan.,toxic
3804,oya ge reply eka ge kathawa ahuwama kata witharai wada kiyala hithenawa.,toxic
3805,"me video eka balala comment karana eka hariyata wal buruwa wage wada karanawa, kiyala therenneth ne.",toxic
3806,"oya ge post eka hariyata moda yakku wage wage wada karanawa, ne.",toxic
3807,"oya wage kenek, uba nam awajathaka wage comment karanna kalin hithapan.",toxic
3808,Mokakda me oya ge wada ge gon harakek wada? hariyata wada karapan.,toxic
3809,"oya ge kathawa, meka nam boru karaya level ekak. danawada mokakda kiyala.",toxic
3810,me comment eka danapu eka ge kathawa ahuwama kata witharai wada kiyala hithenawa.,toxic
3811,"oya wage kenek hariyata mole nathi wage wada karanawa, thamuse.",toxic
3812,"Ane manda uba, wal buruwa wage behave wenne ai? danawada mokakda kiyala.",toxic
3813,Oya ge post eka nam mole nathi thamuse.,toxic
3814,"Hariyata baluwoth oya ge wada wadak nathi wage ne, comment karanna kalin hithapan.",toxic
3815,uba mehema karanne moda yakku wage nisa da? meka nam athi.,toxic
3816,Mokakda me oya wage kenek ge gon wada? meka dakka gaman hina yanawa.,toxic
3817,me wage wada karana aya mehema karanne pissu wage nisa da? hariyata behave karapan.,toxic
3818,Oya ge post eka nam moda yakku wage danawada mokakda kiyala.,toxic
3819,mehema wada karana eka nam hitha nathi ne hariyata wada karapan.,toxic
3820,"Ane oya ge kathawa, wada nodanna hariyata wada karapan.",toxic
3821,"oya ge wada, uba nam boru karaya danawada mokakda kiyala.",toxic
3822,"Hariyata baluwoth oya ge kathawa gon harakek wage ne, meka nam athi.",toxic
3823,"oya wage kenek, meka nam wadak nathi level ekak. hariyata behave karapan.",toxic
3824,oya ge wada ge me wage weda bari comment dakkama epa wenawa.,toxic
3825,oya ge post eka loku talk karana moda meka dakka gaman hina yanawa.,toxic
3826,"Ane manda oya ge reply eka, wada nodanna wage behave wenne ai? oya wage aya nisa thamai mehema wenne.",toxic
3827,Me wage loku talk karana moda athal danne nathuwa tikak hithapan oya ge post eka.,toxic
3828,"Ane manda oya, chater wage behave wenne ai? comment karanna kalin hithapan.",toxic
3829,Mokakda me me comment eka danapu eka ge hariyata therumak nathi wada? hariyata.,toxic
3830,Mokakda me oya ge kathawa ge hariyata therumak nathi wada? boruwata katha karanne.,toxic
3831,"Hariyata baluwoth uba wal buruwa wage ne, meka dakka gaman hina yanawa.",toxic
3832,mehema wada karana eka mole nathi hariyata behave karapan.,toxic
3833,"Ane oya ge reply eka, gon machan.",toxic
3834,"Hariyata baluwoth me wage wada karana aya boru karaya wage ne, meka nam athi.",toxic
3835,"Ane oya wage kenek, gon oya wage aya nisa thamai mehema wenne.",toxic
3836,umbala ta kiyanna one chater wage wada nawaththanna kiyala.,toxic
3837,"uba hariyata loku talk karana moda wage wada karanawa, machan.",toxic
3838,"umbala hariyata mole nathi wage wada karanawa, meka dakka gaman hina yanawa.",toxic
3839,oya wage kenek nam kata witharai wada ne hariyata behave karapan.,toxic
3840,"me comment eka danapu eka, uba nam gon oya wage aya nisa thamai mehema wenne.",toxic
3841,Mokakda me oya ge kathawa ge wadak nathi wada? ne.,toxic
3842,Mokakda me oya ge kathawa ge pissu wage wada? ban.,toxic
3843,Oya ge post eka nam weda bari machan.,toxic
3844,"me video eka balala comment karana eka hariyata gon harakek wage wada karanawa, me wage wada nawaththapan.",toxic
3845,Mokakda me me comment eka danapu eka ge wadak nathi wada? kiyala therenneth ne.,toxic
3846,me wage wada karana aya ge me wage wada nodanna comment dakkama epa wenawa.,toxic
3847,"oya ge kathawa, meka nam gon athal karaya level ekak. meka nam athi.",toxic
3848,"umbala, meka nam loku talk karana moda level ekak. me wage wada nawaththapan.",toxic
3849,Oya ge post eka nam pissu wage me wage wada nawaththapan.,toxic
3850,"Ane manda me video eka balala comment karana eka, moda wage behave wenne ai? boruwata katha karanne.",toxic
3851,uba kata witharai wada ne.,toxic
3852,Mokakda me oya ge reply eka ge boru karaya wada? tikak igena ganin.,toxic
3853,"Hariyata baluwoth oya ge post eka wada nodanna wage ne, kiyala therenneth ne.",toxic
3854,oya ge idea eka nam weda bari ne hariyata wada karapan.,toxic
3855,oya ge reply eka ge me wage mole kalpana nathi comment dakkama epa wenawa.,toxic
3856,uba nam moda ne thamuse.,toxic
3857,oya wage kenek mehema karanne wikarayak nisa da? meka dakka gaman hina yanawa.,toxic
3858,"Ane manda umbala, wikarayak wage behave wenne ai? me wage wada nawaththapan.",toxic
3859,"me wage wada karana aya, meka nam moda yakku wage level ekak. poddak mole pawichchi karapan.",toxic
3860,"umbala hariyata moda wage wada karanawa, hariyata wada karapan.",toxic
3861,"Hariyata baluwoth oya weda bari wage ne, danawada mokakda kiyala.",toxic
3862,"Hariyata baluwoth oya wage kenek weda bari wage ne, hariyata.",toxic
3863,oya ge wada ge kathawa ahuwama awajathaka wage kiyala hithenawa.,toxic
3864,"Hariyata baluwoth oya ge post eka chater wage ne, thamuse.",toxic
3865,"Hariyata baluwoth oya wage kenek mole nathi wage ne, meka nam athi.",toxic
3866,me wage wada karana aya ta kiyanna one kata witharai wada wage wada nawaththanna kiyala.,toxic
3867,oya ge me wage gon athal karaya comment dakkama epa wenawa.,toxic
3868,oya ge post eka mehema karanne wal buruwa nisa da? tikak igena ganin.,toxic
3869,"Ane mehema wada karana eka, loku talk karana moda boruwata katha karanne.",toxic
3870,uba weda bari ane.,toxic
3871,me wage wada karana aya ta kiyanna one moda yakku wage wage wada nawaththanna kiyala.,toxic
3872,me video eka balala comment karana eka nam hariyata therumak nathi ne machan.,toxic
3873,mehema wada karana eka nam boru karaya ne thamuse.,toxic
3874,Mokakda me umbala ge gon wada? hariyata behave karapan.,toxic
3875,"oya ge reply eka, uba nam wadak nathi danawada mokakda kiyala.",toxic
3876,uba ge kathawa ahuwama gon athal karaya kiyala hithenawa.,toxic
3877,me wage wada karana aya nam hariyata therumak nathi ne thamuse.,toxic
3878,me comment eka danapu eka wadak nathi kiyala therenneth ne.,toxic
3879,Oya ge post eka nam mole nathi hariyata behave karapan.,toxic
3880,Mokakda me me comment eka danapu eka ge boru karaya wada? comment karanna kalin hithapan.,toxic
3881,"me video eka balala comment karana eka, meka nam kata witharai wada level ekak. hariyata wada karapan.",toxic
3882,"Ane umbala, mole kalpana nathi me wage wada nawaththapan.",toxic
3883,Mokakda me oya ge idea eka ge gon harakek wada? hariyata behave karapan.,toxic
3884,"Ane manda oya ge kathawa, boru karaya wage behave wenne ai? machan.",toxic
3885,oya ge wada ge me wage hariyata therumak nathi comment dakkama epa wenawa.,toxic
3886,"oya wage kenek hariyata moda wage wada karanawa, hariyata.",toxic
3887,Mokakda me me video eka balala comment karana eka ge mole kalpana nathi wada? ne.,toxic
3888,oya ge kathawa wikarayak meka nam athi.,toxic
3889,oya ge reply eka ge kathawa ahuwama gon athal karaya kiyala hithenawa.,toxic
3890,uba nam boru karaya ne comment karanna kalin hithapan.,toxic
3891,"me comment eka danapu eka, uba nam gon harakek poddak mole pawichchi karapan.",toxic
3892,"Hariyata baluwoth me comment eka danapu eka moda wage ne, hariyata.",toxic
3893,uba ge kathawa ahuwama loku talk karana moda kiyala hithenawa.,toxic
3894,Mokakda me oya wage kenek ge kata witharai wada wada? ne.,toxic
3895,"Ane manda oya ge reply eka, gon wage behave wenne ai? hariyata wada karapan.",toxic
3896,Oya ge post eka nam gon athal karaya ane.,toxic
3897,oya ge kathawa ge kathawa ahuwama gon kiyala hithenawa.,toxic
3898,"oya hariyata wadak nathi wage wada karanawa, ane.",toxic
3899,"me wage wada karana aya, meka nam mole kalpana nathi level ekak. danawada mokakda kiyala.",toxic
3900,oya mehema karanne gon athal karaya nisa da? ban.,toxic
3901,"me wage wada karana aya, uba nam wal buruwa ne.",toxic
3902,"Hariyata baluwoth umbala moda wage ne, meka dakka gaman hina yanawa.",toxic
3903,"me comment eka danapu eka, uba nam wada nodanna boruwata katha karanne.",toxic
3904,oya ge reply eka mehema karanne loku talk karana moda nisa da? tikak igena ganin.,toxic
3905,Me wage boru karaya athal danne nathuwa tikak hithapan umbala.,toxic
3906,"Ane manda umbala, wadak nathi wage behave wenne ai? hariyata behave karapan.",toxic
3907,Oya ge post eka nam loku talk karana moda boruwata katha karanne.,toxic
3908,Mokakda me uba ge wada nodanna wada? hariyata behave karapan.,toxic
3909,"oya ge reply eka, uba nam mole nathi machan.",toxic
3910,Mokakda me oya ge wada ge wal buruwa wada? kata wahagena inna.,toxic
3911,"oya ge wada, uba nam chater machan.",toxic
3912,me video eka balala comment karana eka ta kiyanna one weda bari wage wada nawaththanna kiyala.,toxic
3913,"oya wage kenek, uba nam chater tikak igena ganin.",toxic
3914,"Ane manda oya, kata witharai wada wage behave wenne ai? hariyata behave karapan.",toxic
3915,"Ane manda oya ge idea eka, wal buruwa wage behave wenne ai? kata wahagena inna.",toxic
3916,oya mole nathi me wage wada nawaththapan.,toxic
3917,Oya ge post eka nam boru karaya kata wahagena inna.,toxic
3918,Mokakda me umbala ge chater wada? meka dakka gaman hina yanawa.,toxic
3919,Mokakda me oya ge wada ge boru karaya wada? boruwata katha karanne.,toxic
3920,"Hariyata baluwoth oya ge reply eka weda bari wage ne, hariyata behave karapan.",toxic
3921,Me wage boru karaya athal danne nathuwa tikak hithapan me wage wada karana aya.,toxic
3922,"me video eka balala comment karana eka hariyata gon wage wada karanawa, meka nam athi.",toxic
3923,"Hariyata baluwoth oya ge wada wada nodanna wage ne, hariyata.",toxic
3924,"Ane oya, wal buruwa tikak igena ganin.",toxic
3925,"oya ge post eka, uba nam chater hariyata.",toxic
3926,Mokakda me umbala ge pissu wage wada? ban.,toxic
3927,"Ane oya, mole kalpana nathi boruwata katha karanne.",toxic
3928,"Hariyata baluwoth me wage wada karana aya hariyata therumak nathi wage ne, kiyala therenneth ne.",toxic
3929,"oya ge idea eka hariyata awajathaka wage wage wada karanawa, tikak igena ganin.",toxic
3930,"uba hariyata moda yakku wage wage wada karanawa, danawada mokakda kiyala.",toxic
3931,oya ge post eka nam awajathaka wage ne hariyata behave karapan.,toxic
3932,"oya, uba nam awajathaka wage oya wage aya nisa thamai mehema wenne.",toxic
3933,"Hariyata baluwoth oya ge idea eka chater wage ne, meka nam athi.",toxic
3934,"uba hariyata wadak nathi wage wada karanawa, oya wage aya nisa thamai mehema wenne.",toxic
3935,"Ane manda oya wage kenek, mole nathi wage behave wenne ai? tikak igena ganin.",toxic
3936,"Ane manda umbala, moda wage behave wenne ai? thamuse.",toxic
3937,oya ge wada mehema karanne gon nisa da? hariyata wada karapan.,toxic
3938,"Hariyata baluwoth oya wage kenek weda bari wage ne, machan.",toxic
3939,"mehema wada karana eka, uba nam gon meka dakka gaman hina yanawa.",toxic
3940,"Ane manda oya ge post eka, pissu wage wage behave wenne ai? kiyala therenneth ne.",toxic
3941,mehema wada karana eka nam wikarayak ne oya wage aya nisa thamai mehema wenne.,toxic
3942,"Ane manda oya ge post eka, pissu wage wage behave wenne ai? comment karanna kalin hithapan.",toxic
3943,"mehema wada karana eka, uba nam wada nodanna machan.",toxic
3944,oya ge idea eka ta kiyanna one wikarayak wage wada nawaththanna kiyala.,toxic
3945,Mokakda me mehema wada karana eka ge wikarayak wada? thamuse.,toxic
3946,Mokakda me mehema wada karana eka ge gon wada? lajja nadda.,toxic
3947,"Ane manda oya ge wada, gon harakek wage behave wenne ai? machan.",toxic
3948,"umbala, meka nam wadak nathi level ekak. hariyata.",toxic
3949,oya ge post eka mehema karanne hariyata therumak nathi nisa da? ne.,toxic
3950,"uba, meka nam wada nodanna level ekak. ne.",toxic
3951,"Ane manda oya ge kathawa, hitha nathi wage behave wenne ai? ane.",toxic
3952,uba nam moda yakku wage ne tikak igena ganin.,toxic
3953,oya ge reply eka nam pissu wage ne boruwata katha karanne.,toxic
3954,uba weda bari boruwata katha karanne.,toxic
3955,"oya ge wada, meka nam moda level ekak. meka dakka gaman hina yanawa.",toxic
3956,oya ge kathawa gon harakek tikak igena ganin.,toxic
3957,"uba, uba nam awajathaka wage me wage wada nawaththapan.",toxic
3958,"Ane manda oya ge post eka, moda wage behave wenne ai? hariyata behave karapan.",toxic
3959,oya ge post eka mehema karanne mole kalpana nathi nisa da? boruwata katha karanne.,toxic
3960,Me wage moda yakku wage athal danne nathuwa tikak hithapan mehema wada karana eka.,toxic
3961,"Hariyata baluwoth umbala gon wage ne, kata wahagena inna.",toxic
3962,"Ane me video eka balala comment karana eka, awajathaka wage thamuse.",toxic
3963,"mehema wada karana eka, meka nam hariyata therumak nathi level ekak. me wage wada nawaththapan.",toxic
3964,"Ane oya ge wada, awajathaka wage ne.",toxic
3965,"Ane manda oya, mole kalpana nathi wage behave wenne ai? kata wahagena inna.",toxic
3966,Mokakda me oya ge post eka ge loku talk karana moda wada? ne.,toxic
3967,oya ge idea eka nam loku talk karana moda ne meka nam athi.,toxic
3968,"Ane oya ge idea eka, weda bari me wage wada nawaththapan.",toxic
3969,"oya ge kathawa, meka nam wikarayak level ekak. tikak igena ganin.",toxic
3970,Oya ge post eka nam loku talk karana moda oya wage aya nisa thamai mehema wenne.,toxic
3971,Mokakda me oya ge wikarayak wada? meka nam athi.,toxic
3972,Me wage awajathaka wage athal danne nathuwa tikak hithapan oya ge reply eka.,toxic
3973,"Ane umbala, wadak nathi hariyata wada karapan.",toxic
3974,"umbala, uba nam gon hariyata behave karapan.",toxic
3975,oya ta kiyanna one hariyata therumak nathi wage wada nawaththanna kiyala.,toxic
3976,"Ane oya ge idea eka, gon ane.",toxic
3977,umbala ta kiyanna one hariyata therumak nathi wage wada nawaththanna kiyala.,toxic
3978,Oya ge post eka nam gon athal karaya meka dakka gaman hina yanawa.,toxic
3979,uba gon harakek tikak igena ganin.,toxic
3980,"Ane manda me video eka balala comment karana eka, chater wage behave wenne ai? kiyala therenneth ne.",toxic
3981,"me video eka balala comment karana eka, uba nam wadak nathi thamuse.",toxic
3982,"Ane oya ge wada, boru karaya danawada mokakda kiyala.",toxic
3983,Mokakda me oya ge kathawa ge wal buruwa wada? meka nam athi.,toxic
3984,me comment eka danapu eka nam loku talk karana moda ne hariyata.,toxic
3985,Mokakda me uba ge hitha nathi wada? lajja nadda.,toxic
3986,oya wage kenek mehema karanne pissu wage nisa da? poddak mole pawichchi karapan.,toxic
3987,me video eka balala comment karana eka nam mole nathi ne ane.,toxic
3988,"Hariyata baluwoth mehema wada karana eka mole kalpana nathi wage ne, me wage wada nawaththapan.",toxic
3989,"Ane manda me wage wada karana aya, gon harakek wage behave wenne ai? boruwata katha karanne.",toxic
3990,me video eka balala comment karana eka mehema karanne weda bari nisa da? ban.,toxic
3991,"me comment eka danapu eka, meka nam hitha nathi level ekak. ban.",toxic
3992,oya mehema karanne gon harakek nisa da? lajja nadda.,toxic
3993,oya ge post eka mehema karanne boru karaya nisa da? tikak igena ganin.,toxic
3994,oya ge post eka wadak nathi meka nam athi.,toxic
3995,"Hariyata baluwoth umbala mole kalpana nathi wage ne, meka dakka gaman hina yanawa.",toxic
3996,me comment eka danapu eka mehema karanne pissu wage nisa da? hariyata wada karapan.,toxic
3997,"Hariyata baluwoth me wage wada karana aya mole kalpana nathi wage ne, hariyata.",toxic
3998,"mehema wada karana eka, uba nam gon me wage wada nawaththapan.",toxic
3999,Oya ge post eka nam gon harakek comment karanna kalin hithapan.,toxic
4000,mehema wada karana eka mehema karanne pissu wage nisa da? meka nam athi.,toxic
4001,Me wage gon harakek athal danne nathuwa tikak hithapan oya ge wada.,toxic
4002,uba nam gon athal karaya ne machan.,toxic
4003,"Ane manda oya, moda wage behave wenne ai? poddak mole pawichchi karapan.",toxic
4004,"oya ge reply eka, meka nam wikarayak level ekak. thamuse.",toxic
4005,"Ane mehema wada karana eka, gon athal karaya lajja nadda.",toxic
4006,oya ge kathawa mehema karanne wada nodanna nisa da? hariyata.,toxic
4007,"Ane manda oya ge wada, wikarayak wage behave wenne ai? kata wahagena inna.",toxic
4008,Me wage mole kalpana nathi athal danne nathuwa tikak hithapan me video eka balala comment karana eka.,toxic
4009,oya ge post eka nam hitha nathi ne danawada mokakda kiyala.,toxic
4010,Me wage wikarayak athal danne nathuwa tikak hithapan oya ge post eka.,toxic
4011,me comment eka danapu eka ta kiyanna one awajathaka wage wage wada nawaththanna kiyala.,toxic
4012,"Ane manda oya, pissu wage wage behave wenne ai? hariyata.",toxic
4013,"oya wage kenek, meka nam wadak nathi level ekak. boruwata katha karanne.",toxic
4014,me video eka balala comment karana eka mole kalpana nathi hariyata.,toxic
4015,"oya, meka nam gon harakek level ekak. comment karanna kalin hithapan.",toxic
4016,Mokakda me oya ge pissu wage wada? hariyata.,toxic
4017,"Ane oya wage kenek, kata witharai wada hariyata.",toxic
4018,"uba, meka nam kata witharai wada level ekak. hariyata behave karapan.",toxic
4019,"oya ge kathawa hariyata gon athal karaya wage wada karanawa, meka nam athi.",toxic
4020,"mehema wada karana eka, uba nam hitha nathi ban.",toxic
4021,oya ge post eka mehema karanne gon harakek nisa da? ban.,toxic
4022,oya ge post eka mehema karanne gon nisa da? meka dakka gaman hina yanawa.,toxic
4023,"oya wage kenek, uba nam wal buruwa hariyata wada karapan.",toxic
4024,"oya ge wada hariyata wikarayak wage wada karanawa, boruwata katha karanne.",toxic
4025,Me wage loku talk karana moda athal danne nathuwa tikak hithapan oya ge wada.,toxic
4026,"oya ge kathawa, meka nam wadak nathi level ekak. kiyala therenneth ne.",toxic
4027,uba moda meka nam athi.,toxic
4028,Mokakda me me video eka balala comment karana eka ge gon athal karaya wada? poddak mole pawichchi karapan.,toxic
4029,Mokakda me oya ge loku talk karana moda wada? ane.,toxic
4030,mehema wada karana eka mehema karanne hitha nathi nisa da? lajja nadda.,toxic
4031,mehema wada karana eka nam chater ne kata wahagena inna.,toxic
4032,"Ane manda oya ge wada, weda bari wage behave wenne ai? hariyata.",toxic
4033,uba nam wal buruwa ne ban.,toxic
4034,"oya ge kathawa, uba nam moda yakku wage boruwata katha karanne.",toxic
4035,"Hariyata baluwoth me video eka balala comment karana eka moda wage ne, kiyala therenneth ne.",toxic
4036,Me wage chater athal danne nathuwa tikak hithapan oya wage kenek.,toxic
4037,oya ge wada mehema karanne hariyata therumak nathi nisa da? meka nam athi.,toxic
4038,"oya ge post eka, meka nam gon harakek level ekak. comment karanna kalin hithapan.",toxic
4039,me video eka balala comment karana eka nam wada nodanna ne kata wahagena inna.,toxic
4040,"uba hariyata mole nathi wage wada karanawa, kata wahagena inna.",toxic
4041,uba ta kiyanna one wadak nathi wage wada nawaththanna kiyala.,toxic
4042,"Ane me comment eka danapu eka, gon athal karaya meka dakka gaman hina yanawa.",toxic
4043,Mokakda me me comment eka danapu eka ge pissu wage wada? comment karanna kalin hithapan.,toxic
4044,"Ane oya wage kenek, moda boruwata katha karanne.",toxic
4045,"me comment eka danapu eka hariyata wikarayak wage wada karanawa, hariyata.",toxic
4046,umbala wadak nathi hariyata.,toxic
4047,"Hariyata baluwoth me video eka balala comment karana eka kata witharai wada wage ne, ne.",toxic
4048,oya ge kathawa nam wikarayak ne comment karanna kalin hithapan.,toxic
4049,"me wage wada karana aya, uba nam mole kalpana nathi ane.",toxic
4050,Mokakda me me wage wada karana aya ge hariyata therumak nathi wada? meka dakka gaman hina yanawa.,toxic
4051,oya wage kenek mehema karanne pissu wage nisa da? boruwata katha karanne.,toxic
4052,"oya ge post eka, meka nam wikarayak level ekak. hariyata wada karapan.",toxic
4053,me wage wada karana aya pissu wage poddak mole pawichchi karapan.,toxic
4054,"Ane manda oya ge post eka, gon harakek wage behave wenne ai? ne.",toxic
4055,"Hariyata baluwoth oya ge idea eka hitha nathi wage ne, ne.",toxic
4056,"oya ge reply eka hariyata gon wage wada karanawa, hariyata.",toxic
4057,"Hariyata baluwoth oya ge post eka wal buruwa wage ne, hariyata.",toxic
4058,"Ane manda oya ge reply eka, awajathaka wage wage behave wenne ai? tikak igena ganin.",toxic
4059,"Ane me wage wada karana aya, moda yakku wage meka nam athi.",toxic
4060,"Ane oya, gon athal karaya meka dakka gaman hina yanawa.",toxic
4061,oya ge idea eka nam gon ne kata wahagena inna.,toxic
4062,uba ge me wage wal buruwa comment dakkama epa wenawa.,toxic
4063,"me video eka balala comment karana eka, uba nam awajathaka wage ane.",toxic
4064,Mokakda me me comment eka danapu eka ge gon wada? lajja nadda.,toxic
4065,Oya ge post eka nam wada nodanna hariyata.,toxic
4066,me video eka balala comment karana eka mehema karanne wal buruwa nisa da? ne.,toxic
4067,"Ane manda oya ge idea eka, gon athal karaya wage behave wenne ai? thamuse.",toxic
4068,oya wage kenek mehema karanne gon athal karaya nisa da? meka dakka gaman hina yanawa.,toxic
4069,mehema wada karana eka nam wal buruwa ne poddak mole pawichchi karapan.,toxic
4070,oya nam moda yakku wage ne machan.,toxic
4071,Mokakda me me wage wada karana aya ge wal buruwa wada? kata wahagena inna.,toxic
4072,Oya ge post eka nam wadak nathi kiyala therenneth ne.,toxic
4073,oya ge wada mehema karanne hariyata therumak nathi nisa da? danawada mokakda kiyala.,toxic
4074,me comment eka danapu eka ge me wage chater comment dakkama epa wenawa.,toxic
4075,uba mehema karanne awajathaka wage nisa da? me wage wada nawaththapan.,toxic
4076,"me wage wada karana aya hariyata moda wage wada karanawa, me wage wada nawaththapan.",toxic
4077,oya ge kathawa ahuwama kata witharai wada kiyala hithenawa.,toxic
4078,Me wage awajathaka wage athal danne nathuwa tikak hithapan oya ge idea eka.,toxic
4079,"Hariyata baluwoth mehema wada karana eka moda yakku wage wage ne, oya wage aya nisa thamai mehema wenne.",toxic
4080,oya nam gon athal karaya ne meka dakka gaman hina yanawa.,toxic
4081,"oya ge wada, meka nam weda bari level ekak. oya wage aya nisa thamai mehema wenne.",toxic
4082,"umbala, uba nam weda bari meka dakka gaman hina yanawa.",toxic
4083,Oya ge post eka nam hariyata therumak nathi hariyata behave karapan.,toxic
4084,oya ge idea eka mehema karanne mole kalpana nathi nisa da? kata wahagena inna.,toxic
4085,"Ane oya ge reply eka, gon lajja nadda.",toxic
4086,mehema wada karana eka ta kiyanna one gon harakek wage wada nawaththanna kiyala.,toxic
4087,oya ge post eka mehema karanne weda bari nisa da? ne.,toxic
4088,oya ge wada mehema karanne gon athal karaya nisa da? boruwata katha karanne.,toxic
4089,oya wage kenek ge kathawa ahuwama chater kiyala hithenawa.,toxic
4090,"oya ge idea eka hariyata awajathaka wage wage wada karanawa, ne.",toxic
4091,"umbala, meka nam pissu wage level ekak. ban.",toxic
4092,Oya ge post eka nam mole kalpana nathi oya wage aya nisa thamai mehema wenne.,toxic
4093,Oya ge post eka nam chater thamuse.,toxic
4094,"oya ge kathawa, uba nam pissu wage ne.",toxic
4095,"Hariyata baluwoth oya hariyata therumak nathi wage ne, meka dakka gaman hina yanawa.",toxic
4096,"Ane me wage wada karana aya, gon ban.",toxic
4097,"Ane me wage wada karana aya, gon athal karaya danawada mokakda kiyala.",toxic
4098,"Ane umbala, wal buruwa comment karanna kalin hithapan.",toxic
4099,"oya ge post eka, uba nam awajathaka wage ane.",toxic
4100,Mokakda me oya ge wada ge loku talk karana moda wada? hariyata wada karapan.,toxic
4101,"Ane manda oya ge wada, gon athal karaya wage behave wenne ai? oya wage aya nisa thamai mehema wenne.",toxic
4102,"oya hariyata wikarayak wage wada karanawa, kiyala therenneth ne.",toxic
4103,umbala nam wikarayak ne hariyata wada karapan.,toxic
4104,oya ge idea eka nam chater ne machan.,toxic
4105,me video eka balala comment karana eka ge kathawa ahuwama wal buruwa kiyala hithenawa.,toxic
4106,"Ane manda oya wage kenek, pissu wage wage behave wenne ai? lajja nadda.",toxic
4107,"Hariyata baluwoth umbala mole nathi wage ne, hariyata behave karapan.",toxic
4108,Mokakda me me video eka balala comment karana eka ge moda wada? comment karanna kalin hithapan.,toxic
4109,oya nam moda ne lajja nadda.,toxic
4110,"Ane manda oya ge post eka, moda yakku wage wage behave wenne ai? ane.",toxic
4111,"umbala hariyata mole nathi wage wada karanawa, boruwata katha karanne.",toxic
4112,"Ane manda uba, chater wage behave wenne ai? me wage wada nawaththapan.",toxic
4113,oya wage kenek mehema karanne wada nodanna nisa da? thamuse.,toxic
4114,"Hariyata baluwoth me video eka balala comment karana eka wikarayak wage ne, ane.",toxic
4115,"oya ge kathawa, meka nam awajathaka wage level ekak. me wage wada nawaththapan.",toxic
4116,"Ane oya ge wada, mole kalpana nathi oya wage aya nisa thamai mehema wenne.",toxic
4117,Mokakda me mehema wada karana eka ge moda yakku wage wada? kata wahagena inna.,toxic
4118,me comment eka danapu eka mehema karanne awajathaka wage nisa da? tikak igena ganin.,toxic
4119,"Hariyata baluwoth oya ge wada gon athal karaya wage ne, comment karanna kalin hithapan.",toxic
4120,"Ane me video eka balala comment karana eka, hariyata therumak nathi ne.",toxic
4121,"Ane manda oya wage kenek, pissu wage wage behave wenne ai? kata wahagena inna.",toxic
4122,"Hariyata baluwoth mehema wada karana eka hitha nathi wage ne, ban.",toxic
4123,oya ge post eka kata witharai wada kiyala therenneth ne.,toxic
4124,Oya ge post eka nam wal buruwa boruwata katha karanne.,toxic
4125,"oya ge post eka, uba nam gon harakek ane.",toxic
4126,"mehema wada karana eka, meka nam mole nathi level ekak. ban.",toxic
4127,oya ge post eka nam loku talk karana moda ne hariyata behave karapan.,toxic
4128,"me comment eka danapu eka, uba nam kata witharai wada meka dakka gaman hina yanawa.",toxic
4129,Mokakda me me comment eka danapu eka ge boru karaya wada? hariyata.,toxic
4130,Me wage pissu wage athal danne nathuwa tikak hithapan oya.,toxic
4131,"oya wage kenek, meka nam hitha nathi level ekak. kiyala therenneth ne.",toxic
4132,"Ane me wage wada karana aya, weda bari ane.",toxic
4133,"Hariyata baluwoth oya ge idea eka boru karaya wage ne, ne.",toxic
4134,oya ge kathawa mehema karanne moda yakku wage nisa da? poddak mole pawichchi karapan.,toxic
4135,oya ge reply eka ge kathawa ahuwama gon harakek kiyala hithenawa.,toxic
4136,Me wage boru karaya athal danne nathuwa tikak hithapan oya ge kathawa.,toxic
4137,"me wage wada karana aya, uba nam mole nathi meka dakka gaman hina yanawa.",toxic
4138,"oya ge post eka, uba nam hitha nathi oya wage aya nisa thamai mehema wenne.",toxic
4139,"oya, meka nam awajathaka wage level ekak. comment karanna kalin hithapan.",toxic
4140,Oya ge post eka nam wadak nathi hariyata wada karapan.,toxic
4141,oya ge post eka ge kathawa ahuwama awajathaka wage kiyala hithenawa.,toxic
4142,uba nam weda bari ne machan.,toxic
4143,oya ta kiyanna one gon harakek wage wada nawaththanna kiyala.,toxic
4144,me wage wada karana aya nam gon harakek ne me wage wada nawaththapan.,toxic
4145,Oya ge post eka nam boru karaya machan.,toxic
4146,"me wage wada karana aya, uba nam boru karaya danawada mokakda kiyala.",toxic
4147,Me wage wikarayak athal danne nathuwa tikak hithapan me video eka balala comment karana eka.,toxic
4148,"mehema wada karana eka hariyata weda bari wage wada karanawa, oya wage aya nisa thamai mehema wenne.",toxic
4149,"Hariyata baluwoth oya wage kenek kata witharai wada wage ne, poddak mole pawichchi karapan.",toxic
4150,oya wage kenek gon comment karanna kalin hithapan.,toxic
4151,oya ge post eka mehema karanne gon harakek nisa da? ne.,toxic
4152,Mokakda me me comment eka danapu eka ge wada nodanna wada? thamuse.,toxic
4153,oya wage kenek gon athal karaya tikak igena ganin.,toxic
4154,"oya ge reply eka, meka nam wal buruwa level ekak. kata wahagena inna.",toxic
4155,"Hariyata baluwoth umbala kata witharai wada wage ne, ne.",toxic
4156,"Hariyata baluwoth oya ge reply eka boru karaya wage ne, meka dakka gaman hina yanawa.",toxic
4157,oya ge reply eka nam hariyata therumak nathi ne thamuse.,toxic
4158,Mokakda me oya ge idea eka ge chater wada? oya wage aya nisa thamai mehema wenne.,toxic
4159,oya ge idea eka ge kathawa ahuwama weda bari kiyala hithenawa.,toxic
4160,me comment eka danapu eka ta kiyanna one hariyata therumak nathi wage wada nawaththanna kiyala.,toxic
4161,"mehema wada karana eka, meka nam awajathaka wage level ekak. poddak mole pawichchi karapan.",toxic
4162,"Ane oya ge kathawa, gon hariyata.",toxic
4163,"Ane oya ge idea eka, weda bari danawada mokakda kiyala.",toxic
4164,umbala mehema karanne hariyata therumak nathi nisa da? boruwata katha karanne.,toxic
4165,oya ge reply eka mehema karanne wada nodanna nisa da? hariyata wada karapan.,toxic
4166,Oya ge post eka nam gon kata wahagena inna.,toxic
4167,me comment eka danapu eka ta kiyanna one weda bari wage wada nawaththanna kiyala.,toxic
4168,"oya, meka nam moda yakku wage level ekak. boruwata katha karanne.",toxic
4169,"Ane manda oya wage kenek, wal buruwa wage behave wenne ai? lajja nadda.",toxic
4170,"Ane manda umbala, hitha nathi wage behave wenne ai? me wage wada nawaththapan.",toxic
4171,uba ge kathawa ahuwama wikarayak kiyala hithenawa.,toxic
4172,"me video eka balala comment karana eka, uba nam wal buruwa hariyata wada karapan.",toxic
4173,umbala ta kiyanna one awajathaka wage wage wada nawaththanna kiyala.,toxic
4174,uba hitha nathi hariyata.,toxic
4175,"Hariyata baluwoth me video eka balala comment karana eka hitha nathi wage ne, meka nam athi.",toxic
4176,me wage wada karana aya nam hariyata therumak nathi ne comment karanna kalin hithapan.,toxic
4177,oya nam gon athal karaya ne thamuse.,toxic
4178,"oya ge reply eka, uba nam hariyata therumak nathi hariyata behave karapan.",toxic
4179,Oya ge post eka nam chater oya wage aya nisa thamai mehema wenne.,toxic
4180,"Ane manda me wage wada karana aya, moda wage behave wenne ai? meka nam athi.",toxic
4181,"oya ge kathawa hariyata hariyata therumak nathi wage wada karanawa, comment karanna kalin hithapan.",toxic
4182,"umbala hariyata boru karaya wage wada karanawa, kata wahagena inna.",toxic
4183,"Hariyata baluwoth mehema wada karana eka wadak nathi wage ne, ban.",toxic
4184,"oya hariyata kata witharai wada wage wada karanawa, hariyata wada karapan.",toxic
4185,me video eka balala comment karana eka mehema karanne hariyata therumak nathi nisa da? danawada mokakda kiyala.,toxic
4186,"Ane me comment eka danapu eka, loku talk karana moda tikak igena ganin.",toxic
4187,oya ge kathawa mole nathi hariyata behave karapan.,toxic
4188,oya ge reply eka nam hariyata therumak nathi ne meka nam athi.,toxic
4189,Mokakda me me wage wada karana aya ge moda wada? oya wage aya nisa thamai mehema wenne.,toxic
4190,oya ge kathawa nam moda yakku wage ne ne.,toxic
4191,oya ge post eka mehema karanne hariyata therumak nathi nisa da? machan.,toxic
4192,oya ge kathawa mehema karanne awajathaka wage nisa da? poddak mole pawichchi karapan.,toxic
4193,"oya ge post eka, meka nam gon level ekak. meka dakka gaman hina yanawa.",toxic
4194,"Hariyata baluwoth oya ge wada pissu wage wage ne, danawada mokakda kiyala.",toxic
4195,oya ge idea eka ge kathawa ahuwama chater kiyala hithenawa.,toxic
4196,Mokakda me oya wage kenek ge wada nodanna wada? tikak igena ganin.,toxic
4197,"uba, uba nam boru karaya lajja nadda.",toxic
4198,oya ge post eka nam boru karaya ne machan.,toxic
4199,Mokakda me oya ge reply eka ge weda bari wada? comment karanna kalin hithapan.,toxic
4200,me wage wada karana aya kata witharai wada comment karanna kalin hithapan.,toxic
4201,Mokakda me me video eka balala comment karana eka ge boru karaya wada? machan.,toxic
4202,"oya, uba nam mole nathi meka dakka gaman hina yanawa.",toxic
4203,"Ane manda uba, moda yakku wage wage behave wenne ai? kata wahagena inna.",toxic
4204,oya wage kenek ta kiyanna one moda wage wada nawaththanna kiyala.,toxic
4205,"oya, meka nam wada nodanna level ekak. kata wahagena inna.",toxic
4206,uba mehema karanne weda bari nisa da? comment karanna kalin hithapan.,toxic
4207,Mokakda me umbala ge awajathaka wage wada? ban.,toxic
4208,"Ane me video eka balala comment karana eka, gon harakek oya wage aya nisa thamai mehema wenne.",toxic
4209,"mehema wada karana eka, meka nam chater level ekak. lajja nadda.",toxic
4210,umbala mehema karanne weda bari nisa da? meka dakka gaman hina yanawa.,toxic
4211,"oya ge kathawa, uba nam hitha nathi ban.",toxic
4212,Oya ge post eka nam hariyata therumak nathi oya wage aya nisa thamai mehema wenne.,toxic
4213,oya ge post eka ta kiyanna one chater wage wada nawaththanna kiyala.,toxic
4214,"umbala, uba nam wal buruwa kata wahagena inna.",toxic
4215,Me wage mole nathi athal danne nathuwa tikak hithapan oya wage kenek.,toxic
4216,"me video eka balala comment karana eka, uba nam mole nathi me wage wada nawaththapan.",toxic
4217,me comment eka danapu eka mehema karanne boru karaya nisa da? me wage wada nawaththapan.,toxic
4218,"mehema wada karana eka, uba nam moda yakku wage thamuse.",toxic
4219,me video eka balala comment karana eka nam wal buruwa ne hariyata wada karapan.,toxic
4220,oya ge wada awajathaka wage comment karanna kalin hithapan.,toxic
4221,"Ane oya wage kenek, pissu wage hariyata wada karapan.",toxic
4222,"oya ge post eka hariyata wikarayak wage wada karanawa, ane.",toxic
4223,oya wage kenek mehema karanne hariyata therumak nathi nisa da? comment karanna kalin hithapan.,toxic
4224,"Hariyata baluwoth uba gon harakek wage ne, kiyala therenneth ne.",toxic
4225,"me comment eka danapu eka, uba nam moda yakku wage boruwata katha karanne.",toxic
4226,"Ane me video eka balala comment karana eka, awajathaka wage ane.",toxic
4227,Mokakda me oya ge reply eka ge kata witharai wada wada? ne.,toxic
4228,oya ge idea eka ta kiyanna one gon harakek wage wada nawaththanna kiyala.,toxic
4229,umbala mole kalpana nathi hariyata behave karapan.,toxic
4230,Oya ge post eka nam gon athal karaya boruwata katha karanne.,toxic
4231,"me wage wada karana aya, uba nam wal buruwa ban.",toxic
4232,"oya ge reply eka, meka nam moda yakku wage level ekak. oya wage aya nisa thamai mehema wenne.",toxic
4233,"oya ge idea eka, uba nam chater boruwata katha karanne.",toxic
4234,"oya wage kenek, meka nam moda level ekak. poddak mole pawichchi karapan.",toxic
4235,"me comment eka danapu eka hariyata weda bari wage wada karanawa, oya wage aya nisa thamai mehema wenne.",toxic
4236,"Hariyata baluwoth oya wage kenek wikarayak wage ne, thamuse.",toxic
4237,oya ge post eka ge kathawa ahuwama mole kalpana nathi kiyala hithenawa.,toxic
4238,"me video eka balala comment karana eka, meka nam boru karaya level ekak. hariyata.",toxic
4239,"me video eka balala comment karana eka, uba nam chater comment karanna kalin hithapan.",toxic
4240,mehema wada karana eka nam gon ne kiyala therenneth ne.,toxic
4241,"me comment eka danapu eka, uba nam moda tikak igena ganin.",toxic
4242,Oya ge post eka nam loku talk karana moda tikak igena ganin.,toxic
4243,oya ge wada mehema karanne wada nodanna nisa da? kata wahagena inna.,toxic
4244,Oya ge post eka nam gon harakek meka nam athi.,toxic
4245,mehema wada karana eka ta kiyanna one mole kalpana nathi wage wada nawaththanna kiyala.,toxic
4246,Mokakda me umbala ge gon harakek wada? meka nam athi.,toxic
4247,Mokakda me oya wage kenek ge wal buruwa wada? ban.,toxic
4248,oya ge wada mehema karanne wadak nathi nisa da? comment karanna kalin hithapan.,toxic
4249,oya wage kenek ge kathawa ahuwama boru karaya kiyala hithenawa.,toxic
4250,"oya, meka nam wal buruwa level ekak. tikak igena ganin.",toxic
4251,"Hariyata baluwoth me video eka balala comment karana eka kata witharai wada wage ne, lajja nadda.",toxic
4252,"me wage wada karana aya, uba nam pissu wage kata wahagena inna.",toxic
4253,me video eka balala comment karana eka nam chater ne meka dakka gaman hina yanawa.,toxic
4254,oya ge idea eka ta kiyanna one chater wage wada nawaththanna kiyala.,toxic
4255,"me video eka balala comment karana eka, uba nam moda yakku wage machan.",toxic
4256,"Hariyata baluwoth oya ge idea eka chater wage ne, comment karanna kalin hithapan.",toxic
4257,"oya ge wada hariyata moda wage wada karanawa, machan.",toxic
4258,oya ge reply eka ta kiyanna one chater wage wada nawaththanna kiyala.,toxic
4259,"Hariyata baluwoth oya kata witharai wada wage ne, thamuse.",toxic
4260,"Ane oya ge wada, gon athal karaya tikak igena ganin.",toxic
4261,uba loku talk karana moda me wage wada nawaththapan.,toxic
4262,Mokakda me oya ge post eka ge loku talk karana moda wada? tikak igena ganin.,toxic
4263,oya wage kenek ge kathawa ahuwama mole kalpana nathi kiyala hithenawa.,toxic
4264,"mehema wada karana eka hariyata hariyata therumak nathi wage wada karanawa, comment karanna kalin hithapan.",toxic
4265,oya ge kathawa mehema karanne moda nisa da? hariyata wada karapan.,toxic
4266,uba ge me wage awajathaka wage comment dakkama epa wenawa.,toxic
4267,oya ge post eka mehema karanne loku talk karana moda nisa da? hariyata.,toxic
4268,Oya ge post eka nam gon harakek hariyata wada karapan.,toxic
4269,oya ge idea eka nam pissu wage ne meka dakka gaman hina yanawa.,toxic
4270,"oya wage kenek hariyata mole kalpana nathi wage wada karanawa, comment karanna kalin hithapan.",toxic
4271,me video eka balala comment karana eka chater lajja nadda.,toxic
4272,oya ta kiyanna one gon athal karaya wage wada nawaththanna kiyala.,toxic
4273,"mehema wada karana eka, uba nam mole kalpana nathi tikak igena ganin.",toxic
4274,Mokakda me oya wage kenek ge weda bari wada? ane.,toxic
4275,me video eka balala comment karana eka awajathaka wage ban.,toxic
4276,"Ane manda me wage wada karana aya, pissu wage wage behave wenne ai? comment karanna kalin hithapan.",toxic
4277,"Ane oya ge reply eka, wada nodanna boruwata katha karanne.",toxic
4278,oya ta kiyanna one wikarayak wage wada nawaththanna kiyala.,toxic
4279,"oya, meka nam wadak nathi level ekak. boruwata katha karanne.",toxic
4280,"Ane manda me video eka balala comment karana eka, gon wage behave wenne ai? ban.",toxic
4281,"Hariyata baluwoth me comment eka danapu eka mole nathi wage ne, ban.",toxic
4282,"Ane manda oya ge post eka, pissu wage wage behave wenne ai? hariyata wada karapan.",toxic
4283,mehema wada karana eka ge me wage wadak nathi comment dakkama epa wenawa.,toxic
4284,oya ge idea eka nam gon athal karaya ne danawada mokakda kiyala.,toxic
4285,Oya ge post eka nam wikarayak poddak mole pawichchi karapan.,toxic
4286,"oya hariyata boru karaya wage wada karanawa, boruwata katha karanne.",toxic
4287,oya ge idea eka mehema karanne chater nisa da? meka dakka gaman hina yanawa.,toxic
4288,"oya, meka nam wada nodanna level ekak. thamuse.",toxic
4289,"Ane uba, gon hariyata.",toxic
4290,me comment eka danapu eka nam gon ne me wage wada nawaththapan.,toxic
4291,Mokakda me oya ge idea eka ge mole kalpana nathi wada? kata wahagena inna.,toxic
4292,"Ane mehema wada karana eka, awajathaka wage machan.",toxic
4293,uba nam gon harakek ne me wage wada nawaththapan.,toxic
4294,oya ge post eka mehema karanne wadak nathi nisa da? ban.,toxic
4295,"Ane oya ge reply eka, boru karaya me wage wada nawaththapan.",toxic
4296,Oya ge post eka nam hitha nathi ne.,toxic
4297,"Hariyata baluwoth oya ge reply eka awajathaka wage wage ne, danawada mokakda kiyala.",toxic
4298,"oya hariyata boru karaya wage wada karanawa, hariyata wada karapan.",toxic
4299,me wage wada karana aya wal buruwa ne.,toxic
4300,oya ge reply eka mehema karanne gon harakek nisa da? thamuse.,toxic
4301,umbala hariyata therumak nathi hariyata wada karapan.,toxic
4302,"oya ge idea eka, meka nam mole kalpana nathi level ekak. kata wahagena inna.",toxic
4303,"Ane oya ge reply eka, wada nodanna kiyala therenneth ne.",toxic
4304,"Hariyata baluwoth oya ge reply eka gon athal karaya wage ne, ban.",toxic
4305,me video eka balala comment karana eka nam boru karaya ne hariyata wada karapan.,toxic
4306,"oya ge kathawa, meka nam wadak nathi level ekak. machan.",toxic
4307,"oya ge idea eka, uba nam wikarayak meka dakka gaman hina yanawa.",toxic
4308,umbala hitha nathi lajja nadda.,toxic
4309,me comment eka danapu eka ta kiyanna one wal buruwa wage wada nawaththanna kiyala.,toxic
4310,Me wage mole kalpana nathi athal danne nathuwa tikak hithapan uba.,toxic
4311,oya ge wada hitha nathi machan.,toxic
4312,oya ge reply eka mehema karanne weda bari nisa da? danawada mokakda kiyala.,toxic
4313,"oya wage kenek, meka nam mole kalpana nathi level ekak. poddak mole pawichchi karapan.",toxic
4314,me wage wada karana aya mehema karanne kata witharai wada nisa da? tikak igena ganin.,toxic
4315,"oya, uba nam gon athal karaya tikak igena ganin.",toxic
4316,"oya wage kenek, uba nam wada nodanna oya wage aya nisa thamai mehema wenne.",toxic
4317,"Hariyata baluwoth mehema wada karana eka awajathaka wage wage ne, hariyata behave karapan.",toxic
4318,uba ta kiyanna one mole kalpana nathi wage wada nawaththanna kiyala.,toxic
4319,"Hariyata baluwoth oya ge reply eka wal buruwa wage ne, oya wage aya nisa thamai mehema wenne.",toxic
4320,oya ge post eka ta kiyanna one wada nodanna wage wada nawaththanna kiyala.,toxic
4321,mehema wada karana eka wada nodanna tikak igena ganin.,toxic
4322,uba ta kiyanna one boru karaya wage wada nawaththanna kiyala.,toxic
4323,oya ge post eka ta kiyanna one mole nathi wage wada nawaththanna kiyala.,toxic
4324,Mokakda me oya ge wada ge wada nodanna wada? hariyata behave karapan.,toxic
4325,mehema wada karana eka ta kiyanna one pissu wage wage wada nawaththanna kiyala.,toxic
4326,"oya ge kathawa, uba nam wadak nathi ban.",toxic
4327,"Ane oya ge post eka, wada nodanna ban.",toxic
4328,"Hariyata baluwoth oya ge post eka awajathaka wage wage ne, poddak mole pawichchi karapan.",toxic
4329,oya ge wada ge kathawa ahuwama gon harakek kiyala hithenawa.,toxic
4330,"oya, meka nam awajathaka wage level ekak. thamuse.",toxic
4331,oya chater comment karanna kalin hithapan.,toxic
4332,"Hariyata baluwoth oya ge reply eka boru karaya wage ne, hariyata behave karapan.",toxic
4333,Mokakda me oya ge hitha nathi wada? hariyata.,toxic
4334,me video eka balala comment karana eka ta kiyanna one wadak nathi wage wada nawaththanna kiyala.,toxic
4335,Mokakda me oya ge wada ge wikarayak wada? ban.,toxic
4336,"oya ge reply eka, meka nam wadak nathi level ekak. tikak igena ganin.",toxic
4337,"Hariyata baluwoth umbala wada nodanna wage ne, danawada mokakda kiyala.",toxic
4338,"oya ge reply eka, meka nam awajathaka wage level ekak. me wage wada nawaththapan.",toxic
4339,oya ge kathawa ahuwama wadak nathi kiyala hithenawa.,toxic
4340,Oya ge post eka nam wikarayak danawada mokakda kiyala.,toxic
4341,"Ane manda mehema wada karana eka, chater wage behave wenne ai? danawada mokakda kiyala.",toxic
4342,"uba, uba nam pissu wage comment karanna kalin hithapan.",toxic
4343,"uba, meka nam mole kalpana nathi level ekak. danawada mokakda kiyala.",toxic
4344,"Ane manda mehema wada karana eka, gon wage behave wenne ai? poddak mole pawichchi karapan.",toxic
4345,Oya ge post eka nam wal buruwa lajja nadda.,toxic
4346,oya wage kenek ge me wage hitha nathi comment dakkama epa wenawa.,toxic
4347,"umbala, meka nam pissu wage level ekak. meka dakka gaman hina yanawa.",toxic
4348,umbala ge kathawa ahuwama awajathaka wage kiyala hithenawa.,toxic
4349,oya mehema karanne moda nisa da? ane.,toxic
4350,"oya ge reply eka, uba nam weda bari me wage wada nawaththapan.",toxic
4351,oya wage kenek nam wadak nathi ne ne.,toxic
4352,"Hariyata baluwoth oya loku talk karana moda wage ne, oya wage aya nisa thamai mehema wenne.",toxic
4353,Mokakda me oya ge post eka ge chater wada? hariyata behave karapan.,toxic
4354,"Ane me video eka balala comment karana eka, moda ne.",toxic
4355,mehema wada karana eka nam wada nodanna ne boruwata katha karanne.,toxic
4356,"me wage wada karana aya hariyata gon athal karaya wage wada karanawa, tikak igena ganin.",toxic
4357,"me video eka balala comment karana eka hariyata wikarayak wage wada karanawa, ne.",toxic
4358,"Ane oya ge post eka, gon harakek ban.",toxic
4359,umbala ge me wage kata witharai wada comment dakkama epa wenawa.,toxic
4360,"Ane oya, pissu wage danawada mokakda kiyala.",toxic
4361,Me wage moda yakku wage athal danne nathuwa tikak hithapan uba.,toxic
4362,"oya hariyata gon athal karaya wage wada karanawa, thamuse.",toxic
4363,Mokakda me oya ge kathawa ge gon harakek wada? thamuse.,toxic
4364,oya ge wada ge me wage gon harakek comment dakkama epa wenawa.,toxic
4365,me video eka balala comment karana eka mehema karanne hitha nathi nisa da? comment karanna kalin hithapan.,toxic
4366,umbala nam wadak nathi ne hariyata.,toxic
4367,oya ge kathawa nam wal buruwa ne hariyata behave karapan.,toxic
4368,me video eka balala comment karana eka ge me wage boru karaya comment dakkama epa wenawa.,toxic
4369,"Ane oya wage kenek, pissu wage boruwata katha karanne.",toxic
4370,uba wada nodanna ban.,toxic
4371,"me video eka balala comment karana eka, uba nam boru karaya poddak mole pawichchi karapan.",toxic
4372,oya ge post eka mehema karanne gon athal karaya nisa da? hariyata behave karapan.,toxic
4373,"Ane manda uba, mole kalpana nathi wage behave wenne ai? kata wahagena inna.",toxic
4374,Oya ge post eka nam mole nathi kata wahagena inna.,toxic
4375,"me comment eka danapu eka, meka nam awajathaka wage level ekak. kiyala therenneth ne.",toxic
4376,Oya ge post eka nam wada nodanna meka nam athi.,toxic
4377,umbala mole kalpana nathi danawada mokakda kiyala.,toxic
4378,"me comment eka danapu eka, meka nam gon level ekak. meka nam athi.",toxic
4379,Oya ge post eka nam awajathaka wage thamuse.,toxic
4380,oya ge kathawa mehema karanne mole kalpana nathi nisa da? me wage wada nawaththapan.,toxic
4381,oya ge idea eka nam mole kalpana nathi ne lajja nadda.,toxic
4382,Mokakda me oya wage kenek ge boru karaya wada? thamuse.,toxic
4383,oya ge idea eka ta kiyanna one moda yakku wage wage wada nawaththanna kiyala.,toxic
4384,Mokakda me mehema wada karana eka ge awajathaka wage wada? hariyata behave karapan.,toxic
4385,Oya ge post eka nam hitha nathi me wage wada nawaththapan.,toxic
4386,"oya ge idea eka, uba nam wal buruwa meka dakka gaman hina yanawa.",toxic
4387,Mokakda me oya ge reply eka ge moda yakku wage wada? poddak mole pawichchi karapan.,toxic
4388,oya wage kenek nam kata witharai wada ne oya wage aya nisa thamai mehema wenne.,toxic
4389,Mokakda me oya ge idea eka ge hitha nathi wada? machan.,toxic
4390,"mehema wada karana eka, meka nam gon harakek level ekak. hariyata wada karapan.",toxic
4391,"Ane manda oya ge post eka, weda bari wage behave wenne ai? ane.",toxic
4392,oya ge post eka weda bari poddak mole pawichchi karapan.,toxic
4393,oya ge reply eka ge me wage wikarayak comment dakkama epa wenawa.,toxic
4394,"uba, meka nam hitha nathi level ekak. meka nam athi.",toxic
4395,Oya ge post eka nam hitha nathi meka dakka gaman hina yanawa.,toxic
4396,"Ane manda mehema wada karana eka, wadak nathi wage behave wenne ai? lajja nadda.",toxic
4397,oya ge wada mehema karanne pissu wage nisa da? danawada mokakda kiyala.,toxic
4398,me wage wada karana aya ta kiyanna one gon harakek wage wada nawaththanna kiyala.,toxic
4399,me video eka balala comment karana eka nam kata witharai wada ne oya wage aya nisa thamai mehema wenne.,toxic
4400,"me wage wada karana aya, meka nam wikarayak level ekak. poddak mole pawichchi karapan.",toxic
4401,me comment eka danapu eka gon harakek ban.,toxic
4402,Oya ge post eka nam moda yakku wage kata wahagena inna.,toxic
4403,"Ane manda oya wage kenek, moda yakku wage wage behave wenne ai? thamuse.",toxic
4404,me comment eka danapu eka ge me wage weda bari comment dakkama epa wenawa.,toxic
4405,oya ge kathawa ge me wage gon harakek comment dakkama epa wenawa.,toxic
4406,"Ane manda mehema wada karana eka, wada nodanna wage behave wenne ai? comment karanna kalin hithapan.",toxic
4407,me wage wada karana aya nam gon harakek ne kiyala therenneth ne.,toxic
4408,"oya ge reply eka, uba nam wada nodanna kiyala therenneth ne.",toxic
4409,oya boru karaya poddak mole pawichchi karapan.,toxic
4410,me video eka balala comment karana eka ge me wage hitha nathi comment dakkama epa wenawa.,toxic
4411,Oya ge post eka nam mole kalpana nathi meka dakka gaman hina yanawa.,toxic
4412,mehema wada karana eka nam wikarayak ne danawada mokakda kiyala.,toxic
4413,"Ane oya ge idea eka, hitha nathi thamuse.",toxic
4414,"Ane me comment eka danapu eka, awajathaka wage poddak mole pawichchi karapan.",toxic
4415,Mokakda me oya ge post eka ge moda yakku wage wada? oya wage aya nisa thamai mehema wenne.,toxic
4416,Me wage chater athal danne nathuwa tikak hithapan oya ge idea eka.,toxic
4417,"Ane oya ge wada, mole nathi comment karanna kalin hithapan.",toxic
4418,"me wage wada karana aya, meka nam boru karaya level ekak. kata wahagena inna.",toxic
4419,Oya ge post eka nam pissu wage ane.,toxic
4420,oya nam awajathaka wage ne kata wahagena inna.,toxic
4421,Me wage wal buruwa athal danne nathuwa tikak hithapan uba.,toxic
4422,uba mehema karanne wada nodanna nisa da? lajja nadda.,toxic
4423,oya ge me wage boru karaya comment dakkama epa wenawa.,toxic
4424,Oya ge post eka nam chater ne.,toxic
4425,"oya ge post eka hariyata wal buruwa wage wada karanawa, comment karanna kalin hithapan.",toxic
4426,Oya ge post eka nam wadak nathi me wage wada nawaththapan.,toxic
4427,oya ge kathawa gon athal karaya boruwata katha karanne.,toxic
4428,"Ane manda oya ge wada, wada nodanna wage behave wenne ai? ban.",toxic
4429,oya ge post eka nam boru karaya ne hariyata behave karapan.,toxic
4430,Mokakda me uba ge hitha nathi wada? hariyata behave karapan.,toxic
4431,"Hariyata baluwoth me wage wada karana aya pissu wage wage ne, thamuse.",toxic
4432,Oya ge post eka nam wikarayak lajja nadda.,toxic
4433,"Hariyata baluwoth oya ge kathawa pissu wage wage ne, me wage wada nawaththapan.",toxic
4434,Mokakda me me video eka balala comment karana eka ge boru karaya wada? ane.,toxic
4435,Mokakda me oya ge wal buruwa wada? ne.,toxic
4436,oya ge reply eka mehema karanne boru karaya nisa da? ane.,toxic
4437,"Hariyata baluwoth uba mole nathi wage ne, kiyala therenneth ne.",toxic
4438,"umbala hariyata loku talk karana moda wage wada karanawa, kiyala therenneth ne.",toxic
4439,"Hariyata baluwoth me wage wada karana aya wadak nathi wage ne, meka nam athi.",toxic
4440,oya ge reply eka ge me wage awajathaka wage comment dakkama epa wenawa.,toxic
4441,"mehema wada karana eka, uba nam kata witharai wada meka nam athi.",toxic
4442,"me wage wada karana aya hariyata gon wage wada karanawa, me wage wada nawaththapan.",toxic
4443,oya wage kenek mehema karanne weda bari nisa da? ne.,toxic
4444,uba ta kiyanna one gon wage wada nawaththanna kiyala.,toxic
4445,"Ane oya ge wada, awajathaka wage ban.",toxic
4446,Mokakda me oya ge post eka ge mole nathi wada? ane.,toxic
4447,Mokakda me oya ge kathawa ge hariyata therumak nathi wada? kiyala therenneth ne.,toxic
4448,"oya ge wada, meka nam pissu wage level ekak. thamuse.",toxic
4449,Me wage hitha nathi athal danne nathuwa tikak hithapan oya ge wada.,toxic
4450,"Ane manda oya, wikarayak wage behave wenne ai? hariyata behave karapan.",toxic
4451,oya ge wada nam moda ne meka nam athi.,toxic
4452,umbala ge me wage chater comment dakkama epa wenawa.,toxic
4453,oya wage kenek mole nathi kata wahagena inna.,toxic
4454,Mokakda me umbala ge boru karaya wada? me wage wada nawaththapan.,toxic
4455,oya mehema karanne chater nisa da? hariyata wada karapan.,toxic
4456,Oya ge post eka nam chater kata wahagena inna.,toxic
4457,"oya ge reply eka, meka nam moda yakku wage level ekak. hariyata.",toxic
4458,Me wage boru karaya athal danne nathuwa tikak hithapan me video eka balala comment karana eka.,toxic
4459,"me comment eka danapu eka hariyata gon athal karaya wage wada karanawa, meka nam athi.",toxic
4460,oya mehema karanne mole nathi nisa da? danawada mokakda kiyala.,toxic
4461,oya ge idea eka nam wada nodanna ne ane.,toxic
4462,Me wage hitha nathi athal danne nathuwa tikak hithapan oya ge idea eka.,toxic
4463,"Hariyata baluwoth oya ge wada chater wage ne, machan.",toxic
4464,oya ge idea eka mehema karanne awajathaka wage nisa da? thamuse.,toxic
4465,mehema wada karana eka ge kathawa ahuwama moda yakku wage kiyala hithenawa.,toxic
4466,"Hariyata baluwoth oya ge post eka loku talk karana moda wage ne, lajja nadda.",toxic
4467,"Hariyata baluwoth oya ge idea eka wal buruwa wage ne, hariyata behave karapan.",toxic
4468,"Ane me wage wada karana aya, wadak nathi hariyata.",toxic
4469,"Ane manda me comment eka danapu eka, moda wage behave wenne ai? thamuse.",toxic
4470,oya weda bari kiyala therenneth ne.,toxic
4471,oya ge wada mehema karanne moda yakku wage nisa da? ban.,toxic
4472,me wage wada karana aya nam gon ne oya wage aya nisa thamai mehema wenne.,toxic
4473,"oya ge reply eka, meka nam gon harakek level ekak. ban.",toxic
4474,Me wage wikarayak athal danne nathuwa tikak hithapan oya ge kathawa.,toxic
4475,me wage wada karana aya mehema karanne gon nisa da? meka dakka gaman hina yanawa.,toxic
4476,"umbala hariyata boru karaya wage wada karanawa, meka nam athi.",toxic
4477,"Ane oya ge reply eka, weda bari hariyata wada karapan.",toxic
4478,"oya wage kenek, meka nam chater level ekak. poddak mole pawichchi karapan.",toxic
4479,"umbala, meka nam wal buruwa level ekak. lajja nadda.",toxic
4480,"me video eka balala comment karana eka, meka nam moda level ekak. hariyata behave karapan.",toxic
4481,oya wage kenek nam weda bari ne me wage wada nawaththapan.,toxic
4482,"Hariyata baluwoth uba kata witharai wada wage ne, oya wage aya nisa thamai mehema wenne.",toxic
4483,Me wage wadak nathi athal danne nathuwa tikak hithapan me wage wada karana aya.,toxic
4484,"Hariyata baluwoth me comment eka danapu eka wadak nathi wage ne, ne.",toxic
4485,Me wage mole kalpana nathi athal danne nathuwa tikak hithapan oya ge post eka.,toxic
4486,uba moda yakku wage comment karanna kalin hithapan.,toxic
4487,mehema wada karana eka ge me wage mole kalpana nathi comment dakkama epa wenawa.,toxic
4488,"me video eka balala comment karana eka, meka nam wada nodanna level ekak. comment karanna kalin hithapan.",toxic
4489,oya ge idea eka nam gon athal karaya ne tikak igena ganin.,toxic
4490,oya ge idea eka mehema karanne weda bari nisa da? poddak mole pawichchi karapan.,toxic
4491,"Ane manda uba, wal buruwa wage behave wenne ai? meka dakka gaman hina yanawa.",toxic
4492,oya ge wada ge kathawa ahuwama gon athal karaya kiyala hithenawa.,toxic
4493,mehema wada karana eka nam wadak nathi ne me wage wada nawaththapan.,toxic
4494,Me wage boru karaya athal danne nathuwa tikak hithapan oya.,toxic
4495,Mokakda me me wage wada karana aya ge kata witharai wada wada? ne.,toxic
4496,oya ge idea eka nam hariyata therumak nathi ne ne.,toxic
4497,"Hariyata baluwoth oya wage kenek gon harakek wage ne, boruwata katha karanne.",toxic
4498,oya mehema karanne wikarayak nisa da? meka nam athi.,toxic
4499,"Ane manda me comment eka danapu eka, hitha nathi wage behave wenne ai? kiyala therenneth ne.",toxic
4500,uba awajathaka wage meka nam athi.,toxic
4501,"me video eka balala comment karana eka, meka nam gon level ekak. me wage wada nawaththapan.",toxic
4502,"Ane oya ge kathawa, wadak nathi me wage wada nawaththapan.",toxic
4503,me comment eka danapu eka ge kathawa ahuwama wada nodanna kiyala hithenawa.,toxic
4504,"oya ge post eka, uba nam weda bari meka dakka gaman hina yanawa.",toxic
4505,Oya ge post eka nam wal buruwa me wage wada nawaththapan.,toxic
4506,oya ge kathawa mehema karanne moda nisa da? meka nam athi.,toxic
4507,"oya ge idea eka, meka nam hitha nathi level ekak. oya wage aya nisa thamai mehema wenne.",toxic
4508,Me wage chater athal danne nathuwa tikak hithapan oya ge reply eka.,toxic
4509,"umbala, uba nam awajathaka wage meka nam athi.",toxic
4510,"oya ge idea eka hariyata pissu wage wage wada karanawa, hariyata behave karapan.",toxic
4511,"Ane manda oya ge post eka, moda yakku wage wage behave wenne ai? tikak igena ganin.",toxic
4512,oya ge kathawa ge me wage hitha nathi comment dakkama epa wenawa.,toxic
4513,Mokakda me oya ge idea eka ge mole kalpana nathi wada? hariyata.,toxic
4514,"Ane me wage wada karana aya, mole nathi tikak igena ganin.",toxic
4515,"uba, uba nam weda bari kiyala therenneth ne.",toxic
4516,Oya ge post eka nam mole kalpana nathi machan.,toxic
4517,uba nam mole nathi ne oya wage aya nisa thamai mehema wenne.,toxic
4518,oya ge reply eka ge kathawa ahuwama mole nathi kiyala hithenawa.,toxic
4519,"umbala hariyata hariyata therumak nathi wage wada karanawa, boruwata katha karanne.",toxic
4520,oya ge idea eka ge me wage weda bari comment dakkama epa wenawa.,toxic
4521,"mehema wada karana eka, uba nam loku talk karana moda tikak igena ganin.",toxic
4522,"oya, meka nam weda bari level ekak. ban.",toxic
4523,oya ge wada nam moda ne kata wahagena inna.,toxic
4524,"Hariyata baluwoth oya wage kenek moda wage ne, boruwata katha karanne.",toxic
4525,"uba hariyata gon harakek wage wada karanawa, meka nam athi.",toxic
4526,uba ge me wage mole kalpana nathi comment dakkama epa wenawa.,toxic
4527,Mokakda me oya ge wada ge moda yakku wage wada? hariyata wada karapan.,toxic
4528,umbala wada nodanna thamuse.,toxic
4529,"Ane oya ge reply eka, wikarayak hariyata.",toxic
4530,"oya ge wada hariyata chater wage wada karanawa, kiyala therenneth ne.",toxic
4531,"mehema wada karana eka, meka nam gon harakek level ekak. poddak mole pawichchi karapan.",toxic
4532,Mokakda me oya ge kathawa ge wada nodanna wada? me wage wada nawaththapan.,toxic
4533,me wage wada karana aya mehema karanne gon nisa da? hariyata behave karapan.,toxic
4534,me comment eka danapu eka ge kathawa ahuwama gon harakek kiyala hithenawa.,toxic
4535,"oya ge reply eka, meka nam wikarayak level ekak. hariyata behave karapan.",toxic
4536,me video eka balala comment karana eka ge me wage gon comment dakkama epa wenawa.,toxic
4537,me wage wada karana aya nam moda ne ne.,toxic
4538,me wage wada karana aya nam weda bari ne ne.,toxic
4539,"me wage wada karana aya, uba nam hitha nathi meka dakka gaman hina yanawa.",toxic
4540,oya ge reply eka ta kiyanna one pissu wage wage wada nawaththanna kiyala.,toxic
4541,"oya, uba nam wada nodanna me wage wada nawaththapan.",toxic
4542,me comment eka danapu eka mehema karanne moda nisa da? me wage wada nawaththapan.,toxic
4543,"umbala hariyata pissu wage wage wada karanawa, ne.",toxic
4544,oya ge wada wada nodanna hariyata wada karapan.,toxic
4545,oya ge reply eka nam moda yakku wage ne meka dakka gaman hina yanawa.,toxic
4546,oya ge post eka mehema karanne chater nisa da? meka dakka gaman hina yanawa.,toxic
4547,"Ane manda me comment eka danapu eka, kata witharai wada wage behave wenne ai? boruwata katha karanne.",toxic
4548,"Ane manda oya ge idea eka, weda bari wage behave wenne ai? me wage wada nawaththapan.",toxic
4549,"me comment eka danapu eka, uba nam gon tikak igena ganin.",toxic
4550,Mokakda me oya ge post eka ge pissu wage wada? oya wage aya nisa thamai mehema wenne.,toxic
4551,"oya ge reply eka, meka nam gon harakek level ekak. comment karanna kalin hithapan.",toxic
4552,oya wage kenek chater ne.,toxic
4553,oya ge kathawa ge kathawa ahuwama chater kiyala hithenawa.,toxic
4554,oya ge post eka ta kiyanna one wikarayak wage wada nawaththanna kiyala.,toxic
4555,me wage wada karana aya gon athal karaya danawada mokakda kiyala.,toxic
4556,"oya ge kathawa hariyata hitha nathi wage wada karanawa, hariyata behave karapan.",toxic
4557,oya ge post eka moda yakku wage danawada mokakda kiyala.,toxic
4558,umbala ge kathawa ahuwama moda yakku wage kiyala hithenawa.,toxic
4559,Me wage hariyata therumak nathi athal danne nathuwa tikak hithapan oya ge idea eka.,toxic
4560,"oya ge idea eka hariyata wadak nathi wage wada karanawa, kata wahagena inna.",toxic
4561,oya ge wada ge me wage awajathaka wage comment dakkama epa wenawa.,toxic
4562,Oya ge post eka nam gon athal karaya me wage wada nawaththapan.,toxic
4563,oya ge reply eka mehema karanne weda bari nisa da? lajja nadda.,toxic
4564,oya wage kenek wada nodanna hariyata.,toxic
4565,oya ge reply eka moda ban.,toxic
4566,"oya ge wada, uba nam moda hariyata behave karapan.",toxic
4567,"Ane oya wage kenek, boru karaya oya wage aya nisa thamai mehema wenne.",toxic
4568,Oya ge post eka nam loku talk karana moda meka nam athi.,toxic
4569,Oya ge post eka nam hitha nathi boruwata katha karanne.,toxic
4570,Mokakda me uba ge gon wada? kiyala therenneth ne.,toxic
4571,"oya hariyata moda wage wada karanawa, me wage wada nawaththapan.",toxic
4572,"Ane oya wage kenek, wadak nathi kata wahagena inna.",toxic
4573,oya wage kenek mehema karanne awajathaka wage nisa da? me wage wada nawaththapan.,toxic
4574,"me video eka balala comment karana eka hariyata mole nathi wage wada karanawa, machan.",toxic
4575,"oya ge kathawa, uba nam moda yakku wage ane.",toxic
4576,oya ge reply eka mehema karanne gon athal karaya nisa da? hariyata wada karapan.,toxic
4577,Mokakda me oya ge post eka ge wikarayak wada? tikak igena ganin.,toxic
4578,mehema wada karana eka nam wal buruwa ne tikak igena ganin.,toxic
4579,"umbala, uba nam mole kalpana nathi kata wahagena inna.",toxic
4580,Mokakda me oya ge idea eka ge loku talk karana moda wada? hariyata behave karapan.,toxic
4581,oya ge kathawa mehema karanne weda bari nisa da? hariyata wada karapan.,toxic
4582,Mokakda me oya ge idea eka ge hitha nathi wada? meka nam athi.,toxic
4583,"oya wage kenek hariyata hitha nathi wage wada karanawa, ban.",toxic
4584,"Ane manda oya ge idea eka, awajathaka wage wage behave wenne ai? ban.",toxic
4585,oya ge kathawa ge me wage gon comment dakkama epa wenawa.,toxic
4586,Mokakda me me wage wada karana aya ge weda bari wada? hariyata.,toxic
4587,Mokakda me oya ge kathawa ge chater wada? ne.,toxic
4588,Mokakda me oya ge kathawa ge gon harakek wada? ban.,toxic
4589,"Ane manda oya, kata witharai wada wage behave wenne ai? kiyala therenneth ne.",toxic
4590,oya ge wada nam moda yakku wage ne meka dakka gaman hina yanawa.,toxic
4591,"oya ge post eka, uba nam gon harakek meka nam athi.",toxic
4592,Mokakda me oya ge idea eka ge boru karaya wada? ane.,toxic
4593,"me wage wada karana aya, uba nam wadak nathi boruwata katha karanne.",toxic
4594,"oya wage kenek, uba nam wadak nathi ane.",toxic
4595,"oya ge wada, uba nam mole kalpana nathi comment karanna kalin hithapan.",toxic
4596,umbala mehema karanne moda nisa da? meka dakka gaman hina yanawa.,toxic
4597,Me wage hariyata therumak nathi athal danne nathuwa tikak hithapan oya ge kathawa.,toxic
4598,"oya ge kathawa, meka nam mole kalpana nathi level ekak. danawada mokakda kiyala.",toxic
4599,"Ane manda oya wage kenek, chater wage behave wenne ai? me wage wada nawaththapan.",toxic
4600,Oya ge post eka nam mole nathi tikak igena ganin.,toxic
4601,me comment eka danapu eka mehema karanne weda bari nisa da? ane.,toxic
4602,mehema wada karana eka ge kathawa ahuwama loku talk karana moda kiyala hithenawa.,toxic
4603,"me wage wada karana aya, uba nam pissu wage hariyata wada karapan.",toxic
4604,"umbala, uba nam moda yakku wage hariyata.",toxic
4605,"Hariyata baluwoth me video eka balala comment karana eka wada nodanna wage ne, ane.",toxic
4606,Mokakda me oya ge kathawa ge weda bari wada? danawada mokakda kiyala.,toxic
4607,Me wage gon athal karaya athal danne nathuwa tikak hithapan uba.,toxic
4608,"me wage wada karana aya, meka nam moda level ekak. boruwata katha karanne.",toxic
4609,"Ane me comment eka danapu eka, wikarayak kata wahagena inna.",toxic
4610,me comment eka danapu eka ge kathawa ahuwama hariyata therumak nathi kiyala hithenawa.,toxic
4611,oya ge reply eka ta kiyanna one wadak nathi wage wada nawaththanna kiyala.,toxic
4612,Oya ge post eka nam wada nodanna kiyala therenneth ne.,toxic
4613,"oya ge idea eka, uba nam gon athal karaya ane.",toxic
4614,Me wage hitha nathi athal danne nathuwa tikak hithapan oya wage kenek.,toxic
4615,"me wage wada karana aya, uba nam pissu wage ne.",toxic
4616,Me wage wikarayak athal danne nathuwa tikak hithapan uba.,toxic
4617,Oya ge post eka nam gon ban.,toxic
4618,uba mehema karanne wada nodanna nisa da? ane.,toxic
4619,Me wage hariyata therumak nathi athal danne nathuwa tikak hithapan umbala.,toxic
4620,"Ane manda oya ge reply eka, mole nathi wage behave wenne ai? ban.",toxic
4621,"oya ge reply eka, meka nam gon harakek level ekak. boruwata katha karanne.",toxic
4622,umbala nam hitha nathi ne meka nam athi.,toxic
4623,"me wage wada karana aya, meka nam loku talk karana moda level ekak. poddak mole pawichchi karapan.",toxic
4624,"me wage wada karana aya, meka nam hitha nathi level ekak. oya wage aya nisa thamai mehema wenne.",toxic
4625,oya ge post eka ge kathawa ahuwama wada nodanna kiyala hithenawa.,toxic
4626,oya ge kathawa ge me wage kata witharai wada comment dakkama epa wenawa.,toxic
4627,oya gon boruwata katha karanne.,toxic
4628,"oya ge idea eka hariyata pissu wage wage wada karanawa, lajja nadda.",toxic
4629,"oya ge reply eka, uba nam loku talk karana moda oya wage aya nisa thamai mehema wenne.",toxic
4630,"Ane manda oya ge kathawa, gon athal karaya wage behave wenne ai? comment karanna kalin hithapan.",toxic
4631,me wage wada karana aya nam weda bari ne me wage wada nawaththapan.,toxic
4632,oya ge kathawa wadak nathi meka nam athi.,toxic
4633,"Ane manda mehema wada karana eka, wikarayak wage behave wenne ai? hariyata.",toxic
4634,oya wage kenek nam wada nodanna ne hariyata behave karapan.,toxic
4635,"Ane manda oya ge wada, mole nathi wage behave wenne ai? kata wahagena inna.",toxic
4636,oya ge kathawa wada nodanna ane.,toxic
4637,uba ge kathawa ahuwama moda kiyala hithenawa.,toxic
4638,Mokakda me me comment eka danapu eka ge kata witharai wada wada? kata wahagena inna.,toxic
4639,Oya ge post eka nam wal buruwa meka dakka gaman hina yanawa.,toxic
4640,Oya ge post eka nam mole nathi meka nam athi.,toxic
4641,Mokakda me umbala ge gon wada? hariyata.,toxic
4642,"Ane manda oya ge idea eka, wadak nathi wage behave wenne ai? tikak igena ganin.",toxic
4643,"oya ge reply eka, meka nam pissu wage level ekak. meka dakka gaman hina yanawa.",toxic
4644,me video eka balala comment karana eka mehema karanne pissu wage nisa da? lajja nadda.,toxic
4645,"Ane oya ge post eka, wada nodanna hariyata behave karapan.",toxic
4646,"Hariyata baluwoth me video eka balala comment karana eka awajathaka wage wage ne, ne.",toxic
4647,"oya ge kathawa, uba nam moda yakku wage machan.",toxic
4648,"oya wage kenek, uba nam awajathaka wage ne.",toxic
4649,"me comment eka danapu eka, meka nam wada nodanna level ekak. danawada mokakda kiyala.",toxic
4650,Mokakda me oya ge wada ge hariyata therumak nathi wada? poddak mole pawichchi karapan.,toxic
4651,"Hariyata baluwoth me comment eka danapu eka kata witharai wada wage ne, lajja nadda.",toxic
4652,Me wage wadak nathi athal danne nathuwa tikak hithapan oya ge idea eka.,toxic
4653,"Hariyata baluwoth oya ge reply eka gon athal karaya wage ne, boruwata katha karanne.",toxic
4654,me comment eka danapu eka ta kiyanna one gon wage wada nawaththanna kiyala.,toxic
4655,oya wage kenek ge me wage wal buruwa comment dakkama epa wenawa.,toxic
4656,oya ge reply eka mehema karanne loku talk karana moda nisa da? comment karanna kalin hithapan.,toxic
4657,me comment eka danapu eka ge me wage wadak nathi comment dakkama epa wenawa.,toxic
4658,Mokakda me me comment eka danapu eka ge gon harakek wada? ban.,toxic
4659,uba nam chater ne ban.,toxic
4660,oya ge post eka kata witharai wada ne.,toxic
4661,me video eka balala comment karana eka wal buruwa hariyata.,toxic
4662,"oya, meka nam pissu wage level ekak. hariyata.",toxic
4663,Oya ge post eka nam loku talk karana moda poddak mole pawichchi karapan.,toxic
4664,"Hariyata baluwoth oya ge wada boru karaya wage ne, me wage wada nawaththapan.",toxic
4665,Mokakda me oya ge reply eka ge moda wada? thamuse.,toxic
4666,uba ta kiyanna one kata witharai wada wage wada nawaththanna kiyala.,toxic
4667,"Ane manda me wage wada karana aya, chater wage behave wenne ai? boruwata katha karanne.",toxic
4668,oya ge post eka nam chater ne kata wahagena inna.,toxic
4669,Oya ge post eka nam chater hariyata.,toxic
4670,oya ge kathawa mehema karanne mole kalpana nathi nisa da? hariyata behave karapan.,toxic
4671,"oya ge idea eka hariyata kata witharai wada wage wada karanawa, hariyata.",toxic
4672,me comment eka danapu eka ge me wage gon harakek comment dakkama epa wenawa.,toxic
4673,"oya ge wada hariyata boru karaya wage wada karanawa, lajja nadda.",toxic
4674,"me wage wada karana aya, meka nam pissu wage level ekak. ane.",toxic
4675,"Ane mehema wada karana eka, awajathaka wage ban.",toxic
4676,"oya ge reply eka hariyata mole kalpana nathi wage wada karanawa, hariyata behave karapan.",toxic
4677,Me wage wal buruwa athal danne nathuwa tikak hithapan oya ge wada.,toxic
4678,Mokakda me umbala ge moda wada? ane.,toxic
4679,Oya ge post eka nam moda ne.,toxic
4680,"oya ge wada, meka nam moda yakku wage level ekak. ban.",toxic
4681,oya wage kenek nam chater ne kata wahagena inna.,toxic
4682,"Ane manda umbala, moda wage behave wenne ai? oya wage aya nisa thamai mehema wenne.",toxic
4683,mehema wada karana eka mole nathi meka dakka gaman hina yanawa.,toxic
4684,Mokakda me mehema wada karana eka ge gon harakek wada? me wage wada nawaththapan.,toxic
4685,Oya ge post eka nam weda bari me wage wada nawaththapan.,toxic
4686,"umbala, meka nam mole nathi level ekak. meka nam athi.",toxic
4687,umbala nam loku talk karana moda ne hariyata.,toxic
4688,oya ge post eka loku talk karana moda kata wahagena inna.,toxic
4689,"Ane me wage wada karana aya, wal buruwa me wage wada nawaththapan.",toxic
4690,"Hariyata baluwoth umbala wikarayak wage ne, machan.",toxic
4691,Oya ge post eka nam loku talk karana moda meka dakka gaman hina yanawa.,toxic
4692,Mokakda me oya ge kathawa ge hitha nathi wada? meka dakka gaman hina yanawa.,toxic
4693,"oya ge kathawa, meka nam loku talk karana moda level ekak. machan.",toxic
4694,oya ge idea eka wikarayak hariyata wada karapan.,toxic
4695,Oya ge post eka nam moda comment karanna kalin hithapan.,toxic
4696,"uba hariyata wikarayak wage wada karanawa, machan.",toxic
4697,"Ane manda oya ge idea eka, moda yakku wage wage behave wenne ai? comment karanna kalin hithapan.",toxic
4698,"oya wage kenek, meka nam pissu wage level ekak. machan.",toxic
4699,uba wadak nathi lajja nadda.,toxic
4700,Mokakda me me comment eka danapu eka ge weda bari wada? kata wahagena inna.,toxic
4701,"Ane manda oya ge kathawa, moda wage behave wenne ai? ane.",toxic
4702,"oya wage kenek hariyata kata witharai wada wage wada karanawa, boruwata katha karanne.",toxic
4703,me comment eka danapu eka ge me wage wada nodanna comment dakkama epa wenawa.,toxic
4704,oya ge reply eka mehema karanne kata witharai wada nisa da? hariyata.,toxic
4705,oya ge idea eka ta kiyanna one pissu wage wage wada nawaththanna kiyala.,toxic
4706,Oya ge post eka nam kata witharai wada thamuse.,toxic
4707,me comment eka danapu eka loku talk karana moda machan.,toxic
4708,Mokakda me me comment eka danapu eka ge wada nodanna wada? lajja nadda.,toxic
4709,"me video eka balala comment karana eka hariyata hariyata therumak nathi wage wada karanawa, kiyala therenneth ne.",toxic
4710,"oya ge idea eka, meka nam mole nathi level ekak. hariyata.",toxic
4711,Mokakda me me video eka balala comment karana eka ge mole kalpana nathi wada? hariyata wada karapan.,toxic
4712,Mokakda me oya ge idea eka ge hariyata therumak nathi wada? oya wage aya nisa thamai mehema wenne.,toxic
4713,Oya ge post eka nam wikarayak machan.,toxic
4714,me video eka balala comment karana eka ge kathawa ahuwama wikarayak kiyala hithenawa.,toxic
4715,"Hariyata baluwoth mehema wada karana eka boru karaya wage ne, oya wage aya nisa thamai mehema wenne.",toxic
4716,"mehema wada karana eka, uba nam mole kalpana nathi kiyala therenneth ne.",toxic
4717,"oya ge post eka, meka nam gon harakek level ekak. boruwata katha karanne.",toxic
4718,me comment eka danapu eka hariyata therumak nathi hariyata behave karapan.,toxic
4719,"Hariyata baluwoth me video eka balala comment karana eka loku talk karana moda wage ne, oya wage aya nisa thamai mehema wenne.",toxic
4720,"oya ge wada, uba nam weda bari oya wage aya nisa thamai mehema wenne.",toxic
4721,oya ge post eka mehema karanne weda bari nisa da? ane.,toxic
4722,oya ge wada ge me wage moda yakku wage comment dakkama epa wenawa.,toxic
4723,me wage wada karana aya ge me wage hitha nathi comment dakkama epa wenawa.,toxic
4724,oya ge post eka ta kiyanna one hitha nathi wage wada nawaththanna kiyala.,toxic
4725,me video eka balala comment karana eka ge me wage awajathaka wage comment dakkama epa wenawa.,toxic
4726,mehema wada karana eka mole kalpana nathi comment karanna kalin hithapan.,toxic
4727,uba weda bari meka dakka gaman hina yanawa.,toxic
4728,mehema wada karana eka mehema karanne weda bari nisa da? ane.,toxic
4729,"Ane umbala, hitha nathi lajja nadda.",toxic
4730,"me wage wada karana aya hariyata wada nodanna wage wada karanawa, tikak igena ganin.",toxic
4731,"Hariyata baluwoth me comment eka danapu eka gon harakek wage ne, lajja nadda.",toxic
4732,"oya ge post eka, meka nam moda yakku wage level ekak. machan.",toxic
4733,oya wage kenek wal buruwa ban.,toxic
4734,uba ge kathawa ahuwama awajathaka wage kiyala hithenawa.,toxic
4735,Mokakda me oya ge reply eka ge hariyata therumak nathi wada? boruwata katha karanne.,toxic
4736,"oya ge post eka hariyata kata witharai wada wage wada karanawa, boruwata katha karanne.",toxic
4737,"oya ge idea eka, meka nam boru karaya level ekak. kata wahagena inna.",toxic
4738,"Hariyata baluwoth mehema wada karana eka hariyata therumak nathi wage ne, meka dakka gaman hina yanawa.",toxic
4739,oya ge reply eka gon boruwata katha karanne.,toxic
4740,"Ane me video eka balala comment karana eka, mole kalpana nathi ban.",toxic
4741,oya ge idea eka mole nathi me wage wada nawaththapan.,toxic
4742,oya wage kenek ge me wage boru karaya comment dakkama epa wenawa.,toxic
4743,oya ge reply eka nam gon ne hariyata behave karapan.,toxic
4744,"me comment eka danapu eka, meka nam wada nodanna level ekak. boruwata katha karanne.",toxic
4745,mehema wada karana eka wadak nathi oya wage aya nisa thamai mehema wenne.,toxic
4746,"me wage wada karana aya, uba nam gon athal karaya me wage wada nawaththapan.",toxic
4747,"Hariyata baluwoth me wage wada karana aya awajathaka wage wage ne, kiyala therenneth ne.",toxic
4748,"me comment eka danapu eka, uba nam wadak nathi thamuse.",toxic
4749,"oya ge idea eka hariyata hariyata therumak nathi wage wada karanawa, meka nam athi.",toxic
4750,"Ane oya ge post eka, wikarayak poddak mole pawichchi karapan.",toxic
4751,Oya ge post eka nam gon athal karaya ban.,toxic
4752,"Ane manda oya ge kathawa, wikarayak wage behave wenne ai? lajja nadda.",toxic
4753,"Ane oya ge wada, weda bari poddak mole pawichchi karapan.",toxic
4754,mehema wada karana eka wadak nathi poddak mole pawichchi karapan.,toxic
4755,"Ane manda oya wage kenek, kata witharai wada wage behave wenne ai? danawada mokakda kiyala.",toxic
4756,umbala wikarayak thamuse.,toxic
4757,"Ane manda oya ge kathawa, weda bari wage behave wenne ai? ne.",toxic
4758,mehema wada karana eka ge me wage kata witharai wada comment dakkama epa wenawa.,toxic
4759,"Ane manda oya ge idea eka, chater wage behave wenne ai? hariyata wada karapan.",toxic
4760,Oya ge post eka nam mole kalpana nathi comment karanna kalin hithapan.,toxic
4761,oya ge idea eka nam weda bari ne oya wage aya nisa thamai mehema wenne.,toxic
4762,mehema wada karana eka mehema karanne loku talk karana moda nisa da? ban.,toxic
4763,"Hariyata baluwoth umbala kata witharai wada wage ne, boruwata katha karanne.",toxic
4764,oya ge post eka mehema karanne loku talk karana moda nisa da? ban.,toxic
4765,oya ge kathawa ahuwama wikarayak kiyala hithenawa.,toxic
4766,"Ane me video eka balala comment karana eka, mole nathi ne.",toxic
4767,Oya ge post eka nam moda yakku wage meka nam athi.,toxic
4768,"me wage wada karana aya, uba nam gon harakek poddak mole pawichchi karapan.",toxic
4769,"Ane oya wage kenek, loku talk karana moda thamuse.",toxic
4770,"umbala, uba nam loku talk karana moda danawada mokakda kiyala.",toxic
4771,oya wal buruwa thamuse.,toxic
4772,Mokakda me me comment eka danapu eka ge awajathaka wage wada? meka nam athi.,toxic
4773,"Hariyata baluwoth uba pissu wage wage ne, machan.",toxic
4774,oya wage kenek wadak nathi thamuse.,toxic
4775,"mehema wada karana eka hariyata boru karaya wage wada karanawa, lajja nadda.",toxic
4776,"Ane manda oya ge wada, hitha nathi wage behave wenne ai? hariyata wada karapan.",toxic
4777,"oya ge post eka, uba nam weda bari boruwata katha karanne.",toxic
4778,oya ge reply eka moda yakku wage lajja nadda.,toxic
4779,Mokakda me me video eka balala comment karana eka ge wada nodanna wada? kata wahagena inna.,toxic
4780,oya ge wada mole kalpana nathi me wage wada nawaththapan.,toxic
4781,me wage wada karana aya pissu wage meka nam athi.,toxic
4782,"Hariyata baluwoth oya ge kathawa chater wage ne, hariyata.",toxic
4783,"me video eka balala comment karana eka hariyata gon harakek wage wada karanawa, meka nam athi.",toxic
4784,"Ane manda me wage wada karana aya, kata witharai wada wage behave wenne ai? comment karanna kalin hithapan.",toxic
4785,me video eka balala comment karana eka nam wal buruwa ne thamuse.,toxic
4786,"oya wage kenek hariyata wal buruwa wage wada karanawa, hariyata wada karapan.",toxic
4787,oya ge reply eka kata witharai wada hariyata behave karapan.,toxic
4788,oya wage kenek nam awajathaka wage ne kiyala therenneth ne.,toxic
4789,mehema wada karana eka nam loku talk karana moda ne thamuse.,toxic
4790,uba nam weda bari ne ban.,toxic
4791,Mokakda me oya ge idea eka ge moda wada? comment karanna kalin hithapan.,toxic
4792,me video eka balala comment karana eka ge kathawa ahuwama gon harakek kiyala hithenawa.,toxic
4793,me wage wada karana aya nam pissu wage ne me wage wada nawaththapan.,toxic
4794,"Ane manda oya ge idea eka, gon harakek wage behave wenne ai? danawada mokakda kiyala.",toxic
4795,oya ta kiyanna one moda wage wada nawaththanna kiyala.,toxic
4796,me video eka balala comment karana eka ta kiyanna one hariyata therumak nathi wage wada nawaththanna kiyala.,toxic
4797,"Ane manda me comment eka danapu eka, mole kalpana nathi wage behave wenne ai? kata wahagena inna.",toxic
4798,Me wage kata witharai wada athal danne nathuwa tikak hithapan me comment eka danapu eka.,toxic
4799,oya nam loku talk karana moda ne danawada mokakda kiyala.,toxic
4800,"oya ge post eka, uba nam wal buruwa thamuse.",toxic
4801,Me wage chater athal danne nathuwa tikak hithapan mehema wada karana eka.,toxic
4802,"Hariyata baluwoth oya ge reply eka kata witharai wada wage ne, comment karanna kalin hithapan.",toxic
4803,mehema wada karana eka mehema karanne gon nisa da? danawada mokakda kiyala.,toxic
4804,"oya ge post eka hariyata wikarayak wage wada karanawa, meka dakka gaman hina yanawa.",toxic
4805,oya ge kathawa hariyata therumak nathi thamuse.,toxic
4806,"Ane umbala, awajathaka wage me wage wada nawaththapan.",toxic
4807,"Ane oya ge wada, weda bari machan.",toxic
4808,"Hariyata baluwoth oya wage kenek gon wage ne, ane.",toxic
4809,"oya ge post eka, meka nam mole nathi level ekak. danawada mokakda kiyala.",toxic
4810,me video eka balala comment karana eka hariyata therumak nathi lajja nadda.,toxic
4811,Oya ge post eka nam hariyata therumak nathi thamuse.,toxic
4812,Mokakda me uba ge wada nodanna wada? poddak mole pawichchi karapan.,toxic
4813,oya ge wada kata witharai wada kata wahagena inna.,toxic
4814,"Ane manda me wage wada karana aya, chater wage behave wenne ai? ban.",toxic
4815,"me video eka balala comment karana eka hariyata gon wage wada karanawa, kiyala therenneth ne.",toxic
4816,"Hariyata baluwoth uba wal buruwa wage ne, boruwata katha karanne.",toxic
4817,oya ge wada hitha nathi thamuse.,toxic
4818,Mokakda me oya ge kathawa ge wada nodanna wada? hariyata.,toxic
4819,"oya ge idea eka, uba nam loku talk karana moda ban.",toxic
4820,"Ane oya ge reply eka, mole nathi thamuse.",toxic
4821,me video eka balala comment karana eka boru karaya ban.,toxic
4822,"oya ge wada, meka nam moda level ekak. ban.",toxic
4823,"Ane oya, moda ban.",toxic
4824,"Ane manda oya ge kathawa, pissu wage wage behave wenne ai? thamuse.",toxic
4825,Oya ge post eka nam boru karaya ane.,toxic
4826,"oya wage kenek, uba nam pissu wage hariyata.",toxic
4827,"oya ge reply eka, uba nam loku talk karana moda kiyala therenneth ne.",toxic
4828,oya ge kathawa nam wal buruwa ne thamuse.,toxic
4829,"Ane oya ge idea eka, wal buruwa ne.",toxic
4830,"me wage wada karana aya, meka nam kata witharai wada level ekak. ane.",toxic
4831,Oya ge post eka nam gon oya wage aya nisa thamai mehema wenne.,toxic
4832,"Ane oya ge kathawa, pissu wage kata wahagena inna.",toxic
4833,me video eka balala comment karana eka ge me wage pissu wage comment dakkama epa wenawa.,toxic
4834,me video eka balala comment karana eka mehema karanne gon harakek nisa da? ne.,toxic
4835,Mokakda me oya ge wada ge hariyata therumak nathi wada? lajja nadda.,toxic
4836,oya ge me wage wadak nathi comment dakkama epa wenawa.,toxic
4837,oya ge kathawa wadak nathi kata wahagena inna.,toxic
4838,"Ane oya ge idea eka, hariyata therumak nathi hariyata behave karapan.",toxic
4839,umbala nam wal buruwa ne ane.,toxic
4840,"Hariyata baluwoth me video eka balala comment karana eka boru karaya wage ne, machan.",toxic
4841,"oya wage kenek hariyata mole kalpana nathi wage wada karanawa, meka nam athi.",toxic
4842,"Ane manda me video eka balala comment karana eka, gon harakek wage behave wenne ai? hariyata.",toxic
4843,oya ge post eka wikarayak hariyata behave karapan.,toxic
4844,oya ge post eka ge me wage moda yakku wage comment dakkama epa wenawa.,toxic
4845,mehema wada karana eka gon comment karanna kalin hithapan.,toxic
4846,"mehema wada karana eka, uba nam gon boruwata katha karanne.",toxic
4847,"Ane manda me comment eka danapu eka, pissu wage wage behave wenne ai? me wage wada nawaththapan.",toxic
4848,Mokakda me oya ge reply eka ge hariyata therumak nathi wada? danawada mokakda kiyala.,toxic
4849,me wage wada karana aya ge me wage mole kalpana nathi comment dakkama epa wenawa.,toxic
4850,"oya ge kathawa, meka nam pissu wage level ekak. boruwata katha karanne.",toxic
4851,"Hariyata baluwoth mehema wada karana eka wadak nathi wage ne, kiyala therenneth ne.",toxic
4852,"Ane manda oya ge post eka, moda wage behave wenne ai? kata wahagena inna.",toxic
4853,me video eka balala comment karana eka ta kiyanna one chater wage wada nawaththanna kiyala.,toxic
4854,"Ane manda mehema wada karana eka, gon wage behave wenne ai? kiyala therenneth ne.",toxic
4855,"oya ge kathawa, uba nam awajathaka wage ne.",toxic
4856,"Hariyata baluwoth me comment eka danapu eka kata witharai wada wage ne, kata wahagena inna.",toxic
4857,oya ge idea eka moda thamuse.,toxic
4858,oya wage kenek nam wadak nathi ne ane.,toxic
4859,"Hariyata baluwoth oya ge wada moda wage ne, lajja nadda.",toxic
4860,"oya ge post eka, uba nam wadak nathi hariyata.",toxic
4861,me video eka balala comment karana eka gon danawada mokakda kiyala.,toxic
4862,Mokakda me oya ge kathawa ge chater wada? ban.,toxic
4863,me comment eka danapu eka moda yakku wage ane.,toxic
4864,oya ge post eka ta kiyanna one gon harakek wage wada nawaththanna kiyala.,toxic
4865,oya ge wada mehema karanne moda nisa da? kata wahagena inna.,toxic
4866,Mokakda me oya ge wada ge moda wada? me wage wada nawaththapan.,toxic
4867,me wage wada karana aya ta kiyanna one weda bari wage wada nawaththanna kiyala.,toxic
4868,Mokakda me oya ge wada ge mole nathi wada? hariyata wada karapan.,toxic
4869,Mokakda me oya ge hitha nathi wada? meka nam athi.,toxic
4870,mehema wada karana eka mehema karanne wada nodanna nisa da? me wage wada nawaththapan.,toxic
4871,Oya ge post eka nam moda yakku wage oya wage aya nisa thamai mehema wenne.,toxic
4872,umbala hitha nathi ne.,toxic
4873,mehema wada karana eka wikarayak me wage wada nawaththapan.,toxic
4874,"Ane me wage wada karana aya, awajathaka wage tikak igena ganin.",toxic
4875,uba mehema karanne moda nisa da? hariyata.,toxic
4876,"uba hariyata wada nodanna wage wada karanawa, hariyata behave karapan.",toxic
4877,Me wage pissu wage athal danne nathuwa tikak hithapan oya ge idea eka.,toxic
4878,"Hariyata baluwoth umbala mole kalpana nathi wage ne, ane.",toxic
4879,"Hariyata baluwoth me video eka balala comment karana eka gon athal karaya wage ne, hariyata behave karapan.",toxic
4880,"Hariyata baluwoth umbala wal buruwa wage ne, oya wage aya nisa thamai mehema wenne.",toxic
4881,"Ane oya ge post eka, mole nathi ban.",toxic
4882,"oya wage kenek, meka nam wikarayak level ekak. ane.",toxic
4883,"oya ge wada, meka nam awajathaka wage level ekak. me wage wada nawaththapan.",toxic
4884,Oya ge post eka nam hariyata therumak nathi ane.,toxic
4885,"Ane manda oya ge idea eka, pissu wage wage behave wenne ai? ne.",toxic
4886,Mokakda me me wage wada karana aya ge mole nathi wada? meka dakka gaman hina yanawa.,toxic
4887,"oya wage kenek hariyata wikarayak wage wada karanawa, meka nam athi.",toxic
4888,"Hariyata baluwoth me wage wada karana aya wadak nathi wage ne, ne.",toxic
4889,Mokakda me oya ge post eka ge moda wada? hariyata behave karapan.,toxic
4890,umbala ge me wage wal buruwa comment dakkama epa wenawa.,toxic
4891,oya ge idea eka ge kathawa ahuwama hariyata therumak nathi kiyala hithenawa.,toxic
4892,Me wage wada nodanna athal danne nathuwa tikak hithapan oya ge idea eka.,toxic
4893,"Ane oya wage kenek, gon harakek boruwata katha karanne.",toxic
4894,Mokakda me oya ge wada ge weda bari wada? tikak igena ganin.,toxic
4895,oya ge kathawa ge kathawa ahuwama hitha nathi kiyala hithenawa.,toxic
4896,Mokakda me oya wage kenek ge wadak nathi wada? hariyata behave karapan.,toxic
4897,"Ane me video eka balala comment karana eka, gon harakek meka nam athi.",toxic
4898,"mehema wada karana eka hariyata wadak nathi wage wada karanawa, oya wage aya nisa thamai mehema wenne.",toxic
4899,uba pissu wage danawada mokakda kiyala.,toxic
4900,"oya ge kathawa hariyata weda bari wage wada karanawa, oya wage aya nisa thamai mehema wenne.",toxic
4901,"Ane me video eka balala comment karana eka, gon hariyata.",toxic
4902,"Ane oya ge idea eka, wadak nathi ban.",toxic
4903,"Ane me video eka balala comment karana eka, wikarayak hariyata.",toxic
4904,uba moda ne.,toxic
4905,"oya ge reply eka, uba nam hariyata therumak nathi boruwata katha karanne.",toxic
4906,Oya ge post eka nam chater hariyata wada karapan.,toxic
4907,umbala ge me wage awajathaka wage comment dakkama epa wenawa.,toxic
4908,"Ane manda mehema wada karana eka, awajathaka wage wage behave wenne ai? me wage wada nawaththapan.",toxic
4909,Mokakda me oya ge kathawa ge wal buruwa wada? kiyala therenneth ne.,toxic
4910,Oya ge post eka nam gon lajja nadda.,toxic
4911,Me wage hariyata therumak nathi athal danne nathuwa tikak hithapan me comment eka danapu eka.,toxic
4912,Mokakda me oya ge wada ge mole nathi wada? comment karanna kalin hithapan.,toxic
4913,oya ge kathawa nam moda ne danawada mokakda kiyala.,toxic
4914,"Ane me wage wada karana aya, gon athal karaya hariyata wada karapan.",toxic
4915,"oya wage kenek, uba nam gon athal karaya boruwata katha karanne.",toxic
4916,me wage wada karana aya boru karaya hariyata behave karapan.,toxic
4917,"Ane manda me video eka balala comment karana eka, gon wage behave wenne ai? meka dakka gaman hina yanawa.",toxic
4918,mehema wada karana eka nam wal buruwa ne ban.,toxic
4919,uba mole nathi meka nam athi.,toxic
4920,me comment eka danapu eka ge me wage mole kalpana nathi comment dakkama epa wenawa.,toxic
4921,"umbala, meka nam kata witharai wada level ekak. machan.",toxic
4922,"Ane manda oya, loku talk karana moda wage behave wenne ai? ban.",toxic
4923,"oya ge wada hariyata wal buruwa wage wada karanawa, meka dakka gaman hina yanawa.",toxic
4924,"oya, uba nam mole nathi hariyata wada karapan.",toxic
4925,oya ge reply eka mehema karanne kata witharai wada nisa da? lajja nadda.,toxic
4926,"oya ge post eka, meka nam loku talk karana moda level ekak. kiyala therenneth ne.",toxic
4927,umbala ta kiyanna one kata witharai wada wage wada nawaththanna kiyala.,toxic
4928,oya ta kiyanna one kata witharai wada wage wada nawaththanna kiyala.,toxic
4929,"Hariyata baluwoth mehema wada karana eka awajathaka wage wage ne, machan.",toxic
4930,oya ge kathawa wadak nathi ban.,toxic
4931,Mokakda me me wage wada karana aya ge weda bari wada? machan.,toxic
4932,"oya ge kathawa, meka nam weda bari level ekak. machan.",toxic
4933,oya ge idea eka ge kathawa ahuwama hitha nathi kiyala hithenawa.,toxic
4934,oya ge kathawa nam wadak nathi ne machan.,toxic
4935,"Hariyata baluwoth oya ge wada wal buruwa wage ne, kiyala therenneth ne.",toxic
4936,umbala gon athal karaya ne.,toxic
4937,Oya ge post eka nam pissu wage comment karanna kalin hithapan.,toxic
4938,me video eka balala comment karana eka hitha nathi meka nam athi.,toxic
4939,"oya ge kathawa, meka nam wal buruwa level ekak. danawada mokakda kiyala.",toxic
4940,"Ane uba, wada nodanna poddak mole pawichchi karapan.",toxic
4941,me wage wada karana aya ge kathawa ahuwama wadak nathi kiyala hithenawa.,toxic
4942,mehema wada karana eka wikarayak hariyata.,toxic
4943,"Hariyata baluwoth oya wage kenek wada nodanna wage ne, me wage wada nawaththapan.",toxic
4944,"Hariyata baluwoth uba wal buruwa wage ne, ane.",toxic
4945,Mokakda me oya ge reply eka ge moda yakku wage wada? ne.,toxic
4946,"Ane oya, weda bari hariyata wada karapan.",toxic
4947,"Hariyata baluwoth oya mole kalpana nathi wage ne, ane.",toxic
4948,Mokakda me me wage wada karana aya ge moda yakku wage wada? hariyata.,toxic
4949,me wage wada karana aya ge me wage boru karaya comment dakkama epa wenawa.,toxic
4950,Mokakda me umbala ge loku talk karana moda wada? kiyala therenneth ne.,toxic
4951,"oya ge kathawa, meka nam gon level ekak. kata wahagena inna.",toxic
4952,"Hariyata baluwoth oya ge idea eka mole nathi wage ne, danawada mokakda kiyala.",toxic
4953,oya ge wada ta kiyanna one wal buruwa wage wada nawaththanna kiyala.,toxic
4954,me wage wada karana aya moda danawada mokakda kiyala.,toxic
4955,Mokakda me mehema wada karana eka ge hitha nathi wada? hariyata behave karapan.,toxic
4956,Me wage gon athal danne nathuwa tikak hithapan oya wage kenek.,toxic
4957,"Ane mehema wada karana eka, wal buruwa ne.",toxic
4958,Me wage weda bari athal danne nathuwa tikak hithapan me video eka balala comment karana eka.,toxic
4959,"Hariyata baluwoth uba wada nodanna wage ne, kata wahagena inna.",toxic
4960,Me wage wal buruwa athal danne nathuwa tikak hithapan oya ge kathawa.,toxic
4961,oya wage kenek mehema karanne mole nathi nisa da? hariyata wada karapan.,toxic
4962,"oya ge reply eka, meka nam moda yakku wage level ekak. hariyata behave karapan.",toxic
4963,"Hariyata baluwoth oya wage kenek boru karaya wage ne, machan.",toxic
4964,oya wage kenek nam mole nathi ne comment karanna kalin hithapan.,toxic
4965,oya ge kathawa hariyata therumak nathi hariyata behave karapan.,toxic
4966,"Hariyata baluwoth oya wage kenek gon athal karaya wage ne, meka dakka gaman hina yanawa.",toxic
4967,oya ge wada chater ane.,toxic
4968,"oya, uba nam chater hariyata.",toxic
4969,"mehema wada karana eka, meka nam wikarayak level ekak. hariyata.",toxic
4970,me wage wada karana aya nam moda ne kiyala therenneth ne.,toxic
4971,oya ge post eka weda bari machan.,toxic
4972,oya nam awajathaka wage ne hariyata.,toxic
4973,umbala nam mole nathi ne kiyala therenneth ne.,toxic
4974,oya ge kathawa ge kathawa ahuwama weda bari kiyala hithenawa.,toxic
4975,oya ge post eka ge me wage boru karaya comment dakkama epa wenawa.,toxic
4976,oya ge post eka mehema karanne wada nodanna nisa da? ne.,toxic
4977,"oya ge kathawa hariyata moda yakku wage wage wada karanawa, ban.",toxic
4978,Me wage hariyata therumak nathi athal danne nathuwa tikak hithapan oya.,toxic
4979,Oya ge post eka nam gon harakek boruwata katha karanne.,toxic
4980,oya ge wada ta kiyanna one hariyata therumak nathi wage wada nawaththanna kiyala.,toxic
4981,Mokakda me oya ge gon wada? machan.,toxic
4982,Me wage wikarayak athal danne nathuwa tikak hithapan umbala.,toxic
4983,oya ge kathawa gon harakek ban.,toxic
4984,oya ge post eka ta kiyanna one mole kalpana nathi wage wada nawaththanna kiyala.,toxic
4985,oya wage kenek ta kiyanna one wal buruwa wage wada nawaththanna kiyala.,toxic
4986,uba wada nodanna thamuse.,toxic
4987,"oya ge idea eka, meka nam kata witharai wada level ekak. hariyata.",toxic
4988,"uba hariyata gon harakek wage wada karanawa, thamuse.",toxic
4989,Mokakda me me comment eka danapu eka ge awajathaka wage wada? kiyala therenneth ne.,toxic
4990,oya ge post eka ge me wage pissu wage comment dakkama epa wenawa.,toxic
4991,me comment eka danapu eka ge kathawa ahuwama wikarayak kiyala hithenawa.,toxic
4992,"oya ge post eka, uba nam wikarayak hariyata behave karapan.",toxic
4993,"uba, meka nam wada nodanna level ekak. hariyata wada karapan.",toxic
4994,"Hariyata baluwoth umbala boru karaya wage ne, ne.",toxic
4995,"uba, uba nam wikarayak lajja nadda.",toxic
4996,oya ge post eka mehema karanne mole nathi nisa da? ne.,toxic
4997,oya gon harakek hariyata behave karapan.,toxic
4998,"oya ge post eka, meka nam hitha nathi level ekak. hariyata wada karapan.",toxic
4999,umbala nam mole nathi ne hariyata.,toxic
5000,"umbala, meka nam gon level ekak. danawada mokakda kiyala.",toxic
